target,window_size,prediction_horizon,model,split_seed,train_windows,train_positive_count,train_positive_rate,train_cycle_runs,test_cycle_runs,threshold,test_windows,positive_count,positive_rate,positive_recall,positive_precision,positive_f1,macro_f1,false_positive_rate,tn,fp,fn,tp
System_Failure,5,10,rf_smote,42,2175,176,0.08091954022988505,132,34,0.05,570,25,0.043859649122807015,1.0,0.07142857142857142,0.13333333333333333,0.35424836601307186,0.5963302752293578,220,325,0,25
System_Failure,5,10,rf_smote,42,2175,176,0.08091954022988505,132,34,0.1,570,25,0.043859649122807015,0.88,0.10526315789473684,0.18803418803418803,0.4891605818758137,0.3431192660550459,358,187,3,22
System_Failure,5,10,rf_smote,42,2175,176,0.08091954022988505,132,34,0.15,570,25,0.043859649122807015,0.88,0.15492957746478872,0.2634730538922156,0.568529949351041,0.22018348623853212,425,120,3,22
System_Failure,5,10,rf_smote,42,2175,176,0.08091954022988505,132,34,0.2,570,25,0.043859649122807015,0.8,0.21978021978021978,0.3448275862068966,0.6353044181034483,0.13027522935779817,474,71,5,20
System_Failure,5,10,rf_smote,42,2175,176,0.08091954022988505,132,34,0.3,570,25,0.043859649122807015,0.56,0.358974358974359,0.4375,0.702021375464684,0.045871559633027525,520,25,11,14
System_Failure,5,10,rf_smote,42,2175,176,0.08091954022988505,132,34,0.4,570,25,0.043859649122807015,0.28,0.3181818181818182,0.2978723404255319,0.6338401043390239,0.027522935779816515,530,15,18,7
System_Failure,5,10,rf_smote,42,2175,176,0.08091954022988505,132,34,0.5,570,25,0.043859649122807015,0.12,0.42857142857142855,0.1875,0.5820171480144405,0.007339449541284404,541,4,22,3
System_Failure,5,10,rf_smote,43,2155,176,0.08167053364269142,132,34,0.05,590,25,0.0423728813559322,1.0,0.05924170616113744,0.11185682326621924,0.28512350030978084,0.7026548672566372,168,397,0,25
System_Failure,5,10,rf_smote,43,2155,176,0.08167053364269142,132,34,0.1,590,25,0.0423728813559322,0.96,0.07920792079207921,0.14634146341463414,0.408851482881026,0.49380530973451325,286,279,1,24
System_Failure,5,10,rf_smote,43,2155,176,0.08167053364269142,132,34,0.15,590,25,0.0423728813559322,0.96,0.09917355371900827,0.1797752808988764,0.4699533578645532,0.3858407079646018,347,218,1,24
System_Failure,5,10,rf_smote,43,2155,176,0.08167053364269142,132,34,0.2,590,25,0.0423728813559322,0.88,0.11224489795918367,0.19909502262443438,0.5072638825322381,0.30796460176991153,391,174,3,22
System_Failure,5,10,rf_smote,43,2155,176,0.08167053364269142,132,34,0.3,590,25,0.0423728813559322,0.8,0.1652892561983471,0.273972602739726,0.5857290479849501,0.17876106194690267,464,101,5,20
System_Failure,5,10,rf_smote,43,2155,176,0.08167053364269142,132,34,0.4,590,25,0.0423728813559322,0.48,0.16901408450704225,0.25,0.591789667896679,0.10442477876106195,506,59,13,12
System_Failure,5,10,rf_smote,43,2155,176,0.08167053364269142,132,34,0.5,590,25,0.0423728813559322,0.36,0.2,0.2571428571428571,0.6051480051480052,0.06371681415929203,529,36,16,9
System_Failure,5,10,rf_smote,44,2125,149,0.07011764705882353,132,34,0.05,620,52,0.08387096774193549,0.9807692307692307,0.12944162436548223,0.22869955156950672,0.3977250906462143,0.6038732394366197,225,343,1,51
System_Failure,5,10,rf_smote,44,2125,149,0.07011764705882353,132,34,0.1,620,52,0.08387096774193549,0.8461538461538461,0.15827338129496402,0.26666666666666666,0.5003663003663004,0.4119718309859155,334,234,8,44
System_Failure,5,10,rf_smote,44,2125,149,0.07011764705882353,132,34,0.15,620,52,0.08387096774193549,0.7307692307692307,0.18536585365853658,0.29571984435797666,0.5557948153631186,0.29401408450704225,401,167,14,38
System_Failure,5,10,rf_smote,44,2125,149,0.07011764705882353,132,34,0.2,620,52,0.08387096774193549,0.4807692307692308,0.16556291390728478,0.24630541871921183,0.5493822175563272,0.22183098591549297,442,126,27,25
System_Failure,5,10,rf_smote,44,2125,149,0.07011764705882353,132,34,0.3,620,52,0.08387096774193549,0.17307692307692307,0.10975609756097561,0.13432835820895522,0.5147229494480581,0.12852112676056338,495,73,43,9
System_Failure,5,10,rf_smote,44,2125,149,0.07011764705882353,132,34,0.4,620,52,0.08387096774193549,0.057692307692307696,0.07317073170731707,0.06451612903225806,0.49433304272013945,0.06690140845070422,530,38,49,3
System_Failure,5,10,rf_smote,44,2125,149,0.07011764705882353,132,34,0.5,620,52,0.08387096774193549,0.038461538461538464,0.09523809523809523,0.0547945205479452,0.4978342782688312,0.03345070422535211,549,19,50,2
System_Failure,5,10,rf_smote,45,2217,117,0.05277401894451962,132,34,0.05,528,84,0.1590909090909091,0.5833333333333334,0.16838487972508592,0.2613333333333333,0.42728928046989717,0.545045045045045,202,242,35,49
System_Failure,5,10,rf_smote,45,2217,117,0.05277401894451962,132,34,0.1,528,84,0.1590909090909091,0.47619047619047616,0.22099447513812154,0.3018867924528302,0.5340028146840636,0.31756756756756754,303,141,44,40
System_Failure,5,10,rf_smote,45,2217,117,0.05277401894451962,132,34,0.15,528,84,0.1590909090909091,0.2857142857142857,0.22641509433962265,0.25263157894736843,0.5443296462866172,0.18468468468468469,362,82,60,24
System_Failure,5,10,rf_smote,45,2217,117,0.05277401894451962,132,34,0.2,528,84,0.1590909090909091,0.19047619047619047,0.2909090909090909,0.2302158273381295,0.556765492731224,0.08783783783783784,405,39,68,16
System_Failure,5,10,rf_smote,45,2217,117,0.05277401894451962,132,34,0.3,528,84,0.1590909090909091,0.05952380952380952,0.38461538461538464,0.10309278350515463,0.5061866420132656,0.018018018018018018,436,8,79,5
System_Failure,5,10,rf_smote,45,2217,117,0.05277401894451962,132,34,0.4,528,84,0.1590909090909091,0.03571428571428571,0.6,0.06741573033707865,0.4907916293877741,0.0045045045045045045,442,2,81,3
System_Failure,5,10,rf_smote,45,2217,117,0.05277401894451962,132,34,0.5,528,84,0.1590909090909091,0.03571428571428571,1.0,0.06896551724137931,0.49268709298601476,0.0,444,0,81,3
System_Failure,5,10,rf_smote,46,2169,145,0.06685108344859382,132,34,0.05,576,56,0.09722222222222222,1.0,0.17391304347826086,0.2962962962962963,0.4763135228251507,0.5115384615384615,254,266,0,56
System_Failure,5,10,rf_smote,46,2169,145,0.06685108344859382,132,34,0.1,576,56,0.09722222222222222,0.9107142857142857,0.2350230414746544,0.37362637362637363,0.589543562239808,0.3192307692307692,354,166,5,51
System_Failure,5,10,rf_smote,46,2169,145,0.06685108344859382,132,34,0.15,576,56,0.09722222222222222,0.7321428571428571,0.25,0.37272727272727274,0.6123293015996879,0.23653846153846153,397,123,15,41
System_Failure,5,10,rf_smote,46,2169,145,0.06685108344859382,132,34,0.2,576,56,0.09722222222222222,0.5357142857142857,0.2608695652173913,0.3508771929824561,0.6188636729438275,0.16346153846153846,435,85,26,30
System_Failure,5,10,rf_smote,46,2169,145,0.06685108344859382,132,34,0.3,576,56,0.09722222222222222,0.26785714285714285,0.21739130434782608,0.24,0.5737487828627069,0.10384615384615385,466,54,41,15
System_Failure,5,10,rf_smote,46,2169,145,0.06685108344859382,132,34,0.4,576,56,0.09722222222222222,0.14285714285714285,0.26666666666666666,0.18604651162790697,0.5601902351760548,0.04230769230769231,498,22,48,8
System_Failure,5,10,rf_smote,46,2169,145,0.06685108344859382,132,34,0.5,576,56,0.09722222222222222,0.05357142857142857,0.25,0.08823529411764706,0.5155198610809637,0.01730769230769231,511,9,53,3
System_Failure,5,10,rf_smote,47,2215,177,0.0799097065462754,132,34,0.05,530,24,0.045283018867924525,0.875,0.061764705882352944,0.11538461538461539,0.32637046861184793,0.6304347826086957,187,319,3,21
System_Failure,5,10,rf_smote,47,2215,177,0.0799097065462754,132,34,0.1,530,24,0.045283018867924525,0.7083333333333334,0.08947368421052632,0.1588785046728972,0.47305627361304436,0.34189723320158105,333,173,7,17
System_Failure,5,10,rf_smote,47,2215,177,0.0799097065462754,132,34,0.15,530,24,0.045283018867924525,0.5,0.0975609756097561,0.16326530612244897,0.5142723025683439,0.21936758893280633,395,111,12,12
System_Failure,5,10,rf_smote,47,2215,177,0.0799097065462754,132,34,0.2,530,24,0.045283018867924525,0.4166666666666667,0.10752688172043011,0.17094017094017094,0.534038484197551,0.16403162055335968,423,83,14,10
System_Failure,5,10,rf_smote,47,2215,177,0.0799097065462754,132,34,0.3,530,24,0.045283018867924525,0.16666666666666666,0.0975609756097561,0.12307692307692308,0.5328952454580596,0.07312252964426877,469,37,20,4
System_Failure,5,10,rf_smote,47,2215,177,0.0799097065462754,132,34,0.4,530,24,0.045283018867924525,0.125,0.11538461538461539,0.12,0.5382178217821783,0.045454545454545456,483,23,21,3
System_Failure,5,10,rf_smote,47,2215,177,0.0799097065462754,132,34,0.5,530,24,0.045283018867924525,0.08333333333333333,0.125,0.1,0.5323529411764706,0.02766798418972332,492,14,22,2
System_Failure,5,10,rf_smote,48,2184,156,0.07142857142857142,132,34,0.05,561,45,0.08021390374331551,1.0,0.1226158038147139,0.21844660194174756,0.38246273759059213,0.624031007751938,194,322,0,45
System_Failure,5,10,rf_smote,48,2184,156,0.07142857142857142,132,34,0.1,561,45,0.08021390374331551,0.9777777777777777,0.1685823754789272,0.2875816993464052,0.5102124183006536,0.42054263565891475,299,217,1,44
System_Failure,5,10,rf_smote,48,2184,156,0.07142857142857142,132,34,0.15,561,45,0.08021390374331551,0.7555555555555555,0.18888888888888888,0.3022222222222222,0.5635971757710888,0.28294573643410853,370,146,11,34
System_Failure,5,10,rf_smote,48,2184,156,0.07142857142857142,132,34,0.2,561,45,0.08021390374331551,0.6444444444444445,0.24369747899159663,0.35365853658536583,0.6215056774784866,0.1744186046511628,426,90,16,29
System_Failure,5,10,rf_smote,48,2184,156,0.07142857142857142,132,34,0.3,561,45,0.08021390374331551,0.28888888888888886,0.3333333333333333,0.30952380952380953,0.62682356179466,0.050387596899224806,490,26,32,13
System_Failure,5,10,rf_smote,48,2184,156,0.07142857142857142,132,34,0.4,561,45,0.08021390374331551,0.06666666666666667,0.2,0.1,0.5245762711864407,0.023255813953488372,504,12,42,3
System_Failure,5,10,rf_smote,48,2184,156,0.07142857142857142,132,34,0.5,561,45,0.08021390374331551,0.044444444444444446,0.2857142857142857,0.07692307692307693,0.5160316319194824,0.009689922480620155,511,5,43,2
System_Failure,5,10,rf_smote,49,2161,166,0.07681628875520592,132,34,0.05,584,35,0.059931506849315065,0.9428571428571428,0.08527131782945736,0.15639810426540285,0.33959315400937706,0.644808743169399,195,354,2,33
System_Failure,5,10,rf_smote,49,2161,166,0.07681628875520592,132,34,0.1,584,35,0.059931506849315065,0.6,0.08786610878661087,0.15328467153284672,0.44688842077760904,0.3970856102003643,331,218,14,21
System_Failure,5,10,rf_smote,49,2161,166,0.07681628875520592,132,34,0.15,584,35,0.059931506849315065,0.45714285714285713,0.1032258064516129,0.16842105263157894,0.5034334302012701,0.25318761384335153,410,139,19,16
System_Failure,5,10,rf_smote,49,2161,166,0.07681628875520592,132,34,0.2,584,35,0.059931506849315065,0.3142857142857143,0.0990990990990991,0.1506849315068493,0.5146771037181996,0.18214936247723132,449,100,24,11
System_Failure,5,10,rf_smote,49,2161,166,0.07681628875520592,132,34,0.3,584,35,0.059931506849315065,0.17142857142857143,0.1,0.12631578947368421,0.5244812870947172,0.09836065573770492,495,54,29,6
System_Failure,5,10,rf_smote,49,2161,166,0.07681628875520592,132,34,0.4,584,35,0.059931506849315065,0.11428571428571428,0.11428571428571428,0.11428571428571428,0.5289097059588863,0.056466302367941715,518,31,31,4
System_Failure,5,10,rf_smote,49,2161,166,0.07681628875520592,132,34,0.5,584,35,0.059931506849315065,0.05714285714285714,0.10526315789473684,0.07407407407407407,0.5145953853314715,0.030965391621129327,532,17,33,2
System_Failure,5,10,rf_smote,50,2258,168,0.07440212577502214,132,34,0.05,487,33,0.06776180698151951,0.9696969696969697,0.10158730158730159,0.1839080459770115,0.36511696228563034,0.6233480176211453,171,283,1,32
System_Failure,5,10,rf_smote,50,2258,168,0.07440212577502214,132,34,0.1,487,33,0.06776180698151951,0.9090909090909091,0.15228426395939088,0.2608695652173913,0.5161874707807387,0.36784140969163,287,167,3,30
System_Failure,5,10,rf_smote,50,2258,168,0.07440212577502214,132,34,0.15,487,33,0.06776180698151951,0.6060606060606061,0.1694915254237288,0.26490066225165565,0.5650141221343332,0.21585903083700442,356,98,13,20
System_Failure,5,10,rf_smote,50,2258,168,0.07440212577502214,132,34,0.2,487,33,0.06776180698151951,0.48484848484848486,0.19047619047619047,0.27350427350427353,0.5871605381523701,0.14977973568281938,386,68,17,16
System_Failure,5,10,rf_smote,50,2258,168,0.07440212577502214,132,34,0.3,487,33,0.06776180698151951,0.2727272727272727,0.1875,0.2222222222222222,0.5758367550080876,0.08590308370044053,415,39,24,9
System_Failure,5,10,rf_smote,50,2258,168,0.07440212577502214,132,34,0.4,487,33,0.06776180698151951,0.12121212121212122,0.16666666666666666,0.14035087719298245,0.5434578813445828,0.04405286343612335,434,20,29,4
System_Failure,5,10,rf_smote,50,2258,168,0.07440212577502214,132,34,0.5,487,33,0.06776180698151951,0.06060606060606061,0.18181818181818182,0.09090909090909091,0.5239491691104594,0.019823788546255508,445,9,31,2
System_Failure,5,10,rf_smote,51,2191,165,0.07530807850296668,132,34,0.05,554,36,0.06498194945848375,1.0,0.1016949152542373,0.18461538461538463,0.3708592243411185,0.6138996138996139,200,318,0,36
System_Failure,5,10,rf_smote,51,2191,165,0.07530807850296668,132,34,0.1,554,36,0.06498194945848375,0.8333333333333334,0.13636363636363635,0.234375,0.5021640258215962,0.3667953667953668,328,190,6,30
System_Failure,5,10,rf_smote,51,2191,165,0.07530807850296668,132,34,0.15,554,36,0.06498194945848375,0.5,0.1267605633802817,0.20224719101123595,0.5247795094841126,0.23938223938223938,394,124,18,18
System_Failure,5,10,rf_smote,51,2191,165,0.07530807850296668,132,34,0.2,554,36,0.06498194945848375,0.16666666666666666,0.075,0.10344827586206896,0.4993047830923248,0.14285714285714285,444,74,30,6
System_Failure,5,10,rf_smote,51,2191,165,0.07530807850296668,132,34,0.3,554,36,0.06498194945848375,0.027777777777777776,0.045454545454545456,0.034482758620689655,0.49057471264367813,0.04054054054054054,497,21,35,1
System_Failure,5,10,rf_smote,51,2191,165,0.07530807850296668,132,34,0.4,554,36,0.06498194945848375,0.0,0.0,0.0,0.4793233082706767,0.015444015444015444,510,8,36,0
System_Failure,5,10,rf_smote,51,2191,165,0.07530807850296668,132,34,0.5,554,36,0.06498194945848375,0.0,0.0,0.0,0.4803001876172608,0.011583011583011582,512,6,36,0
System_Failure,5,10,rf_smote,52,2186,118,0.053979871912168347,132,34,0.05,559,83,0.148479427549195,0.9759036144578314,0.22946175637393768,0.37155963302752293,0.48490005111786705,0.5714285714285714,204,272,2,81
System_Failure,5,10,rf_smote,52,2186,118,0.053979871912168347,132,34,0.1,559,83,0.148479427549195,0.891566265060241,0.35071090047393366,0.5034013605442177,0.6631084472624,0.28781512605042014,339,137,9,74
System_Failure,5,10,rf_smote,52,2186,118,0.053979871912168347,132,34,0.15,559,83,0.148479427549195,0.7590361445783133,0.3888888888888889,0.5142857142857142,0.6889870724922271,0.20798319327731093,377,99,20,63
System_Failure,5,10,rf_smote,52,2186,118,0.053979871912168347,132,34,0.2,559,83,0.148479427549195,0.6265060240963856,0.47706422018348627,0.5416666666666666,0.7233171346292296,0.11974789915966387,419,57,31,52
System_Failure,5,10,rf_smote,52,2186,118,0.053979871912168347,132,34,0.3,559,83,0.148479427549195,0.26506024096385544,0.6111111111111112,0.3697478991596639,0.6473364120422944,0.029411764705882353,462,14,61,22
System_Failure,5,10,rf_smote,52,2186,118,0.053979871912168347,132,34,0.4,559,83,0.148479427549195,0.08433734939759036,0.5384615384615384,0.14583333333333334,0.5327992498369211,0.012605042016806723,470,6,76,7
System_Failure,5,10,rf_smote,52,2186,118,0.053979871912168347,132,34,0.5,559,83,0.148479427549195,0.04819277108433735,0.6666666666666666,0.0898876404494382,0.5055852196416287,0.004201680672268907,474,2,79,4
System_Failure,5,10,rf_smote,53,2200,158,0.07181818181818182,132,34,0.05,545,43,0.07889908256880734,0.9534883720930233,0.11081081081081082,0.19854721549636803,0.3548127510273568,0.6553784860557769,173,329,2,41
System_Failure,5,10,rf_smote,53,2200,158,0.07181818181818182,132,34,0.1,545,43,0.07889908256880734,0.7441860465116279,0.14479638009049775,0.24242424242424243,0.5001467459094577,0.37649402390438247,313,189,11,32
System_Failure,5,10,rf_smote,53,2200,158,0.07181818181818182,132,34,0.15,545,43,0.07889908256880734,0.5581395348837209,0.17518248175182483,0.26666666666666666,0.5608058608058608,0.2250996015936255,389,113,19,24
System_Failure,5,10,rf_smote,53,2200,158,0.07181818181818182,132,34,0.2,545,43,0.07889908256880734,0.4418604651162791,0.20212765957446807,0.2773722627737226,0.5867448931916881,0.14940239043824702,427,75,24,19
System_Failure,5,10,rf_smote,53,2200,158,0.07181818181818182,132,34,0.3,545,43,0.07889908256880734,0.27906976744186046,0.24489795918367346,0.2608695652173913,0.5963666463361506,0.07370517928286853,465,37,31,12
System_Failure,5,10,rf_smote,53,2200,158,0.07181818181818182,132,34,0.4,545,43,0.07889908256880734,0.18604651162790697,0.32,0.23529411764705882,0.5922067457119834,0.03386454183266932,485,17,35,8
System_Failure,5,10,rf_smote,53,2200,158,0.07181818181818182,132,34,0.5,545,43,0.07889908256880734,0.11627906976744186,0.4166666666666667,0.18181818181818182,0.5691699604743083,0.013944223107569721,495,7,38,5
System_Failure,5,10,rf_smote,54,2244,140,0.062388591800356503,132,34,0.05,501,61,0.1217564870259481,0.9180327868852459,0.1702127659574468,0.28717948717948716,0.4164655605832076,0.6204545454545455,167,273,5,56
System_Failure,5,10,rf_smote,54,2244,140,0.062388591800356503,132,34,0.1,501,61,0.1217564870259481,0.819672131147541,0.23696682464454977,0.36764705882352944,0.5660153102336825,0.3659090909090909,279,161,11,50
System_Failure,5,10,rf_smote,54,2244,140,0.062388591800356503,132,34,0.15,501,61,0.1217564870259481,0.5409836065573771,0.22602739726027396,0.3188405797101449,0.5707410445720535,0.25681818181818183,327,113,28,33
System_Failure,5,10,rf_smote,54,2244,140,0.062388591800356503,132,34,0.2,501,61,0.1217564870259481,0.32786885245901637,0.18018018018018017,0.23255813953488372,0.5367609974782852,0.20681818181818182,349,91,41,20
System_Failure,5,10,rf_smote,54,2244,140,0.062388591800356503,132,34,0.3,501,61,0.1217564870259481,0.13114754098360656,0.13559322033898305,0.13333333333333333,0.5077097505668935,0.1159090909090909,389,51,53,8
System_Failure,5,10,rf_smote,54,2244,140,0.062388591800356503,132,34,0.4,501,61,0.1217564870259481,0.08196721311475409,0.17857142857142858,0.11235955056179775,0.512915810330187,0.05227272727272727,417,23,56,5
System_Failure,5,10,rf_smote,54,2244,140,0.062388591800356503,132,34,0.5,501,61,0.1217564870259481,0.01639344262295082,0.07142857142857142,0.02666666666666667,0.47395900755124054,0.029545454545454545,427,13,60,1
System_Failure,5,10,rf_smote,55,2225,172,0.07730337078651685,132,34,0.05,520,29,0.05576923076923077,0.9310344827586207,0.07917888563049853,0.14594594594594595,0.33715207745058495,0.639511201629328,177,314,2,27
System_Failure,5,10,rf_smote,55,2225,172,0.07730337078651685,132,34,0.1,520,29,0.05576923076923077,0.5172413793103449,0.06818181818181818,0.12048192771084337,0.4218085997593408,0.4175152749490835,286,205,14,15
System_Failure,5,10,rf_smote,55,2225,172,0.07730337078651685,132,34,0.15,520,29,0.05576923076923077,0.41379310344827586,0.08053691275167785,0.1348314606741573,0.4780885841653849,0.2790224032586558,354,137,17,12
System_Failure,5,10,rf_smote,55,2225,172,0.07730337078651685,132,34,0.2,520,29,0.05576923076923077,0.2413793103448276,0.06306306306306306,0.1,0.48,0.21181262729124237,387,104,22,7
System_Failure,5,10,rf_smote,55,2225,172,0.07730337078651685,132,34,0.3,520,29,0.05576923076923077,0.10344827586206896,0.04054054054054054,0.05825242718446602,0.47736527442467697,0.1446028513238289,420,71,26,3
System_Failure,5,10,rf_smote,55,2225,172,0.07730337078651685,132,34,0.4,520,29,0.05576923076923077,0.034482758620689655,0.02564102564102564,0.029411764705882353,0.4807552650689906,0.07739307535641547,453,38,28,1
System_Failure,5,10,rf_smote,55,2225,172,0.07730337078651685,132,34,0.5,520,29,0.05576923076923077,0.0,0.0,0.0,0.47527749747729564,0.04073319755600815,471,20,29,0
System_Failure,5,10,rf_smote,56,2208,165,0.07472826086956522,132,34,0.05,537,36,0.0670391061452514,1.0,0.10650887573964497,0.1925133689839572,0.3805423987776929,0.6027944111776448,199,302,0,36
System_Failure,5,10,rf_smote,56,2208,165,0.07472826086956522,132,34,0.1,537,36,0.0670391061452514,0.8611111111111112,0.1341991341991342,0.23220973782771537,0.48909123818275485,0.3992015968063872,301,200,5,31
System_Failure,5,10,rf_smote,56,2208,165,0.07472826086956522,132,34,0.15,537,36,0.0670391061452514,0.75,0.15976331360946747,0.2634146341463415,0.5448258441157484,0.2834331337325349,359,142,9,27
System_Failure,5,10,rf_smote,56,2208,165,0.07472826086956522,132,34,0.2,537,36,0.0670391061452514,0.5277777777777778,0.1532258064516129,0.2375,0.5520103938730854,0.20958083832335328,396,105,17,19
System_Failure,5,10,rf_smote,56,2208,165,0.07472826086956522,132,34,0.3,537,36,0.0670391061452514,0.3611111111111111,0.18055555555555555,0.24074074074074073,0.5779273061881758,0.11776447105788423,442,59,23,13
System_Failure,5,10,rf_smote,56,2208,165,0.07472826086956522,132,34,0.4,537,36,0.0670391061452514,0.2222222222222222,0.19047619047619047,0.20512820512820512,0.5714396045721347,0.06786427145708583,467,34,28,8
System_Failure,5,10,rf_smote,56,2208,165,0.07472826086956522,132,34,0.5,537,36,0.0670391061452514,0.1388888888888889,0.29411764705882354,0.18867924528301888,0.57328183615767,0.023952095808383235,489,12,31,5
System_Failure,5,10,rf_smote,57,2157,156,0.07232267037552156,132,34,0.05,588,45,0.07653061224489796,1.0,0.11811023622047244,0.2112676056338028,0.3816338028169014,0.6187845303867403,207,336,0,45
System_Failure,5,10,rf_smote,57,2157,156,0.07232267037552156,132,34,0.1,588,45,0.07653061224489796,0.8,0.14007782101167315,0.23841059602649006,0.48762635064482396,0.40699815837937386,322,221,9,36
System_Failure,5,10,rf_smote,57,2157,156,0.07232267037552156,132,34,0.15,588,45,0.07653061224489796,0.6444444444444445,0.14871794871794872,0.24166666666666667,0.5236111111111111,0.30570902394106814,377,166,16,29
System_Failure,5,10,rf_smote,57,2157,156,0.07232267037552156,132,34,0.2,588,45,0.07653061224489796,0.5111111111111111,0.16312056737588654,0.24731182795698925,0.5529488432714239,0.21731123388581952,425,118,22,23
System_Failure,5,10,rf_smote,57,2157,156,0.07232267037552156,132,34,0.3,588,45,0.07653061224489796,0.2,0.11538461538461539,0.14634146341463414,0.5233131818497672,0.1270718232044199,474,69,36,9
System_Failure,5,10,rf_smote,57,2157,156,0.07232267037552156,132,34,0.4,588,45,0.07653061224489796,0.06666666666666667,0.08823529411764706,0.0759493670886076,0.5047021220128544,0.0570902394106814,512,31,42,3
System_Failure,5,10,rf_smote,57,2157,156,0.07232267037552156,132,34,0.5,588,45,0.07653061224489796,0.044444444444444446,0.1111111111111111,0.06349206349206349,0.5052410901467506,0.029465930018416207,527,16,43,2
System_Failure,5,10,rf_smote,58,2128,132,0.06203007518796992,132,34,0.05,617,69,0.11183144246353323,0.9855072463768116,0.1487964989059081,0.2585551330798479,0.35385383772636464,0.7098540145985401,159,389,1,68
System_Failure,5,10,rf_smote,58,2128,132,0.06203007518796992,132,34,0.1,617,69,0.11183144246353323,0.782608695652174,0.16822429906542055,0.27692307692307694,0.4713999270871309,0.48722627737226276,281,267,15,54
System_Failure,5,10,rf_smote,58,2128,132,0.06203007518796992,132,34,0.15,617,69,0.11183144246353323,0.5072463768115942,0.16990291262135923,0.2545454545454545,0.5203905583467627,0.31204379562043794,377,171,34,35
System_Failure,5,10,rf_smote,58,2128,132,0.06203007518796992,132,34,0.2,617,69,0.11183144246353323,0.391304347826087,0.21428571428571427,0.27692307692307694,0.5706078329754942,0.18065693430656934,449,99,42,27
System_Failure,5,10,rf_smote,58,2128,132,0.06203007518796992,132,34,0.3,617,69,0.11183144246353323,0.15942028985507245,0.2391304347826087,0.19130434782608696,0.5540972141275207,0.06386861313868614,513,35,58,11
System_Failure,5,10,rf_smote,58,2128,132,0.06203007518796992,132,34,0.4,617,69,0.11183144246353323,0.07246376811594203,0.35714285714285715,0.12048192771084337,0.5285294086860038,0.016423357664233577,539,9,64,5
System_Failure,5,10,rf_smote,58,2128,132,0.06203007518796992,132,34,0.5,617,69,0.11183144246353323,0.043478260869565216,0.375,0.07792207792207792,0.5082782386153173,0.009124087591240875,543,5,66,3
System_Failure,5,10,rf_smote,59,2185,166,0.07597254004576659,132,34,0.05,560,35,0.0625,1.0,0.09433962264150944,0.1724137931034483,0.3509127789046653,0.64,189,336,0,35
System_Failure,5,10,rf_smote,59,2185,166,0.07597254004576659,132,34,0.1,560,35,0.0625,0.9142857142857143,0.12075471698113208,0.21333333333333335,0.4627642276422764,0.4438095238095238,292,233,3,32
System_Failure,5,10,rf_smote,59,2185,166,0.07597254004576659,132,34,0.15,560,35,0.0625,0.7428571428571429,0.13756613756613756,0.23214285714285715,0.5200892857142857,0.31047619047619046,362,163,9,26
System_Failure,5,10,rf_smote,59,2185,166,0.07597254004576659,132,34,0.2,560,35,0.0625,0.4857142857142857,0.11971830985915492,0.192090395480226,0.5202233525651395,0.23809523809523808,400,125,18,17
System_Failure,5,10,rf_smote,59,2185,166,0.07597254004576659,132,34,0.3,560,35,0.0625,0.22857142857142856,0.09302325581395349,0.1322314049586777,0.5135631499267863,0.14857142857142858,447,78,27,8
System_Failure,5,10,rf_smote,59,2185,166,0.07597254004576659,132,34,0.4,560,35,0.0625,0.17142857142857143,0.15384615384615385,0.16216216216216217,0.5514443698000103,0.06285714285714286,492,33,29,6
System_Failure,5,10,rf_smote,59,2185,166,0.07597254004576659,132,34,0.5,560,35,0.0625,0.05714285714285714,0.25,0.09302325581395349,0.5284057783248041,0.011428571428571429,519,6,33,2
System_Failure,5,10,rf_smote,60,2252,122,0.0541740674955595,132,34,0.05,493,79,0.16024340770791076,0.8987341772151899,0.25,0.39118457300275483,0.5182247102573967,0.5144927536231884,201,213,8,71
System_Failure,5,10,rf_smote,60,2252,122,0.0541740674955595,132,34,0.1,493,79,0.16024340770791076,0.759493670886076,0.3333333333333333,0.46332046332046334,0.6360618822792138,0.2898550724637681,294,120,19,60
System_Failure,5,10,rf_smote,60,2252,122,0.0541740674955595,132,34,0.15,493,79,0.16024340770791076,0.5189873417721519,0.35964912280701755,0.42487046632124353,0.642447843501101,0.17632850241545894,341,73,38,41
System_Failure,5,10,rf_smote,60,2252,122,0.0541740674955595,132,34,0.2,493,79,0.16024340770791076,0.27848101265822783,0.3333333333333333,0.30344827586206896,0.5916765755053508,0.10628019323671498,370,44,57,22
System_Failure,5,10,rf_smote,60,2252,122,0.0541740674955595,132,34,0.3,493,79,0.16024340770791076,0.13924050632911392,0.3235294117647059,0.19469026548672566,0.5452260033046458,0.05555555555555555,391,23,68,11
System_Failure,5,10,rf_smote,60,2252,122,0.0541740674955595,132,34,0.4,493,79,0.16024340770791076,0.05063291139240506,0.2857142857142857,0.08602150537634409,0.495418367469807,0.024154589371980676,404,10,75,4
System_Failure,5,10,rf_smote,60,2252,122,0.0541740674955595,132,34,0.5,493,79,0.16024340770791076,0.0379746835443038,0.3,0.06741573033707865,0.48744253629451484,0.016908212560386472,407,7,76,3
System_Failure,5,10,rf_smote,61,2139,168,0.0785413744740533,132,34,0.05,606,33,0.054455445544554455,1.0,0.08208955223880597,0.15172413793103448,0.33841033151377975,0.643979057591623,204,369,0,33
System_Failure,5,10,rf_smote,61,2139,168,0.0785413744740533,132,34,0.1,606,33,0.054455445544554455,0.9696969696969697,0.13333333333333333,0.23443223443223443,0.5059275123172887,0.36300174520069806,365,208,1,32
System_Failure,5,10,rf_smote,61,2139,168,0.0785413744740533,132,34,0.15,606,33,0.054455445544554455,0.6363636363636364,0.14,0.22950819672131148,0.5462409788271281,0.225130890052356,444,129,12,21
System_Failure,5,10,rf_smote,61,2139,168,0.0785413744740533,132,34,0.2,606,33,0.054455445544554455,0.42424242424242425,0.14893617021276595,0.2204724409448819,0.5646141006567728,0.13961605584642234,493,80,19,14
System_Failure,5,10,rf_smote,61,2139,168,0.0785413744740533,132,34,0.3,606,33,0.054455445544554455,0.06060606060606061,0.05128205128205128,0.05555555555555555,0.49795321637426904,0.06457242582897033,536,37,31,2
System_Failure,5,10,rf_smote,61,2139,168,0.0785413744740533,132,34,0.4,606,33,0.054455445544554455,0.0,0.0,0.0,0.47893379191745483,0.027923211169284468,557,16,33,0
System_Failure,5,10,rf_smote,61,2139,168,0.0785413744740533,132,34,0.5,606,33,0.054455445544554455,0.0,0.0,0.0,0.48293515358361777,0.012216404886561954,566,7,33,0
System_Failure,5,10,rf_smote,62,2296,122,0.05313588850174216,132,34,0.05,449,79,0.1759465478841871,0.7974683544303798,0.245136186770428,0.375,0.5006672597864769,0.5243243243243243,176,194,16,63
System_Failure,5,10,rf_smote,62,2296,122,0.05313588850174216,132,34,0.1,449,79,0.1759465478841871,0.6455696202531646,0.32903225806451614,0.4358974358974359,0.6185511275872722,0.2810810810810811,266,104,28,51
System_Failure,5,10,rf_smote,62,2296,122,0.05313588850174216,132,34,0.15,449,79,0.1759465478841871,0.5189873417721519,0.3904761904761905,0.44565217391304346,0.6513975155279503,0.17297297297297298,306,64,38,41
System_Failure,5,10,rf_smote,62,2296,122,0.05313588850174216,132,34,0.2,449,79,0.1759465478841871,0.4177215189873418,0.4125,0.41509433962264153,0.6446243010697781,0.12702702702702703,323,47,46,33
System_Failure,5,10,rf_smote,62,2296,122,0.05313588850174216,132,34,0.3,449,79,0.1759465478841871,0.21518987341772153,0.4358974358974359,0.288135593220339,0.5902216427640157,0.05945945945945946,348,22,62,17
System_Failure,5,10,rf_smote,62,2296,122,0.05313588850174216,132,34,0.4,449,79,0.1759465478841871,0.0759493670886076,0.42857142857142855,0.12903225806451613,0.5142055700260468,0.021621621621621623,362,8,73,6
System_Failure,5,10,rf_smote,62,2296,122,0.05313588850174216,132,34,0.5,449,79,0.1759465478841871,0.05063291139240506,0.8,0.09523809523809523,0.5009360009360009,0.002702702702702703,369,1,75,4
System_Failure,5,10,rf_smote,63,2227,194,0.08711270767849125,132,34,0.05,518,7,0.013513513513513514,1.0,0.0175,0.0343980343980344,0.20479838126896951,0.7690802348336595,118,393,0,7
System_Failure,5,10,rf_smote,63,2227,194,0.08711270767849125,132,34,0.1,518,7,0.013513513513513514,0.8571428571428571,0.020689655172413793,0.04040404040404041,0.32737387405858315,0.5557729941291585,227,284,1,6
System_Failure,5,10,rf_smote,63,2227,194,0.08711270767849125,132,34,0.15,518,7,0.013513513513513514,0.7142857142857143,0.022026431718061675,0.042735042735042736,0.3817166485495662,0.4344422700587084,289,222,2,5
System_Failure,5,10,rf_smote,63,2227,194,0.08711270767849125,132,34,0.2,518,7,0.013513513513513514,0.5714285714285714,0.022222222222222223,0.0427807486631016,0.41597223534450717,0.34442270058708413,335,176,3,4
System_Failure,5,10,rf_smote,63,2227,194,0.08711270767849125,132,34,0.3,518,7,0.013513513513513514,0.14285714285714285,0.00980392156862745,0.01834862385321101,0.45146125906792156,0.19765166340508805,410,101,6,1
System_Failure,5,10,rf_smote,63,2227,194,0.08711270767849125,132,34,0.4,518,7,0.013513513513513514,0.14285714285714285,0.015384615384615385,0.027777777777777776,0.4775818349469802,0.12524461839530332,447,64,6,1
System_Failure,5,10,rf_smote,63,2227,194,0.08711270767849125,132,34,0.5,518,7,0.013513513513513514,0.0,0.0,0.0,0.475177304964539,0.0821917808219178,469,42,7,0
System_Failure,5,10,rf_smote,64,2163,171,0.07905686546463246,132,34,0.05,582,30,0.05154639175257732,1.0,0.08620689655172414,0.15873015873015872,0.3770750030292015,0.5760869565217391,234,318,0,30
System_Failure,5,10,rf_smote,64,2163,171,0.07905686546463246,132,34,0.1,582,30,0.05154639175257732,0.9666666666666667,0.12133891213389121,0.21561338289962825,0.4899295964777471,0.3804347826086957,342,210,1,29
System_Failure,5,10,rf_smote,64,2163,171,0.07905686546463246,132,34,0.15,582,30,0.05154639175257732,0.8333333333333334,0.13966480446927373,0.23923444976076555,0.5363711515819535,0.27898550724637683,398,154,5,25
System_Failure,5,10,rf_smote,64,2163,171,0.07905686546463246,132,34,0.2,582,30,0.05154639175257732,0.5333333333333333,0.11510791366906475,0.1893491124260355,0.5258303351074901,0.22282608695652173,429,123,14,16
System_Failure,5,10,rf_smote,64,2163,171,0.07905686546463246,132,34,0.3,582,30,0.05154639175257732,0.06666666666666667,0.03389830508474576,0.0449438202247191,0.4829370263914293,0.10326086956521739,495,57,28,2
System_Failure,5,10,rf_smote,64,2163,171,0.07905686546463246,132,34,0.4,582,30,0.05154639175257732,0.06666666666666667,0.06666666666666667,0.06666666666666667,0.5079710144927536,0.050724637681159424,524,28,28,2
System_Failure,5,10,rf_smote,64,2163,171,0.07905686546463246,132,34,0.5,582,30,0.05154639175257732,0.06666666666666667,0.2,0.1,0.5339857651245552,0.014492753623188406,544,8,28,2
System_Failure,5,10,rf_smote,65,2173,169,0.07777266451909802,132,34,0.05,572,32,0.055944055944055944,1.0,0.0893854748603352,0.1641025641025641,0.36587091069849687,0.6037037037037037,214,326,0,32
System_Failure,5,10,rf_smote,65,2173,169,0.07777266451909802,132,34,0.1,572,32,0.055944055944055944,0.9375,0.15384615384615385,0.2643171806167401,0.5411007931437026,0.3055555555555556,375,165,2,30
System_Failure,5,10,rf_smote,65,2173,169,0.07777266451909802,132,34,0.15,572,32,0.055944055944055944,0.75,0.1951219512195122,0.3096774193548387,0.6007436641769138,0.18333333333333332,441,99,8,24
System_Failure,5,10,rf_smote,65,2173,169,0.07777266451909802,132,34,0.2,572,32,0.055944055944055944,0.46875,0.19230769230769232,0.2727272727272727,0.597678916827853,0.11666666666666667,477,63,17,15
System_Failure,5,10,rf_smote,65,2173,169,0.07777266451909802,132,34,0.3,572,32,0.055944055944055944,0.28125,0.25,0.2647058823529412,0.6091187404329762,0.05,513,27,23,9
System_Failure,5,10,rf_smote,65,2173,169,0.07777266451909802,132,34,0.4,572,32,0.055944055944055944,0.1875,0.375,0.25,0.6085766423357664,0.018518518518518517,530,10,26,6
System_Failure,5,10,rf_smote,65,2173,169,0.07777266451909802,132,34,0.5,572,32,0.055944055944055944,0.09375,0.375,0.15,0.5596014492753623,0.009259259259259259,535,5,29,3
System_Failure,5,10,rf_smote,66,2232,154,0.06899641577060932,132,34,0.05,513,47,0.09161793372319688,0.9787234042553191,0.1503267973856209,0.26062322946175637,0.43640373954514267,0.5579399141630901,206,260,1,46
System_Failure,5,10,rf_smote,66,2232,154,0.06899641577060932,132,34,0.1,513,47,0.09161793372319688,0.8936170212765957,0.22340425531914893,0.3574468085106383,0.5832746052666972,0.3133047210300429,320,146,5,42
System_Failure,5,10,rf_smote,66,2232,154,0.06899641577060932,132,34,0.15,513,47,0.09161793372319688,0.6595744680851063,0.23846153846153847,0.3502824858757062,0.6074145055998084,0.21244635193133046,367,99,16,31
System_Failure,5,10,rf_smote,66,2232,154,0.06899641577060932,132,34,0.2,513,47,0.09161793372319688,0.40425531914893614,0.24050632911392406,0.30158730158730157,0.6019047619047619,0.12875536480686695,406,60,28,19
System_Failure,5,10,rf_smote,66,2232,154,0.06899641577060932,132,34,0.3,513,47,0.09161793372319688,0.3191489361702128,0.5357142857142857,0.4,0.6763406940063091,0.027896995708154508,453,13,32,15
System_Failure,5,10,rf_smote,66,2232,154,0.06899641577060932,132,34,0.4,513,47,0.09161793372319688,0.2127659574468085,0.7142857142857143,0.32786885245901637,0.642690902913446,0.008583690987124463,462,4,37,10
System_Failure,5,10,rf_smote,66,2232,154,0.06899641577060932,132,34,0.5,513,47,0.09161793372319688,0.0851063829787234,1.0,0.1568627450980392,0.5563800904977376,0.0,466,0,43,4
System_Failure,5,10,rf_smote,67,2140,177,0.08271028037383178,132,34,0.05,605,24,0.03966942148760331,0.9166666666666666,0.05945945945945946,0.1116751269035533,0.34137677913805115,0.5989672977624785,233,348,2,22
System_Failure,5,10,rf_smote,67,2140,177,0.08271028037383178,132,34,0.1,605,24,0.03966942148760331,0.75,0.07346938775510205,0.13382899628252787,0.44311003480438826,0.39070567986230637,354,227,6,18
System_Failure,5,10,rf_smote,67,2140,177,0.08271028037383178,132,34,0.15,605,24,0.03966942148760331,0.75,0.09782608695652174,0.17307692307692307,0.5007101182250883,0.2857142857142857,415,166,6,18
System_Failure,5,10,rf_smote,67,2140,177,0.08271028037383178,132,34,0.2,605,24,0.03966942148760331,0.625,0.1171875,0.19736842105263158,0.5410282558949359,0.1944922547332186,468,113,9,15
System_Failure,5,10,rf_smote,67,2140,177,0.08271028037383178,132,34,0.3,605,24,0.03966942148760331,0.25,0.1111111111111111,0.15384615384615385,0.5477711334601794,0.08261617900172118,533,48,18,6
System_Failure,5,10,rf_smote,67,2140,177,0.08271028037383178,132,34,0.4,605,24,0.03966942148760331,0.125,0.12,0.12244897959183673,0.5427059712773998,0.0378657487091222,559,22,21,3
System_Failure,5,10,rf_smote,67,2140,177,0.08271028037383178,132,34,0.5,605,24,0.03966942148760331,0.0,0.0,0.0,0.48598130841121495,0.01549053356282272,572,9,24,0
System_Failure,5,10,rf_smote,68,2184,168,0.07692307692307693,132,34,0.05,561,33,0.058823529411764705,1.0,0.0967741935483871,0.17647058823529413,0.3823529411764706,0.5833333333333334,220,308,0,33
System_Failure,5,10,rf_smote,68,2184,168,0.07692307692307693,132,34,0.1,561,33,0.058823529411764705,0.7575757575757576,0.12135922330097088,0.20920502092050208,0.49758099290645713,0.3428030303030303,347,181,8,25
System_Failure,5,10,rf_smote,68,2184,168,0.07692307692307693,132,34,0.15,561,33,0.058823529411764705,0.48484848484848486,0.11594202898550725,0.1871345029239766,0.5204862840592543,0.23106060606060605,406,122,17,16
System_Failure,5,10,rf_smote,68,2184,168,0.07692307692307693,132,34,0.2,561,33,0.058823529411764705,0.21212121212121213,0.08433734939759036,0.1206896551724138,0.5096490025365051,0.14393939393939395,452,76,26,7
System_Failure,5,10,rf_smote,68,2184,168,0.07692307692307693,132,34,0.3,561,33,0.058823529411764705,0.06060606060606061,0.07142857142857142,0.06557377049180328,0.5059254337850156,0.04924242424242424,502,26,31,2
System_Failure,5,10,rf_smote,68,2184,168,0.07692307692307693,132,34,0.4,561,33,0.058823529411764705,0.06060606060606061,0.4,0.10526315789473684,0.5369489221208001,0.005681818181818182,525,3,31,2
System_Failure,5,10,rf_smote,68,2184,168,0.07692307692307693,132,34,0.5,561,33,0.058823529411764705,0.06060606060606061,1.0,0.11428571428571428,0.542883427520042,0.0,528,0,31,2
System_Failure,5,10,rf_smote,69,2238,165,0.07372654155495978,132,34,0.05,507,36,0.07100591715976332,0.8611111111111112,0.09872611464968153,0.17714285714285713,0.37170395869191053,0.6008492569002123,188,283,5,31
System_Failure,5,10,rf_smote,69,2238,165,0.07372654155495978,132,34,0.1,507,36,0.07100591715976332,0.6944444444444444,0.12437810945273632,0.2109704641350211,0.4851506117328902,0.37367303609341823,295,176,11,25
System_Failure,5,10,rf_smote,69,2238,165,0.07372654155495978,132,34,0.15,507,36,0.07100591715976332,0.5833333333333334,0.13636363636363635,0.22105263157894736,0.5207204905467552,0.2823779193205945,338,133,15,21
System_Failure,5,10,rf_smote,69,2238,165,0.07372654155495978,132,34,0.2,507,36,0.07100591715976332,0.4444444444444444,0.14545454545454545,0.2191780821917808,0.5439208383309134,0.19957537154989385,377,94,20,16
System_Failure,5,10,rf_smote,69,2238,165,0.07372654155495978,132,34,0.3,507,36,0.07100591715976332,0.1111111111111111,0.08,0.09302325581395349,0.5044857658380112,0.09766454352441614,425,46,32,4
System_Failure,5,10,rf_smote,69,2238,165,0.07372654155495978,132,34,0.4,507,36,0.07100591715976332,0.08333333333333333,0.13636363636363635,0.10344827586206896,0.5245274852113693,0.040339702760084924,452,19,33,3
System_Failure,5,10,rf_smote,69,2238,165,0.07372654155495978,132,34,0.5,507,36,0.07100591715976332,0.05555555555555555,0.2,0.08695652173913043,0.5217840459935321,0.016985138004246284,463,8,34,2
System_Failure,5,10,rf_smote,70,2117,180,0.08502598016060463,132,34,0.05,628,21,0.03343949044585987,1.0,0.04964539007092199,0.0945945945945946,0.29976035148448943,0.6622734761120264,205,402,0,21
System_Failure,5,10,rf_smote,70,2117,180,0.08502598016060463,132,34,0.1,628,21,0.03343949044585987,0.9523809523809523,0.07434944237918216,0.13793103448275862,0.4395659313200543,0.4102141680395387,358,249,1,20
System_Failure,5,10,rf_smote,70,2117,180,0.08502598016060463,132,34,0.15,628,21,0.03343949044585987,0.8571428571428571,0.1,0.1791044776119403,0.5113531866732688,0.26688632619439867,445,162,3,18
System_Failure,5,10,rf_smote,70,2117,180,0.08502598016060463,132,34,0.2,628,21,0.03343949044585987,0.6666666666666666,0.14432989690721648,0.23728813559322035,0.5791010098001251,0.13673805601317957,524,83,7,14
System_Failure,5,10,rf_smote,70,2117,180,0.08502598016060463,132,34,0.3,628,21,0.03343949044585987,0.23809523809523808,0.1388888888888889,0.17543859649122806,0.5681196318569568,0.051070840197693576,576,31,16,5
System_Failure,5,10,rf_smote,70,2117,180,0.08502598016060463,132,34,0.4,628,21,0.03343949044585987,0.19047619047619047,0.36363636363636365,0.25,0.6151960784313726,0.011532125205930808,600,7,17,4
System_Failure,5,10,rf_smote,70,2117,180,0.08502598016060463,132,34,0.5,628,21,0.03343949044585987,0.19047619047619047,0.6666666666666666,0.2962962962962963,0.6404182864719887,0.0032948929159802307,605,2,17,4
System_Failure,5,10,rf_smote,71,2236,145,0.0648479427549195,132,34,0.05,509,56,0.1100196463654224,0.8928571428571429,0.199203187250996,0.3257328990228013,0.5172968292582361,0.44370860927152317,252,201,6,50
System_Failure,5,10,rf_smote,71,2236,145,0.0648479427549195,132,34,0.1,509,56,0.1100196463654224,0.7321428571428571,0.2469879518072289,0.36936936936936937,0.5967449861922224,0.27593818984547464,328,125,15,41
System_Failure,5,10,rf_smote,71,2236,145,0.0648479427549195,132,34,0.15,509,56,0.1100196463654224,0.5892857142857143,0.2661290322580645,0.36666666666666664,0.6153142402545744,0.20088300220750552,362,91,23,33
System_Failure,5,10,rf_smote,71,2236,145,0.0648479427549195,132,34,0.2,509,56,0.1100196463654224,0.5178571428571429,0.3411764705882353,0.41134751773049644,0.6583533483749403,0.12362030905077263,397,56,27,29
System_Failure,5,10,rf_smote,71,2236,145,0.0648479427549195,132,34,0.3,509,56,0.1100196463654224,0.23214285714285715,0.34210526315789475,0.2765957446808511,0.6015013355438887,0.05518763796909492,428,25,43,13
System_Failure,5,10,rf_smote,71,2236,145,0.0648479427549195,132,34,0.4,509,56,0.1100196463654224,0.07142857142857142,0.2222222222222222,0.10810810810810811,0.5190964269354099,0.03090507726269316,439,14,52,4
System_Failure,5,10,rf_smote,71,2236,145,0.0648479427549195,132,34,0.5,509,56,0.1100196463654224,0.017857142857142856,0.16666666666666666,0.03225806451612903,0.4847482791199892,0.011037527593818985,448,5,55,1
ProtectiveStop,10,3,rf_smote,42,1918,9,0.0046923879040667365,124,31,0.05,425,9,0.021176470588235293,0.6666666666666666,0.4,0.5,0.7427360774818401,0.021634615384615384,407,9,3,6
ProtectiveStop,10,3,rf_smote,42,1918,9,0.0046923879040667365,124,31,0.1,425,9,0.021176470588235293,0.5555555555555556,1.0,0.7142857142857143,0.8547505126452495,0.0,416,0,4,5
ProtectiveStop,10,3,rf_smote,42,1918,9,0.0046923879040667365,124,31,0.15,425,9,0.021176470588235293,0.2222222222222222,1.0,0.36363636363636365,0.6776465489218767,0.0,416,0,7,2
ProtectiveStop,10,3,rf_smote,42,1918,9,0.0046923879040667365,124,31,0.2,425,9,0.021176470588235293,0.0,0.0,0.0,0.4946492271105826,0.0,416,0,9,0
ProtectiveStop,10,3,rf_smote,42,1918,9,0.0046923879040667365,124,31,0.3,425,9,0.021176470588235293,0.0,0.0,0.0,0.4946492271105826,0.0,416,0,9,0
ProtectiveStop,10,3,rf_smote,42,1918,9,0.0046923879040667365,124,31,0.4,425,9,0.021176470588235293,0.0,0.0,0.0,0.4946492271105826,0.0,416,0,9,0
ProtectiveStop,10,3,rf_smote,42,1918,9,0.0046923879040667365,124,31,0.5,425,9,0.021176470588235293,0.0,0.0,0.0,0.4946492271105826,0.0,416,0,9,0
ProtectiveStop,10,3,rf_smote,43,1859,9,0.004841312533620226,124,31,0.05,484,9,0.01859504132231405,0.3333333333333333,0.17647058823529413,0.23076923076923078,0.6047689041319615,0.029473684210526315,461,14,6,3
ProtectiveStop,10,3,rf_smote,43,1859,9,0.004841312533620226,124,31,0.1,484,9,0.01859504132231405,0.3333333333333333,0.3,0.3157894736842105,0.6510454217736121,0.014736842105263158,468,7,6,3
ProtectiveStop,10,3,rf_smote,43,1859,9,0.004841312533620226,124,31,0.15,484,9,0.01859504132231405,0.3333333333333333,0.3,0.3157894736842105,0.6510454217736121,0.014736842105263158,468,7,6,3
ProtectiveStop,10,3,rf_smote,43,1859,9,0.004841312533620226,124,31,0.2,484,9,0.01859504132231405,0.3333333333333333,0.5,0.4,0.6952780692549843,0.00631578947368421,472,3,6,3
ProtectiveStop,10,3,rf_smote,43,1859,9,0.004841312533620226,124,31,0.3,484,9,0.01859504132231405,0.2222222222222222,1.0,0.36363636363636365,0.6781609195402298,0.0,475,0,7,2
ProtectiveStop,10,3,rf_smote,43,1859,9,0.004841312533620226,124,31,0.4,484,9,0.01859504132231405,0.0,0.0,0.0,0.49530761209593327,0.0,475,0,9,0
ProtectiveStop,10,3,rf_smote,43,1859,9,0.004841312533620226,124,31,0.5,484,9,0.01859504132231405,0.0,0.0,0.0,0.49530761209593327,0.0,475,0,9,0
ProtectiveStop,10,3,rf_smote,44,1880,9,0.0047872340425531915,124,31,0.05,463,9,0.019438444924406047,0.6666666666666666,0.6666666666666666,0.6666666666666666,0.830029368575624,0.006607929515418502,451,3,3,6
ProtectiveStop,10,3,rf_smote,44,1880,9,0.0047872340425531915,124,31,0.1,463,9,0.019438444924406047,0.2222222222222222,1.0,0.36363636363636365,0.67799304520616,0.0,454,0,7,2
ProtectiveStop,10,3,rf_smote,44,1880,9,0.0047872340425531915,124,31,0.15,463,9,0.019438444924406047,0.0,0.0,0.0,0.495092693565976,0.0,454,0,9,0
ProtectiveStop,10,3,rf_smote,44,1880,9,0.0047872340425531915,124,31,0.2,463,9,0.019438444924406047,0.0,0.0,0.0,0.495092693565976,0.0,454,0,9,0
ProtectiveStop,10,3,rf_smote,44,1880,9,0.0047872340425531915,124,31,0.3,463,9,0.019438444924406047,0.0,0.0,0.0,0.495092693565976,0.0,454,0,9,0
ProtectiveStop,10,3,rf_smote,44,1880,9,0.0047872340425531915,124,31,0.4,463,9,0.019438444924406047,0.0,0.0,0.0,0.495092693565976,0.0,454,0,9,0
ProtectiveStop,10,3,rf_smote,44,1880,9,0.0047872340425531915,124,31,0.5,463,9,0.019438444924406047,0.0,0.0,0.0,0.495092693565976,0.0,454,0,9,0
ProtectiveStop,10,3,rf_smote,45,1884,9,0.004777070063694267,124,31,0.05,459,9,0.0196078431372549,0.6666666666666666,0.13636363636363635,0.22641509433962265,0.5895081252044934,0.08444444444444445,412,38,3,6
ProtectiveStop,10,3,rf_smote,45,1884,9,0.004777070063694267,124,31,0.1,459,9,0.0196078431372549,0.6666666666666666,0.2608695652173913,0.375,0.6762133182844243,0.03777777777777778,433,17,3,6
ProtectiveStop,10,3,rf_smote,45,1884,9,0.004777070063694267,124,31,0.15,459,9,0.0196078431372549,0.5555555555555556,0.3125,0.4,0.6916013437849944,0.024444444444444446,439,11,4,5
ProtectiveStop,10,3,rf_smote,45,1884,9,0.004777070063694267,124,31,0.2,459,9,0.0196078431372549,0.5555555555555556,0.5555555555555556,0.5555555555555556,0.7733333333333334,0.008888888888888889,446,4,4,5
ProtectiveStop,10,3,rf_smote,45,1884,9,0.004777070063694267,124,31,0.3,459,9,0.0196078431372549,0.4444444444444444,0.8,0.5714285714285714,0.7823957016434893,0.0022222222222222222,449,1,5,4
ProtectiveStop,10,3,rf_smote,45,1884,9,0.004777070063694267,124,31,0.4,459,9,0.0196078431372549,0.3333333333333333,1.0,0.5,0.7466887417218543,0.0,450,0,6,3
ProtectiveStop,10,3,rf_smote,45,1884,9,0.004777070063694267,124,31,0.5,459,9,0.0196078431372549,0.3333333333333333,1.0,0.5,0.7466887417218543,0.0,450,0,6,3
ProtectiveStop,10,3,rf_smote,47,1851,15,0.008103727714748784,124,31,0.05,492,3,0.006097560975609756,0.0,0.0,0.0,0.4837355718782791,0.05725971370143149,461,28,3,0
ProtectiveStop,10,3,rf_smote,47,1851,15,0.008103727714748784,124,31,0.1,492,3,0.006097560975609756,0.0,0.0,0.0,0.48803329864724243,0.0408997955010225,469,20,3,0
ProtectiveStop,10,3,rf_smote,47,1851,15,0.008103727714748784,124,31,0.15,492,3,0.006097560975609756,0.0,0.0,0.0,0.49226006191950467,0.024539877300613498,477,12,3,0
ProtectiveStop,10,3,rf_smote,47,1851,15,0.008103727714748784,124,31,0.2,492,3,0.006097560975609756,0.0,0.0,0.0,0.4933058702368692,0.02044989775051125,479,10,3,0
ProtectiveStop,10,3,rf_smote,47,1851,15,0.008103727714748784,124,31,0.3,492,3,0.006097560975609756,0.0,0.0,0.0,0.49693251533742333,0.006134969325153374,486,3,3,0
ProtectiveStop,10,3,rf_smote,47,1851,15,0.008103727714748784,124,31,0.4,492,3,0.006097560975609756,0.0,0.0,0.0,0.4974463738508682,0.00408997955010225,487,2,3,0
ProtectiveStop,10,3,rf_smote,47,1851,15,0.008103727714748784,124,31,0.5,492,3,0.006097560975609756,0.0,0.0,0.0,0.4984709480122324,0.0,489,0,3,0
ProtectiveStop,10,3,rf_smote,48,1887,12,0.006359300476947536,124,31,0.05,456,6,0.013157894736842105,0.5,0.075,0.13043478260869565,0.5421227030826388,0.08222222222222222,413,37,3,3
ProtectiveStop,10,3,rf_smote,48,1887,12,0.006359300476947536,124,31,0.1,456,6,0.013157894736842105,0.5,0.13636363636363635,0.21428571428571427,0.59469941822883,0.042222222222222223,431,19,3,3
ProtectiveStop,10,3,rf_smote,48,1887,12,0.006359300476947536,124,31,0.15,456,6,0.013157894736842105,0.5,0.1875,0.2727272727272727,0.6273748723186925,0.028888888888888888,437,13,3,3
ProtectiveStop,10,3,rf_smote,48,1887,12,0.006359300476947536,124,31,0.2,456,6,0.013157894736842105,0.5,0.23076923076923078,0.3157894736842105,0.6506159014557671,0.022222222222222223,440,10,3,3
ProtectiveStop,10,3,rf_smote,48,1887,12,0.006359300476947536,124,31,0.3,456,6,0.013157894736842105,0.3333333333333333,0.6666666666666666,0.4444444444444444,0.7194536729420451,0.0022222222222222222,449,1,4,2
ProtectiveStop,10,3,rf_smote,48,1887,12,0.006359300476947536,124,31,0.4,456,6,0.013157894736842105,0.16666666666666666,1.0,0.2857142857142857,0.6400947119179163,0.0,450,0,5,1
ProtectiveStop,10,3,rf_smote,48,1887,12,0.006359300476947536,124,31,0.5,456,6,0.013157894736842105,0.0,0.0,0.0,0.4966887417218543,0.0,450,0,6,0
ProtectiveStop,10,3,rf_smote,49,1873,12,0.006406833956219968,124,31,0.05,470,6,0.01276595744680851,0.5,0.125,0.2,0.5868131868131868,0.04525862068965517,443,21,3,3
ProtectiveStop,10,3,rf_smote,49,1873,12,0.006406833956219968,124,31,0.1,470,6,0.01276595744680851,0.5,0.21428571428571427,0.3,0.6423913043478261,0.023706896551724137,453,11,3,3
ProtectiveStop,10,3,rf_smote,49,1873,12,0.006406833956219968,124,31,0.15,470,6,0.01276595744680851,0.5,0.3333333333333333,0.4,0.6951351351351351,0.01293103448275862,458,6,3,3
ProtectiveStop,10,3,rf_smote,49,1873,12,0.006406833956219968,124,31,0.2,470,6,0.01276595744680851,0.5,0.42857142857142855,0.46153846153846156,0.7269936104887562,0.008620689655172414,460,4,3,3
ProtectiveStop,10,3,rf_smote,49,1873,12,0.006406833956219968,124,31,0.3,470,6,0.01276595744680851,0.3333333333333333,0.4,0.36363636363636365,0.6780506898913787,0.00646551724137931,461,3,4,2
ProtectiveStop,10,3,rf_smote,49,1873,12,0.006406833956219968,124,31,0.4,470,6,0.01276595744680851,0.0,0.0,0.0,0.4957081545064378,0.004310344827586207,462,2,6,0
ProtectiveStop,10,3,rf_smote,49,1873,12,0.006406833956219968,124,31,0.5,470,6,0.01276595744680851,0.0,0.0,0.0,0.4962486602357985,0.0021551724137931034,463,1,6,0
ProtectiveStop,10,3,rf_smote,50,1886,12,0.006362672322375398,124,31,0.05,457,6,0.01312910284463895,1.0,0.125,0.2222222222222222,0.5866925064599483,0.09312638580931264,409,42,0,6
ProtectiveStop,10,3,rf_smote,50,1886,12,0.006362672322375398,124,31,0.1,457,6,0.01312910284463895,0.8333333333333334,0.2777777777777778,0.4166666666666667,0.7004681647940075,0.028824833702882482,438,13,1,5
ProtectiveStop,10,3,rf_smote,50,1886,12,0.006362672322375398,124,31,0.15,457,6,0.01312910284463895,0.8333333333333334,0.5555555555555556,0.6666666666666666,0.8305524657026325,0.008869179600886918,447,4,1,5
ProtectiveStop,10,3,rf_smote,50,1886,12,0.006362672322375398,124,31,0.2,457,6,0.01312910284463895,0.5,0.6,0.5454545454545454,0.7699587234470955,0.004434589800443459,449,2,3,3
ProtectiveStop,10,3,rf_smote,50,1886,12,0.006362672322375398,124,31,0.3,457,6,0.01312910284463895,0.3333333333333333,0.6666666666666666,0.4444444444444444,0.7194597912829956,0.0022172949002217295,450,1,4,2
ProtectiveStop,10,3,rf_smote,50,1886,12,0.006362672322375398,124,31,0.4,457,6,0.01312910284463895,0.16666666666666666,1.0,0.2857142857142857,0.6401008032761064,0.0,451,0,5,1
ProtectiveStop,10,3,rf_smote,50,1886,12,0.006362672322375398,124,31,0.5,457,6,0.01312910284463895,0.0,0.0,0.0,0.4966960352422907,0.0,451,0,6,0
ProtectiveStop,10,3,rf_smote,52,1890,12,0.006349206349206349,124,31,0.05,453,6,0.013245033112582781,0.5,0.6,0.5454545454545454,0.7699339766378872,0.0044742729306487695,445,2,3,3
ProtectiveStop,10,3,rf_smote,52,1890,12,0.006349206349206349,124,31,0.1,453,6,0.013245033112582781,0.5,0.75,0.6,0.7977678571428571,0.0022371364653243847,446,1,3,3
ProtectiveStop,10,3,rf_smote,52,1890,12,0.006349206349206349,124,31,0.15,453,6,0.013245033112582781,0.5,1.0,0.6666666666666666,0.8316610925306578,0.0,447,0,3,3
ProtectiveStop,10,3,rf_smote,52,1890,12,0.006349206349206349,124,31,0.2,453,6,0.013245033112582781,0.5,1.0,0.6666666666666666,0.8316610925306578,0.0,447,0,3,3
ProtectiveStop,10,3,rf_smote,52,1890,12,0.006349206349206349,124,31,0.3,453,6,0.013245033112582781,0.5,1.0,0.6666666666666666,0.8316610925306578,0.0,447,0,3,3
ProtectiveStop,10,3,rf_smote,52,1890,12,0.006349206349206349,124,31,0.4,453,6,0.013245033112582781,0.0,0.0,0.0,0.49666666666666665,0.0,447,0,6,0
ProtectiveStop,10,3,rf_smote,52,1890,12,0.006349206349206349,124,31,0.5,453,6,0.013245033112582781,0.0,0.0,0.0,0.49666666666666665,0.0,447,0,6,0
ProtectiveStop,10,3,rf_smote,54,1883,9,0.004779607010090282,124,31,0.05,460,9,0.01956521739130435,0.3333333333333333,0.12,0.17647058823529413,0.5724339397158412,0.04878048780487805,429,22,6,3
ProtectiveStop,10,3,rf_smote,54,1883,9,0.004779607010090282,124,31,0.1,460,9,0.01956521739130435,0.3333333333333333,0.3333333333333333,0.3333333333333333,0.6600147819660015,0.013303769401330377,445,6,6,3
ProtectiveStop,10,3,rf_smote,54,1883,9,0.004779607010090282,124,31,0.15,460,9,0.01956521739130435,0.3333333333333333,0.5,0.4,0.6950276243093922,0.0066518847006651885,448,3,6,3
ProtectiveStop,10,3,rf_smote,54,1883,9,0.004779607010090282,124,31,0.2,460,9,0.01956521739130435,0.3333333333333333,0.5,0.4,0.6950276243093922,0.0066518847006651885,448,3,6,3
ProtectiveStop,10,3,rf_smote,54,1883,9,0.004779607010090282,124,31,0.3,460,9,0.01956521739130435,0.3333333333333333,1.0,0.5,0.7466960352422907,0.0,451,0,6,3
ProtectiveStop,10,3,rf_smote,54,1883,9,0.004779607010090282,124,31,0.4,460,9,0.01956521739130435,0.0,0.0,0.0,0.4950603732162459,0.0,451,0,9,0
ProtectiveStop,10,3,rf_smote,54,1883,9,0.004779607010090282,124,31,0.5,460,9,0.01956521739130435,0.0,0.0,0.0,0.4950603732162459,0.0,451,0,9,0
ProtectiveStop,10,3,rf_smote,56,1885,15,0.007957559681697613,124,31,0.05,458,3,0.006550218340611353,0.0,0.0,0.0,0.49448123620309054,0.015384615384615385,448,7,3,0
ProtectiveStop,10,3,rf_smote,56,1885,15,0.007957559681697613,124,31,0.1,458,3,0.006550218340611353,0.0,0.0,0.0,0.49780701754385964,0.002197802197802198,454,1,3,0
ProtectiveStop,10,3,rf_smote,56,1885,15,0.007957559681697613,124,31,0.15,458,3,0.006550218340611353,0.0,0.0,0.0,0.49780701754385964,0.002197802197802198,454,1,3,0
ProtectiveStop,10,3,rf_smote,56,1885,15,0.007957559681697613,124,31,0.2,458,3,0.006550218340611353,0.0,0.0,0.0,0.49835706462212487,0.0,455,0,3,0
ProtectiveStop,10,3,rf_smote,56,1885,15,0.007957559681697613,124,31,0.3,458,3,0.006550218340611353,0.0,0.0,0.0,0.49835706462212487,0.0,455,0,3,0
ProtectiveStop,10,3,rf_smote,56,1885,15,0.007957559681697613,124,31,0.4,458,3,0.006550218340611353,0.0,0.0,0.0,0.49835706462212487,0.0,455,0,3,0
ProtectiveStop,10,3,rf_smote,56,1885,15,0.007957559681697613,124,31,0.5,458,3,0.006550218340611353,0.0,0.0,0.0,0.49835706462212487,0.0,455,0,3,0
ProtectiveStop,10,3,rf_smote,57,1854,15,0.008090614886731391,124,31,0.05,489,3,0.006134969325153374,0.3333333333333333,0.034482758620689655,0.0625,0.5153937632135306,0.05761316872427984,458,28,2,1
ProtectiveStop,10,3,rf_smote,57,1854,15,0.008090614886731391,124,31,0.1,489,3,0.006134969325153374,0.0,0.0,0.0,0.4937888198757764,0.018518518518518517,477,9,3,0
ProtectiveStop,10,3,rf_smote,57,1854,15,0.008090614886731391,124,31,0.15,489,3,0.006134969325153374,0.0,0.0,0.0,0.49483471074380164,0.01440329218106996,479,7,3,0
ProtectiveStop,10,3,rf_smote,57,1854,15,0.008090614886731391,124,31,0.2,489,3,0.006134969325153374,0.0,0.0,0.0,0.49743062692702983,0.00411522633744856,484,2,3,0
ProtectiveStop,10,3,rf_smote,57,1854,15,0.008090614886731391,124,31,0.3,489,3,0.006134969325153374,0.0,0.0,0.0,0.49846153846153846,0.0,486,0,3,0
ProtectiveStop,10,3,rf_smote,57,1854,15,0.008090614886731391,124,31,0.4,489,3,0.006134969325153374,0.0,0.0,0.0,0.49846153846153846,0.0,486,0,3,0
ProtectiveStop,10,3,rf_smote,57,1854,15,0.008090614886731391,124,31,0.5,489,3,0.006134969325153374,0.0,0.0,0.0,0.49846153846153846,0.0,486,0,3,0
ProtectiveStop,10,3,rf_smote,58,1886,15,0.007953340402969246,124,31,0.05,457,3,0.006564551422319475,1.0,0.07692307692307693,0.14285714285714285,0.5507863695937091,0.07929515418502203,418,36,0,3
ProtectiveStop,10,3,rf_smote,58,1886,15,0.007953340402969246,124,31,0.1,457,3,0.006564551422319475,1.0,0.21428571428571427,0.35294117647058826,0.6703390386254836,0.024229074889867842,443,11,0,3
ProtectiveStop,10,3,rf_smote,58,1886,15,0.007953340402969246,124,31,0.15,457,3,0.006564551422319475,1.0,0.375,0.5454545454545454,0.7699587234470955,0.011013215859030838,449,5,0,3
ProtectiveStop,10,3,rf_smote,58,1886,15,0.007953340402969246,124,31,0.2,457,3,0.006564551422319475,1.0,1.0,1.0,1.0,0.0,454,0,0,3
ProtectiveStop,10,3,rf_smote,58,1886,15,0.007953340402969246,124,31,0.3,457,3,0.006564551422319475,0.3333333333333333,1.0,0.5,0.7489010989010989,0.0,454,0,2,1
ProtectiveStop,10,3,rf_smote,58,1886,15,0.007953340402969246,124,31,0.4,457,3,0.006564551422319475,0.0,0.0,0.0,0.4983534577387486,0.0,454,0,3,0
ProtectiveStop,10,3,rf_smote,58,1886,15,0.007953340402969246,124,31,0.5,457,3,0.006564551422319475,0.0,0.0,0.0,0.4983534577387486,0.0,454,0,3,0
ProtectiveStop,10,3,rf_smote,59,1888,9,0.004766949152542373,124,31,0.05,455,9,0.01978021978021978,0.6666666666666666,0.13636363636363635,0.22641509433962265,0.5892868937275709,0.08520179372197309,408,38,3,6
ProtectiveStop,10,3,rf_smote,59,1888,9,0.004766949152542373,124,31,0.1,455,9,0.01978021978021978,0.6666666666666666,0.2857142857142857,0.4,0.6897727272727272,0.033632286995515695,431,15,3,6
ProtectiveStop,10,3,rf_smote,59,1888,9,0.004766949152542373,124,31,0.15,455,9,0.01978021978021978,0.5555555555555556,0.4166666666666667,0.47619047619047616,0.7319085114360705,0.01569506726457399,439,7,4,5
ProtectiveStop,10,3,rf_smote,59,1888,9,0.004766949152542373,124,31,0.2,455,9,0.01978021978021978,0.5555555555555556,0.45454545454545453,0.5,0.7443820224719101,0.013452914798206279,440,6,4,5
ProtectiveStop,10,3,rf_smote,59,1888,9,0.004766949152542373,124,31,0.3,455,9,0.01978021978021978,0.4444444444444444,0.6666666666666666,0.5333333333333333,0.762756052141527,0.004484304932735426,444,2,5,4
ProtectiveStop,10,3,rf_smote,59,1888,9,0.004766949152542373,124,31,0.4,455,9,0.01978021978021978,0.3333333333333333,1.0,0.5,0.7466592427616927,0.0,446,0,6,3
ProtectiveStop,10,3,rf_smote,59,1888,9,0.004766949152542373,124,31,0.5,455,9,0.01978021978021978,0.3333333333333333,1.0,0.5,0.7466592427616927,0.0,446,0,6,3
ProtectiveStop,10,3,rf_smote,60,1876,15,0.007995735607675906,124,31,0.05,467,3,0.006423982869379015,1.0,0.14285714285714285,0.25,0.6151098901098901,0.03879310344827586,446,18,0,3
ProtectiveStop,10,3,rf_smote,60,1876,15,0.007995735607675906,124,31,0.1,467,3,0.006423982869379015,1.0,0.6,0.75,0.8739200863930885,0.004310344827586207,462,2,0,3
ProtectiveStop,10,3,rf_smote,60,1876,15,0.007995735607675906,124,31,0.15,467,3,0.006423982869379015,1.0,1.0,1.0,1.0,0.0,464,0,0,3
ProtectiveStop,10,3,rf_smote,60,1876,15,0.007995735607675906,124,31,0.2,467,3,0.006423982869379015,1.0,1.0,1.0,1.0,0.0,464,0,0,3
ProtectiveStop,10,3,rf_smote,60,1876,15,0.007995735607675906,124,31,0.3,467,3,0.006423982869379015,1.0,1.0,1.0,1.0,0.0,464,0,0,3
ProtectiveStop,10,3,rf_smote,60,1876,15,0.007995735607675906,124,31,0.4,467,3,0.006423982869379015,1.0,1.0,1.0,1.0,0.0,464,0,0,3
ProtectiveStop,10,3,rf_smote,60,1876,15,0.007995735607675906,124,31,0.5,467,3,0.006423982869379015,0.6666666666666666,1.0,0.8,0.8994617868675996,0.0,464,0,1,2
ProtectiveStop,10,3,rf_smote,61,1893,12,0.006339144215530904,124,31,0.05,450,6,0.013333333333333334,0.0,0.0,0.0,0.4880546075085324,0.033783783783783786,429,15,6,0
ProtectiveStop,10,3,rf_smote,61,1893,12,0.006339144215530904,124,31,0.1,450,6,0.013333333333333334,0.0,0.0,0.0,0.49209932279909707,0.018018018018018018,436,8,6,0
ProtectiveStop,10,3,rf_smote,61,1893,12,0.006339144215530904,124,31,0.15,450,6,0.013333333333333334,0.0,0.0,0.0,0.494949494949495,0.006756756756756757,441,3,6,0
ProtectiveStop,10,3,rf_smote,61,1893,12,0.006339144215530904,124,31,0.2,450,6,0.013333333333333334,0.0,0.0,0.0,0.49551569506726456,0.0045045045045045045,442,2,6,0
ProtectiveStop,10,3,rf_smote,61,1893,12,0.006339144215530904,124,31,0.3,450,6,0.013333333333333334,0.0,0.0,0.0,0.4966442953020134,0.0,444,0,6,0
ProtectiveStop,10,3,rf_smote,61,1893,12,0.006339144215530904,124,31,0.4,450,6,0.013333333333333334,0.0,0.0,0.0,0.4966442953020134,0.0,444,0,6,0
ProtectiveStop,10,3,rf_smote,61,1893,12,0.006339144215530904,124,31,0.5,450,6,0.013333333333333334,0.0,0.0,0.0,0.4966442953020134,0.0,444,0,6,0
ProtectiveStop,10,3,rf_smote,62,1888,12,0.006355932203389831,124,31,0.05,455,6,0.013186813186813187,0.8333333333333334,0.25,0.38461538461538464,0.6832579185520362,0.0334075723830735,434,15,1,5
ProtectiveStop,10,3,rf_smote,62,1888,12,0.006355932203389831,124,31,0.1,455,6,0.013186813186813187,0.5,0.6,0.5454545454545454,0.7699464050965719,0.004454342984409799,447,2,3,3
ProtectiveStop,10,3,rf_smote,62,1888,12,0.006355932203389831,124,31,0.15,455,6,0.013186813186813187,0.5,1.0,0.6666666666666666,0.831668516463189,0.0,449,0,3,3
ProtectiveStop,10,3,rf_smote,62,1888,12,0.006355932203389831,124,31,0.2,455,6,0.013186813186813187,0.5,1.0,0.6666666666666666,0.831668516463189,0.0,449,0,3,3
ProtectiveStop,10,3,rf_smote,62,1888,12,0.006355932203389831,124,31,0.3,455,6,0.013186813186813187,0.5,1.0,0.6666666666666666,0.831668516463189,0.0,449,0,3,3
ProtectiveStop,10,3,rf_smote,62,1888,12,0.006355932203389831,124,31,0.4,455,6,0.013186813186813187,0.3333333333333333,1.0,0.5,0.7477827050997783,0.0,449,0,4,2
ProtectiveStop,10,3,rf_smote,62,1888,12,0.006355932203389831,124,31,0.5,455,6,0.013186813186813187,0.0,0.0,0.0,0.49668141592920356,0.0,449,0,6,0
ProtectiveStop,10,3,rf_smote,66,1871,12,0.006413682522715126,124,31,0.05,472,6,0.012711864406779662,0.5,0.15,0.23076923076923078,0.6044913691972515,0.03648068669527897,449,17,3,3
ProtectiveStop,10,3,rf_smote,66,1871,12,0.006413682522715126,124,31,0.1,472,6,0.012711864406779662,0.5,0.42857142857142855,0.46153846153846156,0.7270098322729901,0.008583690987124463,462,4,3,3
ProtectiveStop,10,3,rf_smote,66,1871,12,0.006413682522715126,124,31,0.15,472,6,0.012711864406779662,0.5,1.0,0.6666666666666666,0.8317290552584671,0.0,466,0,3,3
ProtectiveStop,10,3,rf_smote,66,1871,12,0.006413682522715126,124,31,0.2,472,6,0.012711864406779662,0.5,1.0,0.6666666666666666,0.8317290552584671,0.0,466,0,3,3
ProtectiveStop,10,3,rf_smote,66,1871,12,0.006413682522715126,124,31,0.3,472,6,0.012711864406779662,0.3333333333333333,1.0,0.5,0.7478632478632479,0.0,466,0,4,2
ProtectiveStop,10,3,rf_smote,66,1871,12,0.006413682522715126,124,31,0.4,472,6,0.012711864406779662,0.0,0.0,0.0,0.4968017057569296,0.0,466,0,6,0
ProtectiveStop,10,3,rf_smote,66,1871,12,0.006413682522715126,124,31,0.5,472,6,0.012711864406779662,0.0,0.0,0.0,0.4968017057569296,0.0,466,0,6,0
ProtectiveStop,10,3,rf_smote,68,1903,15,0.007882291119285338,124,31,0.05,440,3,0.006818181818181818,0.0,0.0,0.0,0.4865810968494749,0.04576659038901602,417,20,3,0
ProtectiveStop,10,3,rf_smote,68,1903,15,0.007882291119285338,124,31,0.1,440,3,0.006818181818181818,0.0,0.0,0.0,0.4954128440366973,0.011441647597254004,432,5,3,0
ProtectiveStop,10,3,rf_smote,68,1903,15,0.007882291119285338,124,31,0.15,440,3,0.006818181818181818,0.0,0.0,0.0,0.4982896237172178,0.0,437,0,3,0
ProtectiveStop,10,3,rf_smote,68,1903,15,0.007882291119285338,124,31,0.2,440,3,0.006818181818181818,0.0,0.0,0.0,0.4982896237172178,0.0,437,0,3,0
ProtectiveStop,10,3,rf_smote,68,1903,15,0.007882291119285338,124,31,0.3,440,3,0.006818181818181818,0.0,0.0,0.0,0.4982896237172178,0.0,437,0,3,0
ProtectiveStop,10,3,rf_smote,68,1903,15,0.007882291119285338,124,31,0.4,440,3,0.006818181818181818,0.0,0.0,0.0,0.4982896237172178,0.0,437,0,3,0
ProtectiveStop,10,3,rf_smote,68,1903,15,0.007882291119285338,124,31,0.5,440,3,0.006818181818181818,0.0,0.0,0.0,0.4982896237172178,0.0,437,0,3,0
ProtectiveStop,10,3,rf_smote,69,1879,15,0.007982969664715274,124,31,0.05,464,3,0.00646551724137931,1.0,0.08333333333333333,0.15384615384615385,0.5583628969455741,0.07158351409978309,428,33,0,3
ProtectiveStop,10,3,rf_smote,69,1879,15,0.007982969664715274,124,31,0.1,464,3,0.00646551724137931,1.0,0.75,0.8571428571428571,0.9280285404063906,0.0021691973969631237,460,1,0,3
ProtectiveStop,10,3,rf_smote,69,1879,15,0.007982969664715274,124,31,0.15,464,3,0.00646551724137931,1.0,0.75,0.8571428571428571,0.9280285404063906,0.0021691973969631237,460,1,0,3
ProtectiveStop,10,3,rf_smote,69,1879,15,0.007982969664715274,124,31,0.2,464,3,0.00646551724137931,1.0,1.0,1.0,1.0,0.0,461,0,0,3
ProtectiveStop,10,3,rf_smote,69,1879,15,0.007982969664715274,124,31,0.3,464,3,0.00646551724137931,1.0,1.0,1.0,1.0,0.0,461,0,0,3
ProtectiveStop,10,3,rf_smote,69,1879,15,0.007982969664715274,124,31,0.4,464,3,0.00646551724137931,0.6666666666666666,1.0,0.8,0.8994582881906825,0.0,461,0,1,2
ProtectiveStop,10,3,rf_smote,69,1879,15,0.007982969664715274,124,31,0.5,464,3,0.00646551724137931,0.6666666666666666,1.0,0.8,0.8994582881906825,0.0,461,0,1,2
ProtectiveStop,10,3,rf_smote,71,1877,9,0.004794885455514118,124,31,0.05,466,9,0.019313304721030045,0.6666666666666666,0.8571428571428571,0.75,0.8728165938864629,0.002188183807439825,456,1,3,6
ProtectiveStop,10,3,rf_smote,71,1877,9,0.004794885455514118,124,31,0.1,466,9,0.019313304721030045,0.1111111111111111,1.0,0.2,0.5956616052060738,0.0,457,0,8,1
ProtectiveStop,10,3,rf_smote,71,1877,9,0.004794885455514118,124,31,0.15,466,9,0.019313304721030045,0.0,0.0,0.0,0.49512459371614304,0.0,457,0,9,0
ProtectiveStop,10,3,rf_smote,71,1877,9,0.004794885455514118,124,31,0.2,466,9,0.019313304721030045,0.0,0.0,0.0,0.49512459371614304,0.0,457,0,9,0
ProtectiveStop,10,3,rf_smote,71,1877,9,0.004794885455514118,124,31,0.3,466,9,0.019313304721030045,0.0,0.0,0.0,0.49512459371614304,0.0,457,0,9,0
ProtectiveStop,10,3,rf_smote,71,1877,9,0.004794885455514118,124,31,0.4,466,9,0.019313304721030045,0.0,0.0,0.0,0.49512459371614304,0.0,457,0,9,0
ProtectiveStop,10,3,rf_smote,71,1877,9,0.004794885455514118,124,31,0.5,466,9,0.019313304721030045,0.0,0.0,0.0,0.49512459371614304,0.0,457,0,9,0
ProtectiveStop,10,3,rf_smote,74,1877,15,0.007991475759190196,124,31,0.05,466,3,0.006437768240343348,1.0,0.14285714285714285,0.25,0.6150881057268722,0.038876889848812095,445,18,0,3
ProtectiveStop,10,3,rf_smote,74,1877,15,0.007991475759190196,124,31,0.1,466,3,0.006437768240343348,1.0,0.2727272727272727,0.42857142857142855,0.7099284158107687,0.017278617710583154,455,8,0,3
ProtectiveStop,10,3,rf_smote,74,1877,15,0.007991475759190196,124,31,0.15,466,3,0.006437768240343348,1.0,0.375,0.5454545454545454,0.7700128319020827,0.01079913606911447,458,5,0,3
ProtectiveStop,10,3,rf_smote,74,1877,15,0.007991475759190196,124,31,0.2,466,3,0.006437768240343348,1.0,1.0,1.0,1.0,0.0,463,0,0,3
ProtectiveStop,10,3,rf_smote,74,1877,15,0.007991475759190196,124,31,0.3,466,3,0.006437768240343348,0.0,0.0,0.0,0.4983853606027987,0.0,463,0,3,0
ProtectiveStop,10,3,rf_smote,74,1877,15,0.007991475759190196,124,31,0.4,466,3,0.006437768240343348,0.0,0.0,0.0,0.4983853606027987,0.0,463,0,3,0
ProtectiveStop,10,3,rf_smote,74,1877,15,0.007991475759190196,124,31,0.5,466,3,0.006437768240343348,0.0,0.0,0.0,0.4983853606027987,0.0,463,0,3,0
ProtectiveStop,10,3,rf_smote,75,1873,15,0.00800854244527496,124,31,0.05,470,3,0.006382978723404255,1.0,0.04225352112676056,0.08108108108108109,0.5012795705636353,0.145610278372591,399,68,0,3
ProtectiveStop,10,3,rf_smote,75,1873,15,0.00800854244527496,124,31,0.1,470,3,0.006382978723404255,1.0,0.061224489795918366,0.11538461538461539,0.5317914067914068,0.09850107066381156,421,46,0,3
ProtectiveStop,10,3,rf_smote,75,1873,15,0.00800854244527496,124,31,0.15,470,3,0.006382978723404255,1.0,0.10714285714285714,0.1935483870967742,0.5830228184108733,0.05353319057815846,442,25,0,3
ProtectiveStop,10,3,rf_smote,75,1873,15,0.00800854244527496,124,31,0.2,470,3,0.006382978723404255,1.0,0.1875,0.3157894736842105,0.6508371906966113,0.027837259100642397,454,13,0,3
ProtectiveStop,10,3,rf_smote,75,1873,15,0.00800854244527496,124,31,0.3,470,3,0.006382978723404255,0.6666666666666666,0.25,0.36363636363636365,0.6780506898913787,0.01284796573875803,461,6,1,2
ProtectiveStop,10,3,rf_smote,75,1873,15,0.00800854244527496,124,31,0.4,470,3,0.006382978723404255,0.6666666666666666,0.5,0.5714285714285714,0.7841065686724851,0.004282655246252677,465,2,1,2
ProtectiveStop,10,3,rf_smote,75,1873,15,0.00800854244527496,124,31,0.5,470,3,0.006382978723404255,0.0,0.0,0.0,0.4983991462113127,0.0,467,0,3,0
ProtectiveStop,10,3,rf_smote,76,1877,15,0.007991475759190196,124,31,0.05,466,3,0.006437768240343348,0.6666666666666666,0.07692307692307693,0.13793103448275862,0.5551227708404933,0.05183585313174946,439,24,1,2
ProtectiveStop,10,3,rf_smote,76,1877,15,0.007991475759190196,124,31,0.1,466,3,0.006437768240343348,0.0,0.0,0.0,0.4945770065075922,0.01511879049676026,456,7,3,0
ProtectiveStop,10,3,rf_smote,76,1877,15,0.007991475759190196,124,31,0.15,466,3,0.006437768240343348,0.0,0.0,0.0,0.49676025917926564,0.0064794816414686825,460,3,3,0
ProtectiveStop,10,3,rf_smote,76,1877,15,0.007991475759190196,124,31,0.2,466,3,0.006437768240343348,0.0,0.0,0.0,0.4983853606027987,0.0,463,0,3,0
ProtectiveStop,10,3,rf_smote,76,1877,15,0.007991475759190196,124,31,0.3,466,3,0.006437768240343348,0.0,0.0,0.0,0.4983853606027987,0.0,463,0,3,0
ProtectiveStop,10,3,rf_smote,76,1877,15,0.007991475759190196,124,31,0.4,466,3,0.006437768240343348,0.0,0.0,0.0,0.4983853606027987,0.0,463,0,3,0
ProtectiveStop,10,3,rf_smote,76,1877,15,0.007991475759190196,124,31,0.5,466,3,0.006437768240343348,0.0,0.0,0.0,0.4983853606027987,0.0,463,0,3,0
ProtectiveStop,10,3,rf_smote,77,1876,12,0.006396588486140725,124,31,0.05,467,6,0.01284796573875803,0.5,0.21428571428571427,0.3,0.6423413566739606,0.02386117136659436,450,11,3,3
ProtectiveStop,10,3,rf_smote,77,1876,12,0.006396588486140725,124,31,0.1,467,6,0.01284796573875803,0.3333333333333333,0.25,0.2857142857142857,0.6374223602484472,0.013015184381778741,455,6,4,2
ProtectiveStop,10,3,rf_smote,77,1876,12,0.006396588486140725,124,31,0.15,467,6,0.01284796573875803,0.0,0.0,0.0,0.4945887445887446,0.008676789587852495,457,4,6,0
ProtectiveStop,10,3,rf_smote,77,1876,12,0.006396588486140725,124,31,0.2,467,6,0.01284796573875803,0.0,0.0,0.0,0.4956803455723542,0.004338394793926247,459,2,6,0
ProtectiveStop,10,3,rf_smote,77,1876,12,0.006396588486140725,124,31,0.3,467,6,0.01284796573875803,0.0,0.0,0.0,0.49676724137931033,0.0,461,0,6,0
ProtectiveStop,10,3,rf_smote,77,1876,12,0.006396588486140725,124,31,0.4,467,6,0.01284796573875803,0.0,0.0,0.0,0.49676724137931033,0.0,461,0,6,0
ProtectiveStop,10,3,rf_smote,77,1876,12,0.006396588486140725,124,31,0.5,467,6,0.01284796573875803,0.0,0.0,0.0,0.49676724137931033,0.0,461,0,6,0
ProtectiveStop,10,3,rf_smote,79,1900,9,0.004736842105263158,124,31,0.05,443,9,0.020316027088036117,0.3333333333333333,0.2727272727272727,0.3,0.6419168591224018,0.018433179723502304,426,8,6,3
ProtectiveStop,10,3,rf_smote,79,1900,9,0.004736842105263158,124,31,0.1,443,9,0.020316027088036117,0.0,0.0,0.0,0.4937142857142857,0.004608294930875576,432,2,9,0
ProtectiveStop,10,3,rf_smote,79,1900,9,0.004736842105263158,124,31,0.15,443,9,0.020316027088036117,0.0,0.0,0.0,0.49486887115165334,0.0,434,0,9,0
ProtectiveStop,10,3,rf_smote,79,1900,9,0.004736842105263158,124,31,0.2,443,9,0.020316027088036117,0.0,0.0,0.0,0.49486887115165334,0.0,434,0,9,0
ProtectiveStop,10,3,rf_smote,79,1900,9,0.004736842105263158,124,31,0.3,443,9,0.020316027088036117,0.0,0.0,0.0,0.49486887115165334,0.0,434,0,9,0
ProtectiveStop,10,3,rf_smote,79,1900,9,0.004736842105263158,124,31,0.4,443,9,0.020316027088036117,0.0,0.0,0.0,0.49486887115165334,0.0,434,0,9,0
ProtectiveStop,10,3,rf_smote,79,1900,9,0.004736842105263158,124,31,0.5,443,9,0.020316027088036117,0.0,0.0,0.0,0.49486887115165334,0.0,434,0,9,0
ProtectiveStop,10,3,rf_smote,80,1862,15,0.008055853920515575,124,31,0.05,481,3,0.006237006237006237,0.3333333333333333,0.125,0.18181818181818182,0.5861772297103527,0.014644351464435146,471,7,2,1
ProtectiveStop,10,3,rf_smote,80,1862,15,0.008055853920515575,124,31,0.1,481,3,0.006237006237006237,0.0,0.0,0.0,0.4979123173277662,0.0020920502092050207,477,1,3,0
ProtectiveStop,10,3,rf_smote,80,1862,15,0.008055853920515575,124,31,0.15,481,3,0.006237006237006237,0.0,0.0,0.0,0.4984358706986444,0.0,478,0,3,0
ProtectiveStop,10,3,rf_smote,80,1862,15,0.008055853920515575,124,31,0.2,481,3,0.006237006237006237,0.0,0.0,0.0,0.4984358706986444,0.0,478,0,3,0
ProtectiveStop,10,3,rf_smote,80,1862,15,0.008055853920515575,124,31,0.3,481,3,0.006237006237006237,0.0,0.0,0.0,0.4984358706986444,0.0,478,0,3,0
ProtectiveStop,10,3,rf_smote,80,1862,15,0.008055853920515575,124,31,0.4,481,3,0.006237006237006237,0.0,0.0,0.0,0.4984358706986444,0.0,478,0,3,0
ProtectiveStop,10,3,rf_smote,80,1862,15,0.008055853920515575,124,31,0.5,481,3,0.006237006237006237,0.0,0.0,0.0,0.4984358706986444,0.0,478,0,3,0
ProtectiveStop,10,3,rf_smote,81,1883,9,0.004779607010090282,124,31,0.05,460,9,0.01956521739130435,0.5555555555555556,0.3125,0.4,0.6916201117318436,0.024390243902439025,440,11,4,5
ProtectiveStop,10,3,rf_smote,81,1883,9,0.004779607010090282,124,31,0.1,460,9,0.01956521739130435,0.3333333333333333,0.5,0.4,0.6950276243093922,0.0066518847006651885,448,3,6,3
ProtectiveStop,10,3,rf_smote,81,1883,9,0.004779607010090282,124,31,0.15,460,9,0.01956521739130435,0.1111111111111111,0.3333333333333333,0.16666666666666666,0.577826725403818,0.004434589800443459,449,2,8,1
ProtectiveStop,10,3,rf_smote,81,1883,9,0.004779607010090282,124,31,0.2,460,9,0.01956521739130435,0.1111111111111111,1.0,0.2,0.5956043956043956,0.0,451,0,8,1
ProtectiveStop,10,3,rf_smote,81,1883,9,0.004779607010090282,124,31,0.3,460,9,0.01956521739130435,0.0,0.0,0.0,0.4950603732162459,0.0,451,0,9,0
ProtectiveStop,10,3,rf_smote,81,1883,9,0.004779607010090282,124,31,0.4,460,9,0.01956521739130435,0.0,0.0,0.0,0.4950603732162459,0.0,451,0,9,0
ProtectiveStop,10,3,rf_smote,81,1883,9,0.004779607010090282,124,31,0.5,460,9,0.01956521739130435,0.0,0.0,0.0,0.4950603732162459,0.0,451,0,9,0
ProtectiveStop,10,3,rf_smote,84,1854,12,0.006472491909385114,124,31,0.05,489,6,0.012269938650306749,0.5,0.046153846153846156,0.08450704225352113,0.5064211065732875,0.12836438923395446,421,62,3,3
ProtectiveStop,10,3,rf_smote,84,1854,12,0.006472491909385114,124,31,0.1,489,6,0.012269938650306749,0.0,0.0,0.0,0.4730603448275862,0.09109730848861283,439,44,6,0
ProtectiveStop,10,3,rf_smote,84,1854,12,0.006472491909385114,124,31,0.15,489,6,0.012269938650306749,0.0,0.0,0.0,0.48795811518324606,0.035196687370600416,466,17,6,0
ProtectiveStop,10,3,rf_smote,84,1854,12,0.006472491909385114,124,31,0.2,489,6,0.012269938650306749,0.0,0.0,0.0,0.4963954685890834,0.002070393374741201,482,1,6,0
ProtectiveStop,10,3,rf_smote,84,1854,12,0.006472491909385114,124,31,0.3,489,6,0.012269938650306749,0.0,0.0,0.0,0.49691358024691357,0.0,483,0,6,0
ProtectiveStop,10,3,rf_smote,84,1854,12,0.006472491909385114,124,31,0.4,489,6,0.012269938650306749,0.0,0.0,0.0,0.49691358024691357,0.0,483,0,6,0
ProtectiveStop,10,3,rf_smote,84,1854,12,0.006472491909385114,124,31,0.5,489,6,0.012269938650306749,0.0,0.0,0.0,0.49691358024691357,0.0,483,0,6,0
ProtectiveStop,10,3,rf_smote,86,1857,15,0.008077544426494346,124,31,0.05,486,3,0.006172839506172839,0.3333333333333333,0.020833333333333332,0.0392156862745098,0.49300632305039277,0.09730848861283643,436,47,2,1
ProtectiveStop,10,3,rf_smote,86,1857,15,0.008077544426494346,124,31,0.1,486,3,0.006172839506172839,0.3333333333333333,0.024390243902439025,0.045454545454545456,0.5000979623824452,0.08281573498964803,443,40,2,1
ProtectiveStop,10,3,rf_smote,86,1857,15,0.008077544426494346,124,31,0.15,486,3,0.006172839506172839,0.0,0.0,0.0,0.48352816153028694,0.057971014492753624,455,28,3,0
ProtectiveStop,10,3,rf_smote,86,1857,15,0.008077544426494346,124,31,0.2,486,3,0.006172839506172839,0.0,0.0,0.0,0.49216300940438873,0.024844720496894408,471,12,3,0
ProtectiveStop,10,3,rf_smote,86,1857,15,0.008077544426494346,124,31,0.3,486,3,0.006172839506172839,0.0,0.0,0.0,0.4984520123839009,0.0,483,0,3,0
ProtectiveStop,10,3,rf_smote,86,1857,15,0.008077544426494346,124,31,0.4,486,3,0.006172839506172839,0.0,0.0,0.0,0.4984520123839009,0.0,483,0,3,0
ProtectiveStop,10,3,rf_smote,86,1857,15,0.008077544426494346,124,31,0.5,486,3,0.006172839506172839,0.0,0.0,0.0,0.4984520123839009,0.0,483,0,3,0
GripLost,5,3,rf_smote,42,4009,52,0.012970815664754302,168,42,0.05,933,30,0.03215434083601286,0.7333333333333333,0.18181818181818182,0.2913907284768212,0.6145000289614426,0.10963455149501661,804,99,8,22
GripLost,5,3,rf_smote,42,4009,52,0.012970815664754302,168,42,0.1,933,30,0.03215434083601286,0.7333333333333333,0.3055555555555556,0.43137254901960786,0.6992463652127519,0.05537098560354374,853,50,8,22
GripLost,5,3,rf_smote,42,4009,52,0.012970815664754302,168,42,0.15,933,30,0.03215434083601286,0.5666666666666667,0.3541666666666667,0.4358974358974359,0.7056444673894338,0.03433001107419712,872,31,13,17
GripLost,5,3,rf_smote,42,4009,52,0.012970815664754302,168,42,0.2,933,30,0.03215434083601286,0.5333333333333333,0.5,0.5161290322580645,0.7497496602532008,0.017718715393133997,887,16,14,16
GripLost,5,3,rf_smote,42,4009,52,0.012970815664754302,168,42,0.3,933,30,0.03215434083601286,0.3333333333333333,0.625,0.43478260869565216,0.7102484472049689,0.006644518272425249,897,6,20,10
GripLost,5,3,rf_smote,42,4009,52,0.012970815664754302,168,42,0.4,933,30,0.03215434083601286,0.23333333333333334,1.0,0.3783783783783784,0.682901600342825,0.0,903,0,23,7
GripLost,5,3,rf_smote,42,4009,52,0.012970815664754302,168,42,0.5,933,30,0.03215434083601286,0.16666666666666666,1.0,0.2857142857142857,0.6360302722946087,0.0,903,0,25,5
GripLost,5,3,rf_smote,43,3984,61,0.015311244979919678,168,42,0.05,958,21,0.021920668058455117,0.6666666666666666,0.08974358974358974,0.15819209039548024,0.5362553321442611,0.15154749199573106,795,142,7,14
GripLost,5,3,rf_smote,43,3984,61,0.015311244979919678,168,42,0.1,958,21,0.021920668058455117,0.5714285714285714,0.17391304347826086,0.26666666666666666,0.6152610441767068,0.060832443970117396,880,57,9,12
GripLost,5,3,rf_smote,43,3984,61,0.015311244979919678,168,42,0.15,958,21,0.021920668058455117,0.42857142857142855,0.24324324324324326,0.3103448275862069,0.6444081511450949,0.029882604055496264,909,28,12,9
GripLost,5,3,rf_smote,43,3984,61,0.015311244979919678,168,42,0.2,958,21,0.021920668058455117,0.3333333333333333,0.28,0.30434782608695654,0.643617763310858,0.0192102454642476,919,18,14,7
GripLost,5,3,rf_smote,43,3984,61,0.015311244979919678,168,42,0.3,958,21,0.021920668058455117,0.23809523809523808,0.4166666666666667,0.30303030303030304,0.6454078758911472,0.007470651013874066,930,7,16,5
GripLost,5,3,rf_smote,43,3984,61,0.015311244979919678,168,42,0.4,958,21,0.021920668058455117,0.19047619047619047,0.4444444444444444,0.26666666666666666,0.6275008837044892,0.005336179295624333,932,5,17,4
GripLost,5,3,rf_smote,43,3984,61,0.015311244979919678,168,42,0.5,958,21,0.021920668058455117,0.14285714285714285,0.375,0.20689655172413793,0.5973539462383276,0.005336179295624333,932,5,18,3
GripLost,5,3,rf_smote,44,3940,66,0.016751269035532996,168,42,0.05,1002,16,0.015968063872255488,0.875,0.109375,0.19444444444444445,0.5660394265232975,0.11561866125760649,872,114,2,14
GripLost,5,3,rf_smote,44,3940,66,0.016751269035532996,168,42,0.1,1002,16,0.015968063872255488,0.75,0.1935483870967742,0.3076923076923077,0.6398274622573688,0.05070993914807302,936,50,4,12
GripLost,5,3,rf_smote,44,3940,66,0.016751269035532996,168,42,0.15,1002,16,0.015968063872255488,0.5625,0.20930232558139536,0.3050847457627119,0.6420025271230012,0.034482758620689655,952,34,7,9
GripLost,5,3,rf_smote,44,3940,66,0.016751269035532996,168,42,0.2,1002,16,0.015968063872255488,0.5,0.25806451612903225,0.3404255319148936,0.6622924798051729,0.02332657200811359,963,23,8,8
GripLost,5,3,rf_smote,44,3940,66,0.016751269035532996,168,42,0.3,1002,16,0.015968063872255488,0.5,0.38095238095238093,0.43243243243243246,0.7108781379244014,0.013184584178498986,973,13,8,8
GripLost,5,3,rf_smote,44,3940,66,0.016751269035532996,168,42,0.4,1002,16,0.015968063872255488,0.375,0.42857142857142855,0.4,0.6954407294832827,0.008113590263691683,978,8,10,6
GripLost,5,3,rf_smote,44,3940,66,0.016751269035532996,168,42,0.5,1002,16,0.015968063872255488,0.25,0.4444444444444444,0.32,0.6557049014653865,0.005070993914807302,981,5,12,4
GripLost,5,3,rf_smote,45,3930,67,0.017048346055979643,168,42,0.05,1012,15,0.014822134387351778,1.0,0.08823529411764706,0.16216216216216217,0.5389386123480739,0.15546639919759278,842,155,0,15
GripLost,5,3,rf_smote,45,3930,67,0.017048346055979643,168,42,0.1,1012,15,0.014822134387351778,0.9333333333333333,0.1414141414141414,0.24561403508771928,0.6002939285386241,0.08525576730190572,912,85,1,14
GripLost,5,3,rf_smote,45,3930,67,0.017048346055979643,168,42,0.15,1012,15,0.014822134387351778,0.9333333333333333,0.18421052631578946,0.3076923076923077,0.6375502407576903,0.062186559679037114,935,62,1,14
GripLost,5,3,rf_smote,45,3930,67,0.017048346055979643,168,42,0.2,1012,15,0.014822134387351778,0.8,0.22641509433962265,0.35294117647058826,0.665223144472513,0.041123370110330994,956,41,3,12
GripLost,5,3,rf_smote,45,3930,67,0.017048346055979643,168,42,0.3,1012,15,0.014822134387351778,0.6666666666666666,0.3225806451612903,0.43478260869565216,0.7108190091001011,0.02106318956870612,976,21,5,10
GripLost,5,3,rf_smote,45,3930,67,0.017048346055979643,168,42,0.4,1012,15,0.014822134387351778,0.6666666666666666,0.5263157894736842,0.5882352941176471,0.7906000591191251,0.009027081243731194,988,9,5,10
GripLost,5,3,rf_smote,45,3930,67,0.017048346055979643,168,42,0.5,1012,15,0.014822134387351778,0.6,0.6923076923076923,0.6428571428571429,0.8189235614085314,0.004012036108324975,993,4,6,9
GripLost,5,3,rf_smote,46,4057,66,0.01626817845698792,168,42,0.05,885,16,0.01807909604519774,0.8125,0.104,0.18439716312056736,0.5569008528923892,0.12888377445339472,757,112,3,13
GripLost,5,3,rf_smote,46,4057,66,0.01626817845698792,168,42,0.1,885,16,0.01807909604519774,0.75,0.17391304347826086,0.2823529411764706,0.6230755803805201,0.06559263521288838,812,57,4,12
GripLost,5,3,rf_smote,46,4057,66,0.01626817845698792,168,42,0.15,885,16,0.01807909604519774,0.6875,0.21153846153846154,0.3235294117647059,0.6482511923688394,0.047180667433831994,828,41,5,11
GripLost,5,3,rf_smote,46,4057,66,0.01626817845698792,168,42,0.2,885,16,0.01807909604519774,0.6875,0.275,0.39285714285714285,0.6865102517086181,0.0333716915995397,840,29,5,11
GripLost,5,3,rf_smote,46,4057,66,0.01626817845698792,168,42,0.3,885,16,0.01807909604519774,0.375,0.375,0.375,0.6817462600690449,0.011507479861910242,859,10,10,6
GripLost,5,3,rf_smote,46,4057,66,0.01626817845698792,168,42,0.4,885,16,0.01807909604519774,0.3125,0.38461538461538464,0.3448275862068966,0.6669571589851255,0.009205983889528193,861,8,11,5
GripLost,5,3,rf_smote,46,4057,66,0.01626817845698792,168,42,0.5,885,16,0.01807909604519774,0.125,0.25,0.16666666666666666,0.5776059564719359,0.006904487917146145,863,6,14,2
GripLost,5,3,rf_smote,47,3981,67,0.016829942225571465,168,42,0.05,961,15,0.015608740894901144,0.8,0.08053691275167785,0.14634146341463414,0.5333527567357584,0.14482029598308668,809,137,3,12
GripLost,5,3,rf_smote,47,3981,67,0.016829942225571465,168,42,0.1,961,15,0.015608740894901144,0.7333333333333333,0.19298245614035087,0.3055555555555556,0.6392642642642643,0.048625792811839326,900,46,4,11
GripLost,5,3,rf_smote,47,3981,67,0.016829942225571465,168,42,0.15,961,15,0.015608740894901144,0.6,0.25,0.35294117647058826,0.6676517747665608,0.02854122621564482,919,27,6,9
GripLost,5,3,rf_smote,47,3981,67,0.016829942225571465,168,42,0.2,961,15,0.015608740894901144,0.6,0.4090909090909091,0.4864864864864865,0.7382034554448348,0.013742071881606765,933,13,6,9
GripLost,5,3,rf_smote,47,3981,67,0.016829942225571465,168,42,0.3,961,15,0.015608740894901144,0.5333333333333333,0.5,0.5161290322580645,0.7540983606557377,0.008456659619450317,938,8,7,8
GripLost,5,3,rf_smote,47,3981,67,0.016829942225571465,168,42,0.4,961,15,0.015608740894901144,0.3333333333333333,0.45454545454545453,0.38461538461538464,0.6880882830249919,0.006342494714587738,940,6,10,5
GripLost,5,3,rf_smote,47,3981,67,0.016829942225571465,168,42,0.5,961,15,0.015608740894901144,0.3333333333333333,0.625,0.43478260869565216,0.7139684502140715,0.003171247357293869,943,3,10,5
GripLost,5,3,rf_smote,48,4064,61,0.015009842519685039,168,42,0.05,878,21,0.023917995444191344,0.9523809523809523,0.1360544217687075,0.23809523809523808,0.5787453520451001,0.14819136522753792,730,127,1,20
GripLost,5,3,rf_smote,48,4064,61,0.015009842519685039,168,42,0.1,878,21,0.023917995444191344,0.8571428571428571,0.23076923076923078,0.36363636363636365,0.6628079223130521,0.07001166861143523,797,60,3,18
GripLost,5,3,rf_smote,48,4064,61,0.015009842519685039,168,42,0.15,878,21,0.023917995444191344,0.8095238095238095,0.2698412698412698,0.40476190476190477,0.6874287992709045,0.05367561260210035,811,46,4,17
GripLost,5,3,rf_smote,48,4064,61,0.015009842519685039,168,42,0.2,878,21,0.023917995444191344,0.7619047619047619,0.35555555555555557,0.48484848484848486,0.7323650708266093,0.0338389731621937,828,29,5,16
GripLost,5,3,rf_smote,48,4064,61,0.015009842519685039,168,42,0.3,878,21,0.023917995444191344,0.5714285714285714,0.6,0.5853658536585366,0.7877266586076939,0.009334889148191364,849,8,9,12
GripLost,5,3,rf_smote,48,4064,61,0.015009842519685039,168,42,0.4,878,21,0.023917995444191344,0.5714285714285714,0.6666666666666666,0.6153846153846154,0.8033242238250975,0.007001166861143524,851,6,9,12
GripLost,5,3,rf_smote,48,4064,61,0.015009842519685039,168,42,0.5,878,21,0.023917995444191344,0.23809523809523808,0.625,0.3448275862068966,0.666912924545255,0.003500583430571762,854,3,16,5
GripLost,5,3,rf_smote,49,3810,64,0.01679790026246719,168,42,0.05,1132,18,0.015901060070671377,0.7777777777777778,0.08641975308641975,0.15555555555555556,0.5413094476434208,0.13285457809694792,966,148,4,14
GripLost,5,3,rf_smote,49,3810,64,0.01679790026246719,168,42,0.1,1132,18,0.015901060070671377,0.6666666666666666,0.15789473684210525,0.2553191489361702,0.6115305422100206,0.05745062836624776,1050,64,6,12
GripLost,5,3,rf_smote,49,3810,64,0.01679790026246719,168,42,0.15,1132,18,0.015901060070671377,0.6111111111111112,0.22916666666666666,0.3333333333333333,0.656657567485593,0.03321364452423698,1077,37,7,11
GripLost,5,3,rf_smote,49,3810,64,0.01679790026246719,168,42,0.2,1132,18,0.015901060070671377,0.6111111111111112,0.3055555555555556,0.4074074074074074,0.6964638846991789,0.02244165170556553,1089,25,7,11
GripLost,5,3,rf_smote,49,3810,64,0.01679790026246719,168,42,0.3,1132,18,0.015901060070671377,0.5555555555555556,0.5,0.5263157894736842,0.7591147680522059,0.008976660682226212,1104,10,8,10
GripLost,5,3,rf_smote,49,3810,64,0.01679790026246719,168,42,0.4,1132,18,0.015901060070671377,0.3333333333333333,0.6666666666666666,0.4444444444444444,0.7188695177072468,0.0026929982046678637,1111,3,12,6
GripLost,5,3,rf_smote,49,3810,64,0.01679790026246719,168,42,0.5,1132,18,0.015901060070671377,0.1111111111111111,0.6666666666666666,0.19047619047619047,0.5914485276946266,0.0008976660682226212,1113,1,16,2
GripLost,5,3,rf_smote,50,3985,63,0.015809284818067756,168,42,0.05,957,19,0.019853709508881923,0.7368421052631579,0.10294117647058823,0.18064516129032257,0.5542225237946781,0.1300639658848614,816,122,5,14
GripLost,5,3,rf_smote,50,3985,63,0.015809284818067756,168,42,0.1,957,19,0.019853709508881923,0.5789473684210527,0.1506849315068493,0.2391304347826087,0.600355557676705,0.06609808102345416,876,62,8,11
GripLost,5,3,rf_smote,50,3985,63,0.015809284818067756,168,42,0.15,957,19,0.019853709508881923,0.5789473684210527,0.21568627450980393,0.3142857142857143,0.6441276727610784,0.042643923240938165,898,40,8,11
GripLost,5,3,rf_smote,50,3985,63,0.015809284818067756,168,42,0.2,957,19,0.019853709508881923,0.5789473684210527,0.2682926829268293,0.36666666666666664,0.6730852211434736,0.031982942430703626,908,30,8,11
GripLost,5,3,rf_smote,50,3985,63,0.015809284818067756,168,42,0.3,957,19,0.019853709508881923,0.5263157894736842,0.43478260869565216,0.47619047619047616,0.7322191697191698,0.013859275053304905,925,13,9,10
GripLost,5,3,rf_smote,50,3985,63,0.015809284818067756,168,42,0.4,957,19,0.019853709508881923,0.47368421052631576,0.5,0.4864864864864865,0.7381819752624228,0.009594882729211088,929,9,10,9
GripLost,5,3,rf_smote,50,3985,63,0.015809284818067756,168,42,0.5,957,19,0.019853709508881923,0.2631578947368421,0.5555555555555556,0.35714285714285715,0.673799424329647,0.0042643923240938165,934,4,14,5
GripLost,5,3,rf_smote,51,3998,61,0.015257628814407204,168,42,0.05,944,21,0.022245762711864406,1.0,0.13548387096774195,0.23863636363636365,0.5801826677994902,0.14517876489707476,789,134,0,21
GripLost,5,3,rf_smote,51,3998,61,0.015257628814407204,168,42,0.1,944,21,0.022245762711864406,0.7619047619047619,0.2077922077922078,0.32653061224489793,0.6448295519325048,0.06608884073672806,862,61,5,16
GripLost,5,3,rf_smote,51,3998,61,0.015257628814407204,168,42,0.15,944,21,0.022245762711864406,0.7142857142857143,0.26785714285714285,0.38961038961038963,0.6818289385931573,0.044420368364030335,882,41,6,15
GripLost,5,3,rf_smote,51,3998,61,0.015257628814407204,168,42,0.2,944,21,0.022245762711864406,0.5238095238095238,0.275,0.36065573770491804,0.6696546340412932,0.0314192849404117,894,29,10,11
GripLost,5,3,rf_smote,51,3998,61,0.015257628814407204,168,42,0.3,944,21,0.022245762711864406,0.2857142857142857,0.3,0.2926829268292683,0.6384908949251918,0.015167930660888408,909,14,15,6
GripLost,5,3,rf_smote,51,3998,61,0.015257628814407204,168,42,0.4,944,21,0.022245762711864406,0.23809523809523808,0.5,0.3225806451612903,0.6556360414820991,0.005417118093174431,918,5,16,5
GripLost,5,3,rf_smote,51,3998,61,0.015257628814407204,168,42,0.5,944,21,0.022245762711864406,0.19047619047619047,1.0,0.32,0.6554374664519592,0.0,923,0,17,4
GripLost,5,3,rf_smote,52,3923,76,0.01937292888095845,168,42,0.05,1019,6,0.005888125613346418,1.0,0.044444444444444446,0.0851063829787234,0.5085521371931044,0.12734452122408688,884,129,0,6
GripLost,5,3,rf_smote,52,3923,76,0.01937292888095845,168,42,0.1,1019,6,0.005888125613346418,0.8333333333333334,0.07575757575757576,0.1388888888888889,0.5536763874759806,0.060217176702862786,952,61,1,5
GripLost,5,3,rf_smote,52,3923,76,0.01937292888095845,168,42,0.15,1019,6,0.005888125613346418,0.8333333333333334,0.10638297872340426,0.18867924528301888,0.5835083883845825,0.04146100691016782,971,42,1,5
GripLost,5,3,rf_smote,52,3923,76,0.01937292888095845,168,42,0.2,1019,6,0.005888125613346418,0.6666666666666666,0.10810810810810811,0.18604651162790697,0.584251325989392,0.03257650542941757,980,33,2,4
GripLost,5,3,rf_smote,52,3923,76,0.01937292888095845,168,42,0.3,1019,6,0.005888125613346418,0.5,0.125,0.2,0.5940239043824701,0.02073050345508391,992,21,3,3
GripLost,5,3,rf_smote,52,3923,76,0.01937292888095845,168,42,0.4,1019,6,0.005888125613346418,0.3333333333333333,0.15384615384615385,0.21052631578947367,0.6015484476421366,0.01085883514313919,1002,11,4,2
GripLost,5,3,rf_smote,52,3923,76,0.01937292888095845,168,42,0.5,1019,6,0.005888125613346418,0.3333333333333333,0.25,0.2857142857142857,0.6403867871259176,0.005923000987166831,1007,6,4,2
GripLost,5,3,rf_smote,53,3933,61,0.015509788965166539,168,42,0.05,1009,21,0.02081268582755203,0.7142857142857143,0.09375,0.16574585635359115,0.5417733092328653,0.14676113360323886,843,145,6,15
GripLost,5,3,rf_smote,53,3933,61,0.015509788965166539,168,42,0.1,1009,21,0.02081268582755203,0.6666666666666666,0.15384615384615385,0.25,0.6029643231899265,0.07793522267206478,911,77,7,14
GripLost,5,3,rf_smote,53,3933,61,0.015509788965166539,168,42,0.15,1009,21,0.02081268582755203,0.6190476190476191,0.22033898305084745,0.325,0.6485681114551084,0.0465587044534413,942,46,8,13
GripLost,5,3,rf_smote,53,3933,61,0.015509788965166539,168,42,0.2,1009,21,0.02081268582755203,0.47619047619047616,0.2702702702702703,0.3448275862068966,0.6627199155524279,0.027327935222672066,961,27,11,10
GripLost,5,3,rf_smote,53,3933,61,0.015509788965166539,168,42,0.3,1009,21,0.02081268582755203,0.3333333333333333,0.3888888888888889,0.358974358974359,0.6731708581127479,0.011133603238866396,977,11,14,7
GripLost,5,3,rf_smote,53,3933,61,0.015509788965166539,168,42,0.4,1009,21,0.02081268582755203,0.19047619047619047,0.5,0.27586206896551724,0.6326519997919593,0.004048582995951417,984,4,17,4
GripLost,5,3,rf_smote,53,3933,61,0.015509788965166539,168,42,0.5,1009,21,0.02081268582755203,0.14285714285714285,0.6,0.23076923076923078,0.6103645350633302,0.0020242914979757085,986,2,18,3
GripLost,5,3,rf_smote,54,3878,66,0.01701908200103146,168,42,0.05,1064,16,0.015037593984962405,0.875,0.061946902654867256,0.11570247933884298,0.5011174114615742,0.20229007633587787,836,212,2,14
GripLost,5,3,rf_smote,54,3878,66,0.01701908200103146,168,42,0.1,1064,16,0.015037593984962405,0.75,0.1016949152542373,0.1791044776119403,0.5619694905612359,0.10114503816793893,942,106,4,12
GripLost,5,3,rf_smote,54,3878,66,0.01701908200103146,168,42,0.15,1064,16,0.015037593984962405,0.625,0.13333333333333333,0.21978021978021978,0.5924625202975718,0.06202290076335878,983,65,6,10
GripLost,5,3,rf_smote,54,3878,66,0.01701908200103146,168,42,0.2,1064,16,0.015037593984962405,0.5625,0.17647058823529413,0.26865671641791045,0.622440924924142,0.04007633587786259,1006,42,7,9
GripLost,5,3,rf_smote,54,3878,66,0.01701908200103146,168,42,0.3,1064,16,0.015037593984962405,0.5625,0.3333333333333333,0.4186046511627907,0.7033071217444649,0.01717557251908397,1030,18,7,9
GripLost,5,3,rf_smote,54,3878,66,0.01701908200103146,168,42,0.4,1064,16,0.015037593984962405,0.5,0.5333333333333333,0.5161290322580645,0.7544879782177304,0.006679389312977099,1041,7,8,8
GripLost,5,3,rf_smote,54,3878,66,0.01701908200103146,168,42,0.5,1064,16,0.015037593984962405,0.4375,0.875,0.5833333333333334,0.7892902408111534,0.0009541984732824427,1047,1,9,7
GripLost,5,3,rf_smote,55,3924,60,0.01529051987767584,168,42,0.05,1018,22,0.021611001964636542,0.8181818181818182,0.13432835820895522,0.23076923076923078,0.5834697217675942,0.11646586345381527,880,116,4,18
GripLost,5,3,rf_smote,55,3924,60,0.01529051987767584,168,42,0.1,1018,22,0.021611001964636542,0.7272727272727273,0.2909090909090909,0.4155844155844156,0.6963067560311051,0.0391566265060241,957,39,6,16
GripLost,5,3,rf_smote,55,3924,60,0.01529051987767584,168,42,0.15,1018,22,0.021611001964636542,0.7272727272727273,0.3333333333333333,0.45714285714285713,0.7189071355907571,0.0321285140562249,964,32,6,16
GripLost,5,3,rf_smote,55,3924,60,0.01529051987767584,168,42,0.2,1018,22,0.021611001964636542,0.5909090909090909,0.37142857142857144,0.45614035087719296,0.7202379369343014,0.02208835341365462,974,22,9,13
GripLost,5,3,rf_smote,55,3924,60,0.01529051987767584,168,42,0.3,1018,22,0.021611001964636542,0.45454545454545453,0.43478260869565216,0.4444444444444444,0.7159439700876165,0.013052208835341365,983,13,12,10
GripLost,5,3,rf_smote,55,3924,60,0.01529051987767584,168,42,0.4,1018,22,0.021611001964636542,0.3181818181818182,0.5833333333333334,0.4117647058823529,0.7008873479461715,0.0050200803212851405,991,5,15,7
GripLost,5,3,rf_smote,55,3924,60,0.01529051987767584,168,42,0.5,1018,22,0.021611001964636542,0.13636363636363635,0.6,0.2222222222222222,0.6058846302748742,0.002008032128514056,994,2,19,3
GripLost,5,3,rf_smote,56,4018,60,0.014932802389248382,168,42,0.05,924,22,0.023809523809523808,0.8636363636363636,0.12418300653594772,0.21714285714285714,0.5676270173341303,0.14855875831485588,768,134,3,19
GripLost,5,3,rf_smote,56,4018,60,0.014932802389248382,168,42,0.1,924,22,0.023809523809523808,0.7727272727272727,0.2463768115942029,0.37362637362637363,0.67059235585132,0.057649667405764965,850,52,5,17
GripLost,5,3,rf_smote,56,4018,60,0.014932802389248382,168,42,0.15,924,22,0.023809523809523808,0.5909090909090909,0.38235294117647056,0.4642857142857143,0.7237723214285714,0.02328159645232816,881,21,9,13
GripLost,5,3,rf_smote,56,4018,60,0.014932802389248382,168,42,0.2,924,22,0.023809523809523808,0.5454545454545454,0.5217391304347826,0.5333333333333333,0.760843039378813,0.012195121951219513,891,11,10,12
GripLost,5,3,rf_smote,56,4018,60,0.014932802389248382,168,42,0.3,924,22,0.023809523809523808,0.36363636363636365,0.6153846153846154,0.45714285714285713,0.7233314947600662,0.005543237250554324,897,5,14,8
GripLost,5,3,rf_smote,56,4018,60,0.014932802389248382,168,42,0.4,924,22,0.023809523809523808,0.18181818181818182,0.8,0.2962962962962963,0.6429312343645128,0.0011086474501108647,901,1,18,4
GripLost,5,3,rf_smote,56,4018,60,0.014932802389248382,168,42,0.5,924,22,0.023809523809523808,0.0,0.0,0.0,0.4939759036144578,0.0,902,0,22,0
GripLost,5,3,rf_smote,57,4042,70,0.017318159327065808,168,42,0.05,900,12,0.013333333333333334,0.5,0.047244094488188976,0.08633093525179857,0.5049354856873081,0.13626126126126126,767,121,6,6
GripLost,5,3,rf_smote,57,4042,70,0.017318159327065808,168,42,0.1,900,12,0.013333333333333334,0.5,0.08955223880597014,0.1518987341772152,0.556483940011327,0.0686936936936937,827,61,6,6
GripLost,5,3,rf_smote,57,4042,70,0.017318159327065808,168,42,0.15,900,12,0.013333333333333334,0.5,0.14285714285714285,0.2222222222222222,0.5990836197021764,0.04054054054054054,852,36,6,6
GripLost,5,3,rf_smote,57,4042,70,0.017318159327065808,168,42,0.2,900,12,0.013333333333333334,0.4166666666666667,0.1724137931034483,0.24390243902439024,0.6131393946116834,0.02702702702702703,864,24,7,5
GripLost,5,3,rf_smote,57,4042,70,0.017318159327065808,168,42,0.3,900,12,0.013333333333333334,0.4166666666666667,0.35714285714285715,0.38461538461538464,0.6877981094441072,0.010135135135135136,879,9,7,5
GripLost,5,3,rf_smote,57,4042,70,0.017318159327065808,168,42,0.4,900,12,0.013333333333333334,0.3333333333333333,0.5,0.4,0.6966292134831461,0.0045045045045045045,884,4,8,4
GripLost,5,3,rf_smote,57,4042,70,0.017318159327065808,168,42,0.5,900,12,0.013333333333333334,0.25,0.6,0.35294117647058826,0.6733858995084293,0.0022522522522522522,886,2,9,3
GripLost,5,3,rf_smote,58,4073,61,0.01497667566904002,168,42,0.05,869,21,0.024165707710011506,0.8095238095238095,0.11038961038961038,0.19428571428571428,0.5520372909240472,0.1615566037735849,711,137,4,17
GripLost,5,3,rf_smote,58,4073,61,0.01497667566904002,168,42,0.1,869,21,0.024165707710011506,0.8095238095238095,0.20987654320987653,0.3333333333333333,0.6458842705786471,0.07547169811320754,784,64,4,17
GripLost,5,3,rf_smote,58,4073,61,0.01497667566904002,168,42,0.15,869,21,0.024165707710011506,0.7619047619047619,0.38095238095238093,0.5079365079365079,0.7447145226249704,0.030660377358490566,822,26,5,16
GripLost,5,3,rf_smote,58,4073,61,0.01497667566904002,168,42,0.2,869,21,0.024165707710011506,0.7142857142857143,0.5769230769230769,0.6382978723404256,0.8141223246977113,0.012971698113207548,837,11,6,15
GripLost,5,3,rf_smote,58,4073,61,0.01497667566904002,168,42,0.3,869,21,0.024165707710011506,0.47619047619047616,0.7692307692307693,0.5882352941176471,0.7900096658381663,0.003537735849056604,845,3,11,10
GripLost,5,3,rf_smote,58,4073,61,0.01497667566904002,168,42,0.4,869,21,0.024165707710011506,0.47619047619047616,0.9090909090909091,0.625,0.8089830011723329,0.0011792452830188679,847,1,11,10
GripLost,5,3,rf_smote,58,4073,61,0.01497667566904002,168,42,0.5,869,21,0.024165707710011506,0.3333333333333333,0.875,0.4827586206896552,0.7369907790399709,0.0011792452830188679,847,1,14,7
GripLost,5,3,rf_smote,59,3764,67,0.017800212539851222,168,42,0.05,1178,15,0.012733446519524618,1.0,0.0635593220338983,0.11952191235059761,0.5072668944175791,0.19002579535683578,942,221,0,15
GripLost,5,3,rf_smote,59,3764,67,0.017800212539851222,168,42,0.1,1178,15,0.012733446519524618,0.8666666666666667,0.11504424778761062,0.203125,0.5786720152603231,0.08598452278589853,1063,100,2,13
GripLost,5,3,rf_smote,59,3764,67,0.017800212539851222,168,42,0.15,1178,15,0.012733446519524618,0.8,0.21052631578947367,0.3333333333333333,0.6561587857559836,0.03869303525365434,1118,45,3,12
GripLost,5,3,rf_smote,59,3764,67,0.017800212539851222,168,42,0.2,1178,15,0.012733446519524618,0.8,0.27906976744186046,0.41379310344827586,0.6994988145613877,0.026655202063628546,1132,31,3,12
GripLost,5,3,rf_smote,59,3764,67,0.017800212539851222,168,42,0.3,1178,15,0.012733446519524618,0.6666666666666666,0.4166666666666667,0.5128205128205128,0.7523101269324834,0.012037833190025795,1149,14,5,10
GripLost,5,3,rf_smote,59,3764,67,0.017800212539851222,168,42,0.4,1178,15,0.012733446519524618,0.4666666666666667,0.6363636363636364,0.5384615384615384,0.7666556619346319,0.0034393809114359416,1159,4,8,7
GripLost,5,3,rf_smote,59,3764,67,0.017800212539851222,168,42,0.5,1178,15,0.012733446519524618,0.26666666666666666,0.6666666666666666,0.38095238095238093,0.6876924645661262,0.0017196904557179708,1161,2,11,4
GripLost,5,3,rf_smote,60,3893,67,0.01721037760082199,168,42,0.05,1049,15,0.014299332697807437,0.8666666666666667,0.09558823529411764,0.17218543046357615,0.5539920475379001,0.11895551257253385,911,123,2,13
GripLost,5,3,rf_smote,60,3893,67,0.01721037760082199,168,42,0.1,1049,15,0.014299332697807437,0.8666666666666667,0.19402985074626866,0.3170731707317073,0.6446476964769647,0.05222437137330754,980,54,2,13
GripLost,5,3,rf_smote,60,3893,67,0.01721037760082199,168,42,0.15,1049,15,0.014299332697807437,0.7333333333333333,0.24444444444444444,0.36666666666666664,0.6740104677788682,0.03288201160541586,1000,34,4,11
GripLost,5,3,rf_smote,60,3893,67,0.01721037760082199,168,42,0.2,1049,15,0.014299332697807437,0.6666666666666666,0.3125,0.425531914893617,0.7061838024004896,0.02127659574468085,1012,22,5,10
GripLost,5,3,rf_smote,60,3893,67,0.01721037760082199,168,42,0.3,1049,15,0.014299332697807437,0.6666666666666666,0.45454545454545453,0.5405405405405406,0.766146058722478,0.01160541586073501,1022,12,5,10
GripLost,5,3,rf_smote,60,3893,67,0.01721037760082199,168,42,0.4,1049,15,0.014299332697807437,0.6666666666666666,0.7142857142857143,0.6896551724137931,0.8426526224562925,0.0038684719535783366,1030,4,5,10
GripLost,5,3,rf_smote,60,3893,67,0.01721037760082199,168,42,0.5,1049,15,0.014299332697807437,0.6,0.6923076923076923,0.6428571428571429,0.8190131124913733,0.0038684719535783366,1030,4,6,9
GripLost,5,3,rf_smote,61,3768,67,0.01778131634819533,168,42,0.05,1174,15,0.012776831345826235,0.8,0.05150214592274678,0.0967741935483871,0.4950537634408602,0.1906816220880069,938,221,3,12
GripLost,5,3,rf_smote,61,3768,67,0.01778131634819533,168,42,0.1,1174,15,0.012776831345826235,0.8,0.12903225806451613,0.2222222222222222,0.5923611111111111,0.06988783433994823,1078,81,3,12
GripLost,5,3,rf_smote,61,3768,67,0.01778131634819533,168,42,0.15,1174,15,0.012776831345826235,0.7333333333333333,0.21568627450980393,0.3333333333333333,0.6570260005842827,0.03451251078515962,1119,40,4,11
GripLost,5,3,rf_smote,61,3768,67,0.01778131634819533,168,42,0.2,1174,15,0.012776831345826235,0.6,0.3103448275862069,0.4090909090909091,0.6989030934343434,0.01725625539257981,1139,20,6,9
GripLost,5,3,rf_smote,61,3768,67,0.01778131634819533,168,42,0.3,1174,15,0.012776831345826235,0.5333333333333333,0.6666666666666666,0.5925925925925926,0.7939266280498507,0.003451251078515962,1155,4,7,8
GripLost,5,3,rf_smote,61,3768,67,0.01778131634819533,168,42,0.4,1174,15,0.012776831345826235,0.4666666666666667,0.7777777777777778,0.5833333333333334,0.7895152036718303,0.001725625539257981,1157,2,8,7
GripLost,5,3,rf_smote,61,3768,67,0.01778131634819533,168,42,0.5,1174,15,0.012776831345826235,0.4,0.8571428571428571,0.5454545454545454,0.7705776596576253,0.0008628127696289905,1158,1,9,6
GripLost,5,3,rf_smote,62,3860,67,0.017357512953367876,168,42,0.05,1082,15,0.013863216266173753,0.8,0.06818181818181818,0.1256544502617801,0.5205058870670279,0.15370196813495782,903,164,3,12
GripLost,5,3,rf_smote,62,3860,67,0.017357512953367876,168,42,0.1,1082,15,0.013863216266173753,0.8,0.15584415584415584,0.2608695652173913,0.6140255161994292,0.06091846298031865,1002,65,3,12
GripLost,5,3,rf_smote,62,3860,67,0.017357512953367876,168,42,0.15,1082,15,0.013863216266173753,0.5333333333333333,0.16,0.24615384615384617,0.6114046982079379,0.03936269915651359,1025,42,7,8
GripLost,5,3,rf_smote,62,3860,67,0.017357512953367876,168,42,0.2,1082,15,0.013863216266173753,0.3333333333333333,0.17857142857142858,0.23255813953488372,0.6084997204039341,0.02155576382380506,1044,23,10,5
GripLost,5,3,rf_smote,62,3860,67,0.017357512953367876,168,42,0.3,1082,15,0.013863216266173753,0.26666666666666666,0.26666666666666666,0.26666666666666666,0.6281786941580756,0.010309278350515464,1056,11,11,4
GripLost,5,3,rf_smote,62,3860,67,0.017357512953367876,168,42,0.4,1082,15,0.013863216266173753,0.2,0.3333333333333333,0.25,0.6207943925233645,0.005623242736644799,1061,6,12,3
GripLost,5,3,rf_smote,62,3860,67,0.017357512953367876,168,42,0.5,1082,15,0.013863216266173753,0.13333333333333333,0.3333333333333333,0.19047619047619047,0.5912716929982446,0.0037488284910965324,1063,4,13,2
GripLost,5,3,rf_smote,63,3959,64,0.016165698408689064,168,42,0.05,983,18,0.018311291963377416,0.5,0.07563025210084033,0.13138686131386862,0.5331619927127025,0.11398963730569948,855,110,9,9
GripLost,5,3,rf_smote,63,3959,64,0.016165698408689064,168,42,0.1,983,18,0.018311291963377416,0.4444444444444444,0.10810810810810811,0.17391304347826086,0.566679040415758,0.06839378238341969,899,66,10,8
GripLost,5,3,rf_smote,63,3959,64,0.016165698408689064,168,42,0.15,983,18,0.018311291963377416,0.2777777777777778,0.11363636363636363,0.16129032258064516,0.5669896991054486,0.04041450777202073,926,39,13,5
GripLost,5,3,rf_smote,63,3959,64,0.016165698408689064,168,42,0.2,983,18,0.018311291963377416,0.16666666666666666,0.0967741935483871,0.12244897959183673,0.5500090490030127,0.029015544041450778,937,28,15,3
GripLost,5,3,rf_smote,63,3959,64,0.016165698408689064,168,42,0.3,983,18,0.018311291963377416,0.16666666666666666,0.14285714285714285,0.15384615384615385,0.5683605444892419,0.01865284974093264,947,18,15,3
GripLost,5,3,rf_smote,63,3959,64,0.016165698408689064,168,42,0.4,983,18,0.018311291963377416,0.05555555555555555,0.1,0.07142857142857142,0.5290063393778565,0.00932642487046632,956,9,17,1
GripLost,5,3,rf_smote,63,3959,64,0.016165698408689064,168,42,0.5,983,18,0.018311291963377416,0.05555555555555555,0.14285714285714285,0.08,0.5340752189592993,0.0062176165803108805,959,6,17,1
GripLost,5,3,rf_smote,64,3934,64,0.01626842907981698,168,42,0.05,1008,18,0.017857142857142856,0.7222222222222222,0.07303370786516854,0.1326530612244898,0.5196232339089482,0.16666666666666666,825,165,5,13
GripLost,5,3,rf_smote,64,3934,64,0.01626842907981698,168,42,0.1,1008,18,0.017857142857142856,0.6666666666666666,0.15384615384615385,0.25,0.60625,0.06666666666666667,924,66,6,12
GripLost,5,3,rf_smote,64,3934,64,0.01626842907981698,168,42,0.15,1008,18,0.017857142857142856,0.5555555555555556,0.2222222222222222,0.31746031746031744,0.6477214541730671,0.03535353535353535,955,35,8,10
GripLost,5,3,rf_smote,64,3934,64,0.01626842907981698,168,42,0.2,1008,18,0.017857142857142856,0.5,0.3103448275862069,0.3829787234042553,0.684125217466475,0.020202020202020204,970,20,9,9
GripLost,5,3,rf_smote,64,3934,64,0.01626842907981698,168,42,0.3,1008,18,0.017857142857142856,0.2777777777777778,0.35714285714285715,0.3125,0.6507056451612903,0.00909090909090909,981,9,13,5
GripLost,5,3,rf_smote,64,3934,64,0.01626842907981698,168,42,0.4,1008,18,0.017857142857142856,0.16666666666666666,0.3333333333333333,0.2222222222222222,0.6058320764203118,0.006060606060606061,984,6,15,3
GripLost,5,3,rf_smote,64,3934,64,0.01626842907981698,168,42,0.5,1008,18,0.017857142857142856,0.16666666666666666,0.5,0.25,0.6204819277108433,0.0030303030303030303,987,3,15,3
GripLost,5,3,rf_smote,65,4048,69,0.017045454545454544,168,42,0.05,894,13,0.0145413870246085,0.6153846153846154,0.061068702290076333,0.1111111111111111,0.5166261151662611,0.13961407491486946,758,123,5,8
GripLost,5,3,rf_smote,65,4048,69,0.017045454545454544,168,42,0.1,894,13,0.0145413870246085,0.6153846153846154,0.14545454545454545,0.23529411764705882,0.602530779753762,0.053348467650397274,834,47,5,8
GripLost,5,3,rf_smote,65,4048,69,0.017045454545454544,168,42,0.15,894,13,0.0145413870246085,0.5384615384615384,0.175,0.2641509433962264,0.6208362786145397,0.03745743473325766,848,33,6,7
GripLost,5,3,rf_smote,65,4048,69,0.017045454545454544,168,42,0.2,894,13,0.0145413870246085,0.46153846153846156,0.23076923076923078,0.3076923076923077,0.6461274574482121,0.022701475595913734,861,20,7,6
GripLost,5,3,rf_smote,65,4048,69,0.017045454545454544,168,42,0.3,894,13,0.0145413870246085,0.38461538461538464,0.35714285714285715,0.37037037037037035,0.6803583822323175,0.01021566401816118,872,9,8,5
GripLost,5,3,rf_smote,65,4048,69,0.017045454545454544,168,42,0.4,894,13,0.0145413870246085,0.3076923076923077,0.36363636363636365,0.3333333333333333,0.6621315192743764,0.007945516458569807,874,7,9,4
GripLost,5,3,rf_smote,65,4048,69,0.017045454545454544,168,42,0.5,894,13,0.0145413870246085,0.07692307692307693,0.2,0.1111111111111111,0.5510357815442561,0.004540295119182747,877,4,12,1
GripLost,5,3,rf_smote,66,3894,70,0.017976373908577297,168,42,0.05,1048,12,0.011450381679389313,1.0,0.06741573033707865,0.12631578947368421,0.5196112000883636,0.16023166023166024,870,166,0,12
GripLost,5,3,rf_smote,66,3894,70,0.017976373908577297,168,42,0.1,1048,12,0.011450381679389313,0.8333333333333334,0.12048192771084337,0.21052631578947367,0.5865225282095794,0.07046332046332046,963,73,2,10
GripLost,5,3,rf_smote,66,3894,70,0.017976373908577297,168,42,0.15,1048,12,0.011450381679389313,0.8333333333333334,0.21739130434782608,0.3448275862068966,0.6630909275489831,0.03474903474903475,1000,36,2,10
GripLost,5,3,rf_smote,66,3894,70,0.017976373908577297,168,42,0.2,1048,12,0.011450381679389313,0.6666666666666666,0.22857142857142856,0.3404255319148936,0.662648100266866,0.026061776061776062,1009,27,4,8
GripLost,5,3,rf_smote,66,3894,70,0.017976373908577297,168,42,0.3,1048,12,0.011450381679389313,0.5833333333333334,0.4117647058823529,0.4827586206896552,0.7377508633201542,0.009652509652509652,1026,10,5,7
GripLost,5,3,rf_smote,66,3894,70,0.017976373908577297,168,42,0.4,1048,12,0.011450381679389313,0.5,0.5454545454545454,0.5217391304347826,0.7582164055454184,0.004826254826254826,1031,5,6,6
GripLost,5,3,rf_smote,66,3894,70,0.017976373908577297,168,42,0.5,1048,12,0.011450381679389313,0.16666666666666666,0.6666666666666666,0.26666666666666666,0.6306903732180041,0.0009652509652509653,1035,1,10,2
GripLost,5,3,rf_smote,67,4047,64,0.015814183345688165,168,42,0.05,895,18,0.02011173184357542,0.6666666666666666,0.09917355371900827,0.17266187050359713,0.5515035579047362,0.12428734321550741,768,109,6,12
GripLost,5,3,rf_smote,67,4047,64,0.015814183345688165,168,42,0.1,895,18,0.02011173184357542,0.5555555555555556,0.14492753623188406,0.22988505747126436,0.5952713602095018,0.06727480045610035,818,59,8,10
GripLost,5,3,rf_smote,67,4047,64,0.015814183345688165,168,42,0.15,895,18,0.02011173184357542,0.5,0.1956521739130435,0.28125,0.6272993916570104,0.04218928164196123,840,37,9,9
GripLost,5,3,rf_smote,67,4047,64,0.015814183345688165,168,42,0.2,895,18,0.02011173184357542,0.3888888888888889,0.20588235294117646,0.2692307692307692,0.6236832787465699,0.03078677309007982,850,27,11,7
GripLost,5,3,rf_smote,67,4047,64,0.015814183345688165,168,42,0.3,895,18,0.02011173184357542,0.3888888888888889,0.2916666666666667,0.3333333333333333,0.6586575133485889,0.019384264538198404,860,17,11,7
GripLost,5,3,rf_smote,67,4047,64,0.015814183345688165,168,42,0.4,895,18,0.02011173184357542,0.3333333333333333,0.3,0.3157894736842105,0.6504746455179043,0.01596351197263398,863,14,12,6
GripLost,5,3,rf_smote,67,4047,64,0.015814183345688165,168,42,0.5,895,18,0.02011173184357542,0.16666666666666666,0.25,0.2,0.5931818181818181,0.010262257696693273,868,9,15,3
GripLost,5,3,rf_smote,68,3946,70,0.017739483020780537,168,42,0.05,996,12,0.012048192771084338,0.9166666666666666,0.07142857142857142,0.13253012048192772,0.5268346111719606,0.14532520325203252,841,143,1,11
GripLost,5,3,rf_smote,68,3946,70,0.017739483020780537,168,42,0.1,996,12,0.012048192771084338,0.6666666666666666,0.11594202898550725,0.19753086419753085,0.581758629377677,0.061991869918699184,923,61,4,8
GripLost,5,3,rf_smote,68,3946,70,0.017739483020780537,168,42,0.15,996,12,0.012048192771084338,0.5833333333333334,0.1794871794871795,0.27450980392156865,0.6277237324605267,0.032520325203252036,952,32,5,7
GripLost,5,3,rf_smote,68,3946,70,0.017739483020780537,168,42,0.2,996,12,0.012048192771084338,0.5,0.20689655172413793,0.2926829268292683,0.6389093773049468,0.023373983739837397,961,23,6,6
GripLost,5,3,rf_smote,68,3946,70,0.017739483020780537,168,42,0.3,996,12,0.012048192771084338,0.4166666666666667,0.29411764705882354,0.3448275862068966,0.6675742617738507,0.012195121951219513,972,12,7,5
GripLost,5,3,rf_smote,68,3946,70,0.017739483020780537,168,42,0.4,996,12,0.012048192771084338,0.25,0.3,0.2727272727272727,0.6323027226580527,0.007113821138211382,977,7,9,3
GripLost,5,3,rf_smote,68,3946,70,0.017739483020780537,168,42,0.5,996,12,0.012048192771084338,0.25,0.375,0.3,0.6464503042596349,0.00508130081300813,979,5,9,3
GripLost,5,3,rf_smote,69,3890,64,0.016452442159383032,168,42,0.05,1052,18,0.017110266159695818,0.7777777777777778,0.07329842931937172,0.1339712918660287,0.5192283899963389,0.17117988394584138,857,177,4,14
GripLost,5,3,rf_smote,69,3890,64,0.016452442159383032,168,42,0.1,1052,18,0.017110266159695818,0.7222222222222222,0.14444444444444443,0.24074074074074073,0.5998292882060418,0.07446808510638298,957,77,5,13
GripLost,5,3,rf_smote,69,3890,64,0.016452442159383032,168,42,0.15,1052,18,0.017110266159695818,0.5555555555555556,0.2,0.29411764705882354,0.6352710042759736,0.03868471953578337,994,40,8,10
GripLost,5,3,rf_smote,69,3890,64,0.016452442159383032,168,42,0.2,1052,18,0.017110266159695818,0.5,0.25,0.3333333333333333,0.6578861788617886,0.02611218568665377,1007,27,9,9
GripLost,5,3,rf_smote,69,3890,64,0.016452442159383032,168,42,0.3,1052,18,0.017110266159695818,0.5,0.47368421052631576,0.4864864864864865,0.7386472103453235,0.009671179883945842,1024,10,9,9
GripLost,5,3,rf_smote,69,3890,64,0.016452442159383032,168,42,0.4,1052,18,0.017110266159695818,0.3888888888888889,0.5384615384615384,0.45161290322580644,0.7217061139380359,0.005802707930367505,1028,6,11,7
GripLost,5,3,rf_smote,69,3890,64,0.016452442159383032,168,42,0.5,1052,18,0.017110266159695818,0.16666666666666666,1.0,0.2857142857142857,0.6392565667649681,0.0,1034,0,15,3
GripLost,5,3,rf_smote,70,3919,66,0.016841030875223272,168,42,0.05,1023,16,0.015640273704789834,0.875,0.07909604519774012,0.14507772020725387,0.5280164639892179,0.1618669314796425,844,163,2,14
GripLost,5,3,rf_smote,70,3919,66,0.016841030875223272,168,42,0.1,1023,16,0.015640273704789834,0.75,0.11650485436893204,0.20168067226890757,0.5761906215522016,0.0903674280039722,916,91,4,12
GripLost,5,3,rf_smote,70,3919,66,0.016841030875223272,168,42,0.15,1023,16,0.015640273704789834,0.625,0.1694915254237288,0.26666666666666666,0.6193810248604769,0.04865938430983118,958,49,6,10
GripLost,5,3,rf_smote,70,3919,66,0.016841030875223272,168,42,0.2,1023,16,0.015640273704789834,0.4375,0.175,0.25,0.6144472361809046,0.03277060575968222,974,33,9,7
GripLost,5,3,rf_smote,70,3919,66,0.016841030875223272,168,42,0.3,1023,16,0.015640273704789834,0.25,0.17391304347826086,0.20512820512820512,0.5948411329577249,0.018867924528301886,988,19,12,4
GripLost,5,3,rf_smote,70,3919,66,0.016841030875223272,168,42,0.4,1023,16,0.015640273704789834,0.1875,0.2727272727272727,0.2222222222222222,0.6059105167574708,0.007944389275074478,999,8,13,3
GripLost,5,3,rf_smote,70,3919,66,0.016841030875223272,168,42,0.5,1023,16,0.015640273704789834,0.125,0.4,0.19047619047619047,0.5910405643738976,0.0029791459781529296,1004,3,14,2
GripLost,5,3,rf_smote,71,4053,49,0.012089810017271158,168,42,0.05,889,33,0.03712035995500562,0.7272727272727273,0.20512820512820512,0.32,0.6286732186732187,0.10864485981308411,763,93,9,24
GripLost,5,3,rf_smote,71,4053,49,0.012089810017271158,168,42,0.1,889,33,0.03712035995500562,0.6666666666666666,0.3188405797101449,0.43137254901960786,0.6983831718845056,0.054906542056074766,809,47,11,22
GripLost,5,3,rf_smote,71,4053,49,0.012089810017271158,168,42,0.15,889,33,0.03712035995500562,0.5454545454545454,0.4,0.46153846153846156,0.7184162895927602,0.03154205607476635,829,27,15,18
GripLost,5,3,rf_smote,71,4053,49,0.012089810017271158,168,42,0.2,889,33,0.03712035995500562,0.48484848484848486,0.45714285714285713,0.47058823529411764,0.7247678018575852,0.02219626168224299,837,19,17,16
GripLost,5,3,rf_smote,71,4053,49,0.012089810017271158,168,42,0.3,889,33,0.03712035995500562,0.3939393939393939,0.5909090909090909,0.4727272727272727,0.7279480820978209,0.010514018691588784,847,9,20,13
GripLost,5,3,rf_smote,71,4053,49,0.012089810017271158,168,42,0.4,889,33,0.03712035995500562,0.24242424242424243,0.7272727272727273,0.36363636363636365,0.6737443640557828,0.0035046728971962616,853,3,25,8
GripLost,5,3,rf_smote,71,4053,49,0.012089810017271158,168,42,0.5,889,33,0.03712035995500562,0.18181818181818182,0.8571428571428571,0.3,0.6419447640966628,0.0011682242990654205,855,1,27,6
