cycle_run,cycle,cycle_occurrence,scenario_block_25,source_rows,first_failure_position,healthy_prefix_rows,fault_in_run,included,Current_J0__mean,Current_J0__std,Current_J0__q10,Current_J0__q50,Current_J0__q90,Current_J0__abs_mean,Current_J0__abs_q90,Current_J1__mean,Current_J1__std,Current_J1__q10,Current_J1__q50,Current_J1__q90,Current_J1__abs_mean,Current_J1__abs_q90,Current_J2__mean,Current_J2__std,Current_J2__q10,Current_J2__q50,Current_J2__q90,Current_J2__abs_mean,Current_J2__abs_q90,Current_J3__mean,Current_J3__std,Current_J3__q10,Current_J3__q50,Current_J3__q90,Current_J3__abs_mean,Current_J3__abs_q90,Current_J4__mean,Current_J4__std,Current_J4__q10,Current_J4__q50,Current_J4__q90,Current_J4__abs_mean,Current_J4__abs_q90,Current_J5__mean,Current_J5__std,Current_J5__q10,Current_J5__q50,Current_J5__q90,Current_J5__abs_mean,Current_J5__abs_q90,Temperature_J0__mean,Temperature_J0__std,Temperature_J0__q10,Temperature_J0__q50,Temperature_J0__q90,Temperature_J0__abs_mean,Temperature_J0__abs_q90,Temperature_J1__mean,Temperature_J1__std,Temperature_J1__q10,Temperature_J1__q50,Temperature_J1__q90,Temperature_J1__abs_mean,Temperature_J1__abs_q90,Temperature_J2__mean,Temperature_J2__std,Temperature_J2__q10,Temperature_J2__q50,Temperature_J2__q90,Temperature_J2__abs_mean,Temperature_J2__abs_q90,Temperature_J3__mean,Temperature_J3__std,Temperature_J3__q10,Temperature_J3__q50,Temperature_J3__q90,Temperature_J3__abs_mean,Temperature_J3__abs_q90,Temperature_J4__mean,Temperature_J4__std,Temperature_J4__q10,Temperature_J4__q50,Temperature_J4__q90,Temperature_J4__abs_mean,Temperature_J4__abs_q90,Temperature_J5__mean,Temperature_J5__std,Temperature_J5__q10,Temperature_J5__q50,Temperature_J5__q90,Temperature_J5__abs_mean,Temperature_J5__abs_q90,Speed_J0__mean,Speed_J0__std,Speed_J0__q10,Speed_J0__q50,Speed_J0__q90,Speed_J0__abs_mean,Speed_J0__abs_q90,Speed_J1__mean,Speed_J1__std,Speed_J1__q10,Speed_J1__q50,Speed_J1__q90,Speed_J1__abs_mean,Speed_J1__abs_q90,Speed_J2__mean,Speed_J2__std,Speed_J2__q10,Speed_J2__q50,Speed_J2__q90,Speed_J2__abs_mean,Speed_J2__abs_q90,Speed_J3__mean,Speed_J3__std,Speed_J3__q10,Speed_J3__q50,Speed_J3__q90,Speed_J3__abs_mean,Speed_J3__abs_q90,Speed_J4__mean,Speed_J4__std,Speed_J4__q10,Speed_J4__q50,Speed_J4__q90,Speed_J4__abs_mean,Speed_J4__abs_q90,Speed_J5__mean,Speed_J5__std,Speed_J5__q10,Speed_J5__q50,Speed_J5__q90,Speed_J5__abs_mean,Speed_J5__abs_q90,Tool_current__mean,Tool_current__std,Tool_current__q10,Tool_current__q50,Tool_current__q90,Tool_current__abs_mean,Tool_current__abs_q90,speed_proxy,workload_proxy,gripping_force_proxy
1,1,1,1,39,19,19,True,True,0.08821656715789473,0.4323834918622428,-0.2639525886,0.06505318,0.6533122065999998,0.31316674105263165,0.8849620342,-2.372122331684211,0.773048754343135,-3.2772353647999997,-2.024668694,-1.7143820286,2.372122331684211,3.2772353647999997,-1.3645454801052632,0.6975644819431067,-2.044387531,-1.211779475,-0.75993762,1.3645454801052632,2.0443875309999995,-0.6673665102631579,0.5003606218477926,-1.1412604574,-0.512540758,-0.20178753120000004,0.6673665102631579,1.1412604573999998,-0.15059610315789476,0.4433173363625366,-0.8490894076000001,-0.062539838,0.13580972539999986,0.3040610741052631,0.8950406787999999,-0.00228138505263158,0.1341672384182992,-0.18072977939999998,0.031410072,0.1801032158,0.11002469505263157,0.2094724986,27.87171052631579,0.013956054891839756,27.875,27.875,27.875,27.87171052631579,27.875,29.37828947368421,0.03779317530617124,29.3125,29.375,29.4375,29.37828947368421,29.4375,29.45394736842105,0.03418521330728048,29.4375,29.4375,29.5,29.45394736842105,29.5,32.19407894736842,0.04001817454143565,32.125,32.1875,32.25,32.19407894736842,32.25,32.328947368421055,0.04901205403207678,32.25,32.3125,32.375,32.328947368421055,32.375,32.07236842105263,0.046520182972799175,32.0,32.0625,32.125,32.07236842105263,32.125,0.008199127052631578,0.1363919251241658,-0.1804149122,0.0,0.14590224939999996,0.09129069336842105,0.24944008619999997,0.004666978736842106,0.03507161082669203,-0.011964455199999998,0.0,0.00726021,0.013796168526315789,0.031495832999999994,0.0006064875789473701,1.1739417277642252,-0.5539437237999998,0.0,0.5404556585999982,0.5475913927368421,2.5442574498,0.022597481052631572,0.3780982641563608,-0.4286728146,0.0,0.4138830003999999,0.2741686881052632,0.5452641483999999,0.0022922248947368413,0.018543516864808544,-0.0114589836,0.0,0.016493861399999997,0.009745555421052633,0.021773268999999987,-0.025865148894736848,0.36231497708445726,-0.5152218938,0.0,0.46896929699999984,0.2509893202631579,0.64711802,0.11710702736842106,0.09628642198449042,0.08200062520000001,0.085785329,0.1760193826,0.11710702736842106,0.1760193826,0.6732248010666666,1.4087264274666664,0.1760193826
3,3,1,1,26,26,26,False,True,0.03529705569230769,1.868009915677712,-0.6299318075,-0.023908492500000003,0.465274498,0.8664402372307694,3.795342684,-2.314275947846154,0.8565953799298784,-3.3370827435,-2.3604459760000003,-1.5182408095,2.314275947846154,3.3370827435,-1.2036026796538464,0.47000202531912566,-1.8112909199999998,-1.1085465550000002,-0.6830064355000001,1.2036026796538464,1.8112909199999998,-0.7370306911923077,0.5358611329348932,-1.2989249825,-0.622110635,-0.257535815,0.7619806659615385,1.2989249825,-0.08454226657692307,0.9533132628563052,-0.4914321895,0.0058761765,0.761782408,0.46502636650000007,1.1896694895,-0.013411825384615385,0.134684795929271,-0.169932857,0.005574984999999998,0.1328531725,0.10899745507692307,0.191582531,28.127403846153847,0.027302443970193623,28.125,28.125,28.15625,28.127403846153847,28.15625,29.713942307692307,0.030877962929483485,29.6875,29.6875,29.75,29.713942307692307,29.75,29.822115384615383,0.04807692307692308,29.75,29.8125,29.875,29.822115384615383,29.875,32.63701923076923,0.03475200070865615,32.625,32.625,32.6875,32.63701923076923,32.6875,32.875,0.04902903378454601,32.8125,32.875,32.9375,32.875,32.9375,32.61298076923077,0.04252837983883205,32.5625,32.625,32.65625,32.61298076923077,32.65625,0.04180184761538462,0.17318596137909875,-0.0551791955,0.0,0.130646579,0.0799583246923077,0.1912954225,-0.009244456731423076,0.03935892604678175,-0.074021388,0.0,0.0089946975,0.01995604157626923,0.0842492995,-0.04138565015692308,0.5221698084345383,-0.022872471999999998,0.0,0.06814376250000001,0.17861256184923077,0.4070490745,-0.10225254015384591,0.3647621802985609,-0.4959845695,0.0,0.14219255749999998,0.2168098310769233,0.602399111,-0.00810165908767073,0.04337094993302022,-0.025122071500000002,0.0,0.009513045500000001,0.016191424856944657,0.0348661,0.04905166523076923,0.2923640473756558,-0.1326425,0.0,0.338696405,0.16341101576923078,0.46148236099999995,0.09572534607692308,0.03126704891735655,0.081032872,0.08459839250000001,0.132251978,0.09572534607692308,0.132251978,0.29689022808333326,1.9373155584166664,0.132251978
4,4,1,1,24,24,24,False,True,0.08007888829166666,0.6961761035044206,-0.2809437413,-0.0010228939999999964,0.7605584618999998,0.4054275915416667,1.0547383725999997,-2.241054594625,0.8562002356170682,-2.7269813777,-2.3508460524999997,-1.6765661718,2.2693375747083335,2.7269813777,-1.2437984049166666,0.8751374663693411,-1.9462824347,-1.2898943425,-0.6029320120000001,1.3746994585,1.9462824347,-0.46806408529166665,0.6495641737801617,-1.2177457334,-0.5217189195,0.1822630763999997,0.6702714668749999,1.2491418124999998,-0.04180184600000001,0.5306856549431976,-0.5259345706,-0.029200958,0.4459622650999997,0.33281033008333333,1.0243261518999995,0.03192995995833333,0.14019862895019528,-0.1795779032,0.033730464,0.2033341689,0.11310496579166666,0.2179705874,28.208333333333332,0.03897559777889523,28.1875,28.1875,28.25,28.208333333333332,28.25,29.8046875,0.03283729222114191,29.75,29.8125,29.8125,29.8046875,29.8125,29.9375,0.03125,29.89375,29.9375,29.98125,29.9375,29.98125,32.778645833333336,0.047664076087820646,32.70625,32.8125,32.8125,32.778645833333336,32.8125,33.044270833333336,0.05253708594227088,33.0,33.0625,33.125,33.044270833333336,33.125,32.755208333333336,0.04745017489137656,32.6875,32.75,32.8125,32.755208333333336,32.8125,-0.045516069125,0.18303852345368485,-0.26349596229999994,0.0,0.09446983959999997,0.09418111895833332,0.27307529289999993,-0.008245395458332992,0.05657778173591755,-0.09859944779999999,0.0,0.04521033009999996,0.031281129958333674,0.1191949054,0.08457365320830225,0.913572850251257,-0.0760552959,0.0,0.04817847119999997,0.36209846220836434,1.8899537382999987,0.09102621229166667,0.4217414220865791,-0.48686356839999995,0.0,0.7294936834999998,0.277127863875,0.7607322634999999,0.01078264879194789,0.056782534644638005,-0.016276481099999997,0.0,0.025720255199999986,0.02406229970878711,0.07593190139999996,-0.025594203833325422,0.34929506917547065,-0.4102735701,0.0,0.4341933338999997,0.20624527275000792,0.6437245603999999,0.11879673104166666,0.08734118849199354,0.082645774,0.087058365,0.17752978819999998,0.11879673104166666,0.17752978819999998,0.6271021103166664,1.3699067894666666,0.17752978819999998
5,5,1,1,27,20,20,True,True,-0.039222997950000005,0.9010832143394982,-0.2591980457,-0.0438380725,0.6592171430000003,0.44432088115,0.9322100993000006,-2.0954006612,0.7039049137347804,-2.9418114424999997,-1.749164939,-1.5237673277999997,2.0954006612,2.941811442500001,-1.18945227865,0.46843847214269313,-1.8959013225,-0.997061819,-0.7275657955999998,1.18945227865,1.8959013225,-0.71070768605,0.47519984330377346,-1.2030633927,-0.6706297695,-0.1129435315,0.74488807095,1.2030633927000005,-0.07566320475,0.2997070837505375,-0.3129660515,-0.1149319595,0.1191795765000001,0.21792529415,0.42523074150000045,-0.006111392550000002,0.1688188036403445,-0.1875036657,0.004970560000000001,0.2207328705,0.14252040535,0.23356824250000002,28.28125,0.0369754986443726,28.25,28.3125,28.3125,28.28125,28.3125,29.903125,0.03684320663297374,29.875,29.90625,29.9375,29.903125,29.9375,30.05,0.03186887195995491,30.0,30.0625,30.0625,30.05,30.0625,32.90625,0.0369754986443726,32.875,32.875,32.9375,32.90625,32.9375,33.196875,0.045393247019793595,33.125,33.1875,33.25,33.196875,33.25,32.878125,0.03684320663297374,32.8125,32.875,32.9375,32.878125,32.9375,0.06125378080000001,0.2059260658193071,-0.0680830638,0.0,0.25644884410000024,0.1069624009,0.25644884410000024,-0.007241314,0.03626996113172508,-0.04471213649999999,-0.000884228,0.011286146200000001,0.0185856179,0.087800262,0.03052594030000002,0.7343646972159853,-0.037049036199999996,0.0,0.05113797050000003,0.24432683460000004,0.26529911340000273,-0.1130836312,0.4918543266121373,-0.6419587974,-8.230950000000001e-05,0.3389731047000005,0.33196632,1.0097534774,-0.0158504380225,0.05468861616637406,-0.04549433249999999,0.0,0.013440049100000014,0.0258314511775,0.059036497500000076,0.04235370494999806,0.40828232373057544,-0.42143163079999996,0.0,0.5377552751000002,0.2612213596500019,0.6674315750000002,0.11480678910000001,0.0902600503041976,0.0800316808,0.0840863585,0.17809078050000005,0.11480678910000001,0.17809078050000005,0.3909616282333339,1.2719642068333337,0.17809078050000005
6,6,1,1,39,14,14,True,True,-0.053355673428571455,0.16553950211473345,-0.1213703785,-0.1010623725,0.16040696650000005,0.1453159567142857,0.2947479530000002,-2.1822163122142855,0.34177834848486055,-2.3407164814,-2.2849378585,-1.9063645482999996,2.1822163122142855,2.3407164814,-1.146245011285714,0.14078315227471122,-1.2848846081,-1.1509544250000001,-1.0625342488999998,1.146245011285714,1.2848846081,-0.5553190937142857,0.18891202387136075,-0.7886556269,-0.539601207,-0.4700385182,0.5553190937142857,0.7886556269,-0.03566039421428572,0.16384771492237482,-0.19991206209999998,-0.0086859425,0.02327311620000001,0.09088714035714285,0.29958748790000006,0.05059114471428571,0.08490494012349258,-0.06329465449999999,0.050828777000000006,0.13542862160000008,0.08073836628571428,0.14104585790000004,28.375,0.03340765523905305,28.33125,28.375,28.41875,28.375,28.41875,29.995535714285715,0.016096211051178526,30.0,30.0,30.0,29.995535714285715,30.0,30.151785714285715,0.03092947870658709,30.125,30.125,30.1875,30.151785714285715,30.1875,33.017857142857146,0.0282346219657891,33.0,33.0,33.0625,33.017857142857146,33.0625,33.34375,0.03125,33.3125,33.34375,33.375,33.34375,33.375,33.00892857142857,0.03219242210235705,33.0,33.0,33.0625,33.00892857142857,33.0625,0.0009138753571428565,0.12420427924656427,-0.0032896632,0.0,0.07867573560000013,0.05344988950000001,0.22142488460000015,-0.01041678007142857,0.022873831201886827,-0.0359893332,0.0,0.0,0.01041678007142857,0.03598933320000002,-0.002068527357142856,0.02512869139803796,0.0,0.0,0.009954380300000003,0.0101362325,0.029629069800000032,-0.008950273285713937,0.2795823102803762,-0.1832010394,0.0,3.4440000000000055e-15,0.12217282128571463,0.5196366874000005,0.012298226928571429,0.040091088771241935,0.0,0.0,0.020482728700000032,0.013849200785714286,0.02373977380000002,0.01704040928571429,0.16261401268097322,-0.0060226672999999994,0.0,0.017546722200000028,0.06207647342857143,0.2221269464000003,0.09062322114285713,0.0226723682039162,0.0822303772,0.084172428,0.0900553645,0.09062322114285713,0.0900553645,0.1754244492000002,0.8582730025333335,0.0900553645
7,7,1,1,25,25,25,False,True,0.11970114752000001,0.4401330021937867,-0.2406242608,-0.072007038,0.8170458556000001,0.31624390144,0.8170458556000001,-2.2232539082,0.5647179208990828,-2.6741811754,-2.226368904,-1.5200570584,2.2232539082,2.6741811754,-1.11671061032,0.4733380089101687,-1.8161904333999999,-0.974183679,-0.5131789681999999,1.11671061032,1.8161904334,-0.44689255244000003,0.49560030994561893,-0.8462673424,-0.469702333,-0.15938647419999993,0.5608287764400001,0.9754441024000002,-0.30824265632,0.49760748211598343,-1.2223657129999999,-0.091802903,0.07200767220000003,0.3577892817599999,1.2223657130000003,0.020959711479999997,0.13772323411193071,-0.1601268294,0.029825339,0.21500078120000005,0.1170661874,0.22107464360000004,28.5275,0.031024184114977142,28.5,28.5,28.5625,28.5275,28.5625,30.1825,0.04650268809434569,30.125,30.1875,30.25,30.1825,30.25,30.355,0.04227883631321941,30.3125,30.375,30.375,30.355,30.375,33.2275,0.03905124837953328,33.1875,33.25,33.25,33.2275,33.25,33.58,0.04847679857416329,33.5,33.5625,33.625,33.58,33.625,33.2425,0.04444097208657795,33.1875,33.25,33.3125,33.2425,33.3125,-0.033138061280000006,0.17275005178041344,-0.14833812379999997,0.0,0.10450595900000001,0.08745920391999999,0.20965882800000007,-0.02242176836,0.04650513470906242,-0.09194471859999997,-3.56e-28,0.001451597200000001,0.02723835556,0.09194471860000007,-0.00041695500000000216,0.7212779748349171,-0.05735469919999999,-0.000217339,0.007880997400000015,0.21719340907999996,0.08079303240000002,0.08378935416000001,0.34706846140964653,-0.17044637799999995,0.0,0.6094885112000002,0.21745548416,0.6615198492000001,0.011803005600000933,0.04992644490371802,-0.0182986306,0.0,0.02116072440000002,0.020280378400000933,0.03079528060000001,-0.03931223915998628,0.3128573567258127,-0.41593751339999996,0.0,0.17277756340000028,0.1746229060400137,0.5308399798000002,0.1123090052,0.08440970390285013,0.0825940612,0.085191905,0.16792162640000002,0.1123090052,0.16792162640000002,0.26759194810000003,1.2877169872333334,0.16792162640000002
8,8,1,1,24,24,24,False,True,-0.007536575833333318,0.38558203284810516,-0.31723770469999996,-0.09772899,0.5177802027,0.28347391075,0.5606441557,-2.376302530291667,0.7926821395204099,-3.3111501928,-2.1600093845,-1.6211884494,2.376302530291667,3.3111501928,-1.1257785409583334,0.7218372182295172,-1.8546753402999998,-0.917059928,-0.7092190687000001,1.1747171083749999,1.8546753402999998,-0.5000749,0.751177035068267,-1.0525575874,-0.6154389385000001,-0.05966276720000014,0.7432801393333333,1.5715212699999996,-0.06309618266666665,0.5443924065861749,-0.8367865327999999,-0.0032179609999999992,0.2679067019,0.3252578773333334,0.9704497933999999,-0.008626588958333339,0.12488983790827275,-0.1797519653,0.005469620999999999,0.16895763909999997,0.09960528712500001,0.2012126295,28.614583333333332,0.03454817489953542,28.5625,28.625,28.625,28.614583333333332,28.625,30.28125,0.03125,30.25,30.28125,30.3125,30.28125,30.3125,30.463541666666668,0.04388619673529353,30.4375,30.4375,30.5,30.463541666666668,30.5,33.356770833333336,0.04223248630267411,33.3125,33.375,33.41875,33.356770833333336,33.41875,33.736979166666664,0.04411738110962869,33.6875,33.75,33.8125,33.736979166666664,33.8125,33.385416666666664,0.0429490169335173,33.3125,33.375,33.4375,33.385416666666664,33.4375,0.004875406083333334,0.10615503103069296,-0.12961304219999997,0.0,0.11571081429999999,0.06459677058333334,0.1987234905,0.009680940375,0.05014267085584964,-0.0201069439,0.0,0.08155738449999997,0.027393708791666666,0.0996348239,-0.0008916109166666927,1.0570570480888701,-0.05814094859999999,0.0,0.029697057799999992,0.44018543941666666,2.5738757371,0.02192585141666666,0.3674812151951937,-0.46208346170000003,0.0,0.3951923164,0.24066198491666668,0.5050428151,-0.00200828488763,0.02426055323248138,-0.0161573176,0.0,0.017299966299999997,0.011501802779296666,0.03512959679999998,-0.014128142537921329,0.3567573880962582,-0.49626569189999997,0.0,0.4232062024999998,0.2146174450379215,0.6252058629,0.11706024404166666,0.08713246266201109,0.0790304896,0.083239198,0.186950445,0.11706024404166666,0.186950445,0.6729353877166666,1.41160889695,0.186950445
9,9,1,1,24,24,24,False,True,-0.07887905591666665,0.663404687497546,-0.5456973731,-0.16864042699999998,0.3886651691999998,0.40294981116666667,0.6294499455999999,-2.3593957175833333,0.7660202835891408,-3.2309327126,-2.1145583390000002,-1.7419970033999999,2.3593957175833333,3.2309327125999996,-1.2225874339166667,0.4598782854742017,-1.8441809296,-1.0450998545,-0.764365977,1.2225874339166667,1.8441809295999998,-0.6290422406249999,0.6838363119254536,-1.0564206717,-0.641925037,-0.11633131390000002,0.7520158826249999,1.3095879431999997,0.078997289375,0.5713503619305612,-0.1530019043,0.0441240895,0.7182457091,0.3305968762916667,1.0715322013999997,-0.019195298833333336,0.13159257968168597,-0.1833984269,-0.0036026684999999996,0.1691618515,0.10606792916666667,0.20844763789999998,28.708333333333332,0.03897559777889523,28.6875,28.6875,28.75,28.708333333333332,28.75,30.393229166666668,0.03818457890264371,30.375,30.375,30.4375,30.393229166666668,30.4375,30.572916666666668,0.03454817489953542,30.5625,30.5625,30.625,30.572916666666668,30.625,33.4921875,0.03746743377588062,33.4375,33.5,33.54375,33.4921875,33.54375,33.901041666666664,0.059612099699268735,33.8125,33.90625,33.98125,33.901041666666664,33.98125,33.505208333333336,0.04000596743681567,33.4375,33.5,33.5625,33.505208333333336,33.5625,0.03922274108333334,0.18789690098769418,-0.11239923229999996,0.0,0.20943844919999993,0.10541170316666666,0.3116368327,0.013016934167179167,0.061894420469110645,-0.011920594699999997,0.0,0.02620677069999998,0.024402255417179167,0.05705143229999999,-0.003138343416666652,1.0594916886355346,-0.037530993799999995,0.0,0.07261666279999998,0.44495478949999995,2.5451363799999998,-0.026698145749999996,0.3904196196468679,-0.5527519372,0.0,0.43914969299999995,0.26865840783333333,0.6093974169,-0.00562232685250003,0.024924469586062144,-0.0204309621,-2e-27,0.0135653991,0.012014691019166697,0.02940021169999999,-0.009587133416666655,0.3540638744166364,-0.505131185,0.0,0.43375880739999995,0.2331231680833333,0.6364890157,0.11440802870833333,0.0863716641075648,0.0805992484,0.0854454935,0.18299633869999998,0.11440802870833333,0.18299633869999998,0.6981852148833333,1.382355228383333,0.18299633869999998
10,10,1,1,24,24,24,False,True,-0.133013458875,1.6793257450221917,-0.6331865012999999,-0.0934456625,0.3455313265,0.7593592116250001,2.028949540699999,-2.4327290952916667,0.7817211834527249,-3.3846394061,-2.463742733,-1.5541952846,2.4327290952916667,3.3846394061,-1.1894102121666668,0.5119670219333861,-1.9115487577999999,-1.0147110225,-0.5857690334,1.1894102121666668,1.9115487577999999,-0.6368194097500001,0.5521324925650767,-1.1589004876,-0.49880984399999995,-0.05838222890000001,0.6453938054999999,1.1589004876,0.2424296707916667,1.084556136196326,-0.712396181,0.0082407295,1.4810994863999998,0.635208314625,1.5173394204,-0.02857059291666667,0.13955113826389656,-0.183089605,-0.026571743999999998,0.1411719386,0.12153656750000001,0.2192487108,28.796875,0.03252603124165832,28.75,28.8125,28.8125,28.796875,28.8125,30.502604166666668,0.04223248630267411,30.4375,30.5,30.5625,30.502604166666668,30.5625,30.6875,0.040343576522993925,30.625,30.6875,30.75,30.6875,30.75,33.619791666666664,0.05076455387921336,33.5625,33.625,33.6875,33.619791666666664,33.6875,34.067708333333336,0.05076455387921336,34.0,34.0625,34.125,34.067708333333336,34.125,33.619791666666664,0.04388619673529354,33.5625,33.625,33.6875,33.619791666666664,33.6875,0.029677195583333333,0.22073766795466512,-0.0697724384,0.0,0.1402620211,0.11360148441666668,0.4136957289999999,0.005611208875000002,0.046474410134156804,-0.03560052799999999,0.0,0.05209460629999997,0.024636866458333333,0.08199951619999998,-0.007094561458333352,0.7631447030595836,-0.06316906649999998,-8.7349e-05,0.06067839869999996,0.282618240875,0.7310368480999999,-0.08928980815000002,0.438033401562118,-0.5392290353,-3.425e-28,0.32470452759999985,0.2896483821833334,0.7904340981999999,-0.012503711958333335,0.04886443865142948,-0.0286324295,-1.15e-25,0.009204475099999998,0.02050567204166667,0.048785628199999986,0.04448120579166667,0.3411309852442176,-0.40579753039999994,8.4759e-05,0.3994056762999999,0.21774525520833335,0.6000490667999999,0.10088615608333333,0.041499336369493225,0.0796584308,0.08362215749999999,0.1663030328,0.10088615608333333,0.1663030328,0.4443334810833333,1.7034377205666666,0.1663030328
11,11,1,1,25,25,25,False,True,0.08750441524000001,0.8422918473794923,-0.33863795999999996,-0.083683401,0.9761522292000009,0.48278592316,1.4496380092000005,-2.1672558784800002,0.6166922866284895,-2.7869447708,-2.053927898,-1.5562498095999997,2.1672558784800002,2.7869447708000004,-1.24464872604,0.6500908478394712,-1.9013339522,-0.955101073,-0.6747314571999999,1.24464872604,1.9013339522000001,-0.6123379344,0.365832812604339,-1.0498840334,-0.500005543,-0.23501238199999994,0.6123379344,1.0498840334000001,-0.18715899088000001,0.6156779300165276,-0.8733029604,0.00162562,0.3125949620000001,0.34156549904,0.8733029604000002,0.029595809399999996,0.14986257882630105,-0.1692295432,0.007227445,0.24520431160000017,0.1170771938,0.24734233000000014,28.905,0.04,28.875,28.9375,28.9375,28.905,28.9375,30.61,0.0406201920231798,30.5625,30.625,30.6625,30.61,30.6625,30.795,0.04847679857416329,30.75,30.8125,30.875,30.795,30.875,33.7275,0.03905124837953328,33.6875,33.75,33.75,33.7275,33.75,34.2375,0.05590169943749474,34.1875,34.25,34.3125,34.2375,34.3125,33.75,0.04677071733467427,33.6875,33.75,33.8125,33.75,33.8125,-0.02639002788,0.17015958485771498,-0.15015426599999998,0.0,0.10370893920000002,0.08682785171999999,0.22804700760000013,-0.001601865019200801,0.06586345175959178,-0.06863837579999998,0.0,0.03674101820000003,0.0319204924592008,0.10253717640000005,-0.0029804189999999985,0.6200486080036419,-0.06715027579999999,0.0,0.007255732200000009,0.19409830420000002,0.11079603740000005,0.09471483892,0.3670355818289456,-0.14729228919999998,1.85e-37,0.7254762052000004,0.22486118244,0.7653072712000003,0.01196182464,0.0517805194245912,-0.015330603399999997,0.0,0.021178311200000036,0.02076673552,0.03553059600000001,-0.06642184148000002,0.3259689423916108,-0.3772350192,0.0,0.034985273000000004,0.16500600780000002,0.5002801898000002,0.11243803972000001,0.08599122813332316,0.0799292444,0.085699201,0.1679407474,0.11243803972000001,0.1679407474,0.29041637973333345,1.3847410093333334,0.1679407474
12,12,1,1,24,24,24,False,True,-0.08656708924999999,0.5116915760131103,-0.7278702142,-0.108322583,0.5519436721,0.37271479300000004,0.8204781654,-2.3458284189583334,0.7533790969783334,-3.1911588189,-2.0802834035,-1.7081757668000002,2.3458284189583334,3.1911588188999995,-1.1064313128333334,0.6366127417522978,-1.7921802039999999,-0.971695274,-0.69758845,1.16232684,1.7921802039999999,-0.487104978,0.6642838921154606,-0.8881039918,-0.529228717,-0.05610847870000012,0.6782751885833335,1.2432505127999995,0.029598767041666658,0.6383111233649489,-0.6475783410999998,-0.021256598,0.7942711115999995,0.3879799795416667,1.2741536737999999,-0.007428083500000002,0.13151359156565703,-0.1800577031,-0.00102907,0.17197087549999998,0.10476927666666667,0.20771471849999998,28.986979166666668,0.04411738110962869,28.9375,29.0,29.0625,28.986979166666668,29.0625,30.734375,0.03719493973199401,30.6875,30.75,30.75,30.734375,30.75,30.90625,0.04419417382415922,30.875,30.875,30.98125,30.90625,30.98125,33.861979166666664,0.031141304018493226,33.8125,33.875,33.875,33.861979166666664,33.875,34.40625,0.040343576522993925,34.375,34.40625,34.4375,34.40625,34.4375,33.864583333333336,0.042949016933517305,33.8125,33.875,33.9375,33.864583333333336,33.9375,0.006407426708333335,0.10539351939858696,-0.10856675979999998,0.0,0.1116730931,0.063120803125,0.20068748579999995,0.011503216625086249,0.058556509814298295,-0.015152476699999994,6.250000000000825e-20,0.018213508199999996,0.024328973708419587,0.07469133869999997,-0.0010877753333333369,1.055193114939721,-0.07330734539999997,0.0,0.03824873609999999,0.44143700483333337,2.5577598811,0.014278951750102497,0.3713371091140743,-0.4956130805,0.0,0.3785734953,0.2422697872501025,0.5272185684,-0.002910750712708334,0.022409117883478803,-0.0157397128,0.0,0.016554700199999994,0.010484839129375,0.029909885899999992,-0.012957713916666674,0.3594436725764348,-0.5206537183,0.0,0.4264652284999999,0.218067805,0.6334089341,0.12199736154166667,0.09299514908804457,0.0809573412,0.086718619,0.19430067539999998,0.12199736154166667,0.19430067539999998,0.6706126823333333,1.4214893488999998,0.19430067539999998
13,13,1,1,24,24,24,False,True,-0.11580902924999999,0.4083370155056981,-0.3503293333,-0.132894553,0.31536550369999994,0.28308216324999996,0.44713705189999997,-2.3540493995,0.8713301612330134,-3.2165482998,-2.0462648865,-1.6388417008,2.3540493995,3.2165482998,-1.1792962103333333,0.6182482969107158,-1.7907995941000001,-1.0467522740000001,-0.6985451516000001,1.1792962103333333,1.7907995941000001,-0.5436631774583334,0.642500592770769,-1.2584537744,-0.625397086,-0.08561314100000011,0.7243961777083333,1.3497278931,0.09630323216666666,0.5737235612274859,-0.17753590209999998,0.02013845,0.7389670043999996,0.3259482405,1.1230154694999996,-0.020233537083333336,0.14082312887979753,-0.2051917003,-0.018376804,0.1667635946,0.11751961591666667,0.2098796262,29.096354166666668,0.031141304018493226,29.0625,29.125,29.125,29.096354166666668,29.125,30.828125,0.048580099234837575,30.75,30.8125,30.875,30.828125,30.875,31.026041666666668,0.030812915536977167,31.0,31.0,31.0625,31.026041666666668,31.0625,33.986979166666664,0.05096454633015867,33.9375,34.0,34.0625,33.986979166666664,34.0625,34.5625,0.047735163489123336,34.5,34.5625,34.625,34.5625,34.625,33.9921875,0.041585206829873204,33.9375,34.0,34.0625,33.9921875,34.0625,0.04673130520833333,0.20606726841672413,-0.09791944739999997,0.0,0.2555757357999999,0.11695595620833332,0.34625109159999995,0.0068660506666666675,0.057220090343959466,-0.049586908,0.0,0.02248692149999999,0.027661123333333332,0.07695771009999999,-0.005927525865749979,1.0685772319286795,-0.05321055409999999,0.0,0.08015601459999998,0.4497359718009167,2.5724927424,-0.06219519216666666,0.4238132674958847,-0.5598442795,0.0,0.41715172549999996,0.2964363481666667,0.6405981662,-0.010338047083333161,0.03834718531564982,-0.031099420499999995,0.0,0.014365486999999998,0.01784572941666684,0.042058566199999994,0.016378404041666666,0.3633024109138812,-0.5083613636,0.0,0.5549489049999998,0.24669011079166667,0.64484452,0.11375355475,0.085913940861765,0.08196612,0.0856561065,0.172956443,0.11375355475,0.172956443,0.7205337994166667,1.3561846557666666,0.172956443
15,15,1,1,23,5,5,True,True,0.2081123292,0.2793335807628114,-0.1055084586,0.206353545,0.4806943298,0.321600288,0.4806943298,-1.9548037528000002,0.540606366004851,-2.6033402442,-1.759992361,-1.4333897112,1.9548037528000002,2.6033402442,-0.8796788424,0.39792996110823536,-1.2934444426,-0.872874379,-0.4235663326,0.8796788424,1.2934444426,-0.45425013439999995,0.5475754243481789,-0.9264598842,-0.845628023,0.23336754720000003,0.6204994779999999,0.9264598842,-0.35035448760000004,0.4210376954431203,-0.8062879679999999,-0.235650539,-0.03694733979999999,0.35035448760000004,0.806287968,-0.0001689822000000063,0.1967173491905128,-0.2435782672,0.08875832,0.1902466176,0.18236233300000002,0.2702540456,29.2625,0.025,29.25,29.25,29.2875,29.2625,29.2875,31.0,0.0,31.0,31.0,31.0,31.0,31.0,31.2,0.025,31.1875,31.1875,31.225,31.2,31.225,34.175,0.025000000000000005,34.15,34.1875,34.1875,34.175,34.1875,34.8125,0.0,34.8125,34.8125,34.8125,34.8125,34.8125,34.2,0.025000000000000005,34.1875,34.1875,34.225,34.2,34.225,0.0369994852,0.06484303853709866,-0.0260659598,0.001336526,0.1155256152,0.054414944,0.1155256152,0.016080919800000003,0.05999028698635913,-0.026739151200000002,-7.03e-20,0.08020260060000002,0.0373874806,0.09106778140000002,-0.5091161012,1.042945952039221,-1.556913042,0.000629236,0.026424580599999997,0.5288259268,1.5708459408000002,-0.0601231818,0.2704756759848366,-0.352041662,-0.001684548,0.22877866020000004,0.21264228860000003,0.3923691392,0.0063585848,0.00810904257711662,-2.3100000000000006e-05,0.000233145,0.0165922256,0.006393024799999999,0.0165922256,0.024036973800000007,0.3199471085774846,-0.310728876,0.001414206,0.348008251,0.23121672699999998,0.49728783359999995,0.18523713339999998,0.15747875868955458,0.0840375064,0.087144613,0.3663504006,0.18523713339999998,0.3663504006,0.4472814226333333,1.0634134857333333,0.3663504006
16,16,1,1,25,25,25,False,True,-0.050301395199999994,0.4605159019637933,-0.302928835,-0.098280124,0.5025615932000002,0.30438188,0.7127263188000004,-2.35249813084,0.7208911162834782,-3.2193838122,-2.046522856,-1.6909927844,2.35249813084,3.2193838122000002,-1.22125390468,0.5859164644265749,-1.7644344807999999,-1.156673908,-0.6948805569999998,1.22125390468,1.7644344808000003,-0.54221591116,0.5822752306599185,-1.2610187529999999,-0.493532002,0.029434025000000225,0.6422821533199999,1.2610187530000003,-0.04646103276000001,0.4105982118708517,-0.5569184782,-0.014378456,0.20756851440000004,0.26606657412,0.7784616944000001,0.0025528445200000073,0.17327997567133122,-0.1676768752,-0.003388907,0.2224757132000001,0.12976079612,0.27946813060000003,29.385,0.03824264635194589,29.3375,29.375,29.4375,29.385,29.4375,31.1325,0.04077376607575023,31.0625,31.125,31.1875,31.1325,31.1875,31.3225,0.028939592256975562,31.3125,31.3125,31.375,31.3225,31.375,34.295,0.02806243040080456,34.25,34.3125,34.3125,34.295,34.3125,34.9275,0.04213074886588179,34.875,34.9375,35.0,34.9275,35.0,34.3625,0.03535533905932738,34.3125,34.375,34.375,34.3625,34.375,-0.03289565924,0.1512568763262468,-0.26029809699999995,0.0,0.09927992960000001,0.08051549756,0.27545207100000013,0.006450009519999998,0.06915814311195628,-0.06375718419999998,0.0,0.01469609200000001,0.030388114880000004,0.0886169852,0.0005035769199995244,1.0329498352285773,-0.05874553,0.0,0.0424480604,0.42389903108000043,2.5615716934000003,0.041051325160000006,0.35142799546315384,-0.47065901739999993,0.0,0.4280191360000001,0.23107376196,0.5645596386000001,0.0005637330799999995,0.03460425738897067,-0.0146604994,0.0,0.011597926000000005,0.013483692839999999,0.02687859460000002,-0.009118815399999997,0.31581244229128924,-0.508395803,1.4e-25,0.38264549940000037,0.19109549795999997,0.6052802680000001,0.15393326995999998,0.137846256139464,0.0822552204,0.085699201,0.4404099108000001,0.15393326995999998,0.4404099108000001,0.6870598751333334,1.3359155316333335,0.4404099108000001
17,17,1,1,24,24,24,False,True,-0.11065993558333333,0.7583319433374329,-0.2522935439,-0.0350640265,0.34686859529999997,0.3264687014166667,0.38675489129999996,-2.4015303999166666,0.936201521431378,-3.5077091696,-2.221828699,-1.5618025187,2.4015303999166666,3.5077091695999996,-1.2406077310833332,0.6394025995778204,-1.9235696078,-0.9721105099999999,-0.6376450776,1.2406077310833332,1.9235696078,-0.6474176874583333,0.5894327687516725,-1.2997548821,-0.5414391755000001,-0.2158211021000001,0.7239282572083333,1.2997548820999998,-0.06965586704166667,0.42993285819738636,-0.6748480082,-0.052266388999999996,0.17914435850000002,0.28775227937500003,0.7734537185,-0.029974459499999995,0.15164098006824175,-0.1855855106,-0.0075374395,0.1712508039,0.13001946075,0.2028847094,29.458333333333332,0.02946278254943948,29.4375,29.4375,29.5,29.458333333333332,29.5,31.21875,0.040343576522993925,31.1875,31.25,31.25,31.21875,31.25,31.427083333333332,0.023292374765622813,31.375,31.4375,31.4375,31.427083333333332,31.4375,34.408854166666664,0.04766407608782064,34.375,34.375,34.48125,34.408854166666664,34.48125,35.057291666666664,0.04745017489137656,35.0,35.0625,35.125,35.057291666666664,35.125,34.484375,0.03719493973199401,34.4375,34.5,34.5,34.484375,34.5,0.018273409166666667,0.18694842904514766,-0.06662871599999999,0.0,0.1299150723,0.0965401955,0.3722244858999999,-0.012970321625000003,0.048595699339480346,-0.06789482959999998,0.0,0.0037103152999999993,0.023459157708333334,0.09844138259999997,0.03438675383333333,0.6493512001916183,-0.03520827369999999,-0.000143532,0.04744105479999998,0.19783328349999998,0.06702698959999999,-0.0906603615583333,0.4131329509426358,-0.5061581610999999,0.0,0.23278003679999995,0.255982162025,0.6640676679,-0.010000908458333334,0.046656572387438866,-0.0233566797,0.0,0.01760077979999999,0.019718361875,0.045178480299999976,0.07004464829166665,0.33538168127321744,-0.26863728159999994,1.475e-05,0.4975478498999999,0.19695637762499998,0.6011001527,0.10552535195833335,0.0521067207054571,0.0775459047,0.0851057465,0.18651976589999997,0.10552535195833335,0.18651976589999997,0.3080065265,1.3490211631166664,0.18651976589999997
18,18,1,1,25,25,25,False,True,-0.11554345911999998,0.958306422960096,-0.6509115931999998,-0.085362405,0.22575148360000005,0.4754291540800001,1.0583526850000005,-2.19092819684,0.8302434807924832,-2.7967416762,-2.365627766,-1.5779177185999997,2.23097198956,2.7967416762,-1.23060004712,0.8123990391391445,-2.0924200531999997,-1.06543541,-0.7477459194,1.32126112464,2.0924200532,-0.62851777732,0.46533744371226143,-1.2752503154,-0.511759341,-0.24735584539999994,0.69028314772,1.2752503154000003,-0.012280488159999998,0.9357692419487882,-0.34339390979999995,-0.000570419,0.7217024446000007,0.44075346432,1.2797810792000008,0.032111046160000004,0.13556185620663994,-0.1566491124,0.048824251,0.18465423300000006,0.1169584352,0.18998455140000003,29.54,0.03,29.5,29.5625,29.5625,29.54,29.5625,31.31,0.04138236339311712,31.25,31.3125,31.375,31.31,31.375,31.5275,0.05024937810560446,31.4625,31.5,31.5625,31.5275,31.5625,34.52,0.03409545424246464,34.5,34.5,34.5625,34.52,34.5625,35.2,0.04330127018922194,35.125,35.1875,35.25,35.2,35.25,34.6025,0.0348209706929603,34.5625,34.625,34.625,34.6025,34.625,-0.0371176026,0.12849702720505832,-0.1557651402,0.0,0.0704502166,0.06686710931999999,0.1557651402,-0.004728183519999999,0.03535688279351832,-0.042770549799999995,0.0,0.005170445600000001,0.01614204464,0.06143927460000003,-0.02153479904232,0.08806771286493499,-0.044878407599999996,-8.64e-05,0.004629830776800011,0.030738477197680004,0.06501815160000003,0.04333743490200001,0.3148908020136436,-0.1159722966,0.0,0.45814511180000056,0.17079128354200002,0.6181886080000001,0.01126282748,0.042719943521074215,-0.015705142199999994,0.0,0.0332110076,0.01796914412,0.0332110076,-0.0017535289200000027,0.25652519410410396,-0.2838755134,0.0,0.10497379600000005,0.13537801908,0.4091046632000002,0.11017368791999999,0.08375947836665289,0.0825078846,0.086972296,0.13825260400000008,0.11017368791999999,0.13825260400000008,0.22378780753333338,1.4487550600666668,0.13825260400000008
19,19,1,1,24,24,24,False,True,-0.33128043429166665,0.8456422453739794,-0.6976705251,-0.182963133,0.17264173949999992,0.491361597125,0.783691132,-2.3327671587916665,0.7851804838755445,-2.7495064496,-2.181986332,-1.6742479922,2.3327671587916665,2.7495064496,-1.254254893625,0.6481034299888175,-2.0073524950999997,-1.1263071295,-0.6054071901000001,1.262964838375,2.0073524950999997,-0.44881848687500003,0.5497913338339935,-0.9924296496999999,-0.48988819100000003,-0.04282518620000002,0.576969497625,1.0958979843999999,0.22807268033333336,0.9348500970165151,-0.13250212179999998,0.04648937,0.9629542472999995,0.46607060575,1.3390130875999997,-0.003228523666666668,0.15852875325702573,-0.1823553678,-0.0024091425,0.20487395199999997,0.12931017633333333,0.22551863449999998,29.611979166666668,0.031141304018493226,29.5625,29.625,29.625,29.611979166666668,29.625,31.408854166666668,0.031141304018493226,31.375,31.4375,31.4375,31.408854166666668,31.4375,31.625,0.040343576522993925,31.5625,31.625,31.6875,31.625,31.6875,34.65625,0.03125,34.625,34.65625,34.6875,34.65625,34.6875,35.341145833333336,0.031141304018493222,35.3125,35.3125,35.375,35.341145833333336,35.375,34.713541666666664,0.04000596743681567,34.6875,34.71875,34.75,34.713541666666664,34.75,-0.03534277166666667,0.17608686029517082,-0.189301035,0.0,0.1037575672,0.08942422816666667,0.190933584,0.0043349642069125,0.051728016472317936,-0.03129580679999999,0.0,0.027212302399999982,0.024475108293087498,0.10092238479999997,-0.07134790254166666,0.9154409156130038,-0.0729591413,0.0,0.013682610499999994,0.36673216245833334,1.997192812299999,0.10917674591666665,0.38682339435218016,-0.19841046359999998,3.4299999999999996e-23,0.43732464919999997,0.24468891791666667,0.5866395891999999,0.0090856061647375,0.046815047625829935,-0.014919216799999998,0.0,0.020393319299999987,0.0196675710852625,0.050379818699999995,-0.07431092175000001,0.3925375998487377,-0.5014673325,0.0,0.1862776225999999,0.20993427233333337,0.5509119986,0.11836520829166668,0.08779900268747712,0.0809314428,0.0851918165,0.17851479069999998,0.11836520829166668,0.17851479069999998,0.5794966979333331,1.3668299638666666,0.17851479069999998
20,20,1,1,24,24,24,False,True,0.017226395999999995,0.6364075596726996,-0.48449473969999995,-0.09615211200000001,0.41546089349999993,0.37291086916666666,0.8665016352999997,-2.3408821373333333,0.5814767695816702,-3.0789293046,-2.2752019165,-1.6903646945000004,2.3408821373333333,3.0789293046,-1.2601405059583335,0.47589331016826436,-1.9687645554,-1.176394761,-0.7336927352,1.2601405059583335,1.9687645554,-0.7071093076666667,0.5910902958798154,-1.1870017647,-0.5923830564999999,-0.21448186190000001,0.71533254575,1.1870017647,-0.18155482587499996,0.6029631087577557,-1.0329602003,0.0026889475000000003,0.1656239688,0.3755356110416666,1.0892053846,-0.022237540500000003,0.15675962417796874,-0.2152398226,-0.013621877999999999,0.18375966539999997,0.12188302983333332,0.24164832219999996,29.684895833333332,0.028408104465197172,29.64375,29.6875,29.6875,29.684895833333332,29.6875,31.484375,0.027063293868263706,31.4375,31.5,31.5,31.484375,31.5,31.736979166666668,0.031141304018493226,31.6875,31.75,31.75,31.736979166666668,31.75,34.7578125,0.04533045621231565,34.6875,34.75,34.8125,34.7578125,34.8125,35.471354166666664,0.044117381109628685,35.4375,35.5,35.5,35.471354166666664,35.5,34.822916666666664,0.03897559777889522,34.76875,34.8125,34.875,34.822916666666664,34.875,0.026838173492337237,0.15462172071476832,-0.12200102899999998,0.0,0.21898538659999997,0.09921049550767058,0.2910746721,0.004176995583333345,0.037686722512200815,-0.012926397199999998,0.0,0.008634238199999995,0.015092545083333344,0.04031765459999998,0.000417516666666673,1.0501137822448312,-0.0402744189,0.0,0.05914814809999994,0.43758727075,2.564535189,-0.03988617058333332,0.41449664819013626,-0.5490821689,0.0,0.3959599315,0.28234933749999996,0.6398459971999999,-0.006808306213119582,0.02847478389123887,-0.0359062929,0.0,0.014100686999999999,0.014239142870619587,0.042210304000000004,0.00484168416666667,0.361686969619921,-0.5000963267,0.0,0.5744855284999999,0.23516876116666663,0.6421912073,0.11199592304166667,0.08019040307352233,0.0821183262,0.085871518,0.1681437134,0.11199592304166667,0.1681437134,0.7033625040333332,1.4053418277999998,0.1681437134
21,21,1,1,25,25,25,False,True,0.03609369003999999,1.2617097658032577,-0.6830140825999997,-0.015269478,0.4746024010000001,0.61998529068,1.7304314850000007,-2.173718214,0.9027418401914997,-3.0155532836,-2.314409018,-1.4590672969999998,2.21091424936,3.0155532836,-1.16229820964,0.6410438140065557,-1.9022071600000001,-1.207063198,-0.7531144377999999,1.2550488734,1.9022071600000003,-0.6919198346800001,0.6443512221579616,-1.4871052742,-0.670701683,-0.1955272495999998,0.80369375236,1.4871052742000004,-0.02358652672000001,0.549089457320245,-0.736245513,-0.031438969,0.6470810890000013,0.33326321176,1.0820966482000003,-0.020821012039999993,0.14120704057878639,-0.19178012,0.014689139,0.14546284960000005,0.11844996044,0.2102277036,29.7875,0.030618621784789725,29.75,29.8125,29.8125,29.7875,29.8125,31.58,0.033166247903554,31.5625,31.5625,31.625,31.58,31.625,31.85,0.04330127018922193,31.8125,31.875,31.875,31.85,31.875,34.8625,0.04330127018922194,34.8125,34.875,34.9375,34.8625,34.9375,35.6125,0.04330127018922194,35.5625,35.625,35.6875,35.6125,35.6875,34.945,0.04444097208657795,34.875,34.9375,35.0,34.945,35.0,0.046848599799999995,0.16971935277129413,-0.0554255704,0.0,0.1393463136000001,0.07945300844,0.1601784676,-0.004403821400000016,0.04105167813605447,-0.0539422892,0.0,0.010165326000000004,0.02115826604000002,0.08855246120000002,-0.06381277864,0.45832060409880754,-0.042373128999999995,0.0,0.07464256840000001,0.13926245664,0.2623340068000002,-0.10427760947999999,0.36311301805046226,-0.5346910833999999,-2.18e-39,0.11006141040000009,0.20543460092,0.6336203694000001,-0.009503317479999997,0.04486099430537737,-0.0253869316,0.0,0.004659470600000001,0.01686272244,0.03196442500000002,0.04919647888029839,0.291680359715312,-0.11875559979999994,0.0,0.3141090216000002,0.15456546296029838,0.4702712534000001,0.10617802144,0.05232716151808742,0.0819144606,0.085871518,0.1786842468,0.10617802144,0.1786842468,0.27448683056666673,1.5712702591000003,0.1786842468
22,22,1,1,36,5,5,True,True,0.09684346000000002,1.1417481802588971,-1.1304424228,0.164154768,1.2504857536,0.8692866055999999,1.774033022,-2.6067276956,1.984988372326834,-4.5705100062,-2.776889801,-0.36069169059999984,2.9513669968,4.5705100062,-1.2707827448,1.0399313500386242,-2.2414489746,-1.389771461,-0.13935407399999988,1.508278048,2.2414489746,-0.6003936826,0.4972339983353669,-1.0863916158,-0.822197556,0.002478927400000025,0.6685041606000001,1.0863916158,-0.6136852096,1.3463734969235608,-2.1060538295999995,-0.40401426,0.6904410346000001,1.0891060659999998,2.2380963804,0.0733784548,0.15227594950381668,-0.0790521186,0.011255054,0.2554334642,0.1262672964,0.2554334642,29.85,0.03061862178478973,29.8125,29.875,29.875,29.85,29.875,31.625,0.0,31.625,31.625,31.625,31.625,31.625,31.875,0.0,31.875,31.875,31.875,31.875,31.875,34.9375,0.0,34.9375,34.9375,34.9375,34.9375,34.9375,35.6875,0.0,35.6875,35.6875,35.6875,35.6875,35.6875,35.0,0.0,35.0,35.0,35.0,35.0,35.0,0.002288318,0.1184060790757499,-0.13315226559999999,-0.000307801,0.1243176788,0.0966815856,0.1673419056,0.0086020038,0.07474264758032648,-0.0470381302,-0.016793862,0.09220171260000001,0.052865804599999996,0.11118546100000001,-0.48763311480000004,0.9950717905888289,-1.492455643,0.000433971,0.0273113084,0.5093190072,1.4981085718000005,-0.0149015352,0.3238381782939166,-0.3895713747999999,-0.000626124,0.3371097684,0.2716474816,0.4705460668,0.0181287194,0.021794335743539894,-0.0002340792,0.008607706,0.044531087600000005,0.018301608199999996,0.044531087600000005,0.037522472399999986,0.3194889749559728,-0.2831671394,0.01727877,0.3632183402,0.22635053319999998,0.507448685,0.1856449248,0.1597509770431789,0.08213651179999999,0.083325446,0.37113834640000004,0.1856449248,0.37113834640000004,0.4665269629666667,2.0276522438666666,0.37113834640000004
23,23,1,1,24,24,24,False,True,-0.136723772375,1.1877541803607987,-0.515245199,-0.1041779485,0.7309323310999998,0.6130004667916666,1.1907744291999998,-2.3018424411666665,0.6331520783302125,-2.7762696027000002,-2.137229443,-1.6930918932000003,2.3018424411666665,2.7762696027000002,-1.088692285125,0.39399264643130394,-1.612844253,-0.9226549265,-0.7135091424,1.088692285125,1.612844253,-0.5062579552083334,0.545050295611792,-1.1561966896,-0.5466338995,-0.07563669950000011,0.6485906978749999,1.2264142276999999,0.013978452208333332,0.7103619544657717,-0.41889003539999997,0.002140890499999999,0.3071453663999999,0.3751858477916667,0.9424557033,-0.022800688708333332,0.13749575450145674,-0.1678648245,-0.0178021015,0.1585786712,0.11463399604166664,0.2118908614,29.971354166666668,0.031141304018493226,29.9375,30.0,30.0,29.971354166666668,30.0,31.830729166666668,0.028408104465197172,31.8125,31.8125,31.875,31.830729166666668,31.875,32.096354166666664,0.044117381109628685,32.0625,32.09375,32.125,32.096354166666664,32.125,35.169270833333336,0.028408104465197172,35.125,35.1875,35.1875,35.169270833333336,35.1875,35.9375,0.04419417382415922,35.875,35.9375,36.0,35.9375,36.0,35.216145833333336,0.031141304018493222,35.1875,35.1875,35.25,35.216145833333336,35.25,0.043058999833333333,0.2155402414900619,-0.08916955049999999,0.0,0.20849583309999994,0.117635471,0.3740920363,-0.006245619166666667,0.07089113404150736,-0.07492775799999998,0.0,0.013542179199999997,0.037436520499999994,0.1478046747,-0.0050822582083333385,1.048216049252033,-0.0463539484,0.0,0.0792337185,0.44202490887499996,2.522266555,-0.07397907079166667,0.43737303266177363,-0.615234703,0.0,0.3874991209,0.3041214039583333,0.7517394664999999,-0.011383588541179166,0.04398937124975859,-0.029018118599999997,0.0,0.011590502799999998,0.0188467888754875,0.046278381499999986,0.028854266916666663,0.36024195512915796,-0.5178881765,1.98e-05,0.5476088101999997,0.24604957583333334,0.6294659732,0.11345682291666666,0.0864378040573169,0.081372678,0.0844261345,0.1699585199,0.11345682291666666,0.1699585199,0.7452745145333334,1.3267748462166666,0.1699585199
24,24,1,1,24,24,24,False,True,0.1667252692083334,1.3518656035411374,-0.31636057479999996,-0.1526844875,0.3618444503999999,0.5432289827083333,0.8463418960999999,-2.379045248,0.7888233119441543,-3.342119312,-2.4729551075,-1.4959378123000002,2.379045248,3.342119312,-1.2233683367916668,0.4431572994549076,-1.8655766251,-1.125616968,-0.7116240618,1.2233683367916668,1.8655766250999999,-0.6932334140000002,0.48390392704750607,-1.5523735759,-0.4938592465,-0.3157893185,0.6932334140000002,1.5523735759,-0.077650811,0.9186435600073694,-0.43738076959999994,-0.007118319,0.5050584318999998,0.4397182484166667,0.7881985069999999,0.007290452791666661,0.13682340481673153,-0.1634682582,0.041204502500000004,0.17395609169999998,0.12131428729166666,0.2119707602,30.044270833333332,0.028408104465197172,30.0,30.0625,30.0625,30.044270833333332,30.0625,31.9140625,0.030257682392245445,31.875,31.9375,31.9375,31.9140625,31.9375,32.203125,0.027063293868263706,32.1875,32.1875,32.25,32.203125,32.25,35.286458333333336,0.035706534377088775,35.25,35.3125,35.3125,35.286458333333336,35.3125,36.065104166666664,0.04223248630267411,36.0,36.0625,36.125,36.065104166666664,36.125,35.322916666666664,0.0429490169335173,35.25,35.3125,35.375,35.322916666666664,35.375,-0.005026507,0.10457720326101567,-0.10901628890000001,0.0,0.08094227259999998,0.06342522049999999,0.1863176227,-0.004690685291666667,0.04399440913296705,-0.05663123609999998,1.625e-29,0.0072532801999999974,0.020112283958333334,0.08085054439999999,0.07148017395833332,0.34600318340578845,-0.025084964399999996,0.0,0.025892662699999992,0.08334957845833334,0.035755220399999996,-0.0686653511656375,0.3870624913718927,-0.5533506423,0.0,0.22782206359999987,0.23049715450102917,0.6361610292,1.0452082790834288e-05,0.03620605180259006,-0.020587382899999996,0.0,0.026342242099999993,0.018069771499457498,0.057646171499999996,0.07357057066666643,0.3364281927836354,-0.1469406955,0.0,0.41112092119999993,0.1712148215833336,0.4435518443,0.10284481433333333,0.05305947280728863,0.08092278829999999,0.0858714875,0.14374401529999994,0.10284481433333333,0.14374401529999994,0.2400470720833333,1.4344301127166668,0.14374401529999994
25,25,1,1,25,25,25,False,True,-0.03554856892,0.5641948009344849,-0.5186300872,-0.108204782,0.710506952,0.38757275996000007,0.9110518698000004,-2.318367362,0.5620775718938179,-2.8544350622,-2.282731533,-1.6499696255999998,2.318367362,2.8544350622,-1.1632820236399999,0.5470534653125001,-1.8703630444000001,-0.892941236,-0.7515376806,1.1632820236399999,1.8703630444000001,-0.54776618692,0.6217879794327651,-0.8502929572,-0.498737514,-0.1292946787999999,0.65554178924,1.1545354366000007,-0.21369119816000004,0.6485042359356065,-1.245166111,-0.009920332,0.41789081080000046,0.43022101968000004,1.2451661110000003,0.03325105428,0.1433172480555495,-0.15041558459999999,0.041118465,0.20801389800000003,0.12327111148,0.20854420080000005,30.12,0.034999999999999996,30.0625,30.125,30.1625,30.12,30.1625,31.9975,0.04138236339311712,31.9375,32.0,32.0625,31.9975,32.0625,32.305,0.03221024681681282,32.25,32.3125,32.3125,32.305,32.3125,35.385,0.04213074886588179,35.3125,35.375,35.4375,35.385,35.4375,36.1875,0.03952847075210474,36.125,36.1875,36.25,36.1875,36.25,35.4375,0.03952847075210474,35.375,35.4375,35.5,35.4375,35.5,-0.031259841319999995,0.16529500494383834,-0.1390274556,0.0,0.0914459658,0.08380495868,0.2447065536000002,-0.004260439839999999,0.0441438072674991,-0.066045439,0.0,0.02593845140000001,0.0251414224,0.08519972880000004,-0.07179296048,0.5161128340565433,-0.05349534639999999,-9.6e-06,0.002613901400000002,0.14495253464000002,0.08121123920000003,0.09262335475999998,0.3558185811458724,-0.21104408779999997,0.0,0.6586245058000002,0.22141432636000002,0.6586245058000002,0.011018730680000002,0.04726913315038371,-0.015104231399999998,0.0,0.02353117440000001,0.01977592084,0.04103764080000001,-0.06259235327999997,0.3582307632838539,-0.39201713779999997,0.0,0.1617779404000002,0.18258112056,0.5266324520000001,0.11382020711999999,0.08198734747203668,0.0832736732,0.085785329,0.17729245440000002,0.11382020711999999,0.17729245440000002,0.2729020200333334,1.3740159541333334,0.17729245440000002
26,26,1,2,24,24,24,False,True,-0.038808989708333345,0.5381445550926057,-0.4983425111,-0.16301579,0.5412297425999997,0.36106061529166666,0.8418120739999998,-2.32193006075,0.6757156447989382,-2.9511095998999997,-2.229485154,-1.6360582824999998,2.32193006075,2.9511095998999997,-1.1700224504166667,0.33268098441124727,-1.6384624482,-1.1513801215,-0.7612336458,1.1700224504166667,1.6384624482,-0.5881926842916667,0.6245492501337151,-1.4986766934,-0.566789508,-0.004510989100000237,0.7299045669583334,1.5053395508999998,-0.03631347745833336,0.7620468469685818,-0.7949925096999998,0.0504888835,0.36212330159999995,0.42920375070833333,1.6268589857999998,-0.0030001045833333386,0.13364223653923954,-0.1954051107,0.014419916500000001,0.18428236569999998,0.10727729091666667,0.2144275949,30.1953125,0.027436598314720676,30.1875,30.1875,30.25,30.1953125,30.25,32.098958333333336,0.035706534377088775,32.0625,32.125,32.125,32.098958333333336,32.125,32.385416666666664,0.05311478659992484,32.3125,32.375,32.4375,32.385416666666664,32.4375,35.486979166666664,0.03599029937782618,35.4375,35.5,35.5,35.486979166666664,35.5,36.309895833333336,0.04223248630267411,36.25,36.3125,36.375,36.309895833333336,36.375,35.53125,0.03608439182435161,35.5,35.5,35.5625,35.53125,35.5625,0.006369036791666667,0.13096897824724096,-0.12664328639999997,1.3e-05,0.143809207,0.07581466779166667,0.2218981344,0.009331823499999085,0.04299445147154591,-0.0033696095999999993,8.65e-31,0.06803916209999997,0.021872502583334247,0.0829886385,-0.005040009250000014,1.062716304819528,-0.05681731709999999,0.0,0.04440154429999997,0.44407433550000003,2.5408458948,-0.006035513125000005,0.39117837183271226,-0.5436860352,0.0,0.40860130489999996,0.2556474452083333,0.6719864431,-0.003512344876275917,0.022723623588448382,-0.016817424499999997,0.0,0.0130109943,0.01024737545960925,0.027290621199999993,-0.0028663784999995536,0.3464535405012667,-0.5021492333,0.0,0.4035134377,0.2188678223333338,0.6120680634,0.11958522854166669,0.08601423926000777,0.082645774,0.08642184750000001,0.17734416709999998,0.11958522854166669,0.17734416709999998,0.6928462992333334,1.46300170895,0.17734416709999998
27,27,1,2,24,24,24,False,True,0.09971766108333337,0.8426339877939224,-0.3256251959,-0.08781784000000001,0.3883515358,0.45634530683333335,1.1239197195999995,-2.365545044291667,0.6584308300381471,-3.2078432559,-2.261092186,-1.5981896879,2.365545044291667,3.2078432559,-1.1655690023333334,0.4013511279402431,-1.7481456873999999,-1.070093095,-0.7040758134,1.1655690023333334,1.7481456873999999,-0.6457601065,0.47482573084204127,-1.3854489447999998,-0.6642157735,-0.09985404900000017,0.6755427208333332,1.3854489447999996,-0.052684907583333336,0.5557543209952981,-0.6708520411,0.0295115385,0.42083392729999985,0.35406581800000003,0.8289876341999999,-0.034739778625,0.14363300067884185,-0.1840368256,-0.026492780500000004,0.1494684983,0.11925940312500001,0.2176417084,30.2578125,0.027436598314720676,30.25,30.25,30.3125,30.2578125,30.3125,32.184895833333336,0.012489144591960207,32.1875,32.1875,32.1875,32.184895833333336,32.1875,32.46875,0.03125,32.4375,32.46875,32.5,32.46875,32.5,35.588541666666664,0.035706534377088775,35.5625,35.5625,35.625,35.588541666666664,35.625,36.442708333333336,0.04388619673529354,36.375,36.4375,36.5,36.442708333333336,36.5,35.651041666666664,0.030812915536977167,35.625,35.625,35.6875,35.651041666666664,35.6875,0.04119282183333333,0.21319048338930385,-0.0872035747,0.0,0.19841924019999999,0.11481609375,0.3605770199999999,-0.002587701458333333,0.044663615895059065,-0.05740162919999999,0.0,0.015449871699999996,0.024357029625,0.0703547182,0.09834727930000002,0.8711861326379182,-0.028777072899999992,0.0,0.0741338054,0.3242509023833333,1.6802947995999982,-0.09997772137500001,0.44555357319067473,-0.6178358198,0.0,0.34210480909999985,0.2997254452083334,0.8045162142999999,-0.011646952124797499,0.04449956585441241,-0.0302224885,-1.5450000000000002e-21,0.008399836199999998,0.018993788208535835,0.044989064699999984,0.05802629216666667,0.33919904394786077,-0.3981394889999999,3.025e-05,0.5484748274999999,0.22000481849999998,0.6294238033,0.10315190504166667,0.03917077477552339,0.0808376252,0.0857854185,0.18050855989999998,0.10315190504166667,0.18050855989999998,0.5983592700166663,1.4186644917166664,0.18050855989999998
28,28,1,2,25,25,25,False,True,0.12210322448,0.5046338033705621,-0.32016451339999996,-0.097505048,0.8359465598000001,0.39026397296,0.8359465598000001,-2.1724824965600003,0.7488945982410353,-2.954427624,-2.305093527,-1.3514916179999998,2.1724824965600003,2.954427624,-1.2279988468,0.5886020256312802,-2.0404673574,-1.080377102,-0.5780887128,1.2279988468,2.0404673574000003,-0.73119600832,0.47832320674665313,-1.5977446078,-0.548406005,-0.28875825999999993,0.73119600832,1.5977446078000006,-0.30908844696,0.6454587908961071,-1.2264985560000001,0.000514356,0.1564943578,0.40234775232,1.2264985560000001,0.03534672076,0.13850959342857255,-0.16342672719999998,0.034238357,0.20951109840000004,0.12159845820000001,0.20957818960000002,30.3225,0.03391164991562634,30.3125,30.3125,30.375,30.3225,30.375,32.265,0.03657184709581948,32.25,32.25,32.3125,32.265,32.3125,32.5625,0.025,32.5625,32.5625,32.5625,32.5625,32.5625,35.68,0.04077376607575023,35.625,35.6875,35.75,35.68,35.75,36.56,0.045000000000000005,36.5,36.5625,36.625,36.56,36.625,35.7525,0.03741657386773942,35.6875,35.75,35.8125,35.7525,35.8125,-0.03438991976,0.12213724875257928,-0.169953373,0.0,0.059819877800000004,0.06546284936,0.16995337300000005,-0.016555220279999998,0.059800770517002944,-0.08389680519999998,0.0,0.006082692200000004,0.029221689,0.11139603100000002,0.00033652992099199975,0.02391860328229243,-0.0345089834,0.0,0.03319471200000002,0.014441678000992,0.041373413000000005,0.01739318170280009,0.32651711595787325,-0.14158651259999996,0.0,0.3777293680000004,0.1722559080572001,0.6232913731999999,0.01016253272,0.04141928792825144,-0.0198191382,0.0,0.039480468600000006,0.01840272064,0.039480468600000006,0.021632913240000006,0.2741392243097194,-0.2552896024,0.0,0.10093747060000006,0.13007418964,0.4375766398000002,0.12513493048000002,0.1107061322102382,0.0818474772,0.085785329,0.176936364,0.12513493048000002,0.176936364,0.23717854976666672,1.4774438157666667,0.176936364
29,29,1,2,24,24,24,False,True,-0.003390349124999988,0.37230960988483924,-0.34102480979999994,-0.10239311300000001,0.49314719989999983,0.28448317595833333,0.7125906230999999,-2.3654771794166667,0.8780497576747293,-3.0853197334999996,-2.1638593669999997,-1.6642125724,2.3654771794166667,3.0853197334999996,-1.1939068665833334,0.6906734504111885,-1.6646763679,-1.0579172964999999,-0.6444347263000001,1.1939068665833334,1.6646763678999998,-0.5226093105416666,0.652429957099984,-1.2994217517,-0.522815198,-0.0929412298,0.6943760088750001,1.4199904918,-0.05377655387499999,0.4930035308500199,-0.3522398563999999,0.031301545,0.31497817939999995,0.285378092625,0.7527685221999998,-0.0015577582499999947,0.13767320953996193,-0.18182809079999998,0.0160166575,0.18648039859999999,0.11004947983333334,0.2111525685,30.401041666666668,0.030812915536977167,30.375,30.375,30.4375,30.401041666666668,30.4375,32.341145833333336,0.03599029937782618,32.3125,32.34375,32.375,32.341145833333336,32.375,32.666666666666664,0.04658474953124562,32.625,32.6875,32.73125,32.666666666666664,32.73125,35.768229166666664,0.02840810446519717,35.75,35.75,35.8125,35.768229166666664,35.8125,36.692708333333336,0.04388619673529354,36.625,36.6875,36.75,36.692708333333336,36.75,35.8359375,0.030257682392245445,35.8125,35.8125,35.875,35.8359375,35.875,0.001729718416666668,0.10695192084918811,-0.12905759429999997,0.0,0.10935985399999999,0.06425266958333334,0.1926843642,0.014142623416666666,0.047744835205661154,-0.026150473699999996,0.0,0.0960052151,0.026601136416666667,0.0960052151,-0.0004820832499983034,1.0557668985807722,-0.045721952899999994,0.0,0.028071848599999994,0.43892087166666843,2.5749968054,0.03018367225000083,0.36042632435674576,-0.44702725089999995,0.0,0.3935316384,0.23723485150000082,0.49218604250000003,-0.0011947928861672085,0.024214355033972054,-0.015211085499999999,0.0,0.014639615199999996,0.01148497813616721,0.03496892519999999,-0.018329017374999992,0.364997843290695,-0.49684214569999996,0.0,0.4118076934999998,0.21679341020833334,0.6270098153,0.11921710012499999,0.0848898528039236,0.0838853417,0.08799162499999999,0.18036600949999998,0.11921710012499999,0.18036600949999998,0.6696418612833334,1.3077497178333333,0.18036600949999998
30,30,1,2,24,24,24,False,True,-0.033332093125,0.3897614396941022,-0.3183262168,-0.0836121925,0.5864152732,0.27937215579166663,0.612742299,-2.351406107375,0.7339865571751086,-3.2055922986,-2.1223227975,-1.7036541702,2.351406107375,3.2055922985999996,-1.2292018556666668,0.5964616474242451,-1.7964692237,-1.154812276,-0.6379753771000001,1.2292018556666668,1.7964692237,-0.6144695182916667,0.5368541228889959,-1.3534507034999999,-0.5584520694999999,-0.03814656160000002,0.6653752122083334,1.3534507034999996,-0.06055718862499998,0.5462900562129412,-0.621023345,0.0060950859999999996,0.3564062325,0.33379090237500003,0.8212896766999999,-0.001742160541666667,0.1405819123968223,-0.168107122,-0.0005859505000000002,0.1935316338,0.11361242829166666,0.23100214289999998,30.489583333333332,0.03897559777889522,30.4375,30.5,30.5,30.489583333333332,30.5,32.432291666666664,0.035706534377088775,32.375,32.4375,32.48125,32.432291666666664,32.48125,32.755208333333336,0.04000596743681567,32.6875,32.75,32.8125,32.755208333333336,32.8125,35.861979166666664,0.031141304018493226,35.8125,35.875,35.875,35.861979166666664,35.875,36.791666666666664,0.03897559777889522,36.75,36.8125,36.8125,36.791666666666664,36.8125,35.932291666666664,0.030812915536977167,35.875,35.9375,35.9375,35.932291666666664,35.9375,0.028351345625000007,0.16664145126613922,-0.1228381975,0.0,0.20918809349999998,0.105682348875,0.33271414029999996,0.01004596658333336,0.04425633764354342,-0.010364829299999998,3.425e-16,0.06855023159999998,0.02363945800000003,0.08035404419999999,-0.0018003381249999857,1.0503037693023654,-0.06647999379999998,-7.1432e-05,0.06339534739999994,0.4394991839583333,2.5708766221999997,-0.041537631250000005,0.40398044029505137,-0.5264674242999999,0.0,0.4101805328,0.2781300041666667,0.5856738451,-0.006433479254666668,0.02827943934612015,-0.029295013399999997,0.0,0.0125444659,0.014386111587999998,0.040190051899999996,0.01280578283333333,0.3516924461682177,-0.49784719029999996,0.0,0.5661883533999998,0.23407957491666667,0.6453509506999999,0.11254391070833332,0.08052472120888703,0.0802173376,0.08633571849999999,0.1720394374,0.11254391070833332,0.1720394374,0.7091932757333331,1.3367577240666666,0.1720394374
31,31,1,2,24,24,23,False,True,-0.2682815402608696,1.7368106965737853,-1.0247205614,-0.073029056,0.18355564180000006,0.838349338,3.8017459628000028,-2.4578119827826086,0.8258814249361403,-3.2276248934,-2.520131111,-1.5702812676,2.4578119827826086,3.2276248934,-1.2767156362173913,0.4829854496068101,-1.8870259764000001,-1.143917441,-0.7851198796,1.2767156362173913,1.8870259764000001,-0.6704329735217393,0.5346711174741609,-1.2394191025999999,-0.523037076,-0.22527873499999995,0.6906593205652175,1.2394191026,0.2015679840434783,0.791372060907869,-0.4633390842,0.009062614,1.6106495138000005,0.515838202826087,1.6578113552000002,-0.04145395673913043,0.13085530309152382,-0.1772416416,-0.058726348,0.10294366320000001,0.11202451308695653,0.188405752,30.567934782608695,0.03645763006793135,30.5125,30.5625,30.625,30.567934782608695,30.625,32.51902173913044,0.042965729078374704,32.45,32.5,32.5625,32.51902173913044,32.5625,32.84510869565217,0.031220449165967543,32.8125,32.875,32.875,32.84510869565217,32.875,35.96195652173913,0.040121801794112504,35.9375,35.9375,36.0,35.96195652173913,36.0,36.90760869565217,0.036254521913386774,36.875,36.875,36.9375,36.90760869565217,36.9375,36.03260869565217,0.031220449165967543,36.0,36.0625,36.0625,36.03260869565217,36.0625,0.01286991082608868,0.185978650491182,-0.0738701364,0.0,0.15174776620000002,0.09967873265217564,0.4082238912000001,0.007676829739130429,0.05595208478337671,-0.018017569599999998,0.0,0.06383865020000001,0.028296644521739137,0.12191333500000005,-0.001716684695652177,0.7664003078886713,-0.0496082238,0.0,0.04668561400000002,0.27570624765217394,0.5227714059999999,-0.03904769017414087,0.382238588698353,-0.4634867428,0.0,0.36688181420000016,0.2439282515654452,0.6281258348000001,-0.013966427652173912,0.045639827034099675,-0.027077012600000002,0.0,0.007251163600000006,0.017799132260869568,0.027077012600000002,0.013469467434782867,0.28042499108733876,-0.4240828455999999,0.0,0.32671107060000004,0.17498019221739156,0.5074965121999999,0.1034899743043478,0.04292629916939162,0.0812176348,0.084004939,0.18304709160000002,0.1034899743043478,0.18304709160000002,0.3692679986333333,2.0003388404,0.18304709160000002
32,32,1,2,24,24,24,False,True,0.4861880224583333,1.6841465630540666,-0.1954160599,0.0661508775,0.6615162789999999,0.7787289047916667,1.748546260299999,-2.2620200912499997,0.7447127568979798,-3.0363673213999998,-2.246125698,-1.4391084195000001,2.2620200912499997,3.0363673213999998,-1.1568897787916665,0.41975012014321655,-1.7067617895,-0.9839233755000001,-0.6933263483000001,1.1568897787916665,1.7067617895,-0.6973313776250002,0.5510528328837802,-1.486000824,-0.5365254585,-0.23699735710000006,0.7075325262916667,1.4860008239999998,-0.33354466125,0.8652144754041303,-1.1246973398,-0.065077152,0.1232964959,0.47106099325,1.1246973398,0.011912684041666663,0.1416884240191017,-0.1542148353,0.0280255295,0.20121289169999992,0.11695720345833334,0.23108824649999998,30.640625,0.03719493973199401,30.625,30.625,30.6875,30.640625,30.6875,32.606770833333336,0.03365324995656272,32.5625,32.625,32.625,32.606770833333336,32.625,32.942708333333336,0.04388619673529354,32.875,32.9375,33.0,32.942708333333336,33.0,36.036458333333336,0.035706534377088775,36.0,36.0625,36.0625,36.036458333333336,36.0625,37.0234375,0.03522851369392886,37.0,37.0,37.0625,37.0234375,37.0625,36.119791666666664,0.035706534377088775,36.0625,36.125,36.16875,36.119791666666664,36.16875,0.0043978519166666665,0.14998451396535034,-0.1055511819,0.0,0.1190058556,0.078902608,0.18397238239999997,-0.027409565625000003,0.06532645522412878,-0.12029807259999997,0.0,0.002610731199999999,0.036308637875,0.12292134009999997,0.004680558000000001,0.6710807659768461,-0.027016671299999996,0.0,0.07410873979999999,0.2330239623333333,0.5992955464999994,-0.05857398947523464,0.4239351412829534,-0.5733922032,-6.65e-16,0.35210548029999994,0.25736941847523465,0.7670393409999998,-0.002305352220833332,0.058560430095716286,-0.018940428499999995,0.0,0.023523672799999982,0.023928466279166668,0.0551061521,0.0526590175833368,0.32178115558912673,-0.26680494769999996,5.58060000416e-05,0.45044480519999996,0.19010328891667014,0.5333319665,0.12017587829166666,0.1077808702077585,0.08071892239999999,0.0836651925,0.1640957116,0.12017587829166666,0.1640957116,0.3769444547666665,1.5555769635833332,0.1640957116
33,33,1,2,25,25,25,False,True,0.02671100272000003,0.8226165088592311,-0.46158152779999995,-0.119672209,0.4653368950000002,0.44112110664,0.9403436186000004,-2.3216703462,0.682722528980975,-2.8629885198,-2.374446154,-1.4936153648,2.3216703462,2.8629885198,-1.2827228593200002,0.7029059537873575,-1.8948628664,-1.046152234,-0.7542451621999999,1.2827228593200002,1.8948628664000002,-0.72628444428,0.49882545295816194,-1.293624091,-0.565850079,-0.3116892756,0.72628444428,1.293624091,-0.13778204488,0.9593426775797,-0.8089718699999999,-0.024010997,0.5039360404000008,0.50100142552,0.9581480502000003,0.02712574236,0.1480976584556223,-0.16464773719999998,0.032794494,0.1871190194,0.12144205564,0.2407844426,30.715,0.035707142142714254,30.6875,30.6875,30.75,30.715,30.75,32.6925,0.046502688094345684,32.625,32.6875,32.75,32.6925,32.75,33.015,0.044300112866673375,32.9625,33.0,33.0625,33.015,33.0625,36.1375,0.030618621784789725,36.125,36.125,36.1875,36.1375,36.1875,37.14,0.044300112866673375,37.0625,37.125,37.1875,37.14,37.1875,36.23,0.034095454242464636,36.1875,36.25,36.25,36.23,36.25,-0.021174779919999994,0.12300920378646782,-0.14005302819999998,0.0,0.0700678062,0.06385384983999999,0.1400530282,0.004400909959999998,0.06910588292572091,-0.03192247959999999,0.0,0.009669252400000009,0.02513864436,0.07079127440000006,-0.062419642799999994,0.30501016165495665,-0.0418582286,0.0,0.021112904200000025,0.07533564208,0.05628501440000002,0.013197777941199994,0.37202882583909647,-0.21245048079999995,0.0,0.3559295956,0.20597152173879998,0.6651764868,0.00884218439012,0.043637998471099636,-0.0248366488,0.0,0.047986277200000045,0.02036932332188,0.05583773800000002,0.01153335192,0.32236774856011713,-0.28775578139999997,0.0,0.15155570220000011,0.1641471648,0.48534401660000015,0.10740742923999999,0.08097722452721937,0.082341361,0.085105658,0.1334494112000001,0.10740742923999999,0.1334494112000001,0.24558125973333336,1.365125264766667,0.1334494112000001
34,34,1,2,24,24,24,False,True,-0.3804831241666667,0.9906516309029463,-0.7728996513999999,-0.1794481055,0.15678448359999986,0.51987187825,0.8237286986,-2.4168900152916666,0.807358637067318,-3.1378073218,-2.267929316,-1.7032099963,2.4168900152916666,3.1378073218,-1.317875710625,0.6129121694380176,-2.1133974552,-1.173018932,-0.7509513496,1.317875710625,2.1133974552,-0.5800413914166667,0.5347142966540129,-1.3927676440999999,-0.5875106155,-0.0680216034000001,0.6683920898333332,1.3927676440999996,0.25419088458333333,0.9063322765173922,-0.101593727,0.051895229,1.0428745149999998,0.43738968366666664,1.1666119221,0.026932708749999996,0.13183112937862293,-0.1510275766,0.020487678000000002,0.19230843049999996,0.11324417133333332,0.19230843049999996,30.794270833333332,0.03365324995656272,30.75,30.8125,30.8125,30.794270833333332,30.8125,32.7890625,0.030257682392245445,32.75,32.8125,32.8125,32.7890625,32.8125,33.098958333333336,0.030812915536977167,33.0625,33.125,33.125,33.098958333333336,33.125,36.231770833333336,0.028408104465197172,36.1875,36.25,36.25,36.231770833333336,36.25,37.2421875,0.041585206829873204,37.1875,37.25,37.3125,37.2421875,37.3125,36.333333333333336,0.03454817489953542,36.3125,36.3125,36.375,36.333333333333336,36.375,-0.028188002750000333,0.15767222742237214,-0.1700274853,0.0,0.1004051158,0.07986107191666698,0.1700274853,0.0010067714999999998,0.07479542920084659,-0.039526525699999995,0.0,0.012682618099999994,0.034358375499999996,0.13136091439999997,-0.05643431120833331,0.9308536619467507,-0.07704038199999999,-1.435e-23,0.062062181099999975,0.38208361195833335,2.0907007689999992,0.097827518375016,0.38929321350593593,-0.255235122,0.0,0.433673662,0.24885877979168267,0.5670410333999999,0.007821322958333337,0.04608076038082059,-0.013514369499999998,0.0,0.01976940959999999,0.019167291958333336,0.05763066229999999,-0.06782285025000001,0.385273794574304,-0.5122083722,0.0,0.22551235819999985,0.20621169616666668,0.5336374702,0.11985042695833333,0.08825438465959672,0.08178902269999999,0.08701530099999999,0.19489512449999996,0.11985042695833333,0.19489512449999996,0.5917330557666665,1.4711035787166666,0.19489512449999996
37,37,1,2,25,25,24,False,True,0.06384083879166667,0.4541006944648729,-0.36159695979999995,-0.057644285,0.7154559192999996,0.3007960450416667,0.7791852948999998,-2.2845004250416667,0.9006020975181839,-3.1834062576,-2.4203174115,-1.6204701902,2.3580221285416667,3.1834062576,-1.20904017475,0.915355572186479,-2.2727247951,-1.150202632,-0.6139496324000001,1.3487328389166666,2.2727247951,-0.5370810752916666,0.6649730238555717,-1.3041513203,-0.5069776479999999,-0.15026317840000003,0.6960029565416667,1.4500154731000001,-0.25935699058333334,0.6818913252905535,-0.9003697275999999,-0.013863439,0.14211004689999995,0.3676063823333333,0.9003697275999998,0.007963737041666669,0.13948829118445383,-0.1886350198,0.026206565,0.207196742,0.11851654420833334,0.2162134258,31.0546875,0.027436598314720676,31.0,31.0625,31.0625,31.0546875,31.0625,33.080729166666664,0.028408104465197172,33.0625,33.0625,33.125,33.080729166666664,33.125,33.4140625,0.039579906649923606,33.375,33.4375,33.4375,33.4140625,33.4375,36.541666666666664,0.03454817489953542,36.5,36.5625,36.5625,36.541666666666664,36.5625,37.565104166666664,0.028408104465197172,37.5625,37.5625,37.60625,37.565104166666664,37.60625,36.677083333333336,0.042949016933517305,36.625,36.6875,36.75,36.677083333333336,36.75,-0.04189732925,0.13812662830073352,-0.2119934273,0.0,0.05404472179999996,0.07813884708333334,0.2333060037,-0.013162237416666667,0.04461983551193232,-0.08617941859999999,0.0,0.009693152199999997,0.02464877883333333,0.08743217239999998,0.10146280233333334,0.5383299776726526,-0.0491639146,-3.84e-05,0.01619246959999999,0.12771575191666665,0.06649480139999998,0.028727687958690015,0.4343579123268208,-0.5839985576,0.0,0.5775895951999999,0.26254881820868997,0.8285779533999998,0.006448137139166665,0.04804582680691754,-0.0242810346,0.0,0.039394778199999994,0.023069965305833332,0.07370063639999996,0.012043802499999987,0.3585199493484213,-0.310232788,0.0,0.44293793719999974,0.19775122875000004,0.6038841366,0.11239913608333334,0.08229224830016393,0.0809056041,0.0857422355,0.1750334676,0.11239913608333334,0.1750334676,0.3155659506499999,1.4669858290166664,0.1750334676
38,38,1,2,24,24,24,False,True,0.006363596458333343,0.5943077187129597,-0.4453363063,-0.0975337515,0.4897040992999998,0.3678526310416666,0.7964698668999999,-2.3327226689166665,0.6966665443446324,-3.0623098369,-2.207333684,-1.6694972157999999,2.3327226689166665,3.0623098369,-1.2162137205,0.36941774126068366,-1.611710179,-1.1496677995,-0.7504802285,1.2162137205,1.611710179,-0.6228137828333334,0.6356161765986312,-1.5807575818,-0.5600234565,-0.09493629610000001,0.7336863508333332,1.5807575818,-0.007878660375000021,0.798650560885571,-0.4509948219999999,-0.0019439235000000008,0.7994010239999995,0.447027671125,1.7338701248999997,-0.011097229083333332,0.13728169005827384,-0.1843023002,0.012651056,0.19284076059999997,0.11126211700000001,0.2106314363,31.111979166666668,0.040259439671198716,31.0625,31.125,31.16875,31.111979166666668,31.16875,33.15625,0.03125,33.125,33.15625,33.1875,33.15625,33.1875,33.479166666666664,0.03897559777889522,33.4375,33.5,33.5,33.479166666666664,33.5,36.625,0.02551551815399144,36.625,36.625,36.625,36.625,36.625,37.651041666666664,0.035706534377088775,37.625,37.625,37.6875,37.651041666666664,37.6875,36.770833333333336,0.02946278254943948,36.75,36.75,36.8125,36.770833333333336,36.8125,0.03193763683333333,0.1641009852646216,-0.11731503889999997,7.3e-26,0.21306457789999994,0.09634007641666666,0.29180880899999995,0.008321882208333334,0.0359547454877169,-0.0016205458999999996,0.0,0.043064488399999996,0.017203452041666668,0.05647812329999999,-0.006026217958333339,1.0599710553049457,-0.04559931519999999,0.0,0.05557037859999996,0.44167187104166666,2.5437244654,-0.02312606774999999,0.3978012702796452,-0.547532448,3.5e-41,0.4215097725,0.2676781809166667,0.6470503687,-0.005547407916666418,0.02494722755019893,-0.020356247499999997,0.0,0.012300613699999997,0.011418908916666914,0.02889505459999999,-0.01168816141666667,0.3537011825749195,-0.5069779219999999,0.0,0.4384584097,0.23069489824999997,0.6335506978,0.11355933545833334,0.08638413950710438,0.0815507052,0.0851919055,0.1689667997,0.11355933545833334,0.1689667997,0.7002512531333333,1.4992915042999997,0.1689667997
40,40,1,2,30,19,18,True,True,-0.11650867350000002,0.6497469524921285,-0.39798831059999995,-0.008464068500000001,0.4005027592000001,0.3516220275,0.6035699905000002,-1.9267802105555556,0.3938660940619168,-2.5757501842,-1.8295628425000001,-1.5580159422,1.9267802105555556,2.5757501842,-1.1398552888888889,0.5262281835261102,-1.8284211517,-0.901276946,-0.7022207142,1.1398552888888889,1.8284211517,-0.4613653085555555,0.3858078571642151,-0.7858457385000001,-0.664755553,0.12026943940000015,0.5442505498888889,0.7858457385000001,-0.10204783966666667,0.45033780008502394,-0.4591613861999998,-0.026537015,0.16059903660000002,0.2628797462222222,0.9097800729000003,-0.03503136827777778,0.14713731682321002,-0.16864452030000002,-0.0136452795,0.1438682216,0.11182597705555557,0.17502074120000002,31.23263888888889,0.02799395051492552,31.1875,31.25,31.25,31.23263888888889,31.25,33.28472222222222,0.03105649968749708,33.25,33.3125,33.3125,33.28472222222222,33.3125,33.645833333333336,0.03608439182435161,33.625,33.625,33.6875,33.645833333333336,33.6875,36.739583333333336,0.02329237476562281,36.6875,36.75,36.75,36.739583333333336,36.75,37.798611111111114,0.025983731852596816,37.75,37.8125,37.8125,37.798611111111114,37.8125,36.93402777777778,0.0327568789307521,36.875,36.9375,36.95625,36.93402777777778,36.95625,0.03558616827775872,0.08848916932730842,-0.01709496180024009,0.000156543,0.1329112044,0.057630630277796836,0.1448120787,0.007766173611111111,0.032625733338594136,-0.006946566599999996,3.585e-05,0.013457664700000004,0.013128805388888888,0.022359060700000002,-0.13093125811111112,1.0317677968379055,-0.7953370528999995,0.0,0.08988061680000015,0.44474776455555554,2.5404223201,0.08355061394441649,0.40412220561479967,-0.3315584423,0.0,0.4323318390000001,0.2424163718333613,0.5455652653,-0.002372183111111111,0.01294495142191206,-0.012611849299999998,0.0,0.006139401300000008,0.006397998777777778,0.0187058064,-0.12036803605555556,0.46688213737188383,-0.5386724533,0.0,0.26429772660000017,0.2670741845,0.624694085,0.11690511638888888,0.09949406730002747,0.07755357,0.08391883950000001,0.173856139,0.11690511638888888,0.173856139,0.6494264360333334,1.1463979798333332,0.173856139
41,41,1,2,24,24,24,False,True,-0.10221713041666665,1.493907251484591,-0.3041000038,-0.14279122649999998,0.3186287284,0.6426389205833333,1.0010665449999994,-2.3676267266666664,0.6893619535058809,-2.9706205842999998,-2.4442385435,-1.5746147635,2.3676267266666664,2.9706205842999998,-1.225463671,0.41201849934446116,-1.682230556,-1.2295154335,-0.7301608321,1.225463671,1.682230556,-0.7010140537499999,0.502173334987662,-1.2182179451,-0.6534676555,-0.22986617560000006,0.7201757053333333,1.2182179450999997,0.125117061,0.9474818020054041,-0.5440363077999999,0.0018087134999999997,0.7661222574999996,0.46701181775,1.0217111232,-0.022254417874999988,0.13317991520035602,-0.1694650698,0.007456197500000001,0.1369272292,0.11618798570833333,0.2127706914,31.322916666666668,0.03454817489953542,31.3125,31.3125,31.375,31.322916666666668,31.375,33.369791666666664,0.017274087449767706,33.375,33.375,33.375,33.369791666666664,33.375,33.723958333333336,0.030812915536977167,33.6875,33.75,33.75,33.723958333333336,33.75,36.8203125,0.027436598314720676,36.8125,36.8125,36.875,36.8203125,36.875,37.877604166666664,0.0381845789026437,37.8125,37.875,37.9375,37.877604166666664,37.9375,37.065104166666664,0.03365324995656272,37.01875,37.0625,37.125,37.065104166666664,37.125,0.03563987987500001,0.21706919738301808,-0.08094888069999999,0.0,0.16329239169999998,0.11456172895833332,0.38869813089999994,0.003969279166666667,0.04155659082959581,-0.024514199799999997,0.0,0.02409493269999998,0.02063341575,0.06699946859999997,0.019671563374999996,0.8305662300004572,-0.04655475789999999,0.0,0.05935218549999996,0.32808270779166665,1.3549345437999996,-0.09267038966666667,0.44454518756359457,-0.5962412536,-3.81e-05,0.3190414683999999,0.30055745233333336,0.8604773042999997,-0.01211957963332875,0.04949525621511193,-0.0304508759,-2.39e-41,0.011091122399999999,0.02084247386667125,0.05099757479999999,0.044192234833333344,0.34460616471659866,-0.4386251491999999,0.0,0.3900972874,0.22860563483333332,0.6005502402999999,0.10311720270833331,0.04709251250651394,0.0803035256,0.08446919950000001,0.1775728822,0.10311720270833331,0.1775728822,0.5537762104499998,1.3511029074999998,0.1775728822
42,42,1,2,80,5,5,True,True,0.07212594139999999,0.5654932535371426,-0.5729157566,0.169881731,0.6630380628000001,0.4824588714000001,0.8543834804,-2.653328991,0.8279464204870596,-3.4562694552,-2.65064311,-1.7800008297999999,2.653328991,3.4562694552,-1.5213224652,0.2225923261324531,-1.7564949511999999,-1.552783728,-1.2863587384,1.5213224652,1.7564949512,-0.9034042062000001,0.6006807886773816,-1.600207329,-0.90195787,-0.2707139014,0.9034042062000001,1.600207329,-0.11093301640000001,0.8030254365730718,-0.8166003946,-0.324572653,0.7914009006,0.6574519144,1.2326222898,0.031376864000000004,0.11440436408017103,-0.0813918888,-0.022310086,0.1719525546,0.1011141584,0.1719525546,31.375,0.0,31.375,31.375,31.375,31.375,31.375,33.4125,0.03061862178478973,33.375,33.4375,33.4375,33.4125,33.4375,33.75,0.0,33.75,33.75,33.75,33.75,33.75,36.875,0.0,36.875,36.875,36.875,36.875,36.875,37.9375,0.0,37.9375,37.9375,37.9375,37.9375,37.9375,37.125,0.0,37.125,37.125,37.125,37.125,37.125,0.0316448542,0.21194505493198662,-0.18457102120000002,-0.000388466,0.2578649072,0.15573883019999998,0.3327085316,-0.010375174999999999,0.04719991532146287,-0.0618937346,-0.002349739,0.040454626400000006,0.037744229,0.0703138234,0.0006111165999999994,0.028331745554518242,-0.032085933999999997,0.013381571,0.022870130600000003,0.022068039,0.042974241600000004,-0.0766868418,0.4095979114377863,-0.481496453,-0.110176124,0.3835431952000001,0.3324797594,0.6160514356,0.0296384144,0.051801824825459,-0.0065064954,1.13e-05,0.08955961740000001,0.033976078,0.08955961740000001,0.0483860552,0.24841056032179,-0.1729887148,-7.63e-05,0.31245976540000003,0.1659001276,0.4055310726,0.10452514900000001,0.04474565781208179,0.081372702,0.081880033,0.14999918980000002,0.10452514900000001,0.14999918980000002,0.25952312036666664,1.511988343366667,0.14999918980000002
43,43,1,2,24,24,24,False,True,-0.00310409366666665,0.9295918241575881,-0.5803171339,-0.088730402,1.0644184234999998,0.5438524564999999,1.3213981273,-2.2350861248333334,0.6969019574467734,-2.8553540467,-2.357189536,-1.6437348011000001,2.2350861248333334,2.8553540467,-1.3585593539583334,0.707180230519945,-2.0605082514,-1.219337404,-0.7602994978000001,1.3733950171250002,2.0605082514,-0.6830329815416668,0.5037304166569716,-1.2514031949999997,-0.583146602,-0.24098604940000004,0.6830329815416668,1.2514031949999997,-0.07814035837500001,0.7655383920709821,-0.9729286550999998,-0.006860365,0.6293348759999996,0.4673535762916667,1.4581072213999997,0.03179001129166667,0.14295739712416344,-0.16627045129999998,0.046415345999999996,0.2064438374,0.12146109404166668,0.2387272033,31.583333333333332,0.02946278254943948,31.5625,31.5625,31.625,31.583333333333332,31.625,33.747395833333336,0.021943098367646765,33.75,33.75,33.75,33.747395833333336,33.75,34.119791666666664,0.030812915536977167,34.0625,34.125,34.125,34.119791666666664,34.125,37.388020833333336,0.025382276939606676,37.375,37.375,37.4375,37.388020833333336,37.4375,38.309895833333336,0.028408104465197172,38.26875,38.3125,38.3125,38.309895833333336,38.3125,37.625,0.03125,37.58125,37.625,37.66875,37.625,37.66875,-0.029542604375,0.17039005222722825,-0.1489014988,0.0,0.1019618103,0.08804008887499999,0.2539289266999999,0.006830718083333333,0.07416343772114113,-0.0673643618,0.0,0.0570151123,0.03710890183333334,0.0980983154,-0.010970950291666665,0.5672947140850854,-0.0794531939,-0.0001439605,0.005315779799999999,0.18297330445833337,0.09951446569999998,0.10781869174999999,0.389736125046089,-0.17893357369999996,0.0,0.7621173203999998,0.23791711125,0.7945774319999999,0.012500161000002792,0.0547107267665358,-0.015736885699999998,0.0,0.024721219699999977,0.02257181866666946,0.04396770499999999,-0.07295136589333336,0.3613937914685905,-0.3725411178,0.0,0.10856728039999992,0.18170046869,0.46129351259999996,0.111720725875,0.08698695566249548,0.0787662324,0.083325386,0.1677435574,0.111720725875,0.1677435574,0.2918967262333333,1.53091634085,0.1677435574
44,44,1,2,24,24,24,False,True,-0.17401713250000003,0.5703489766641949,-0.6535977962999999,-0.16885429600000001,0.4082241786999997,0.39661187166666667,0.8843969822999997,-2.420429632083333,0.7837846316875,-3.1844821694,-2.173616171,-1.6643498539000001,2.420429632083333,3.1844821694,-1.2892278470416667,0.6313426612894402,-2.022708702,-1.1029191015,-0.7346033457,1.2892278470416667,2.022708702,-0.6053653597916667,0.4734269851332135,-0.8939328015,-0.527431607,-0.2041129934,0.625209921625,0.8939328014999999,0.165034983,0.6239722025447575,-0.44453502589999994,0.050208427,1.0297103522999997,0.40668567508333336,1.0924262462999998,1.7713458333332155e-05,0.1263101073113309,-0.17252572929999999,0.023080067,0.17322257949999997,0.10303980995833333,0.1905924021,31.606770833333332,0.028408104465197172,31.5625,31.625,31.625,31.606770833333332,31.625,33.8046875,0.020669932117692115,33.76875,33.8125,33.8125,33.8046875,33.8125,34.1640625,0.039579906649923606,34.125,34.1875,34.1875,34.1640625,34.1875,37.434895833333336,0.012489144591960207,37.4375,37.4375,37.4375,37.434895833333336,37.4375,38.40625,0.03608439182435161,38.375,38.375,38.4375,38.40625,38.4375,37.7109375,0.030257682392245445,37.6875,37.6875,37.75,37.7109375,37.75,-0.009989622416666665,0.1186472391304715,-0.12221843459999997,0.0,0.0978628486,0.06311415241666667,0.1667686324,0.017203311162083332,0.06827967319495853,-0.021204241999999998,7e-07,0.07565092639999998,0.033214420004583335,0.08132595649999999,-0.007438414416666668,1.029809559833445,-0.049132010899999995,0.0,0.0484143997,0.43171380216666666,2.4671341182,0.039069160666666665,0.36301653984465354,-0.38204565339999996,0.0,0.4180558177,0.23781370749999997,0.5589383360999999,0.0003697062497283328,0.02960329985167561,-0.014621739199999999,0.0,0.010530207599999999,0.012689812416938335,0.03780033749999998,-0.03781631691666667,0.37844027278873277,-0.5256720780999999,0.0,0.37316997969999977,0.21472084016666668,0.6190774142,0.11899457129166668,0.08649897099647312,0.0804815528,0.08578532950000001,0.1857368109,0.11899457129166668,0.1857368109,0.6551741324833332,1.378089883933333,0.1857368109
45,45,1,2,24,24,24,False,True,-0.092508187875,1.0138834939480812,-0.3010937931,-0.097947676,0.5465691865,0.5018605574583334,0.7390210209999999,-2.4890346925,0.9698517686551564,-3.6836362121,-2.3086221215,-1.6677380684000003,2.4890346925,3.6836362121,-1.2786788692083333,0.7268649552735106,-1.7782968165,-1.0058410764999999,-0.635605693,1.2786788692083333,1.7782968165,-0.6363769636666666,0.48119840770918837,-1.3851462838999997,-0.5138738455,-0.1274027017,0.6423709526666667,1.3851462838999995,-0.14421198929166668,0.6604389349220945,-1.0875646117,0.0075370490000000005,0.4941588713999997,0.46020020279166673,1.1579325557,-0.03748166420833334,0.15811782890614956,-0.22370366779999998,-0.0051850935000000015,0.16065146629999996,0.13676537695833332,0.22918700599999997,31.638020833333332,0.02538227693960668,31.625,31.625,31.6875,31.638020833333332,31.6875,33.869791666666664,0.030812915536977167,33.8125,33.875,33.875,33.869791666666664,33.875,34.2421875,0.020669932117692115,34.20625,34.25,34.25,34.2421875,34.25,37.5,0.02551551815399144,37.5,37.5,37.5,37.5,37.5,38.513020833333336,0.040259439671198716,38.45625,38.5,38.5625,38.513020833333336,38.5625,37.783854166666664,0.031141304018493222,37.75,37.8125,37.8125,37.783854166666664,37.8125,0.021486566208333335,0.17971550742465944,-0.0751217246,0.0,0.14117958679999998,0.09117221454166667,0.2961382749,-0.015849055291666664,0.06650846657746881,-0.12400463899999997,0.0,0.04868815719999997,0.03930586395833333,0.12932414569999998,0.06130563891666665,0.5874131234151077,-0.0360462746,0.0,0.044082013599999983,0.17410703458333332,0.0692246399,-0.09198074791666666,0.3956560994098164,-0.5633636058,0.0,0.1601618138,0.24245802591666668,0.6664303662,-0.008321754083333332,0.04384602225102681,-0.025372198699999998,0.0,0.02053996849999999,0.019521072333333334,0.049840164799999975,0.06857793404166666,0.33698018711162925,-0.2495320319,0.0,0.48346351399999987,0.2002396494583333,0.5900461135999999,0.12312122929166665,0.09680807481562205,0.0808969676,0.087058395,0.19167036409999996,0.12312122929166665,0.19167036409999996,0.3001672841833333,1.4955366492,0.19167036409999996
46,46,1,2,25,25,25,False,True,0.4179006186,1.4485346109030934,-0.21868330819999998,-0.070461407,0.8517259360000003,0.61023885572,0.8517259360000003,-2.25732383968,0.7685064819988437,-2.9559782032,-2.355946541,-1.6085623742,2.25732383968,2.9559782032000004,-1.21920743816,0.6754656349355583,-1.7932158943999998,-1.123029113,-0.5800817369999998,1.21920743816,1.7932158944000003,-0.71126632716,0.4815993970716168,-1.2168643473999998,-0.53159678,-0.2992852746,0.7156362244400001,1.2168643474000003,-0.50844887408,1.0835459086463608,-1.2906904222,-0.027615201,0.11776537020000002,0.5711190711999999,1.2906904222000004,0.05146781915999999,0.14598410304882695,-0.14801244719999998,0.075767748,0.2245615122,0.13186286139999998,0.23759607980000003,31.6875,0.030618621784789725,31.65,31.6875,31.725,31.6875,31.725,33.935,0.0329772648956823,33.875,33.9375,33.975,33.935,33.975,34.3125,0.035355339059327376,34.25,34.3125,34.375,34.3125,34.375,37.555,0.03221024681681282,37.5,37.5625,37.5625,37.555,37.5625,38.6225,0.04138236339311712,38.5625,38.625,38.6875,38.6225,38.6875,37.86,0.032015621187164243,37.8125,37.875,37.875,37.86,37.875,-0.03276205428,0.12709225537067864,-0.15417399440000001,0.0,0.05842004560000002,0.06334981572000001,0.15417399440000001,-0.01245472952,0.02761005292595662,-0.052372219599999985,0.0,0.0020023398000000026,0.013346950239999999,0.05237221960000005,0.01867326408,0.2617916828303694,-0.029540905199999995,0.0,0.027334020000000018,0.08464351576000001,0.10118936560000008,-0.032050382319999994,0.3626862915677047,-0.39673616319999994,0.0,0.1903106782000001,0.19921066703999998,0.6089629056,0.006446969840000002,0.04298095754498866,-0.015147782399999992,0.0,0.03435527740000001,0.01878911144,0.050806468600000015,0.05966638568,0.3232623473459273,-0.17522591659999998,0.0,0.31048868900000004,0.16077454744,0.40295441140000016,0.09389154908,0.02656952447021178,0.0802853228,0.085019588,0.1309530970000001,0.09389154908,0.1309530970000001,0.22840989420000005,1.3910118138333336,0.1309530970000001
47,47,1,2,23,23,23,False,True,-0.20947276952173913,0.4238066994815637,-0.7707560058,-0.185640544,0.4797262160000003,0.3772050328260869,0.7707560058,-2.4307101913043483,0.917979723374539,-2.9722218036,-2.318442106,-1.6793637988,2.4307101913043483,2.9722218036,-1.3612970942608695,0.6386944029702594,-2.2535470724,-1.294792652,-0.6779310823999999,1.3612970942608695,2.2535470724000004,-0.6431249327826086,0.53095632105774,-1.0737780574,-0.524673045,-0.21496556979999995,0.6473882806956521,1.0737780574,0.17497488604347824,0.6164527488272108,-0.18582827159999998,0.034256607,1.1394196984000002,0.3978547833478261,1.3031706570000001,0.023960728652173913,0.12604134631244196,-0.1490036426,0.02866073,0.1948288854,0.10443113169565216,0.19552158980000003,31.752717391304348,0.012745694999520189,31.75,31.75,31.75,31.752717391304348,31.75,34.0,0.031922119903453075,33.95,34.0,34.05,34.0,34.05,34.38858695652174,0.041031708887341034,34.325,34.375,34.4375,34.38858695652174,34.4375,37.61141304347826,0.03665961294356533,37.5625,37.625,37.625,37.61141304347826,37.625,38.72282608695652,0.030983027855954838,38.6875,38.75,38.75,38.72282608695652,38.75,37.92934782608695,0.027977255817899456,37.875,37.9375,37.9375,37.92934782608695,37.9375,-0.029499779173913044,0.1767255515580075,-0.1639171304,0.0,0.0989902944,0.09155494960869565,0.27742965260000013,0.018738507347826085,0.059831240593173504,-0.0032416562,0.0,0.07658707520000001,0.030797053260869556,0.11090480380000003,-0.11576140217377864,0.9138458565531843,-0.07949606759999998,0.0,0.002479765600000002,0.34441088739143877,1.999092432600002,0.10248438443478058,0.36539377750811664,-0.2047119586,9.32e-21,0.4301818906,0.24036800495652375,0.5802085640000001,0.009252472652173912,0.04656035497581143,-0.0137178866,0.0,0.020324917600000013,0.019798633695652174,0.046575956000000016,-0.09017071579569565,0.3939489384466931,-0.5105308293999999,0.0,0.05002602020000002,0.20453589779569564,0.5524472716000001,0.11093647839130436,0.0896624191064224,0.08071030359999999,0.084598482,0.15488657940000006,0.11093647839130436,0.15488657940000006,0.5944431134333338,1.4281658643333337,0.15488657940000006
48,48,1,2,24,24,24,False,True,0.020659984541666666,0.39851392122761686,-0.24445515710000001,-0.0440125315,0.5933954238999998,0.26655588904166666,0.7320725497999999,-2.3716399917083333,0.7756218442588028,-2.9710053204999998,-2.1665878295,-1.6421252487,2.3716399917083333,2.9710053204999998,-1.2601032952916666,0.5896554075570828,-1.944333935,-1.075359285,-0.7558652582,1.2601032952916666,1.944333935,-0.6674839731666667,0.5134779837595523,-1.2996389983,-0.5524643659999999,-0.19943088020000002,0.6698981215,1.2996389983,-0.1807263981666667,0.5079392188770417,-0.8540785374,-0.027406454499999996,0.15878999829999996,0.34657704758333335,0.9822743536999998,-0.013758703833333335,0.13852602842251888,-0.1818608569,0.0014680004999999999,0.1669942857,0.110659607,0.2134262412,31.807291666666668,0.024978289183920414,31.76875,31.8125,31.8125,31.807291666666668,31.8125,34.080729166666664,0.03365324995656272,34.0625,34.0625,34.125,34.080729166666664,34.125,34.4375,0.018042195912175804,34.4375,34.4375,34.4375,34.4375,34.4375,37.6875,0.018042195912175804,37.6875,37.6875,37.6875,37.6875,37.6875,38.828125,0.03252603124165832,38.8125,38.8125,38.875,38.828125,38.875,38.015625,0.03252603124165832,38.0,38.0,38.0625,38.015625,38.0625,0.016553386,0.14265507091036336,-0.11409470409999999,0.0,0.2017718240999999,0.08596757749999999,0.26557565019999996,0.006617140417383334,0.041955027257668684,-0.008162064499999998,8.6e-12,0.020222426799999995,0.019638952500716667,0.07882673999999998,-0.0017968349166666564,1.0429794227982776,-0.034016351,-2.3700000000000003e-21,0.06204824689999994,0.43442379425,2.5489372731,-0.032728864708123355,0.40217219568480056,-0.4852770477,0.0,0.40115487289999996,0.27038017487521,0.5920081618,-0.006356940157908333,0.029169711061395726,-0.030329538099999998,0.0,0.0136879408,0.014176160325425001,0.04313820169999999,0.018625488616249995,0.3565001844182771,-0.4970974505,0.0,0.5639628138999999,0.22715285596708334,0.6560019135999999,0.12851818158333334,0.10956540751084139,0.0796842452,0.08510574700000001,0.1781854926,0.12851818158333334,0.1781854926,0.6974146567333334,1.3571252330833332,0.1781854926
49,49,1,2,25,25,24,False,True,-0.24128530424999997,0.7664988571449839,-0.5485454677999999,-0.11611512299999999,0.3087362036999999,0.388860674,0.7707290109999998,-2.3601295898333334,0.6908745718199026,-3.3128535748999997,-2.4301354885,-1.6021880273,2.3601295898333334,3.312853574899999,-1.2420950382499998,0.4598360183342616,-1.8386212946,-1.2134022115,-0.6701604309,1.2420950382499998,1.8386212946,-0.59874440225,0.4298677067336624,-1.2725861783999999,-0.5281351505,-0.13606869240000005,0.6344300644166667,1.2725861783999999,0.07111507208333334,0.369807957067999,-0.1751310799,0.0222065805,0.6192072602999998,0.25225738025000005,0.7285860720999999,-0.020088674875,0.14409727140436077,-0.1670905398,0.007531571000000001,0.16676365429999998,0.12777395395833335,0.1901209411,31.861979166666668,0.031141304018493226,31.8125,31.875,31.875,31.861979166666668,31.875,34.138020833333336,0.031141304018493226,34.125,34.125,34.1875,34.138020833333336,34.1875,34.536458333333336,0.030812915536977164,34.5,34.5625,34.5625,34.536458333333336,34.5625,37.744791666666664,0.030812915536977167,37.6875,37.75,37.75,37.744791666666664,37.75,38.916666666666664,0.02946278254943948,38.875,38.9375,38.9375,38.916666666666664,38.9375,38.0703125,0.020669932117692115,38.0625,38.0625,38.10625,38.0703125,38.10625,0.01691319954166667,0.20986479483984924,-0.14781570729999996,0.0,0.12730934039999997,0.10559341804166666,0.37249820819999996,0.008925809416666666,0.04800306861973766,-0.024656707499999993,0.0,0.037347468799999985,0.022961341833333333,0.07034138119999997,0.023599637916666666,0.6318015488073393,-0.0445251194,-0.0005437095,0.0192079628,0.19482689341666667,0.06973807299999998,-0.07178357958333333,0.4640140759280896,-0.6065150855,0.0,0.41567624189999985,0.2958964349166667,0.8561563310999998,-0.008995565666666667,0.05258008944910357,-0.0312118862,0.0,0.023510651299999987,0.024169147416666665,0.07663741299999997,0.050080924125,0.35330284097491965,-0.3081287637999999,0.0,0.4919958770999999,0.21343987404166667,0.5995618282999999,0.096210310875,0.03382066105887001,0.0786151108,0.0823490325,0.14753633769999994,0.096210310875,0.14753633769999994,0.34082220579999994,1.3522495120166667,0.14753633769999994
50,50,1,2,24,24,24,False,True,-0.24061685245833334,0.7457974149832937,-0.4895675065999999,-0.1343343335,0.27068770369999995,0.390429118375,0.5893091976,-2.45703806975,0.9544132534250376,-3.5156260017,-2.311150193,-1.5908026694000001,2.45703806975,3.5156260017,-1.2325979359583334,0.6567004669768427,-1.8440155029999998,-1.0782449845,-0.5702057777,1.2325979359583334,1.8440155029999998,-0.590257489375,0.567831767513487,-1.4265635848999998,-0.6081057785,0.07372763619999995,0.6823312577083334,1.4265635848999998,0.11029228908333334,0.32549158387217497,-0.19011942140000002,0.07561951850000001,0.6376596389999999,0.24955664908333333,0.6601255533,-0.011374936250000004,0.1418755306831171,-0.1915783268,0.0167752305,0.19052830959999997,0.12087796058333335,0.2209955782,31.921875,0.03252603124165832,31.875,31.9375,31.9375,31.921875,31.9375,34.2109375,0.030257682392245445,34.1875,34.1875,34.25,34.2109375,34.25,34.598958333333336,0.030812915536977167,34.5625,34.625,34.625,34.598958333333336,34.625,37.8046875,0.03746743377588062,37.75,37.8125,37.85625,37.8046875,37.85625,39.020833333333336,0.03454817489953542,39.0,39.0,39.0625,39.020833333333336,39.0625,38.145833333333336,0.02946278254943948,38.125,38.125,38.1875,38.145833333333336,38.1875,-0.019902361125,0.12012186389125,-0.16268462509999998,0.0,0.08878483599999998,0.06788048954166667,0.183310817,0.00952808070833333,0.0510558492683949,-0.021090692799999994,0.0,0.07178936379999998,0.026884143875,0.0871425148,0.027942383833333344,0.65254031729472,-0.0507380854,0.0,0.016197213499999988,0.20008827425,0.0722597767,-0.03895611220833286,0.39370643112606996,-0.6070079265,9.6e-20,0.41339659119999983,0.24341667645833379,0.623537302,-0.0024244121249999994,0.03560827196436717,-0.023512462999999997,0.0,0.023098878099999987,0.01758684654166667,0.064024509,0.053361422504166665,0.3277030608590531,-0.29533798989999993,2.955e-08,0.40939652899999995,0.19313605000416667,0.5537571157999999,0.11320558191666664,0.0675683639754972,0.08199201839999999,0.086378783,0.1723122777,0.11320558191666664,0.1723122777,0.26400533921666663,1.3761059031166667,0.1723122777
51,51,1,3,24,24,24,False,True,-0.3231283612083333,0.9354548512937291,-0.7953537705,-0.1119111105,0.14800481259999995,0.47667719304166667,1.0135375856999997,-2.427607720083333,0.9641553873176675,-3.2234549756999997,-2.4292256830000003,-1.3345259904000002,2.427607720083333,3.2234549756999997,-1.1868160677083333,0.7839002734410634,-1.8168225767,-1.0702321525,-0.5516395629000002,1.2594534567916666,1.8168225767,-0.5254741315833333,0.6951346019885515,-1.0238669870000001,-0.506311506,-0.08147241660000007,0.70731509275,1.4699015497999997,0.17379399320833333,0.6650624856385281,-0.1717531473,0.026136658,0.7915371599999999,0.35401695454166665,1.0060045239999997,-0.020623821291666667,0.13882475601764588,-0.2046135723,0.0112792715,0.1610206292,0.11598205487499998,0.2239528224,31.9921875,0.027436598314720676,31.9375,32.0,32.0,31.9921875,32.0,34.2734375,0.030257682392245445,34.25,34.25,34.3125,34.2734375,34.3125,34.65625,0.040343576522993925,34.625,34.625,34.6875,34.65625,34.6875,37.869791666666664,0.017274087449767706,37.875,37.875,37.875,37.869791666666664,37.875,39.1015625,0.030257682392245445,39.0625,39.125,39.125,39.1015625,39.125,38.2109375,0.030257682392245445,38.1875,38.1875,38.25,38.2109375,38.25,-0.0034102682083333308,0.1420478031908752,-0.19137819559999997,0.0,0.12613930489999997,0.079194181875,0.29219186029999994,-0.005032838958333333,0.04948502974534007,-0.0447751356,0.0,0.01715893369999999,0.025603743875,0.09539562959999999,0.05771555012500001,0.5914508786262522,-0.0289840636,0.0,0.04898635369999997,0.17383174154166667,0.0658722571,-0.07456527116526666,0.42890956787731205,-0.6260632756,1.135e-37,0.43257035789999976,0.26704337617359997,0.6668410242,-0.004999151499998707,0.05043337429913066,-0.023837311899999998,0.0,0.023137551299999986,0.022683213916667957,0.07346790139999998,0.07329294812500002,0.33776436284565564,-0.2544621572,2.25295e-05,0.49577400369999997,0.19516600779166668,0.5887119116999999,0.109513598125,0.06883808500518855,0.08031209680000001,0.083832622,0.16784692399999998,0.109513598125,0.16784692399999998,0.2970800973833333,1.458945672383333,0.16784692399999998
52,52,1,3,24,24,24,False,True,-0.257730765375,1.0858910795658774,-0.34858576339999997,-0.077827882,0.2412655413,0.4360656824583333,0.5685184445999998,-2.3355933502083333,0.7207413335649473,-3.2601049187999998,-2.450265646,-1.3388741969000002,2.3355933502083333,3.2601049187999998,-1.196472449875,0.5013269601212907,-1.7323255423,-1.1556935309999998,-0.7541995587000001,1.223363614375,1.7323255423,-0.5918957685833334,0.5044002685397772,-0.9412428201,-0.533351004,-0.1523082765,0.6259086919166666,0.9412428201,0.06583930733333333,0.6736139474891618,-0.40952614229999995,0.017916850499999998,0.5828081071999999,0.3833321406666667,1.2147314489999994,-0.014919304916666662,0.1423307131281731,-0.1863628942,0.030878202,0.16680923589999996,0.12045373308333333,0.2341136516,32.046875,0.027063293868263706,32.0,32.0625,32.0625,32.046875,32.0625,34.3359375,0.030257682392245445,34.3125,34.3125,34.375,34.3359375,34.375,34.729166666666664,0.02946278254943948,34.6875,34.75,34.75,34.729166666666664,34.75,37.924479166666664,0.031141304018493226,37.875,37.9375,37.9375,37.924479166666664,37.9375,39.190104166666664,0.028408104465197172,39.1875,39.1875,39.23125,39.190104166666664,39.23125,38.294270833333336,0.03365324995656272,38.25,38.3125,38.3125,38.294270833333336,38.3125,-0.01936104691666667,0.15071146477182015,-0.23516172389999995,0.0,0.13663556739999996,0.08648587108333333,0.2977398216,-0.008654905458682083,0.048923740400674244,-0.0702489227,0.0,0.008123087199999995,0.02628081154201542,0.082708663,0.07539149174999998,0.5282569708434559,-0.0334917807,0.0,0.05674069629999997,0.150246618,0.0715703452,-0.05107208379166586,0.4546157030167278,-0.6194318417,0.0,0.5304793488999997,0.28032159387500083,0.8116929352999999,-0.0033243623100009945,0.04972936431819931,-0.0272391011,0.0,0.025180053599999985,0.02336723452333433,0.06962017909999998,0.062379737500000004,0.36021721472555446,-0.259766252,0.0,0.4948742806,0.20739273824999996,0.5896924253999999,0.11219413325,0.08181826040370163,0.0808711532,0.0854886175,0.1656300841,0.11219413325,0.1656300841,0.32050406159999995,1.3251728044,0.1656300841
53,53,1,3,52,5,5,True,True,-0.2641954928,0.4548091019549803,-0.8088611363999999,-0.16598174,0.20058854240000001,0.41071158359999993,0.8088611364,-2.5414206982,0.3177522105374102,-2.9126719472,-2.423475266,-2.2684950352,2.5414206982,2.9126719472,-1.4714399816000001,0.2325568150514152,-1.6617216586,-1.595420599,-1.186632872,1.4714399816000001,1.6617216586,-0.543708065,0.8311284232198876,-1.4809071541999999,-0.478894114,0.3474696936,0.8032401114000001,1.4809071542,0.0591195028,0.18314119702592796,-0.11885782479999998,0.027552595,0.2583075434,0.14061574759999998,0.30043586499999997,0.087255593,0.13276442117739834,-0.0447000944,0.035791498,0.2460161744,0.1225403178,0.2460161744,32.075,0.025,32.0625,32.0625,32.1,32.075,32.1,34.375,0.0,34.375,34.375,34.375,34.375,34.375,34.7625,0.025,34.75,34.75,34.7875,34.7625,34.7875,37.95,0.025000000000000005,37.9375,37.9375,37.975,37.95,37.975,39.225,0.03061862178478973,39.1875,39.25,39.25,39.225,39.25,38.3125,0.0,38.3125,38.3125,38.3125,38.3125,38.3125,-0.09759482039999998,0.2685276603505853,-0.3764779302,0.0,0.0799391502,0.1534566624,0.42443395860000005,-0.005560928399999998,0.07313070963820285,-0.0771986566,-0.006982804,0.06853660920000001,0.051252001199999994,0.1152276186,-0.49734956119999996,0.972535796484766,-1.4984015854,0.0,0.0232940076,0.5129041932,1.4984015854000003,0.126958955,0.47850300359222053,-0.3657403454,0.0,0.6620917558,0.3707877986,0.7368580102,0.041482702200000006,0.07028215324124487,-1.0079999999999999e-07,0.0,0.11906376700000001,0.0414827694,0.11906376700000001,-0.0026019317999999903,0.3328673100051036,-0.3258633406,-7.75e-05,0.3405574680000001,0.22964024379999998,0.527861798,0.1897856832,0.16113213499881926,0.0847151996,0.089604497,0.3759586812,0.1897856832,0.3759586812,0.5703077896333334,1.2351023226333335,0.3759586812
54,54,1,3,24,24,24,False,True,-0.05573071458333335,0.5726184191067742,-0.5199006472,-0.1305539085,0.2385715829,0.336580495,0.7453097759999998,-2.4053909777083335,0.796126243968458,-3.3068220142,-2.402792573,-1.6215253948,2.4053909777083335,3.3068220142,-1.298356384,0.47519958279716845,-2.0697206137,-1.161216736,-0.7680781843000001,1.298356384,2.0697206137,-0.7448461089166667,0.5700458798480442,-1.1422906698,-0.6765738725,-0.22821898120000006,0.7501529482500001,1.1422906698,0.06448899570833334,0.5718021404061515,-0.1671432583,0.0653663465,0.865137273,0.3501046670416667,0.9131430745,-0.011266534374999998,0.12668074752305292,-0.178494383,0.0211365985,0.1506275567,0.10666126620833334,0.2040366101,32.221354166666664,0.031141304018493222,32.1875,32.25,32.25,32.221354166666664,32.25,34.567708333333336,0.024978289183920414,34.5625,34.5625,34.60625,34.567708333333336,34.60625,34.950520833333336,0.025382276939606676,34.9375,34.9375,35.0,34.950520833333336,35.0,38.190104166666664,0.012489144591960207,38.1875,38.1875,38.1875,38.190104166666664,38.1875,39.393229166666664,0.028408104465197172,39.375,39.375,39.4375,39.393229166666664,39.4375,38.528645833333336,0.031141304018493222,38.5,38.5,38.5625,38.528645833333336,38.5625,0.04374806433458333,0.2064422987415304,-0.11213272049999999,0.0,0.31214220839999995,0.11771635858208333,0.3447444771,0.010958393833333335,0.046329465394010984,-0.010621014399999998,7.645e-05,0.05317421829999999,0.023479838,0.07975115279999997,0.1031588005424458,0.9030110231365301,-0.0342795121,0.0,0.061577039099999946,0.33239497295911247,1.7958266179999982,-0.08558418391666667,0.4347902580304887,-0.6475565615,0.0,0.3342762319999999,0.30379621366666665,0.6808727563,-0.009929597125,0.041552357809312615,-0.037278466399999995,0.0,0.019692766499999993,0.020480626791666668,0.0438050599,0.022851594590833333,0.34202560763812634,-0.39372320309999986,0.0,0.5051456718999998,0.21697072800749997,0.63127377,0.10079682370833333,0.038916388067058036,0.07914814319999999,0.084172517,0.18367497339999997,0.10079682370833333,0.18367497339999997,0.5960456390166663,1.3968871263833333,0.18367497339999997
55,55,1,3,24,24,24,False,True,-0.14417827149999998,0.7975129684708958,-0.7023236632,-0.120470889,0.35238579779999996,0.45800554233333335,0.9852793514999998,-2.3554545194166665,0.6966628366350739,-3.1824622391,-2.1785792115,-1.7356790068999999,2.3554545194166665,3.1824622390999995,-1.187624849375,0.455693135935996,-1.9201690436999999,-1.0596740245,-0.7480860113000001,1.187624849375,1.9201690436999999,-0.5624036215,0.6466150164048244,-1.0107034327,-0.5394413170000001,-0.19756094250000006,0.700541134,1.3732562663999996,0.11746185595833332,0.7259506861704907,-0.1934445557,0.076304257,0.9289698482999996,0.4170504970416667,1.2382288815999998,-0.015816255541666668,0.1295757308999855,-0.1747441482,-0.011431274000000002,0.1595129685,0.103510947625,0.2064488293,32.252604166666664,0.02194309836764677,32.25,32.25,32.25,32.252604166666664,32.25,34.609375,0.027063293868263706,34.5625,34.625,34.625,34.609375,34.625,35.020833333333336,0.02946278254943948,35.0,35.0,35.0625,35.020833333333336,35.0625,38.239583333333336,0.02946278254943948,38.1875,38.25,38.25,38.239583333333336,38.25,39.473958333333336,0.030812915536977167,39.4375,39.5,39.5,39.473958333333336,39.5,38.5859375,0.030257682392245445,38.5625,38.5625,38.625,38.5859375,38.625,0.04641213270833333,0.18569280776448813,-0.09684012999999998,0.0,0.2063239142999999,0.10659559229166667,0.2874075175,0.0008466613749999995,0.04841766241261809,-0.05812295999999999,0.0,0.03765307869999997,0.025164283625000002,0.0905871596,0.001828470916666658,1.0609131328407986,-0.030623829899999996,0.0,0.07261411619999998,0.44586492266666666,2.5777317288,-0.04575405412500002,0.4110650757324731,-0.5436009290999999,0.0,0.3811740009,0.2803688022083333,0.6373951915999999,-0.0070153452687083334,0.027569699170562893,-0.03630469099999999,0.0,0.012042936099999998,0.013756820147958334,0.0417983948,-0.0059449000416666635,0.36005215238312127,-0.5211093189,0.0,0.5080675242999998,0.2359869247916667,0.6309393939,0.11219455795833333,0.08282898585676336,0.07973598230000001,0.0851488115,0.1746612015,0.11219455795833333,0.1746612015,0.7109765643666667,1.4843074352666663,0.1746612015
56,56,1,3,24,24,24,False,True,-0.15801680879166666,1.4244318209670699,-1.0723157049,-0.13481916500000002,0.40077100779999975,0.7406003172083334,1.6173717022999996,-2.451218441125,0.7733152253322576,-3.2839358565,-2.4500771759999997,-1.6322957992,2.451218441125,3.2839358565,-1.2163230975416668,0.41682312073204325,-1.801199365,-1.1212275625,-0.7366747677,1.2163230975416668,1.801199365,-0.6796219090000001,0.5034142019392143,-1.2671099069,-0.5818393230000001,-0.1503544254000001,0.6796219090000001,1.2671099068999998,0.09915077429166667,0.7858749586927887,-0.7745346574999998,0.0500480885,1.0892502549,0.4976698697083333,1.5506982802999996,-0.02439330783333334,0.13175712059884018,-0.18087724930000001,-0.014754354,0.17425023919999993,0.11233605475000001,0.2020315888,32.3125,0.02551551815399144,32.3125,32.3125,32.3125,32.3125,32.3125,34.674479166666664,0.025382276939606676,34.625,34.6875,34.6875,34.674479166666664,34.6875,35.072916666666664,0.046584749531245626,35.0,35.0625,35.125,35.072916666666664,35.125,38.299479166666664,0.031141304018493226,38.25,38.3125,38.3125,38.299479166666664,38.3125,39.557291666666664,0.04000596743681567,39.5,39.5625,39.625,39.557291666666664,39.625,38.658854166666664,0.031141304018493222,38.625,38.6875,38.6875,38.658854166666664,38.6875,0.048457954458333674,0.22215862491165303,-0.07674429919999998,5.15002585e-24,0.2288901732,0.11913521829166701,0.3576560887,-0.0033882777083333333,0.044569568328855835,-0.06237167519999999,0.0,0.025913048599999985,0.023342987624999995,0.08399185679999999,0.09020590070833334,0.9046035622809465,-0.057052040499999984,0.0,0.07375191239999998,0.35042668795833337,1.8703222574999985,-0.10197406833333333,0.4581878210638439,-0.6478431461999999,0.0,0.3630788951999999,0.31470441908333335,0.8592545625999998,-0.012896233620832455,0.04880654473715295,-0.029568449499999996,0.0,0.011353794799999997,0.021043567120834217,0.04506607889999999,0.048380472750000014,0.34348003513884356,-0.4315427066999999,0.0,0.5356065837999998,0.22774935275,0.6217646418,0.11220850050000002,0.08289850695773879,0.0813381851,0.08548861699999999,0.16847580069999998,0.11220850050000002,0.16847580069999998,0.6396759143833332,1.6203911166333331,0.16847580069999998
57,57,1,3,49,49,49,False,True,-0.026496462285714284,1.1069977044070891,-0.4785755994,-0.122265592,0.546257842,0.49451522828571437,0.7415352822000003,-2.292356044,0.7842558845091798,-3.1463900568,-2.327414036,-1.5880274058,2.292356044,3.1463900568,-1.2318900905918366,0.5771671579318952,-1.8716133121999998,-1.108956933,-0.6203442693999999,1.2318900905918366,1.8716133122000005,-0.6288924346530612,0.6370444661672225,-1.3081826687999998,-0.517519236,-0.12749370819999936,0.6901526624897959,1.3081826688000002,-0.032809762959183676,1.008853072422456,-0.9469171164000001,0.028317362,0.5133517384000006,0.5039453214489795,1.1681127550000001,0.013565937775510205,0.13750338030694007,-0.1721798868,0.04451634,0.1893963392,0.1172774703877551,0.20396474600000003,32.38520408163265,0.04436869166052573,32.3125,32.375,32.4375,32.38520408163265,32.4375,34.75765306122449,0.039189519121778614,34.6875,34.75,34.8125,34.75765306122449,34.8125,35.1530612244898,0.04385233019814052,35.0625,35.1875,35.1875,35.1530612244898,35.1875,38.39413265306123,0.03389114861118985,38.375,38.375,38.4375,38.39413265306123,38.4375,39.69387755102041,0.04765699411293215,39.625,39.6875,39.75,39.69387755102041,39.75,38.76020408163265,0.042534010205441494,38.6875,38.75,38.8125,38.76020408163265,38.8125,-0.016761939306122443,0.15693549952881,-0.16086785239999998,0.0,0.110427728,0.0806962887755102,0.17708790860000004,-0.0018794136955367327,0.0468359004818161,-0.062066589,0.0,0.0252899962,0.023521521124108165,0.08738602280000007,-0.017684335653061233,0.6524752861155583,-0.0484109718,0.0,0.052028856400000024,0.20311640120408164,0.19593423600000162,0.029334251408163262,0.3813687699487292,-0.39342488039999995,0.0,0.4361106754000001,0.225514263122449,0.6389329788000001,0.006468834795872699,0.041563901203200485,-0.017886084799999993,0.0,0.032919358400000036,0.018756014265353126,0.055844534400000014,-0.01130051189989796,0.3618466022292242,-0.3250945683999999,0.0,0.26586406220000003,0.1816565550796939,0.546133292,0.11024206153061225,0.08351934176706868,0.079318571,0.083832622,0.1723342062,0.11024206153061225,0.1723342062,0.2835531621000003,1.406633136833334,0.1723342062
58,58,1,3,24,24,24,False,True,-0.07685821645833335,0.6463746694991027,-0.4087161305,-0.10569656250000001,0.6033227858,0.39987751845833336,0.7670868692999999,-2.3695174157916665,0.5722274820867759,-3.1472533702,-2.3377969265000003,-1.680287588,2.3695174157916665,3.1472533702,-1.206401715625,0.42560075049788754,-1.6651324509,-1.086304009,-0.7832340833000001,1.206401715625,1.6651324508999998,-0.6032807118333333,0.399166669232198,-1.1152791261,-0.6021476685,-0.2184806884000001,0.6400117761666667,1.1152791261,-0.04903095762499998,0.5539929221090113,-0.6570228698999999,0.018512186,0.1391708794,0.32212355562499995,0.7597420814,-0.007545457916666665,0.128369541100759,-0.18462972019999999,0.0164664555,0.16756743909999997,0.10420656883333335,0.1991743211,32.484375,0.027063293868263706,32.4375,32.5,32.5,32.484375,32.5,34.8515625,0.030257682392245445,34.8125,34.875,34.875,34.8515625,34.875,35.25,0.03608439182435161,35.1875,35.25,35.3125,35.25,35.3125,38.4765625,0.030257682392245445,38.4375,38.5,38.5,38.4765625,38.5,39.815104166666664,0.028408104465197172,39.8125,39.8125,39.85625,39.815104166666664,39.85625,38.861979166666664,0.025382276939606676,38.8125,38.875,38.875,38.861979166666664,38.875,0.012574577125010792,0.12481684397096456,-0.11982062699999997,0.0,0.10639372650000001,0.07225787079167746,0.21602041719999995,-0.0008570005416668186,0.0674463426429745,-0.0971184116,0.0,0.06662620249999995,0.036422692125000156,0.1288891908,0.005593449041666661,1.0509257005815522,-0.06737334669999999,0.0,0.07425208599999998,0.442387104375,2.5361335518,-0.020248941375000006,0.40227300958691153,-0.5304368583,0.0,0.37132130559999993,0.26160886529166666,0.6985037147,-0.004617111499999999,0.0242360810706336,-0.0194826987,0.0,0.011794206499999998,0.011121680833333333,0.029548770099999993,-0.0037954274166666657,0.3543896081897927,-0.5217564283999999,0.0,0.4649281528,0.22146892400000004,0.6180405794,0.11167406537499998,0.08477215582822112,0.0791826604,0.08387574549999999,0.17333835379999998,0.11167406537499998,0.17333835379999998,0.7045227039999999,1.2756113698333331,0.17333835379999998
59,59,1,3,24,24,24,False,True,-0.20508895275000003,1.67974007094137,-0.7773456394,-0.0897912495,0.39317989329999997,0.8179326573333334,3.223271876499998,-2.4645688682916664,0.7823829303264529,-3.4040004970999997,-2.5135371685,-1.5923106317000002,2.4645688682916664,3.4040004970999997,-1.2356422816666666,0.511455399138905,-2.0210104825,-1.0066283345,-0.6739675221000001,1.2356422816666666,2.0210104825,-0.6674050291666666,0.5585316735084191,-1.2551723716999998,-0.547993183,-0.05569508070000008,0.6735956830833333,1.2551723716999998,0.21434378850000002,0.9186252096153554,-0.6995523038999999,0.0080683515,1.6196136832999994,0.5891347425833332,1.6196136832999994,-0.02695102183333334,0.14699444595869746,-0.18700568219999997,-0.0353563385,0.13168323759999997,0.12533341408333334,0.23838217249999996,32.5234375,0.030257682392245445,32.5,32.5,32.5625,32.5234375,32.5625,34.901041666666664,0.030812915536977167,34.875,34.875,34.9375,34.901041666666664,34.9375,35.299479166666664,0.040259439671198716,35.25,35.3125,35.35625,35.299479166666664,35.35625,38.518229166666664,0.02840810446519717,38.5,38.5,38.5625,38.518229166666664,38.5625,39.885416666666664,0.03897559777889522,39.83125,39.875,39.9375,39.885416666666664,39.9375,38.9140625,0.030257682392245445,38.875,38.9375,38.9375,38.9140625,38.9375,0.02927768525,0.21675004837560238,-0.07066067919999999,0.0,0.14919374449999998,0.11163399558333333,0.3982834425999999,0.005274119375,0.05378654099912108,-0.03813661229999999,0.0,0.0753420559,0.030270891208333334,0.10902054219999999,-0.005843574833333347,0.742475871333235,-0.06199189679999999,-1.16e-40,0.05563503509999998,0.26333846575000003,0.5334870039999999,-0.08738021229166666,0.4412465796874837,-0.5491879638999999,0.0,0.34868946059999983,0.28741755345833325,0.8067965324999998,-0.011977015333333335,0.046933848521267404,-0.0276365224,0.0,0.009331159199999998,0.019655556333333334,0.04730757249999998,0.05093944675,0.3433059228002897,-0.3988579673999999,6.9954e-05,0.4315504101999999,0.21558846983333332,0.5900779697999999,0.102285643375,0.0412860807794,0.0798019408,0.0857852995,0.17254769779999998,0.102285643375,0.17254769779999998,0.41416217726666665,1.9602418472666663,0.17254769779999998
60,60,1,3,25,25,25,False,True,0.05112827267999997,1.3527229230836297,-0.2912544012,0.002863555,0.6045506356,0.613156807,0.6547528742000002,-2.16826688052,0.7252462973591534,-3.0248047832,-2.34761858,-1.2077138184,2.16826688052,3.0248047832000005,-1.2095722198,0.45407289165588255,-1.8260445116,-1.010165334,-0.7478523131999999,1.2095722198,1.8260445116000004,-0.81305337464,0.6369437422151238,-2.0481835366000003,-0.559481919,-0.2560646476,0.81305337464,2.0481835366000003,-0.12842364816000001,0.607669273884948,-1.0221811772,-0.012296554,0.16616378140000002,0.37686078576,1.0549687624,0.010280838720000008,0.14691777463093517,-0.16555632939999998,0.025265671,0.19555719220000006,0.11877208375999998,0.23752632760000003,32.575,0.025,32.5625,32.5625,32.625,32.575,32.625,34.9625,0.035355339059327376,34.9375,34.9375,35.0,34.9625,35.0,35.365,0.03391164991562634,35.3125,35.375,35.375,35.365,35.375,38.5825,0.029154759474226504,38.5625,38.5625,38.625,38.5825,38.625,39.9675,0.031224989991991994,39.9375,39.9375,40.0,39.9675,40.0,38.9875,0.030618621784789732,38.9375,39.0,39.0,38.9875,39.0,-0.001999371037328,0.11546612475989367,-0.06846184259999999,8.05e-35,0.07237738400000003,0.056510395602671994,0.1679303826000001,-0.013807730712800068,0.06443322152983391,-0.08814964119999999,0.0,0.008084815400000006,0.03360358240720007,0.1306658742000001,-0.016548191119999996,0.22116989410278423,-0.0370347246,0.0,0.047538314600000076,0.07166352063999999,0.0684246986,-0.05586064501679999,0.38270375698764403,-0.47882524699999984,0.0,0.14055972360000007,0.2030417717832,0.7209810136000001,-0.0002583414799999995,0.04950538051680586,-0.02051293879999999,0.0,0.020462310000000032,0.02059460692,0.052233350800000036,0.05331571668000001,0.31217110429713457,-0.14591811879999997,2.91e-05,0.3504627110000005,0.15474743532,0.5104632258,0.10676880600000001,0.07893172003202616,0.080693066,0.084598482,0.1374888180000001,0.10676880600000001,0.1374888180000001,0.27511642426666677,1.4743801326000001,0.1374888180000001
61,61,1,3,22,22,22,False,True,-0.1271311164090909,1.4371852270274335,-0.4541299641,-0.1316955985,0.40425362030000017,0.6738398940454545,0.9023617863000009,-2.5816605525000003,1.022872721784103,-3.6306332115999997,-2.3975361585000003,-1.5899988532999998,2.5816605525000003,3.6306332116000006,-1.4244960341363635,0.8592774975363531,-2.5492652178,-1.032654345,-0.7668194647,1.4244960341363635,2.5492652178000017,-0.7687564824545454,0.4793277166451438,-1.4339526175,-0.671125114,-0.3438145877,0.7687564824545454,1.4339526175000006,-0.004438584636363653,0.9562836784254903,-0.36932815350000003,0.0378655295,0.9788034556000005,0.4890733184545455,1.1082335472000002,-0.00220502859090909,0.17326966528461865,-0.1848054292,0.019839566,0.21113738410000005,0.14459722659090904,0.27611756600000004,32.63068181818182,0.017967486705502154,32.625,32.625,32.625,32.63068181818182,32.625,35.01704545454545,0.03361408967670237,35.0,35.0,35.0625,35.01704545454545,35.0625,35.42613636363637,0.02410591299499594,35.375,35.4375,35.4375,35.42613636363637,35.4375,38.62784090909091,0.029659961673041333,38.625,38.625,38.68125,38.62784090909091,38.68125,40.03693181818182,0.03072913018861355,40.0,40.0625,40.0625,40.03693181818182,40.0625,39.03977272727273,0.030065355807552166,39.0,39.0625,39.0625,39.03977272727273,39.0625,-0.03013220286363637,0.16353574628667783,-0.2916653982,0.0,0.06420837070000009,0.08677201904545455,0.3149843751,0.014643415863635302,0.07738572886844959,-0.0343619541,4.205e-45,0.07347215980000006,0.035868709318182875,0.08625940490000002,0.002608211272727262,0.6452367593649397,-0.0756652492,-5.29735e-05,0.023542354500000032,0.23528405690909093,0.8832982446000018,-0.04867233740909091,0.45823539953183007,-0.6396337272,0.0,0.49513414060000066,0.2920760716818182,0.8314427916000003,-0.0006622879545454516,0.06043739887255961,-0.0258272251,0.0,0.02489106160000003,0.027384222227272725,0.08164425500000004,0.07002328468181818,0.36720277955579905,-0.2715965804,0.0,0.5414494160000002,0.22428643522727268,0.6152640519000001,0.09733162677272728,0.0368470035957861,0.07714679199999999,0.084895134,0.15912975680000016,0.09733162677272728,0.15912975680000016,0.4688155205166671,1.6500939910666677,0.15912975680000016
62,62,1,3,25,25,25,False,True,-0.11776424544,0.39541914236948045,-0.3251846254,-0.118057445,0.14394071420000001,0.25628160703999997,0.36729544960000005,-2.29964524276,0.6500165334826049,-3.1833045961999997,-2.410790443,-1.5391821622,2.29964524276,3.1833045962,-1.18790479904,0.38163469342806755,-1.6774278164,-1.087418318,-0.7656971097999999,1.18790479904,1.6774278164,-0.5658633318799999,0.2925582646498038,-1.0003460408,-0.525092244,-0.21320336419999988,0.5658633318799999,1.0003460408,0.0391039252,0.6317276146449597,-0.42355368159999995,0.016342556,0.17348789260000003,0.29992153216,0.6457188724000003,-0.023614668279999997,0.13502178063490514,-0.1570447622,-0.004529048,0.15878043160000005,0.11563112580000003,0.21821080440000012,32.685,0.0329772648956823,32.625,32.6875,32.725,32.685,32.725,35.0825,0.029154759474226504,35.0625,35.0625,35.125,35.0825,35.125,35.47,0.031224989991991994,35.4375,35.5,35.5,35.47,35.5,38.6875,0.017677669529663688,38.6875,38.6875,38.6875,38.6875,38.6875,40.1025,0.03,40.0625,40.125,40.125,40.1025,40.125,39.105,0.034095454242464636,39.0625,39.125,39.125,39.105,39.125,-0.0014175505200000017,0.15701753700211435,-0.20115060839999993,0.0,0.1532103358,0.091884605,0.296261722,0.0037282505599999997,0.062369889585291584,-0.0665121138,0.0,0.05807605560000004,0.035108653919999996,0.11084191200000004,-0.006449077799999987,0.7295290074723225,-0.0382190356,0.0,0.038843517600000016,0.21975660796,0.06775524640000002,-0.030947384919999994,0.4342344926454201,-0.5148220059999999,0.0,0.5511863588000004,0.2667931286,0.8223411800000003,-0.004824394316719998,0.051175266734400315,-0.026683257,0.0,0.019062313000000025,0.02253385199672,0.06798183060000003,0.0366806288,0.33766053916136596,-0.4191933151999999,0.0,0.4684648278000001,0.20025591648000002,0.5889659882000001,0.10149966960000001,0.041023087298476923,0.07872511160000001,0.085019588,0.1800587536,0.10149966960000001,0.1800587536,0.3256913132000001,1.1820505966333335,0.1800587536
63,63,1,3,40,5,5,True,True,-0.2210199712,0.6337677713679589,-0.9876987218,0.154853106,0.27646371140000003,0.48890348680000006,0.9876987218000001,-2.1429808972,1.524295822301384,-3.7138484952,-2.549727201,-0.34391151659999986,2.2371558784,3.7138484952,-1.1380829276000002,0.7510214665990609,-1.738423157,-1.318249464,-0.35116482379999997,1.24842034,1.7384231570000002,-0.5664960696,0.30542680126951754,-0.8680330276,-0.649410665,-0.19942795459999996,0.5664960696,0.8680330276,0.4025595518,1.1629706395041661,-0.3312150952,-0.058128297,1.6165161670000001,0.6819737582,1.7974719762000002,0.0895967454,0.1691350304794536,-0.1170151744,0.184511364,0.2508675518,0.181462023,0.2508675518,32.7125,0.03061862178478973,32.6875,32.6875,32.75,32.7125,32.75,35.125,0.0,35.125,35.125,35.125,35.125,35.125,35.525,0.03061862178478973,35.5,35.5,35.5625,35.525,35.5625,38.75,0.0,38.75,38.75,38.75,38.75,38.75,40.1375,0.025,40.125,40.125,40.1625,40.1375,40.1625,39.125,0.0,39.125,39.125,39.125,39.125,39.125,0.03531246779999999,0.1761022656165887,-0.131701982,-0.000739776,0.22564475260000003,0.1240130098,0.2855525258,-0.00012137020000000248,0.055636489914258985,-0.0525556752,-0.000412543,0.060493674600000005,0.0404504866,0.0847913458,0.0088374744,0.023148623684871188,-0.016514492999999998,0.012046033,0.0326152892,0.0198471364,0.0372569368,-0.08544890200000002,0.39053776978692095,-0.515599263,-7.04e-21,0.3164020558,0.2974455904,0.6069250466,0.023085714400000002,0.03822733843098107,-0.0063254004,0.002814204,0.0683141522,0.027302648000000002,0.0683141522,0.0613565696,0.20900822238198297,-0.136539768,-7.6e-05,0.2981499046,0.1535385268,0.3385408462,0.1018431068,0.02875191493147652,0.08429212559999999,0.089604497,0.1317686322,0.1018431068,0.1317686322,0.2368968089,1.5593904882666667,0.1317686322
66,66,1,3,26,26,26,False,True,-0.12775497599999996,0.6469567447301189,-0.541871682,-0.1223256625,0.486919746,0.41501619615384616,1.253841579,-2.0558136106153846,0.8718795632785014,-2.729242921,-2.2263746265,-1.517233491,2.1374514516153846,2.729242921,-1.0617894208846153,0.8398509612641881,-1.8714486955,-0.9775962235,-0.6297982035,1.2134670477307692,1.925892353,-0.47702572688461536,0.6289341768264095,-0.9079084995,-0.491695568,-0.097469362,0.6616027342692308,1.023027003,-0.14971443046153848,0.8606551595809857,-0.8454751815000001,-0.005993555499999999,0.6256595254999999,0.4884679141538462,1.2396060225,0.029500316846153844,0.13577797791775295,-0.1529622975,0.039164343500000004,0.201149851,0.11396066730769229,0.21610939499999998,32.90865384615385,0.031157407203883943,32.875,32.9375,32.9375,32.90865384615385,32.9375,35.27163461538461,0.02973393480012736,35.25,35.25,35.3125,35.27163461538461,35.3125,35.70673076923077,0.03365384615384615,35.6875,35.6875,35.75,35.70673076923077,35.75,38.84615384615385,0.031157407203883943,38.8125,38.875,38.875,38.84615384615385,38.875,40.25961538461539,0.022550075768381875,40.25,40.25,40.3125,40.25961538461539,40.3125,39.41105769230769,0.030877962929483485,39.375,39.4375,39.4375,39.41105769230769,39.4375,-0.029342383846153845,0.16418376607508192,-0.1385376305,0.0,0.0848747455,0.08374770661538461,0.247198373,-0.0088605775,0.046375347251316104,-0.060993093000000005,0.0,0.006402883,0.021371671884615383,0.095084786,-0.06140075661538459,0.5032919096278025,-0.051342437000000005,0.0,0.0358533655,0.14228532615384618,0.07455774400000001,0.09555164353846154,0.361515833568335,-0.173606865,0.0,0.6285777985000001,0.21297059030769228,0.6879493895,0.011241767577429998,0.04790729465229948,-0.019502369,0.0,0.025128334500000002,0.019719770114877692,0.033798005,-0.05791303638461536,0.36099143191871447,-0.3479510695,0.0,0.1557182595,0.17950355284615382,0.5081748665,0.13719661423076926,0.11931816960989097,0.08035326,0.08485207,0.2893887755,0.13719661423076926,0.2893887755,0.2744605273333333,1.39795321225,0.2893887755
67,67,1,3,24,18,18,True,True,-0.010093030666666671,0.3310006309438565,-0.3401556463,-0.0850939715,0.36569062750000036,0.2465179617777778,0.5578620405000001,-2.0283547242777775,0.7339602134576609,-2.3328955886,-1.8240243795,-1.5737727883000001,2.0283547242777775,2.3328955886000005,-1.1451470718888888,0.4100330412598261,-1.777919769,-1.1028286815000001,-0.7170584383999999,1.1451470718888888,1.777919769,-0.5696148884444443,0.5160343073868238,-0.9139105198,-0.6814387445,-0.10887984669999987,0.6784906722222221,0.9539711411,-0.10948995088888888,0.4786843971199179,-0.29923078419999993,-0.0123125465,0.17033300700000004,0.2597442973333334,0.46275171660000003,0.0069553902777777805,0.11280086630810916,-0.1594195706,0.009220985999999999,0.15978502660000002,0.09253509161111112,0.1727743219,32.9375,0.0,32.9375,32.9375,32.9375,32.9375,32.9375,35.3125,0.020833333333333332,35.3125,35.3125,35.3125,35.3125,35.3125,35.72569444444444,0.036910228516439755,35.6875,35.75,35.75,35.72569444444444,35.75,38.875,0.0,38.875,38.875,38.875,38.875,38.875,40.31597222222222,0.014316338977839098,40.3125,40.3125,40.3125,40.31597222222222,40.3125,39.458333333333336,0.02946278254943948,39.4375,39.4375,39.5,39.458333333333336,39.5,0.03387300172222222,0.08489478001884697,-0.017562919699999992,0.000146191,0.1292012737,0.05634989161111111,0.1362982659,0.010479916055558217,0.05928551075359624,-0.022843831,0.0,0.045060788400000086,0.027365779500002664,0.11291503010000004,-0.14985801977777777,1.0480226611119032,-0.7842534065999995,-1.17e-05,0.0327963241,0.44134308477777767,2.5407321928999997,0.052062028888888875,0.31686742133337736,-0.2926635383,-2.29e-05,0.45392481060000006,0.2144148251111111,0.5459266663,-0.0013455058333333332,0.008612389947708503,-0.012865711699999999,0.0,0.009298921300000002,0.0049841761666666665,0.014062569600000005,-0.08156373894444445,0.3691141500966375,-0.5367847978,0.0,0.23597725140000014,0.2303325441666667,0.6249061347,0.12553786227777777,0.09772397419230959,0.0801340759,0.086082041,0.20845561610000002,0.12553786227777777,0.20845561610000002,0.6624734765833332,1.0430290962833333,0.20845561610000002
68,68,1,3,24,24,24,False,True,-0.32233928608333334,0.7740981233859495,-1.0397191582999998,-0.150165744,0.21430166189999994,0.48793900291666664,1.0397191582999996,-2.456268699166667,0.9568114640745065,-3.1906981469,-2.3830566405,-1.6853517177000001,2.456268699166667,3.1906981469,-1.4031345347916666,0.6740270154275453,-2.3093131064,-1.137570739,-0.7778097214,1.4031345347916666,2.3093131064,-0.7176996232916667,0.41406928579776864,-1.3129221792999999,-0.547127515,-0.308523062,0.7176996232916667,1.3129221792999999,0.13547131583333336,0.5739197097478599,-0.1963194341,0.0232555735,0.7638855334999999,0.36199417066666667,0.8451547326,0.027713073249999994,0.13297594105520433,-0.1593805167,0.041870285,0.19958046199999996,0.11455088591666666,0.20631944959999998,32.994791666666664,0.01727408744976771,33.0,33.0,33.0,32.994791666666664,33.0,35.359375,0.03252603124165832,35.3125,35.375,35.375,35.359375,35.375,35.78125,0.03125,35.75,35.78125,35.8125,35.78125,35.8125,38.934895833333336,0.012489144591960207,38.9375,38.9375,38.9375,38.934895833333336,38.9375,40.364583333333336,0.02946278254943948,40.3125,40.375,40.375,40.364583333333336,40.375,39.526041666666664,0.030812915536977167,39.5,39.5,39.5625,39.526041666666664,39.5625,-0.018082229374999998,0.13273090451126848,-0.149053632,0.0,0.095478053,0.07744766379166666,0.2657489107999999,0.008221990500000002,0.06691518850508019,-0.035765077299999996,-2.10535e-05,0.007794711199999997,0.029424073916666665,0.06255913809999997,-0.08885673295833331,0.5229276806136514,-0.0387687641,0.0,0.029448047099999992,0.14061649537499998,0.05543181119999999,0.08874541391666668,0.38032967038676857,-0.20537177929999997,8.45e-37,0.5208262204999998,0.22149256975,0.5885101916000001,0.007172764625,0.03772576262441083,-0.018054074199999996,0.0,0.026533674299999997,0.018067643125,0.050940736699999996,-0.06619967779166668,0.4044960285653037,-0.4162648771,0.0,0.10246244889999997,0.19801382029166667,0.5392095386,0.11494564758333332,0.08364136428817312,0.081458807,0.08646488199999999,0.1840578795,0.11494564758333332,0.1840578795,0.2604000545,1.48402112885,0.1840578795
70,70,1,3,24,24,24,False,True,0.156092329125,0.8782139970602184,-0.29283835439999994,-0.07668201250000001,0.4636283369,0.3969105449583334,0.5720893141,-2.4525203208749997,0.8746518603890002,-3.4708378551,-2.4539248945,-1.6043713212000001,2.4525203208749997,3.4708378550999996,-1.2366651173333334,0.6223982569138193,-1.7946544171999999,-1.1242423655,-0.7078326168,1.2366651173333334,1.7946544171999999,-0.7173637257083333,0.5458515972380149,-1.4062720779,-0.690397501,-0.21024994730000007,0.781956166625,1.4062720778999998,-0.09015004941666667,0.494655239352258,-0.8566592038999999,0.0161348435,0.2563332748999999,0.33019018941666667,0.9562523124,-0.007406056333333327,0.12823103238535752,-0.1421260315,0.0041448970000000016,0.1833224133,0.10534145483333333,0.215822773,33.096354166666664,0.031141304018493222,33.0625,33.125,33.125,33.096354166666664,33.125,35.479166666666664,0.02946278254943948,35.4375,35.5,35.5,35.479166666666664,35.5,35.911458333333336,0.030812915536977164,35.875,35.9375,35.9375,35.911458333333336,35.9375,39.013020833333336,0.025382276939606676,39.0,39.0,39.0625,39.013020833333336,39.0625,40.481770833333336,0.028408104465197172,40.4375,40.5,40.5,40.481770833333336,40.5,39.669270833333336,0.028408104465197172,39.625,39.6875,39.6875,39.669270833333336,39.6875,0.0450340985,0.22205589767498207,-0.08857995609999998,0.0,0.2118448483,0.11901951933333332,0.36773038809999997,-0.011191260875,0.04755450780997553,-0.07798237889999998,0.0,0.0099273093,0.025039260791666667,0.10834309309999998,0.10259187683727083,0.8834559511038661,-0.026531145399999994,4.725e-11,0.07575686029999999,0.3281714405039375,1.6674688884999984,-0.09618354370833336,0.4462613203962378,-0.5342352447,0.0,0.3643003226999999,0.3035303020416667,0.8579695763999997,-0.012823245767791988,0.0492007964795525,-0.031287052499999995,0.0,0.010428426899999997,0.020892576232208655,0.04566435509999999,0.048851317458382504,0.3545891045607194,-0.4262363659999999,0.0,0.5175700159999999,0.23008944062504919,0.645623922,0.11246335012500001,0.0731005093354865,0.07974453549999999,0.086761683,0.18745967759999999,0.11246335012500001,0.18745967759999999,0.6154667038666664,1.4026547916166663,0.18745967759999999
71,71,1,3,24,24,24,False,True,-0.2765748335416667,1.0407423162340443,-0.7234452608,-0.1250859425,0.1878802984,0.5077307557083333,0.9294636727999998,-2.381620024625,0.7474121816437119,-3.2866983649,-2.4331926105,-1.6097342608,2.381620024625,3.2866983649,-1.265390917625,0.4018619497022859,-1.8029947755,-1.304825187,-0.7652714374,1.265390917625,1.8029947755,-0.6905691100416668,0.46337898167244695,-1.0471058841999998,-0.6436670725,-0.25257955519999997,0.6905691100416668,1.0471058841999998,0.21212095829166666,0.8181246550014554,-0.2141489236,0.0446813125,0.8617790938999998,0.43794009895833336,1.3457858678999997,-0.01678133074999999,0.12862927235904445,-0.1615128962,-0.0102409535,0.15825060139999994,0.109603913,0.20575539639999998,33.127604166666664,0.012489144591960207,33.125,33.125,33.125,33.127604166666664,33.125,35.536458333333336,0.030812915536977167,35.5,35.5625,35.5625,35.536458333333336,35.5625,35.9609375,0.030257682392245445,35.9375,35.9375,36.0,35.9609375,36.0,39.057291666666664,0.024978289183920414,39.01875,39.0625,39.0625,39.057291666666664,39.0625,40.528645833333336,0.031141304018493222,40.5,40.5,40.5625,40.528645833333336,40.5625,39.723958333333336,0.030812915536977164,39.6875,39.75,39.75,39.723958333333336,39.75,0.025888893083333333,0.19226406190535533,-0.1011164165,0.0,0.15449008949999998,0.10537958925,0.3597256332,-0.0013549037499999996,0.049104345904845255,-0.04732403229999999,0.0,0.0138839325,0.024278958416666673,0.08216444539999998,0.07711907511596254,0.9116545457896693,-0.044677863699999994,0.0,0.07927613549999997,0.36040432778262915,1.9866469026999987,-0.06605630883333333,0.4080373206259621,-0.5567876577,-5.8482e-05,0.3381085051999999,0.2774523870833333,0.6343943891999999,-0.006201575953707176,0.02513315917821783,-0.028935033199999998,0.0,0.009785427199999999,0.013283827037042825,0.04154336549999999,0.03222831716666665,0.31877245831262035,-0.4018780766999999,0.0,0.5320161906999997,0.20542980474999997,0.6289616701,0.09750130508333332,0.03176016448339791,0.0796843052,0.08646491149999999,0.14629014729999995,0.09750130508333332,0.14629014729999995,0.6222394010166664,1.4363006602833333,0.14629014729999995
72,72,1,3,24,24,24,False,True,0.21663027574999996,1.5301845000129888,-0.2652505312,-0.075511541,1.265413951599999,0.7019231264166667,2.723127674899999,-2.2939281562500002,0.972191617977477,-3.2564062118,-2.164900541,-1.3558509824,2.2939281562500002,3.2564062118,-1.2477688181666666,0.8837643195021108,-2.5238168241,-1.166746557,-0.6385825633000001,1.3128122054166667,2.523816824099999,-0.6022986806666667,0.6798865382355054,-1.308778429,-0.6611130535,0.10804539639999963,0.8170917815833333,1.308778429,-0.2927085045,1.120498431712682,-0.487398413,-0.007490772500000001,0.22721234719999994,0.5130753176666668,0.7996348261999998,-0.0067406642083333345,0.1415485022115184,-0.18301603349999998,-0.007175709000000001,0.1709578979,0.11159493787500001,0.23979051079999997,33.184895833333336,0.012489144591960207,33.1875,33.1875,33.1875,33.184895833333336,33.1875,35.580729166666664,0.02840810446519717,35.5625,35.5625,35.625,35.580729166666664,35.625,36.002604166666664,0.02194309836764677,36.0,36.0,36.0,36.002604166666664,36.0,39.1171875,0.020669932117692115,39.08125,39.125,39.125,39.1171875,39.125,40.6015625,0.030257682392245445,40.5625,40.625,40.625,40.6015625,40.625,39.755208333333336,0.024978289183920414,39.75,39.75,39.79375,39.755208333333336,39.79375,0.016457511708333334,0.18621010050741912,-0.17513263719999994,0.0,0.17693621489999994,0.10530801679166667,0.35864305809999986,-0.012235799208333334,0.04566273573472133,-0.07678401,0.0,0.011395333099999998,0.025644680125,0.09955504189999997,0.007379637916666644,0.6525264367420133,-0.05815337649999999,-6.54495e-05,0.05888586369999996,0.22030389091666666,0.2536205652,-0.05758505916666664,0.4349668816553686,-0.5939127742,0.0,0.40327385089999995,0.2739380041666667,0.8013543486999999,-0.002190707833333333,0.0612335122346574,-0.020476442799999998,0.0,0.02670146399999998,0.0255540745,0.056427308499999995,0.05013993054166666,0.31269616839497033,-0.26085169299999994,6.1e-36,0.5442549882,0.19086030487500003,0.5677686335,0.12160767858333332,0.09243757393931802,0.08071127510000001,0.087058395,0.20120013319999996,0.12160767858333332,0.20120013319999996,0.35622815931666657,1.8085924127999997,0.20120013319999996
73,73,1,3,25,25,25,False,True,0.07453300400000001,0.7298361835739997,-0.255036062,-0.122205466,0.40911231000000003,0.32910432735999995,0.435665381,-2.07094273212,0.9417520918646195,-2.7701506612,-2.310675621,-1.53082819,2.14792935732,2.7701506612,-1.17352029084,0.9867187818544579,-1.9917841911999998,-1.038154006,-0.7265114546,1.36687607044,1.9917841912000005,-0.54881545548,0.6366892588497535,-1.1834225656,-0.484286875,-0.21043845999999997,0.71318356044,1.4000031710000003,-0.17122944528,0.762189043642761,-0.34997782699999996,0.008279885,0.17922096240000004,0.28072620224,0.4084748984,0.011072397279999997,0.14866627810421298,-0.1715486586,0.048874415,0.1602003516,0.12531735600000002,0.25807046899999997,33.2275,0.03,33.1875,33.25,33.25,33.2275,33.25,35.63,0.03020761493398643,35.625,35.625,35.6875,35.63,35.6875,36.07,0.0203100960115899,36.0625,36.0625,36.1,36.07,36.1,39.1725,0.026692695630078273,39.125,39.1875,39.1875,39.1725,39.1875,40.67,0.033166247903554,40.625,40.6875,40.6875,40.67,40.6875,39.8025,0.03391164991562634,39.75,39.8125,39.8125,39.8025,39.8125,-0.00898639448,0.1277742400366359,-0.08669236599999999,0.0,0.09751399000000004,0.06282386951999999,0.13294110900000003,-0.01102268608,0.03180472091533759,-0.06144093099999997,0.0,0.005029606800000004,0.01383757648,0.062270578200000114,-0.0230778837599428,0.11498022243045936,-0.030247851799999996,0.0,0.01881938400000003,0.037433894800057196,0.07213629600000002,0.005511200983600002,0.38208371188022777,-0.3233046021999999,0.0,0.4326545656000006,0.2045442016236,0.6602419016000002,0.004659078080000001,0.0439746784680161,-0.0245922484,0.0,0.031917259200000006,0.020164086560000002,0.04914677080000004,0.0036611144000000097,0.3427187156142965,-0.2527401384,0.0,0.21116202780000032,0.17483355592,0.5779682398,0.10769842872000002,0.08063676484767116,0.0805226924,0.084512293,0.14213875520000013,0.10769842872000002,0.14213875520000013,0.2591174825666667,1.2106914619666667,0.14213875520000013
74,75,1,3,24,24,24,False,True,-0.20379460325,0.45255216393560194,-0.7099812479,-0.14384390400000002,0.2541299864999999,0.3406043764166667,0.7726092817999999,-2.1914318500416665,1.0418965927438462,-2.9163497683,-2.2536634204999997,-1.5917264106,2.2418526310416667,2.9163497683,-1.0943631294166667,0.8367155658132595,-1.8171144726,-1.069953084,-0.6420558514000001,1.2609114833333332,1.8171144726,-0.46643699145833334,0.5528248437293304,-0.9877623315999999,-0.473050684,0.012619306199999791,0.6252398447083334,1.1160815536,0.031653458916666655,0.702233725373222,-0.6357328267999998,-0.0139963645,0.8083961604999998,0.4100355164166667,1.1435592414999998,0.021201070416666662,0.1385310826491567,-0.16790744989999998,0.057694098,0.18181509249999997,0.12426617116666666,0.21868263609999997,33.276041666666664,0.030812915536977167,33.25,33.25,33.3125,33.276041666666664,33.3125,35.6875,0.018042195912175804,35.6875,35.6875,35.6875,35.6875,35.6875,36.130208333333336,0.04000596743681567,36.0625,36.125,36.1875,36.130208333333336,36.1875,39.213541666666664,0.030812915536977167,39.1875,39.1875,39.25,39.213541666666664,39.25,40.729166666666664,0.02946278254943948,40.6875,40.75,40.75,40.729166666666664,40.75,39.856770833333336,0.028408104465197172,39.8125,39.875,39.875,39.856770833333336,39.875,-0.029607130083333332,0.12911133422226065,-0.1620487003,0.0,0.07691638099999999,0.07051069783333333,0.1620487003,-0.007984424416666662,0.040337095728764066,-0.0697703722,-4.320000045e-29,0.0027616005999999984,0.022105077083333338,0.08069054769999999,-0.10454901908333335,0.5087964635195332,-0.040395752199999996,0.0,0.013602258899999992,0.1205832975,0.0662999929,0.019074863583416247,0.3583082536694773,-0.12943554389999998,0.000100741000995,0.4276148765999999,0.19828136533341625,0.5494007644,0.00943803181225,0.037010707363807675,-0.018251133599999997,0.0,0.05035930019999998,0.018151370645583333,0.053360498399999984,0.013260002291666647,0.3519185730411807,-0.3196724803,0.0,0.1031823881,0.17341381704166667,0.5147293273,0.10850299145833335,0.0818915232383099,0.078912693,0.0851918755,0.14700325159999994,0.10850299145833335,0.14700325159999994,0.2377549718333333,1.3307328256499997,0.14700325159999994
75,76,1,4,24,19,19,True,True,0.012324260684210523,0.8137234151439265,-0.6589221476,-0.023174264,0.6659195661999998,0.49466538321052633,1.4692960264,-2.11642783568421,1.0326549153448872,-3.0421575548,-1.91220355,-1.5530968192,2.162772730842105,3.0421575547999993,-1.2254975594210524,0.6065105880517087,-1.9530170916,-1.161206245,-0.7272191642000001,1.248313935105263,1.9530170915999998,-0.5333316126315788,0.3416815183188961,-0.8142846464,-0.503228188,-0.17371157700000003,0.5333316126315788,0.8142846464,-0.0035119133157894716,0.37665231555405093,-0.30781757839999996,-0.064961337,0.5405337091999999,0.2552661451052632,0.6589614625999998,0.02075644915789474,0.14589231262778934,-0.15829825960000002,0.001337665,0.16683792479999993,0.11730219936842107,0.2272324144,33.31578947368421,0.024616167018249615,33.3125,33.3125,33.325,33.31578947368421,33.325,35.733552631578945,0.027521711399147223,35.6875,35.75,35.75,35.733552631578945,35.75,36.151315789473685,0.03085799841989098,36.125,36.125,36.1875,36.151315789473685,36.1875,39.25,0.0,39.25,39.25,39.25,39.25,39.25,40.76973684210526,0.029051844955025812,40.75,40.75,40.8125,40.76973684210526,40.8125,39.9078947368421,0.031206687435872158,39.875,39.9375,39.9375,39.9078947368421,39.9375,-0.025980434315789475,0.15625871377341777,-0.181512499,0.0,0.10755891199999998,0.08289304736842106,0.18151249899999997,0.005798379547368421,0.06076023441394197,-0.04918953599999999,0.0,0.06847373239999993,0.03308579729473684,0.11747265159999998,-0.03146097078947367,1.0066161616121563,-0.46910445059999983,0.0,0.331810587799999,0.46598477047368414,2.1213318827999994,0.11124326278947369,0.42514085081578984,-0.3831719038,0.000188952,0.5384817959999998,0.2942516133157895,0.6401943327999998,0.010919166332794737,0.0460959108757095,-0.0136484394,0.0,0.03189359499999997,0.01896875704026842,0.04950270379999999,-0.07294132973684211,0.41870750385861716,-0.4769818958,0.0,0.4012926103999999,0.26050114636842103,0.5506956341999999,0.12219020878947369,0.09335286311360545,0.08262853640000001,0.086464942,0.18141794179999998,0.12219020878947369,0.18141794179999998,0.6101182840333331,1.360824866033333,0.18141794179999998
76,77,1,4,24,24,24,False,True,-0.15247187833333334,0.6267249855461962,-0.4685102403,-0.1343768165,0.4169943483999997,0.39011587333333325,0.7964641510999999,-2.2728580957499998,0.7397171296755257,-3.191219807,-2.1483905315,-1.6436895015,2.2728580957499998,3.191219807,-1.249954863125,0.600120776822203,-1.7354833965,-1.1027811170000001,-0.7259118676,1.249954863125,1.7354833964999998,-0.621047675625,0.3181616779055423,-0.9094782592,-0.598100871,-0.2449247209,0.621047675625,0.9094782592,0.02241898154166666,0.6725672576182908,-0.5324456092999998,0.029052159499999994,0.4773352920999998,0.37987684445833336,0.9917550918999997,0.004486455208333333,0.11859925231977218,-0.15013913369999998,0.0029735205,0.15866622619999998,0.09745252120833332,0.1642426086,33.359375,0.03252603124165832,33.3125,33.375,33.375,33.359375,33.375,35.796875,0.027063293868263706,35.75,35.8125,35.8125,35.796875,35.8125,36.213541666666664,0.030812915536977164,36.1875,36.1875,36.25,36.213541666666664,36.25,39.309895833333336,0.012489144591960207,39.3125,39.3125,39.3125,39.309895833333336,39.3125,40.817708333333336,0.017274087449767706,40.8125,40.8125,40.8125,40.817708333333336,40.8125,39.9453125,0.027436598314720676,39.9375,39.9375,40.0,39.9453125,40.0,-0.001593120374999998,0.1104713163005617,-0.12399235759999998,0.0,0.1060805454,0.06457873420833334,0.16795324709999998,0.0032534508791666663,0.0582404952025846,-0.04030067489999999,0.0,0.029630406799999988,0.0280629069625,0.11470930639999999,-0.007174044583333335,1.0181616751738607,-0.0431495975,-1.685e-05,0.04281787989999999,0.42499425441666666,2.4554572107999997,0.027998205583333335,0.36591358649740213,-0.392797053,0.0,0.37525804349999997,0.2406927005,0.5564714759999999,-0.00032611883333333254,0.025366485880038116,-0.0161267155,0.0,0.0138012248,0.012027047583333334,0.036952803399999984,-0.03987311616666667,0.37546828012593225,-0.5176957307,0.0,0.3660109474999998,0.21463412875,0.5838470698,0.11335793641666665,0.08696363152191283,0.0808711532,0.08489513400000001,0.17310193799999998,0.11335793641666665,0.17310193799999998,0.6525651855833333,1.29810721905,0.17310193799999998
77,78,1,4,24,24,24,False,True,-0.02749299649999996,0.5326517853455235,-0.6851813497999999,-0.136174187,0.7171160313999996,0.38290580949999997,0.8774059059999999,-2.379672492625,0.7247435665682491,-3.1921070577,-2.324581146,-1.6983187079000002,2.379672492625,3.1921070577,-1.2241096696666667,0.3808575405897156,-1.7619275335,-1.1911486385,-0.7571635963000001,1.2241096696666667,1.7619275335,-0.5974391949166666,0.453167094356571,-1.1152805327,-0.549045324,-0.16789432590000006,0.6441137097499999,1.1152805327,0.024147460708333335,0.7266868090691213,-0.1953184975,0.0383720735,0.7933025029999994,0.40065733754166666,1.418919015,0.018270118374999995,0.12341532000410851,-0.1517365173,0.029318827999999998,0.18078259689999998,0.098063342625,0.19121363919999998,33.408854166666664,0.031141304018493222,33.375,33.4375,33.4375,33.408854166666664,33.4375,35.838541666666664,0.030812915536977167,35.8125,35.8125,35.875,35.838541666666664,35.875,36.276041666666664,0.030812915536977164,36.25,36.25,36.3125,36.276041666666664,36.3125,39.354166666666664,0.029462782549439476,39.3125,39.375,39.375,39.354166666666664,39.375,40.869791666666664,0.017274087449767706,40.875,40.875,40.875,40.869791666666664,40.875,39.989583333333336,0.02946278254943948,39.9375,40.0,40.0,39.989583333333336,40.0,0.03290399983333333,0.1610152482594834,-0.12009519679999998,0.0,0.18596706829999995,0.092171402,0.25002788169999995,0.0017539044583333313,0.039912907926089335,-0.045070293799999994,0.0,0.03960577949999999,0.021654482875000002,0.058278641699999995,-0.00013020287499998506,1.0630144176035643,-0.05791781089999999,0.0,0.04276287409999997,0.44351527820833336,2.5499932527,-0.012473690333333327,0.39132902451570933,-0.5338094711,0.0,0.42878225169999995,0.26352398075,0.6356998979,-0.0036310584583333326,0.021127860065063134,-0.022351348599999998,0.0,0.0146019108,0.010891190291666667,0.025197356799999997,-0.020823182458333332,0.34670208004243425,-0.502167606,0.0,0.3815891089,0.22105907429166663,0.6287238417,0.11362633112500002,0.08594268290754943,0.0825854424,0.08514881099999999,0.1716402766,0.11362633112500002,0.1716402766,0.6913201454166668,1.4261422806833333,0.1716402766
81,82,1,4,24,24,24,False,True,-0.11178252945833332,1.1381422659231366,-0.34286857559999995,-0.0869234725,0.9194873390999999,0.5455692681250001,0.9563175379000001,-2.3324581433750002,0.7123029662336464,-3.2675014255,-2.0920598505,-1.6100612163,2.3324581433750002,3.2675014255,-1.1699753726666666,0.43858781339005254,-1.5652350904999999,-1.112446904,-0.7542318819,1.1699753726666666,1.5652350904999999,-0.497940625375,0.48387290853953935,-0.9140646934,-0.5449959639999999,-0.0795539615000001,0.608338653375,1.0389029859999999,-0.04757234020833334,0.8081812538698255,-1.0963663639999999,-0.036544071,0.2278012451,0.43077517854166664,1.4280594226999999,-0.015574707208333335,0.15499486370170068,-0.1966217879,0.0147317995,0.1715321047,0.12803466279166664,0.2246861339,33.575520833333336,0.025382276939606676,33.5625,33.5625,33.625,33.575520833333336,33.625,36.0625,0.0,36.0625,36.0625,36.0625,36.0625,36.0625,36.481770833333336,0.02840810446519717,36.4375,36.5,36.5,36.481770833333336,36.5,39.533854166666664,0.031141304018493222,39.5,39.5625,39.5625,39.533854166666664,39.5625,41.052083333333336,0.023292374765622806,41.0,41.0625,41.0625,41.052083333333336,41.0625,40.200520833333336,0.025382276939606676,40.1875,40.1875,40.25,40.200520833333336,40.25,-0.011288735875000002,0.12070155943330083,-0.1439090014,0.0,0.1177133823,0.07037871654166666,0.19614295499999995,0.0055880264583333325,0.07502510210168355,-0.0222059685,0.0,0.053271011299999955,0.035409354625,0.1363736316,0.0038556336665904376,1.0398306745338952,-0.0385515209,8.9e-33,0.048847267499999986,0.43423605183340963,2.5252310994,0.01923886379166668,0.34638364306858394,-0.48940906859999994,0.0,0.373013204,0.22502398895833334,0.5515871167999999,-0.003919193541666668,0.025011805829448182,-0.015593100599999998,0.0,0.015041033299999996,0.010665601958333333,0.026814822799999992,-0.010175091458333337,0.32841414955640325,-0.4898768129,0.0,0.3178047926999999,0.20168796904166664,0.6263054374,0.14177521816666666,0.1314090230635816,0.07938654399999999,0.084215581,0.3773159858999998,0.14177521816666666,0.3773159858999998,0.6770758438333333,1.4134504327500002,0.3773159858999998
82,83,1,4,24,24,24,False,True,-0.13829892095833335,1.0914850251516393,-0.29034012260000003,-0.021559962000000002,0.570665401,0.44705938429166675,0.8301299990999997,-2.368669564541667,0.7456813158036316,-3.0927571776,-2.4617187974999997,-1.5689027906000002,2.368669564541667,3.0927571776,-1.2413864780416668,0.4575672486807437,-1.7710589762,-1.0722954869999999,-0.7823812841,1.2413864780416668,1.7710589762,-0.6329107585,0.3826009652998705,-1.1102933524999998,-0.587343395,-0.2600151686,0.6530284430833334,1.1102933524999998,0.07613721124999999,0.8182968563030764,-0.2712746321,0.02086394,0.24555225859999996,0.36362863825,0.5574807044999998,0.0034276424583333334,0.14759436598092038,-0.1696260552,0.035649456499999996,0.17763974509999997,0.12206930820833332,0.2009022249,33.625,0.0,33.625,33.625,33.625,33.625,33.625,36.0859375,0.030257682392245445,36.0625,36.0625,36.125,36.0859375,36.125,36.536458333333336,0.030812915536977167,36.5,36.5625,36.5625,36.536458333333336,36.5625,39.565104166666664,0.012489144591960207,39.5625,39.5625,39.5625,39.565104166666664,39.5625,41.088541666666664,0.030812915536977167,41.0625,41.0625,41.125,41.088541666666664,41.125,40.244791666666664,0.017274087449767706,40.25,40.25,40.25,40.244791666666664,40.25,0.02556883570833333,0.19865997401121993,-0.11961424219999997,0.0,0.1267110087,0.09918152029166667,0.26618452339999993,0.01819558258333333,0.06299199942939132,-0.011584149099999998,0.0,0.09451841529999994,0.028212869416666665,0.10207589799999996,0.02113778383333335,0.9866999105728812,-0.0420486104,0.0,0.026304088299999993,0.41020497291666663,2.3727657437999996,-0.011633824958333322,0.35934105640894665,-0.5050030113,0.0,0.36102046669999993,0.24480582920833335,0.5667676866,-0.005680864583333334,0.02525428319352651,-0.0242309093,0.0,0.012128596999999998,0.011268257416666668,0.024242878699999994,-0.01646971049998233,0.32970473285857477,-0.4734367999,0.0,0.3166549800999999,0.212519348583351,0.6298154891,0.12630031258333332,0.11032395213458676,0.0796239136,0.08535939449999999,0.1949545024,0.12630031258333332,0.1949545024,0.6603087032666666,1.2604370724666667,0.1949545024
83,84,1,4,25,25,24,False,True,-0.4097923265,1.2077149203723387,-0.7806417290999998,-0.087733537,0.15455402739999996,0.47424013233333334,0.7806417290999996,-2.383821303625,0.6991369449509088,-3.2337418795,-2.355073452,-1.6185210228,2.383821303625,3.2337418794999997,-1.258256323625,0.47610698689152947,-1.8821807506,-1.1776005625,-0.6896406769,1.258256323625,1.8821807506,-0.6382041261666667,0.4615351544682849,-1.1686529759,-0.5010187625,-0.14637447150000008,0.6498043585,1.1686529759,0.34328946020833334,0.9540056642339972,-0.19720266879999998,0.0653170085,0.7778499485999999,0.4716164417916667,0.7778499485999999,-0.029574690125000008,0.13996030619830166,-0.2010479868,-0.021848607,0.158032651,0.11508617329166666,0.2192316114,33.658854166666664,0.031141304018493222,33.625,33.6875,33.6875,33.658854166666664,33.6875,36.140625,0.027063293868263706,36.125,36.125,36.1875,36.140625,36.1875,36.567708333333336,0.035706534377088775,36.51875,36.5625,36.625,36.567708333333336,36.625,39.6015625,0.030257682392245445,39.5625,39.625,39.625,39.6015625,39.625,41.153645833333336,0.031141304018493222,41.125,41.125,41.1875,41.153645833333336,41.1875,40.2734375,0.030257682392245445,40.25,40.25,40.3125,40.2734375,40.3125,0.039425396625000005,0.23196322406238926,-0.09498504139999998,0.0,0.28459071349999987,0.12641076787500002,0.4188750684,0.009488430508333335,0.042302594505068854,-0.0120278997,7.6e-09,0.051460946899999964,0.020421407508333333,0.07782568819999999,0.054414449750011494,0.9371000960558651,-0.04912223599999999,-3.02e-05,0.07052958149999997,0.3828408662500115,2.152438664199999,-0.08454340445833335,0.4044001830023697,-0.5615197362000001,-0.00026627,0.34157047429999987,0.28548053495833337,0.7026905116,-0.010026224460501552,0.039334570141141,-0.0268883085,0.0,0.011962299099999999,0.017489161622834915,0.038419232699999986,0.03382433612499999,0.3219369999504973,-0.37721950429999995,0.0,0.5330284712999998,0.21930229862500003,0.6462330578000001,0.11458871270833333,0.08300663705735815,0.0796584308,0.085235,0.1941150723,0.11458871270833333,0.1941150723,0.6727470371499998,1.3437164825166665,0.1941150723
84,85,1,4,41,5,5,True,True,-0.42501728539999994,0.6019608505988486,-1.0931663988,-0.454629928,0.16380390500000003,0.5536284326,1.0931663988,-2.6561944008000005,0.9181536669245373,-3.6932017326,-2.56042099,-1.6971433164,2.6561944008000005,3.6932017326,-1.4045327902,0.325309912941514,-1.7642341138,-1.317829609,-1.1034628866,1.4045327902,1.7642341138000002,-0.675933978,0.3363105534854784,-1.0274402378,-0.771441102,-0.27194432939999996,0.675933978,1.0274402378,0.6670312778,1.0215767907317492,-0.05424861,-0.01880683,1.9009209632000001,0.717754279,1.9009209632000001,0.0674004822,0.15536694094589473,-0.121370253,0.152020678,0.2177303848,0.1630502074,0.2177303848,33.6875,0.0,33.6875,33.6875,33.6875,33.6875,33.6875,36.1625,0.03061862178478973,36.125,36.1875,36.1875,36.1625,36.1875,36.6125,0.025000000000000005,36.5875,36.625,36.625,36.6125,36.625,39.675,0.025,39.65,39.6875,39.6875,39.675,39.6875,41.1875,0.0,41.1875,41.1875,41.1875,41.1875,41.1875,40.3125,0.0,40.3125,40.3125,40.3125,40.3125,40.3125,0.06042428879999999,0.1992697146721804,-0.130682293,-0.000532597,0.2877077576,0.1486799628,0.32108983360000004,0.01900292696,0.06632701951590717,-0.030543786199999996,2.68e-08,0.08764869660000002,0.03947922496,0.1076346426,0.0044627166000000005,0.02063571886728978,-0.019926276,0.013850017,0.021982646600000003,0.017746900599999997,0.0305523484,-0.0640643278,0.3541980303508867,-0.4392249586,-2.03e-30,0.31750978660000007,0.27646486379999996,0.5127192858,0.0214123926,0.03881640143309125,-0.0073233264,0.002257156,0.06602346880000001,0.026294610199999995,0.06602346880000001,0.0460033974,0.1877783985245654,-0.139712264,-9.6e-05,0.2589077352,0.142121277,0.29961475120000003,0.1026911734,0.03394361437407901,0.0838154198,0.086972296,0.1376246806,0.1026911734,0.1376246806,0.2229390550666667,1.6161156385000002,0.1376246806
87,88,1,4,24,24,24,False,True,-0.09730418241666665,0.5604941816235122,-0.31866308439999996,0.0016031589999999998,0.3225763770999999,0.3039980998333333,0.6491429623999998,-2.4209799269166665,0.9026834895180454,-3.1415381905,-2.217605829,-1.7365693573,2.4209799269166665,3.1415381904999995,-1.265528649125,0.6737193286032086,-1.8032839776999998,-1.0544308425,-0.7560410021,1.265528649125,1.8032839776999998,-0.539509775375,0.5667822715640403,-1.2404487909999997,-0.5190367995,-0.30930803100000004,0.6707752367916666,1.3991600275,0.12050601591666665,0.5124216366285149,-0.1655877907,0.0187153975,0.5425128816999999,0.26950181616666663,0.6088198546,-0.011816302958333335,0.14900334607509422,-0.1803962172,-0.0046195444999999995,0.16208130909999996,0.11797826054166667,0.19044252620000002,33.84375,0.03125,33.8125,33.84375,33.875,33.84375,33.875,36.3671875,0.020669932117692115,36.33125,36.375,36.375,36.3671875,36.375,36.8046875,0.020669932117692115,36.76875,36.8125,36.8125,36.8046875,36.8125,39.8515625,0.030257682392245445,39.8125,39.875,39.875,39.8515625,39.875,41.401041666666664,0.030812915536977164,41.375,41.375,41.4375,41.401041666666664,41.4375,40.515625,0.027063293868263706,40.5,40.5,40.5625,40.515625,40.5625,0.029042525125,0.1761107187602852,-0.12855032919999995,0.0,0.1247262026,0.08684485629166667,0.2060730502,0.004818260041666667,0.05606847064356931,-0.0298397785,0.0,0.07628799069999993,0.029321187208333335,0.1092129067,0.00063201124999999,1.0627631918948242,-0.0389866801,0.0,0.06169493029999999,0.44523134866666664,2.572810888,0.026513595083333338,0.3591513973153249,-0.4060107944,0.0,0.4026239868,0.23913686475000004,0.5015773414,-0.0031981442916666665,0.024403167850042484,-0.021674467399999998,0.0,0.010877692399999996,0.011862482541666665,0.036268100599999985,-0.04369171654153958,0.36681346239347823,-0.5074051437,0.0,0.3384933393999999,0.22118299095846042,0.6268215182,0.13314978033333333,0.11580416056293422,0.0808711112,0.0866755245,0.20406113869999998,0.13314978033333333,0.20406113869999998,0.6754606341833332,1.298731256483333,0.20406113869999998
88,89,1,4,25,25,24,False,True,0.029170643208333322,0.4187883410952135,-0.355756137,-0.068140203,0.5180654076999999,0.2799992350416667,0.6012212752,-2.355454181625,0.6852116847542717,-3.0667441131,-2.3897703885,-1.696586573,2.355454181625,3.0667441131,-1.2069072847083333,0.39676934218739823,-1.7280490994,-1.310581386,-0.7877841831000001,1.2069072847083333,1.7280490994,-0.5521599755,0.4928768046686217,-1.3019878981,-0.5311032529999999,0.03571971609999992,0.6159724126666667,1.3019878981,-0.03272793375,0.6546790301472286,-0.5838109466999999,0.007644467000000002,0.4584169450999998,0.395805341,1.1346264244999997,0.006013811125,0.14551976443872183,-0.18454253799999998,0.0204160005,0.1819578203,0.11950627520833335,0.18953575479999998,33.8671875,0.027436598314720676,33.8125,33.875,33.875,33.8671875,33.875,36.408854166666664,0.031141304018493222,36.375,36.4375,36.4375,36.408854166666664,36.4375,36.848958333333336,0.030812915536977164,36.8125,36.875,36.875,36.848958333333336,36.875,39.885416666666664,0.023292374765622806,39.875,39.875,39.9375,39.885416666666664,39.9375,41.453125,0.027063293868263706,41.4375,41.4375,41.5,41.453125,41.5,40.546875,0.027063293868263706,40.5,40.5625,40.5625,40.546875,40.5625,-0.0020654105833333336,0.16262524372744477,-0.1861984775,0.0,0.1155835677,0.09663588858333334,0.2975827380999999,0.004493411958333333,0.048220076448367656,-0.037590248099999994,8.15e-06,0.06519164339999999,0.026787605958333335,0.0790963338,-0.0018572980834812662,1.0528914426269866,-0.0694120117,-1.775e-12,0.04755030329999997,0.4422339815001479,2.5428102257000003,0.034761272708333325,0.35837063998761864,-0.37955073429999997,0.0,0.4355906516,0.24756853704166668,0.5007593455,-0.00018068941666666638,0.03025504400797976,-0.0167528391,0.0,0.013342085199999998,0.013314844499999999,0.031164829599999985,-0.02877776554166667,0.3420339130300774,-0.4908496619,0.0,0.3275200899999998,0.21199273695833334,0.6343689024,0.11558178566666666,0.08521530611729063,0.0814043046,0.0873981715,0.1884284254,0.11558178566666666,0.1884284254,0.6809637291833334,1.3370274275166665,0.1884284254
89,90,1,4,24,24,24,False,True,-0.08291608916666668,1.1704482406440686,-0.5773906794999999,-0.12505024650000002,0.34527372419999997,0.5624191645833333,0.9268647905999997,-2.4357187102083335,0.7928872499375903,-3.4063845395,-2.4413691760000003,-1.6211192253,2.4357187102083335,3.4063845394999994,-1.2567440966666668,0.4266208003129514,-1.734350574,-1.235694766,-0.73140651,1.2567440966666668,1.734350574,-0.724050545375,0.4441071378704666,-1.1769127611,-0.7213340104999999,-0.22560464120000004,0.737700028875,1.1769127611,0.04207675683333334,0.4564104400997865,-0.24748257680000002,0.005152663000000002,0.43099757749999984,0.26994417025,0.5497276603,-0.016959041833333337,0.12852569133760292,-0.1735658005,-0.0106002805,0.1351336288,0.10754057266666667,0.22035411419999995,33.903645833333336,0.031141304018493222,33.875,33.875,33.9375,33.903645833333336,33.9375,36.450520833333336,0.025382276939606676,36.4375,36.4375,36.5,36.450520833333336,36.5,36.893229166666664,0.03365324995656272,36.875,36.875,36.9375,36.893229166666664,36.9375,39.9140625,0.030257682392245445,39.875,39.9375,39.9375,39.9140625,39.9375,41.510416666666664,0.02946278254943948,41.5,41.5,41.5625,41.510416666666664,41.5625,40.583333333333336,0.02946278254943948,40.5625,40.5625,40.625,40.583333333333336,40.625,0.041376681874999995,0.2210327109351486,-0.0851293591,0.0,0.19481609629999996,0.117412725875,0.38772160119999993,-0.0025940687916666664,0.039627027082950815,-0.047590289699999996,0.0,0.012557193399999998,0.02259949970833333,0.07600033139999998,0.08194197684729165,0.8778532242323076,-0.044641056299999995,0.0,0.0723483328,0.3411712103472917,1.7671962830999988,-0.10121534916666668,0.43937549408152693,-0.5482172132,-4.0575e-05,0.33504432609999985,0.2976171973333333,0.8466702343999998,-0.012020558299986958,0.04873881330729411,-0.029982398599999998,-1.5755099999999998e-05,0.009902863599999999,0.020225073050013042,0.04567011629999999,0.05424053066666668,0.34251290891681935,-0.4151094691999999,0.0,0.5124190898999998,0.22709097233333334,0.6206967828,0.10488481816666666,0.04622408094766036,0.0809573412,0.08514878149999999,0.1865274249,0.10488481816666666,0.1865274249,0.6239925581999998,1.33576573995,0.1865274249
90,91,1,4,24,19,19,True,True,0.20816088852631578,0.9850924609401359,-0.2694561956,-0.074641138,1.008322572799999,0.5259627647368421,1.4792721743999995,-2.2551767135789467,0.8543355440168667,-2.8925852300000003,-1.954482555,-1.5979794976,2.2551767135789467,2.89258523,-1.2595273726842104,0.5258246376212309,-1.9607086658,-1.325724363,-0.6639477134,1.2595273726842104,1.9607086658,-0.5993375057368421,0.30394054760503925,-0.8931835772,-0.65794456,-0.2557614568,0.627308259,0.8931835772,-0.054703137421052636,0.30330434583189686,-0.244206941,-0.082744628,0.17492936239999993,0.20926753921052632,0.45047017339999973,0.023173801210526302,0.14713150214996276,-0.1469928322,0.027823571,0.20117036119999993,0.12885075184210523,0.20117036119999993,33.94736842105263,0.022790142204853647,33.9375,33.9375,34.0,33.94736842105263,34.0,36.49342105263158,0.019180762811991117,36.4875,36.5,36.5,36.49342105263158,36.5,36.92434210526316,0.02548015359346985,36.875,36.9375,36.9375,36.92434210526316,36.9375,39.94407894736842,0.019180762811991117,39.9375,39.9375,39.95,39.94407894736842,39.95,41.55592105263158,0.019180762811991117,41.55,41.5625,41.5625,41.55592105263158,41.5625,40.61842105263158,0.019180762811991117,40.6125,40.625,40.625,40.61842105263158,40.625,-0.03613941526315789,0.18406386673286335,-0.22153184439999998,0.0,0.100388344,0.10211195536842106,0.35527709719999995,0.0013561683684210517,0.058197978045346765,-0.0465003312,0.0,0.01469571419999996,0.027043853315789478,0.08353890019999997,0.05478833610526315,0.9600669351698156,-0.22169415319999997,-8.57e-05,0.39435610779999863,0.42609351042105253,1.9904326439999995,0.04947913620711052,0.3570002253072503,-0.4337750196,0.0,0.4414976952,0.257586004845521,0.5592649456,0.014640589526315792,0.04865452044277014,-0.0117471174,0.0,0.04398188259999994,0.020132328368421052,0.04398188259999994,-0.004731095736842108,0.29601480284073356,-0.3244509336,0.0,0.47621979679999993,0.18704129468421052,0.5255984544,0.10075423594736842,0.03791222231590366,0.0798450828,0.084598482,0.1773097034,0.10075423594736842,0.1773097034,0.5930156539999999,1.3128983636666665,0.1773097034
91,92,1,4,24,19,19,True,True,0.10200399694736843,0.4305108980843642,-0.2270773886,-0.064467922,0.48812587279999947,0.27723865978947376,0.48812587279999947,-2.1883098891578943,0.8223899853549471,-2.718082428,-2.006472588,-1.5502799032,2.1883098891578943,2.7180824279999998,-1.1975296984736843,0.5910357552776005,-1.852717161,-0.807237744,-0.6823641774000001,1.1975296984736843,1.852717161,-0.550506996631579,0.30909374622416286,-0.8518783096,-0.665015817,-0.241034365,0.5956959976842106,0.8518783096,-0.08031631610526317,0.1676685696572001,-0.254847014,-0.066923998,0.14373644900000002,0.13652897494736843,0.254847014,0.014366478315789471,0.11973813358823611,-0.149128008,0.043098472,0.160097548,0.10756919978947369,0.160097548,33.9671052631579,0.031206687435872158,33.9375,33.9375,34.0,33.9671052631579,34.0,36.51315789473684,0.025480153593469848,36.5,36.5,36.5625,36.51315789473684,36.5625,36.97697368421053,0.03014852430892,36.9375,37.0,37.0,36.97697368421053,37.0,39.973684210526315,0.03085799841989098,39.9375,40.0,40.0,39.973684210526315,40.0,41.58223684210526,0.029051844955025812,41.5625,41.5625,41.625,41.58223684210526,41.625,40.6578947368421,0.031206687435872158,40.625,40.6875,40.6875,40.6578947368421,40.6875,-0.06185457484210527,0.15271058934955795,-0.2466258466,0.0,0.039019608599999964,0.08830747547368421,0.24662584659999992,-0.006290990210526314,0.0276309252126769,-0.0523012258,0.0,0.014405884799999987,0.016682940947368424,0.05409645279999999,0.012432645684210519,0.7761824475558312,-0.0650321124,0.0,0.0414884982,0.26783526494736837,0.5059876679999985,0.043609221157894736,0.41728136352602574,-0.5992650506,0.0,0.5087148072,0.27721595600000004,0.6517676235999998,0.01170150454610526,0.039426672677245166,-0.0191370814,0.0,0.05173612399999996,0.020499063088210524,0.05173612399999996,0.015619302105263154,0.3736190449741444,-0.3983669816,0.0,0.5844794992,0.22970159484210526,0.649738574,0.09735470694736842,0.03126155687585543,0.0804882884,0.084598482,0.16554778779999998,0.09735470694736842,0.16554778779999998,0.35999204816666636,1.0542913889,0.16554778779999998
92,93,1,4,24,24,24,False,True,-0.25844265141666667,0.838195224771196,-0.5128114345,-0.1744768325,0.1727310318,0.4590995193333334,1.1474681497999994,-2.388136297458333,0.9830649333266775,-3.4568269489,-2.299435973,-1.419259894,2.388136297458333,3.4568269488999994,-1.2058446838333334,0.7061991163900309,-1.8433737757,-1.1836410165000002,-0.6208908915000001,1.2118317369166667,1.8433737757,-0.5357031139166667,0.6431420889469214,-1.3295665267999999,-0.47427608099999996,0.015744817299999825,0.6755844441666667,1.3483961347999995,0.10528887262499999,0.8753750222629968,-0.20372874159999999,-0.004804543,0.8864358544,0.47701193920833324,0.9764681931999999,-0.03207619254166668,0.13471625718947197,-0.19861606669999998,-0.038771613499999996,0.1414574102,0.11638552687499999,0.2110814588,34.010416666666664,0.023292374765622806,34.0,34.0,34.0625,34.010416666666664,34.0625,36.559895833333336,0.012489144591960207,36.5625,36.5625,36.5625,36.559895833333336,36.5625,37.0,0.03125,36.95625,37.0,37.04375,37.0,37.04375,39.984375,0.027063293868263706,39.9375,40.0,40.0,39.984375,40.0,41.588541666666664,0.030812915536977167,41.5625,41.5625,41.625,41.588541666666664,41.625,40.6953125,0.020669932117692115,40.6875,40.6875,40.73125,40.6953125,40.73125,0.005011616500000002,0.14496671956439977,-0.19453857569999994,0.0,0.1111776028,0.08210123666666667,0.2889257963,-0.0009802934999999992,0.04472648224000641,-0.049431591,1.915e-27,0.0404224796,0.027451689,0.08674708599999999,0.04642225691666666,0.6177382960187655,-0.0443779587,0.0,0.05113373539999996,0.18685636983333334,0.0721974832,-0.074260575875,0.4259424743407723,-0.6168207230999999,-3.315000097e-22,0.3984306137999998,0.26434511470833333,0.6638747514,-0.005203392916666667,0.05154429278202739,-0.022589198999999997,0.0,0.021779007799999986,0.022274682583333334,0.06226505999999999,0.07390690833333333,0.3373843556718896,-0.2520124557,1.765e-21,0.5078419447999999,0.19767376174999998,0.5908966245999999,0.11420263354166667,0.09131644661252322,0.0807189644,0.0848089755,0.13824113579999997,0.11420263354166667,0.13824113579999997,0.29415113358333334,1.4972691101999998,0.13824113579999997
93,94,1,4,24,24,24,False,True,0.17225044808333334,0.8786444299244867,-0.2808582423,-0.0456505435,0.29554153109999987,0.3320736611666667,0.33462056549999997,-2.230796641375,0.8251691686332885,-3.1734490159,-2.3294384480000003,-1.4929879068,2.247839226125,3.1734490159,-1.1015653461666666,0.625636125700873,-1.7054072617,-1.1480183005,-0.7166693981000001,1.2056751102499998,1.7054072617,-0.5659718199583333,0.5661062876102283,-0.947007376,-0.5301333965,-0.1611051202,0.6540748957916668,1.0297095955,-0.06411934500000001,0.5335111701197004,-0.5842811885,-0.030280137500000002,0.17955585419999995,0.35145081274999995,0.9517048716999997,0.004596276791666669,0.1328264116516931,-0.1600204886,0.041149935,0.18388023369999998,0.11521423204166666,0.2025618489,34.057291666666664,0.024978289183920414,34.01875,34.0625,34.0625,34.057291666666664,34.0625,36.591145833333336,0.031141304018493222,36.5625,36.5625,36.625,36.591145833333336,36.625,37.020833333333336,0.02946278254943948,37.0,37.0,37.0625,37.020833333333336,37.0625,39.997395833333336,0.012489144591960207,40.0,40.0,40.0,39.997395833333336,40.0,41.638020833333336,0.025382276939606676,41.625,41.625,41.6875,41.638020833333336,41.6875,40.7421875,0.020669932117692115,40.70625,40.75,40.75,40.7421875,40.75,-0.003007669375000009,0.1865808858758478,-0.28657458179999995,0.0,0.14144814889999996,0.10735216204166666,0.3739876566,-0.007321700958333334,0.07207815198947536,-0.09786858169999998,0.0,0.003703688399999999,0.039397693125,0.1322838694,0.051000357999667935,0.796901927030333,-0.04457176859999999,0.0,0.0724973511,0.2871322243336654,0.985634093799999,-0.04418017600000001,0.4585609314089331,-0.6099519308,0.0,0.5637861546999998,0.30056440949999996,0.8595690789999999,-0.005085730833333332,0.05676739843585528,-0.027501292599999998,0.0,0.02318358159999999,0.025175692749999996,0.06805558279999997,0.04164484545855792,0.330554265496505,-0.4458947391,1.8850002695e-05,0.4807499826999999,0.2133691101252246,0.5977626558999999,0.114301939875,0.08538269572503009,0.078740376,0.08455532800000001,0.18821397419999997,0.114301939875,0.18821397419999997,0.5028821562499998,1.2329088598666667,0.18821397419999997
95,96,1,4,24,19,19,True,True,0.1482655145789474,1.5579069694104197,-0.2097832952,0.044678438,0.49109017879999983,0.6728128978421053,1.3816387177999974,-2.140677270105263,0.87233580439679,-2.8804257392,-1.704033852,-1.5525661948,2.140677270105263,2.8804257391999997,-1.1699540144736842,0.44691416265261313,-1.8290933134,-0.991289735,-0.7500854012,1.1699540144736842,1.8290933133999998,-0.6685600492105263,0.3786323289387919,-1.0379115104,-0.665565968,-0.24036117760000006,0.6765670469999999,1.0379115104,-0.1668816032631579,0.5013026166505276,-0.6747216702,-0.108022995,0.127118921,0.322448529368421,1.163980627,-0.03058089621052631,0.14271163046316507,-0.17168695039999998,-0.007637932,0.15531327099999995,0.12181239610526316,0.205509797,34.108552631578945,0.027521711399147223,34.0625,34.125,34.125,34.108552631578945,34.125,36.64802631578947,0.03014852430892,36.625,36.625,36.6875,36.64802631578947,36.6875,37.088815789473685,0.03085799841989098,37.0625,37.0625,37.125,37.088815789473685,37.125,40.05263157894737,0.022790142204853647,40.0,40.0625,40.0625,40.05263157894737,40.0625,41.69407894736842,0.027912109783679508,41.6875,41.6875,41.75,41.69407894736842,41.75,40.80592105263158,0.019180762811991117,40.8,40.8125,40.8125,40.80592105263158,40.8125,0.060646617842105253,0.19643984805953563,-0.048097598400000004,0.0,0.2036847231999998,0.09965197478947369,0.2550148247999998,0.0006361852631578948,0.04407937745286967,-0.0438371164,-2.33e-26,0.02378114579999996,0.023667458736842107,0.07408907439999998,0.030206046526315797,0.8447279867679464,-0.0363246594,0.0,0.1522269073999997,0.31156480610526316,0.9028597597999986,-0.10189037884210524,0.5061002153267635,-0.6799841164,0.0,0.46255974739999983,0.3391762,1.0282825472000001,-0.011632115315789475,0.0514770746372955,-0.0282401702,0.0,0.014612294799999993,0.021277582894736843,0.043996614799999986,0.035122620210526326,0.4132805225480152,-0.5266207216,0.0,0.5013401153999999,0.2659239902105264,0.6819373845999999,0.10101317410526316,0.04088198913717329,0.0805246468,0.084598482,0.17170817859999998,0.10101317410526316,0.17170817859999998,0.4976967009333331,1.416426617466666,0.17170817859999998
96,97,1,4,24,19,19,True,True,-0.040516607578947365,0.9388650150331238,-0.25003747919999997,0.008311256,0.7019939182,0.458985478,0.8491738555999997,-2.1105300249999996,0.8075893384667759,-3.0312870498,-1.751444697,-1.464802361,2.1105300249999996,3.0312870497999995,-1.180275794842105,0.4569620865262611,-1.78222425,-1.156262875,-0.728078878,1.180275794842105,1.7822242499999998,-0.674268960263158,0.4515337053500392,-1.0824160102,-0.659368217,-0.18996731980000003,0.7019345534210527,1.0824160102,-0.07847349157894737,0.3020509494462977,-0.3065124038,-0.090951599,0.140258306,0.21066958621052634,0.5987473607999999,-0.009831956421052621,0.1472767208076472,-0.1701498922,0.013583299,0.2002238454,0.12677647178947365,0.20558896359999998,34.151315789473685,0.03085799841989098,34.125,34.125,34.1875,34.151315789473685,34.1875,36.68421052631579,0.024616167018249615,36.675,36.6875,36.6875,36.68421052631579,36.6875,37.12171052631579,0.013956054891839756,37.125,37.125,37.125,37.12171052631579,37.125,40.06578947368421,0.013956054891839756,40.0625,40.0625,40.0625,40.06578947368421,40.0625,41.69736842105263,0.022790142204853647,41.6875,41.6875,41.75,41.69736842105263,41.75,40.83223684210526,0.029051844955025812,40.8125,40.8125,40.875,40.83223684210526,40.875,0.04937541794736842,0.19594694471500573,-0.073728241,0.0,0.1897487939999998,0.09845143510526316,0.2681076467999999,-0.009134929368421054,0.043190187914376496,-0.0872046648,-5.57e-06,0.0118831332,0.023668364105263157,0.0891416084,0.04009518389473685,0.7725334946373099,-0.0366235104,0.0,0.11565636379999984,0.27822733463157895,0.6555427073999986,-0.09624772484210525,0.5008435744765549,-0.6875058416,-7.95e-26,0.39870923739999975,0.33320526736842104,1.022633672,-0.010343605368421053,0.05201507080531896,-0.0269475244,0.0,0.021018411199999996,0.021875431263157896,0.04145640719999999,0.03949761343157896,0.41144890299285636,-0.4525635004,0.0,0.5295520779999999,0.26037130225263155,0.6743893977999998,0.0964836635263158,0.03654070980954639,0.0802509188,0.085105717,0.10708850639999995,0.0964836635263158,0.10708850639999995,0.458545239933333,1.2582395816666667,0.10708850639999995
97,98,1,4,24,24,24,False,True,0.16048038362500003,0.8922900640729042,-0.252595368,-0.0225488225,0.366421601,0.39045995245833326,0.6869505795999998,-2.4365381002083333,0.9400684830096326,-3.622684002,-2.222926855,-1.6075616838000002,2.4365381002083333,3.6226840019999997,-1.2007821351666665,0.543363992842989,-1.8464030149,-0.9804114105,-0.6812831703000001,1.2007821351666665,1.8464030149,-0.7008789985,0.5227516979399797,-1.1763996844,-0.6696323455,-0.09499405720000013,0.7336513359166666,1.1763996843999998,-0.10362914770833333,0.51302022267777,-0.7563269676,-0.0297651,0.2465190993,0.34073858520833333,0.9520592154999998,-0.016702148,0.13258763993167313,-0.1921914309,0.009433147,0.12702508359999998,0.11290726333333333,0.2019617807,34.184895833333336,0.028408104465197172,34.14375,34.1875,34.1875,34.184895833333336,34.1875,36.708333333333336,0.02946278254943948,36.6875,36.6875,36.75,36.708333333333336,36.75,37.151041666666664,0.030812915536977167,37.125,37.125,37.1875,37.151041666666664,37.1875,40.080729166666664,0.028408104465197172,40.0625,40.0625,40.125,40.080729166666664,40.125,41.723958333333336,0.030812915536977167,41.6875,41.75,41.75,41.723958333333336,41.75,40.861979166666664,0.025382276939606676,40.8125,40.875,40.875,40.861979166666664,40.875,0.03525434016666666,0.20785603475564,-0.06872650729999999,0.0,0.19172850739999994,0.11128203358333333,0.3872027393999999,-0.003902438333333334,0.04605909155847286,-0.047777693999999996,0.0,0.022835447099999986,0.023855203666666668,0.07828621599999998,0.10232794745868999,0.8860363914218446,-0.026411273199999995,0.0,0.06850406259999997,0.3265964761253967,1.6921433142999986,-0.1080998435,0.41313620217926744,-0.5400457678,0.0,0.3281862897999998,0.28142700758333333,0.6653594258,-0.010900747906833333,0.04741130199623915,-0.0240051495,0.0,0.0105329147,0.019341077156833333,0.04253944909999998,0.06757267391626375,0.3283071031609706,-0.2955913498999999,1.005e-05,0.5230895279999999,0.21128600758373625,0.6236239312999999,0.103098861875,0.048627815629469114,0.0802173376,0.08608213049999999,0.16364672779999992,0.103098861875,0.16364672779999992,0.581525845983333,1.4144097128499997,0.16364672779999992
98,99,1,4,102,5,5,True,True,0.803607139,1.4827339107802844,-0.0894201576,0.163127631,2.3420523166000002,0.8841797677999998,2.3420523166000002,-2.5813329695999996,0.9601708500667457,-3.6091959952,-2.413320541,-1.6452477933999998,2.5813329695999996,3.6091959952000003,-1.9529975774000001,1.0108024447851656,-3.2227941516,-1.305824995,-1.052661288,1.9529975774000001,3.2227941516,-1.07563802,0.3762476994571253,-1.5320987942,-0.849996805,-0.7889621018,1.07563802,1.5320987942,-0.9185559937999999,1.4586197620046495,-2.4669272546,-0.310780317,-0.010162364599999998,0.9185559937999999,2.4669272546000003,0.099076882,0.1673064735322636,-0.10074053399999999,0.131709278,0.2757433412,0.17382636960000003,0.2757433412,34.2375,0.025,34.2125,34.25,34.25,34.2375,34.25,36.75,0.0,36.75,36.75,36.75,36.75,36.75,37.15,0.03061862178478973,37.125,37.125,37.1875,37.15,37.1875,40.075,0.025000000000000005,40.0625,40.0625,40.1,40.075,40.1,41.75,0.0,41.75,41.75,41.75,41.75,41.75,40.875,0.0,40.875,40.875,40.875,40.875,40.875,-0.0597579734,0.23675567326651986,-0.31594999,0.026807796,0.102711159,0.1509411574,0.36025476440000004,-0.029691470600000002,0.03942148237196063,-0.078619893,-0.001774211,-8.007439999999998e-05,0.029691470600000002,0.078619893,-0.1223216183999268,0.22407141257103652,-0.3736851902,3.66e-13,0.024341563800000004,0.13892064920007322,0.3736851902,0.03761063260000001,0.47775240599840096,-0.4232109218,-8.53e-05,0.5444172562,0.33532381019999996,0.7655121686,0.04058423600000001,0.06942430823082008,-0.0025872359999999997,0.0,0.11838544760000003,0.042355438,0.11838544760000003,0.0348071266,0.2882901106139779,-0.2167888758,-0.000220912,0.3423575804000001,0.1934760166,0.45897568480000006,0.10002636899999999,0.031642894626271977,0.0798967002,0.088159144,0.1332446216,0.10002636899999999,0.1332446216,0.35923885810000006,2.2414686422333334,0.1332446216
99,100,1,4,24,24,24,False,True,0.08631207612499997,1.0450045491284579,-0.5127092149999999,-0.053402163,0.6571973618999997,0.5096624457916666,1.0420746503999998,-2.035926900875,0.8886325691460614,-2.7505306722,-2.1365712885,-1.5744331125000002,2.0958407596249997,2.7505306722,-1.0087287239583334,0.8032309594771448,-1.6876616952999999,-1.0153629185,-0.5185234580000002,1.2132806144583332,1.6876616952999999,-0.46714600062499995,0.7430514644453232,-1.2745104670999998,-0.4364993275,0.5021730472999995,0.7054673744583333,1.3900236248,-0.17782284395833334,0.6899477443601383,-1.0015119908,-0.06965919949999999,0.26349786839999995,0.431491102875,1.2096546766999998,0.020303165166666665,0.13242820433552102,-0.1648831841,0.042580468499999996,0.19469630699999996,0.11098158908333333,0.22259854699999998,34.317708333333336,0.017274087449767706,34.3125,34.3125,34.3125,34.317708333333336,34.3125,36.973958333333336,0.030812915536977167,36.9375,37.0,37.0,36.973958333333336,37.0,37.447916666666664,0.03897559777889522,37.39375,37.4375,37.5,37.447916666666664,37.5,40.388020833333336,0.025382276939606676,40.375,40.375,40.4375,40.388020833333336,40.4375,41.890625,0.027063293868263706,41.875,41.875,41.9375,41.890625,41.9375,41.083333333333336,0.02946278254943948,41.0625,41.0625,41.125,41.083333333333336,41.125,-0.04683927333333333,0.16358768761830098,-0.1591718153,0.0,0.0608666177,0.080199344,0.1591718153,-0.003200402875024958,0.04073372334562904,-0.0283409417,0.0,0.022119571799999987,0.020545466291691628,0.07923758879999998,-0.05330655654166666,0.5429835211436188,-0.0654012457,-1.225e-05,0.017774609099999995,0.173310883375,0.3097351010999998,0.0518660486875,0.31297728850110496,-0.2579788152,0.0,0.5294585852999999,0.1915049241875,0.5826672909,0.013351295791666667,0.04966957846219593,-0.0102418111,0.0,0.024896735299999993,0.020150905791666666,0.0340995997,0.0012657733749999965,0.2390689291488843,-0.354041475,0.0,0.2069163741999999,0.14370116729166665,0.4665224728,0.10266054425,0.04005723693424592,0.08128649,0.085785329,0.171080291,0.10266054425,0.171080291,0.2719056447666666,1.3837573110666668,0.171080291
100,101,1,5,24,24,24,False,True,-0.15800614879166666,0.4254627394117337,-0.4726603117,-0.138056077,0.20613562929999993,0.29215966420833334,0.6699066518999999,-2.29564256475,0.8123046605300474,-3.3827560664000003,-2.120328546,-1.6553917643,2.29564256475,3.3827560664,-1.170806867375,0.4868616650547354,-1.7013905766000001,-1.0233613845,-0.7116810324,1.170806867375,1.7013905766,-0.5266624518333333,0.6038974982438894,-1.014759797,-0.4737209825,-0.1808609886,0.6568261096666667,1.3809676887999995,-0.05572513258333334,0.38466594460542447,-0.2221282844,0.0088740265,0.28982246189999994,0.23000824666666672,0.4172550618,0.014457414666666666,0.13329083749145,-0.1343030153,0.0021909224999999994,0.20876870329999994,0.10709277016666667,0.22542051829999998,34.3203125,0.020669932117692115,34.3125,34.3125,34.35625,34.3203125,34.35625,37.010416666666664,0.023292374765622806,37.0,37.0,37.0625,37.010416666666664,37.0625,37.481770833333336,0.03365324995656272,37.4375,37.5,37.5,37.481770833333336,37.5,40.421875,0.027063293868263706,40.375,40.4375,40.4375,40.421875,40.4375,41.942708333333336,0.017274087449767706,41.9375,41.9375,41.9375,41.942708333333336,41.9375,41.130208333333336,0.017274087449767706,41.125,41.125,41.125,41.130208333333336,41.125,-0.01594622404166667,0.12838547761690092,-0.12359150929999996,0.0,0.09973215869999999,0.06267752054166667,0.1777017235,0.00652469725,0.0494039321127796,-0.0078793055,1.7e-05,0.07069818019999993,0.02463120666666667,0.10287949419999999,-0.018029271041666666,1.0173480818635725,-0.0575204069,-2.71e-05,0.029307295799999987,0.424633904875,2.4053280112,0.05823962470833296,0.3774921377645462,-0.39255920949999995,4.7000000000000004e-05,0.4328786937,0.24027154504166706,0.5798497973,0.00148667932175,0.032545358943661826,-0.0142460662,0.0,0.0107855648,0.01327863567825,0.03591626299999999,-0.04810445274999999,0.3729540767576452,-0.4948777614,0.0,0.38483172169999974,0.2062734503333333,0.540717256,0.14727029204166667,0.11998637847770756,0.0811353684,0.088288337,0.32070603399999986,0.14727029204166667,0.32070603399999986,0.6403987575333333,1.2962827606333331,0.32070603399999986
101,102,1,5,24,24,24,False,True,0.022598020958333343,0.6373353296511872,-0.3499659803,-0.0713389515,0.3609627843999999,0.3339721757083334,0.7122529924999998,-2.30882894,0.5928903731617255,-3.0929665087,-2.2036368845,-1.6827761772,2.30882894,3.0929665087,-1.3568159714583334,0.6651349784333643,-2.0482306482999997,-1.106252551,-0.8254195152000001,1.3568159714583334,2.0482306482999997,-0.6436597705416667,0.3406417241814077,-1.0895104649,-0.5715215805,-0.26046429580000013,0.6436597705416667,1.0895104649,0.05334339745833333,0.477896572699526,-0.4370479925999999,0.0091155835,0.6198759673999997,0.3067206097083333,0.8918695567999999,-0.0008436224583333318,0.14646974122695425,-0.1941411555,0.034332010499999996,0.1595206079,0.117384141875,0.20620618489999998,34.338541666666664,0.030812915536977164,34.3125,34.3125,34.375,34.338541666666664,34.375,37.052083333333336,0.023292374765622806,37.0,37.0625,37.0625,37.052083333333336,37.0625,37.5078125,0.020669932117692115,37.5,37.5,37.54375,37.5078125,37.54375,40.442708333333336,0.017274087449767706,40.4375,40.4375,40.4375,40.442708333333336,40.4375,41.997395833333336,0.028408104465197172,41.95625,42.0,42.0,41.997395833333336,42.0,41.177083333333336,0.023292374765622806,41.125,41.1875,41.1875,41.177083333333336,41.1875,0.004286004333333333,0.15296831385698648,-0.10334737149999998,2.375e-27,0.137536731,0.08442266691666667,0.19566090889999996,0.0022114539166666644,0.04026297110467933,-0.005492279499999998,1.0600000000000001e-43,0.01719315649999999,0.01801733175,0.07828679649999998,-0.060738075041666666,0.7905289084817586,-0.07472205989999998,-0.0001060205,0.006949762999999993,0.28110922129166666,0.955127953499999,0.09448654770833333,0.3767828815268212,-0.217840424,1.1050000000000001e-37,0.4190115572,0.221620345625,0.5470433025999999,0.003728677791666666,0.04111054141167846,-0.0139096133,0.0,0.0070402220999999975,0.014683846625000002,0.03789456569999998,-0.087602336875,0.39383779549432923,-0.42251518959999995,0.0,0.11407984089999994,0.19995992679166666,0.5256764861,0.12877183895833333,0.11635895950122423,0.0800651491,0.085191905,0.19873060569999998,0.12877183895833333,0.19873060569999998,0.3899483355499998,1.3401727260166665,0.19873060569999998
103,104,1,5,11,11,11,False,True,0.09817664018181821,0.6957684632646649,-0.26005578,-0.040008307,0.103750065,0.3389685563636364,0.471574187,-2.296909028818182,0.5896051024543993,-3.174547911,-2.178700686,-1.592211127,2.296909028818182,3.174547911,-1.2929337026363639,0.40639358949943666,-1.693293691,-1.39128232,-0.75873965,1.2929337026363639,1.693293691,-0.7466632215454545,0.5382486001285207,-1.627218962,-0.72947979,-0.011331436,0.7500497499090909,1.627218962,-0.14547453672727273,0.565696382192847,-0.166223422,0.065166593,0.122681171,0.29175549472727275,0.320194244,0.012032368818181817,0.1256553749191393,-0.153450847,0.008982144,0.184316456,0.102886683,0.184316456,34.43181818181818,0.017967486705502154,34.4375,34.4375,34.4375,34.43181818181818,34.4375,37.21022727272727,0.030065355807552166,37.1875,37.1875,37.25,37.21022727272727,37.25,37.64204545454545,0.02783511071344521,37.625,37.625,37.6875,37.64204545454545,37.6875,40.68181818181818,0.017967486705502154,40.6875,40.6875,40.6875,40.68181818181818,40.6875,42.11931818181818,0.017967486705502154,42.125,42.125,42.125,42.11931818181818,42.125,41.33522727272727,0.030065355807552166,41.3125,41.3125,41.375,41.33522727272727,41.375,0.008496123181818178,0.17375542672794014,-0.211322024,6.59e-05,0.231549144,0.11206293663636364,0.312306702,0.007736058909090907,0.04516251214272398,-0.021374669,9.49e-05,0.01664854,0.02303456745454546,0.06157589,0.001414733454545449,1.0962048525160621,-0.070580229,-0.00220733,0.063984334,0.4819397692727272,2.545890093,-0.018398458272727267,0.48271129162138143,-0.677604854,-6.76e-05,0.398837209,0.3304189984545454,0.75382787,-0.009739656181818183,0.033744813979892554,-0.039409127,0.0,0.012448563,0.017550346,0.039409127,-0.0014163735454545462,0.3828119768356635,-0.498295248,0.0,0.418703139,0.24693472572727276,0.629206777,0.13680778845454544,0.11127797801367903,0.080693066,0.090791464,0.171759963,0.13680778845454544,0.171759963,0.7237027431666667,1.2451909085,0.171759963
105,106,1,5,24,24,24,False,True,-0.0985391055,1.5490762692697286,-0.3088153344,-0.0620519765,0.33082808229999994,0.6245928860833333,1.1043474431999993,-2.4342229664583335,0.9112695630178471,-3.3092324256,-2.4462965724999997,-1.6075802325000002,2.4342229664583335,3.3092324255999994,-1.2414790318333333,0.6674795724398241,-1.8414773939,-0.9534196255,-0.6659784022,1.2414790318333333,1.8414773939,-0.6248988089999999,0.6010530348400559,-1.3887378928999998,-0.5548957585000001,0.126731149,0.7061918772500001,1.3887378928999996,0.05171653154166666,0.9971596293414243,-0.6871894060999999,0.023436033000000002,0.5881155313999997,0.5011524124583333,0.9344774605999999,-0.04428242937500001,0.14285839353451132,-0.2165753097,-0.034379471,0.13362624639999995,0.117199269125,0.2165753097,35.989583333333336,0.02329237476562281,35.9375,36.0,36.0,35.989583333333336,36.0,39.315104166666664,0.012489144591960207,39.3125,39.3125,39.3125,39.315104166666664,39.3125,39.940104166666664,0.028408104465197172,39.9375,39.9375,39.98125,39.940104166666664,39.98125,42.9375,0.0,42.9375,42.9375,42.9375,42.9375,42.9375,45.065104166666664,0.012489144591960207,45.0625,45.0625,45.0625,45.065104166666664,45.0625,44.919270833333336,0.02840810446519717,44.875,44.9375,44.9375,44.919270833333336,44.9375,0.04930382312500001,0.21239572720519137,-0.09732028,0.0,0.17616333979999996,0.112553499625,0.29333778299999996,0.0020928201750000006,0.04521182364534679,-0.008701794799999999,2.31e-08,0.04292419779999998,0.023360664925,0.0819572624,0.03232200808333332,0.9133270710888625,-0.033180097799999995,-9.05e-24,0.056408667299999965,0.37271456566666666,1.9122571943999995,-0.10412782241656458,0.40494036442936326,-0.5487527043,0.0,0.33602510249999984,0.27869937441676873,0.615503001,-0.010810821750005084,0.04776660428837183,-0.024446018899999998,-6.1e-14,0.012535180499999996,0.01890464866667175,0.04317309009999998,0.05316975404166666,0.33085552334535606,-0.28668714759999997,7.09755e-05,0.47553230199999985,0.22366815770833334,0.5942106009,0.12457097816666668,0.10046351169295907,0.08211835049999999,0.0871445235,0.20097136489999998,0.12457097816666668,0.20097136489999998,0.5900731552999999,1.4658079876499996,0.20097136489999998
106,107,1,5,24,24,24,False,True,0.2623635499166667,1.5843720789510742,-0.31520750509999995,-0.091576986,0.4932384672,0.7490562343333335,2.1532395305999987,-2.1734823864583332,1.0002624072052584,-3.1545652865,-2.3380531075,-1.2748126744000003,2.2392896532083335,3.1545652865,-1.161040624125,0.9404460050074195,-1.851344514,-1.099123418,-0.5818811538,1.3479433457916665,1.8513445139999998,-0.5859756412916667,0.7031368465070127,-1.1695798393999999,-0.5445203185,-0.1794954316000001,0.759910145625,1.4243193026999998,-0.432747709375,1.0552057683517622,-1.1396671473999997,-0.0086406365,0.1786441831,0.5347442764583333,1.1396671473999995,0.009283452125000003,0.14568468595116263,-0.1950044305,0.0459442045,0.1902757644,0.12705351920833333,0.2163462493,35.989583333333336,0.023292374765622806,35.9375,36.0,36.0,35.989583333333336,36.0,39.3125,0.0,39.3125,39.3125,39.3125,39.3125,39.3125,39.940104166666664,0.012489144591960207,39.9375,39.9375,39.9375,39.940104166666664,39.9375,42.924479166666664,0.025382276939606676,42.875,42.9375,42.9375,42.924479166666664,42.9375,45.072916666666664,0.023292374765622806,45.0625,45.0625,45.125,45.072916666666664,45.125,44.885416666666664,0.023292374765622806,44.875,44.875,44.9375,44.885416666666664,44.9375,-0.02185420945833333,0.1297107500640015,-0.0874558667,0.0,0.061106984199999964,0.06188614920833333,0.1904509661999999,-0.019185656833333332,0.05481987374196379,-0.0857998721,0.0,0.003216090099999998,0.02488976291666667,0.0857998721,0.029709216166674924,0.26791340400341607,-0.07784373869999998,-0.0001022165,0.0165756553,0.08421644558334158,0.14018243519999996,-0.049500000125,0.4049239294547834,-0.5554248931,0.0,0.13907497389999995,0.221422005375,0.7413395045,0.002226346208333333,0.050518791892473915,-0.019927935299999994,0.0,0.02585752519999998,0.021206056624999997,0.05372543849999999,0.06564370089708334,0.33507131216888575,-0.10443547119999999,0.0,0.39995571979999994,0.17353866076958332,0.5211398721999999,0.09179327145833334,0.021949705979802038,0.0793855961,0.084215522,0.0964790524,0.09179327145833334,0.0964790524,0.2887730147833332,1.6565803384166664,0.0964790524
107,108,1,5,56,6,6,True,True,0.13256540766666666,0.5279917321945566,-0.254029438,-0.1053820885,0.7571077495,0.372173092,0.7739646735,-2.218363575666667,1.3418393589940216,-3.511332512,-2.329075694,-0.814682521,2.257934279666667,3.511332512,-1.1163668236666666,0.4036437279158944,-1.4668447375,-1.2074192765,-0.6748364570000001,1.1163668236666666,1.4668447375,-0.691847364,0.8817652266867051,-1.530408144,-0.8476773500000001,0.30254340199999996,1.0537213086666668,1.530408144,-0.27732778166666666,0.801450535603557,-1.261839986,-0.19727517900000002,0.62713182,0.7007356526666667,1.261839986,0.0589474615,0.14882305397880016,-0.07982169099999999,0.008557684999999999,0.2481063905,0.11540806416666667,0.2481063905,36.0,0.0,36.0,36.0,36.0,36.0,36.0,39.3125,0.0,39.3125,39.3125,39.3125,39.3125,39.3125,39.9375,0.0,39.9375,39.9375,39.9375,39.9375,39.9375,42.927083333333336,0.023292374765622806,42.90625,42.9375,42.9375,42.927083333333336,42.9375,45.083333333333336,0.02946278254943948,45.0625,45.0625,45.125,45.083333333333336,45.125,44.875,0.0,44.875,44.875,44.875,44.875,44.875,0.028825386166666665,0.04412424770036018,-0.004430513499999999,0.0,0.090906672,0.03177906183333334,0.090906672,0.017653414,0.049167430301883586,-0.013531547,0.001814331,0.064677458,0.026674445333333335,0.07600116,-0.4315819848333333,0.9776103423844908,-1.3088045975,-4.48e-05,0.014103443,0.44098428016666663,1.319887964,-0.048984662500000005,0.2503196480608231,-0.3357361255,-5.6153e-05,0.188838291,0.17487685649999998,0.4095279275,0.0050411319,0.007710844640544436,-8.77e-05,3.62e-08,0.015211059499999999,0.005099598566666666,0.015211059499999999,0.02024948099999978,0.29629990709402004,-0.2536788655,-6.4e-16,0.3144273085,0.18936872466666688,0.5071442424999999,0.17060011616666668,0.14874385914406846,0.0798028705,0.0911742745,0.3408232035,0.17060011616666668,0.3408232035,0.40311317091666665,1.4654160739166668,0.3408232035
108,109,1,5,24,24,24,False,True,-0.09437655912499998,1.5671302009570374,-0.3346155162,-0.103237789,0.36045422269999994,0.6580422332083334,1.0381702718999994,-2.3564947346666667,0.6455116017991995,-2.7721675393,-2.48852849,-1.6106768725,2.3564947346666667,2.7721675393,-1.1758745611666666,0.3991108205888567,-1.7159746649,-1.1389915945,-0.7338558018,1.1758745611666666,1.7159746649,-0.630891791625,0.4636688742083751,-1.061576474,-0.6082490089999999,-0.0655181133000001,0.6449278910416667,1.061576474,0.05349854641666665,0.9122264266893134,-0.600004542,0.0019261825,0.1814304532,0.39875397083333325,0.8572168049999997,-0.03201779875,0.13353934572402748,-0.196681154,-0.0260315125,0.1314408823,0.11732178216666667,0.2071858379,36.036458333333336,0.030812915536977164,36.0,36.0625,36.0625,36.036458333333336,36.0625,39.322916666666664,0.023292374765622806,39.3125,39.3125,39.375,39.322916666666664,39.375,39.9453125,0.020669932117692115,39.9375,39.9375,39.98125,39.9453125,39.98125,42.981770833333336,0.028408104465197172,42.9375,43.0,43.0,42.981770833333336,43.0,45.09375,0.03125,45.0625,45.09375,45.125,45.09375,45.125,44.848958333333336,0.030812915536977167,44.8125,44.875,44.875,44.848958333333336,44.875,0.038949981292725,0.22004245943569634,-0.090246749,0.0,0.17762123069999997,0.11678655545939165,0.3859088540999999,0.0018421562916666665,0.030044982366944452,-0.0141366558,0.0,0.022609240899999997,0.014265464708333333,0.024831914599999998,0.013500595083333325,0.8769413362865173,-0.04669658859999999,0.0,0.06158106779999997,0.35919262199999996,1.7279505249999998,-0.09024225304166666,0.44661553755445943,-0.5902716337,0.0,0.3468160930999999,0.30339095279166667,0.8572723149999998,-0.012364581384625,0.049085587314000416,-0.030580376899999998,0.0,0.010403075099999999,0.020240642301291665,0.047873669799999984,0.040783099958333326,0.3462726538980047,-0.44883576319999996,0.0,0.43071464619999994,0.233273503625,0.6053153455999999,0.11362633100000001,0.08224707022131268,0.0808376072,0.085191905,0.166701168,0.11362633100000001,0.166701168,0.6081921040166666,1.2753819321666664,0.166701168
109,110,1,5,24,24,24,False,True,-0.25751201183333333,0.6903653955480885,-0.32638487499999996,-0.135348115,0.14480472879999995,0.33392627141666664,0.3495829879,-2.3166270355833336,0.8821871934472394,-3.3987996819,-2.2633243800000002,-1.4589010957000002,2.3166270355833336,3.3987996819,-1.1503046130833334,0.7016209369503126,-1.8607954623,-1.1678476930000001,-0.6952488247,1.2419592714166667,1.8607954623,-0.5270995495416667,0.6995709722995346,-1.1020412202999998,-0.538928777,0.14192192949999977,0.7041066460416666,1.3699693198999998,0.18968278175000006,0.5604783457743787,-0.18530848479999998,0.0544938965,0.6169028074999996,0.28961049225,0.6324321271999996,-0.010446813541666669,0.1442429496314764,-0.1988513975,0.0289113445,0.1911992118,0.12033901695833334,0.2075761541,36.057291666666664,0.017274087449767706,36.0625,36.0625,36.0625,36.057291666666664,36.0625,39.317708333333336,0.017274087449767706,39.3125,39.3125,39.3125,39.317708333333336,39.3125,39.958333333333336,0.02946278254943948,39.9375,39.9375,40.0,39.958333333333336,40.0,42.9609375,0.030257682392245445,42.9375,42.9375,43.0,42.9609375,43.0,45.122395833333336,0.012489144591960207,45.125,45.125,45.125,45.122395833333336,45.125,44.8203125,0.020669932117692115,44.8125,44.8125,44.85625,44.8203125,44.85625,-0.01312158670833334,0.14987981381802382,-0.19890327859999996,0.0,0.09448967559999998,0.08074786137500001,0.2988082111,-0.0038802667085966664,0.0410607215855531,-0.06295632909999999,9.549999999999999e-25,0.02553736019999999,0.021975775375263334,0.082062651,0.032056102124999986,0.6548979513769484,-0.037717935099999995,0.0,0.06448889319999998,0.2017861172083333,0.0742472575,-0.05327590029166667,0.43896057593181415,-0.5977962733,0.0,0.5321835008999997,0.2656197562916667,0.6796971143999999,-0.004708313249305832,0.055169743076079435,-0.023453058,0.0,0.023069403899999986,0.023384994334305836,0.0630499182,0.059863896470166655,0.34384124079969514,-0.34193164119999997,1.42e-10,0.5112449676999999,0.20173327047016665,0.5904759231999999,0.11192213987499999,0.07816505399113506,0.0800402996,0.0851056875,0.16059049949999998,0.11192213987499999,0.16059049949999998,0.2980568459,1.3031926222166665,0.16059049949999998
110,111,1,5,25,25,25,False,True,-0.1223131748,0.30146013708577485,-0.43685514919999996,-0.137349397,0.20766599160000015,0.25568045008,0.5380719542000001,-2.3343221424799996,1.1056584389427433,-3.5414949416,-2.323147058,-1.6929097411999998,2.41472580424,3.5414949416000003,-1.24792855024,0.9510082853469134,-2.1705366136,-1.275349498,-0.7577597854,1.4313132548,2.311384964,-0.5248220106799999,0.6975354467229649,-1.0953607081999999,-0.555521667,-0.08288317639999998,0.7005702874,1.2978138210000003,-0.03571580704000001,0.45447096727203334,-0.5006706476,-0.021041969,0.1620671748,0.25064693616000006,0.5571292278000001,0.014710949399999996,0.13560209917769442,-0.167281735,-0.015041768,0.17377876360000002,0.11044976532,0.19417211140000004,36.065,0.01224744871391589,36.0625,36.0625,36.0625,36.065,36.0625,39.33,0.02806243040080456,39.3125,39.3125,39.375,39.33,39.375,39.9475,0.022912878474779203,39.9375,39.9375,40.0,39.9475,40.0,42.955,0.02806243040080456,42.9375,42.9375,43.0,42.955,43.0,45.125,0.0,45.125,45.125,45.125,45.125,45.125,44.8075,0.01695582495781317,44.8125,44.8125,44.8125,44.8075,44.8125,-0.03909874860000592,0.16865503045132915,-0.1988645586,0.0,0.09048005040000003,0.08249167644000592,0.20036050380000003,0.004219799399933199,0.049508119244788255,-0.03396186419999998,0.0,0.02592645520000003,0.023333498760066802,0.09266925440000005,0.0007435485596851876,1.0236054275705286,-0.0772215874,0.0,0.026647654800000024,0.4213943467203148,2.5085940836000002,0.07480890952002256,0.3903541115173214,-0.4630630969999999,0.0,0.46411529740000007,0.25666517912002257,0.6306450250000001,0.00790012138684,0.04785758793639654,-0.014882137799999999,0.0,0.019245920000000027,0.02016964653316,0.06461603520000005,-0.040588212959999995,0.3705908922069836,-0.4899148346,0.0,0.37227905720000065,0.20827058999999998,0.6160289766000001,0.1084216642,0.05292450404843812,0.0799292444,0.085105658,0.1744917032,0.1084216642,0.1744917032,0.6854856464333335,1.4066778366666668,0.1744917032
111,112,1,5,24,24,24,False,True,0.009562174958333327,0.5550071352878414,-0.4913266717,-0.0908310715,0.3365517588,0.33855732179166664,0.5466522399,-2.3301667173333334,0.5884855139743091,-3.1511592148,-2.277523875,-1.6912788632000002,2.3301667173333334,3.1511592148,-1.295724185875,0.4855797414643807,-1.9973323937999998,-1.2170774340000001,-0.7589869919000001,1.295724185875,1.9973323937999998,-0.690406336125,0.5175664366917339,-1.0174874004999999,-0.5474709275,-0.2793068288,0.6933660476250001,1.0174874004999999,-0.08583269279166666,0.46841922041379286,-0.7291803004,0.023322847,0.15970199709999996,0.285118004625,0.9297112044999999,-0.00719863079166667,0.14723413219238823,-0.1804478694,0.004427915499999999,0.1946666719,0.12567875579166668,0.22298731779999997,36.096354166666664,0.031141304018493222,36.0625,36.125,36.125,36.096354166666664,36.125,39.346354166666664,0.031141304018493222,39.3125,39.375,39.375,39.346354166666664,39.375,39.950520833333336,0.025382276939606676,39.9375,39.9375,40.0,39.950520833333336,40.0,42.963541666666664,0.030812915536977167,42.9375,42.9375,43.0,42.963541666666664,43.0,45.127604166666664,0.012489144591960207,45.125,45.125,45.125,45.127604166666664,45.125,44.78125,0.03125,44.75,44.78125,44.8125,44.78125,44.8125,0.023875202541666658,0.15533194387981428,-0.1237519388,0.0,0.19724891379999993,0.096057203875,0.3172972740999999,0.004046201208333333,0.03596041622389184,-0.006479468799999999,0.0,0.01534272329999999,0.014696025125,0.04244913119999999,-0.002638136000512492,1.044024007122885,-0.04125275269999999,-2.965000615e-05,0.04962130599999996,0.43448140066717916,2.5444207429,-0.031911635499999993,0.3998534315067155,-0.5530508994,0.0,0.3772488658,0.27117118483333336,0.6181053876999999,-0.005457895958333334,0.025782244356922196,-0.029685751499999993,0.0,0.014326523799999998,0.012612096541666666,0.03798256219999999,0.0016835283333333274,0.357143772731477,-0.5059675661,0.0,0.5163825873,0.23278210224999998,0.6352296349,0.11267473054166666,0.08497065025443866,0.0808108629,0.08548861699999999,0.16488543719999998,0.11267473054166666,0.16488543719999998,0.6992474555,1.3108882952166667,0.16488543719999998
112,113,1,5,24,24,24,False,True,-0.00746271987499995,1.9903909552734413,-0.9091069102999999,-0.0791462585,0.3402767657,0.9947720287083334,4.274472976099999,-2.356905568375,1.0881171363239082,-3.4273658992000002,-2.38414526,-1.5432051775000002,2.3770300062916667,3.4273658992000002,-1.2277444129583333,0.7341188763933589,-1.8163106087,-1.1992890835,-0.7186646521000001,1.3200580204583332,1.8163106087,-0.6644664207916666,0.6597299302447351,-1.3025607583999999,-0.6820917725,-0.1705854073000001,0.8010135380416666,1.4578010794999998,-0.01649404341666665,1.0084607127018848,-0.38756326169999994,0.038992109,0.9228144289999998,0.5424243173333333,1.2349113108999998,-0.021595957291666665,0.14963375038765725,-0.20843123319999998,0.011017118,0.162827963,0.1258807185416667,0.2227975693,36.122395833333336,0.02194309836764677,36.125,36.125,36.125,36.122395833333336,36.125,39.341145833333336,0.031141304018493222,39.3125,39.3125,39.375,39.341145833333336,39.375,39.981770833333336,0.028408104465197172,39.9375,40.0,40.0,39.981770833333336,40.0,42.958333333333336,0.02946278254943948,42.9375,42.9375,43.0,42.958333333333336,43.0,45.130208333333336,0.017274087449767706,45.125,45.125,45.125,45.130208333333336,45.125,44.755208333333336,0.017274087449767706,44.75,44.75,44.75,44.755208333333336,44.75,0.04293410183333334,0.18602740648152088,-0.0702830067,0.0,0.14665596849999996,0.09483772450000001,0.2175936387,-0.002133027708339757,0.042337719424327645,-0.0490125867,-1.9500000000000002e-27,0.01664112789999999,0.021717291125006425,0.08067957529999999,-0.004126609499999989,0.7233829472298913,-0.031151733499999997,0.0,0.06163311639999999,0.25581700975,0.47485582549999994,-0.10611203383335198,0.40053450297877186,-0.5690972567999999,-2.235e-13,0.32986226509999983,0.25511270650001866,0.6363725066999999,-0.010121163041666664,0.046082982142712905,-0.0248202379,0.0,0.010538166499999996,0.018268084375000004,0.04587014429999998,0.06116124249999999,0.31827700989537405,-0.1403361141,0.0,0.42400491579999994,0.19314400691666664,0.5478524029999999,0.11317006004166667,0.08156479440326905,0.08214417119999999,0.08535933500000001,0.1697641253,0.11317006004166667,0.1697641253,0.33387068224999994,2.07227657395,0.1697641253
113,114,1,5,25,25,25,False,True,-0.24250862468,0.5599329481543419,-0.6202556133999999,-0.141060501,0.1679432748000001,0.34279087348000004,0.6637545586000001,-2.35335307652,0.9277382135735652,-3.1663480755999998,-2.312785387,-1.7073919296,2.3558936542,3.1663480756000006,-1.26178704868,0.616347753573344,-2.09554348,-1.235088468,-0.7936034441999998,1.291411301,2.0955434800000003,-0.4974820740800001,0.3675297198895578,-1.0752027986000001,-0.421637744,-0.08091772699999983,0.5019814068000001,1.0752027986000001,0.13100216988,0.5818196451541312,-0.1361174106,0.007124153,0.2548547624000002,0.23569685667999996,0.3105091988,0.014761079199999996,0.1414879534048248,-0.1722283722,0.021979194,0.22177910220000008,0.116798758,0.23857067860000003,36.14,0.026692695630078277,36.125,36.125,36.1875,36.14,36.1875,39.3725,0.01224744871391589,39.375,39.375,39.375,39.3725,39.375,39.98,0.029154759474226504,39.9375,40.0,40.0,39.98,40.0,42.96,0.030000000000000002,42.9375,42.9375,43.0,42.96,43.0,45.13,0.01695582495781317,45.125,45.125,45.125,45.13,45.125,44.7525,0.01224744871391589,44.75,44.75,44.75,44.7525,44.75,-0.03343365492,0.1625176675204852,-0.1797758938,0.0,0.09674175380000001,0.07959585860000001,0.1835965902,0.0018467633154499994,0.06441536087928167,-0.041798155999999996,0.0,0.025578061600000004,0.03108753940455,0.12978833280000002,-0.031673201159999984,0.9530112311108313,-0.06681098799999999,0.0,0.03189284160000005,0.39024292796000004,2.204795265400001,0.07868130964,0.38937303869557377,-0.43269616359999996,5.08e-05,0.4299601614000001,0.24933187267999998,0.5903280376000001,0.008301352069451817,0.04643069273904963,-0.014513474399999999,0.0,0.019935593400000028,0.019393123855852186,0.057157348200000034,-0.05726649024,0.3670070636747488,-0.5009940622,0.0,0.26825557940000044,0.20065385591999998,0.5362536076000001,0.11618599655999999,0.08470103487134854,0.0806414486,0.08391881,0.1711645006,0.11618599655999999,0.1711645006,0.6169865303000002,1.2583214650333336,0.1711645006
114,115,1,5,52,5,5,True,True,-0.09776301080000005,1.1064953682296874,-1.29314487,0.13918975,0.9163775388000002,0.789641312,1.7775719168000002,-2.0959540368000003,1.7278883061416241,-3.658563614,-2.367112637,-0.1881004333999996,2.5256117820000004,3.658563614,-1.0777519466,1.3549938788757214,-2.1209877492,-1.446459532,0.3468455074000003,1.6818835974000002,2.1209877492,-0.5933046936,0.7657004937432481,-1.1971132514,-0.895473659,0.29903969760000015,0.937781012,1.1971132514,-0.16030175680000003,1.6707582728481798,-1.9955337998,0.251930594,1.2672474862000003,1.181447768,2.6551002502000003,0.0854772496,0.15638616518092743,-0.09707859379999999,0.142173931,0.23744107460000002,0.152503674,0.24639872300000001,36.1875,0.0,36.1875,36.1875,36.1875,36.1875,36.1875,39.375,0.0,39.375,39.375,39.375,39.375,39.375,40.0,0.0,40.0,40.0,40.0,40.0,40.0,42.95,0.025,42.9375,42.9375,42.975,42.95,42.975,45.15,0.03061862178478973,45.125,45.125,45.1875,45.15,45.1875,44.7375,0.025,44.7125,44.75,44.75,44.7375,44.75,0.04961743280000001,0.09294084112669031,-0.0342635046,0.0,0.1634574528,0.0726637576,0.1634574528,0.033951927800000004,0.08734657119549344,-0.04050918619999999,0.003183941,0.1325636658,0.061006343000000005,0.1435464562,-0.505058266399977,1.0296120524608874,-1.539675664,1.15e-13,0.025054740400000004,0.521813652400023,1.5550099444000003,-0.0788899308,0.24909245278704334,-0.33420596719999995,-0.100490533,0.20377281500000002,0.2147559408,0.3782135364,0.005011583799999999,0.00734884357942351,-0.0027004288,0.004295473,0.0134883662,0.006835683,0.0134883662,0.002031436199999992,0.3288692017074932,-0.3617890806,-0.000549206,0.3520425258,0.2579992922,0.5021463158,0.163526201,0.1577687710978744,0.08098219599999999,0.08756566,0.32248826020000004,0.163526201,0.32248826020000004,0.45931034530000003,1.9426225841000002,0.32248826020000004
115,116,1,5,24,24,24,False,True,-0.04861532437500001,1.3324478393822545,-0.6475941303999999,-0.129450921,0.30886164919999987,0.6128273107916666,0.7481126011,-2.314732298375,1.063413787506954,-3.4928410767,-2.4526895285,-1.4020953181000002,2.378206128958334,3.4928410767,-1.1563925481666668,0.7616923643709475,-1.740620971,-1.192785263,-0.6071109591000001,1.2880355156666667,1.740620971,-0.5865634853333334,0.6865228861165393,-1.3074286224,-0.6014867125000001,-0.2755746215,0.7696581060000001,1.3263814688,-0.07265562904166668,0.8419615185817788,-0.17620101119999998,0.036734652,0.4044027359,0.33609959287499996,0.5099741160999999,-0.011183889458333332,0.1399220412730972,-0.18963505359999996,0.035683228,0.1703190132,0.12293171720833333,0.22144076219999997,36.208333333333336,0.02946278254943948,36.1875,36.1875,36.25,36.208333333333336,36.25,39.427083333333336,0.023292374765622806,39.375,39.4375,39.4375,39.427083333333336,39.4375,39.994791666666664,0.017274087449767706,40.0,40.0,40.0,39.994791666666664,40.0,42.994791666666664,0.017274087449767706,43.0,43.0,43.0,42.994791666666664,43.0,45.125,0.0,45.125,45.125,45.125,45.125,45.125,44.723958333333336,0.030812915536977164,44.6875,44.75,44.75,44.723958333333336,44.75,-0.0012098720416666628,0.11405997907473504,-0.13867708639999998,0.0,0.0957743749,0.066052280625,0.22235925209999996,-0.00032278683333302437,0.03602408491518908,-0.0155562967,0.0,0.0037644266999999976,0.01456386975000031,0.035436856299999986,0.07389438125000002,0.44706921443920195,-0.0313652897,-0.0002663915,0.028007646799999994,0.11925652175000001,0.06210306629999998,-0.07268146420833334,0.38588762742733346,-0.5681240556,0.0,0.3152359617999998,0.23371180304166664,0.6665563817999999,-0.003673611208333334,0.039502507852283215,-0.023882669699999998,0.0,0.022414339499999984,0.01902792904166667,0.05829004709999999,0.07948343862500001,0.32752966039405573,-0.1137837766,0.0,0.4310911745,0.17659169912500003,0.4943725287,0.11463814970833335,0.0886277153946475,0.0805724621,0.08396187399999999,0.1642392519,0.11463814970833335,0.1642392519,0.25651968871666664,1.3398951659833334,0.1642392519
117,118,1,5,39,5,5,True,True,-0.2156905384,0.37555722810664743,-0.5742885712,-0.423047572,0.24756906020000002,0.3972226292,0.5742885712,-2.8144851446,0.9422770689482757,-3.7720875740000004,-2.824319124,-1.7880311727999998,2.8144851446,3.7720875740000004,-1.53722558,0.26763020165099427,-1.8497555734,-1.515644073,-1.2424923416,1.53722558,1.8497555734,-1.0494812728,0.5630036486601119,-1.7203919884,-0.81618619,-0.5851541762,1.0494812728,1.7203919884000003,0.09099657840000001,0.4380457026210516,-0.3293511748,-0.085408792,0.6333102704000001,0.3849200696,0.6333102704000001,0.0599753618,0.14258701578698116,-0.11483401959999999,0.12300998,0.2019819138,0.1473671138,0.2019819138,36.25,0.0,36.25,36.25,36.25,36.25,36.25,39.4375,0.0,39.4375,39.4375,39.4375,39.4375,39.4375,40.025,0.03061862178478973,40.0,40.0,40.0625,40.025,40.0625,43.0,0.0,43.0,43.0,43.0,43.0,43.0,45.1625,0.03061862178478973,45.125,45.1875,45.1875,45.1625,45.1875,44.7,0.025000000000000005,44.6875,44.6875,44.725,44.7,44.725,0.08224617460000001,0.2191983022300198,-0.10450900119999998,-0.000311903,0.33440633160000005,0.15485818499999998,0.35594942000000007,0.016373684199999995,0.06003867298519225,-0.0267245372,-0.003041626,0.07966205400000001,0.0369763174,0.09542800800000001,0.0024783455999999996,0.03793841586671277,-0.039193408400000004,0.007618957,0.044811952200000005,0.0329852636,0.054560758200000004,-0.1251169732,0.37377721653914375,-0.5440186262000001,-0.025758512,0.2725342678,0.3068348744,0.5487432834,0.018898400800000003,0.03262633683105974,-0.0090439818,0.004039687,0.05785552100000001,0.024927722000000003,0.05785552100000001,0.06118498,0.21017734917411443,-0.1399786382,-9.11e-44,0.3078768908,0.16179901800000002,0.3334078788,0.19250217679999998,0.16327769790691737,0.0836469056,0.085785329,0.3847342254,0.19250217679999998,0.3847342254,0.2409908115666667,1.4586359818666665,0.3847342254
118,119,1,5,25,25,25,False,True,0.03249007635999999,0.8301954937265507,-0.3231336596,-0.058013882,0.6024203892000006,0.46024464715999996,1.0718963858000008,-2.0688408041599997,0.8209376607116414,-2.7513462542,-2.27080822,-1.3221761939999996,2.13144662384,2.7513462542,-1.14213938656,0.8845457039658648,-2.0665060522,-1.021703839,-0.6805143833999998,1.3015679068,2.1443752770000004,-0.49521479184,0.49980769053824575,-0.8047695638,-0.48164922,-0.31523886939999995,0.6250828987200001,1.0046575070000003,-0.28563715743999996,0.8889267275356665,-1.2357385159999998,-0.020906383,0.24554631720000014,0.47744792464,1.2702201844000003,0.014582159040000002,0.14700326149695847,-0.16894159299999997,0.02762118,0.21483886240000008,0.12414686576000002,0.2345092,36.2975,0.026692695630078277,36.25,36.3125,36.3125,36.2975,36.3125,39.495,0.01695582495781317,39.5,39.5,39.5,39.495,39.5,40.04,0.03,40.0,40.0625,40.0625,40.04,40.0625,43.05,0.025,43.0,43.0625,43.0625,43.05,43.0625,45.185,0.01224744871391589,45.1875,45.1875,45.1875,45.185,45.1875,44.6975,0.022912878474779203,44.6875,44.6875,44.75,44.6975,44.75,-0.02680315652,0.16322771015683288,-0.14357294439999999,0.0,0.09453364580000004,0.0863293514,0.21628370300000013,-0.0027620717199994937,0.06950288232505382,-0.09287802899999999,0.0,0.03601682840000002,0.03372112916000093,0.1136782142,-0.013041451520000007,0.44258288148648683,-0.0575161186,0.0,0.026398895000000033,0.13983985056,0.07741287960000004,0.083297365236,0.3547503324561229,-0.22502361519999997,0.0,0.7237896086000004,0.22018265451600003,0.7522293450000003,0.01213927772000014,0.04990247527084826,-0.015873176999999995,0.0,0.02332794720000002,0.020461046280000138,0.030203396,-0.05595267196,0.30793556995286886,-0.3622072224,0.0,0.19911786920000035,0.16636795163999998,0.4007936778,0.11188133956,0.08743885023457161,0.0803542256,0.085019588,0.1715034128,0.11188133956,0.1715034128,0.2651002026000001,1.4128341347333337,0.1715034128
119,120,1,5,24,24,24,False,True,0.04957745650000001,0.5936571708786446,-0.3880234928,-0.066614164,0.5872476640999998,0.36659183158333336,0.6571723406000001,-2.2485934123333333,0.9391310589702186,-3.3456192250999996,-1.9698207380000001,-1.569615543,2.27387595925,3.3456192250999996,-1.0862506081666667,0.5821907819072547,-1.7156904461,-1.0072898865000002,-0.7763739886,1.1825879166666666,1.7156904461,-0.46297581729166665,0.6067713408429504,-1.1192434792,-0.5416696670000001,-0.05965484920000012,0.6534155879583333,1.199092162,-0.16103486566666667,0.657452518253525,-1.1703167197999997,-0.007391254999999999,0.3806670964999999,0.4007204245,1.2417650638999995,0.008741969958333339,0.13555435447997943,-0.150350717,0.0290053175,0.1608396862,0.11307334820833333,0.1915561421,36.296875,0.027063293868263706,36.25,36.3125,36.3125,36.296875,36.3125,39.497395833333336,0.012489144591960207,39.5,39.5,39.5,39.497395833333336,39.5,40.046875,0.027063293868263706,40.0,40.0625,40.0625,40.046875,40.0625,43.0546875,0.020669932117692115,43.01875,43.0625,43.0625,43.0546875,43.0625,45.184895833333336,0.012489144591960207,45.1875,45.1875,45.1875,45.184895833333336,45.1875,44.690104166666664,0.012489144591960207,44.6875,44.6875,44.6875,44.690104166666664,44.6875,-0.02276526474999997,0.1380315935400685,-0.27791770209999994,4.425e-16,0.10634153919999999,0.08094943891666671,0.2834005575999999,0.0010900902916666665,0.038140528690532666,-0.0383930468,0.0,0.015957920599999988,0.01890816129166667,0.06044000989999999,0.00031363729166666854,1.0415193926317086,-0.0489869325,-4.115e-05,0.03622965189999999,0.4351934807916667,2.5246311186,0.025803287083333324,0.35391000146813095,-0.47592357719999995,0.0,0.42301152079999993,0.23809014924999997,0.5671911654999999,-0.00048199816249999233,0.027033747899894663,-0.016177003599999996,0.0,0.011362837099999998,0.012075013337500008,0.0290731328,0.005211197874972535,0.31593236549630166,-0.49496228080000004,3.09e-05,0.42521313999999977,0.19971078370836082,0.5800862193,0.10625998416666667,0.048027484152953444,0.0811094877,0.0854455825,0.1856611606,0.10625998416666667,0.1856611606,0.67413703395,1.3918158966333332,0.1856611606
120,121,1,5,25,25,25,False,True,-0.04867034104000001,0.8951069875864092,-0.41476978099999995,-0.125503004,0.4870968464000002,0.47721383007999996,1.150584364000001,-2.3425265186,0.8611816174415456,-3.3385586735999997,-2.426928043,-1.6319192885999998,2.3425265186,3.3385586736,-1.39378419016,0.768028116975937,-2.0287173748,-1.309777737,-0.7652262207999999,1.4018657199200002,2.0287173748000003,-0.7005841284400001,0.4208420385385578,-1.1833603856,-0.651432753,-0.2600599644,0.7005841284400001,1.1833603856000001,-0.02758762516,0.6082986313185137,-0.7644492386,0.000451638,0.4158500136000005,0.36252454155999997,1.2277383328000004,0.023273851600000003,0.1320043531726903,-0.15268876839999998,0.028292596,0.1953153278,0.11621735536000001,0.1953153278,36.315,0.01224744871391589,36.3125,36.3125,36.3125,36.315,36.3125,39.5,0.0,39.5,39.5,39.5,39.5,39.5,40.0525,0.022912878474779203,40.0,40.0625,40.0625,40.0525,40.0625,43.04,0.03,43.0,43.0625,43.0625,43.04,43.0625,45.1875,0.0,45.1875,45.1875,45.1875,45.1875,45.1875,44.6825,0.01695582495781317,44.6875,44.6875,44.6875,44.6825,44.6875,-0.026194620480000003,0.1781096367763097,-0.19860173479999998,0.0,0.10581292020000001,0.09445585544,0.30000182360000016,0.00030117185887999944,0.07256244007678844,-0.04416840279999999,0.0,0.012905274800000022,0.029475983778880003,0.09097366160000009,0.09006397000000002,0.7273294840739694,-0.05801442459999999,0.0,0.05083194780000009,0.26319899848,1.0394508060000023,0.06608809164523999,0.41651231032421265,-0.37178139699999996,0.0,0.7280029176000004,0.26974874149427996,0.7652528640000003,0.010271878319999999,0.05518250479947274,-0.015307877799999998,0.0,0.022495504800000024,0.0234673512,0.06616409700000006,-0.02759236583999999,0.34234527824649974,-0.36537148379999995,-3.84e-05,0.3601114448000003,0.19576971215999997,0.5145701408000002,0.11435967923999998,0.07992177400270851,0.081575656,0.085191905,0.172879815,0.11435967923999998,0.172879815,0.4627355655000005,1.520712409766667,0.172879815
121,122,1,5,24,24,24,False,True,-0.018494790083333334,0.5311250977366032,-0.3922899754,-0.0728372525,0.2692892983999999,0.2974968319166667,0.5756345422,-2.3454958995,0.6167479019838594,-3.3241026878,-2.2807041405,-1.711425221,2.3454958995,3.3241026877999995,-1.2602954531250001,0.44051664796845585,-1.8901906489,-1.1923237439999999,-0.7842896518,1.2602954531250001,1.8901906489,-0.6815790180416667,0.4877027373958747,-1.1765142082,-0.52247563,-0.2551916885,0.6815790180416667,1.1765142081999997,-0.10582482095833334,0.4466689355563393,-0.7116655351,0.014339326,0.14927357999999996,0.28991702995833335,0.7965411187999999,-0.013714626833333335,0.13845153475932845,-0.17848363199999998,0.010460846999999999,0.17929076249999998,0.11670199583333334,0.2062104746,36.338541666666664,0.030812915536977164,36.3125,36.3125,36.375,36.338541666666664,36.375,39.5,0.0,39.5,39.5,39.5,39.5,39.5,40.0625,0.018042195912175804,40.0625,40.0625,40.0625,40.0625,40.0625,43.026041666666664,0.030812915536977164,43.0,43.0,43.0625,43.026041666666664,43.0625,45.192708333333336,0.017274087449767706,45.1875,45.1875,45.1875,45.192708333333336,45.1875,44.669270833333336,0.028408104465197172,44.625,44.6875,44.6875,44.669270833333336,44.6875,0.02885180629166666,0.16519831663555812,-0.12789120589999997,0.0,0.19785891339999995,0.10282051779166668,0.3332456287999999,0.0030207183749999997,0.03985200047432604,-0.0098082222,0.0,0.009243855799999999,0.015134655958333333,0.029821805099999994,-7.212579166667361e-05,1.0447949949604145,-0.0342524424,-2.215e-29,0.06477976139999994,0.4351047702083333,2.5424653292999997,-0.04176644525,0.4094156975482817,-0.5529180409,0.0,0.381377995,0.28042573974999996,0.6050758065999999,-0.006342977208333334,0.02766707703905286,-0.03293135009999999,0.0,0.014068355299999998,0.013868068875,0.043390992899999994,0.003031123750879175,0.36111541175217815,-0.5048518358,3.820419e-36,0.5597952751999998,0.23702123950087917,0.6385481238,0.11096296454166665,0.0834613335714498,0.0778492508,0.08260265,0.17603569,0.11096296454166665,0.17603569,0.6987579477499999,1.3281989467499997,0.17603569
122,123,1,5,24,24,23,False,True,0.023577963565217363,1.3817376509088564,-0.4267805338,-0.096349649,0.255344951,0.590732312,0.7032364548000002,-2.377106348521739,0.9680877958941511,-3.5450062272,-2.247524023,-1.6169218066,2.377106348521739,3.5450062272,-1.245945997173913,0.4962411156362377,-1.7558113334,-1.148323536,-0.7848051784,1.245945997173913,1.7558113334,-0.6469047244347825,0.3017872160893456,-1.0840210434,-0.559499264,-0.3108302,0.6469047244347825,1.0840210434,-0.15343951139130432,0.8535281434774827,-0.42170323179999997,0.080527946,0.2619629858,0.35831965234782615,0.4407704356,0.005864558913043482,0.12603059942514958,-0.1525110606,0.041410036,0.19170214220000006,0.10949307195652175,0.2074027388,36.358695652173914,0.027444306897723036,36.3125,36.375,36.375,36.358695652173914,36.375,39.516304347826086,0.02744430689772304,39.5,39.5,39.5625,39.516304347826086,39.5625,40.06521739130435,0.012745694999520185,40.0625,40.0625,40.0625,40.06521739130435,40.0625,43.02989130434783,0.031220449165967543,43.0,43.0,43.0625,43.02989130434783,43.0625,45.192934782608695,0.017610708419586577,45.1875,45.1875,45.1875,45.192934782608695,45.1875,44.65760869565217,0.031220449165967543,44.625,44.6875,44.6875,44.65760869565217,44.6875,0.007636822565217394,0.1670300020691033,-0.1403491852,0.0,0.07103623840000003,0.07408640760869566,0.1579049616,-0.0006385009999999998,0.03371069509511552,-0.0233942724,0.0,0.0095638574,0.016330090130434783,0.05987127260000002,0.07025004973913045,0.4146623401001256,-0.035819723,0.0,0.023594186800000003,0.11371151521739131,0.06589265580000002,-0.05934885008695651,0.37076358211426835,-0.5561837376,0.0,0.29841920460000015,0.21608553965217392,0.5850411176,0.002373064869565217,0.024414042860784982,-0.021618944199999997,0.0,0.02204110900000001,0.012912379478260872,0.04588060400000002,0.057673799173913055,0.32609708583135516,-0.12862568359999998,1.0899999999999998e-42,0.3633840290000002,0.1675500426521739,0.46707630740000006,0.11468905982608693,0.0825860809797696,0.0797244788,0.085191846,0.1739996906,0.11468905982608693,0.1739996906,0.23027781983333337,1.2893747055333333,0.1739996906
123,124,1,5,25,25,25,False,True,-0.0834377164,1.047409204679678,-0.3626183154,-0.139687911,0.9240887402000001,0.55122706944,0.9694631576,-2.24709529992,0.6733113191004809,-2.9738192083999997,-2.398644924,-1.5859646796,2.24709529992,2.9738192084,-1.20100559264,0.6058685899399868,-2.0486765388,-1.056770325,-0.39046450859999976,1.20100559264,2.0486765388000006,-0.5778222874,0.5506616850720678,-1.2429279802,-0.482787669,-0.21701833619999994,0.6748686150000001,1.3114295482000002,-0.22690591444000002,1.109230546987465,-1.3815757276,0.010373453,0.16467077140000008,0.60208309804,1.7346176386000007,0.03183849956,0.13713829495808472,-0.16941591199999997,0.054725312,0.1891328246,0.12245505955999998,0.1898809286,36.3775,0.021505813167606566,36.375,36.375,36.375,36.3775,36.375,39.5175,0.02806243040080456,39.5,39.5,39.5625,39.5175,39.5625,40.0825,0.029154759474226504,40.0625,40.0625,40.125,40.0825,40.125,43.015,0.026692695630078273,43.0,43.0,43.0625,43.015,43.0625,45.23,0.029154759474226504,45.1875,45.25,45.25,45.23,45.25,44.6325,0.0203100960115899,44.625,44.625,44.6625,44.6325,44.6625,-0.03034128196,0.1286019630770283,-0.1941847206,0.0,0.08574374000000004,0.06923456308,0.19418472060000003,-0.024834570000000004,0.05718394977288654,-0.1257509678,0.0,0.00606634680000001,0.03310276848,0.12575096780000003,0.04725001936000102,0.26463700867962947,-0.0344714078,0.0,0.02928324480000005,0.06809304296000102,0.05519442060000002,0.05783372508016921,0.4197433115932814,-0.2768083512,0.0,0.5668895362000003,0.2353763507601692,0.7671002984000004,0.006930364639999999,0.04261973273698911,-0.0237822814,0.0,0.03907501160000001,0.02044958576,0.059843060200000034,-0.026429965120000006,0.3971979286804184,-0.32113627199999994,0.0,0.2142512884000003,0.19442062735999996,0.5359047532000001,0.1266484404,0.11028957065178406,0.0803715108,0.084598422,0.17218295320000002,0.1266484404,0.17218295320000002,0.2896630368000001,1.5379811700333335,0.17218295320000002
124,125,1,5,24,24,23,False,True,0.027557391739130407,0.6519848269868241,-0.5715511026,-0.041343026,0.7798063636000001,0.4476615353913044,1.1213820938000003,-2.370828597434783,0.6616107737894426,-3.3343576908,-2.304052353,-1.7717116834,2.370828597434783,3.3343576908000006,-1.3625414604782606,0.5909606559210253,-2.2818754196,-1.192623258,-0.7872161984,1.3625414604782606,2.2818754196000004,-0.7250351470869565,0.5515057828529363,-1.1142325642,-0.6251719,-0.2758305492,0.7250351470869565,1.1142325642000002,-0.08814431782608692,0.6620172770434538,-0.9408519503999999,-0.048181713,0.1725782934,0.4254037462608695,1.4125077728,-0.008979811782608696,0.12977881873898822,-0.1757069174,0.028631575,0.1476067932,0.10400269856521739,0.1909631728,36.41576086956522,0.029767530299193806,36.375,36.4375,36.4375,36.41576086956522,36.4375,39.546195652173914,0.027444306897723033,39.5,39.5625,39.5625,39.546195652173914,39.5625,40.078804347826086,0.02744430689772304,40.0625,40.0625,40.125,40.078804347826086,40.125,43.01358695652174,0.02577943744702483,43.0,43.0,43.0625,43.01358695652174,43.0625,45.22282608695652,0.030983027855954838,45.1875,45.25,45.25,45.22282608695652,45.25,44.61684782608695,0.02104882253373596,44.575,44.625,44.625,44.61684782608695,44.625,0.02071608443217392,0.10738029102267,-0.0939169944,0.0,0.1134567338,0.06966091043739132,0.1804739596,0.00799373647826087,0.04405488239943537,-0.020223630799999996,0.0,0.05262603980000002,0.022659456913043476,0.06993582660000001,0.004837010173913058,1.0680504075491295,-0.06885777119999999,0.0,0.024673118800000008,0.45274222513043477,2.5157433034000003,0.010538493652333485,0.3643000261662532,-0.39303926819999996,0.0,0.37524774040000003,0.23993353600015954,0.5653217916000001,-0.004769517087201282,0.01888901099807011,-0.0163631132,0.0,0.007720486200000001,0.008847975174157849,0.0193295754,-0.02975792439130434,0.35578683975053993,-0.5003648098,0.0,0.3858709906000002,0.22042696882608698,0.6380350588000001,0.11427957082608697,0.08699632025364615,0.0797244188,0.084426165,0.1852198718,0.11427957082608697,0.1852198718,0.6648065859000001,1.5758864523333334,0.1852198718
125,126,1,6,24,24,24,False,True,-0.03485957345833333,0.25470177393095944,-0.24115893989999998,-0.0263069755,0.15567450929999999,0.179231376625,0.4058793363999999,-2.3641303180833333,0.7286454931667546,-3.3124959226,-2.237643003,-1.6864723087,2.3641303180833333,3.3124959225999997,-1.2611238584166669,0.49392659382014803,-1.8801817057999999,-1.1202200055,-0.8544672907,1.2611238584166669,1.8801817057999997,-0.6575493747916666,0.4208920513023297,-1.2311172724,-0.5617681145,-0.30508661540000004,0.6627967125416666,1.2311172723999997,-0.08422761141666667,0.31160012483467503,-0.5120980200999999,0.0217396615,0.16064200989999997,0.20856256733333334,0.5120980200999998,-0.022956704291666668,0.1472643064700321,-0.1790408269,0.010888248,0.17166130509999997,0.12309580937499999,0.2117970333,36.427083333333336,0.02329237476562281,36.375,36.4375,36.4375,36.427083333333336,36.4375,39.552083333333336,0.023292374765622806,39.5,39.5625,39.5625,39.552083333333336,39.5625,40.072916666666664,0.023292374765622806,40.0625,40.0625,40.125,40.072916666666664,40.125,43.018229166666664,0.028408104465197172,43.0,43.0,43.0625,43.018229166666664,43.0625,45.247395833333336,0.012489144591960207,45.25,45.25,45.25,45.247395833333336,45.25,44.614583333333336,0.023292374765622806,44.5625,44.625,44.625,44.614583333333336,44.625,0.026108874979166665,0.16441956631274812,-0.12624475739999996,0.0,0.19035308519999994,0.10164942460416666,0.33184308119999995,0.009268691625,0.046281627280192666,-0.012720560399999999,0.0,0.05555731219999997,0.023289227208333332,0.08153617159999998,-0.0007220175416658425,1.0451462222172108,-0.03857503429999999,0.0,0.062076256899999946,0.4357056182916675,2.5456549164,-0.040606020708333336,0.4013474048477623,-0.5635748148,3.7800000000000003e-29,0.3884421084,0.2751983149583333,0.5802675964,-0.005817627458333333,0.027210433795369294,-0.0297619071,0.0,0.015293434899999998,0.013629405625000002,0.041135261799999996,0.004535568666666659,0.357426159745202,-0.5045183389,6.95e-28,0.5470805526999999,0.23585238716666668,0.6279105303,0.11455999324999999,0.08746085295238148,0.08137269600000001,0.08548855799999999,0.17802282560000002,0.11455999324999999,0.17802282560000002,0.7013912596166668,1.2589282150999999,0.17802282560000002
126,127,1,6,25,25,24,False,True,-0.032687789874999984,0.7010226825644936,-0.7098629298999999,-0.12156591550000001,0.2926143196999999,0.4310442859583333,1.0472667337999997,-2.437350069458333,0.767480268841987,-3.4429752346999996,-2.433068037,-1.6622436765,2.437350069458333,3.4429752346999996,-1.2215420255833334,0.39966295934581125,-1.7192082884,-1.1719057560000001,-0.7694249867,1.2215420255833334,1.7192082884,-0.6704899382916666,0.4445571602792094,-1.3577984927,-0.6009893415,-0.23022614540000017,0.6846655110416666,1.3577984926999997,0.05425887091666667,0.5110627896557004,-0.2319242553,0.0505987465,0.6262192729999998,0.3096499514166667,0.7056146266000001,-0.023509433833333333,0.1374087159908457,-0.1470532088,0.0064043015,0.14348360339999996,0.11038174983333333,0.2163007709,36.440104166666664,0.012489144591960207,36.4375,36.4375,36.4375,36.440104166666664,36.4375,39.5625,0.0,39.5625,39.5625,39.5625,39.5625,39.5625,40.096354166666664,0.031141304018493222,40.0625,40.125,40.125,40.096354166666664,40.125,43.03125,0.03125,43.0,43.03125,43.0625,43.03125,43.0625,45.239583333333336,0.02329237476562281,45.1875,45.25,45.25,45.239583333333336,45.25,44.604166666666664,0.02946278254943948,44.5625,44.625,44.625,44.604166666666664,44.625,0.038389896874999996,0.20821918791322017,-0.06892532609999999,0.0,0.19701197419999997,0.11303471145833333,0.3533741656,-0.0013374033333333334,0.03996452486503645,-0.053356285499999996,0.0,0.022315302299999992,0.02189712808333333,0.0617778977,0.0021045577499999766,0.7413740481386033,-0.04943316919999999,0.0,0.07546244439999998,0.2514726088333333,0.30620670659999993,-0.08515023949999999,0.4467277882296977,-0.6157458186,0.0,0.34598216859999986,0.2858486253333334,0.8794855770999997,-0.01211010766625,0.04754108502008545,-0.0298958464,-7.4e-29,0.010935994299999998,0.01993890016625,0.044225052399999985,0.04378762487500001,0.3296746470681236,-0.39955246469999994,5.2739e-05,0.45344674909999994,0.206707343875,0.6103560033,0.10177913308333332,0.036980651476409436,0.08104915609999999,0.08642190699999999,0.1736513135,0.10177913308333332,0.1736513135,0.3759042337833333,1.4148606911833335,0.1736513135
128,150,1,6,78,6,6,True,True,0.22303621966666665,0.44353524563875546,-0.27413933749999997,0.23637604,0.7068719565,0.40579577800000005,0.7068719565,-2.047356506333333,1.5256828209615525,-3.290853262,-2.2866352799999996,-0.5645809770000001,2.3996362886666667,3.290853262,-0.9225136439999999,1.2911345380879438,-1.838349402,-1.3666846155,0.4374930855000001,1.5503644943333332,1.9384524225,-0.19066561766666668,0.923164905515408,-1.117643118,-0.37854160400000003,0.924187869,0.8067908636666666,1.4267140034999999,-0.8380130656666666,0.8195094353245241,-1.7585588694999998,-0.7109643225,-0.044516005000000004,0.84127639,1.7585588694999998,0.0985437795,0.12947299642075574,-0.04400794150000001,0.1022300015,0.2374092785,0.13601322383333334,0.2374092785,36.489583333333336,0.023292374765622806,36.46875,36.5,36.5,36.489583333333336,36.5,39.572916666666664,0.02329237476562281,39.5625,39.5625,39.59375,39.572916666666664,39.59375,40.114583333333336,0.023292374765622806,40.09375,40.125,40.125,40.114583333333336,40.125,43.052083333333336,0.023292374765622806,43.03125,43.0625,43.0625,43.052083333333336,43.0625,45.25,0.0,45.25,45.25,45.25,45.25,45.25,44.583333333333336,0.02946278254943948,44.5625,44.5625,44.625,44.583333333333336,44.625,-0.0885234505,0.24945181147826545,-0.320626369,-4.605e-07,0.055056478000000006,0.1252277691666667,0.37097675,-0.009228195500000001,0.05468270423937133,-0.062045803,-0.0007472835,0.0351085,0.032633862166666666,0.0930962155,-0.42131479583333337,0.9174615117886143,-1.2705621495000001,-0.0002451435,0.0068629055000000005,0.4258900661666667,1.2705621495000001,0.08152957966666668,0.39546881260161915,-0.31568709,-2.315e-05,0.560298979,0.292003073,0.631375074,0.03538366166666666,0.06424190162355167,-1.94e-05,0.0033682595000000004,0.1028021255,0.035396594999999996,0.1028021255,0.009215726499999993,0.3128456859432275,-0.29620336700000005,-0.0002496835,0.32410023,0.20685109350000006,0.533344656,0.172423611,0.15253202280771957,0.0812865495,0.08701533049999999,0.348968953,0.172423611,0.348968953,0.5003594950833333,1.5598099654166664,0.348968953
129,151,1,7,24,24,24,False,True,-0.10372234087499999,1.5262060330586404,-0.33113418539999995,0.049750464,0.272504109,0.613640763125,0.7788780299999996,-2.3605934977916667,0.7145340706132568,-3.3447739363999998,-2.4312239885,-1.5970482592,2.3605934977916667,3.3447739363999998,-1.2229204027916667,0.5038669456300993,-1.7540864703,-1.056334257,-0.7432400705,1.2229204027916667,1.7540864703,-0.61797862875,0.5217773212537773,-1.0622181535,-0.502396986,-0.03991981160000004,0.6484785192499999,1.0622181535,0.0774822085,1.0173778909979594,-0.6032904208,-0.0943674665,0.20876400029999997,0.5204637356666666,0.9046935442999998,-0.033928602,0.13852987249088264,-0.21764500329999997,-0.005169823499999999,0.12903060389999996,0.12142081874999999,0.224322166,36.5078125,0.020669932117692115,36.5,36.5,36.54375,36.5078125,36.54375,39.638020833333336,0.025382276939606676,39.625,39.625,39.6875,39.638020833333336,39.6875,40.161458333333336,0.030812915536977167,40.125,40.1875,40.1875,40.161458333333336,40.1875,43.059895833333336,0.012489144591960207,43.0625,43.0625,43.0625,43.059895833333336,43.0625,45.223958333333336,0.030812915536977164,45.1875,45.25,45.25,45.223958333333336,45.25,44.6171875,0.020669932117692115,44.58125,44.625,44.625,44.6171875,44.625,0.03458230991666667,0.22432115311356313,-0.09454758649999999,0.0,0.15551274839999998,0.11722462825,0.4297934772999999,0.007046503333333333,0.04146426483635996,-0.0290697488,0.0,0.05431478179999998,0.024232100333333336,0.07984258659999999,0.0067702744583333545,0.882762436324156,-0.05033155119999999,0.0,0.06219501169999996,0.36029120637500006,1.6390832306999998,-0.09359755737499999,0.4282207077873408,-0.5480913873,-4.075e-06,0.33716300859999987,0.293577650375,0.7508383331999998,-0.011261326500000002,0.047986071935260485,-0.0258115822,-1.53e-23,0.011305576899999998,0.019861344833333336,0.04823246179999997,0.044807730875000014,0.3427304124414722,-0.40277470029999995,0.0,0.4107123555,0.2299723397083333,0.6013902901999999,0.11195721733333334,0.0725760632890992,0.0808969496,0.085105658,0.1782936455,0.11195721733333334,0.1782936455,0.5915300632999999,1.3448287167499997,0.1782936455
131,153,1,7,24,24,24,False,True,-0.08415727354166665,1.3768190837996692,-0.5565575544,-0.0594657305,0.29126977899999995,0.589555975125,0.6532646597999999,-2.4910778552083332,0.8605625314417231,-3.4883441207,-2.4378082755,-1.6042609336,2.4910778552083332,3.4883441207,-1.2869169885416667,0.5606730711599754,-1.9361233706999998,-1.139006674,-0.7109390023000001,1.2869169885416667,1.9361233706999998,-0.7008299521666667,0.6197625339419968,-1.2023812767,-0.5451352300000001,-0.14448384440000006,0.7356487635833334,1.2023812767,0.18697594695833333,0.942826092194585,-0.4136095164,0.0017924925,1.3800768258999996,0.5221860715416666,1.4151966336999997,-0.032002734041666675,0.14609945656865084,-0.2228185087,-0.0020402879999999995,0.14235881369999998,0.12417991687499998,0.2428032415,36.502604166666664,0.012489144591960207,36.5,36.5,36.5,36.502604166666664,36.5,39.651041666666664,0.030812915536977167,39.625,39.625,39.6875,39.651041666666664,39.6875,40.184895833333336,0.012489144591960207,40.1875,40.1875,40.1875,40.184895833333336,40.1875,43.0859375,0.030257682392245445,43.0625,43.0625,43.125,43.0859375,43.125,45.2421875,0.020669932117692115,45.20625,45.25,45.25,45.2421875,45.25,44.609375,0.027063293868263706,44.5625,44.625,44.625,44.609375,44.625,0.03155339937499999,0.21045405954488305,-0.0867102635,0.0,0.1454993145,0.110163032875,0.3931736350999999,0.003990575916666667,0.06045626992728533,-0.026214914599999996,0.0,0.021289650799999997,0.027461805083333332,0.0873267078,0.014004032166672545,0.8128630414152697,-0.04642866409999999,-1.68e-37,0.060269931599999965,0.30902237541667255,1.0309653099999996,-0.08764155041458332,0.40628436559323794,-0.4947088334,0.0,0.34915946089999983,0.27009974233541667,0.6472985866000001,-0.011482209583333335,0.04708533792340935,-0.025100764600000002,0.0,0.008294261199999996,0.01906416775,0.04599385429999998,0.04735044832333333,0.33508852970500447,-0.3500403049,0.0,0.39042101469999996,0.21945000192666667,0.5928956569999999,0.11349553374999999,0.08890277945502666,0.0783853528,0.081329614,0.17370972059999998,0.11349553374999999,0.17370972059999998,0.46627562513333326,1.4896855505166666,0.17370972059999998
132,154,1,7,25,25,25,False,True,-0.04755928571999998,0.9694563110716311,-0.30673638599999997,-0.156692818,0.5224732998000006,0.5091888494800001,1.1310429098000006,-2.19483908248,0.8322419513184802,-2.7826736928,-2.343248367,-1.6201520919999999,2.19483908248,2.7826736928,-1.2261480732,0.6810397916563408,-1.9947577954,-1.046354771,-0.6353149411999999,1.2261480732,1.9947577954000002,-0.6135594202,0.31834914488217997,-1.17434206,-0.52683717,-0.27538422379999994,0.6135594202,1.17434206,-0.17252116395999997,0.9572642338092323,-0.9559634685999999,0.018106297,0.21699090620000008,0.49537969203999993,1.5156462908000012,0.0320806104,0.12225858184177676,-0.1398481338,0.034927793,0.17503462420000004,0.10785880568,0.20406494440000003,36.5375,0.030618621784789725,36.5,36.5625,36.5625,36.5375,36.5625,39.675,0.025,39.625,39.6875,39.6875,39.675,39.6875,40.2025,0.026692695630078273,40.1875,40.1875,40.25,40.2025,40.25,43.085,0.03,43.0625,43.0625,43.125,43.085,43.125,45.25,0.0,45.25,45.25,45.25,45.25,45.25,44.5975,0.031024184114977142,44.5625,44.625,44.625,44.5975,44.625,-0.03268823455999203,0.13129615912991385,-0.1523470284,0.0,0.07777195860000001,0.07002549832000797,0.15234702840000003,-0.01854273999608,0.050781504809250574,-0.06162325319999999,-3.09e-33,0.003585891200000005,0.022747390156080006,0.06162325320000002,-0.008285072959999999,0.05030241445075518,-0.04471699739999999,0.0,0.017425346800000015,0.02384072088,0.08000870220000006,0.05051974872,0.3172076183054631,-0.13125177899999999,0.0,0.5089467762000004,0.17570509208,0.6238035442,0.011001483309600001,0.0433207099750998,-0.015460199399999996,0.0,0.03265918440000001,0.01830515888560001,0.034594794400000003,-0.009476988440000006,0.2579161753952476,-0.3202079296,0.0,0.07985580380000007,0.1369225414,0.43784414500000013,0.10820457936,0.08324932110704313,0.0805743812,0.085699201,0.1385244608000001,0.10820457936,0.1385244608000001,0.23170357790000004,1.4670879488666673,0.1385244608000001
133,155,1,7,24,24,24,False,True,-0.07542999325,0.8155792791312001,-0.4530727322,-0.14087351399999998,0.4147643385999997,0.45123560025,0.8419539568999999,-2.2638493292083335,0.9238805287778372,-3.1907133579,-2.2173378465,-1.6923294783,2.3044389572916666,3.1907133578999995,-1.1461371232916666,0.7186280718605561,-1.7228876355,-1.2384912965,-0.7742176235,1.275146787375,1.7228876354999998,-0.42371217341666667,0.5758984523228783,-0.8399368346,-0.47287046899999996,0.008512071099999796,0.5920603865,1.2528363226999997,0.029716371999999974,0.5184611271114352,-0.1746996541,0.039949886500000004,0.3586904552999999,0.29047768533333335,0.7832693216999997,0.015015750374999998,0.131919166353763,-0.16161800340000002,0.0298335915,0.15038331419999998,0.10709611545833332,0.2221448931,36.5390625,0.030257682392245445,36.5,36.5625,36.5625,36.5390625,36.5625,39.684895833333336,0.012489144591960207,39.6875,39.6875,39.6875,39.684895833333336,39.6875,40.208333333333336,0.02946278254943948,40.1875,40.1875,40.25,40.208333333333336,40.25,43.075520833333336,0.025382276939606676,43.0625,43.0625,43.125,43.075520833333336,43.125,45.25,0.0,45.25,45.25,45.25,45.25,45.25,44.578125,0.027063293868263706,44.5625,44.5625,44.625,44.578125,44.625,-0.02272878195075,0.14577133551600457,-0.1688852788,9.1e-11,0.10250033389999999,0.07417354504925,0.17925448730000001,0.0011480706249999996,0.06056205124632432,-0.022332395199999994,0.0,0.046585286199999965,0.028613306541666664,0.10779761069999999,-0.0030985708750000027,0.9303440402748472,-0.0700007989,0.0,0.012598673099999997,0.386271066375,1.9567281245,0.07135358841666668,0.3949195589849959,-0.44080391519999995,0.0,0.4549056947,0.25576171875,0.597408122,0.0056042185448258374,0.04311665365453179,-0.0162022246,0.0,0.020986288599999986,0.017648269544825835,0.0473822092,-0.050416244170274994,0.36861872452363287,-0.4365703311,0.0,0.3407462778999998,0.20728411358694165,0.5167456384,0.12001596391666665,0.0874020074040991,0.0804556964,0.0854455825,0.2033299147,0.12001596391666665,0.2033299147,0.5675526986833334,1.3356342479666663,0.2033299147
134,156,1,7,24,24,24,False,True,-0.1162989057083333,0.30260981175190277,-0.38779658079999996,-0.041833755,0.15684296449999996,0.22095729187500002,0.38779658079999996,-2.3996806642083333,0.7279445553262445,-3.1344760420999997,-2.370095849,-1.6804439781,2.3996806642083333,3.1344760420999997,-1.3026343844583332,0.6742952024923551,-1.8582517857999998,-1.239837289,-0.7352359059,1.3026343844583332,1.8582517857999998,-0.6814880232916667,0.5163559610112906,-1.3208786486,-0.5938928425000001,-0.2673624519,0.7438569178750001,1.3208786486,0.06633056366666668,0.34715656171576376,-0.2544067907,0.039341652500000004,0.3845415130999998,0.21080296583333333,0.5042067054,0.005746823999999993,0.13081468268030197,-0.1514987735,0.025309809500000002,0.1547288177,0.11324504566666667,0.20005027799999997,36.565104166666664,0.012489144591960207,36.5625,36.5625,36.5625,36.565104166666664,36.5625,39.690104166666664,0.02194309836764677,39.6875,39.6875,39.6875,39.690104166666664,39.6875,40.197916666666664,0.023292374765622806,40.1875,40.1875,40.25,40.197916666666664,40.25,43.0859375,0.030257682392245445,43.0625,43.0625,43.125,43.0859375,43.125,45.247395833333336,0.012489144591960207,45.25,45.25,45.25,45.247395833333336,45.25,44.565104166666664,0.012489144591960207,44.5625,44.5625,44.5625,44.565104166666664,44.5625,0.020551275749994668,0.1514435163003184,-0.12467220469999998,0.0,0.19448753729999996,0.095775870916672,0.28636952009999994,0.009220704291666668,0.040752874056098155,-0.0100277432,0.000293628,0.04206781779999998,0.01960102729166667,0.05792039849999999,0.001461612951958328,1.0499210864537827,-0.04810845,-5.0389499999999996e-05,0.060255015299999944,0.437370202631375,2.5595955847,-0.03739801429122083,0.394438250734318,-0.5181021569,-5.15e-06,0.37497917979999995,0.26746736220877915,0.5652857007000001,-0.005779839166666666,0.027078154976306328,-0.030206273799999996,0.0,0.015522926999999997,0.013551743333333331,0.041078874599999995,0.013968965124999996,0.3471307651996146,-0.5001420347,0.0,0.5686843396999999,0.22998257970833333,0.6397633912999999,0.11569466445833332,0.08723800076542446,0.0832047821,0.0860820715,0.1815606294,0.11569466445833332,0.1815606294,0.69166891165,1.23427667345,0.1815606294
135,157,1,7,25,25,25,False,True,0.04728536040000003,0.9676481716526795,-0.263658297,-0.10257557,1.0949760434000015,0.5019623628000001,1.8725232600000008,-2.18943033936,0.6685109491794841,-2.7836300846,-2.175076723,-1.64734602,2.18943033936,2.7836300846,-1.29994873524,0.6604844363721631,-2.0776783942,-1.111461043,-0.7557085278,1.30728308676,2.0776783942000003,-0.63353293296,0.33134469824539975,-1.1048396822,-0.63338834,-0.23512924919999997,0.63353293296,1.1048396822000002,-0.17130943816,0.7163970163366014,-0.8969570637999998,-0.047028016,0.1825768768,0.38231299864,1.1324407818,0.01968901288,0.12180228767858116,-0.1494523438,0.033880074,0.16456084240000002,0.10176443911999998,0.17869042180000003,36.5875,0.030618621784789725,36.5625,36.5625,36.625,36.5875,36.625,39.69,0.021505813167606566,39.6875,39.6875,39.6875,39.69,39.6875,40.215,0.031024184114977142,40.1875,40.1875,40.25,40.215,40.25,43.0875,0.030618621784789725,43.0625,43.0625,43.125,43.0875,43.125,45.25,0.0,45.25,45.25,45.25,45.25,45.25,44.56,0.01224744871391589,44.5625,44.5625,44.5625,44.56,44.5625,-0.01366415528,0.18898147534924475,-0.13066688159999995,0.0,0.1019924506,0.09967574007999999,0.3595561860000002,0.00234000768,0.07809060328574532,-0.0708829146,0.0,0.04170193100000008,0.036817463999999994,0.1064230084,-0.010353766559999995,0.5635695562326641,-0.0773835598,0.0,0.01268831700000001,0.18001581312000003,0.12258408660000009,0.08136745144,0.37733719961882217,-0.29534033539999993,0.0,0.7198829886000004,0.2367420432,0.7645260094000003,0.01202054804,0.05308227056257794,-0.017515557799999998,0.0,0.02177307260000004,0.021560505080000004,0.034841918400000005,-0.06425564625004,0.3206069154403712,-0.37153939599999997,0.0,0.07159011080000005,0.16652205614996,0.4600354790000002,0.11065190316,0.07990642350247876,0.0809304356,0.083832681,0.16597082640000002,0.11065190316,0.16597082640000002,0.3079944479666668,1.5249671041000001,0.16597082640000002
136,158,1,7,24,24,24,False,True,-0.08560043808333333,0.5095415992712088,-0.32526869449999996,-0.072900977,0.4449291793,0.31337107058333336,0.7247360349999998,-2.4714429081250002,0.7596215462834348,-3.5957382682,-2.4276815655,-1.7359030845,2.4714429081250002,3.5957382681999994,-1.2807347378333336,0.6270883573965373,-1.8960827350999998,-1.2497775555000001,-0.7774196449,1.3058842471666667,1.8960827350999998,-0.5774059279583333,0.6160988996310149,-1.0816913426,-0.5235973894999999,-0.22614357910000002,0.6859934085416667,1.2473241925,-0.059374518583333334,0.45248429351340796,-0.5143900335999999,-0.058955345000000006,0.15642705469999996,0.28070712475,0.7333560704999997,0.026250196875000003,0.13399501915216322,-0.1523963185,0.020079495500000002,0.22004018129999997,0.10884602595833333,0.22439976329999997,36.591145833333336,0.031141304018493222,36.5625,36.5625,36.625,36.591145833333336,36.625,39.6953125,0.020669932117692115,39.6875,39.6875,39.73125,39.6953125,39.73125,40.223958333333336,0.030812915536977167,40.1875,40.25,40.25,40.223958333333336,40.25,43.083333333333336,0.02946278254943948,43.0625,43.0625,43.125,43.083333333333336,43.125,45.25,0.0,45.25,45.25,45.25,45.25,45.25,44.5546875,0.020669932117692115,44.51875,44.5625,44.5625,44.5546875,44.5625,-0.027703399625,0.14258684418976658,-0.2149254993,0.0,0.1028884427,0.082684271625,0.23371824929999999,-0.004898061583333333,0.06205275057850863,-0.0885910843,0.0,0.016627076399999993,0.03360291891666667,0.1170616982,0.0070021822916666405,1.0482202276415553,-0.0607224243,0.0,0.05396496329999998,0.44059584562500004,2.4978332283,0.060394905624999995,0.3779947307915996,-0.5024244699,2.65e-05,0.4338095546,0.25760077912499996,0.5625362575,0.0028393683750000003,0.037439640897591005,-0.0144630624,0.0,0.01911183409999999,0.016804459958333334,0.055206953199999985,-0.021015344016666663,0.343910108131891,-0.48207188559999997,0.0,0.4111611034999997,0.20347742723333337,0.6158805907999999,0.09789296975,0.035578629373286055,0.0803102374,0.0854024585,0.15072768299999995,0.09789296975,0.15072768299999995,0.68037282955,1.403606177433333,0.15072768299999995
139,161,1,7,24,24,24,False,True,-0.08941159574999995,0.8999758266341503,-0.392162305,-0.084906042,0.5763168724999999,0.4986757484166667,1.5500666024999994,-2.306844868708333,0.9594287668655085,-3.1786638023,-2.276086092,-1.6345968484,2.308994433875,3.1786638022999996,-1.2157851880000001,0.6849989787006558,-2.0873516080999996,-1.1971614955,-0.7068189561,1.2938679084166667,2.0873516080999996,-0.4750488182916666,0.5016501706045836,-1.1061006905,-0.506400108,0.13590279539999975,0.6017267312916666,1.1314214587999998,0.06568536279166666,0.8508716947632957,-0.589558667,-0.0298034625,0.17213895849999994,0.41347279029166667,1.2628420588999993,0.012137882166666664,0.13898587242069668,-0.17331447719999998,-0.006301306499999999,0.16629318899999998,0.1084562125,0.2123920621,36.653645833333336,0.031141304018493222,36.625,36.625,36.6875,36.653645833333336,36.6875,39.760416666666664,0.023292374765622806,39.75,39.75,39.8125,39.760416666666664,39.8125,40.255208333333336,0.017274087449767706,40.25,40.25,40.25,40.255208333333336,40.25,43.091145833333336,0.031141304018493222,43.0625,43.0625,43.125,43.091145833333336,43.125,45.234375,0.027063293868263706,45.1875,45.25,45.25,45.234375,45.25,44.526041666666664,0.030812915536977164,44.5,44.5,44.5625,44.526041666666664,44.5625,-0.026237530541666342,0.14278095397723792,-0.1834877103,0.0,0.10128060959999999,0.07455912862500033,0.1885275244,-0.009550521570833333,0.056276572468121976,-0.0845064691,0.0,0.0076594945,0.027636063095833333,0.11110653999999998,0.017882808250000003,0.8664809002148351,-0.0730322524,-5.9296e-05,0.032242906299999985,0.35335335133333334,1.6023740414999996,0.07819731804166667,0.3998643187244659,-0.45730496079999994,0.0,0.4667324248999999,0.2553008434583333,0.5863028648,0.0068416161666666675,0.04484546058978587,-0.015772180499999996,0.0,0.020729740599999984,0.018864799916666664,0.060661516499999985,-0.05188266124999999,0.36547729664615736,-0.41385289119999996,0.0,0.2810364918999998,0.20240378258333333,0.5136137781,0.11812790987499999,0.08742980839831935,0.0803121388,0.08578535949999999,0.18258857149999996,0.11812790987499999,0.18258857149999996,0.5104310442166666,1.5704562654499992,0.18258857149999996
140,162,1,7,24,24,24,False,True,-0.056120095583333335,0.35395892444592847,-0.3855152429,-0.062311492999999996,0.39997138979999997,0.27232710325000004,0.4954125406,-2.35612096375,0.7774837091535897,-3.0650099275000002,-2.1008534435,-1.6771983145,2.35612096375,3.0650099275,-1.1834534679583333,0.34564658738526055,-1.600350249,-1.0897095795,-0.8551226915,1.1834534679583333,1.600350249,-0.5843545355,0.5266830689353149,-1.0480744124999999,-0.605062693,-0.03567602310000016,0.6760564475833334,1.0480744124999999,-0.025206806624999994,0.30424349974054454,-0.3063171087,0.0449266265,0.2185225113,0.2180252834583333,0.48820319749999985,-0.011997676333333337,0.14190531005370277,-0.1761399266,0.001736751,0.18151099419999997,0.11718389924999999,0.2257141815,36.666666666666664,0.02946278254943948,36.625,36.6875,36.6875,36.666666666666664,36.6875,39.7578125,0.020669932117692115,39.75,39.75,39.79375,39.7578125,39.79375,40.270833333333336,0.02946278254943948,40.25,40.25,40.3125,40.270833333333336,40.3125,43.088541666666664,0.030812915536977167,43.0625,43.0625,43.125,43.088541666666664,43.125,45.229166666666664,0.029462782549439476,45.1875,45.25,45.25,45.229166666666664,45.25,44.533854166666664,0.031141304018493222,44.5,44.5625,44.5625,44.533854166666664,44.5625,0.008746900041666667,0.150010633545213,-0.11236436129999998,8.03845e-05,0.1364609187,0.08865879587500002,0.29459715649999996,0.013393427333333334,0.07134694696657085,-0.0485597979,0.0,0.09710216169999993,0.03483292933333334,0.11109657009999996,-0.008576576083333306,1.052909329662828,-0.04721906769999999,0.0,0.06311266909999998,0.44108775483333335,2.5221308471,-0.01820390962500022,0.3755300051384782,-0.49316439939999995,0.0,0.44821060319999995,0.2531561126250002,0.5642036677,-0.0037299512500000007,0.01961471846841077,-0.0195932815,-3.1449999999999995e-42,0.0098623321,0.009846328166666668,0.027408380399999994,0.015371576958333327,0.32886525958056045,-0.5078220903,0.0,0.48352111899999994,0.2189825680416667,0.5933831099999999,0.115956696375,0.08525681534423253,0.08172875040000001,0.08569926,0.19597203159999999,0.115956696375,0.19597203159999999,0.6854699552999999,1.1537940847666666,0.19597203159999999
141,163,1,7,53,5,5,True,True,-0.1769011096,0.6025827138111423,-0.9004508257999999,0.066573255,0.3796541808,0.4791087076,0.9414747954,-2.7533701658000003,0.9214129130485657,-3.6220839502,-3.054474592,-1.6963648079999998,2.7533701658000003,3.6220839502,-1.4691601751999999,0.3352842954059566,-1.8812790394,-1.311110973,-1.1406759976,1.4691601751999999,1.8812790394,-0.831830807,0.8322792691304658,-1.736825824,-0.775338173,-0.07308304719999996,0.8646092341999999,1.7368258240000003,0.6029341634,1.2758162261754775,-0.0795958784,-0.008895139,1.9019400120000003,0.6683468882000001,1.9274592996000002,0.0411883578,0.1542400535346018,-0.120984405,0.002372771,0.2258853436,0.1365263594,0.2258853436,36.675,0.025000000000000005,36.65,36.6875,36.6875,36.675,36.6875,39.7625,0.025000000000000005,39.75,39.75,39.7875,39.7625,39.7875,40.25,0.0,40.25,40.25,40.25,40.25,40.25,43.075,0.025,43.0625,43.0625,43.1,43.075,43.1,45.2125,0.03061862178478973,45.1875,45.1875,45.25,45.2125,45.25,44.5,0.0,44.5,44.5,44.5,44.5,44.5,0.008628567000000007,0.15082241132568838,-0.155759401,-0.000538353,0.1586261396,0.11334104380000001,0.2270998538,-0.028460759800000002,0.05202190129763208,-0.0918314828,0.0,0.0164222278,0.039420565,0.0918314828,0.009147876400000001,0.0413333455826436,-0.029820493799999997,0.005977855,0.05173543500000001,0.029028205600000002,0.0677318142,-0.0510377364,0.3909161234505048,-0.43912833939999996,-0.067967542,0.3625366686,0.2927288488,0.6093374253999999,0.0254601866,0.04307757001965101,-0.005065943999999999,0.000271668,0.0758254166,0.028837482600000002,0.0758254166,0.057752191200000004,0.23705786792210445,-0.1586432296,-0.000101625,0.31566104260000005,0.1637942856,0.3876272678,0.09934868820000001,0.03182039710494458,0.0822379708,0.083325446,0.13210936780000002,0.09934868820000001,0.13210936780000002,0.24324221010000002,1.722501375366667,0.13210936780000002
142,164,1,7,31,5,5,True,True,-0.22201073779999997,0.27934797021828567,-0.5188229322,-0.223360375,0.06210507440000003,0.292845893,0.5188229322,-3.1205860137999997,0.9811225322776317,-4.3143468856,-2.625544071,-2.1797698022,3.1205860137999997,4.3143468856,-1.4486518382,0.28420174351615884,-1.7605278966,-1.435297966,-1.1844626666,1.4486518382,1.7605278966,-0.5301647424,0.5127324474701911,-1.0381976604,-0.523466885,0.02260251060000007,0.6758703948000001,1.0381976604,0.13818333379999997,0.3304606646516508,-0.1874334988,0.041040178,0.5297238946,0.26996886340000004,0.5297238946,0.06813249639999999,0.14323722945874054,-0.086067431,0.031435534,0.2240499378,0.1315082792,0.2240499378,36.6875,0.0,36.6875,36.6875,36.6875,36.6875,36.6875,39.8,0.025000000000000005,39.775,39.8125,39.8125,39.8,39.8125,40.275,0.03061862178478973,40.25,40.25,40.3125,40.275,40.3125,43.125,0.0,43.125,43.125,43.125,43.125,43.125,45.1875,0.0,45.1875,45.1875,45.1875,45.1875,45.1875,44.5625,0.0,44.5625,44.5625,44.5625,44.5625,44.5625,-0.010842349199999999,0.09356771404175575,-0.108054034,0.0,0.08518134360000001,0.0676299116,0.145532882,0.0022668825999999998,0.03949725860192064,-0.0326469536,-1.3300000000000001e-27,0.04546072500000001,0.028040267399999996,0.05920786260000001,-0.4953131066,0.9997951548133612,-1.5035226337999998,0.0,0.020768809800000003,0.5092832213999999,1.5103763074,0.020507264999999997,0.30034974458922337,-0.29759446199999995,0.0,0.3230844794,0.2189569642,0.4646747888,0.013521675,0.018674820857798684,-9.00048e-05,0.00193491,0.0360351704,0.013581678199999999,0.0360351704,0.014265579399999995,0.3138131296966561,-0.2807590786,0.0,0.3204600702,0.20145227380000003,0.5013714194,0.1055091262,0.045504482374075526,0.0772816656,0.084426165,0.1543773532,0.1055091262,0.1543773532,0.4528664051,1.3976115345333333,0.1543773532
143,165,1,7,24,24,24,False,True,-0.130712210125,0.7052772196524566,-0.3393087116,-0.11374273900000001,0.6059507128,0.4097711924583333,0.6927597758999999,-2.2831838279583336,0.6769165345072629,-2.9906574488,-2.102480173,-1.6834799768,2.2831838279583336,2.9906574488,-1.1197041044166667,0.41383992776716877,-1.6506079796,-1.0713955165,-0.6834577204000001,1.1197041044166667,1.6506079796,-0.44973551020833336,0.6176185539007295,-0.9820008632999999,-0.5298909844999999,0.16002275289999982,0.6542821357083333,1.2722467539999998,-0.008724321916666654,0.602957044293922,-0.5868003311,-0.009073266,0.20033668259999993,0.31783893366666666,0.7387790742999999,-0.01486166616666667,0.1391258844547855,-0.1876234768,-0.010836921499999999,0.18854613459999997,0.11059762683333334,0.21920329019999998,36.703125,0.027063293868263706,36.6875,36.6875,36.75,36.703125,36.75,39.770833333333336,0.02946278254943948,39.75,39.75,39.8125,39.770833333333336,39.8125,40.270833333333336,0.02946278254943948,40.25,40.25,40.3125,40.270833333333336,40.3125,43.1171875,0.020669932117692115,43.08125,43.125,43.125,43.1171875,43.125,45.1875,0.0,45.1875,45.1875,45.1875,45.1875,45.1875,44.541666666666664,0.02946278254943948,44.5,44.5625,44.5625,44.541666666666664,44.5625,0.05514936279166671,0.1947251025007286,-0.10415273809999998,0.0,0.23049319959999998,0.10947474054166673,0.3078597651999999,-0.009199040333333333,0.05697078428003169,-0.0895537956,0.0,0.006286635099999999,0.029939690916666664,0.11391580399999998,0.005090076874999294,1.0673002375163456,-0.048915972399999993,0.0,0.08648513119999998,0.4501400074583341,2.5654232504000003,-0.04929340645832896,0.43108463138124614,-0.5433660866,0.0,0.3912275757,0.296631289541671,0.6492112159,-0.008131967559583335,0.02880406139217528,-0.035095797399999996,0.0,0.010584768399999998,0.01479263722625,0.04193577529999999,-0.0058797718750006655,0.3710786637680133,-0.5164895532,0.0,0.5334771211999998,0.24286561604166734,0.6358255144999999,0.11237838616666666,0.08427397674672488,0.0798364517,0.08425861600000001,0.16930658269999999,0.11237838616666666,0.16930658269999999,0.7190285542166666,1.2607090537999999,0.16930658269999999
144,166,1,7,24,24,24,False,True,-0.23628559079166667,1.0417628053807835,-0.7209816813,-0.13273789,0.2428827927,0.5245876112916666,1.1403935252999997,-2.409343654958333,0.7215300414587388,-3.2038353208,-2.381492734,-1.6298115494,2.409343654958333,3.2038353208,-1.265711012,0.44550880671050086,-1.9032393096,-1.2319157125,-0.7433046043,1.265711012,1.9032393095999998,-0.6406612423333333,0.46478382670257945,-1.0436745045,-0.5863828955,-0.16931251310000012,0.6406612423333333,1.0436745045,0.18195638770833333,0.786343704506928,-0.4569623979,0.0348502505,0.8799672607999998,0.44017870879166665,0.8879645887999997,-0.024071944041666668,0.13647868401855986,-0.16809435169999998,-0.017145043,0.14643784049999997,0.11679910112499998,0.2326618794,36.716145833333336,0.031141304018493222,36.6875,36.6875,36.75,36.716145833333336,36.75,39.768229166666664,0.028408104465197172,39.75,39.75,39.8125,39.768229166666664,39.8125,40.260416666666664,0.023292374765622806,40.25,40.25,40.3125,40.260416666666664,40.3125,43.1015625,0.030257682392245445,43.0625,43.125,43.125,43.1015625,43.125,45.184895833333336,0.012489144591960207,45.1875,45.1875,45.1875,45.184895833333336,45.1875,44.533854166666664,0.031141304018493222,44.5,44.5625,44.5625,44.533854166666664,44.5625,0.038988571624999996,0.2214478556315091,-0.09783015789999998,1.9900000001895e-17,0.19269969039999996,0.118170140875,0.3995747712999999,0.005593947708333334,0.0584465838753111,-0.03803700659999999,0.0,0.06130831989999998,0.030638126958333334,0.11234678579999997,0.07033776208333331,0.8960646320149102,-0.045894367,0.0,0.06777583259999997,0.3537000756666666,1.9289561986999986,-0.09535424797833332,0.43608493256198766,-0.5734467027,-6.95e-10,0.34438946829999983,0.3009272430616667,0.7889813663999998,-0.011310372203333438,0.04408966372367366,-0.026972022999999998,-1.22e-15,0.008237301399999997,0.018487697213333435,0.04234115789999999,0.051392639999999996,0.33980825244783325,-0.41325124059999996,0.0,0.5350000883999998,0.22636828475,0.6217778026999999,0.103201749375,0.04905676084877932,0.07885242669999999,0.0830286745,0.1632897075,0.103201749375,0.1632897075,0.6489963471333331,1.4019615213999999,0.1632897075
145,167,1,7,24,24,24,False,True,0.09835076220833333,1.080246910567088,-0.2533438321,-0.073808085,0.17566580729999998,0.404715737875,0.4754510342999998,-2.397615104958333,0.7856746970781218,-3.5517831563,-2.4126263855000003,-1.5243934034,2.397615104958333,3.5517831563,-1.2056663160833334,0.44199247699245453,-1.6987392662,-1.1809551715,-0.7578428272000001,1.2056663160833334,1.6987392662,-0.641659861875,0.3644887126519069,-1.1504729029,-0.645458251,-0.23677516560000003,0.6454110357083334,1.1504729029,-0.04350881529166666,0.5637952563430111,-0.6394760073999999,-0.0439435615,0.49090913499999966,0.3601420100416666,0.8643346545999998,-0.014814681791666673,0.13075970720548252,-0.1581278444,0.0079901185,0.1383311064,0.11475812162499999,0.1928756099,36.723958333333336,0.030812915536977167,36.6875,36.75,36.75,36.723958333333336,36.75,39.7734375,0.030257682392245445,39.75,39.75,39.8125,39.7734375,39.8125,40.260416666666664,0.023292374765622806,40.25,40.25,40.3125,40.260416666666664,40.3125,43.091145833333336,0.031141304018493222,43.0625,43.0625,43.125,43.091145833333336,43.125,45.184895833333336,0.012489144591960207,45.1875,45.1875,45.1875,45.184895833333336,45.1875,44.520833333333336,0.02946278254943948,44.5,44.5,44.5625,44.520833333333336,44.5625,0.015849997374999997,0.1830224518055114,-0.11563818479999999,0.0,0.13456517129999998,0.10297924062500001,0.4009628802999999,0.006724858791666667,0.053526122987188035,-0.0374860577,0.0,0.0405810998,0.027636373041666665,0.07707878569999997,0.0320193135,0.7706523897287152,-0.048618464199999996,-7.4472e-05,0.06413945669999997,0.2701009033333333,0.7123394820999993,-0.08023872858858334,0.44199129521068853,-0.552803749,-3.3950063e-05,0.3783051851,0.29326575800525,0.8088379384999999,-0.008789896666666666,0.05057118285259754,-0.0264540284,0.0,0.01941866719999999,0.022288662416666664,0.0639039669,0.05247765287506125,0.3374353071659891,-0.3881994919999999,7.35e-13,0.41937670969999996,0.21337572612506125,0.5994595259999999,0.10260710129166667,0.043943199591004976,0.0796842452,0.08438307049999999,0.18485325599999997,0.10260710129166667,0.18485325599999997,0.44376376324999983,1.3222761040333333,0.18485325599999997
146,168,1,7,25,25,25,False,True,-0.3518130246399999,1.1485176067655154,-0.5984307285999999,-0.07567098,0.3347328302000001,0.53867867848,0.6729806898000003,-2.2123233984799997,0.7369559679728708,-3.0496717454,-2.32946682,-1.4360092637999997,2.21282683368,3.0496717454,-1.1582853842,0.7038371635594404,-1.7141361953999998,-1.148970604,-0.774762392,1.2664374494800001,1.7141361954,-0.51264019464,0.589097447629732,-1.1221946718,-0.490258783,-0.07554491179999984,0.65106389544,1.2872649908000002,0.16865854708000005,0.9104255287998774,-0.43345091299999994,-0.023964226,1.0285136880000019,0.46342789436000004,1.4788779736000004,-0.022504820119999994,0.13425320178658132,-0.1888463944,-0.006537523,0.18556032800000008,0.11281552604000002,0.2059969066,36.7475,0.01224744871391589,36.75,36.75,36.75,36.7475,36.75,39.78,0.031224989991991994,39.75,39.75,39.8125,39.78,39.8125,40.2775,0.031024184114977142,40.25,40.25,40.3125,40.2775,40.3125,43.0875,0.030618621784789725,43.0625,43.0625,43.125,43.0875,43.125,45.1875,0.0,45.1875,45.1875,45.1875,45.1875,45.1875,44.5075,0.0203100960115899,44.5,44.5,44.5375,44.5075,44.5375,0.0208990533332,0.11819227531559275,-0.07922121739999999,0.0,0.19762649840000013,0.0701475984268,0.24843500840000002,-0.00766125876,0.03975455028632086,-0.06259037719999999,0.0,0.009836967400000004,0.02153582332,0.07215613420000001,-0.007703700759998535,0.14883259999401516,-0.044334876399999994,0.0,0.0377969234,0.05439186812000146,0.06638205640000001,-0.006640666240009505,0.46445081613016476,-0.46456837079999985,0.0,0.43798096500000083,0.25204496568000956,0.7743928672000002,-0.0038999772,0.04776049727615836,-0.0369616852,0.0,0.01758503900000003,0.02152725696,0.05827287860000001,-0.010751414840000013,0.4411742160711826,-0.23082895839999992,0.0,0.3406293746000005,0.20756923827999998,0.5714991928000002,0.12264279355999999,0.10280713815068455,0.081372702,0.087230682,0.16291545640000002,0.12264279355999999,0.16291545640000002,0.2985230229333334,1.4014880836000003,0.16291545640000002
147,169,1,7,25,25,24,False,True,-0.10506140662499996,1.1664735322360247,-0.3877292603,-0.1061657485,0.7306881013999998,0.5646709567916667,0.8559238612,-2.2464093963333336,0.947600694739297,-2.9916226151,-2.0830034015,-1.6436484097,2.3130458494166666,2.9916226151,-1.0968426017916666,0.7858548189252378,-1.6720439908,-1.1047734615,-0.5609462588000002,1.244387800375,1.7506391404,-0.3905918225833333,0.6984780270662952,-0.8468784687,-0.5323275925,0.04905845109999983,0.669342236,1.4134463789,0.03521238129166667,0.9529177295897907,-0.6342326159999999,-0.010370962000000001,0.47023952889999976,0.44698167570833336,1.1693808139999995,0.004902046166666664,0.1188091729558828,-0.1617670473,0.011652019,0.1564768584,0.09784755299999999,0.18339148449999998,36.752604166666664,0.012489144591960207,36.75,36.75,36.75,36.752604166666664,36.75,39.802083333333336,0.023292374765622806,39.75,39.8125,39.8125,39.802083333333336,39.8125,40.278645833333336,0.031141304018493222,40.25,40.25,40.3125,40.278645833333336,40.3125,43.109375,0.027063293868263706,43.0625,43.125,43.125,43.109375,43.125,45.205729166666664,0.02840810446519717,45.1875,45.1875,45.25,45.205729166666664,45.25,44.502604166666664,0.012489144591960207,44.5,44.5,44.5,44.502604166666664,44.5,-0.016579482416666663,0.13125497257037608,-0.1609322265,0.0,0.1274786439,0.07074825433333333,0.16406288730000002,-0.005875098041666666,0.03601965469170345,-0.036521744599999996,0.0,0.004195627999999999,0.016315544291666668,0.05829249899999998,0.04463942854166667,0.7715668321515765,-0.0433282816,-3.23e-05,0.015252510699999998,0.26878306579166666,0.7908867551999992,0.08428547591666669,0.3917424271091712,-0.24640595739999996,0.0,0.45213277669999996,0.23357659158333335,0.5645560352999999,0.006184684416666666,0.04192625102848809,-0.015495605699999998,0.0,0.022151238899999988,0.017065322333333334,0.047938969,-0.051936438083333335,0.37671007689189806,-0.41792446079999995,0.0,0.2209828632999999,0.19781272391666668,0.5215708523999999,0.1152639265,0.08411617507362396,0.0805418611,0.0860389765,0.19928193079999998,0.1152639265,0.19928193079999998,0.35788466636666655,1.3940673823499996,0.19928193079999998
148,170,1,7,56,5,5,True,True,-0.014966271799999995,0.3406957155852511,-0.411702526,0.103659444,0.31400726460000006,0.28152173939999997,0.5234746936,-2.0370639564,1.8779779611416445,-3.9701969148,-2.008080006,-0.02822339539999974,2.4667021992000002,3.9701969148,-0.768801379,1.3526151135209066,-1.7527536388,-1.222016692,0.7120540618000004,1.5192049738000002,1.8598159786,-0.1311123968,1.2757367158094688,-1.3919604780000001,-0.739455402,1.4287271976,1.220623076,1.6896638872,-0.04262921359999998,0.7552926451801631,-0.8513751387999999,-0.065747924,0.7460881472,0.5796494916,1.184322548,0.0682659414,0.17385796436027467,-0.144229687,0.147723511,0.2291586042,0.16725402220000002,0.24866734740000002,36.75,0.0,36.75,36.75,36.75,36.75,36.75,39.8125,0.0,39.8125,39.8125,39.8125,39.8125,39.8125,40.2875,0.03061862178478973,40.25,40.3125,40.3125,40.2875,40.3125,43.1125,0.025,43.0875,43.125,43.125,43.1125,43.125,45.2125,0.03061862178478973,45.1875,45.1875,45.25,45.2125,45.25,44.5,0.0,44.5,44.5,44.5,44.5,44.5,0.016168031,0.04744889026200791,-0.0233440446,0.000164819,0.07126363960000001,0.03407584179999999,0.0741295508,0.008981714999999998,0.03793191007904768,-0.0228622254,7.63e-05,0.0488366552,0.024230918599999998,0.0621896684,-0.5023116436,1.0313285666280554,-1.5402342758,0.003177969,0.028791033200000003,0.5249659176000001,1.5536860374000003,-0.048290963,0.29989505148517565,-0.3685922382,-0.000185665,0.2609162354000001,0.22269297579999997,0.4660761414,0.0059813371992939995,0.00904824529519229,-0.000620671201412,2.69e-05,0.016935765800000002,0.006395118000706,0.016935765800000002,0.032442275198946005,0.3244830784061228,-0.298451649,-5.27e-12,0.3681358158000001,0.232249310001054,0.5076219202000001,0.11730552920000001,0.06820540059890992,0.081269324,0.083325446,0.18674561960000002,0.11730552920000001,0.18674561960000002,0.44677318066666677,1.5793568949333332,0.18674561960000002
149,171,1,7,24,24,24,False,True,-0.15044659724999998,0.4384725475079749,-0.3853015514,-0.1051789075,0.28013969499999997,0.27868709608333336,0.45662814369999993,-2.0981780843333335,0.7753629426224778,-2.8293414117,-2.0562831165000004,-1.6092089297,2.1068605129166667,2.8293414116999998,-1.1181614001666667,0.651614921959094,-1.760976887,-1.1267505880000002,-0.5071348312000001,1.20797392725,1.760976887,-0.43387220675,0.5451740183364446,-0.9763676162999999,-0.448841944,-0.1456791011,0.602924291,1.0864570256,-0.028693706708333325,0.3181678513319518,-0.2663590909,-0.0459696275,0.26446829099999997,0.20539277020833335,0.4533076431999999,0.011433771625000005,0.1391077363497267,-0.16903825409999998,0.031028537,0.15265737940000002,0.111691220875,0.23744730629999997,36.807291666666664,0.017274087449767706,36.8125,36.8125,36.8125,36.807291666666664,36.8125,39.817708333333336,0.017274087449767706,39.8125,39.8125,39.8125,39.817708333333336,39.8125,40.3125,0.018042195912175804,40.3125,40.3125,40.3125,40.3125,40.3125,43.158854166666664,0.031141304018493222,43.125,43.1875,43.1875,43.158854166666664,43.1875,45.184895833333336,0.012489144591960207,45.1875,45.1875,45.1875,45.184895833333336,45.1875,44.513020833333336,0.025382276939606676,44.5,44.5,44.5625,44.513020833333336,44.5625,-0.03744426972666667,0.16397944368270678,-0.1431750293,0.0,0.08006348409999998,0.08354304385666667,0.20635827019999994,-0.005758489541666666,0.04058440922979798,-0.06141253939999999,0.0,0.01601507139999999,0.020703518624999997,0.0787845326,-0.060295651083333325,0.5570211229188488,-0.058712164299999994,-1.045e-05,0.013677150599999993,0.16447384725,0.08109374639999999,0.08180900556579168,0.3134181477582377,-0.24192799929999997,0.0,0.6036499975999999,0.20180082764912502,0.6036499975999999,0.011836342541666664,0.04718878222819215,-0.0198786273,0.0,0.02594257869999999,0.020038110875,0.030089323299999998,-0.04100255641666666,0.2897351996566288,-0.4079824419,0.0,0.23338283199999985,0.17191182666666668,0.4822726516,0.11342852066666669,0.0869392169710025,0.0802776692,0.0845122635,0.179168582,0.11342852066666669,0.179168582,0.2470414202833333,1.1373597362499999,0.179168582
150,172,1,7,24,24,24,False,True,-0.09588935362499999,0.5702125588413292,-0.3437817752,-0.09214050700000001,0.4086753966999999,0.335608404375,0.7102747619999997,-2.425853343708333,1.0419256707281146,-3.7761916877999995,-2.2371340990000004,-1.6895693657,2.425853343708333,3.776191687799999,-1.2872004507083332,0.7320328622457628,-1.7738142494999998,-1.1724519135,-0.7421689395000001,1.2875513810416666,1.7738142494999998,-0.5779549160833334,0.3673807993794331,-1.1167162181999999,-0.522946,-0.20648323020000003,0.5785881549999999,1.1167162181999997,-0.023192163874999987,0.6389506634871406,-0.2440367368,0.0207297195,0.42016456709999983,0.3230386189583333,0.6470554888999999,0.010586538291666668,0.12877081465592438,-0.1533335119,0.017241574,0.18228428809999997,0.10487263704166667,0.2202591973,36.807291666666664,0.024978289183920414,36.76875,36.8125,36.8125,36.807291666666664,36.8125,39.8125,0.0,39.8125,39.8125,39.8125,39.8125,39.8125,40.299479166666664,0.031141304018493226,40.25,40.3125,40.3125,40.299479166666664,40.3125,43.1328125,0.020669932117692115,43.125,43.125,43.16875,43.1328125,43.16875,45.184895833333336,0.012489144591960207,45.1875,45.1875,45.1875,45.184895833333336,45.1875,44.5078125,0.020669932117692115,44.5,44.5,44.54375,44.5078125,44.54375,-0.027288360375,0.1539537718554892,-0.2022608262,0.0,0.10197142279999999,0.08129581329166667,0.21223248809999998,0.005689316625,0.05692222336646734,-0.050086472599999994,0.0,0.06517973129999995,0.029866912958333335,0.10324039709999998,0.005406408708333328,1.0408676241810675,-0.067177564,0.0,0.03197946399999999,0.43641385487500006,2.4831906076,0.07536804366666666,0.379468810545726,-0.4601956785,4.76e-05,0.4309620496,0.254467874,0.5801152046999999,0.0049616606249999985,0.0424172512461254,-0.0137193541,0.0,0.019661599499999988,0.017691199875,0.051601469199999986,-0.03215353140000001,0.3665882782079714,-0.48723523059999996,0.0,0.4026850112999997,0.21255631265,0.6086216331,0.11045804125000001,0.0596986628657955,0.0781986714,0.083239198,0.18843701459999998,0.11045804125000001,0.18843701459999998,0.6731669666333334,1.37405193395,0.18843701459999998
154,176,1,8,24,24,24,False,True,0.023296783000000005,0.5246682007255756,-0.33467067469999995,-0.093487032,0.5003066392,0.3651143886666666,0.8488001825999998,-2.3719095338750003,0.7141358477905638,-3.2106895921,-2.3415699004999997,-1.6773008467000001,2.3719095338750003,3.2106895920999996,-1.2394269184166664,0.42722033585301883,-1.8015927552,-1.1881688835,-0.7419030370999999,1.2394269184166664,1.8015927552,-0.5936764935416666,0.5583654476009514,-1.3300220849,-0.6082459984999999,-0.004031228700000038,0.6992838270416667,1.3300220848999997,-0.030672932208333337,0.6434508860328094,-0.5533012031999999,0.017759089999999998,0.3377304766999999,0.3678965172916666,1.1243380188999998,-0.011285484041666663,0.12659115818497735,-0.17762399599999998,0.0013784215,0.19419360919999995,0.099000612625,0.2127452654,36.825520833333336,0.025382276939606676,36.8125,36.8125,36.875,36.825520833333336,36.875,39.833333333333336,0.02946278254943948,39.8125,39.8125,39.875,39.833333333333336,39.875,40.315104166666664,0.02194309836764677,40.3125,40.3125,40.3125,40.315104166666664,40.3125,43.125,0.0,43.125,43.125,43.125,43.125,43.125,45.1328125,0.020669932117692115,45.125,45.125,45.16875,45.1328125,45.16875,44.5,0.0,44.5,44.5,44.5,44.5,44.5,0.033237609166666675,0.13728410004938232,-0.10968230929999997,0.0,0.24543380289999997,0.08954402341666667,0.2602581115,0.007786904625000001,0.04023854118779958,-0.0019382772,0.0,0.0392355119,0.02008989804166667,0.07415561849999999,-0.006572278958333326,1.0661452146316506,-0.06311517519999998,0.0,0.03757289439999996,0.4440527117083333,2.5523077252,-0.022291126166666664,0.4004581151543306,-0.5473054679,0.0,0.42514086669999995,0.2744881724166667,0.6245941936999999,-0.008444352691811255,0.029431717221926737,-0.035470864799999995,0.0,0.012976902799999999,0.014235552141811256,0.03743782709999999,-0.008043280083333331,0.34942609051226764,-0.5019859702,0.0,0.3925127266,0.2249077465,0.6227184889999999,0.11309590175,0.08500495263279165,0.08009966,0.0863788125,0.16829590219999999,0.11309590175,0.16829590219999999,0.6952453275,1.4213646498499999,0.16829590219999999
155,177,1,8,24,24,24,False,True,-0.1292998475416667,1.5324773531593172,-0.312664464,-0.010929908000000002,0.20841459799999995,0.5722314912916667,0.49021098629999993,-2.3926465709583336,0.7947316347252013,-3.3913200138999997,-2.4270780084999997,-1.6188317419,2.3926465709583336,3.3913200138999997,-1.1961184441666668,0.5514199496489727,-1.80063951,-0.98166579,-0.6850484968,1.1961184441666668,1.8006395099999999,-0.6194149839166667,0.5735149819606261,-1.059024,-0.5629646479999999,0.0805849164,0.68348187075,1.059024,0.11588380783333331,0.9509741512748698,-0.43243155469999994,-0.046009511,0.49089052809999967,0.4654643861666667,0.9390384855,-0.04273697675000001,0.15229268364381285,-0.2155429245,-0.034848367,0.13699886339999998,0.12746130175,0.2186976138,36.8203125,0.020669932117692115,36.8125,36.8125,36.85625,36.8203125,36.85625,39.838541666666664,0.030812915536977167,39.8125,39.8125,39.875,39.838541666666664,39.875,40.328125,0.027063293868263706,40.3125,40.3125,40.375,40.328125,40.375,43.125,0.0,43.125,43.125,43.125,43.125,43.125,45.153645833333336,0.031141304018493222,45.125,45.125,45.1875,45.153645833333336,45.1875,44.502604166666664,0.012489144591960207,44.5,44.5,44.5,44.502604166666664,44.5,0.04052014408333333,0.21703544546968953,-0.08915011049999999,0.0,0.16728060379999996,0.11348359841666666,0.3850225034999999,0.00900351125,0.04026103956157036,-0.016451392800000002,0.0,0.04720472189999999,0.021552085583333335,0.08097267549999997,0.010016362708333337,0.9025629047635345,-0.051289082599999994,0.0,0.06203974539999996,0.369897208125,1.7439198134999998,-0.09056333629166669,0.40994369255278196,-0.48395445639999995,0.0,0.3519502217999999,0.27900202545833336,0.6583608269,-0.011445703708343793,0.04782980103716548,-0.024152326199999997,0.0,0.011679041799999996,0.01942416954167713,0.04646991849999998,0.042590153374999995,0.34190939303702017,-0.3624307217,1.605e-36,0.4237408818999999,0.23078255695833336,0.5977141793999999,0.11303923779166665,0.08532610175122395,0.0800058424,0.086464912,0.14894631489999993,0.11303923779166665,0.14894631489999993,0.5854099862166667,1.3164884349166666,0.14894631489999993
156,178,1,8,25,25,25,False,True,-0.016941988240000008,0.3827002331380551,-0.258312231,-0.110334992,0.44271614540000037,0.27600297368000004,0.7026510360000003,-2.06733996892,0.8543388452638181,-2.8762202262,-2.350402832,-1.1904266596,2.091026695,2.8762202262,-1.0475194514000001,0.7925137166055414,-1.7886614796,-0.973412991,-0.3972155273999999,1.2183022940400001,1.7886614796000002,-0.51353563244,0.628206711311135,-1.163779426,-0.420249104,-0.20191296339999995,0.6805692309199999,1.2711151604000002,-0.039979170560000006,0.5992158098359973,-0.7482107398,-0.006917431,0.5528069078000009,0.38032459624,0.9363272192000002,-0.012550074119999992,0.14240266814518035,-0.20148902819999998,-0.020300776,0.17456400420000004,0.11993149339999999,0.2173717078,36.8325,0.029154759474226504,36.8125,36.8125,36.875,36.8325,36.875,39.86,0.026692695630078273,39.8125,39.875,39.875,39.86,39.875,40.33,0.02806243040080456,40.3125,40.3125,40.375,40.33,40.375,43.12,0.01695582495781317,43.125,43.125,43.125,43.12,43.125,45.1775,0.022912878474779203,45.125,45.1875,45.1875,45.1775,45.1875,44.5,0.0,44.5,44.5,44.5,44.5,44.5,-0.01553884752,0.11127618975394032,-0.1436471402,0.0,0.08892132220000001,0.06878050656,0.1438337802,-0.02398831752,0.05358500437244077,-0.09394442319999999,0.0,0.0004874196000000007,0.026832168639999997,0.09394442320000004,0.00019519910439999842,0.024535165812816312,-0.02349082899999999,0.0,0.021162920400000007,0.013578900144400002,0.05170219800000001,0.0014512784399987133,0.3422764853947658,-0.23321883039999997,0.0,0.3610043050000001,0.19327522484000126,0.6422297712000001,0.0063901352,0.037691516231797624,-0.024776922399999998,0.0,0.04550835060000003,0.01833182056,0.054814851399999996,0.017278063680000004,0.3206392401194692,-0.2976702986,0.0,0.15616355200000015,0.1574119752,0.49864128800000007,0.1230099726,0.10991114424780002,0.0790984508,0.084598422,0.16671935300000001,0.1230099726,0.16671935300000001,0.2475277186666667,1.2987244715333335,0.16671935300000001
157,179,1,8,24,24,24,False,True,-0.056950510499999996,0.26178136151120346,-0.3406178354,-0.10547870000000001,0.25000366849999994,0.22065159083333333,0.411601135,-2.035200096916667,0.9766217808583568,-2.7132982253,-2.187158704,-1.3351244689000004,2.1048187734166666,2.7132982253,-0.9982080099583334,0.8599553439338452,-1.7244263051000002,-1.0877304075,-0.39969649020000003,1.2057534195416668,1.7722299813,-0.40490689758333337,0.6409806189389876,-1.0427172362,-0.3971959505,-0.08038795420000004,0.6203037140833333,1.2124816538999998,-0.07082004520833333,0.44012215532804044,-0.5250816823999999,-0.0392559135,0.21137461069999997,0.2879519365416667,0.8952953459999999,0.0034422194583333308,0.13254517356392653,-0.19067450589999999,0.023640096,0.17138900799999998,0.11179597495833332,0.19402298459999998,36.8359375,0.030257682392245445,36.8125,36.8125,36.875,36.8359375,36.875,39.872395833333336,0.012489144591960207,39.875,39.875,39.875,39.872395833333336,39.875,40.328125,0.027063293868263706,40.3125,40.3125,40.375,40.328125,40.375,43.119791666666664,0.017274087449767706,43.125,43.125,43.125,43.119791666666664,43.125,45.177083333333336,0.023292374765622806,45.125,45.1875,45.1875,45.177083333333336,45.1875,44.4921875,0.020669932117692115,44.45625,44.5,44.5,44.4921875,44.5,-0.032357045333333334,0.14447872984969826,-0.1780773852,0.0,0.0649637207,0.07755987616666667,0.19324415009999998,-0.004407292916666667,0.03382034233134045,-0.0396665778,0.0,0.006985736599999995,0.016379901583333332,0.050712635699999994,-0.10654858095833335,0.5034658911293682,-0.0337283289,0.0,0.023009588299999988,0.11752878404166668,0.0464401341,0.044453700874999995,0.32548458864479013,-0.15201361549999998,2.415e-05,0.5227596011999999,0.19916757579166666,0.5742906987999999,0.008020323499999999,0.037815905455704,-0.0238986563,0.0,0.03659785099999999,0.018216352416666665,0.03690434629999999,-0.015156895374999998,0.3338975931244839,-0.43826650359999997,0.0,0.09636002499999999,0.17702916154166667,0.5477106932,0.10905417304166669,0.0811423426272567,0.0809572992,0.0845122635,0.13663113709999997,0.10905417304166669,0.13663113709999997,0.24155044303333328,1.1998215543500002,0.13663113709999997
158,180,1,8,24,18,18,True,True,-0.09463766894444445,0.4943986309941251,-0.45069243889999994,-0.0642769575,0.23661804830000002,0.32979980627777766,0.7156694772000001,-1.9978439410000002,0.459508625445905,-2.6530909061,-1.7409830094999998,-1.6480831385999999,1.9978439410000002,2.6530909061,-1.1431437068888888,0.42757796193669445,-1.6992647049,-0.9465830325,-0.7308544454,1.1431437068888888,1.6992647049000003,-0.5535878090555555,0.33449659871065174,-0.8642904879,-0.6530505120000001,-0.21106024569999984,0.5879066733888888,0.8642904879,0.012694632777777779,0.20657496191686947,-0.1842613595,-0.061774429000000006,0.26679422870000014,0.163909406,0.3130158307000001,0.02073208766666667,0.12279547486257833,-0.1533433083,0.0156179515,0.1971239862,0.10105534833333335,0.1971239862,36.854166666666664,0.02946278254943948,36.8125,36.875,36.875,36.854166666666664,36.875,39.87152777777778,0.014316338977839098,39.875,39.875,39.875,39.87152777777778,39.875,40.35069444444444,0.030468626345111535,40.3125,40.375,40.375,40.35069444444444,40.375,43.12847222222222,0.025278159337779573,43.125,43.125,43.14375,43.12847222222222,43.14375,45.18055555555556,0.019641855032959652,45.16875,45.1875,45.1875,45.18055555555556,45.1875,44.486111111111114,0.025983731852596816,44.4375,44.5,44.5,44.486111111111114,44.5,0.014370486944444446,0.11745661190236567,-0.08317470709999998,4.595e-05,0.11562881450000002,0.07250933883333333,0.19713693250000006,0.01738324133333333,0.07409386042798313,-0.027797011799999997,0.0,0.04964590780000011,0.031358105222222224,0.07693952660000009,-0.14191652550000003,1.0406440865095834,-0.7844604538999996,0.0,0.036034898100000004,0.4398029238333334,2.5407702445,0.06474926283333333,0.3413789791467688,-0.3435407847,0.0,0.4165224372000001,0.2417126277222222,0.5139305739000001,0.004071277000000001,0.021767022025500907,-0.0139820854,0.0,0.014648697200000005,0.010396535666666668,0.022398807400000005,-0.08178941672222223,0.3871150953969843,-0.542776418,0.0,0.25222947610000024,0.24162531950000002,0.6003015102,0.12153523494444446,0.09587954777316016,0.0788600743,0.0826888085,0.18586504470000004,0.12153523494444446,0.18586504470000004,0.6585795991833334,1.0737425655000001,0.18586504470000004
159,181,1,8,24,24,23,False,True,-0.012435681739130431,0.4337004615280788,-0.38369492299999997,-0.117621012,0.6805205582000002,0.33654775495652167,0.7881746288,-2.42297230073913,0.8812848027463079,-3.0464743612,-2.316266775,-1.7020411251999998,2.42297230073913,3.0464743612,-1.2864050709130435,0.645580296140029,-1.6409622906,-1.105579138,-0.7584471224,1.2864050709130435,1.6409622906,-0.6787395976956522,0.5756749137536213,-1.5727936264,-0.577935815,-0.2368995754,0.7466588933478261,1.5727936264000002,-0.09982346147826089,0.5192871021147814,-0.861439538,0.002784512,0.1918525396,0.33316520260869564,1.0013330344,-0.0030564440434782607,0.11619977958030099,-0.1678921074,0.023477323,0.16159248660000003,0.0940112125652174,0.186568409,36.87228260869565,0.012745694999520185,36.875,36.875,36.875,36.87228260869565,36.875,39.86141304347826,0.02577943744702483,39.8125,39.875,39.875,39.86141304347826,39.875,40.34782608695652,0.030983027855954838,40.3125,40.375,40.375,40.34782608695652,40.375,43.11141304347826,0.02577943744702483,43.0625,43.125,43.125,43.11141304347826,43.125,45.16032608695652,0.030983027855954838,45.125,45.1875,45.1875,45.16032608695652,45.1875,44.453804347826086,0.027444306897723043,44.4375,44.4375,44.5,44.453804347826086,44.5,0.006506118521739133,0.09124666889539067,-0.0498473318,0.0,0.1008129034,0.054578301391304346,0.155177677,0.009014392478260804,0.028992996792527797,-0.0024169213999999995,0.0,0.028763043000000012,0.01133803334782615,0.02965446980000001,0.005605150565217399,1.06538088492524,-0.0335835242,0.0,0.019577835400000007,0.4500740996086956,2.5123821732000002,0.02857299095652175,0.36095662389424815,-0.48130418039999995,0.0,0.4342460752000001,0.23394684826086956,0.523113096,-0.004023525130434783,0.02099517183279928,-0.0157610718,0.0,0.009268591000000001,0.009611288086956523,0.023106076000000003,-0.03124631934781874,0.3795089037350639,-0.49588567019999996,0.0,0.42552095680000024,0.222335563782616,0.6256102804,0.1035565605652174,0.04468544918501167,0.08037343000000001,0.085105658,0.1686203126,0.1035565605652174,0.1686203126,0.6448406287333334,1.3727177250666667,0.1686203126
161,183,1,8,47,5,5,True,True,0.12834340540000003,0.149961237088517,-0.0285002642,0.155776665,0.2906319444,0.1486985966,0.2906319444,-2.6966289044,0.8863484877749663,-3.5993379594,-2.589481831,-1.7345752713999998,2.6966289044,3.5993379594,-1.7908444644,0.4643374800956452,-2.3727617262000003,-1.500441909,-1.3896680358,1.7908444644,2.3727617262000003,-1.1573085547999997,0.4639994604688009,-1.6959588532,-0.951357841,-0.683475423,1.1573085547999997,1.6959588532,0.027177804199999968,0.5663947647600762,-0.46335014100000005,-0.089525342,0.6226726878000001,0.39165158899999997,0.9087598798000001,0.045559492,0.1447823065886502,-0.1196950672,0.034393694,0.2050445886,0.1322222612,0.2050445886,36.8875,0.025,36.875,36.875,36.9125,36.8875,36.9125,39.875,0.0,39.875,39.875,39.875,39.875,39.875,40.3625,0.025000000000000005,40.3375,40.375,40.375,40.3625,40.375,43.125,0.0,43.125,43.125,43.125,43.125,43.125,45.1875,0.0,45.1875,45.1875,45.1875,45.1875,45.1875,44.4375,0.0,44.4375,44.4375,44.4375,44.4375,44.4375,0.0733882932,0.309104759846289,-0.20834504140000001,-0.000348068,0.4096996666,0.21349823199999998,0.5051880838,-0.038495212200000004,0.034532446728953704,-0.077318752,-0.042281244,-0.0014494429999999997,0.038652852599999996,0.077318752,0.006231367999999999,0.0370863715097172,-0.0370204688,0.016664427,0.0393884712,0.0309127232,0.054845462399999996,-0.10082992000039401,0.47373968933304605,-0.5722083924,-0.107694134,0.43510061519921206,0.39089699680039397,0.6822188736,0.029828574200000003,0.059719661421264024,-0.0145251602,8.03e-05,0.0986374294,0.0399300046,0.0986374294,0.0248234508,0.26235005432564334,-0.2126472858,-0.000119232,0.30284513180000006,0.1778133032,0.42003538580000005,0.1876128674,0.16367921417893677,0.0837139848,0.089011073,0.37410745600000006,0.1876128674,0.37410745600000006,0.30637399783333336,1.5120824919333333,0.37410745600000006
162,184,1,8,24,24,24,False,True,-0.27102485941666665,1.2977688874177553,-0.3890604049,-0.128290698,0.3091530921,0.5107199564166666,0.4357905775,-2.382535691041667,0.6561817491901889,-3.0931956055,-2.409604311,-1.6103250261,2.382535691041667,3.0931956054999996,-1.2291663959583332,0.36457004503506224,-1.7061181663,-1.2041957380000001,-0.7840756298,1.2291663959583332,1.7061181663,-0.6474211479166666,0.43996216781017017,-0.9513949691,-0.6165008245,-0.19532436390000008,0.6503741041666666,0.9513949691,0.10102093429166666,0.9375922422720645,-0.3039348173,0.0474136675,0.24541815969999997,0.400634547375,0.7201546374,-0.032189111166666666,0.14044123051422547,-0.22547012849999998,-0.024831675,0.1509723112,0.12028362225,0.2292648507,36.903645833333336,0.031141304018493222,36.875,36.875,36.9375,36.903645833333336,36.9375,39.927083333333336,0.023292374765622806,39.875,39.9375,39.9375,39.927083333333336,39.9375,40.354166666666664,0.02946278254943948,40.3125,40.375,40.375,40.354166666666664,40.375,43.125,0.0,43.125,43.125,43.125,43.125,43.125,45.1640625,0.030257682392245445,45.125,45.1875,45.1875,45.1640625,45.1875,44.4609375,0.030257682392245445,44.4375,44.4375,44.5,44.4609375,44.5,0.040241166625,0.20948368837179845,-0.09759487069999999,0.0,0.23207409819999994,0.11411301445833333,0.3379321013,0.005847569874999999,0.043744283990934815,-0.015038522199999998,0.000104107,0.0316910697,0.022185035458333335,0.066941665,0.05468403174999997,0.939888622452476,-0.0631005331,0.0,0.06322423559999997,0.3812878560833333,2.114900887399999,-0.08507936808334425,0.43666709825028993,-0.6442164961,-1.31e-13,0.33515810629999987,0.3033054551666776,0.6974469962,-0.009886169208333332,0.03842539267629829,-0.0284906474,0.0,0.011694851799999998,0.017735143208333335,0.042638840699999986,0.03561081687500001,0.34116672413403987,-0.4369822469,0.0,0.5251735687999998,0.22855890970833329,0.6378351035,0.11433704941666666,0.0874244157456394,0.07959044559999999,0.086378753,0.1729832053,0.11433704941666666,0.1729832053,0.6496159323499998,1.1893198010833335,0.1729832053
163,185,1,8,53,5,5,True,True,0.20839158600000002,0.36973827290745914,-0.1341268002,0.160095647,0.597755021,0.32771054800000005,0.6309473278000001,-2.5646656274,0.8100062149291694,-3.3103801724,-2.586982012,-1.6705697776,2.5646656274,3.3103801724,-1.8680816174000001,0.7222861751775292,-2.7457287788,-1.541443586,-1.2400014879999999,1.8680816174000001,2.7457287788,-1.1757343054,0.537119517649989,-1.8462599754,-0.874879122,-0.7088539482,1.1757343054,1.8462599754000002,-0.49757123640000006,0.7079563125650677,-1.244645631,-0.262274861,-0.015128888799999983,0.516204386,1.244645631,0.0643583118,0.1788857203110335,-0.1455956548,0.112418517,0.25700640080000003,0.17644087660000002,0.25700640080000003,36.925,0.025,36.9,36.9375,36.9375,36.925,36.9375,39.9125,0.03061862178478973,39.875,39.9375,39.9375,39.9125,39.9375,40.35,0.03061862178478973,40.3125,40.375,40.375,40.35,40.375,43.125,0.0,43.125,43.125,43.125,43.125,43.125,45.1875,0.0,45.1875,45.1875,45.1875,45.1875,45.1875,44.45,0.025,44.4375,44.4375,44.475,44.45,44.475,0.0337403274,0.3243471091027961,-0.2854352218,0.000217436,0.36644064220000006,0.22407698820000005,0.5163280250000001,-0.0649208488,0.0627563444136644,-0.1396896424,-0.05613777,0.0018453620000000001,0.0666901464,0.1396896424,0.007388095,0.039234919540041116,-0.0382168248,0.019592574,0.0427347962,0.0328659782,0.05885233,-0.06668738119999998,0.5118936100228225,-0.5766908644,-0.045641683,0.4994361132000001,0.40014155799999995,0.754183006,0.0361088004,0.06726968522241451,-0.011050305600000001,0.0004904,0.11273392400000001,0.043475670800000005,0.11273392400000001,0.02482949319980201,0.2957872120619907,-0.2440927952,-9.9e-13,0.33342805440000006,0.197641356000198,0.47543348040000005,0.10379387139999999,0.03852811452216651,0.08106642959999999,0.08756572,0.14337737560000002,0.10379387139999999,0.14337737560000002,0.3428700679666667,1.6724947143666666,0.14337737560000002
164,186,1,8,24,24,24,False,True,-0.2422519803333333,0.9819629104955713,-0.6415350436999999,-0.0932118035,0.28952027589999996,0.459206513,0.8399582501999999,-2.4721477826666667,0.7800742908087762,-3.4281379937999996,-2.397509575,-1.621894145,2.4721477826666667,3.428137993799999,-1.2734175696666665,0.5626161292959253,-1.839281702,-1.1553798915,-0.7394006432,1.2734175696666665,1.839281702,-0.6738410554583334,0.5154065936323201,-1.1474565867,-0.4945085345,-0.17300229080000012,0.688840332125,1.1474565867,0.2056639257916667,0.8039999598840692,-0.2267701416,0.0459682515,0.7533408163999996,0.399916056125,0.8318115409999998,-0.027115930625000007,0.132333452393942,-0.1979831372,-0.018284493,0.14175238759999995,0.10636874354166666,0.2018568818,36.916666666666664,0.02946278254943948,36.875,36.9375,36.9375,36.916666666666664,36.9375,39.940104166666664,0.012489144591960207,39.9375,39.9375,39.9375,39.940104166666664,39.9375,40.359375,0.027063293868263706,40.3125,40.375,40.375,40.359375,40.375,43.138020833333336,0.025382276939606676,43.125,43.125,43.1875,43.138020833333336,43.1875,45.122395833333336,0.012489144591960207,45.125,45.125,45.125,45.122395833333336,45.125,44.466145833333336,0.031141304018493222,44.4375,44.4375,44.5,44.466145833333336,44.5,0.03385124904166666,0.19856497189026748,-0.10143781419999999,0.0,0.22016485019999996,0.11334233254166666,0.3589692563,-0.004589155690749999,0.05080032031688014,-0.07474693339999999,0.0,0.01802544129999999,0.026583959130083334,0.0952587153,0.07498938332799998,0.927208041373432,-0.05754463139999999,-6.850000000000001e-44,0.07056553659999996,0.3676090717553333,2.016596615699999,-0.08193866174999977,0.435593578004391,-0.6181358992,0.0,0.3526405540999999,0.29949033550000026,0.733558953,-0.011305110083333335,0.043053181855185745,-0.030945563199999998,0.0,0.011447590499999997,0.019213421583333338,0.04642614469999999,0.037089061624999996,0.34373512097327913,-0.4425681438,6.949999999999999e-43,0.5315752360999998,0.23023925737499998,0.6291502658999999,0.11353418725000002,0.08373662546551122,0.0802776692,0.086082041,0.1617438795,0.11353418725000002,0.1617438795,0.6466599918166663,1.3814171592499997,0.1617438795
165,188,1,8,50,5,5,True,True,-0.2190753,0.7132913412023251,-1.0843964458,0.123912118,0.3795560118,0.5618722064,1.0843964458000002,-2.7123193026,0.9990078946208208,-3.7019643782,-2.793747425,-1.6313003303999998,2.7123193026,3.7019643782,-1.5477763176,0.2986153956330532,-1.9187340735999998,-1.372602344,-1.2770087239999999,1.5477763176,1.9187340735999998,-0.9293567897999999,0.5487154697252762,-1.565716219,-0.767868102,-0.46404571559999996,0.9293567897999999,1.565716219,0.2725837246000001,1.0062501174835772,-0.3651495874,-0.105653018,1.3204164538000003,0.6356303678,1.5348588110000003,0.051351757399999996,0.15513687018654215,-0.133624399,0.099609375,0.2154437904,0.1541032362,0.2154437904,36.925,0.025000000000000005,36.9,36.9375,36.9375,36.925,36.9375,39.9375,0.0,39.9375,39.9375,39.9375,39.9375,39.9375,40.325,0.025,40.3125,40.3125,40.35,40.325,40.35,43.125,0.0,43.125,43.125,43.125,43.125,43.125,45.125,0.0,45.125,45.125,45.125,45.125,45.125,44.45,0.025000000000000005,44.4375,44.4375,44.475,44.45,44.475,0.08446500339999999,0.24530138510318863,-0.1303489638,-0.000368836,0.3638380914,0.1735448386,0.4003180742,0.006333785200000002,0.0909883904790584,-0.07599808279999999,-0.001710179,0.10507854260000002,0.06393707239999999,0.14258078940000002,0.0116480264,0.0388559874724663,-0.0240106812,-0.00026746,0.055416201000000005,0.027896484399999998,0.063353485,-0.112122041,0.4050261729975458,-0.5591234444000001,-8.23e-05,0.3174351754000001,0.3239030006,0.5807024000000001,0.020669415,0.03947190342541784,-0.010998075799999998,0.0,0.0674538944,0.028002160200000004,0.0674538944,0.0550315106,0.22320711346140779,-0.157451013,0.000404445,0.3135692446,0.169276249,0.3546823382,0.10754603160000001,0.04179171874339242,0.0830688004,0.088417649,0.15133928060000001,0.10754603160000001,0.15133928060000001,0.2681818302,1.6701856196666667,0.15133928060000001
166,189,1,8,24,24,23,False,True,0.052843575130434785,0.41256096119313346,-0.31433578759999997,-0.045799613,0.6471086858000001,0.30617916669565226,0.717480457,-2.388695359217391,0.7539204198043774,-3.111471844,-2.42342186,-1.6746902224,2.388695359217391,3.111471844,-1.2168666124347827,0.6926590218685998,-1.7587818386,-1.008256316,-0.6947678925999999,1.2321812743478262,1.7587818386000003,-0.5948420334347826,0.5898160019361725,-1.1824539188,-0.480546057,-0.2039404747999999,0.6921777037826086,1.2124490266,-0.1399375730869565,0.5665570576514888,-0.6861629246,-0.03482005,0.17620707740000002,0.3585806044782608,1.2290571808000004,-0.007168091913043478,0.13856650730496492,-0.1751548108,-0.003960483,0.1887613178,0.11528364252173912,0.197760439,36.90489130434783,0.031220449165967543,36.875,36.875,36.9375,36.90489130434783,36.9375,39.94021739130435,0.012745694999520185,39.9375,39.9375,39.9375,39.94021739130435,39.9375,40.35054347826087,0.03050264174000496,40.3125,40.375,40.375,40.35054347826087,40.375,43.16032608695652,0.030983027855954838,43.125,43.1875,43.1875,43.16032608695652,43.1875,45.125,0.0,45.125,45.125,45.125,45.125,45.125,44.49728260869565,0.012745694999520189,44.5,44.5,44.5,44.49728260869565,44.5,0.0009533774347826101,0.12440310479727337,-0.13520141119999998,0.0,0.13099191340000002,0.07545027691304347,0.24945267720000003,-0.004966376673913043,0.04675616793368324,-0.0543483904,0.0,0.007117054000000005,0.02485534741304347,0.0735434846,0.11440618326086961,0.9237050137648789,-0.03696951699999999,0.0,0.031977820000000004,0.34614757552173914,2.026348833400002,0.008847484478260868,0.36046446220878464,-0.409416938,0.0,0.36726524220000006,0.23747258308695657,0.5289674524000001,-0.0013607608695652177,0.028524356382171788,-0.018676560999999998,0.0,0.0125706246,0.013479872173913044,0.03780731020000001,-0.006539889521739124,0.35287474780481465,-0.42841186779999996,0.0,0.4003372190000002,0.20536825300000003,0.6385157582,0.11669666613043476,0.08756278237107377,0.0824581626,0.087058365,0.1785482408,0.11669666613043476,0.1785482408,0.592439252666667,1.3711667976666666,0.1785482408
168,191,1,8,24,24,24,False,True,-0.024661027916666686,0.9489173027689952,-0.5816408332,-0.11539592600000001,0.2579041151999999,0.4495711763333334,0.8222490371999998,-2.3342907032083335,0.8019891175920927,-3.2568578956999996,-2.4434683325,-1.4543897270000001,2.3342907032083335,3.2568578956999996,-1.1708074870833334,0.5150910308821611,-1.7572744607,-1.0109036265,-0.6983453214,1.1708074870833334,1.7572744607,-0.6151285521666666,0.5263999490694946,-1.0181801795,-0.528576523,-0.0668591596000001,0.6521637901666666,1.0181801795,0.13927005266666667,0.7286183247136949,-0.30958116659999996,-0.0038590789999999996,0.5866724550999995,0.37742178141666666,0.9145265098999998,-0.017611748041666667,0.13640556184336294,-0.1827471259,-0.028436882500000003,0.19875920689999999,0.11556082129166667,0.2102885025,36.916666666666664,0.02946278254943948,36.875,36.9375,36.9375,36.916666666666664,36.9375,39.934895833333336,0.012489144591960207,39.9375,39.9375,39.9375,39.934895833333336,39.9375,40.359375,0.027063293868263706,40.3125,40.375,40.375,40.359375,40.375,43.158854166666664,0.031141304018493222,43.125,43.1875,43.1875,43.158854166666664,43.1875,45.1484375,0.030257682392245445,45.125,45.125,45.1875,45.1484375,45.1875,44.481770833333336,0.028408104465197172,44.4375,44.5,44.5,44.481770833333336,44.5,0.0011512004999999989,0.18042025568343945,-0.21139485209999997,0.0,0.15975561889999995,0.1009254425,0.3356827230999999,0.003178362458333333,0.03687109032107624,-0.0269262965,0.0,0.03884938549999998,0.02103201129166667,0.07191606649999999,0.09302464250000003,0.8705038820266999,-0.0298017545,8.15e-30,0.0725041342,0.3213846873333333,1.5467996944999987,-0.06295203125000001,0.4368678706151878,-0.5894512563,-2.805e-45,0.5425533923999999,0.2980179335,0.6799762426,-0.006345819374999999,0.054403691291565665,-0.023014830599999998,0.0,0.022991788299999986,0.023154844208333334,0.06019973819999999,0.059174089208333336,0.33474837938452906,-0.3455290647,3.945000000000019e-05,0.5207478996,0.21668474270833335,0.6173122461999999,0.10953833170833334,0.06271374204662036,0.08107501880000001,0.084383041,0.18076410889999997,0.10953833170833334,0.18076410889999997,0.5519811185166664,1.3298960975833332,0.18076410889999997
169,192,1,8,29,5,5,True,True,0.1784476132,0.24831810396541026,-0.1086213768,0.176461667,0.4428271772,0.26461885879999997,0.4428271772,-2.4715942379999998,0.8781165109341114,-3.4461164472,-2.562533855,-1.4484107492,2.4715942379999998,3.4461164472,-1.5702757118000001,0.48471932964599496,-2.0691793918,-1.59900701,-1.0154435156,1.5702757118000001,2.0691793918,-0.9036350428000001,0.27316919060516154,-1.1792616602,-0.88785708,-0.6085036336,0.9036350428000001,1.1792616602,-0.10488588219999997,0.43359815275739627,-0.452186632,-0.311899722,0.40834467400000013,0.3881816566,0.6258996008000001,0.0472843232,0.13478340832591848,-0.08845668579999999,-0.012057687,0.21015647640000001,0.1190678892,0.21015647640000001,36.9125,0.03061862178478973,36.875,36.9375,36.9375,36.9125,36.9375,39.9375,0.0,39.9375,39.9375,39.9375,39.9375,39.9375,40.3625,0.025,40.3375,40.375,40.375,40.3625,40.375,43.175,0.025000000000000005,43.15,43.1875,43.1875,43.175,43.1875,45.125,0.0,45.125,45.125,45.125,45.125,45.125,44.5,0.0,44.5,44.5,44.5,44.5,44.5,0.014075063200000005,0.24006995587656801,-0.23346827459999997,-0.000864853,0.25806554280000005,0.1712435292,0.3754311502,-0.034159331800000005,0.031535028740870115,-0.0717052952,-0.030216226,-0.0013398491999999998,0.034159331800000005,0.0717052952,0.002565514,0.032249063905416445,-0.0338235192,0.013112798,0.0307066728,0.0251739388,0.050069961600000004,-0.0707984116,0.44236130010634644,-0.5088785888,-0.095092326,0.42071346700000006,0.3513507272,0.6705912470000001,0.0335704326,0.05931028286570661,-0.0067406718,0.000910203,0.10110732420000001,0.0380642138,0.10110732420000001,0.032915045600000005,0.2689482697168992,-0.20339631279999998,-4.68e-05,0.30537310860000005,0.1706670268,0.43669921180000004,0.10642612,0.04858752479993374,0.0812023044,0.082645774,0.1554475192,0.10642612,0.1554475192,0.28426736500000005,1.3289067922666666,0.1554475192
172,195,1,8,24,24,24,False,True,-0.09000613154166666,0.7801599882017513,-0.5746520699,-0.1159634665,0.23391491169999995,0.41629294604166667,0.6636733476,-2.2604530565,0.7461685310340258,-3.0182679652,-2.318186164,-1.6655356051,2.26383820075,3.0182679652,-1.358081986625,0.7907483369506098,-2.4392309187,-1.1640198824999999,-0.7990100027,1.3730001947083332,2.4392309187,-0.7128836972916668,0.46473832955119165,-1.2056396005,-0.594214469,-0.2968803017,0.7128836972916668,1.2056396004999999,-0.019986310999999993,0.8610331549663259,-0.22720857879999998,0.026162150500000002,0.6214619038999998,0.4227486578333333,1.0409574511999997,0.028376779500000004,0.1356976543582819,-0.1400839153,0.0307821315,0.2138294693,0.11424389858333334,0.2138294693,36.942708333333336,0.030812915536977167,36.9375,36.9375,37.0,36.942708333333336,37.0,39.9296875,0.020669932117692115,39.89375,39.9375,39.9375,39.9296875,39.9375,40.346354166666664,0.031141304018493222,40.3125,40.375,40.375,40.346354166666664,40.375,43.083333333333336,0.02946278254943948,43.0625,43.0625,43.125,43.083333333333336,43.125,45.091145833333336,0.031141304018493222,45.0625,45.0625,45.125,45.091145833333336,45.125,44.440104166666664,0.012489144591960207,44.4375,44.4375,44.4375,44.440104166666664,44.4375,-0.028334007041666665,0.16660812044939338,-0.15915661039999998,0.0,0.08430810719999998,0.08613453312500001,0.2680768863999999,0.008028637416666666,0.07588753171015626,-0.034838640299999994,0.0,0.03769617319999998,0.03264951933333333,0.10529896909999999,-0.021302674708333334,0.4507685815564812,-0.0589821686,0.0,0.013814819999999998,0.14440403829166668,0.07997004099999999,0.10873365520833334,0.39442063230258656,-0.2728110479,0.0,0.7547097681999998,0.23749044654166665,0.7793260809999999,0.011778024541666668,0.05194274882234361,-0.017177786199999996,0.0,0.02492912719999999,0.022386518458333334,0.04653442999999999,-0.07423595695833334,0.37204307094336775,-0.3706630917,0.0,0.2572220762999998,0.18932885820833334,0.4081692728,0.11296107866666667,0.08829430479560942,0.0783173503,0.0857422055,0.1636869785,0.11296107866666667,0.1636869785,0.2812292800499999,1.43026645875,0.1636869785
174,197,1,8,25,25,24,False,True,-0.10311376558333334,0.8454645038666905,-0.33839381049999995,-0.123785764,0.6528831184999999,0.46104597058333335,0.7600086629999999,-2.288928626166667,0.742545831569917,-3.1227866651,-2.3607318404999997,-1.4987908125,2.288928626166667,3.1227866651,-1.1649644486666666,0.6294628574345589,-1.7763235332,-1.0887030960000001,-0.47708382010000006,1.2135619136666667,1.7763235332,-0.5241541210833334,0.6192922879506965,-1.2961407777999998,-0.49441593899999997,0.15034902359999966,0.6772075339166667,1.2961407777999998,-0.15195600995833333,0.5532625201607497,-0.9262955842999999,0.021379864999999998,0.2809960934,0.34000164837499997,0.9262955842999999,-0.0055739019583333355,0.14371058524538932,-0.1932561037,0.023624201499999997,0.1569919674,0.11802746104166667,0.23796538409999995,36.942708333333336,0.017274087449767706,36.9375,36.9375,36.9375,36.942708333333336,36.9375,39.911458333333336,0.030812915536977164,39.875,39.9375,39.9375,39.911458333333336,39.9375,40.338541666666664,0.030812915536977167,40.3125,40.3125,40.375,40.338541666666664,40.375,43.052083333333336,0.023292374765622806,43.0,43.0625,43.0625,43.052083333333336,43.0625,45.059895833333336,0.012489144591960207,45.0625,45.0625,45.0625,45.059895833333336,45.0625,44.432291666666664,0.017274087449767706,44.4375,44.4375,44.4375,44.432291666666664,44.4375,-0.020229443208333333,0.125825941121008,-0.11968480689999998,0.0,0.08447719019999994,0.06358368087499999,0.20176635539999993,-0.03258813129166666,0.08040005424030919,-0.1376744034,0.0,0.004770374199999997,0.039336289375,0.1376744034,0.09234604004166667,0.5319461516215878,-0.0328634335,-0.00018532,0.04677134339999998,0.13832229620833333,0.06433004939999999,-0.06052166274999996,0.40510695623927934,-0.6010700880000001,0.0,0.17001668109999998,0.2324430106666667,0.7337088406999999,0.00016604141666666573,0.049082299829516736,-0.020360184899999995,0.0,0.025061065899999985,0.021755812083333336,0.0648604211,0.08627947816666666,0.33914119333354864,-0.11155700999999998,0.0,0.5099312694999999,0.18225699350000002,0.5383700968,0.11852034437500002,0.09420597274043659,0.0813123644,0.083832622,0.16061441880000002,0.11852034437500002,0.16061441880000002,0.2901183611333333,1.3532534345833334,0.16061441880000002
175,198,1,8,24,19,19,True,True,-0.1917015463157895,0.8139024190586018,-0.38479697079999997,-0.090194434,0.2688180741999998,0.3867775429473685,0.49381277579999994,-2.1551324004210524,0.6747358173825915,-2.9491793154,-1.849242449,-1.6413186074000001,2.1551324004210524,2.9491793153999994,-1.2367902555263157,0.5571634027712741,-1.9217671394,-1.031231046,-0.7282725811999999,1.2367902555263157,1.9217671393999995,-0.582494122368421,0.3023992214232589,-0.8643930556,-0.633818448,-0.24214998480000013,0.5988235927894736,0.8643930556,0.050160897578947365,0.2821239940172469,-0.21487743539999998,-0.015411902,0.28532230839999967,0.1852215617894737,0.3717728611999997,-0.009996128157894737,0.14346074884114712,-0.18384258139999998,0.013031168,0.1880419374,0.11765448794736842,0.20101772539999999,36.953947368421055,0.027521711399147223,36.9375,36.9375,37.0,36.953947368421055,37.0,39.89473684210526,0.029051844955025812,39.875,39.875,39.9375,39.89473684210526,39.9375,40.33223684210526,0.029051844955025812,40.3125,40.3125,40.375,40.33223684210526,40.375,43.04934210526316,0.02548015359346985,43.0,43.0625,43.0625,43.04934210526316,43.0625,45.05921052631579,0.013956054891839754,45.0625,45.0625,45.0625,45.05921052631579,45.0625,44.42434210526316,0.02548015359346985,44.375,44.4375,44.4375,44.42434210526316,44.4375,-0.015588773684210527,0.16682953291771535,-0.1395476756,0.0,0.06617199199999997,0.08323683568421054,0.26498268279999987,-0.00753765941768421,0.0433773443526423,-0.0529976562,0.0,0.006398312799999995,0.022632923424421053,0.08511726879999998,0.041359502473684195,0.7285717951775346,-0.06677169520000001,0.0,0.041139644599999976,0.24966585626315788,0.4224392529999988,-0.026838560789473682,0.5413133693461072,-0.709143758,0.0,0.7494699237999999,0.3456374464736842,1.0117933516,-0.00033027899999999984,0.06796731377468675,-0.0262406286,0.0,0.03420086059999998,0.02922913310526316,0.0812154265999999,0.03350339947368436,0.42292790057695057,-0.395252967,-0.000126345,0.5623818039999999,0.2628884624210528,0.691766775,0.11355989852631578,0.08912426894670221,0.0797760844,0.08391881,0.1721485732,0.11355989852631578,0.1721485732,0.4262191262999997,1.1336571454666664,0.1721485732
178,201,1,9,39,20,20,True,True,-0.09155387164999998,0.7175141912171414,-0.30322982639999996,-0.042832473,0.4475597474000004,0.36717711635,0.7061587154000001,-2.30015678995,0.8880340239867885,-3.3875835179,-2.0139324665,-1.6095430732,2.30015678995,3.387583517900002,-1.2547270327,0.5962455481489671,-1.7284312133,-1.0518853065,-0.7578139665,1.2547270327,1.7284312133,-0.5508240670500001,0.7103092224155394,-1.331710005,-0.5295920669999999,0.03314329920000065,0.7605385810499999,1.6030522581000002,-0.008900305900000002,0.6499138157595327,-0.540227431,-0.0422481705,0.24575771100000013,0.34237608510000006,0.7367171469000009,-0.050300914499999995,0.1467813418561537,-0.2124989897,-0.02897844,0.11460514320000015,0.1165103161,0.21360164540000004,36.9875,0.025,36.9375,37.0,37.0,36.9875,37.0,39.921875,0.027063293868263706,39.875,39.9375,39.9375,39.921875,39.9375,40.33125,0.028641098093473996,40.3125,40.3125,40.375,40.33125,40.375,43.01875,0.028641098093473996,43.0,43.0,43.0625,43.01875,43.0625,45.034375,0.031093357409581867,45.0,45.0625,45.0625,45.034375,45.0625,44.390625,0.027063293868263706,44.375,44.375,44.4375,44.390625,44.4375,0.05638910635000001,0.15387989864737292,-0.03554503789999999,0.0002531605,0.2634900358000002,0.10028877295000001,0.30471153880000007,-0.0035948896000000128,0.06404328052290997,-0.06561262679999999,-1.2750105999999998e-16,0.027664201200000155,0.03645483290000001,0.12794168030000003,-0.0029687819499999942,1.167182784455055,-0.31672848539999965,0.0,0.32281234460000346,0.53513148845,2.6195167782,-0.07827351619999999,0.45849393712462055,-0.5787874157999999,0.0,0.41772088080000025,0.3370620346,0.7390496906000004,-0.0123011877,0.041953544127273125,-0.0417319422,-1.54e-28,0.01249135670000001,0.0204317945,0.05492040360000006,0.025844949400000004,0.3939791134276123,-0.5271036501999999,7.7e-43,0.6438277902,0.2841158846,0.6447308898,0.11304126385000002,0.09049775471484847,0.0806251588,0.08514878149999999,0.16539275650000002,0.11304126385000002,0.16539275650000002,0.7484784968833335,1.395924082833334,0.16539275650000002
179,202,1,9,24,18,18,True,True,-0.11536046777777778,0.6541961540500204,-0.4148571763999999,-0.0212276235,0.4163868515000002,0.3666486742222222,0.7523316803000001,-1.9524444606111109,0.46487623397621564,-2.6838350532,-1.7574065925,-1.5913905026,1.9524444606111109,2.6838350532000006,-1.0793351795555555,0.4297041785092477,-1.6277558801999998,-0.9651654064999999,-0.7065560283,1.0793351795555555,1.6277558802,-0.45459753149999993,0.3245889069706464,-0.809050816,-0.591662377,0.05295064670000004,0.4959068889444444,0.8090508160000001,0.014495834333333327,0.6222463923873296,-0.2334613487,-0.07072708750000001,0.18050251139999998,0.3100531528888889,0.5561547670000007,-0.011571408055555562,0.140479464733806,-0.1723210144,-0.0030394295000000003,0.16520863750000003,0.10364150205555557,0.20931620010000002,37.00694444444444,0.019641855032959652,37.0,37.0,37.01875,37.00694444444444,37.01875,39.9375,0.0,39.9375,39.9375,39.9375,39.9375,39.9375,40.375,0.020833333333333332,40.375,40.375,40.375,40.375,40.375,43.05555555555556,0.019641855032959652,43.04375,43.0625,43.0625,43.05555555555556,43.0625,45.05555555555556,0.019641855032959656,45.04375,45.0625,45.0625,45.05555555555556,45.0625,44.38194444444444,0.019641855032959652,44.375,44.375,44.39375,44.38194444444444,44.39375,-0.0067287124444444435,0.13277194333501272,-0.08074785939999998,0.000180593,0.10414414320000001,0.06964245855555556,0.1556867745,0.012631759888888889,0.06145626023079905,-0.0237002263,0.0,0.04843265270000009,0.027726817,0.09883398060000004,-0.13959061988888888,1.03051328163394,-0.7870125450999995,0.0,0.01825551010000001,0.4331230211111111,2.5083338261,0.06853653916666666,0.3014327735799736,-0.3171119721,0.0,0.4486749587,0.21610961472222223,0.47323268640000005,0.007180405611112096,0.03205673691519801,-0.0121343302,0.0,0.014340745500000005,0.011578819166667649,0.016618276000000005,-0.06137841833333334,0.32127190314850285,-0.5146300703,0.0,0.25457713170000024,0.20661376755555555,0.5768538475,0.1391315558888889,0.12664058537290326,0.0794545649,0.0851919055,0.26677328350000024,0.1391315558888889,0.26677328350000024,0.6382598985166666,1.106407399466667,0.26677328350000024
180,203,1,9,24,24,24,False,True,-0.13875323333333334,0.7316601272389962,-0.2486422254,-0.073701616,0.3243683814999999,0.3450182445,0.5281144437999999,-2.207580200166667,0.7020991743427587,-2.9096902851,-2.0886465315000002,-1.627727616,2.207580200166667,2.9096902851,-1.254923184625,0.6121968328779189,-2.0114890577,-1.018981755,-0.7536220792,1.254923184625,2.0114890577,-0.6547661460416666,0.5616830049817155,-1.2497999785,-0.5437146425,-0.28225643640000003,0.7168403999583332,1.2497999784999998,-0.06120267916666667,0.5868669754296241,-0.493928009,-0.019576211,0.1472992688,0.34436115674999995,1.2729253410999999,0.01722206983333333,0.13146425420301805,-0.1441635698,0.0087228955,0.19792647679999997,0.11120314025,0.19792647679999997,36.997395833333336,0.012489144591960207,37.0,37.0,37.0,36.997395833333336,37.0,39.934895833333336,0.012489144591960207,39.9375,39.9375,39.9375,39.934895833333336,39.9375,40.369791666666664,0.017274087449767706,40.375,40.375,40.375,40.369791666666664,40.375,43.028645833333336,0.031141304018493222,43.0,43.0,43.0625,43.028645833333336,43.0625,45.0234375,0.030257682392245445,45.0,45.0,45.0625,45.0234375,45.0625,44.388020833333336,0.025382276939606676,44.375,44.375,44.4375,44.388020833333336,44.4375,-0.03429331829166667,0.18116684507783426,-0.14190171199999999,0.0,0.0884740104,0.09086522454166664,0.27087101459999985,-0.0017552816249932917,0.03748401320745153,-0.029383494499999996,8.05e-14,0.023217755599999994,0.01992595070834004,0.07667167199999998,-0.04054730629166667,0.6161589266898628,-0.06398330359999999,-7.9033e-05,0.009877600999999996,0.18895671670833333,0.08975865739999998,0.107650932375,0.37275768254025865,-0.19525709289999998,0.0,0.6146817685999999,0.231261321125,0.6146817685999999,0.011527530484749998,0.05053121640456141,-0.016357353199999997,0.0,0.023938556899999987,0.021564270348583336,0.04326002649999999,-0.07395874612463751,0.374590533602454,-0.3925663021,0.0,0.18701566279999987,0.19100062520869585,0.48164020199999996,0.11513628804166669,0.08695390661098133,0.0821441892,0.08710151899999999,0.17685979559999998,0.11513628804166669,0.17685979559999998,0.2628138901833333,1.3616575971666665,0.17685979559999998
182,205,1,9,25,25,25,False,True,-0.08212196012,0.8102241680049274,-0.3082030896,-0.06669987,0.3042744216,0.3793156699600001,0.4780926944000001,-2.1174525272799998,0.7826223483052591,-2.8518349648,-2.262622356,-1.6089926721999999,2.1174525272799998,2.8518349648,-1.1544493908,0.6840610149398035,-1.810267425,-0.971344233,-0.6774620415999998,1.19059190336,1.810267425,-0.54577181736,0.3463732642644963,-0.9381480458,-0.487941951,-0.17776158179999998,0.54748359896,0.9381480458,0.036456503040000005,0.4549776854783306,-0.2762402234,-0.030574989,0.27236795420000026,0.25862476104,0.7805209878000003,0.019066778840000007,0.12843734833607345,-0.1464456798,0.016043151,0.19038451060000003,0.10547086492000002,0.19503473640000002,37.0175,0.02806243040080456,37.0,37.0,37.0625,37.0175,37.0625,39.9775,0.030000000000000002,39.9375,40.0,40.0,39.9775,40.0,40.375,0.0,40.375,40.375,40.375,40.375,40.375,43.0625,0.0,43.0625,43.0625,43.0625,43.0625,43.0625,45.04,0.030000000000000002,45.0,45.0625,45.0625,45.04,45.0625,44.3875,0.025,44.375,44.375,44.4375,44.3875,44.4375,-0.0372284036,0.163767477200547,-0.1710519226,0.0,0.09502924380000001,0.08953391679999999,0.17957459380000002,-0.0023492210000000003,0.07179958617926255,-0.0662656502,0.0,0.0033807924000000015,0.028688007240000007,0.09635485380000006,-0.005668588359999999,0.5535194672603754,-0.055449659999999984,0.0,0.04383448340000001,0.17319812363999998,0.084124608,0.055331203240000015,0.3753620215093392,-0.29721742299999987,0.0,0.5364286422000001,0.23006914996,0.7555842520000002,0.01413292567999997,0.05195347946438039,-0.0168936572,0.0,0.034512511,0.02178946168000003,0.034512511,-0.004377994863973012,0.3175495298249516,-0.373196375,0.0,0.31871775380000056,0.18142166049603922,0.5240673424000001,0.11028550384,0.08165742687742435,0.0794545052,0.085277975,0.1687371258,0.11028550384,0.1687371258,0.2790363601666667,1.1756498090333334,0.1687371258
184,207,1,9,24,24,24,False,True,-0.08115072241666667,0.3059845556082361,-0.3640136719,-0.06818159700000001,0.28886176659999996,0.22869364424999997,0.4776655138999999,-2.329136163,0.5807057659785678,-2.8414195778,-2.33608377,-1.7445807336,2.329136163,2.8414195778,-1.239045751625,0.5526539055726615,-1.8764532682,-1.3151572345,-0.7522634211,1.2608934715416666,1.8764532681999997,-0.61595863225,0.587892336298627,-1.2592180969,-0.5290572044999999,-0.27656563200000006,0.7244214427500001,1.2961639881,-0.07748369687500002,0.323279484559979,-0.3696708981,0.0024649045000000036,0.22036913619999993,0.22005277570833337,0.39210530549999995,0.008476350166666669,0.1234943438818309,-0.1655374693,0.017515018,0.17253461169999998,0.10462765641666667,0.1877670809,37.005208333333336,0.017274087449767706,37.0,37.0,37.0,37.005208333333336,37.0,40.002604166666664,0.012489144591960207,40.0,40.0,40.0,40.002604166666664,40.0,40.385416666666664,0.023292374765622806,40.375,40.375,40.4375,40.385416666666664,40.4375,43.0703125,0.020669932117692115,43.0625,43.0625,43.10625,43.0703125,43.10625,45.059895833333336,0.012489144591960207,45.0625,45.0625,45.0625,45.059895833333336,45.0625,44.3828125,0.020669932117692115,44.375,44.375,44.41875,44.3828125,44.41875,0.030798833999999997,0.12615028991572028,-0.0917901882,0.0,0.18340975969999995,0.08188841683333332,0.21280550399999998,0.004610268083333333,0.03306613780182365,-0.022650644199999997,0.0,0.012329758799999998,0.014542368166666667,0.03878499259999999,0.0047358981887500136,1.048546299610031,-0.045651142199999994,0.0,0.025503745999999983,0.4345669606054167,2.5206547022,-0.006114641791666662,0.3740231372500217,-0.4474961965,0.0,0.3755066456,0.2511570807916667,0.5698536218,-0.0064776925,0.024066171373235357,-0.034497399,0.0,0.013039109099999996,0.011899066583333335,0.03486651719999999,-0.020389478986541656,0.3486693907710088,-0.502579063,0.0,0.38343988359999986,0.21919553734679165,0.6319122912,0.11363988870833334,0.08264863805218894,0.0798364517,0.088288307,0.1665814879,0.11363988870833334,0.1665814879,0.6681462714999999,1.1785957890666665,0.1665814879
186,209,1,9,24,24,24,False,True,-0.037005953625,0.4794413219474221,-0.6197465417999999,-0.0940908495,0.5336912125999997,0.33201271037499996,0.9021347107,-2.4064489950416665,0.6663404705914587,-3.3535353184,-2.3445446490000004,-1.7023355844,2.4064489950416665,3.3535353184,-1.247984041625,0.489937533490717,-1.8024954790999999,-1.0774465800000002,-0.7633895991,1.247984041625,1.8024954790999996,-0.569152027,0.3128732775230185,-0.9911491038,-0.500580579,-0.25491050460000003,0.569152027,0.9911491038,-0.022847065458333326,0.4992788359838535,-0.3725894047999999,-0.009799106000000002,0.41373687389999986,0.30310510545833336,1.1021706404999998,0.011752879125000004,0.1250349418273366,-0.17082703130000002,0.031031401,0.1812977625,0.103778894125,0.2025394153,37.018229166666664,0.028408104465197172,37.0,37.0,37.0625,37.018229166666664,37.0625,40.018229166666664,0.028408104465197172,40.0,40.0,40.0625,40.018229166666664,40.0625,40.419270833333336,0.028408104465197172,40.375,40.4375,40.4375,40.419270833333336,40.4375,43.065104166666664,0.012489144591960207,43.0625,43.0625,43.0625,43.065104166666664,43.0625,45.026041666666664,0.030812915536977167,45.0,45.0,45.0625,45.026041666666664,45.0625,44.372395833333336,0.012489144591960207,44.375,44.375,44.375,44.372395833333336,44.375,0.0035019731666666655,0.14606125372245865,-0.1761498167,0.0,0.17506238279999994,0.09279607416666667,0.28110004239999997,-0.0010500874999999985,0.04715148528417137,-0.03588777599999999,0.0,0.0089154663,0.023234540999999997,0.08180989779999998,0.002473415250000018,1.047367041290218,-0.05294552479999999,0.0,0.025548131799999985,0.43618138016666674,2.5301487446,5.005304166701141e-05,0.3696734258214064,-0.5151339828,0.0,0.370676568,0.25363413212500036,0.5759103237,-0.0028968106666999167,0.026997917353981757,-0.014117090699999998,0.0,0.016473358599999998,0.01208856200003325,0.02840385069999999,-0.004646862916666665,0.31249445225271894,-0.5000898246000001,0.0,0.38792213049999985,0.2047006215,0.5865845141999999,0.11235008145833332,0.08281387987603304,0.0804212212,0.08514878149999999,0.16945115959999998,0.11235008145833332,0.16945115959999998,0.6806595622333332,1.3923374446333332,0.16945115959999998
187,210,1,9,58,5,5,True,True,0.29513163280000004,0.22743394844374887,0.040979658200000005,0.365992367,0.5367776630000001,0.29513163280000004,0.5367776630000001,-3.0365039826,1.3506856761656258,-4.6880154612,-2.490689516,-1.7482540605999999,3.0365039826,4.6880154612,-1.6538232804,0.4513880013558448,-2.1522424698,-1.65087831,-1.139185119,1.6538232804,2.1522424698,-1.1521103026,0.4048705592271413,-1.5914277078,-0.981834948,-0.8882034066,1.1521103026,1.5914277078,-0.5921317928,0.6882027094721277,-1.3742375376,-0.388187766,-0.0415146924,0.5921317928,1.3742375376,0.0477430318,0.11505854347241318,-0.07950282139999999,0.030085716,0.1732243508,0.1020367834,0.1732243508,37.05,0.025000000000000005,37.025,37.0625,37.0625,37.05,37.0625,40.0,0.0,40.0,40.0,40.0,40.0,40.0,40.375,0.0,40.375,40.375,40.375,40.375,40.375,43.0625,0.0,43.0625,43.0625,43.0625,43.0625,43.0625,45.0125,0.025000000000000005,45.0,45.0,45.0375,45.0125,45.0375,44.3625,0.025,44.3375,44.375,44.375,44.3625,44.375,0.1620170258,0.2915397249845908,-0.0283014994,-0.001640579,0.4928594646000001,0.18428088780000002,0.4928594646000001,-0.020275710599999996,0.02843345764941586,-0.05002138739999999,-0.009988891,-0.0007930489999999988,0.0221480878,0.050021387400000006,0.009237719799999999,0.00948572538473579,0.00074324,0.003774468,0.0211421732,0.009237719799999999,0.0211421732,-0.22155420760000002,0.2457880944466301,-0.511485422,-0.171123832,0.04431549060000001,0.25133483440000004,0.511485422,0.0049493508,0.01771019452880761,-0.016650949999999998,0.012757769,0.0211360246,0.0164665996,0.0250474672,0.07296030519999999,0.18914946343873665,-0.115194821,0.000138692,0.3023498772,0.1556362596,0.3023498772,0.20728691819999998,0.16920879519997223,0.0816962242,0.084598422,0.4172900798,0.20728691819999998,0.4172900798,0.23381763193333338,1.7526541983666666,0.4172900798
188,211,1,9,25,25,24,False,True,-0.08344837324999999,0.584148178020455,-0.3815249262,-0.0912542195,0.500523564,0.35200445224999993,0.538234961,-2.376501684375,0.7054630899701636,-3.0800110816,-2.2617635725,-1.7375349520999999,2.376501684375,3.0800110816,-1.2736705914583333,0.6406973383171275,-1.7305764203,-1.1664420965,-0.7575755597,1.295321690625,1.7305764203,-0.6221312473333334,0.5447872512523788,-1.0521901248,-0.5884298385,-0.23356752990000013,0.7258312934166667,1.1569494243999998,-0.007742218250000016,0.6768929155736064,-0.8597122456999998,0.027729894999999997,0.17599245419999995,0.3867859086666667,1.1695752623,-0.013798089833333332,0.11782399235997029,-0.1835194778,0.013078143,0.13377535489999998,0.10085501216666666,0.1944935767,37.059895833333336,0.012489144591960207,37.0625,37.0625,37.0625,37.059895833333336,37.0625,40.059895833333336,0.012489144591960207,40.0625,40.0625,40.0625,40.059895833333336,40.0625,40.393229166666664,0.02840810446519717,40.375,40.375,40.4375,40.393229166666664,40.4375,43.109375,0.027063293868263706,43.0625,43.125,43.125,43.109375,43.125,45.0078125,0.020669932117692115,45.0,45.0,45.04375,45.0078125,45.04375,44.3828125,0.020669932117692115,44.375,44.375,44.41875,44.3828125,44.41875,0.026310134249999995,0.1157737824413953,-0.059598810099999996,0.0,0.17679992979999992,0.07165799775,0.2107174634,-0.0020514013333229573,0.06204964413938425,-0.09333366169999999,0.0,0.018588631799999984,0.031373725416677045,0.11478389119999999,0.006140012541666647,1.0478662345134369,-0.05399524009999999,0.0,0.06886837729999998,0.440124066625,2.5425482986,-0.014202807329583322,0.3885289159258971,-0.4941795915,0.0,0.3744852338,0.2542860893370833,0.5671885490999999,-0.003929111304999999,0.022270335048854156,-0.0155537688,0.0,0.014290488499999995,0.010751999028333334,0.030062979499999993,-0.012734450116666659,0.3700805071046776,-0.5193262758999999,0.0,0.4721402616,0.2296331078,0.6362848101,0.11325820783333333,0.08480524035223437,0.0774941683,0.085656136,0.18077947449999998,0.11325820783333333,0.18077947449999998,0.6835976653166665,1.3116401210500002,0.18077947449999998
190,213,1,9,24,24,24,False,True,0.09659742987499999,0.5331274305177109,-0.2892984361,-0.07325404499999999,0.7834887893999996,0.3196465095416667,0.7955391497999995,-2.5098316620833336,0.8764565205909584,-3.2875154974,-2.4992694855,-1.6041619064000001,2.5098316620833336,3.2875154974,-1.3422822120416669,0.7409521582075443,-2.307960951,-1.1535319684999998,-0.7682545959,1.3422822120416669,2.3079609509999996,-0.6375000358749999,0.5389857369240001,-1.4731717943999998,-0.512889296,-0.24115166100000007,0.714267280625,1.4731717943999998,-0.30086045529166666,0.8919366280263092,-1.2438862022999997,-0.0229306305,0.1867086577,0.4914659167916667,1.2763062233999996,-0.00858364908333333,0.15647529691131296,-0.23262081289999997,0.0259824285,0.16655732859999997,0.13168198216666668,0.25179383169999997,37.059895833333336,0.02194309836764677,37.0625,37.0625,37.0625,37.059895833333336,37.0625,40.080729166666664,0.028408104465197172,40.0625,40.0625,40.125,40.080729166666664,40.125,40.416666666666664,0.02946278254943948,40.375,40.4375,40.4375,40.416666666666664,40.4375,43.122395833333336,0.012489144591960207,43.125,43.125,43.125,43.122395833333336,43.125,45.0625,0.0,45.0625,45.0625,45.0625,45.0625,45.0625,44.377604166666664,0.012489144591960207,44.375,44.375,44.375,44.377604166666664,44.375,-0.033678672206636256,0.13340897689501074,-0.21485879929999996,0.0,0.08466319099999994,0.07161841971003043,0.24258650389999994,-0.01757557850007846,0.04676702140543627,-0.0904225859,0.0,0.01618521019999999,0.026140176916745125,0.0904225859,0.1043547076625125,0.5235460786109044,-0.034325663699999995,-0.00014063804985,0.018790627699999986,0.12123836892082084,0.05243695919999999,-0.043154707875000003,0.42274413326210625,-0.6049391452999999,0.0,0.38766811629999975,0.24444977845833335,0.6832125123,0.0017440085416666664,0.04698499574143156,-0.022422562799999997,0.0,0.028544867199999983,0.021566933041666667,0.0636673884,0.07812792545833332,0.3613586950585396,-0.2058167382,0.0,0.5126057056999999,0.193366227625,0.5988833667,0.12861269708333334,0.105404432227669,0.0786495267,0.087015271,0.23071019629999995,0.12861269708333334,0.23071019629999995,0.28853488606666666,1.5653812412833332,0.23071019629999995
191,214,1,9,49,5,5,True,True,-0.2792617798,0.7390898173893177,-1.097098303,-0.176763564,0.38574739680000003,0.5595395922,1.1979462386000002,-3.3439940928,1.106934277016886,-4.725252723600001,-2.81206584,-2.3216209408,3.3439940928,4.725252723600001,-1.6382901906,0.49462129264565613,-2.2345461367999997,-1.424137115,-1.13669405,1.6382901906,2.2345461367999997,-0.7642414246000001,0.4998300478194313,-1.2820401190000001,-0.823165357,-0.17019073799999995,0.7737099494,1.2820401190000001,0.11408917739999999,0.6845987088767278,-0.4629898968,-0.021876585,0.8293972686000002,0.4411464186,1.1118515970000002,0.07952460480000001,0.16063938544283127,-0.0939850422,0.073949009,0.26407381280000003,0.1475379184,0.26407381280000003,37.05,0.025000000000000005,37.025,37.0625,37.0625,37.05,37.0625,40.075,0.025,40.0625,40.0625,40.1,40.075,40.1,40.4125,0.03061862178478973,40.375,40.4375,40.4375,40.4125,40.4375,43.125,0.0,43.125,43.125,43.125,43.125,43.125,45.075,0.025,45.0625,45.0625,45.1,45.075,45.1,44.375,0.0,44.375,44.375,44.375,44.375,44.375,-0.054421947799999995,0.15226072044545563,-0.2184300608,-0.000508507,0.06089666760000001,0.0950197262,0.24817314720000003,0.015313930799999997,0.10613136781450391,-0.072285901,0.0,0.13060983720000002,0.071759294,0.16229091280000002,-0.5073830974,1.0071184932138562,-1.5280953752,0.0,0.013616227000000003,0.5164647554000001,1.5280953752000004,0.035345723800000006,0.3289278559107161,-0.32334576319999997,0.0,0.3618085622,0.2509276602,0.47436183680000005,0.0236233074,0.03646092312662329,-0.00045116220000000003,0.0,0.06632172620000001,0.0239240822,0.06632172620000001,0.013825740800000019,0.3281652054261667,-0.2967320834,0.0,0.3341035926000001,0.2117070376,0.5234140158,0.0985484838,0.028090155798132347,0.0818800452,0.086292624,0.127744603,0.0985484838,0.127744603,0.5004428356666667,1.8026184379666663,0.127744603
192,215,1,9,41,21,20,True,True,0.32673641594999997,1.1937989685798491,-0.21795525849999997,0.0161637575,1.0106862487000006,0.54368417015,1.1355886222000005,-2.45826682445,0.7892904200204445,-3.6646727087,-2.202455878,-1.6679808143000001,2.45826682445,3.6646727087000004,-1.29516615565,0.4496523304306709,-1.7139971612,-1.343460262,-0.7479044612,1.29516615565,1.7139971612000005,-0.7241892091000001,0.44276710586952484,-1.3741367581,-0.6601639685,-0.2624754040999997,0.7241892091000001,1.3741367581,-0.2524569404,0.548265826392198,-1.1440510746,-0.1061647685,0.3434517325000001,0.4138505626000001,1.1440510746000003,-0.0327471131,0.1616119605789577,-0.2332133475,-0.016537101,0.17286206010000002,0.1365446494,0.2332133475000001,37.06875,0.01875,37.0625,37.0625,37.06875,37.06875,37.06875,40.109375,0.027063293868263706,40.0625,40.125,40.125,40.109375,40.125,40.440625,0.013621559198564608,40.4375,40.4375,40.4375,40.440625,40.4375,43.146875,0.029810600044279552,43.125,43.125,43.1875,43.146875,43.1875,45.0625,0.0,45.0625,45.0625,45.0625,45.0625,45.0625,44.3875,0.025,44.375,44.375,44.4375,44.3875,44.4375,0.0572668941,0.19959341024579055,-0.0893760886,0.0,0.2615346272000003,0.11789158650000002,0.3310348871000002,-0.006531072949999999,0.052033767157728596,-0.0690657416,-9.4548e-05,0.008911881300000066,0.02889692835,0.09231145540000002,0.04404893417555002,0.8522994275955496,-0.0638770778,-2.445e-10,0.17012519700000128,0.32810069362445,1.1447707054000023,-0.09196752770000001,0.46611096100725596,-0.6693386552999999,-1.775e-05,0.41700586670000034,0.33446340240000005,0.7976507782000003,-0.0114208478,0.04678373461016561,-0.03773465019999999,0.0,0.025357620700000028,0.023655580400000004,0.05464237060000005,0.021515341249999993,0.3533007054702084,-0.5157605115,0.0,0.4182241891000003,0.24753361754999997,0.6151126924000001,0.11398313034999999,0.09300053581524496,0.07922388309999999,0.085062623,0.17162301530000001,0.11398313034999999,0.17162301530000001,0.5059204815166671,1.5442766120500002,0.17162301530000001
197,220,1,9,41,20,20,True,True,-0.06724108345,0.5671107503360777,-0.6111068907999999,-0.048576630499999995,0.2569822311000001,0.37458469834999997,0.8062676312000009,-2.3076562107000003,0.7450952828275925,-3.597689271,-2.0890903475,-1.6062547447,2.3076562107000003,3.597689271,-1.28324399875,0.43548212297491,-1.784880638,-1.264819741,-0.7467139360999998,1.28324399875,1.7848806380000002,-0.64001680305,0.347664486217867,-1.0403818608,-0.48292401399999996,-0.33251189249999996,0.64001680305,1.0403818608000004,0.021443502049999997,0.7631309269173712,-0.33449230769999994,-0.004221111,0.30353251420000055,0.39147624505000006,0.8907517968000017,-0.028813120499999994,0.13343074676132777,-0.1783090281,-0.026794864,0.1288865475000001,0.1135918199,0.24429044460000002,37.06875,0.018750000000000003,37.0625,37.0625,37.06875,37.06875,37.06875,40.134375,0.02231696383919641,40.125,40.125,40.1875,40.134375,40.1875,40.478125,0.029810600044279552,40.4375,40.5,40.5,40.478125,40.5,43.128125,0.013621559198564608,43.125,43.125,43.125,43.128125,43.125,45.096875,0.031093357409581867,45.0625,45.125,45.125,45.096875,45.125,44.371875,0.013621559198564608,44.375,44.375,44.375,44.371875,44.375,0.0303323678,0.17514844697406773,-0.08640858559999998,0.0,0.18227117700000028,0.10958100389999999,0.3292141203000001,0.0020807713435,0.06349371304677677,-0.0629222847,-2.0849999999999997e-23,0.03529871790000001,0.03150206905650001,0.0885490991,-0.004477072600000002,0.8316580417128623,-0.0436980752,0.0,0.03550104770000007,0.2784329197,0.33378594780000354,-0.0677723764,0.5127815010729857,-0.6866807521999999,-1.26e-23,0.6514677406,0.35817986969999993,0.9887389007,-0.008398306599999999,0.060988470791746824,-0.03786018769999999,0.0,0.02866745230000004,0.029568702500000005,0.09365137130000006,0.028060992563000004,0.37068502954174626,-0.5134976264000001,-1.745e-05,0.43917929190000027,0.238911968063,0.6179851350000001,0.09927545485000001,0.030474812701775995,0.0800910772,0.08871436099999999,0.15341924450000005,0.09927545485000001,0.15341924450000005,0.40865409570000066,1.3940436070666673,0.15341924450000005
208,232,1,10,25,25,24,False,True,-0.05010632533333333,0.34139677815290853,-0.4138404012,-0.0971946755,0.34122034859999995,0.26867733525,0.5552700222,-2.2985359978333335,0.6957137013883422,-2.8835175755,-2.1996723415,-1.6665748121,2.2985359978333335,2.8835175755,-1.2696827376666666,0.6061284433783557,-1.8386111023,-1.1909617185,-0.6694939968000001,1.2696827376666666,1.8386111023,-0.6653316834583333,0.6456105943681797,-1.5307642582999998,-0.5626049045,-0.28201016170000004,0.775629323625,1.6002389791999998,0.018653244708333332,0.5126417554525613,-0.35894406309999993,-0.0047218425,0.3830148933,0.31611296495833335,0.8073055980999997,0.008177905,0.13310357976759338,-0.1850104902,0.0107670905,0.1799383716,0.10853387033333332,0.2169825077,37.125,0.0,37.125,37.125,37.125,37.125,37.125,40.3046875,0.027436598314720676,40.25,40.3125,40.3125,40.3046875,40.3125,40.700520833333336,0.025382276939606676,40.6875,40.6875,40.75,40.700520833333336,40.75,43.309895833333336,0.012489144591960207,43.3125,43.3125,43.3125,43.309895833333336,43.3125,45.221354166666664,0.031141304018493222,45.1875,45.25,45.25,45.221354166666664,45.25,44.424479166666664,0.025382276939606676,44.375,44.4375,44.4375,44.424479166666664,44.4375,-0.012477546341666966,0.14370570603640345,-0.11636498929999999,0.0,0.0970420489,0.0744890316750003,0.16089406119999997,0.005183893583333332,0.03517476150248106,-0.006279596399999999,0.0,0.040915131699999996,0.018671166833333332,0.060229204399999986,-0.004049802541666676,0.7591057878182319,-0.04131827329999999,0.0,0.013465170799999992,0.23033028929166666,0.06971592379999998,0.06410053741666666,0.39109728192235377,-0.4037929666999999,0.0,0.48612456949999994,0.22875626983333333,0.5815144361,0.005656973386166668,0.0416507367358842,-0.016079450199999998,0.0,0.018030166799999994,0.015663097886166665,0.03708331639999999,-0.04336852225000065,0.41635075833940677,-0.4212269666,0.0,0.39717708959999976,0.21600324925000067,0.5838975547999999,0.12055677179166667,0.09492115293745641,0.0803695441,0.08642181800000001,0.17094441689999998,0.12055677179166667,0.17094441689999998,0.2488890827833333,1.316987630833333,0.17094441689999998
209,233,1,10,40,18,18,True,True,-0.19114957683333333,0.9349346089217365,-1.1895652174,0.020587578,0.5339200349000004,0.5246963548333334,1.2065205453000003,-2.1315006481111114,0.5344020405134012,-2.850112605,-2.024081111,-1.6090159775,2.1315006481111114,2.850112605,-1.1557253351666668,0.5542847278741492,-1.8376725911999998,-0.8165580035,-0.6759623169,1.1557253351666668,1.8376725912,-0.46388882272222226,0.3513581646942431,-0.8240613577,-0.612067044,-0.04091932569999987,0.5197764373888889,0.8240613577,0.04907963788888888,0.7190841090720794,-0.38482227359999993,-0.0644307325,1.1957980868000002,0.43666448077777775,1.4963075878,0.022342902222222225,0.15856672274835598,-0.15374105259999998,0.009138482,0.2090591073,0.134028899,0.2179656985,37.13194444444444,0.019641855032959652,37.125,37.125,37.14375,37.13194444444444,37.14375,40.291666666666664,0.02946278254943948,40.25,40.3125,40.3125,40.291666666666664,40.3125,40.704861111111114,0.027993950514925522,40.6875,40.6875,40.75,40.704861111111114,40.75,43.295138888888886,0.027993950514925522,43.25,43.3125,43.3125,43.295138888888886,43.3125,45.239583333333336,0.02329237476562281,45.1875,45.25,45.25,45.239583333333336,45.25,44.423611111111114,0.025983731852596816,44.375,44.4375,44.4375,44.423611111111114,44.4375,-0.01346877922222222,0.14147943107903987,-0.09290093399999998,0.0,0.09928380930000001,0.07075877711111113,0.18951364160000003,0.0030607395555555554,0.06372685487143484,-0.04460652489999999,-1.825e-20,0.026805384800000047,0.03087167888888889,0.08620992550000003,-0.03852947988888888,0.7613564341911693,-0.07833755949999999,0.0,0.01924357010000001,0.26729153455555554,0.6577201231000014,0.09033740547222223,0.3549511769304567,-0.24183035649999995,2.825e-08,0.5604622989000002,0.22999469258333333,0.6147627948000002,0.010603120444444444,0.04338907635340607,-0.011706521699999998,0.0,0.021626552900000005,0.016029088111111107,0.022997292200000005,-0.06837917016666667,0.33952413417138516,-0.4259686588,0.0,0.24715359220000027,0.20910022194444444,0.5139589727,0.14026686883333334,0.12965776635283668,0.08009968399999999,0.0845553875,0.2857044934000002,0.14026686883333334,0.2857044934000002,0.34752712498333355,1.4054400642500002,0.2857044934000002
219,233,2,10,24,18,18,True,True,-0.3107422072222222,1.1798226839458916,-0.5783788174999999,-0.021432284000000003,0.34119324100000004,0.5023754193333334,0.5783788175000002,-1.9624370933333333,0.45713074558249633,-2.543397641,-1.811164379,-1.5651778701,1.9624370933333333,2.543397641,-1.069729394388889,0.3790598129186166,-1.5706197977,-0.9672239420000001,-0.7003655794,1.069729394388889,1.5706197977,-0.4920528538333333,0.5104234435206767,-0.8431316136,-0.6196395459999999,-0.20817792539999985,0.6371236053888888,1.0329442737,0.14037139333333334,0.7617715644351831,-0.1904947266,-0.058337109,0.17836425320000007,0.29398984933333333,0.22899306080000004,0.02640212405555556,0.1322207748032172,-0.1530362475,0.010847207999999999,0.2104341626,0.10836654105555556,0.2104341626,37.21527777777778,0.03105649968749708,37.1875,37.1875,37.25,37.21527777777778,37.25,40.43055555555556,0.019641855032959652,40.41875,40.4375,40.4375,40.43055555555556,40.4375,40.875,0.0,40.875,40.875,40.875,40.875,40.875,43.35069444444444,0.030468626345111535,43.3125,43.375,43.375,43.35069444444444,43.375,45.3125,0.020833333333333332,45.3125,45.3125,45.3125,45.3125,45.3125,44.423611111111114,0.025983731852596816,44.375,44.4375,44.4375,44.423611111111114,44.4375,0.06417555644444445,0.1911058331124328,-0.07928728169999999,4.475e-05,0.16364296230000006,0.10433569633333332,0.18302404850000004,0.01572472647777778,0.06856154458327052,-0.0245220312,0.0,0.0487944788000001,0.029630751633333334,0.07447045430000007,-0.13774153672222222,1.0323918565872057,-0.7720829223999996,0.0,0.02757139240000001,0.43419724461111114,2.5324283125,0.0020352691811111137,0.31922929116666743,-0.4647802799,0.0,0.3996863781,0.2380822673744444,0.5167063234,0.0016729354261111112,0.014687536559640252,-0.014027793299999999,0.0,0.016383407400000004,0.008991061685,0.022111766200000004,-0.06507342533333332,0.3267818170244943,-0.5246024045,0.0,0.30396392330000005,0.23110657966666664,0.6013455987999999,0.13290660572222224,0.1079999986343995,0.08128649,0.087268978,0.23322286580000012,0.13290660572222224,0.23322286580000012,0.6550144172833333,1.0274612922166668,0.23322286580000012
222,236,1,10,25,25,24,False,True,-0.325294624,1.1817719703365488,-0.5881898401,-0.15022841850000002,0.2823956105,0.5158904495833334,0.6625825879,-2.401420593291667,0.657152810045122,-3.0218078613999997,-2.3489891295,-1.6515646578,2.401420593291667,3.0218078613999997,-1.2222961684583333,0.4457604137780129,-1.768348217,-1.2586776020000001,-0.6055437565000001,1.2222961684583333,1.768348217,-0.6319675223333333,0.5133608578652489,-1.1010555984,-0.517904311,-0.13560331820000016,0.6717325574166666,1.1010555984,0.27347978379166665,0.886875804352921,-0.21656670390000002,0.036502503000000006,0.8321045253999997,0.3987775145416666,0.8475082101999997,-0.009378964541666665,0.12705007559718096,-0.1825592726,0.0121272125,0.15066802209999997,0.10666720287500002,0.2035919678,37.216145833333336,0.031141304018493222,37.1875,37.1875,37.25,37.216145833333336,37.25,40.3671875,0.020669932117692115,40.33125,40.375,40.375,40.3671875,40.375,40.783854166666664,0.031141304018493222,40.75,40.8125,40.8125,40.783854166666664,40.8125,43.317708333333336,0.017274087449767706,43.3125,43.3125,43.3125,43.317708333333336,43.3125,45.25,0.0,45.25,45.25,45.25,45.25,45.25,44.442708333333336,0.017274087449767706,44.4375,44.4375,44.4375,44.442708333333336,44.4375,0.03617602808333333,0.2154097071631414,-0.10289360439999999,0.0,0.2907580885999999,0.12216033766666666,0.41829013509999996,0.0001628801666666684,0.0417945514003482,-0.031079807799999998,0.0,0.008987709499999996,0.020443073500000002,0.0748586938,0.06836663024999996,0.9335097346538858,-0.046029217399999996,0.0,0.07052588769999996,0.3733280211666667,2.0595002113999987,-0.080982811916642,0.4266992557752957,-0.6036871077,0.0,0.3539977785999999,0.29736029050002466,0.7392910777999999,-0.011605815250000004,0.04340767802443737,-0.0271193457,0.0,0.010592469699999996,0.0186987385,0.040248602399999986,0.03495911804166666,0.32741431095742285,-0.4423065541999999,0.0,0.5348677635999998,0.223826279125,0.6266686501000001,0.11346679425,0.08262088697730066,0.081763202,0.0866754945,0.1677282753,0.11346679425,0.1677282753,0.6598095617666665,1.2674824071166666,0.1677282753
223,237,1,10,53,5,5,True,True,0.1779894624,0.25949445155324863,-0.0927575644,0.121866629,0.4712786082,0.2622035416,0.4712786082,-2.5669440268,0.8031838854777557,-3.3906948086,-2.479664326,-1.6779761311999999,2.5669440268,3.3906948086,-1.8983585596,0.7077286357120326,-2.7731623646,-1.46918571,-1.3310060504,1.8983585596,2.7731623646,-1.1642570854000003,0.4682947596002465,-1.7060286046000002,-1.00222683,-0.7895213246,1.1642570854000003,1.7060286046000002,-0.4178657182,0.4749787426675526,-0.952135277,-0.327227205,-0.004461463399999997,0.43719980659999996,0.952135277,0.058993946,0.14304786966843633,-0.1123903096,0.088645987,0.2112509878,0.14268261640000002,0.2112509878,37.2,0.025,37.1875,37.1875,37.225,37.2,37.225,40.35,0.03061862178478973,40.3125,40.375,40.375,40.35,40.375,40.75,0.0,40.75,40.75,40.75,40.75,40.75,43.325,0.025,43.3125,43.3125,43.35,43.325,43.35,45.25,0.0,45.25,45.25,45.25,45.25,45.25,44.4375,0.0,44.4375,44.4375,44.4375,44.4375,44.4375,0.028294481401488002,0.29782813508652667,-0.26952106639999995,7.44e-12,0.33318878400000007,0.20802130540148797,0.4702074764,-0.055271910599999995,0.07441800232031646,-0.14875998199999999,-0.001457803,0.003729213600000001,0.057994697000000005,0.148759982,0.0008525287999999982,0.03751342402807191,-0.041640660600000004,0.013445806,0.032583677000000005,0.028704495200000003,0.05817603340000001,-0.06132267319999999,0.4968323216923319,-0.5487302302,-0.06255202,0.4910562654000001,0.3887519816,0.7382336378000001,0.037021370799999995,0.06723898038930709,-0.0092228298,0.000632666,0.11352609840000001,0.04316992399999999,0.11352609840000001,0.031502984400356,0.29221632701184463,-0.2286867362,1.78e-12,0.33418881400000006,0.191291531600356,0.471979272,0.10888607480000001,0.0347149020954835,0.08810935,0.093931019,0.1452113268,0.10888607480000001,0.1452113268,0.33348041666666667,1.5840917751333334,0.1452113268
224,238,1,10,24,24,24,False,True,-0.152866699875,0.7909919058492454,-0.4318249761,-0.0802966765,0.5161851702999999,0.41024662620833335,0.7874752465,-2.3798124194166665,0.7663579353475976,-3.111424327,-2.1599783895,-1.7424647451000002,2.3798124194166665,3.1114243269999995,-1.1948032330416665,0.5768069241297848,-1.7657301190999999,-1.1520885825,-0.7663213614000001,1.227308084625,1.7657301190999999,-0.46580413333333337,0.6379828376826047,-0.8055224361,-0.5682896675,-0.12878611720000013,0.6928035751666667,1.3845168594,0.034743237125000014,0.5946689257953469,-0.47479680750000003,0.0200948375,0.31046917429999993,0.34674480070833336,0.9378036854999999,-0.005363201208333335,0.11975466222029264,-0.1496302277,-0.0023174945000000013,0.14686912179999997,0.09755029854166668,0.17522610619999998,37.21875,0.03125,37.1875,37.21875,37.25,37.21875,37.25,40.377604166666664,0.012489144591960207,40.375,40.375,40.375,40.377604166666664,40.375,40.7734375,0.030257682392245445,40.75,40.75,40.8125,40.7734375,40.8125,43.348958333333336,0.030812915536977167,43.3125,43.375,43.375,43.348958333333336,43.375,45.231770833333336,0.028408104465197172,45.1875,45.25,45.25,45.231770833333336,45.25,44.453125,0.027063293868263706,44.4375,44.4375,44.5,44.453125,44.5,0.017982254958333332,0.1245061872135132,-0.12754890919999998,0.0,0.119416887,0.07213901079166667,0.20149628539999997,0.001537249791666668,0.06452459645894337,-0.022879881499999997,0.0,0.023261197099999985,0.030048712708333328,0.1391911242,-0.0004383837500000117,1.0736745877442335,-0.05225550159999999,0.0,0.05982604089999998,0.44922875875000007,2.5676220655999997,0.02724588119585068,0.357909870014538,-0.4117570073,0.0,0.38820515,0.23196853952918403,0.5400461556,-0.0040966887916666665,0.024205879546492066,-0.016166162199999997,0.0,0.009127088599999998,0.010986057708333332,0.03690788119999998,-0.036616785170475,0.3458259421890023,-0.5114041981999999,0.0,0.3297947330999999,0.21056890100380832,0.6275180162,0.11525274566666666,0.08553049853787537,0.0785288635,0.0856991705,0.1836079422,0.11525274566666666,0.1836079422,0.6854635880333334,1.3603627239499998,0.1836079422
226,240,1,10,47,5,5,True,True,0.13381974859999998,0.5671196791461182,-0.485278347,0.093193427,0.7155688644,0.46894705459999997,0.837675047,-2.6472961901999996,1.1485086533648374,-3.9846720694,-2.030699253,-1.8198554515999998,2.6472961901999996,3.9846720694,-1.3674197792,0.41080717502293235,-1.7744924308,-1.556226015,-0.875742161,1.3674197792,1.7744924308,-0.7016114591999999,0.9146733600113336,-1.4576939582,-0.937056303,0.2658193708000002,1.0957518696,1.4757735966,-0.316356814,0.6443940463562903,-1.1071685552,-0.10882476,0.3171236692,0.5689337968,1.1071685552,0.0490229154,0.149922175948452,-0.1158630696,0.025090944,0.2120917352,0.1265134714,0.2165202052,37.2125,0.03061862178478973,37.1875,37.1875,37.25,37.2125,37.25,40.3625,0.025,40.3375,40.375,40.375,40.3625,40.375,40.775,0.03061862178478973,40.75,40.75,40.8125,40.775,40.8125,43.325,0.025000000000000005,43.3125,43.3125,43.35,43.325,43.35,45.225,0.03061862178478973,45.1875,45.25,45.25,45.225,45.25,44.4625,0.03061862178478973,44.4375,44.4375,44.5,44.4625,44.5,0.1080905322,0.13823275121317863,-0.024981773999999998,0.11306341,0.25887862780000004,0.1248483866,0.25887862780000004,0.009953353599999992,0.1373450211803316,-0.1124102984,-0.001191556,0.1628882574,0.1002179036,0.2033957422,-0.5247143110000001,1.0923789760923357,-1.6262250426,0.006467266,0.0408544042,0.559670989,1.6424884930000003,-0.0760584914,0.3017724424507443,-0.3511367794,-0.158726871,0.28178766480000006,0.26445453499999994,0.4284038664,0.0031051202000000003,0.009495556813137636,-0.006768518999999999,-6.76e-06,0.014176777000000002,0.0077670002000000005,0.014176777000000002,-0.013135864800000008,0.31543539813935245,-0.37659139659999996,-0.000160095,0.3270364224,0.2613151396,0.46432758580000005,0.2472935558,0.19657635340674098,0.085258937,0.088838756,0.48852973,0.2472935558,0.48852973,0.5019451820333334,1.5660503173666667,0.48852973
227,241,1,10,24,24,24,False,True,-0.063071810375,0.5016184724412875,-0.41539913159999997,-0.11442754799999999,0.4710511684,0.3424714630416667,0.7768304347999998,-2.20481160525,1.0259532446287312,-3.0334697003999995,-2.217872262,-1.6031031131,2.2669360711666666,3.0334697003999995,-1.0575473805833333,0.8453310456195765,-1.9098117115,-1.003455609,-0.5845639467000001,1.2297937770833334,2.0372174976,-0.47008727058333327,0.5671781810938746,-0.8382290243,-0.47531265050000004,-0.24733486050000003,0.6280121015,1.0956666590999997,-0.058680057750000014,0.5234874858254749,-0.41387362199999994,-0.02287953,0.28068297619999993,0.2884658175833333,0.9898180541999996,0.005595058,0.13394464235966505,-0.1667934415,-0.005750427999999998,0.1734480281,0.11219367866666667,0.21334516239999998,37.192708333333336,0.017274087449767706,37.1875,37.1875,37.1875,37.192708333333336,37.1875,40.330729166666664,0.02840810446519717,40.3125,40.3125,40.375,40.330729166666664,40.375,40.75,0.02551551815399144,40.75,40.75,40.75,40.75,40.75,43.359375,0.027063293868263706,43.3125,43.375,43.375,43.359375,43.375,45.216145833333336,0.031141304018493222,45.1875,45.1875,45.25,45.216145833333336,45.25,44.463541666666664,0.030812915536977167,44.4375,44.4375,44.5,44.463541666666664,44.5,-0.020616790154166665,0.13774303241578492,-0.1548964238,0.0,0.0988107885,0.07528516932083333,0.22304558889999995,-0.012264317208329675,0.06492137533169781,-0.077444089,0.0,0.0007580268999999998,0.03074228454167033,0.10577675899999998,0.002582077749999994,0.7479714018272673,-0.040334998399999995,0.0,0.028528313799999986,0.22843772658333336,0.05672760149999999,0.060611227749999996,0.33447201588291264,-0.23353381929999995,0.0,0.4535101028999999,0.2132014668333333,0.5853626367999999,0.008284253708273997,0.039814046995530726,-0.0164742902,0.0,0.021591785899999993,0.0171345518750594,0.03400359179999999,-0.037274378708333326,0.32744218285310733,-0.4277235744,0.0,0.24313103159999985,0.18462895312500002,0.5252971411999999,0.112823103875,0.08572223941150849,0.080099702,0.085742235,0.170290631,0.112823103875,0.170290631,0.25503555319999993,1.3577245847499997,0.170290631
229,243,1,10,26,26,25,False,True,0.009071885000000028,0.7217421362641478,-0.4117015064,-0.083307534,0.4690276624000005,0.4120141610800001,0.7414539338000004,-2.1927229338800003,0.7062466420905356,-3.0046201704,-2.279590368,-1.5962461948,2.1927229338800003,3.004620170400001,-1.36083329912,0.8613419020539188,-1.9433243752,-1.341931105,-0.7419401642,1.43578023672,1.9433243752,-0.68503008484,0.5915447110503643,-1.4459146738,-0.563594878,-0.22055705159999997,0.74968293308,1.4459146738000002,-0.07284202692000001,0.5086747705988458,-0.6461173894,-0.028346203,0.09390427460000002,0.28341459659999996,0.7554375528000002,0.039713945599999995,0.14607691350675514,-0.1693218206,0.058830708,0.25208554260000005,0.1263981232,0.25208554260000005,37.1875,0.0,37.1875,37.1875,37.1875,37.1875,37.1875,40.32,0.0203100960115899,40.3125,40.3125,40.35,40.32,40.35,40.735,0.026692695630078273,40.6875,40.75,40.75,40.735,40.75,43.385,0.022912878474779203,43.375,43.375,43.4375,43.385,43.4375,45.1875,0.0,45.1875,45.1875,45.1875,45.1875,45.1875,44.5,0.0,44.5,44.5,44.5,44.5,44.5,-0.004830732040000003,0.21570558470689485,-0.18474181559999997,0.0,0.11551101800000006,0.10463611451999999,0.3282809018000003,-0.0018395504000000007,0.04682796683481379,-0.030710737799999995,0.0,0.010742526200000015,0.021306025279999998,0.07460291120000005,0.04779173135999998,0.5807628885161721,-0.05431500919999999,0.0,0.019866940800000007,0.17782210712000002,0.14154822840000017,0.08137589188,0.39583797884824706,-0.3707147539999999,0.0,0.6504235622000004,0.23965030340000001,0.7007542130000003,0.0089603393200398,0.04847094861761324,-0.019115538199999997,0.0,0.019548317800000027,0.0208535436400398,0.05033378880000001,-0.06787208279996829,0.3426238931402069,-0.32146798379999997,0.0,0.06880637880000001,0.1793879804800317,0.48850053560000006,0.12940132140000002,0.113628389537505,0.0793683526,0.08569926,0.20119150880000006,0.12940132140000002,0.20119150880000006,0.2973367631333335,1.357139374766667,0.20119150880000006
230,245,1,10,24,24,24,False,True,-0.12262065716666666,0.681701597437812,-0.6749730793999998,-0.132510606,0.7751257778999999,0.43061345474999996,0.8274025444,-2.4212441047083337,0.6038801500127873,-3.2520945312,-2.3486880064999998,-1.7850826505,2.4212441047083337,3.2520945312,-1.3320002804583335,0.4956336379692876,-1.9320348146,-1.1442647575,-0.8328924718000001,1.3320002804583335,1.9320348146,-0.6220791362916667,0.4675150226980178,-1.0704873324,-0.511455804,-0.17267178900000008,0.6220791362916667,1.0704873324,0.018638486416666645,0.7167566642202137,-0.8620663117999997,0.0430002455,0.5783086150999998,0.40082572625000007,1.2280436636,0.020628367458333335,0.1261200716836467,-0.1600101371,0.041767172500000005,0.17616169629999998,0.108043870375,0.19292003530000001,37.184895833333336,0.012489144591960207,37.1875,37.1875,37.1875,37.184895833333336,37.1875,40.309895833333336,0.012489144591960207,40.3125,40.3125,40.3125,40.309895833333336,40.3125,40.721354166666664,0.031141304018493222,40.6875,40.75,40.75,40.721354166666664,40.75,43.369791666666664,0.017274087449767706,43.375,43.375,43.375,43.369791666666664,43.375,45.190104166666664,0.012489144591960207,45.1875,45.1875,45.1875,45.190104166666664,45.1875,44.4921875,0.020669932117692115,44.45625,44.5,44.5,44.4921875,44.5,0.002581088833330376,0.08766878709511583,-0.10424976139999999,0.0,0.11744301539999999,0.055578033833336295,0.1321773801,-0.0026932705833333345,0.05491305859231799,-0.036841906699999996,0.0,0.026839414999999978,0.02602547033333333,0.08299416899999999,-0.03000253133333335,0.9773426891391764,-0.05342987749999999,-7.1783e-05,0.016755713,0.4029131698333333,2.3192874310999994,0.042685005125,0.3581961116083967,-0.3912401197,0.0,0.3848860976,0.22228804545833333,0.5201285331,-0.0010382568750010714,0.02028703879162271,-0.015483203699999998,0.0,0.010122380099999995,0.009910080625001072,0.03887037889999998,-0.056263457958333325,0.37179500897675594,-0.49412757129999996,0.0,0.3472053290999998,0.20530928570833332,0.5615250797,0.130278209875,0.11784675677381405,0.0806328177,0.08353593949999999,0.2967984023999999,0.130278209875,0.2967984023999999,0.6091638286499999,1.4171638202499999,0.2967984023999999
233,248,1,10,24,24,24,False,True,-0.12789176041666667,0.4740774117682519,-0.4920841752,-0.123404846,0.4258017717999997,0.32184309316666665,0.7704049344999999,-2.4255923678749998,0.8410946550904762,-3.1439801693,-2.2570511105,-1.7464806556,2.4255923678749998,3.1439801693,-1.2276711202916666,0.6647549573686856,-1.8608100295,-1.067847371,-0.7805829703,1.2561325194583333,1.8608100294999999,-0.5270911722083333,0.6792592139776147,-1.1801113244,-0.574936867,-0.09425760500000022,0.7544542817916667,1.3659337279,0.17290944720833334,0.5382440070079202,-0.20600318329999998,0.0326657805,0.7860034343999998,0.34968798720833333,0.8296102877999999,0.012983084833333334,0.11575395659929397,-0.15186919249999997,0.0035869260000000003,0.13967868379999998,0.09811824383333334,0.1782423738,37.171875,0.027063293868263706,37.125,37.1875,37.1875,37.171875,37.1875,40.315104166666664,0.012489144591960207,40.3125,40.3125,40.3125,40.315104166666664,40.3125,40.700520833333336,0.025382276939606676,40.6875,40.6875,40.75,40.700520833333336,40.75,43.375,0.0,43.375,43.375,43.375,43.375,43.375,45.200520833333336,0.025382276939606676,45.1875,45.1875,45.25,45.200520833333336,45.25,44.518229166666664,0.028408104465197172,44.5,44.5,44.5625,44.518229166666664,44.5625,0.008671991916666667,0.11197982026299778,-0.13214841539999997,0.0,0.1194931025,0.067933489,0.19988925589999998,0.010810372791666667,0.0607418677898316,-0.020998854999999993,6.8e-05,0.05106189929999997,0.028376732958333335,0.11857637689999995,-0.0028703244583333323,1.0664356617599617,-0.055156307099999996,-0.0002171885,0.024777325299999996,0.44399709929166664,2.5632217407,0.04049484933333335,0.3491882797648705,-0.3518235358,0.0,0.41517159079999993,0.22543895508333334,0.5194930194999999,-0.002211299333333338,0.022576449143004804,-0.016076895999999997,0.0,0.008603560799999998,0.010452044583333339,0.03478201309999998,-0.03612815425,0.3474170252296989,-0.4935469065,0.0,0.3353004812999999,0.20698575491666668,0.6249582053999999,0.13369059070833333,0.11456124185470994,0.079893857,0.0848089755,0.23841657049999998,0.13369059070833333,0.23841657049999998,0.6768201019166667,1.3581635871333333,0.23841657049999998
234,249,1,10,46,5,5,True,True,0.1702882722,0.6485853772433707,-0.5091468696,0.089430936,0.9144242766000001,0.5369337398,1.013926721,-2.6250573874,1.2114132198939347,-3.9720426562,-2.220580101,-1.6431945561999999,2.6250573874,3.9720426562,-1.4758412122,0.36933040105810194,-1.8676113126,-1.448190212,-1.1123826982,1.4758412122,1.8676113126,-0.713744831,0.9514101307622224,-1.5843219519999998,-0.970555663,0.3464814784000001,1.0979741333999997,1.584321952,-0.36537301819999995,1.2976789842072785,-1.8944321629999998,-0.100877061,0.9450453996000001,1.0630866794,2.0136333462000002,0.060042781600000004,0.14103704796027414,-0.09339671979999999,0.029593695,0.215912205,0.1245357284,0.215912205,37.15,0.03061862178478973,37.125,37.125,37.1875,37.15,37.1875,40.3125,0.0,40.3125,40.3125,40.3125,40.3125,40.3125,40.7,0.025000000000000005,40.6875,40.6875,40.725,40.7,40.725,43.375,0.0,43.375,43.375,43.375,43.375,43.375,45.2125,0.03061862178478973,45.1875,45.1875,45.25,45.2125,45.25,44.5,0.0,44.5,44.5,44.5,44.5,44.5,0.0915809724,0.11368034862832567,-0.0322434394,0.102144875,0.2184965666,0.11312872119999999,0.2184965666,-0.004910161600000002,0.03564095051901755,-0.0425562852,0.003468977,0.0249529634,0.0235618992,0.057630306400000005,-0.5119518964,1.0784949510601032,-1.6027385546,0.001258739,0.0572161376,0.5571246252,1.6260799078000001,-0.08997872479999999,0.2862346401911624,-0.3670455098,-0.126740009,0.24527132520000003,0.253906566,0.3917428972,0.0064427578000000015,0.010549094408320659,-0.0037046958,0.000313064,0.019093602400000003,0.0089363826,0.019093602400000003,-0.002938376800000009,0.3047875107423006,-0.3483744202,-6.48e-05,0.327400881,0.2486416984,0.4538559138,0.24581563480000002,0.1978208259744594,0.0826611046,0.087479591,0.4900899172,0.24581563480000002,0.4900899172,0.4611498657,1.777908032166667,0.4900899172
235,250,1,10,43,5,5,True,True,-0.4567271946,0.8963544136380216,-1.491200113,-0.380042702,0.48685456540000005,0.8036409974,1.491200113,-2.0105692866,1.6452627533359674,-3.4527330402,-2.29961586,-0.2037174227999996,2.4308098794,3.4527330402,-1.0779168173999998,0.7127801804481892,-1.7694711688,-1.241101742,-0.2874881875999999,1.1200396494,1.7694711688,-0.7186848043999999,0.566205872051805,-1.2984381675999999,-0.781208336,-0.05560386179999993,0.8096410632,1.2984381676,0.750784324,1.134921757185233,-0.4952227386,0.534790516,2.0765522002,1.0923013464,2.0765522002,0.0695219512,0.17059458823971596,-0.104342252,0.022383837,0.2744022962,0.1455612356,0.2744022962,37.1625,0.03061862178478973,37.125,37.1875,37.1875,37.1625,37.1875,40.3125,0.0,40.3125,40.3125,40.3125,40.3125,40.3125,40.6875,0.0,40.6875,40.6875,40.6875,40.6875,40.6875,43.3875,0.025,43.375,43.375,43.4125,43.3875,43.4125,45.225,0.03061862178478973,45.1875,45.25,45.25,45.225,45.25,44.5125,0.025,44.5,44.5,44.5375,44.5125,44.5375,0.004423237399999999,0.044153161785121374,-0.034614499199999996,-2.4100000000000003e-27,0.05189253680000001,0.0301733338,0.06961670240000001,0.029304178000000004,0.11173815776718321,-0.055041898,1.19e-05,0.14737470900000002,0.068959508,0.17812048500000002,-0.5102119154000001,1.0394125906797909,-1.5534837334,-4.21e-05,0.022642326000000004,0.5255193690000001,1.5679776118000002,-0.061949063000000006,0.24957354523912373,-0.3364274142,-0.000193672,0.20167089020000004,0.1964064298,0.3688752174,0.0043802534,0.009636400255741324,-0.0050118661999999994,-0.000121564,0.0159804444,0.0077924957999999985,0.0159804444,0.01811655299999999,0.3281216542574212,-0.32440707980000005,0.001262203,0.3464067932,0.2344066246,0.5131280182,0.195879173,0.16607171908830345,0.0854292746,0.089011073,0.390825784,0.195879173,0.390825784,0.4522830798666666,1.7271328309999998,0.390825784
236,251,1,11,24,19,19,True,True,-0.004843754947368405,1.3988046233549372,-0.5048185345999999,-0.001564226,0.46012721099999987,0.6770142741052632,1.735811996399998,-2.084136184789473,0.6393988987015804,-2.843124962,-1.772924304,-1.570485449,2.084136184789473,2.843124962,-1.141547817894737,0.4213388110518806,-1.7524921895999999,-1.140425801,-0.7255332466000002,1.141547817894737,1.7524921895999999,-0.5306113295263157,0.3483307920715888,-0.9945664884000001,-0.529421687,-0.07142836020000012,0.5543071505789474,0.9945664884000001,0.11684816415789472,0.7916125298164355,-0.3020873662,-0.065240055,0.39846823179999935,0.38236620489473677,0.7063901181999996,0.00468448421052631,0.15337219407965957,-0.1584000468,0.02690414,0.212017554,0.12925878536842103,0.22597228879999998,37.14802631578947,0.03014852430892,37.125,37.125,37.1875,37.14802631578947,37.1875,40.27302631578947,0.03014852430892,40.25,40.25,40.3125,40.27302631578947,40.3125,40.66447368421053,0.03014852430892,40.625,40.6875,40.6875,40.66447368421053,40.6875,43.37171052631579,0.013956054891839756,43.375,43.375,43.375,43.37171052631579,43.375,45.20065789473684,0.02548015359346985,45.1875,45.1875,45.25,45.20065789473684,45.25,44.52302631578947,0.03014852430892,44.5,44.5,44.5625,44.52302631578947,44.5625,0.05412474168421053,0.20575719387886565,-0.06793857860000001,0.0,0.18274197599999978,0.10377340610526316,0.3052920815999999,-0.0026628627894736846,0.03960825273087491,-0.058905469,0.0,0.020278601199999996,0.021576849947368422,0.07145571079999997,0.03183269473684208,0.8208391131177183,-0.051751273199999996,0.0,0.1258469823999998,0.3002184058947368,0.7603178503999986,-0.060050731789473705,0.5419391819270017,-0.6902643918,0.0,0.625405657,0.36825778168421053,1.0514160155999999,-0.005697725894736842,0.05733930865337233,-0.029333757999999998,0.0,0.033754903599999976,0.02664300810526316,0.06867112839999996,0.008920525263157892,0.44923258362428603,-0.49061920680000004,0.0,0.5144860861999998,0.28870691873684207,0.7454499725999997,0.11916952394736842,0.09433267961919183,0.0800459862,0.083239198,0.1952167273999999,0.11916952394736842,0.1952167273999999,0.5004337932333329,1.376393007233333,0.1952167273999999
237,252,1,11,25,25,24,False,True,-0.11502333862499999,0.43607641175745054,-0.3327263325,-0.083232958,0.2010569214,0.251520485875,0.5198522867999998,-2.3529202095,0.7621900862502905,-3.0927239416,-2.2057884935,-1.6711929556,2.3529202095,3.0927239415999996,-1.2820774589583335,0.5499674258654447,-1.6923310159999998,-1.09827435,-0.8964914502000001,1.2820774589583335,1.6923310159999998,-0.6482540609999999,0.4295856231415418,-1.1644430044,-0.558178872,-0.2799031497,0.6656678451666665,1.1644430044,0.13978699308333334,0.38784844676675845,-0.1862488271,0.0673536865,0.5639940498999999,0.2609827558333333,0.5854609488999999,0.006811858916666663,0.1402999987464214,-0.1590540574,0.00269477,0.19221485689999998,0.11286622624999999,0.21961136739999998,37.143229166666664,0.02840810446519717,37.125,37.125,37.1875,37.143229166666664,37.1875,40.263020833333336,0.025382276939606676,40.25,40.25,40.3125,40.263020833333336,40.3125,40.643229166666664,0.02840810446519717,40.625,40.625,40.6875,40.643229166666664,40.6875,43.328125,0.027063293868263706,43.3125,43.3125,43.375,43.328125,43.375,45.182291666666664,0.017274087449767706,45.1875,45.1875,45.1875,45.182291666666664,45.1875,44.528645833333336,0.031141304018493222,44.5,44.5,44.5625,44.528645833333336,44.5625,0.0033074115000000016,0.1482357156718704,-0.11970157769999996,7.75e-33,0.10951511609999999,0.0809895705,0.2433345454999999,0.014340261708333331,0.07207478110536107,-0.03703273789999999,0.0,0.061619516599999945,0.031187181375,0.0816620654,0.003164061874999994,1.0554330199313022,-0.0586432534,0.0,0.04869484329999999,0.44264305320833336,2.5711665153,0.035484308858333334,0.36479416328744363,-0.38272665159999997,0.0,0.44062845409999996,0.24357520202499996,0.5481952457999999,-6.344599998908309e-05,0.031836069317776036,-0.0154908664,0.0,0.011577637099999998,0.013906611916677582,0.03520094789999999,-0.040736215125,0.36958512807206023,-0.5216165242999999,0.0,0.38563224349999975,0.218636500875,0.6262184383999999,0.12528528029166666,0.11302591846325521,0.08092278829999999,0.0841293635,0.1823837337,0.12528528029166666,0.1823837337,0.68429629305,1.2124037608499998,0.1823837337
239,254,1,11,24,24,24,False,True,-0.27374618133333334,1.106422578897911,-0.5673280865,-0.093404237,0.27632976029999995,0.4648198655,0.6836335723,-2.3619138549166667,0.7118306589808169,-3.0619642018,-2.3471262455,-1.6425874949,2.3619138549166667,3.0619642018,-1.2788237035416665,0.4382608065169163,-1.7368751287,-1.2782205345,-0.8344848397,1.2788237035416665,1.7368751286999997,-0.6076185255416667,0.3477143052110088,-0.9844569444000001,-0.58318761,-0.19815574560000007,0.6139066386250001,0.9844569444,0.1486049163333333,0.8400213413414978,-0.29231785689999995,0.029910302,0.6269329530999995,0.3828552738333333,0.8872816385999999,0.02097316070833333,0.13267246062320714,-0.1623028424,0.038122724,0.1900573014,0.11209220470833332,0.20630353089999998,37.140625,0.027063293868263706,37.125,37.125,37.1875,37.140625,37.1875,40.270833333333336,0.02946278254943948,40.25,40.25,40.3125,40.270833333333336,40.3125,40.65625,0.03125,40.625,40.65625,40.6875,40.65625,40.6875,43.375,0.0,43.375,43.375,43.375,43.375,43.375,45.223958333333336,0.030812915536977167,45.1875,45.25,45.25,45.223958333333336,45.25,44.518229166666664,0.02840810446519717,44.5,44.5,44.5625,44.518229166666664,44.5625,0.01624835362499978,0.20129385627285676,-0.23388838879999996,7.049999999999999e-43,0.14452864399999998,0.10781284987500023,0.2800068914,0.01542019354875,0.05747162478658317,-0.017899638599999997,0.0,0.07010270999999993,0.024551751927083334,0.08407212899999997,0.03484021491666667,0.9713720659699744,-0.0465159666,-9.14745e-05,0.040535308199999995,0.40434416058333333,2.2824717404999992,0.0023820983749999977,0.3551575728334664,-0.5000462803,0.0,0.35902716809999996,0.24715369370833332,0.5272870956,-0.0023806653333333333,0.028272694244433134,-0.023250669699999997,0.0,0.011060446699999999,0.013417085666666667,0.03275688719999999,-0.018466039624999993,0.32280963085354514,-0.44885209509999996,0.0,0.28455729159999993,0.20433948895833332,0.6445818300999999,0.13149463641666667,0.11316482509829529,0.0800393104,0.08578535949999999,0.31389848579999985,0.13149463641666667,0.31389848579999985,0.6418627623,1.2600858361166665,0.31389848579999985
240,255,1,11,53,5,5,True,True,0.43828355080000003,0.35300790713244545,0.06762910200000001,0.431073964,0.8464668988000001,0.43828355080000003,0.8464668988000001,-1.897475803,1.5844113231753156,-3.3617714884,-2.096619606,-0.2755040287999998,2.2119589926,3.3617714884000005,-0.7808130979999998,1.335222093828877,-1.7104686973999998,-1.384083271,0.6986446378000002,1.5144730327999998,1.845643353,-0.32325982439999995,0.9539204341404426,-1.1746932503999998,-0.600817323,0.7639046314000002,0.8880578935999999,1.4257828712,-0.9664546132,1.0120562758563263,-2.1184390546,-1.003661156,0.16601758620000004,1.1127272368,2.1184390546,0.06019624320000001,0.13452482770470103,-0.0920066624,0.099573411,0.1753191976,0.1365167424,0.19904948760000002,37.15,0.03061862178478973,37.125,37.125,37.1875,37.15,37.1875,40.2875,0.03061862178478973,40.25,40.3125,40.3125,40.2875,40.3125,40.6875,0.0,40.6875,40.6875,40.6875,40.6875,40.6875,43.3625,0.025,43.3375,43.375,43.375,43.3625,43.375,45.2125,0.03061862178478973,45.1875,45.1875,45.25,45.2125,45.25,44.525,0.03061862178478973,44.5,44.5,44.5625,44.525,44.5625,0.1421551526,0.17696378629939732,-0.012606843,0.121631317,0.3386161448,0.1505597146,0.3386161448,-0.0236222684,0.03723219779545224,-0.0666295556,-0.001000822,0.0009013728000000001,0.0242296636,0.0666295556,-0.4964628906,1.0232780586634838,-1.5257747618,0.014109493,0.024603957000000003,0.5207257505999999,1.5377281502000002,-0.1005897734,0.2874629831070904,-0.3491607968,-0.247395769,0.24592193940000004,0.2646168918,0.41252695959999997,0.0035083463999999996,0.012957541466904724,-0.010035102800000001,0.000176324,0.0185165182,0.0105158452,0.0197437766,-0.018344502800000002,0.3368870534088227,-0.39411528139999996,0.000176181,0.35643791560000004,0.2766426872,0.4938046814,0.1628810882,0.15721535766824318,0.0824907186,0.08569926,0.32069069120000004,0.1628810882,0.32069069120000004,0.4781748780333333,1.6328588589333333,0.32069069120000004
243,258,1,11,30,30,30,False,True,-0.19699624396666657,0.9193194001496063,-0.35916256009999975,-0.13210006800000001,0.3976339731,0.4600615851,1.0002101663000003,-2.1459944924,0.9599289459220058,-2.8026319027,-2.2512825725,-1.4137576344999996,2.217588357133333,2.8026319027000004,-1.0796608683333335,0.8622456540840304,-1.7926042551999999,-1.0513516665,-0.7127252699,1.2516445837333334,2.3538966414,-0.4117202559333333,0.5687318668603066,-0.8251760418999999,-0.4435069115,-0.1343123829999999,0.5630714852666666,0.9606799836000004,-0.12356372030000001,0.7121589220552658,-0.49086742999999994,-0.0246498455,0.26245188300000105,0.3639491883,0.9562052370000004,-0.020310342633333332,0.12984621994656587,-0.1622015985,-0.022978724,0.12793035810000009,0.1136220667,0.18595487020000004,37.12916666666667,0.01559023911155809,37.125,37.125,37.125,37.12916666666667,37.125,40.24583333333333,0.015590239111558088,40.25,40.25,40.25,40.24583333333333,40.25,40.62708333333333,0.011219093348196882,40.625,40.625,40.625,40.62708333333333,40.625,43.37916666666667,0.01559023911155809,43.375,43.375,43.375,43.37916666666667,43.375,45.25,0.0,45.25,45.25,45.25,45.25,45.25,44.5625,0.0,44.5625,44.5625,44.5625,44.5625,44.5625,-0.00623238246666667,0.12859892012335677,-0.1170708914,0.0,0.10809614890000004,0.06438649960000001,0.1986980681000001,-0.004898893200000001,0.03553296378703993,-0.0506196806,0.0,0.0038679711000000113,0.015463598466666667,0.05945718330000004,-0.09942831456666665,0.44150726767066945,-0.05274468629999998,0.0,0.005910594500000028,0.10799368790000001,0.06756019650000003,-0.006487085633333326,0.366222849847466,-0.17962941549999983,9.434999999999999e-05,0.3568126951000001,0.1880407041,0.6822746996000002,-0.0018113225847333331,0.0399162449540778,-0.027299454299999998,0.0,0.006275136000000036,0.016550464384733333,0.03938878040000003,0.002641304299999997,0.37079938789497363,-0.15216070479999988,0.0,0.12008232340000055,0.16815284789999999,0.5482973035,0.11834407053333333,0.09797828776957673,0.0799627364,0.0847659115,0.17954182600000013,0.11834407053333333,0.17954182600000013,0.2659460385666667,1.376596466866667,0.17954182600000013
244,259,1,11,24,24,23,False,True,-0.023445844999999996,0.8540810980116759,-0.5444425942,-0.147043318,0.7954502522000004,0.4941304010869566,0.9428342578,-2.108424471782609,0.9272915049070155,-2.875713968,-2.078886032,-1.4739076856,2.1461707146521736,2.875713968,-1.0692638216521737,0.7363163827020756,-1.883850622,-0.970026135,-0.6136989119999999,1.1943655318260868,1.883850622,-0.49700830852173916,0.6396020847601487,-1.284362674,-0.445160389,0.15520778720000025,0.6571323615652175,1.3044062616000003,-0.2021606250869565,0.6121315497381671,-0.9617382165999998,-0.082414716,0.18546536300000008,0.36178417969565224,1.0188033578000002,4.00411739130425e-05,0.13547784126359577,-0.1726312846,-0.002700071,0.16441715980000002,0.11295874273913044,0.230664682,37.12228260869565,0.012745694999520185,37.125,37.125,37.125,37.12228260869565,37.125,40.244565217391305,0.017610708419586577,40.25,40.25,40.25,40.244565217391305,40.25,40.64402173913044,0.02875816642461512,40.625,40.625,40.6875,40.64402173913044,40.6875,43.375,0.0,43.375,43.375,43.375,43.375,43.375,45.255434782608695,0.017610708419586577,45.25,45.25,45.25,45.255434782608695,45.25,44.54891304347826,0.02577943744702483,44.5,44.5625,44.5625,44.54891304347826,44.5625,-0.04560971934782608,0.13939546226898375,-0.2359659076,0.0,0.05169864120000001,0.07461964552173914,0.23596590760000008,-0.0029152360869561522,0.04851076607305042,-0.0355787214,-7.3e-19,0.016310473200000005,0.02502117547826124,0.09563931220000002,-0.08067036213043485,0.5386905205980274,-0.0487367992,0.0,0.06265657700000002,0.16135166760869568,0.25110632300000013,0.0329963817826087,0.28925177027112764,-0.1940654574,0.0,0.4745666448000001,0.17907718204347828,0.5441295979999999,0.010771189913043478,0.03891414976831544,-0.0114247348,0.0,0.028424904600000002,0.017528746,0.035268168800000006,0.009359605739130434,0.24938128163618195,-0.311466134,0.000124861,0.118901402,0.14108095391304348,0.49248753740000006,0.13244947660869566,0.11661140509409924,0.07774111,0.085191905,0.19966578460000003,0.13244947660869566,0.19966578460000003,0.27576614116666676,1.3760455248666668,0.19966578460000003
248,263,1,11,25,25,25,False,True,0.005194496839999994,0.5961348052391777,-0.2841261984,-0.09800981,0.37114647020000024,0.32328307683999996,0.46806229360000007,-2.30178933672,0.8031823646131658,-3.2515263554,-2.31174612,-1.5498719689999998,2.30178933672,3.2515263554000002,-1.2035552463599999,0.5427314595622292,-1.8978111742,-1.006023765,-0.7460707188,1.2069397870000003,1.8978111742000003,-0.6769044769999999,0.49594372119173274,-0.9773106809999998,-0.574848771,-0.2964282097999999,0.68081835372,0.9773106810000001,0.00207892451999999,0.5226218926695099,-0.5475527048,-0.014141927,0.39734463720000046,0.30418411836,0.7694628598000003,0.002181758520000007,0.14909078694432024,-0.15960522300000002,0.041808233,0.2052294728000001,0.12823680867999998,0.23394592120000002,37.135,0.0229128784747792,37.125,37.125,37.1875,37.135,37.1875,40.28,0.031224989991991994,40.25,40.25,40.3125,40.28,40.3125,40.68,0.0203100960115899,40.65,40.6875,40.6875,40.68,40.6875,43.3425,0.031224989991991994,43.3125,43.3125,43.375,43.3425,43.375,45.27,0.029154759474226504,45.25,45.25,45.3125,45.27,45.3125,44.5225,0.03,44.5,44.5,44.5625,44.5225,44.5625,-0.01362442724,0.06624232661834366,-0.11014720799999998,0.0,0.06168379760000003,0.044286961480000005,0.1331781564,-0.0030790830684,0.03781238839055437,-0.03375496879999999,0.0,0.0043169682000000036,0.0160279211716,0.05690079640000004,0.008502649280000002,0.05516845483133384,-0.025289193799999995,0.0,0.033320078800000055,0.02202206728,0.047359369600000006,-0.04749294720000002,0.34179109104110966,-0.4202364207999999,0.0,0.22505676740000025,0.18417094120000002,0.6111858964000001,0.0012181227999919996,0.03230926418229887,-0.019662499999999996,0.0,0.04363512980000004,0.016508227120008,0.058354279400000014,0.05169987492,0.3103375457881291,-0.130881801,0.0,0.25198016160000025,0.14140383236,0.4156559290000002,0.09246266132,0.02071870222901579,0.0809993624,0.086378694,0.09800670140000001,0.09246266132,0.09800670140000001,0.22043907120000006,1.2663532142,0.09800670140000001
