target,model,seed,test_block,cycle,cycle_run,true_event_cycle,event_detected_on_positive_window,normal_cycle_false_alarm,window_count,predicted_positive_window_count
System_Failure,1d_cnn,42,1,1,1,1,1.0,,30,8
System_Failure,1d_cnn,42,1,2,2,1,1.0,,37,30
System_Failure,1d_cnn,42,1,3,3,0,,0.0,17,0
System_Failure,1d_cnn,42,1,4,4,0,,0.0,15,0
System_Failure,1d_cnn,42,1,5,5,1,1.0,,18,8
System_Failure,1d_cnn,42,1,6,6,1,1.0,,22,7
System_Failure,1d_cnn,42,1,8,8,0,,0.0,15,0
System_Failure,1d_cnn,42,1,9,9,0,,1.0,15,1
System_Failure,1d_cnn,42,1,10,10,0,,0.0,15,0
System_Failure,1d_cnn,42,1,11,11,0,,1.0,16,3
System_Failure,1d_cnn,42,1,12,12,0,,0.0,15,0
System_Failure,1d_cnn,42,1,13,13,0,,1.0,15,2
System_Failure,1d_cnn,42,1,14,14,1,1.0,,19,12
System_Failure,1d_cnn,42,1,15,15,1,1.0,,14,8
System_Failure,1d_cnn,42,1,16,16,0,,0.0,16,0
System_Failure,1d_cnn,42,1,17,17,0,,0.0,15,0
System_Failure,1d_cnn,42,1,18,18,0,,0.0,16,0
System_Failure,1d_cnn,42,1,19,19,0,,0.0,15,0
System_Failure,1d_cnn,42,1,20,20,0,,0.0,15,0
System_Failure,1d_cnn,42,1,21,21,0,,1.0,16,1
System_Failure,1d_cnn,42,1,22,22,1,1.0,,27,10
System_Failure,1d_cnn,42,1,23,23,0,,0.0,15,0
System_Failure,1d_cnn,42,1,24,24,0,,0.0,15,0
System_Failure,1d_cnn,42,1,25,25,0,,0.0,16,0
System_Failure,1d_cnn,43,1,1,1,1,1.0,,30,12
System_Failure,1d_cnn,43,1,2,2,1,1.0,,37,31
System_Failure,1d_cnn,43,1,3,3,0,,0.0,17,0
System_Failure,1d_cnn,43,1,4,4,0,,0.0,15,0
System_Failure,1d_cnn,43,1,5,5,1,1.0,,18,6
System_Failure,1d_cnn,43,1,6,6,1,1.0,,22,16
System_Failure,1d_cnn,43,1,8,8,0,,0.0,15,0
System_Failure,1d_cnn,43,1,9,9,0,,0.0,15,0
System_Failure,1d_cnn,43,1,10,10,0,,0.0,15,0
System_Failure,1d_cnn,43,1,11,11,0,,0.0,16,0
System_Failure,1d_cnn,43,1,12,12,0,,0.0,15,0
System_Failure,1d_cnn,43,1,13,13,0,,0.0,15,0
System_Failure,1d_cnn,43,1,14,14,1,1.0,,19,10
System_Failure,1d_cnn,43,1,15,15,1,1.0,,14,8
System_Failure,1d_cnn,43,1,16,16,0,,0.0,16,0
System_Failure,1d_cnn,43,1,17,17,0,,0.0,15,0
System_Failure,1d_cnn,43,1,18,18,0,,1.0,16,4
System_Failure,1d_cnn,43,1,19,19,0,,0.0,15,0
System_Failure,1d_cnn,43,1,20,20,0,,0.0,15,0
System_Failure,1d_cnn,43,1,21,21,0,,0.0,16,0
System_Failure,1d_cnn,43,1,22,22,1,1.0,,27,11
System_Failure,1d_cnn,43,1,23,23,0,,0.0,15,0
System_Failure,1d_cnn,43,1,24,24,0,,0.0,15,0
System_Failure,1d_cnn,43,1,25,25,0,,0.0,16,0
System_Failure,1d_cnn,44,1,1,1,1,1.0,,30,17
System_Failure,1d_cnn,44,1,2,2,1,1.0,,37,32
System_Failure,1d_cnn,44,1,3,3,0,,0.0,17,0
System_Failure,1d_cnn,44,1,4,4,0,,0.0,15,0
System_Failure,1d_cnn,44,1,5,5,1,1.0,,18,6
System_Failure,1d_cnn,44,1,6,6,1,1.0,,22,10
System_Failure,1d_cnn,44,1,8,8,0,,0.0,15,0
System_Failure,1d_cnn,44,1,9,9,0,,0.0,15,0
System_Failure,1d_cnn,44,1,10,10,0,,0.0,15,0
System_Failure,1d_cnn,44,1,11,11,0,,0.0,16,0
System_Failure,1d_cnn,44,1,12,12,0,,0.0,15,0
System_Failure,1d_cnn,44,1,13,13,0,,0.0,15,0
System_Failure,1d_cnn,44,1,14,14,1,1.0,,19,9
System_Failure,1d_cnn,44,1,15,15,1,1.0,,14,5
System_Failure,1d_cnn,44,1,16,16,0,,0.0,16,0
System_Failure,1d_cnn,44,1,17,17,0,,0.0,15,0
System_Failure,1d_cnn,44,1,18,18,0,,1.0,16,2
System_Failure,1d_cnn,44,1,19,19,0,,0.0,15,0
System_Failure,1d_cnn,44,1,20,20,0,,0.0,15,0
System_Failure,1d_cnn,44,1,21,21,0,,0.0,16,0
System_Failure,1d_cnn,44,1,22,22,1,1.0,,27,12
System_Failure,1d_cnn,44,1,23,23,0,,0.0,15,0
System_Failure,1d_cnn,44,1,24,24,0,,0.0,15,0
System_Failure,1d_cnn,44,1,25,25,0,,0.0,16,0
System_Failure,1d_cnn,42,2,26,26,0,,0.0,15,0
System_Failure,1d_cnn,42,2,27,27,0,,0.0,15,0
System_Failure,1d_cnn,42,2,28,28,0,,1.0,16,1
System_Failure,1d_cnn,42,2,29,29,0,,0.0,15,0
System_Failure,1d_cnn,42,2,30,30,0,,0.0,15,0
System_Failure,1d_cnn,42,2,31,31,0,,0.0,14,0
System_Failure,1d_cnn,42,2,32,32,0,,0.0,15,0
System_Failure,1d_cnn,42,2,33,33,0,,0.0,16,0
System_Failure,1d_cnn,42,2,34,34,0,,0.0,15,0
System_Failure,1d_cnn,42,2,35,35,1,1.0,,20,4
System_Failure,1d_cnn,42,2,36,36,1,1.0,,24,21
System_Failure,1d_cnn,42,2,37,37,0,,0.0,15,0
System_Failure,1d_cnn,42,2,38,38,0,,0.0,15,0
System_Failure,1d_cnn,42,2,39,39,1,1.0,,15,10
System_Failure,1d_cnn,42,2,40,40,1,1.0,,20,16
System_Failure,1d_cnn,42,2,41,41,0,,0.0,15,0
System_Failure,1d_cnn,42,2,42,42,1,1.0,,71,67
System_Failure,1d_cnn,42,2,43,43,0,,0.0,15,0
System_Failure,1d_cnn,42,2,44,44,0,,0.0,15,0
System_Failure,1d_cnn,42,2,45,45,0,,0.0,15,0
System_Failure,1d_cnn,42,2,48,48,0,,0.0,15,0
System_Failure,1d_cnn,42,2,49,49,0,,0.0,15,0
System_Failure,1d_cnn,42,2,50,50,0,,0.0,15,0
System_Failure,1d_cnn,43,2,26,26,0,,0.0,15,0
System_Failure,1d_cnn,43,2,27,27,0,,0.0,15,0
System_Failure,1d_cnn,43,2,28,28,0,,1.0,16,7
System_Failure,1d_cnn,43,2,29,29,0,,0.0,15,0
System_Failure,1d_cnn,43,2,30,30,0,,0.0,15,0
System_Failure,1d_cnn,43,2,31,31,0,,0.0,14,0
System_Failure,1d_cnn,43,2,32,32,0,,0.0,15,0
System_Failure,1d_cnn,43,2,33,33,0,,1.0,16,2
System_Failure,1d_cnn,43,2,34,34,0,,0.0,15,0
System_Failure,1d_cnn,43,2,35,35,1,1.0,,20,2
System_Failure,1d_cnn,43,2,36,36,1,1.0,,24,21
System_Failure,1d_cnn,43,2,37,37,0,,0.0,15,0
System_Failure,1d_cnn,43,2,38,38,0,,0.0,15,0
System_Failure,1d_cnn,43,2,39,39,1,1.0,,15,6
System_Failure,1d_cnn,43,2,40,40,1,1.0,,20,10
System_Failure,1d_cnn,43,2,41,41,0,,0.0,15,0
System_Failure,1d_cnn,43,2,42,42,1,1.0,,71,64
System_Failure,1d_cnn,43,2,43,43,0,,0.0,15,0
System_Failure,1d_cnn,43,2,44,44,0,,0.0,15,0
System_Failure,1d_cnn,43,2,45,45,0,,0.0,15,0
System_Failure,1d_cnn,43,2,48,48,0,,0.0,15,0
System_Failure,1d_cnn,43,2,49,49,0,,0.0,15,0
System_Failure,1d_cnn,43,2,50,50,0,,0.0,15,0
System_Failure,1d_cnn,44,2,26,26,0,,0.0,15,0
System_Failure,1d_cnn,44,2,27,27,0,,0.0,15,0
System_Failure,1d_cnn,44,2,28,28,0,,1.0,16,2
System_Failure,1d_cnn,44,2,29,29,0,,0.0,15,0
System_Failure,1d_cnn,44,2,30,30,0,,0.0,15,0
System_Failure,1d_cnn,44,2,31,31,0,,0.0,14,0
System_Failure,1d_cnn,44,2,32,32,0,,0.0,15,0
System_Failure,1d_cnn,44,2,33,33,0,,0.0,16,0
System_Failure,1d_cnn,44,2,34,34,0,,1.0,15,1
System_Failure,1d_cnn,44,2,35,35,1,1.0,,20,3
System_Failure,1d_cnn,44,2,36,36,1,1.0,,24,21
System_Failure,1d_cnn,44,2,37,37,0,,0.0,15,0
System_Failure,1d_cnn,44,2,38,38,0,,0.0,15,0
System_Failure,1d_cnn,44,2,39,39,1,1.0,,15,9
System_Failure,1d_cnn,44,2,40,40,1,1.0,,20,14
System_Failure,1d_cnn,44,2,41,41,0,,0.0,15,0
System_Failure,1d_cnn,44,2,42,42,1,1.0,,71,66
System_Failure,1d_cnn,44,2,43,43,0,,0.0,15,0
System_Failure,1d_cnn,44,2,44,44,0,,0.0,15,0
System_Failure,1d_cnn,44,2,45,45,0,,0.0,15,0
System_Failure,1d_cnn,44,2,48,48,0,,0.0,15,0
System_Failure,1d_cnn,44,2,49,49,0,,0.0,15,0
System_Failure,1d_cnn,44,2,50,50,0,,0.0,15,0
System_Failure,1d_cnn,42,3,51,51,0,,0.0,15,0
System_Failure,1d_cnn,42,3,52,52,0,,0.0,15,0
System_Failure,1d_cnn,42,3,53,53,1,1.0,,43,28
System_Failure,1d_cnn,42,3,54,54,0,,0.0,15,0
System_Failure,1d_cnn,42,3,55,55,0,,0.0,15,0
System_Failure,1d_cnn,42,3,56,56,0,,0.0,15,0
System_Failure,1d_cnn,42,3,57,57,0,,0.0,32,0
System_Failure,1d_cnn,42,3,58,58,0,,1.0,15,4
System_Failure,1d_cnn,42,3,59,59,0,,0.0,15,0
System_Failure,1d_cnn,42,3,60,60,0,,0.0,16,0
System_Failure,1d_cnn,42,3,61,61,0,,0.0,13,0
System_Failure,1d_cnn,42,3,62,62,0,,0.0,16,0
System_Failure,1d_cnn,42,3,63,63,1,1.0,,31,16
System_Failure,1d_cnn,42,3,64,64,1,1.0,,16,7
System_Failure,1d_cnn,42,3,65,65,1,1.0,,13,2
System_Failure,1d_cnn,42,3,66,66,0,,0.0,17,0
System_Failure,1d_cnn,42,3,67,67,1,1.0,,15,6
System_Failure,1d_cnn,42,3,68,68,0,,0.0,15,0
System_Failure,1d_cnn,42,3,69,69,1,1.0,,24,13
System_Failure,1d_cnn,42,3,70,70,0,,0.0,15,0
System_Failure,1d_cnn,42,3,71,71,0,,0.0,9,0
System_Failure,1d_cnn,42,3,72,72,0,,0.0,15,0
System_Failure,1d_cnn,42,3,73,73,0,,1.0,16,2
System_Failure,1d_cnn,42,3,75,74,0,,0.0,15,0
System_Failure,1d_cnn,43,3,51,51,0,,0.0,15,0
System_Failure,1d_cnn,43,3,52,52,0,,0.0,15,0
System_Failure,1d_cnn,43,3,53,53,1,1.0,,43,29
System_Failure,1d_cnn,43,3,54,54,0,,0.0,15,0
System_Failure,1d_cnn,43,3,55,55,0,,0.0,15,0
System_Failure,1d_cnn,43,3,56,56,0,,0.0,15,0
System_Failure,1d_cnn,43,3,57,57,0,,0.0,32,0
System_Failure,1d_cnn,43,3,58,58,0,,1.0,15,3
System_Failure,1d_cnn,43,3,59,59,0,,0.0,15,0
System_Failure,1d_cnn,43,3,60,60,0,,0.0,16,0
System_Failure,1d_cnn,43,3,61,61,0,,0.0,13,0
System_Failure,1d_cnn,43,3,62,62,0,,0.0,16,0
System_Failure,1d_cnn,43,3,63,63,1,1.0,,31,10
System_Failure,1d_cnn,43,3,64,64,1,1.0,,16,6
System_Failure,1d_cnn,43,3,65,65,1,1.0,,13,2
System_Failure,1d_cnn,43,3,66,66,0,,0.0,17,0
System_Failure,1d_cnn,43,3,67,67,1,1.0,,15,6
System_Failure,1d_cnn,43,3,68,68,0,,0.0,15,0
System_Failure,1d_cnn,43,3,69,69,1,1.0,,24,13
System_Failure,1d_cnn,43,3,70,70,0,,0.0,15,0
System_Failure,1d_cnn,43,3,71,71,0,,0.0,9,0
System_Failure,1d_cnn,43,3,72,72,0,,0.0,15,0
System_Failure,1d_cnn,43,3,73,73,0,,1.0,16,1
System_Failure,1d_cnn,43,3,75,74,0,,0.0,15,0
System_Failure,1d_cnn,44,3,51,51,0,,0.0,15,0
System_Failure,1d_cnn,44,3,52,52,0,,0.0,15,0
System_Failure,1d_cnn,44,3,53,53,1,1.0,,43,29
System_Failure,1d_cnn,44,3,54,54,0,,0.0,15,0
System_Failure,1d_cnn,44,3,55,55,0,,0.0,15,0
System_Failure,1d_cnn,44,3,56,56,0,,0.0,15,0
System_Failure,1d_cnn,44,3,57,57,0,,0.0,32,0
System_Failure,1d_cnn,44,3,58,58,0,,1.0,15,2
System_Failure,1d_cnn,44,3,59,59,0,,0.0,15,0
System_Failure,1d_cnn,44,3,60,60,0,,0.0,16,0
System_Failure,1d_cnn,44,3,61,61,0,,0.0,13,0
System_Failure,1d_cnn,44,3,62,62,0,,0.0,16,0
System_Failure,1d_cnn,44,3,63,63,1,1.0,,31,15
System_Failure,1d_cnn,44,3,64,64,1,1.0,,16,6
System_Failure,1d_cnn,44,3,65,65,1,1.0,,13,1
System_Failure,1d_cnn,44,3,66,66,0,,0.0,17,0
System_Failure,1d_cnn,44,3,67,67,1,1.0,,15,6
System_Failure,1d_cnn,44,3,68,68,0,,0.0,15,0
System_Failure,1d_cnn,44,3,69,69,1,1.0,,24,14
System_Failure,1d_cnn,44,3,70,70,0,,0.0,15,0
System_Failure,1d_cnn,44,3,71,71,0,,0.0,9,0
System_Failure,1d_cnn,44,3,72,72,0,,0.0,15,0
System_Failure,1d_cnn,44,3,73,73,0,,1.0,16,3
System_Failure,1d_cnn,44,3,75,74,0,,0.0,15,0
System_Failure,1d_cnn,42,4,76,75,1,1.0,,15,6
System_Failure,1d_cnn,42,4,85,84,0,,1.0,20,5
System_Failure,1d_cnn,42,4,86,85,1,1.0,,20,14
System_Failure,1d_cnn,42,4,87,86,1,1.0,,20,6
System_Failure,1d_cnn,42,4,88,87,0,,0.0,15,0
System_Failure,1d_cnn,42,4,89,88,0,,1.0,15,3
System_Failure,1d_cnn,42,4,90,89,0,,0.0,15,0
System_Failure,1d_cnn,42,4,91,90,1,1.0,,15,11
System_Failure,1d_cnn,42,4,92,91,1,1.0,,15,10
System_Failure,1d_cnn,42,4,93,92,0,,0.0,15,0
System_Failure,1d_cnn,42,4,94,93,0,,0.0,15,0
System_Failure,1d_cnn,42,4,95,94,1,1.0,,15,9
System_Failure,1d_cnn,42,4,96,95,1,1.0,,7,5
System_Failure,1d_cnn,42,4,97,96,1,1.0,,15,9
System_Failure,1d_cnn,42,4,98,97,0,,1.0,15,1
System_Failure,1d_cnn,42,4,99,98,1,1.0,,92,47
System_Failure,1d_cnn,42,4,100,99,0,,0.0,15,0
System_Failure,1d_cnn,43,4,76,75,1,1.0,,15,5
System_Failure,1d_cnn,43,4,85,84,0,,1.0,20,6
System_Failure,1d_cnn,43,4,86,85,1,1.0,,20,10
System_Failure,1d_cnn,43,4,87,86,1,1.0,,20,5
System_Failure,1d_cnn,43,4,88,87,0,,0.0,15,0
System_Failure,1d_cnn,43,4,89,88,0,,0.0,15,0
System_Failure,1d_cnn,43,4,90,89,0,,0.0,15,0
System_Failure,1d_cnn,43,4,91,90,1,1.0,,15,7
System_Failure,1d_cnn,43,4,92,91,1,1.0,,15,9
System_Failure,1d_cnn,43,4,93,92,0,,0.0,15,0
System_Failure,1d_cnn,43,4,94,93,0,,0.0,15,0
System_Failure,1d_cnn,43,4,95,94,1,1.0,,15,9
System_Failure,1d_cnn,43,4,96,95,1,1.0,,7,5
System_Failure,1d_cnn,43,4,97,96,1,1.0,,15,9
System_Failure,1d_cnn,43,4,98,97,0,,1.0,15,1
System_Failure,1d_cnn,43,4,99,98,1,1.0,,92,47
System_Failure,1d_cnn,43,4,100,99,0,,0.0,15,0
System_Failure,1d_cnn,44,4,76,75,1,1.0,,15,6
System_Failure,1d_cnn,44,4,85,84,0,,1.0,20,5
System_Failure,1d_cnn,44,4,86,85,1,1.0,,20,10
System_Failure,1d_cnn,44,4,87,86,1,1.0,,20,5
System_Failure,1d_cnn,44,4,88,87,0,,0.0,15,0
System_Failure,1d_cnn,44,4,89,88,0,,1.0,15,4
System_Failure,1d_cnn,44,4,90,89,0,,0.0,15,0
System_Failure,1d_cnn,44,4,91,90,1,1.0,,15,9
System_Failure,1d_cnn,44,4,92,91,1,1.0,,15,10
System_Failure,1d_cnn,44,4,93,92,0,,0.0,15,0
System_Failure,1d_cnn,44,4,94,93,0,,0.0,15,0
System_Failure,1d_cnn,44,4,95,94,1,1.0,,15,6
System_Failure,1d_cnn,44,4,96,95,1,1.0,,7,5
System_Failure,1d_cnn,44,4,97,96,1,1.0,,15,6
System_Failure,1d_cnn,44,4,98,97,0,,0.0,15,0
System_Failure,1d_cnn,44,4,99,98,1,1.0,,92,47
System_Failure,1d_cnn,44,4,100,99,0,,0.0,15,0
System_Failure,1d_cnn,42,5,101,100,0,,0.0,15,0
System_Failure,1d_cnn,42,5,102,101,0,,0.0,15,0
System_Failure,1d_cnn,42,5,103,102,1,1.0,,54,42
System_Failure,1d_cnn,42,5,104,103,0,,0.0,2,0
System_Failure,1d_cnn,42,5,105,104,1,1.0,,14,5
System_Failure,1d_cnn,42,5,106,105,0,,0.0,15,0
System_Failure,1d_cnn,42,5,107,106,0,,0.0,15,0
System_Failure,1d_cnn,42,5,108,107,1,1.0,,47,20
System_Failure,1d_cnn,42,5,109,108,0,,0.0,15,0
System_Failure,1d_cnn,42,5,110,109,0,,0.0,4,0
System_Failure,1d_cnn,42,5,111,110,0,,0.0,16,0
System_Failure,1d_cnn,42,5,112,111,0,,0.0,15,0
System_Failure,1d_cnn,42,5,113,112,0,,0.0,15,0
System_Failure,1d_cnn,42,5,114,113,0,,0.0,16,0
System_Failure,1d_cnn,42,5,115,114,1,1.0,,43,9
System_Failure,1d_cnn,42,5,116,115,0,,0.0,15,0
System_Failure,1d_cnn,42,5,117,116,1,1.0,,19,5
System_Failure,1d_cnn,42,5,118,117,1,1.0,,30,8
System_Failure,1d_cnn,42,5,119,118,0,,0.0,16,0
System_Failure,1d_cnn,42,5,120,119,0,,0.0,15,0
System_Failure,1d_cnn,42,5,121,120,0,,0.0,16,0
System_Failure,1d_cnn,42,5,122,121,0,,0.0,15,0
System_Failure,1d_cnn,42,5,123,122,0,,0.0,14,0
System_Failure,1d_cnn,42,5,124,123,0,,0.0,16,0
System_Failure,1d_cnn,42,5,125,124,0,,0.0,13,0
System_Failure,1d_cnn,43,5,101,100,0,,0.0,15,0
System_Failure,1d_cnn,43,5,102,101,0,,0.0,15,0
System_Failure,1d_cnn,43,5,103,102,1,1.0,,54,47
System_Failure,1d_cnn,43,5,104,103,0,,0.0,2,0
System_Failure,1d_cnn,43,5,105,104,1,1.0,,14,5
System_Failure,1d_cnn,43,5,106,105,0,,0.0,15,0
System_Failure,1d_cnn,43,5,107,106,0,,0.0,15,0
System_Failure,1d_cnn,43,5,108,107,1,1.0,,47,17
System_Failure,1d_cnn,43,5,109,108,0,,0.0,15,0
System_Failure,1d_cnn,43,5,110,109,0,,0.0,4,0
System_Failure,1d_cnn,43,5,111,110,0,,0.0,16,0
System_Failure,1d_cnn,43,5,112,111,0,,0.0,15,0
System_Failure,1d_cnn,43,5,113,112,0,,0.0,15,0
System_Failure,1d_cnn,43,5,114,113,0,,0.0,16,0
System_Failure,1d_cnn,43,5,115,114,1,1.0,,43,10
System_Failure,1d_cnn,43,5,116,115,0,,0.0,15,0
System_Failure,1d_cnn,43,5,117,116,1,1.0,,19,5
System_Failure,1d_cnn,43,5,118,117,1,1.0,,30,9
System_Failure,1d_cnn,43,5,119,118,0,,0.0,16,0
System_Failure,1d_cnn,43,5,120,119,0,,0.0,15,0
System_Failure,1d_cnn,43,5,121,120,0,,0.0,16,0
System_Failure,1d_cnn,43,5,122,121,0,,0.0,15,0
System_Failure,1d_cnn,43,5,123,122,0,,0.0,14,0
System_Failure,1d_cnn,43,5,124,123,0,,0.0,16,0
System_Failure,1d_cnn,43,5,125,124,0,,0.0,13,0
System_Failure,1d_cnn,44,5,101,100,0,,0.0,15,0
System_Failure,1d_cnn,44,5,102,101,0,,0.0,15,0
System_Failure,1d_cnn,44,5,103,102,1,1.0,,54,50
System_Failure,1d_cnn,44,5,104,103,0,,0.0,2,0
System_Failure,1d_cnn,44,5,105,104,1,1.0,,14,6
System_Failure,1d_cnn,44,5,106,105,0,,0.0,15,0
System_Failure,1d_cnn,44,5,107,106,0,,0.0,15,0
System_Failure,1d_cnn,44,5,108,107,1,1.0,,47,20
System_Failure,1d_cnn,44,5,109,108,0,,0.0,15,0
System_Failure,1d_cnn,44,5,110,109,0,,1.0,4,1
System_Failure,1d_cnn,44,5,111,110,0,,1.0,16,1
System_Failure,1d_cnn,44,5,112,111,0,,0.0,15,0
System_Failure,1d_cnn,44,5,113,112,0,,1.0,15,2
System_Failure,1d_cnn,44,5,114,113,0,,0.0,16,0
System_Failure,1d_cnn,44,5,115,114,1,1.0,,43,11
System_Failure,1d_cnn,44,5,116,115,0,,0.0,15,0
System_Failure,1d_cnn,44,5,117,116,1,1.0,,19,5
System_Failure,1d_cnn,44,5,118,117,1,1.0,,30,9
System_Failure,1d_cnn,44,5,119,118,0,,0.0,16,0
System_Failure,1d_cnn,44,5,120,119,0,,0.0,15,0
System_Failure,1d_cnn,44,5,121,120,0,,0.0,16,0
System_Failure,1d_cnn,44,5,122,121,0,,0.0,15,0
System_Failure,1d_cnn,44,5,123,122,0,,0.0,14,0
System_Failure,1d_cnn,44,5,124,123,0,,0.0,16,0
System_Failure,1d_cnn,44,5,125,124,0,,0.0,13,0
System_Failure,1d_cnn,42,7,151,129,0,,0.0,15,0
System_Failure,1d_cnn,42,7,152,130,1,1.0,,21,7
System_Failure,1d_cnn,42,7,153,131,0,,0.0,15,0
System_Failure,1d_cnn,42,7,154,132,0,,0.0,16,0
System_Failure,1d_cnn,42,7,155,133,0,,0.0,15,0
System_Failure,1d_cnn,42,7,156,134,0,,0.0,15,0
System_Failure,1d_cnn,42,7,157,135,0,,0.0,16,0
System_Failure,1d_cnn,42,7,159,137,1,1.0,,23,9
System_Failure,1d_cnn,42,7,160,138,1,1.0,,16,7
System_Failure,1d_cnn,42,7,161,139,0,,0.0,15,0
System_Failure,1d_cnn,42,7,162,140,0,,0.0,15,0
System_Failure,1d_cnn,42,7,163,141,1,1.0,,44,12
System_Failure,1d_cnn,42,7,164,142,1,1.0,,21,11
System_Failure,1d_cnn,42,7,165,143,0,,0.0,15,0
System_Failure,1d_cnn,42,7,166,144,0,,0.0,15,0
System_Failure,1d_cnn,42,7,167,145,0,,1.0,15,1
System_Failure,1d_cnn,42,7,168,146,0,,0.0,16,0
System_Failure,1d_cnn,42,7,169,147,0,,0.0,15,0
System_Failure,1d_cnn,42,7,170,148,1,1.0,,47,9
System_Failure,1d_cnn,42,7,171,149,0,,0.0,15,0
System_Failure,1d_cnn,42,7,172,150,0,,0.0,15,0
System_Failure,1d_cnn,42,7,173,151,1,1.0,,21,9
System_Failure,1d_cnn,42,7,174,152,1,1.0,,19,7
System_Failure,1d_cnn,42,7,175,153,1,1.0,,35,8
System_Failure,1d_cnn,43,7,151,129,0,,0.0,15,0
System_Failure,1d_cnn,43,7,152,130,1,1.0,,21,7
System_Failure,1d_cnn,43,7,153,131,0,,0.0,15,0
System_Failure,1d_cnn,43,7,154,132,0,,0.0,16,0
System_Failure,1d_cnn,43,7,155,133,0,,0.0,15,0
System_Failure,1d_cnn,43,7,156,134,0,,0.0,15,0
System_Failure,1d_cnn,43,7,157,135,0,,0.0,16,0
System_Failure,1d_cnn,43,7,159,137,1,1.0,,23,9
System_Failure,1d_cnn,43,7,160,138,1,1.0,,16,9
System_Failure,1d_cnn,43,7,161,139,0,,0.0,15,0
System_Failure,1d_cnn,43,7,162,140,0,,0.0,15,0
System_Failure,1d_cnn,43,7,163,141,1,1.0,,44,16
System_Failure,1d_cnn,43,7,164,142,1,1.0,,21,12
System_Failure,1d_cnn,43,7,165,143,0,,0.0,15,0
System_Failure,1d_cnn,43,7,166,144,0,,0.0,15,0
System_Failure,1d_cnn,43,7,167,145,0,,1.0,15,1
System_Failure,1d_cnn,43,7,168,146,0,,0.0,16,0
System_Failure,1d_cnn,43,7,169,147,0,,0.0,15,0
System_Failure,1d_cnn,43,7,170,148,1,1.0,,47,10
System_Failure,1d_cnn,43,7,171,149,0,,0.0,15,0
System_Failure,1d_cnn,43,7,172,150,0,,0.0,15,0
System_Failure,1d_cnn,43,7,173,151,1,1.0,,21,13
System_Failure,1d_cnn,43,7,174,152,1,1.0,,19,12
System_Failure,1d_cnn,43,7,175,153,1,1.0,,35,10
System_Failure,1d_cnn,44,7,151,129,0,,0.0,15,0
System_Failure,1d_cnn,44,7,152,130,1,1.0,,21,7
System_Failure,1d_cnn,44,7,153,131,0,,0.0,15,0
System_Failure,1d_cnn,44,7,154,132,0,,0.0,16,0
System_Failure,1d_cnn,44,7,155,133,0,,0.0,15,0
System_Failure,1d_cnn,44,7,156,134,0,,0.0,15,0
System_Failure,1d_cnn,44,7,157,135,0,,0.0,16,0
System_Failure,1d_cnn,44,7,159,137,1,1.0,,23,9
System_Failure,1d_cnn,44,7,160,138,1,1.0,,16,7
System_Failure,1d_cnn,44,7,161,139,0,,0.0,15,0
System_Failure,1d_cnn,44,7,162,140,0,,0.0,15,0
System_Failure,1d_cnn,44,7,163,141,1,1.0,,44,13
System_Failure,1d_cnn,44,7,164,142,1,1.0,,21,11
System_Failure,1d_cnn,44,7,165,143,0,,0.0,15,0
System_Failure,1d_cnn,44,7,166,144,0,,0.0,15,0
System_Failure,1d_cnn,44,7,167,145,0,,1.0,15,1
System_Failure,1d_cnn,44,7,168,146,0,,0.0,16,0
System_Failure,1d_cnn,44,7,169,147,0,,0.0,15,0
System_Failure,1d_cnn,44,7,170,148,1,1.0,,47,9
System_Failure,1d_cnn,44,7,171,149,0,,0.0,15,0
System_Failure,1d_cnn,44,7,172,150,0,,0.0,15,0
System_Failure,1d_cnn,44,7,173,151,1,1.0,,21,6
System_Failure,1d_cnn,44,7,174,152,1,1.0,,19,6
System_Failure,1d_cnn,44,7,175,153,1,1.0,,35,8
System_Failure,1d_cnn,42,8,176,154,0,,0.0,15,0
System_Failure,1d_cnn,42,8,177,155,0,,0.0,15,0
System_Failure,1d_cnn,42,8,178,156,0,,0.0,16,0
System_Failure,1d_cnn,42,8,179,157,0,,0.0,15,0
System_Failure,1d_cnn,42,8,180,158,1,0.0,,15,0
System_Failure,1d_cnn,42,8,181,159,0,,0.0,14,0
System_Failure,1d_cnn,42,8,182,160,1,1.0,,18,5
System_Failure,1d_cnn,42,8,183,161,1,1.0,,38,7
System_Failure,1d_cnn,42,8,184,162,0,,0.0,15,0
System_Failure,1d_cnn,42,8,185,163,1,1.0,,6,6
System_Failure,1d_cnn,42,8,199,176,0,,0.0,7,0
System_Failure,1d_cnn,42,8,200,177,1,1.0,,15,1
System_Failure,1d_cnn,43,8,176,154,0,,0.0,15,0
System_Failure,1d_cnn,43,8,177,155,0,,0.0,15,0
System_Failure,1d_cnn,43,8,178,156,0,,0.0,16,0
System_Failure,1d_cnn,43,8,179,157,0,,0.0,15,0
System_Failure,1d_cnn,43,8,180,158,1,1.0,,15,3
System_Failure,1d_cnn,43,8,181,159,0,,0.0,14,0
System_Failure,1d_cnn,43,8,182,160,1,1.0,,18,4
System_Failure,1d_cnn,43,8,183,161,1,1.0,,38,18
System_Failure,1d_cnn,43,8,184,162,0,,0.0,15,0
System_Failure,1d_cnn,43,8,185,163,1,1.0,,6,6
System_Failure,1d_cnn,43,8,199,176,0,,0.0,7,0
System_Failure,1d_cnn,43,8,200,177,1,1.0,,15,6
System_Failure,1d_cnn,44,8,176,154,0,,0.0,15,0
System_Failure,1d_cnn,44,8,177,155,0,,0.0,15,0
System_Failure,1d_cnn,44,8,178,156,0,,1.0,16,3
System_Failure,1d_cnn,44,8,179,157,0,,1.0,15,3
System_Failure,1d_cnn,44,8,180,158,1,1.0,,15,3
System_Failure,1d_cnn,44,8,181,159,0,,0.0,14,0
System_Failure,1d_cnn,44,8,182,160,1,1.0,,18,9
System_Failure,1d_cnn,44,8,183,161,1,1.0,,38,16
System_Failure,1d_cnn,44,8,184,162,0,,0.0,15,0
System_Failure,1d_cnn,44,8,185,163,1,1.0,,6,6
System_Failure,1d_cnn,44,8,199,176,0,,0.0,7,0
System_Failure,1d_cnn,44,8,200,177,1,1.0,,15,6
System_Failure,1d_cnn,42,9,201,178,1,1.0,,30,16
System_Failure,1d_cnn,42,9,202,179,1,1.0,,15,3
System_Failure,1d_cnn,42,9,203,180,0,,0.0,15,0
System_Failure,1d_cnn,42,9,204,181,1,1.0,,38,11
System_Failure,1d_cnn,42,9,205,182,0,,0.0,16,0
System_Failure,1d_cnn,42,9,206,183,1,1.0,,18,5
System_Failure,1d_cnn,42,9,207,184,0,,1.0,15,3
System_Failure,1d_cnn,42,9,208,185,1,1.0,,14,1
System_Failure,1d_cnn,42,9,209,186,0,,1.0,15,1
System_Failure,1d_cnn,42,9,210,187,1,1.0,,49,12
System_Failure,1d_cnn,42,9,211,188,0,,0.0,15,0
System_Failure,1d_cnn,42,9,212,189,1,1.0,,19,5
System_Failure,1d_cnn,42,9,213,190,0,,0.0,15,0
System_Failure,1d_cnn,42,9,214,191,1,1.0,,40,19
System_Failure,1d_cnn,42,9,215,192,1,0.0,,31,1
System_Failure,1d_cnn,42,9,216,193,1,1.0,,16,2
System_Failure,1d_cnn,42,9,217,194,1,1.0,,17,1
System_Failure,1d_cnn,42,9,218,195,1,1.0,,18,3
System_Failure,1d_cnn,42,9,219,196,1,1.0,,23,9
System_Failure,1d_cnn,42,9,220,197,1,1.0,,32,8
System_Failure,1d_cnn,42,9,221,198,1,1.0,,19,4
System_Failure,1d_cnn,42,9,222,199,1,1.0,,18,4
System_Failure,1d_cnn,42,9,223,200,1,1.0,,19,7
System_Failure,1d_cnn,42,9,224,201,1,1.0,,19,7
System_Failure,1d_cnn,42,9,225,202,1,1.0,,19,5
System_Failure,1d_cnn,42,9,224,210,1,1.0,,16,6
System_Failure,1d_cnn,43,9,201,178,1,1.0,,30,13
System_Failure,1d_cnn,43,9,202,179,1,1.0,,15,5
System_Failure,1d_cnn,43,9,203,180,0,,0.0,15,0
System_Failure,1d_cnn,43,9,204,181,1,1.0,,38,16
System_Failure,1d_cnn,43,9,205,182,0,,1.0,16,4
System_Failure,1d_cnn,43,9,206,183,1,1.0,,18,6
System_Failure,1d_cnn,43,9,207,184,0,,1.0,15,3
System_Failure,1d_cnn,43,9,208,185,1,1.0,,14,8
System_Failure,1d_cnn,43,9,209,186,0,,1.0,15,2
System_Failure,1d_cnn,43,9,210,187,1,1.0,,49,15
System_Failure,1d_cnn,43,9,211,188,0,,1.0,15,2
System_Failure,1d_cnn,43,9,212,189,1,1.0,,19,12
System_Failure,1d_cnn,43,9,213,190,0,,0.0,15,0
System_Failure,1d_cnn,43,9,214,191,1,1.0,,40,22
System_Failure,1d_cnn,43,9,215,192,1,0.0,,31,3
System_Failure,1d_cnn,43,9,216,193,1,1.0,,16,5
System_Failure,1d_cnn,43,9,217,194,1,0.0,,17,0
System_Failure,1d_cnn,43,9,218,195,1,1.0,,18,4
System_Failure,1d_cnn,43,9,219,196,1,1.0,,23,12
System_Failure,1d_cnn,43,9,220,197,1,1.0,,32,9
System_Failure,1d_cnn,43,9,221,198,1,1.0,,19,4
System_Failure,1d_cnn,43,9,222,199,1,1.0,,18,6
System_Failure,1d_cnn,43,9,223,200,1,1.0,,19,7
System_Failure,1d_cnn,43,9,224,201,1,1.0,,19,7
System_Failure,1d_cnn,43,9,225,202,1,1.0,,19,5
System_Failure,1d_cnn,43,9,224,210,1,1.0,,16,7
System_Failure,1d_cnn,44,9,201,178,1,1.0,,30,10
System_Failure,1d_cnn,44,9,202,179,1,1.0,,15,4
System_Failure,1d_cnn,44,9,203,180,0,,0.0,15,0
System_Failure,1d_cnn,44,9,204,181,1,1.0,,38,12
System_Failure,1d_cnn,44,9,205,182,0,,1.0,16,2
System_Failure,1d_cnn,44,9,206,183,1,1.0,,18,5
System_Failure,1d_cnn,44,9,207,184,0,,1.0,15,3
System_Failure,1d_cnn,44,9,208,185,1,1.0,,14,7
System_Failure,1d_cnn,44,9,209,186,0,,1.0,15,2
System_Failure,1d_cnn,44,9,210,187,1,1.0,,49,15
System_Failure,1d_cnn,44,9,211,188,0,,1.0,15,1
System_Failure,1d_cnn,44,9,212,189,1,1.0,,19,5
System_Failure,1d_cnn,44,9,213,190,0,,0.0,15,0
System_Failure,1d_cnn,44,9,214,191,1,1.0,,40,19
System_Failure,1d_cnn,44,9,215,192,1,1.0,,31,4
System_Failure,1d_cnn,44,9,216,193,1,1.0,,16,3
System_Failure,1d_cnn,44,9,217,194,1,0.0,,17,0
System_Failure,1d_cnn,44,9,218,195,1,1.0,,18,3
System_Failure,1d_cnn,44,9,219,196,1,1.0,,23,10
System_Failure,1d_cnn,44,9,220,197,1,1.0,,32,9
System_Failure,1d_cnn,44,9,221,198,1,1.0,,19,4
System_Failure,1d_cnn,44,9,222,199,1,1.0,,18,4
System_Failure,1d_cnn,44,9,223,200,1,1.0,,19,7
System_Failure,1d_cnn,44,9,224,201,1,1.0,,19,6
System_Failure,1d_cnn,44,9,225,202,1,1.0,,19,5
System_Failure,1d_cnn,44,9,224,210,1,1.0,,16,5
System_Failure,1d_cnn,42,10,226,203,1,1.0,,19,11
System_Failure,1d_cnn,42,10,227,204,1,0.0,,18,1
System_Failure,1d_cnn,42,10,229,205,1,1.0,,42,18
System_Failure,1d_cnn,42,10,230,206,1,1.0,,18,3
System_Failure,1d_cnn,42,10,231,207,1,1.0,,35,14
System_Failure,1d_cnn,42,10,232,208,0,,1.0,15,2
System_Failure,1d_cnn,42,10,233,209,1,1.0,,31,16
System_Failure,1d_cnn,42,10,230,216,1,1.0,,20,6
System_Failure,1d_cnn,42,10,231,217,1,1.0,,18,6
System_Failure,1d_cnn,42,10,232,218,1,1.0,,20,13
System_Failure,1d_cnn,42,10,233,219,1,1.0,,15,5
System_Failure,1d_cnn,42,10,234,220,1,1.0,,52,6
System_Failure,1d_cnn,42,10,235,221,1,1.0,,18,6
System_Failure,1d_cnn,42,10,236,222,0,,1.0,15,9
System_Failure,1d_cnn,42,10,237,223,1,1.0,,43,22
System_Failure,1d_cnn,42,10,238,224,0,,0.0,15,0
System_Failure,1d_cnn,42,10,239,225,1,1.0,,34,16
System_Failure,1d_cnn,42,10,240,226,1,1.0,,37,11
System_Failure,1d_cnn,42,10,241,227,0,,0.0,15,0
System_Failure,1d_cnn,42,10,242,228,1,1.0,,43,8
System_Failure,1d_cnn,42,10,243,229,0,,1.0,16,1
System_Failure,1d_cnn,42,10,245,230,0,,1.0,15,2
System_Failure,1d_cnn,42,10,246,231,1,1.0,,40,23
System_Failure,1d_cnn,42,10,247,232,1,1.0,,46,14
System_Failure,1d_cnn,42,10,248,233,0,,0.0,15,0
System_Failure,1d_cnn,42,10,249,234,1,1.0,,37,10
System_Failure,1d_cnn,42,10,250,235,1,1.0,,33,15
System_Failure,1d_cnn,43,10,226,203,1,1.0,,19,12
System_Failure,1d_cnn,43,10,227,204,1,0.0,,18,0
System_Failure,1d_cnn,43,10,229,205,1,1.0,,42,19
System_Failure,1d_cnn,43,10,230,206,1,1.0,,18,5
System_Failure,1d_cnn,43,10,231,207,1,1.0,,35,14
System_Failure,1d_cnn,43,10,232,208,0,,1.0,15,1
System_Failure,1d_cnn,43,10,233,209,1,1.0,,31,17
System_Failure,1d_cnn,43,10,230,216,1,1.0,,20,2
System_Failure,1d_cnn,43,10,231,217,1,1.0,,18,6
System_Failure,1d_cnn,43,10,232,218,1,1.0,,20,13
System_Failure,1d_cnn,43,10,233,219,1,1.0,,15,6
System_Failure,1d_cnn,43,10,234,220,1,1.0,,52,10
System_Failure,1d_cnn,43,10,235,221,1,1.0,,18,5
System_Failure,1d_cnn,43,10,236,222,0,,1.0,15,8
System_Failure,1d_cnn,43,10,237,223,1,1.0,,43,24
System_Failure,1d_cnn,43,10,238,224,0,,0.0,15,0
System_Failure,1d_cnn,43,10,239,225,1,1.0,,34,16
System_Failure,1d_cnn,43,10,240,226,1,1.0,,37,9
System_Failure,1d_cnn,43,10,241,227,0,,0.0,15,0
System_Failure,1d_cnn,43,10,242,228,1,1.0,,43,8
System_Failure,1d_cnn,43,10,243,229,0,,1.0,16,3
System_Failure,1d_cnn,43,10,245,230,0,,0.0,15,0
System_Failure,1d_cnn,43,10,246,231,1,1.0,,40,23
System_Failure,1d_cnn,43,10,247,232,1,1.0,,46,15
System_Failure,1d_cnn,43,10,248,233,0,,0.0,15,0
System_Failure,1d_cnn,43,10,249,234,1,1.0,,37,9
System_Failure,1d_cnn,43,10,250,235,1,1.0,,33,17
System_Failure,1d_cnn,44,10,226,203,1,1.0,,19,11
System_Failure,1d_cnn,44,10,227,204,1,1.0,,18,3
System_Failure,1d_cnn,44,10,229,205,1,1.0,,42,21
System_Failure,1d_cnn,44,10,230,206,1,1.0,,18,10
System_Failure,1d_cnn,44,10,231,207,1,1.0,,35,15
System_Failure,1d_cnn,44,10,232,208,0,,1.0,15,5
System_Failure,1d_cnn,44,10,233,209,1,1.0,,31,18
System_Failure,1d_cnn,44,10,230,216,1,1.0,,20,6
System_Failure,1d_cnn,44,10,231,217,1,1.0,,18,6
System_Failure,1d_cnn,44,10,232,218,1,1.0,,20,13
System_Failure,1d_cnn,44,10,233,219,1,1.0,,15,5
System_Failure,1d_cnn,44,10,234,220,1,1.0,,52,12
System_Failure,1d_cnn,44,10,235,221,1,1.0,,18,7
System_Failure,1d_cnn,44,10,236,222,0,,1.0,15,10
System_Failure,1d_cnn,44,10,237,223,1,1.0,,43,26
System_Failure,1d_cnn,44,10,238,224,0,,0.0,15,0
System_Failure,1d_cnn,44,10,239,225,1,1.0,,34,16
System_Failure,1d_cnn,44,10,240,226,1,1.0,,37,14
System_Failure,1d_cnn,44,10,241,227,0,,1.0,15,1
System_Failure,1d_cnn,44,10,242,228,1,1.0,,43,9
System_Failure,1d_cnn,44,10,243,229,0,,1.0,16,6
System_Failure,1d_cnn,44,10,245,230,0,,1.0,15,3
System_Failure,1d_cnn,44,10,246,231,1,1.0,,40,28
System_Failure,1d_cnn,44,10,247,232,1,1.0,,46,19
System_Failure,1d_cnn,44,10,248,233,0,,1.0,15,1
System_Failure,1d_cnn,44,10,249,234,1,1.0,,37,17
System_Failure,1d_cnn,44,10,250,235,1,1.0,,33,23
System_Failure,lstm,42,1,1,1,1,1.0,,30,12
System_Failure,lstm,42,1,2,2,1,1.0,,37,31
System_Failure,lstm,42,1,3,3,0,,0.0,17,0
System_Failure,lstm,42,1,4,4,0,,0.0,15,0
System_Failure,lstm,42,1,5,5,1,1.0,,18,5
System_Failure,lstm,42,1,6,6,1,1.0,,22,9
System_Failure,lstm,42,1,8,8,0,,0.0,15,0
System_Failure,lstm,42,1,9,9,0,,0.0,15,0
System_Failure,lstm,42,1,10,10,0,,0.0,15,0
System_Failure,lstm,42,1,11,11,0,,0.0,16,0
System_Failure,lstm,42,1,12,12,0,,0.0,15,0
System_Failure,lstm,42,1,13,13,0,,0.0,15,0
System_Failure,lstm,42,1,14,14,1,1.0,,19,10
System_Failure,lstm,42,1,15,15,1,1.0,,14,6
System_Failure,lstm,42,1,16,16,0,,0.0,16,0
System_Failure,lstm,42,1,17,17,0,,0.0,15,0
System_Failure,lstm,42,1,18,18,0,,0.0,16,0
System_Failure,lstm,42,1,19,19,0,,0.0,15,0
System_Failure,lstm,42,1,20,20,0,,0.0,15,0
System_Failure,lstm,42,1,21,21,0,,0.0,16,0
System_Failure,lstm,42,1,22,22,1,1.0,,27,12
System_Failure,lstm,42,1,23,23,0,,0.0,15,0
System_Failure,lstm,42,1,24,24,0,,0.0,15,0
System_Failure,lstm,42,1,25,25,0,,0.0,16,0
System_Failure,lstm,43,1,1,1,1,1.0,,30,12
System_Failure,lstm,43,1,2,2,1,1.0,,37,24
System_Failure,lstm,43,1,3,3,0,,0.0,17,0
System_Failure,lstm,43,1,4,4,0,,0.0,15,0
System_Failure,lstm,43,1,5,5,1,1.0,,18,2
System_Failure,lstm,43,1,6,6,1,1.0,,22,3
System_Failure,lstm,43,1,8,8,0,,0.0,15,0
System_Failure,lstm,43,1,9,9,0,,0.0,15,0
System_Failure,lstm,43,1,10,10,0,,0.0,15,0
System_Failure,lstm,43,1,11,11,0,,0.0,16,0
System_Failure,lstm,43,1,12,12,0,,0.0,15,0
System_Failure,lstm,43,1,13,13,0,,0.0,15,0
System_Failure,lstm,43,1,14,14,1,1.0,,19,13
System_Failure,lstm,43,1,15,15,1,1.0,,14,9
System_Failure,lstm,43,1,16,16,0,,0.0,16,0
System_Failure,lstm,43,1,17,17,0,,0.0,15,0
System_Failure,lstm,43,1,18,18,0,,1.0,16,1
System_Failure,lstm,43,1,19,19,0,,0.0,15,0
System_Failure,lstm,43,1,20,20,0,,0.0,15,0
System_Failure,lstm,43,1,21,21,0,,1.0,16,1
System_Failure,lstm,43,1,22,22,1,1.0,,27,10
System_Failure,lstm,43,1,23,23,0,,0.0,15,0
System_Failure,lstm,43,1,24,24,0,,0.0,15,0
System_Failure,lstm,43,1,25,25,0,,0.0,16,0
System_Failure,lstm,44,1,1,1,1,0.0,,30,0
System_Failure,lstm,44,1,2,2,1,1.0,,37,29
System_Failure,lstm,44,1,3,3,0,,0.0,17,0
System_Failure,lstm,44,1,4,4,0,,0.0,15,0
System_Failure,lstm,44,1,5,5,1,1.0,,18,8
System_Failure,lstm,44,1,6,6,1,1.0,,22,4
System_Failure,lstm,44,1,8,8,0,,0.0,15,0
System_Failure,lstm,44,1,9,9,0,,1.0,15,1
System_Failure,lstm,44,1,10,10,0,,0.0,15,0
System_Failure,lstm,44,1,11,11,0,,0.0,16,0
System_Failure,lstm,44,1,12,12,0,,0.0,15,0
System_Failure,lstm,44,1,13,13,0,,1.0,15,4
System_Failure,lstm,44,1,14,14,1,1.0,,19,14
System_Failure,lstm,44,1,15,15,1,1.0,,14,9
System_Failure,lstm,44,1,16,16,0,,0.0,16,0
System_Failure,lstm,44,1,17,17,0,,0.0,15,0
System_Failure,lstm,44,1,18,18,0,,1.0,16,3
System_Failure,lstm,44,1,19,19,0,,0.0,15,0
System_Failure,lstm,44,1,20,20,0,,0.0,15,0
System_Failure,lstm,44,1,21,21,0,,0.0,16,0
System_Failure,lstm,44,1,22,22,1,1.0,,27,13
System_Failure,lstm,44,1,23,23,0,,0.0,15,0
System_Failure,lstm,44,1,24,24,0,,0.0,15,0
System_Failure,lstm,44,1,25,25,0,,0.0,16,0
System_Failure,lstm,42,2,26,26,0,,0.0,15,0
System_Failure,lstm,42,2,27,27,0,,0.0,15,0
System_Failure,lstm,42,2,28,28,0,,1.0,16,5
System_Failure,lstm,42,2,29,29,0,,0.0,15,0
System_Failure,lstm,42,2,30,30,0,,0.0,15,0
System_Failure,lstm,42,2,31,31,0,,0.0,14,0
System_Failure,lstm,42,2,32,32,0,,0.0,15,0
System_Failure,lstm,42,2,33,33,0,,1.0,16,1
System_Failure,lstm,42,2,34,34,0,,0.0,15,0
System_Failure,lstm,42,2,35,35,1,1.0,,20,4
System_Failure,lstm,42,2,36,36,1,1.0,,24,18
System_Failure,lstm,42,2,37,37,0,,0.0,15,0
System_Failure,lstm,42,2,38,38,0,,0.0,15,0
System_Failure,lstm,42,2,39,39,1,1.0,,15,1
System_Failure,lstm,42,2,40,40,1,1.0,,20,8
System_Failure,lstm,42,2,41,41,0,,0.0,15,0
System_Failure,lstm,42,2,42,42,1,1.0,,71,68
System_Failure,lstm,42,2,43,43,0,,0.0,15,0
System_Failure,lstm,42,2,44,44,0,,0.0,15,0
System_Failure,lstm,42,2,45,45,0,,0.0,15,0
System_Failure,lstm,42,2,48,48,0,,0.0,15,0
System_Failure,lstm,42,2,49,49,0,,0.0,15,0
System_Failure,lstm,42,2,50,50,0,,0.0,15,0
System_Failure,lstm,43,2,26,26,0,,1.0,15,1
System_Failure,lstm,43,2,27,27,0,,0.0,15,0
System_Failure,lstm,43,2,28,28,0,,1.0,16,4
System_Failure,lstm,43,2,29,29,0,,0.0,15,0
System_Failure,lstm,43,2,30,30,0,,0.0,15,0
System_Failure,lstm,43,2,31,31,0,,0.0,14,0
System_Failure,lstm,43,2,32,32,0,,0.0,15,0
System_Failure,lstm,43,2,33,33,0,,1.0,16,1
System_Failure,lstm,43,2,34,34,0,,0.0,15,0
System_Failure,lstm,43,2,35,35,1,1.0,,20,6
System_Failure,lstm,43,2,36,36,1,1.0,,24,22
System_Failure,lstm,43,2,37,37,0,,0.0,15,0
System_Failure,lstm,43,2,38,38,0,,1.0,15,1
System_Failure,lstm,43,2,39,39,1,1.0,,15,10
System_Failure,lstm,43,2,40,40,1,1.0,,20,16
System_Failure,lstm,43,2,41,41,0,,0.0,15,0
System_Failure,lstm,43,2,42,42,1,1.0,,71,68
System_Failure,lstm,43,2,43,43,0,,0.0,15,0
System_Failure,lstm,43,2,44,44,0,,1.0,15,1
System_Failure,lstm,43,2,45,45,0,,0.0,15,0
System_Failure,lstm,43,2,48,48,0,,0.0,15,0
System_Failure,lstm,43,2,49,49,0,,0.0,15,0
System_Failure,lstm,43,2,50,50,0,,0.0,15,0
System_Failure,lstm,44,2,26,26,0,,0.0,15,0
System_Failure,lstm,44,2,27,27,0,,0.0,15,0
System_Failure,lstm,44,2,28,28,0,,1.0,16,1
System_Failure,lstm,44,2,29,29,0,,0.0,15,0
System_Failure,lstm,44,2,30,30,0,,0.0,15,0
System_Failure,lstm,44,2,31,31,0,,0.0,14,0
System_Failure,lstm,44,2,32,32,0,,0.0,15,0
System_Failure,lstm,44,2,33,33,0,,1.0,16,1
System_Failure,lstm,44,2,34,34,0,,0.0,15,0
System_Failure,lstm,44,2,35,35,1,1.0,,20,4
System_Failure,lstm,44,2,36,36,1,1.0,,24,23
System_Failure,lstm,44,2,37,37,0,,0.0,15,0
System_Failure,lstm,44,2,38,38,0,,0.0,15,0
System_Failure,lstm,44,2,39,39,1,1.0,,15,10
System_Failure,lstm,44,2,40,40,1,1.0,,20,16
System_Failure,lstm,44,2,41,41,0,,1.0,15,2
System_Failure,lstm,44,2,42,42,1,1.0,,71,66
System_Failure,lstm,44,2,43,43,0,,0.0,15,0
System_Failure,lstm,44,2,44,44,0,,0.0,15,0
System_Failure,lstm,44,2,45,45,0,,0.0,15,0
System_Failure,lstm,44,2,48,48,0,,0.0,15,0
System_Failure,lstm,44,2,49,49,0,,1.0,15,3
System_Failure,lstm,44,2,50,50,0,,0.0,15,0
System_Failure,lstm,42,3,51,51,0,,0.0,15,0
System_Failure,lstm,42,3,52,52,0,,0.0,15,0
System_Failure,lstm,42,3,53,53,1,1.0,,43,29
System_Failure,lstm,42,3,54,54,0,,0.0,15,0
System_Failure,lstm,42,3,55,55,0,,0.0,15,0
System_Failure,lstm,42,3,56,56,0,,0.0,15,0
System_Failure,lstm,42,3,57,57,0,,0.0,32,0
System_Failure,lstm,42,3,58,58,0,,0.0,15,0
System_Failure,lstm,42,3,59,59,0,,0.0,15,0
System_Failure,lstm,42,3,60,60,0,,0.0,16,0
System_Failure,lstm,42,3,61,61,0,,0.0,13,0
System_Failure,lstm,42,3,62,62,0,,0.0,16,0
System_Failure,lstm,42,3,63,63,1,1.0,,31,15
System_Failure,lstm,42,3,64,64,1,1.0,,16,6
System_Failure,lstm,42,3,65,65,1,1.0,,13,2
System_Failure,lstm,42,3,66,66,0,,1.0,17,2
System_Failure,lstm,42,3,67,67,1,1.0,,15,6
System_Failure,lstm,42,3,68,68,0,,0.0,15,0
System_Failure,lstm,42,3,69,69,1,1.0,,24,12
System_Failure,lstm,42,3,70,70,0,,0.0,15,0
System_Failure,lstm,42,3,71,71,0,,0.0,9,0
System_Failure,lstm,42,3,72,72,0,,0.0,15,0
System_Failure,lstm,42,3,73,73,0,,1.0,16,1
System_Failure,lstm,42,3,75,74,0,,0.0,15,0
System_Failure,lstm,43,3,51,51,0,,0.0,15,0
System_Failure,lstm,43,3,52,52,0,,0.0,15,0
System_Failure,lstm,43,3,53,53,1,1.0,,43,28
System_Failure,lstm,43,3,54,54,0,,0.0,15,0
System_Failure,lstm,43,3,55,55,0,,0.0,15,0
System_Failure,lstm,43,3,56,56,0,,0.0,15,0
System_Failure,lstm,43,3,57,57,0,,0.0,32,0
System_Failure,lstm,43,3,58,58,0,,1.0,15,1
System_Failure,lstm,43,3,59,59,0,,0.0,15,0
System_Failure,lstm,43,3,60,60,0,,0.0,16,0
System_Failure,lstm,43,3,61,61,0,,0.0,13,0
System_Failure,lstm,43,3,62,62,0,,0.0,16,0
System_Failure,lstm,43,3,63,63,1,1.0,,31,16
System_Failure,lstm,43,3,64,64,1,1.0,,16,8
System_Failure,lstm,43,3,65,65,1,1.0,,13,6
System_Failure,lstm,43,3,66,66,0,,1.0,17,4
System_Failure,lstm,43,3,67,67,1,1.0,,15,6
System_Failure,lstm,43,3,68,68,0,,0.0,15,0
System_Failure,lstm,43,3,69,69,1,1.0,,24,13
System_Failure,lstm,43,3,70,70,0,,0.0,15,0
System_Failure,lstm,43,3,71,71,0,,0.0,9,0
System_Failure,lstm,43,3,72,72,0,,0.0,15,0
System_Failure,lstm,43,3,73,73,0,,1.0,16,8
System_Failure,lstm,43,3,75,74,0,,0.0,15,0
System_Failure,lstm,44,3,51,51,0,,0.0,15,0
System_Failure,lstm,44,3,52,52,0,,0.0,15,0
System_Failure,lstm,44,3,53,53,1,1.0,,43,29
System_Failure,lstm,44,3,54,54,0,,0.0,15,0
System_Failure,lstm,44,3,55,55,0,,0.0,15,0
System_Failure,lstm,44,3,56,56,0,,0.0,15,0
System_Failure,lstm,44,3,57,57,0,,0.0,32,0
System_Failure,lstm,44,3,58,58,0,,1.0,15,2
System_Failure,lstm,44,3,59,59,0,,0.0,15,0
System_Failure,lstm,44,3,60,60,0,,0.0,16,0
System_Failure,lstm,44,3,61,61,0,,0.0,13,0
System_Failure,lstm,44,3,62,62,0,,0.0,16,0
System_Failure,lstm,44,3,63,63,1,1.0,,31,17
System_Failure,lstm,44,3,64,64,1,1.0,,16,6
System_Failure,lstm,44,3,65,65,1,1.0,,13,6
System_Failure,lstm,44,3,66,66,0,,1.0,17,2
System_Failure,lstm,44,3,67,67,1,1.0,,15,6
System_Failure,lstm,44,3,68,68,0,,0.0,15,0
System_Failure,lstm,44,3,69,69,1,1.0,,24,11
System_Failure,lstm,44,3,70,70,0,,0.0,15,0
System_Failure,lstm,44,3,71,71,0,,0.0,9,0
System_Failure,lstm,44,3,72,72,0,,0.0,15,0
System_Failure,lstm,44,3,73,73,0,,1.0,16,2
System_Failure,lstm,44,3,75,74,0,,0.0,15,0
System_Failure,lstm,42,4,76,75,1,1.0,,15,6
System_Failure,lstm,42,4,85,84,0,,1.0,20,6
System_Failure,lstm,42,4,86,85,1,1.0,,20,14
System_Failure,lstm,42,4,87,86,1,1.0,,20,5
System_Failure,lstm,42,4,88,87,0,,0.0,15,0
System_Failure,lstm,42,4,89,88,0,,1.0,15,3
System_Failure,lstm,42,4,90,89,0,,0.0,15,0
System_Failure,lstm,42,4,91,90,1,1.0,,15,11
System_Failure,lstm,42,4,92,91,1,1.0,,15,10
System_Failure,lstm,42,4,93,92,0,,0.0,15,0
System_Failure,lstm,42,4,94,93,0,,0.0,15,0
System_Failure,lstm,42,4,95,94,1,1.0,,15,7
System_Failure,lstm,42,4,96,95,1,1.0,,7,5
System_Failure,lstm,42,4,97,96,1,1.0,,15,8
System_Failure,lstm,42,4,98,97,0,,1.0,15,1
System_Failure,lstm,42,4,99,98,1,1.0,,92,62
System_Failure,lstm,42,4,100,99,0,,0.0,15,0
System_Failure,lstm,43,4,76,75,1,1.0,,15,5
System_Failure,lstm,43,4,85,84,0,,1.0,20,6
System_Failure,lstm,43,4,86,85,1,1.0,,20,11
System_Failure,lstm,43,4,87,86,1,1.0,,20,6
System_Failure,lstm,43,4,88,87,0,,0.0,15,0
System_Failure,lstm,43,4,89,88,0,,1.0,15,2
System_Failure,lstm,43,4,90,89,0,,0.0,15,0
System_Failure,lstm,43,4,91,90,1,1.0,,15,9
System_Failure,lstm,43,4,92,91,1,1.0,,15,10
System_Failure,lstm,43,4,93,92,0,,0.0,15,0
System_Failure,lstm,43,4,94,93,0,,0.0,15,0
System_Failure,lstm,43,4,95,94,1,1.0,,15,8
System_Failure,lstm,43,4,96,95,1,1.0,,7,5
System_Failure,lstm,43,4,97,96,1,1.0,,15,6
System_Failure,lstm,43,4,98,97,0,,0.0,15,0
System_Failure,lstm,43,4,99,98,1,1.0,,92,48
System_Failure,lstm,43,4,100,99,0,,0.0,15,0
System_Failure,lstm,44,4,76,75,1,1.0,,15,3
System_Failure,lstm,44,4,85,84,0,,1.0,20,6
System_Failure,lstm,44,4,86,85,1,1.0,,20,12
System_Failure,lstm,44,4,87,86,1,1.0,,20,6
System_Failure,lstm,44,4,88,87,0,,1.0,15,1
System_Failure,lstm,44,4,89,88,0,,1.0,15,2
System_Failure,lstm,44,4,90,89,0,,0.0,15,0
System_Failure,lstm,44,4,91,90,1,1.0,,15,8
System_Failure,lstm,44,4,92,91,1,1.0,,15,9
System_Failure,lstm,44,4,93,92,0,,0.0,15,0
System_Failure,lstm,44,4,94,93,0,,0.0,15,0
System_Failure,lstm,44,4,95,94,1,1.0,,15,9
System_Failure,lstm,44,4,96,95,1,1.0,,7,4
System_Failure,lstm,44,4,97,96,1,1.0,,15,7
System_Failure,lstm,44,4,98,97,0,,0.0,15,0
System_Failure,lstm,44,4,99,98,1,1.0,,92,58
System_Failure,lstm,44,4,100,99,0,,0.0,15,0
System_Failure,lstm,42,5,101,100,0,,1.0,15,3
System_Failure,lstm,42,5,102,101,0,,0.0,15,0
System_Failure,lstm,42,5,103,102,1,1.0,,54,48
System_Failure,lstm,42,5,104,103,0,,0.0,2,0
System_Failure,lstm,42,5,105,104,1,1.0,,14,9
System_Failure,lstm,42,5,106,105,0,,0.0,15,0
System_Failure,lstm,42,5,107,106,0,,0.0,15,0
System_Failure,lstm,42,5,108,107,1,1.0,,47,23
System_Failure,lstm,42,5,109,108,0,,0.0,15,0
System_Failure,lstm,42,5,110,109,0,,0.0,4,0
System_Failure,lstm,42,5,111,110,0,,0.0,16,0
System_Failure,lstm,42,5,112,111,0,,0.0,15,0
System_Failure,lstm,42,5,113,112,0,,1.0,15,1
System_Failure,lstm,42,5,114,113,0,,0.0,16,0
System_Failure,lstm,42,5,115,114,1,1.0,,43,12
System_Failure,lstm,42,5,116,115,0,,0.0,15,0
System_Failure,lstm,42,5,117,116,1,1.0,,19,5
System_Failure,lstm,42,5,118,117,1,1.0,,30,8
System_Failure,lstm,42,5,119,118,0,,0.0,16,0
System_Failure,lstm,42,5,120,119,0,,0.0,15,0
System_Failure,lstm,42,5,121,120,0,,0.0,16,0
System_Failure,lstm,42,5,122,121,0,,0.0,15,0
System_Failure,lstm,42,5,123,122,0,,0.0,14,0
System_Failure,lstm,42,5,124,123,0,,0.0,16,0
System_Failure,lstm,42,5,125,124,0,,0.0,13,0
System_Failure,lstm,43,5,101,100,0,,0.0,15,0
System_Failure,lstm,43,5,102,101,0,,0.0,15,0
System_Failure,lstm,43,5,103,102,1,1.0,,54,49
System_Failure,lstm,43,5,104,103,0,,0.0,2,0
System_Failure,lstm,43,5,105,104,1,1.0,,14,9
System_Failure,lstm,43,5,106,105,0,,0.0,15,0
System_Failure,lstm,43,5,107,106,0,,0.0,15,0
System_Failure,lstm,43,5,108,107,1,1.0,,47,20
System_Failure,lstm,43,5,109,108,0,,1.0,15,3
System_Failure,lstm,43,5,110,109,0,,0.0,4,0
System_Failure,lstm,43,5,111,110,0,,0.0,16,0
System_Failure,lstm,43,5,112,111,0,,0.0,15,0
System_Failure,lstm,43,5,113,112,0,,1.0,15,1
System_Failure,lstm,43,5,114,113,0,,0.0,16,0
System_Failure,lstm,43,5,115,114,1,1.0,,43,12
System_Failure,lstm,43,5,116,115,0,,0.0,15,0
System_Failure,lstm,43,5,117,116,1,1.0,,19,5
System_Failure,lstm,43,5,118,117,1,1.0,,30,8
System_Failure,lstm,43,5,119,118,0,,0.0,16,0
System_Failure,lstm,43,5,120,119,0,,0.0,15,0
System_Failure,lstm,43,5,121,120,0,,0.0,16,0
System_Failure,lstm,43,5,122,121,0,,0.0,15,0
System_Failure,lstm,43,5,123,122,0,,0.0,14,0
System_Failure,lstm,43,5,124,123,0,,0.0,16,0
System_Failure,lstm,43,5,125,124,0,,0.0,13,0
System_Failure,lstm,44,5,101,100,0,,0.0,15,0
System_Failure,lstm,44,5,102,101,0,,0.0,15,0
System_Failure,lstm,44,5,103,102,1,1.0,,54,43
System_Failure,lstm,44,5,104,103,0,,0.0,2,0
System_Failure,lstm,44,5,105,104,1,1.0,,14,12
System_Failure,lstm,44,5,106,105,0,,0.0,15,0
System_Failure,lstm,44,5,107,106,0,,0.0,15,0
System_Failure,lstm,44,5,108,107,1,1.0,,47,26
System_Failure,lstm,44,5,109,108,0,,1.0,15,5
System_Failure,lstm,44,5,110,109,0,,0.0,4,0
System_Failure,lstm,44,5,111,110,0,,0.0,16,0
System_Failure,lstm,44,5,112,111,0,,0.0,15,0
System_Failure,lstm,44,5,113,112,0,,1.0,15,4
System_Failure,lstm,44,5,114,113,0,,0.0,16,0
System_Failure,lstm,44,5,115,114,1,1.0,,43,17
System_Failure,lstm,44,5,116,115,0,,0.0,15,0
System_Failure,lstm,44,5,117,116,1,1.0,,19,10
System_Failure,lstm,44,5,118,117,1,1.0,,30,10
System_Failure,lstm,44,5,119,118,0,,0.0,16,0
System_Failure,lstm,44,5,120,119,0,,1.0,15,1
System_Failure,lstm,44,5,121,120,0,,0.0,16,0
System_Failure,lstm,44,5,122,121,0,,0.0,15,0
System_Failure,lstm,44,5,123,122,0,,0.0,14,0
System_Failure,lstm,44,5,124,123,0,,0.0,16,0
System_Failure,lstm,44,5,125,124,0,,0.0,13,0
System_Failure,lstm,42,7,151,129,0,,0.0,15,0
System_Failure,lstm,42,7,152,130,1,1.0,,21,7
System_Failure,lstm,42,7,153,131,0,,0.0,15,0
System_Failure,lstm,42,7,154,132,0,,0.0,16,0
System_Failure,lstm,42,7,155,133,0,,0.0,15,0
System_Failure,lstm,42,7,156,134,0,,0.0,15,0
System_Failure,lstm,42,7,157,135,0,,0.0,16,0
System_Failure,lstm,42,7,159,137,1,1.0,,23,11
System_Failure,lstm,42,7,160,138,1,1.0,,16,6
System_Failure,lstm,42,7,161,139,0,,0.0,15,0
System_Failure,lstm,42,7,162,140,0,,0.0,15,0
System_Failure,lstm,42,7,163,141,1,1.0,,44,11
System_Failure,lstm,42,7,164,142,1,1.0,,21,9
System_Failure,lstm,42,7,165,143,0,,1.0,15,2
System_Failure,lstm,42,7,166,144,0,,0.0,15,0
System_Failure,lstm,42,7,167,145,0,,1.0,15,1
System_Failure,lstm,42,7,168,146,0,,0.0,16,0
System_Failure,lstm,42,7,169,147,0,,0.0,15,0
System_Failure,lstm,42,7,170,148,1,1.0,,47,10
System_Failure,lstm,42,7,171,149,0,,0.0,15,0
System_Failure,lstm,42,7,172,150,0,,0.0,15,0
System_Failure,lstm,42,7,173,151,1,1.0,,21,7
System_Failure,lstm,42,7,174,152,1,1.0,,19,6
System_Failure,lstm,42,7,175,153,1,1.0,,35,13
System_Failure,lstm,43,7,151,129,0,,0.0,15,0
System_Failure,lstm,43,7,152,130,1,1.0,,21,7
System_Failure,lstm,43,7,153,131,0,,0.0,15,0
System_Failure,lstm,43,7,154,132,0,,0.0,16,0
System_Failure,lstm,43,7,155,133,0,,0.0,15,0
System_Failure,lstm,43,7,156,134,0,,0.0,15,0
System_Failure,lstm,43,7,157,135,0,,0.0,16,0
System_Failure,lstm,43,7,159,137,1,1.0,,23,9
System_Failure,lstm,43,7,160,138,1,1.0,,16,3
System_Failure,lstm,43,7,161,139,0,,0.0,15,0
System_Failure,lstm,43,7,162,140,0,,0.0,15,0
System_Failure,lstm,43,7,163,141,1,1.0,,44,12
System_Failure,lstm,43,7,164,142,1,1.0,,21,15
System_Failure,lstm,43,7,165,143,0,,0.0,15,0
System_Failure,lstm,43,7,166,144,0,,0.0,15,0
System_Failure,lstm,43,7,167,145,0,,0.0,15,0
System_Failure,lstm,43,7,168,146,0,,1.0,16,1
System_Failure,lstm,43,7,169,147,0,,0.0,15,0
System_Failure,lstm,43,7,170,148,1,1.0,,47,13
System_Failure,lstm,43,7,171,149,0,,1.0,15,3
System_Failure,lstm,43,7,172,150,0,,0.0,15,0
System_Failure,lstm,43,7,173,151,1,1.0,,21,9
System_Failure,lstm,43,7,174,152,1,1.0,,19,6
System_Failure,lstm,43,7,175,153,1,1.0,,35,14
System_Failure,lstm,44,7,151,129,0,,0.0,15,0
System_Failure,lstm,44,7,152,130,1,1.0,,21,7
System_Failure,lstm,44,7,153,131,0,,0.0,15,0
System_Failure,lstm,44,7,154,132,0,,0.0,16,0
System_Failure,lstm,44,7,155,133,0,,0.0,15,0
System_Failure,lstm,44,7,156,134,0,,0.0,15,0
System_Failure,lstm,44,7,157,135,0,,0.0,16,0
System_Failure,lstm,44,7,159,137,1,1.0,,23,9
System_Failure,lstm,44,7,160,138,1,1.0,,16,6
System_Failure,lstm,44,7,161,139,0,,0.0,15,0
System_Failure,lstm,44,7,162,140,0,,0.0,15,0
System_Failure,lstm,44,7,163,141,1,1.0,,44,12
System_Failure,lstm,44,7,164,142,1,1.0,,21,5
System_Failure,lstm,44,7,165,143,0,,1.0,15,1
System_Failure,lstm,44,7,166,144,0,,0.0,15,0
System_Failure,lstm,44,7,167,145,0,,0.0,15,0
System_Failure,lstm,44,7,168,146,0,,1.0,16,1
System_Failure,lstm,44,7,169,147,0,,0.0,15,0
System_Failure,lstm,44,7,170,148,1,1.0,,47,10
System_Failure,lstm,44,7,171,149,0,,0.0,15,0
System_Failure,lstm,44,7,172,150,0,,0.0,15,0
System_Failure,lstm,44,7,173,151,1,1.0,,21,9
System_Failure,lstm,44,7,174,152,1,1.0,,19,7
System_Failure,lstm,44,7,175,153,1,1.0,,35,16
System_Failure,lstm,42,8,176,154,0,,1.0,15,2
System_Failure,lstm,42,8,177,155,0,,1.0,15,2
System_Failure,lstm,42,8,178,156,0,,0.0,16,0
System_Failure,lstm,42,8,179,157,0,,0.0,15,0
System_Failure,lstm,42,8,180,158,1,0.0,,15,0
System_Failure,lstm,42,8,181,159,0,,0.0,14,0
System_Failure,lstm,42,8,182,160,1,1.0,,18,5
System_Failure,lstm,42,8,183,161,1,1.0,,38,18
System_Failure,lstm,42,8,184,162,0,,1.0,15,2
System_Failure,lstm,42,8,185,163,1,1.0,,6,6
System_Failure,lstm,42,8,199,176,0,,0.0,7,0
System_Failure,lstm,42,8,200,177,1,0.0,,15,0
System_Failure,lstm,43,8,176,154,0,,0.0,15,0
System_Failure,lstm,43,8,177,155,0,,0.0,15,0
System_Failure,lstm,43,8,178,156,0,,0.0,16,0
System_Failure,lstm,43,8,179,157,0,,0.0,15,0
System_Failure,lstm,43,8,180,158,1,0.0,,15,0
System_Failure,lstm,43,8,181,159,0,,0.0,14,0
System_Failure,lstm,43,8,182,160,1,1.0,,18,4
System_Failure,lstm,43,8,183,161,1,1.0,,38,18
System_Failure,lstm,43,8,184,162,0,,0.0,15,0
System_Failure,lstm,43,8,185,163,1,1.0,,6,6
System_Failure,lstm,43,8,199,176,0,,0.0,7,0
System_Failure,lstm,43,8,200,177,1,1.0,,15,1
System_Failure,lstm,44,8,176,154,0,,0.0,15,0
System_Failure,lstm,44,8,177,155,0,,0.0,15,0
System_Failure,lstm,44,8,178,156,0,,0.0,16,0
System_Failure,lstm,44,8,179,157,0,,0.0,15,0
System_Failure,lstm,44,8,180,158,1,0.0,,15,0
System_Failure,lstm,44,8,181,159,0,,0.0,14,0
System_Failure,lstm,44,8,182,160,1,1.0,,18,4
System_Failure,lstm,44,8,183,161,1,1.0,,38,17
System_Failure,lstm,44,8,184,162,0,,0.0,15,0
System_Failure,lstm,44,8,185,163,1,1.0,,6,6
System_Failure,lstm,44,8,199,176,0,,0.0,7,0
System_Failure,lstm,44,8,200,177,1,1.0,,15,1
System_Failure,lstm,42,9,201,178,1,1.0,,30,16
System_Failure,lstm,42,9,202,179,1,1.0,,15,6
System_Failure,lstm,42,9,203,180,0,,0.0,15,0
System_Failure,lstm,42,9,204,181,1,1.0,,38,18
System_Failure,lstm,42,9,205,182,0,,1.0,16,4
System_Failure,lstm,42,9,206,183,1,1.0,,18,6
System_Failure,lstm,42,9,207,184,0,,1.0,15,3
System_Failure,lstm,42,9,208,185,1,1.0,,14,7
System_Failure,lstm,42,9,209,186,0,,1.0,15,1
System_Failure,lstm,42,9,210,187,1,1.0,,49,29
System_Failure,lstm,42,9,211,188,0,,1.0,15,3
System_Failure,lstm,42,9,212,189,1,1.0,,19,9
System_Failure,lstm,42,9,213,190,0,,0.0,15,0
System_Failure,lstm,42,9,214,191,1,1.0,,40,29
System_Failure,lstm,42,9,215,192,1,1.0,,31,7
System_Failure,lstm,42,9,216,193,1,1.0,,16,3
System_Failure,lstm,42,9,217,194,1,1.0,,17,6
System_Failure,lstm,42,9,218,195,1,1.0,,18,6
System_Failure,lstm,42,9,219,196,1,1.0,,23,11
System_Failure,lstm,42,9,220,197,1,1.0,,32,10
System_Failure,lstm,42,9,221,198,1,1.0,,19,3
System_Failure,lstm,42,9,222,199,1,1.0,,18,6
System_Failure,lstm,42,9,223,200,1,1.0,,19,7
System_Failure,lstm,42,9,224,201,1,1.0,,19,7
System_Failure,lstm,42,9,225,202,1,1.0,,19,6
System_Failure,lstm,42,9,224,210,1,1.0,,16,7
System_Failure,lstm,43,9,201,178,1,1.0,,30,9
System_Failure,lstm,43,9,202,179,1,1.0,,15,8
System_Failure,lstm,43,9,203,180,0,,0.0,15,0
System_Failure,lstm,43,9,204,181,1,1.0,,38,14
System_Failure,lstm,43,9,205,182,0,,1.0,16,4
System_Failure,lstm,43,9,206,183,1,1.0,,18,6
System_Failure,lstm,43,9,207,184,0,,1.0,15,3
System_Failure,lstm,43,9,208,185,1,1.0,,14,6
System_Failure,lstm,43,9,209,186,0,,0.0,15,0
System_Failure,lstm,43,9,210,187,1,1.0,,49,24
System_Failure,lstm,43,9,211,188,0,,0.0,15,0
System_Failure,lstm,43,9,212,189,1,1.0,,19,6
System_Failure,lstm,43,9,213,190,0,,1.0,15,3
System_Failure,lstm,43,9,214,191,1,1.0,,40,26
System_Failure,lstm,43,9,215,192,1,0.0,,31,3
System_Failure,lstm,43,9,216,193,1,0.0,,16,0
System_Failure,lstm,43,9,217,194,1,1.0,,17,4
System_Failure,lstm,43,9,218,195,1,1.0,,18,5
System_Failure,lstm,43,9,219,196,1,1.0,,23,6
System_Failure,lstm,43,9,220,197,1,1.0,,32,8
System_Failure,lstm,43,9,221,198,1,1.0,,19,3
System_Failure,lstm,43,9,222,199,1,1.0,,18,5
System_Failure,lstm,43,9,223,200,1,1.0,,19,7
System_Failure,lstm,43,9,224,201,1,1.0,,19,6
System_Failure,lstm,43,9,225,202,1,1.0,,19,5
System_Failure,lstm,43,9,224,210,1,1.0,,16,7
System_Failure,lstm,44,9,201,178,1,1.0,,30,17
System_Failure,lstm,44,9,202,179,1,1.0,,15,8
System_Failure,lstm,44,9,203,180,0,,1.0,15,1
System_Failure,lstm,44,9,204,181,1,1.0,,38,17
System_Failure,lstm,44,9,205,182,0,,1.0,16,2
System_Failure,lstm,44,9,206,183,1,1.0,,18,6
System_Failure,lstm,44,9,207,184,0,,1.0,15,4
System_Failure,lstm,44,9,208,185,1,1.0,,14,6
System_Failure,lstm,44,9,209,186,0,,1.0,15,1
System_Failure,lstm,44,9,210,187,1,1.0,,49,26
System_Failure,lstm,44,9,211,188,0,,0.0,15,0
System_Failure,lstm,44,9,212,189,1,1.0,,19,8
System_Failure,lstm,44,9,213,190,0,,0.0,15,0
System_Failure,lstm,44,9,214,191,1,1.0,,40,27
System_Failure,lstm,44,9,215,192,1,1.0,,31,7
System_Failure,lstm,44,9,216,193,1,1.0,,16,4
System_Failure,lstm,44,9,217,194,1,1.0,,17,6
System_Failure,lstm,44,9,218,195,1,1.0,,18,6
System_Failure,lstm,44,9,219,196,1,1.0,,23,12
System_Failure,lstm,44,9,220,197,1,1.0,,32,13
System_Failure,lstm,44,9,221,198,1,1.0,,19,4
System_Failure,lstm,44,9,222,199,1,1.0,,18,6
System_Failure,lstm,44,9,223,200,1,1.0,,19,7
System_Failure,lstm,44,9,224,201,1,1.0,,19,7
System_Failure,lstm,44,9,225,202,1,1.0,,19,8
System_Failure,lstm,44,9,224,210,1,1.0,,16,7
System_Failure,lstm,42,10,226,203,1,1.0,,19,11
System_Failure,lstm,42,10,227,204,1,1.0,,18,4
System_Failure,lstm,42,10,229,205,1,1.0,,42,22
System_Failure,lstm,42,10,230,206,1,1.0,,18,9
System_Failure,lstm,42,10,231,207,1,1.0,,35,14
System_Failure,lstm,42,10,232,208,0,,1.0,15,3
System_Failure,lstm,42,10,233,209,1,1.0,,31,14
System_Failure,lstm,42,10,230,216,1,1.0,,20,6
System_Failure,lstm,42,10,231,217,1,1.0,,18,6
System_Failure,lstm,42,10,232,218,1,1.0,,20,13
System_Failure,lstm,42,10,233,219,1,1.0,,15,6
System_Failure,lstm,42,10,234,220,1,1.0,,52,15
System_Failure,lstm,42,10,235,221,1,1.0,,18,6
System_Failure,lstm,42,10,236,222,0,,1.0,15,8
System_Failure,lstm,42,10,237,223,1,1.0,,43,18
System_Failure,lstm,42,10,238,224,0,,1.0,15,3
System_Failure,lstm,42,10,239,225,1,1.0,,34,16
System_Failure,lstm,42,10,240,226,1,1.0,,37,11
System_Failure,lstm,42,10,241,227,0,,1.0,15,3
System_Failure,lstm,42,10,242,228,1,1.0,,43,8
System_Failure,lstm,42,10,243,229,0,,1.0,16,1
System_Failure,lstm,42,10,245,230,0,,1.0,15,3
System_Failure,lstm,42,10,246,231,1,1.0,,40,20
System_Failure,lstm,42,10,247,232,1,1.0,,46,15
System_Failure,lstm,42,10,248,233,0,,1.0,15,2
System_Failure,lstm,42,10,249,234,1,1.0,,37,12
System_Failure,lstm,42,10,250,235,1,1.0,,33,11
System_Failure,lstm,43,10,226,203,1,1.0,,19,7
System_Failure,lstm,43,10,227,204,1,1.0,,18,5
System_Failure,lstm,43,10,229,205,1,1.0,,42,18
System_Failure,lstm,43,10,230,206,1,1.0,,18,6
System_Failure,lstm,43,10,231,207,1,1.0,,35,12
System_Failure,lstm,43,10,232,208,0,,0.0,15,0
System_Failure,lstm,43,10,233,209,1,1.0,,31,18
System_Failure,lstm,43,10,230,216,1,1.0,,20,7
System_Failure,lstm,43,10,231,217,1,1.0,,18,6
System_Failure,lstm,43,10,232,218,1,1.0,,20,4
System_Failure,lstm,43,10,233,219,1,0.0,,15,0
System_Failure,lstm,43,10,234,220,1,1.0,,52,10
System_Failure,lstm,43,10,235,221,1,1.0,,18,6
System_Failure,lstm,43,10,236,222,0,,1.0,15,2
System_Failure,lstm,43,10,237,223,1,1.0,,43,12
System_Failure,lstm,43,10,238,224,0,,0.0,15,0
System_Failure,lstm,43,10,239,225,1,1.0,,34,10
System_Failure,lstm,43,10,240,226,1,1.0,,37,7
System_Failure,lstm,43,10,241,227,0,,0.0,15,0
System_Failure,lstm,43,10,242,228,1,1.0,,43,9
System_Failure,lstm,43,10,243,229,0,,1.0,16,2
System_Failure,lstm,43,10,245,230,0,,1.0,15,1
System_Failure,lstm,43,10,246,231,1,1.0,,40,16
System_Failure,lstm,43,10,247,232,1,1.0,,46,8
System_Failure,lstm,43,10,248,233,0,,1.0,15,2
System_Failure,lstm,43,10,249,234,1,1.0,,37,4
System_Failure,lstm,43,10,250,235,1,0.0,,33,0
System_Failure,lstm,44,10,226,203,1,1.0,,19,10
System_Failure,lstm,44,10,227,204,1,0.0,,18,0
System_Failure,lstm,44,10,229,205,1,1.0,,42,23
System_Failure,lstm,44,10,230,206,1,1.0,,18,6
System_Failure,lstm,44,10,231,207,1,1.0,,35,14
System_Failure,lstm,44,10,232,208,0,,0.0,15,0
System_Failure,lstm,44,10,233,209,1,1.0,,31,16
System_Failure,lstm,44,10,230,216,1,1.0,,20,6
System_Failure,lstm,44,10,231,217,1,1.0,,18,6
System_Failure,lstm,44,10,232,218,1,1.0,,20,11
System_Failure,lstm,44,10,233,219,1,1.0,,15,4
System_Failure,lstm,44,10,234,220,1,1.0,,52,15
System_Failure,lstm,44,10,235,221,1,1.0,,18,6
System_Failure,lstm,44,10,236,222,0,,0.0,15,0
System_Failure,lstm,44,10,237,223,1,1.0,,43,19
System_Failure,lstm,44,10,238,224,0,,0.0,15,0
System_Failure,lstm,44,10,239,225,1,1.0,,34,14
System_Failure,lstm,44,10,240,226,1,1.0,,37,13
System_Failure,lstm,44,10,241,227,0,,1.0,15,2
System_Failure,lstm,44,10,242,228,1,1.0,,43,11
System_Failure,lstm,44,10,243,229,0,,0.0,16,0
System_Failure,lstm,44,10,245,230,0,,0.0,15,0
System_Failure,lstm,44,10,246,231,1,1.0,,40,20
System_Failure,lstm,44,10,247,232,1,1.0,,46,16
System_Failure,lstm,44,10,248,233,0,,0.0,15,0
System_Failure,lstm,44,10,249,234,1,1.0,,37,7
System_Failure,lstm,44,10,250,235,1,1.0,,33,13
ProtectiveStop,1d_cnn,42,1,1,1,1,1.0,,30,10
ProtectiveStop,1d_cnn,42,1,2,2,0,,0.0,37,0
ProtectiveStop,1d_cnn,42,1,3,3,0,,0.0,17,0
ProtectiveStop,1d_cnn,42,1,4,4,0,,0.0,15,0
ProtectiveStop,1d_cnn,42,1,5,5,0,,0.0,18,0
ProtectiveStop,1d_cnn,42,1,6,6,0,,0.0,22,0
ProtectiveStop,1d_cnn,42,1,8,8,0,,0.0,15,0
ProtectiveStop,1d_cnn,42,1,9,9,0,,0.0,15,0
ProtectiveStop,1d_cnn,42,1,10,10,0,,0.0,15,0
ProtectiveStop,1d_cnn,42,1,11,11,0,,0.0,16,0
ProtectiveStop,1d_cnn,42,1,12,12,0,,0.0,15,0
ProtectiveStop,1d_cnn,42,1,13,13,0,,0.0,15,0
ProtectiveStop,1d_cnn,42,1,14,14,0,,0.0,19,0
ProtectiveStop,1d_cnn,42,1,15,15,0,,0.0,14,0
ProtectiveStop,1d_cnn,42,1,16,16,0,,0.0,16,0
ProtectiveStop,1d_cnn,42,1,17,17,0,,0.0,15,0
ProtectiveStop,1d_cnn,42,1,18,18,0,,0.0,16,0
ProtectiveStop,1d_cnn,42,1,19,19,0,,0.0,15,0
ProtectiveStop,1d_cnn,42,1,20,20,0,,0.0,15,0
ProtectiveStop,1d_cnn,42,1,21,21,0,,0.0,16,0
ProtectiveStop,1d_cnn,42,1,22,22,1,1.0,,27,12
ProtectiveStop,1d_cnn,42,1,23,23,0,,0.0,15,0
ProtectiveStop,1d_cnn,42,1,24,24,0,,0.0,15,0
ProtectiveStop,1d_cnn,42,1,25,25,0,,0.0,16,0
ProtectiveStop,1d_cnn,43,1,1,1,1,0.0,,30,0
ProtectiveStop,1d_cnn,43,1,2,2,0,,0.0,37,0
ProtectiveStop,1d_cnn,43,1,3,3,0,,0.0,17,0
ProtectiveStop,1d_cnn,43,1,4,4,0,,0.0,15,0
ProtectiveStop,1d_cnn,43,1,5,5,0,,0.0,18,0
ProtectiveStop,1d_cnn,43,1,6,6,0,,0.0,22,0
ProtectiveStop,1d_cnn,43,1,8,8,0,,0.0,15,0
ProtectiveStop,1d_cnn,43,1,9,9,0,,0.0,15,0
ProtectiveStop,1d_cnn,43,1,10,10,0,,0.0,15,0
ProtectiveStop,1d_cnn,43,1,11,11,0,,0.0,16,0
ProtectiveStop,1d_cnn,43,1,12,12,0,,0.0,15,0
ProtectiveStop,1d_cnn,43,1,13,13,0,,0.0,15,0
ProtectiveStop,1d_cnn,43,1,14,14,0,,0.0,19,0
ProtectiveStop,1d_cnn,43,1,15,15,0,,0.0,14,0
ProtectiveStop,1d_cnn,43,1,16,16,0,,0.0,16,0
ProtectiveStop,1d_cnn,43,1,17,17,0,,0.0,15,0
ProtectiveStop,1d_cnn,43,1,18,18,0,,0.0,16,0
ProtectiveStop,1d_cnn,43,1,19,19,0,,0.0,15,0
ProtectiveStop,1d_cnn,43,1,20,20,0,,0.0,15,0
ProtectiveStop,1d_cnn,43,1,21,21,0,,0.0,16,0
ProtectiveStop,1d_cnn,43,1,22,22,1,1.0,,27,11
ProtectiveStop,1d_cnn,43,1,23,23,0,,0.0,15,0
ProtectiveStop,1d_cnn,43,1,24,24,0,,0.0,15,0
ProtectiveStop,1d_cnn,43,1,25,25,0,,0.0,16,0
ProtectiveStop,1d_cnn,44,1,1,1,1,1.0,,30,7
ProtectiveStop,1d_cnn,44,1,2,2,0,,0.0,37,0
ProtectiveStop,1d_cnn,44,1,3,3,0,,0.0,17,0
ProtectiveStop,1d_cnn,44,1,4,4,0,,0.0,15,0
ProtectiveStop,1d_cnn,44,1,5,5,0,,0.0,18,0
ProtectiveStop,1d_cnn,44,1,6,6,0,,0.0,22,0
ProtectiveStop,1d_cnn,44,1,8,8,0,,0.0,15,0
ProtectiveStop,1d_cnn,44,1,9,9,0,,0.0,15,0
ProtectiveStop,1d_cnn,44,1,10,10,0,,0.0,15,0
ProtectiveStop,1d_cnn,44,1,11,11,0,,0.0,16,0
ProtectiveStop,1d_cnn,44,1,12,12,0,,0.0,15,0
ProtectiveStop,1d_cnn,44,1,13,13,0,,0.0,15,0
ProtectiveStop,1d_cnn,44,1,14,14,0,,0.0,19,0
ProtectiveStop,1d_cnn,44,1,15,15,0,,0.0,14,0
ProtectiveStop,1d_cnn,44,1,16,16,0,,0.0,16,0
ProtectiveStop,1d_cnn,44,1,17,17,0,,0.0,15,0
ProtectiveStop,1d_cnn,44,1,18,18,0,,0.0,16,0
ProtectiveStop,1d_cnn,44,1,19,19,0,,0.0,15,0
ProtectiveStop,1d_cnn,44,1,20,20,0,,0.0,15,0
ProtectiveStop,1d_cnn,44,1,21,21,0,,0.0,16,0
ProtectiveStop,1d_cnn,44,1,22,22,1,1.0,,27,13
ProtectiveStop,1d_cnn,44,1,23,23,0,,0.0,15,0
ProtectiveStop,1d_cnn,44,1,24,24,0,,0.0,15,0
ProtectiveStop,1d_cnn,44,1,25,25,0,,0.0,16,0
ProtectiveStop,1d_cnn,42,2,26,26,0,,0.0,15,0
ProtectiveStop,1d_cnn,42,2,27,27,0,,0.0,15,0
ProtectiveStop,1d_cnn,42,2,28,28,0,,0.0,16,0
ProtectiveStop,1d_cnn,42,2,29,29,0,,0.0,15,0
ProtectiveStop,1d_cnn,42,2,30,30,0,,0.0,15,0
ProtectiveStop,1d_cnn,42,2,31,31,0,,0.0,14,0
ProtectiveStop,1d_cnn,42,2,32,32,0,,0.0,15,0
ProtectiveStop,1d_cnn,42,2,33,33,0,,0.0,16,0
ProtectiveStop,1d_cnn,42,2,34,34,0,,0.0,15,0
ProtectiveStop,1d_cnn,42,2,35,35,1,1.0,,20,5
ProtectiveStop,1d_cnn,42,2,36,36,0,,1.0,24,3
ProtectiveStop,1d_cnn,42,2,37,37,0,,0.0,15,0
ProtectiveStop,1d_cnn,42,2,38,38,0,,0.0,15,0
ProtectiveStop,1d_cnn,42,2,39,39,0,,0.0,15,0
ProtectiveStop,1d_cnn,42,2,40,40,0,,1.0,20,3
ProtectiveStop,1d_cnn,42,2,41,41,0,,0.0,15,0
ProtectiveStop,1d_cnn,42,2,42,42,1,1.0,,71,62
ProtectiveStop,1d_cnn,42,2,43,43,0,,0.0,15,0
ProtectiveStop,1d_cnn,42,2,44,44,0,,0.0,15,0
ProtectiveStop,1d_cnn,42,2,45,45,0,,0.0,15,0
ProtectiveStop,1d_cnn,42,2,48,48,0,,0.0,15,0
ProtectiveStop,1d_cnn,42,2,49,49,0,,0.0,15,0
ProtectiveStop,1d_cnn,42,2,50,50,0,,0.0,15,0
ProtectiveStop,1d_cnn,43,2,26,26,0,,0.0,15,0
ProtectiveStop,1d_cnn,43,2,27,27,0,,0.0,15,0
ProtectiveStop,1d_cnn,43,2,28,28,0,,0.0,16,0
ProtectiveStop,1d_cnn,43,2,29,29,0,,0.0,15,0
ProtectiveStop,1d_cnn,43,2,30,30,0,,0.0,15,0
ProtectiveStop,1d_cnn,43,2,31,31,0,,0.0,14,0
ProtectiveStop,1d_cnn,43,2,32,32,0,,0.0,15,0
ProtectiveStop,1d_cnn,43,2,33,33,0,,0.0,16,0
ProtectiveStop,1d_cnn,43,2,34,34,0,,0.0,15,0
ProtectiveStop,1d_cnn,43,2,35,35,1,1.0,,20,5
ProtectiveStop,1d_cnn,43,2,36,36,0,,1.0,24,2
ProtectiveStop,1d_cnn,43,2,37,37,0,,0.0,15,0
ProtectiveStop,1d_cnn,43,2,38,38,0,,0.0,15,0
ProtectiveStop,1d_cnn,43,2,39,39,0,,0.0,15,0
ProtectiveStop,1d_cnn,43,2,40,40,0,,0.0,20,0
ProtectiveStop,1d_cnn,43,2,41,41,0,,0.0,15,0
ProtectiveStop,1d_cnn,43,2,42,42,1,1.0,,71,61
ProtectiveStop,1d_cnn,43,2,43,43,0,,0.0,15,0
ProtectiveStop,1d_cnn,43,2,44,44,0,,0.0,15,0
ProtectiveStop,1d_cnn,43,2,45,45,0,,0.0,15,0
ProtectiveStop,1d_cnn,43,2,48,48,0,,0.0,15,0
ProtectiveStop,1d_cnn,43,2,49,49,0,,0.0,15,0
ProtectiveStop,1d_cnn,43,2,50,50,0,,0.0,15,0
ProtectiveStop,1d_cnn,44,2,26,26,0,,0.0,15,0
ProtectiveStop,1d_cnn,44,2,27,27,0,,0.0,15,0
ProtectiveStop,1d_cnn,44,2,28,28,0,,0.0,16,0
ProtectiveStop,1d_cnn,44,2,29,29,0,,0.0,15,0
ProtectiveStop,1d_cnn,44,2,30,30,0,,0.0,15,0
ProtectiveStop,1d_cnn,44,2,31,31,0,,0.0,14,0
ProtectiveStop,1d_cnn,44,2,32,32,0,,0.0,15,0
ProtectiveStop,1d_cnn,44,2,33,33,0,,0.0,16,0
ProtectiveStop,1d_cnn,44,2,34,34,0,,0.0,15,0
ProtectiveStop,1d_cnn,44,2,35,35,1,1.0,,20,5
ProtectiveStop,1d_cnn,44,2,36,36,0,,1.0,24,3
ProtectiveStop,1d_cnn,44,2,37,37,0,,0.0,15,0
ProtectiveStop,1d_cnn,44,2,38,38,0,,0.0,15,0
ProtectiveStop,1d_cnn,44,2,39,39,0,,0.0,15,0
ProtectiveStop,1d_cnn,44,2,40,40,0,,1.0,20,3
ProtectiveStop,1d_cnn,44,2,41,41,0,,0.0,15,0
ProtectiveStop,1d_cnn,44,2,42,42,1,1.0,,71,66
ProtectiveStop,1d_cnn,44,2,43,43,0,,0.0,15,0
ProtectiveStop,1d_cnn,44,2,44,44,0,,0.0,15,0
ProtectiveStop,1d_cnn,44,2,45,45,0,,0.0,15,0
ProtectiveStop,1d_cnn,44,2,48,48,0,,0.0,15,0
ProtectiveStop,1d_cnn,44,2,49,49,0,,0.0,15,0
ProtectiveStop,1d_cnn,44,2,50,50,0,,0.0,15,0
ProtectiveStop,1d_cnn,42,3,51,51,0,,0.0,15,0
ProtectiveStop,1d_cnn,42,3,52,52,0,,0.0,15,0
ProtectiveStop,1d_cnn,42,3,53,53,1,1.0,,43,24
ProtectiveStop,1d_cnn,42,3,54,54,0,,1.0,15,1
ProtectiveStop,1d_cnn,42,3,55,55,0,,0.0,15,0
ProtectiveStop,1d_cnn,42,3,56,56,0,,1.0,15,1
ProtectiveStop,1d_cnn,42,3,57,57,0,,1.0,32,2
ProtectiveStop,1d_cnn,42,3,58,58,0,,0.0,15,0
ProtectiveStop,1d_cnn,42,3,59,59,0,,1.0,15,2
ProtectiveStop,1d_cnn,42,3,60,60,0,,1.0,16,1
ProtectiveStop,1d_cnn,42,3,61,61,0,,1.0,13,1
ProtectiveStop,1d_cnn,42,3,62,62,0,,0.0,16,0
ProtectiveStop,1d_cnn,42,3,63,63,1,0.0,,31,2
ProtectiveStop,1d_cnn,42,3,64,64,0,,0.0,16,0
ProtectiveStop,1d_cnn,42,3,65,65,0,,0.0,13,0
ProtectiveStop,1d_cnn,42,3,66,66,0,,0.0,17,0
ProtectiveStop,1d_cnn,42,3,67,67,0,,0.0,15,0
ProtectiveStop,1d_cnn,42,3,68,68,0,,0.0,15,0
ProtectiveStop,1d_cnn,42,3,69,69,1,0.0,,24,0
ProtectiveStop,1d_cnn,42,3,70,70,0,,1.0,15,2
ProtectiveStop,1d_cnn,42,3,71,71,0,,1.0,9,2
ProtectiveStop,1d_cnn,42,3,72,72,0,,1.0,15,2
ProtectiveStop,1d_cnn,42,3,73,73,0,,1.0,16,1
ProtectiveStop,1d_cnn,42,3,75,74,0,,0.0,15,0
ProtectiveStop,1d_cnn,43,3,51,51,0,,0.0,15,0
ProtectiveStop,1d_cnn,43,3,52,52,0,,0.0,15,0
ProtectiveStop,1d_cnn,43,3,53,53,1,1.0,,43,27
ProtectiveStop,1d_cnn,43,3,54,54,0,,0.0,15,0
ProtectiveStop,1d_cnn,43,3,55,55,0,,0.0,15,0
ProtectiveStop,1d_cnn,43,3,56,56,0,,0.0,15,0
ProtectiveStop,1d_cnn,43,3,57,57,0,,0.0,32,0
ProtectiveStop,1d_cnn,43,3,58,58,0,,0.0,15,0
ProtectiveStop,1d_cnn,43,3,59,59,0,,0.0,15,0
ProtectiveStop,1d_cnn,43,3,60,60,0,,0.0,16,0
ProtectiveStop,1d_cnn,43,3,61,61,0,,1.0,13,1
ProtectiveStop,1d_cnn,43,3,62,62,0,,0.0,16,0
ProtectiveStop,1d_cnn,43,3,63,63,1,1.0,,31,8
ProtectiveStop,1d_cnn,43,3,64,64,0,,0.0,16,0
ProtectiveStop,1d_cnn,43,3,65,65,0,,0.0,13,0
ProtectiveStop,1d_cnn,43,3,66,66,0,,0.0,17,0
ProtectiveStop,1d_cnn,43,3,67,67,0,,0.0,15,0
ProtectiveStop,1d_cnn,43,3,68,68,0,,0.0,15,0
ProtectiveStop,1d_cnn,43,3,69,69,1,1.0,,24,3
ProtectiveStop,1d_cnn,43,3,70,70,0,,1.0,15,1
ProtectiveStop,1d_cnn,43,3,71,71,0,,1.0,9,2
ProtectiveStop,1d_cnn,43,3,72,72,0,,0.0,15,0
ProtectiveStop,1d_cnn,43,3,73,73,0,,0.0,16,0
ProtectiveStop,1d_cnn,43,3,75,74,0,,0.0,15,0
ProtectiveStop,1d_cnn,44,3,51,51,0,,0.0,15,0
ProtectiveStop,1d_cnn,44,3,52,52,0,,0.0,15,0
ProtectiveStop,1d_cnn,44,3,53,53,1,1.0,,43,23
ProtectiveStop,1d_cnn,44,3,54,54,0,,0.0,15,0
ProtectiveStop,1d_cnn,44,3,55,55,0,,0.0,15,0
ProtectiveStop,1d_cnn,44,3,56,56,0,,0.0,15,0
ProtectiveStop,1d_cnn,44,3,57,57,0,,0.0,32,0
ProtectiveStop,1d_cnn,44,3,58,58,0,,0.0,15,0
ProtectiveStop,1d_cnn,44,3,59,59,0,,0.0,15,0
ProtectiveStop,1d_cnn,44,3,60,60,0,,0.0,16,0
ProtectiveStop,1d_cnn,44,3,61,61,0,,1.0,13,1
ProtectiveStop,1d_cnn,44,3,62,62,0,,0.0,16,0
ProtectiveStop,1d_cnn,44,3,63,63,1,1.0,,31,8
ProtectiveStop,1d_cnn,44,3,64,64,0,,0.0,16,0
ProtectiveStop,1d_cnn,44,3,65,65,0,,0.0,13,0
ProtectiveStop,1d_cnn,44,3,66,66,0,,0.0,17,0
ProtectiveStop,1d_cnn,44,3,67,67,0,,0.0,15,0
ProtectiveStop,1d_cnn,44,3,68,68,0,,0.0,15,0
ProtectiveStop,1d_cnn,44,3,69,69,1,0.0,,24,0
ProtectiveStop,1d_cnn,44,3,70,70,0,,1.0,15,1
ProtectiveStop,1d_cnn,44,3,71,71,0,,1.0,9,2
ProtectiveStop,1d_cnn,44,3,72,72,0,,0.0,15,0
ProtectiveStop,1d_cnn,44,3,73,73,0,,0.0,16,0
ProtectiveStop,1d_cnn,44,3,75,74,0,,0.0,15,0
ProtectiveStop,1d_cnn,42,4,76,75,0,,0.0,15,0
ProtectiveStop,1d_cnn,42,4,85,84,0,,1.0,20,6
ProtectiveStop,1d_cnn,42,4,86,85,1,1.0,,20,7
ProtectiveStop,1d_cnn,42,4,87,86,1,1.0,,20,6
ProtectiveStop,1d_cnn,42,4,88,87,0,,0.0,15,0
ProtectiveStop,1d_cnn,42,4,89,88,0,,0.0,15,0
ProtectiveStop,1d_cnn,42,4,90,89,0,,0.0,15,0
ProtectiveStop,1d_cnn,42,4,91,90,0,,0.0,15,0
ProtectiveStop,1d_cnn,42,4,92,91,0,,0.0,15,0
ProtectiveStop,1d_cnn,42,4,93,92,0,,0.0,15,0
ProtectiveStop,1d_cnn,42,4,94,93,0,,0.0,15,0
ProtectiveStop,1d_cnn,42,4,95,94,0,,0.0,15,0
ProtectiveStop,1d_cnn,42,4,96,95,0,,0.0,7,0
ProtectiveStop,1d_cnn,42,4,97,96,0,,0.0,15,0
ProtectiveStop,1d_cnn,42,4,98,97,0,,0.0,15,0
ProtectiveStop,1d_cnn,42,4,99,98,1,1.0,,92,56
ProtectiveStop,1d_cnn,42,4,100,99,0,,0.0,15,0
ProtectiveStop,1d_cnn,43,4,76,75,0,,0.0,15,0
ProtectiveStop,1d_cnn,43,4,85,84,0,,1.0,20,6
ProtectiveStop,1d_cnn,43,4,86,85,1,1.0,,20,6
ProtectiveStop,1d_cnn,43,4,87,86,1,1.0,,20,6
ProtectiveStop,1d_cnn,43,4,88,87,0,,0.0,15,0
ProtectiveStop,1d_cnn,43,4,89,88,0,,0.0,15,0
ProtectiveStop,1d_cnn,43,4,90,89,0,,0.0,15,0
ProtectiveStop,1d_cnn,43,4,91,90,0,,0.0,15,0
ProtectiveStop,1d_cnn,43,4,92,91,0,,0.0,15,0
ProtectiveStop,1d_cnn,43,4,93,92,0,,0.0,15,0
ProtectiveStop,1d_cnn,43,4,94,93,0,,0.0,15,0
ProtectiveStop,1d_cnn,43,4,95,94,0,,0.0,15,0
ProtectiveStop,1d_cnn,43,4,96,95,0,,0.0,7,0
ProtectiveStop,1d_cnn,43,4,97,96,0,,0.0,15,0
ProtectiveStop,1d_cnn,43,4,98,97,0,,1.0,15,1
ProtectiveStop,1d_cnn,43,4,99,98,1,1.0,,92,58
ProtectiveStop,1d_cnn,43,4,100,99,0,,0.0,15,0
ProtectiveStop,1d_cnn,44,4,76,75,0,,0.0,15,0
ProtectiveStop,1d_cnn,44,4,85,84,0,,1.0,20,6
ProtectiveStop,1d_cnn,44,4,86,85,1,1.0,,20,6
ProtectiveStop,1d_cnn,44,4,87,86,1,1.0,,20,6
ProtectiveStop,1d_cnn,44,4,88,87,0,,0.0,15,0
ProtectiveStop,1d_cnn,44,4,89,88,0,,0.0,15,0
ProtectiveStop,1d_cnn,44,4,90,89,0,,1.0,15,1
ProtectiveStop,1d_cnn,44,4,91,90,0,,0.0,15,0
ProtectiveStop,1d_cnn,44,4,92,91,0,,0.0,15,0
ProtectiveStop,1d_cnn,44,4,93,92,0,,0.0,15,0
ProtectiveStop,1d_cnn,44,4,94,93,0,,0.0,15,0
ProtectiveStop,1d_cnn,44,4,95,94,0,,0.0,15,0
ProtectiveStop,1d_cnn,44,4,96,95,0,,0.0,7,0
ProtectiveStop,1d_cnn,44,4,97,96,0,,1.0,15,2
ProtectiveStop,1d_cnn,44,4,98,97,0,,1.0,15,2
ProtectiveStop,1d_cnn,44,4,99,98,1,1.0,,92,59
ProtectiveStop,1d_cnn,44,4,100,99,0,,0.0,15,0
ProtectiveStop,1d_cnn,42,5,101,100,0,,0.0,15,0
ProtectiveStop,1d_cnn,42,5,102,101,0,,0.0,15,0
ProtectiveStop,1d_cnn,42,5,103,102,1,1.0,,54,34
ProtectiveStop,1d_cnn,42,5,104,103,0,,0.0,2,0
ProtectiveStop,1d_cnn,42,5,105,104,0,,0.0,14,0
ProtectiveStop,1d_cnn,42,5,106,105,0,,0.0,15,0
ProtectiveStop,1d_cnn,42,5,107,106,0,,0.0,15,0
ProtectiveStop,1d_cnn,42,5,108,107,1,1.0,,47,16
ProtectiveStop,1d_cnn,42,5,109,108,0,,1.0,15,1
ProtectiveStop,1d_cnn,42,5,110,109,0,,0.0,4,0
ProtectiveStop,1d_cnn,42,5,111,110,0,,0.0,16,0
ProtectiveStop,1d_cnn,42,5,112,111,0,,1.0,15,1
ProtectiveStop,1d_cnn,42,5,113,112,0,,1.0,15,3
ProtectiveStop,1d_cnn,42,5,114,113,0,,0.0,16,0
ProtectiveStop,1d_cnn,42,5,115,114,1,1.0,,43,20
ProtectiveStop,1d_cnn,42,5,116,115,0,,1.0,15,2
ProtectiveStop,1d_cnn,42,5,117,116,1,1.0,,19,10
ProtectiveStop,1d_cnn,42,5,118,117,1,1.0,,30,9
ProtectiveStop,1d_cnn,42,5,119,118,0,,0.0,16,0
ProtectiveStop,1d_cnn,42,5,120,119,0,,0.0,15,0
ProtectiveStop,1d_cnn,42,5,121,120,0,,0.0,16,0
ProtectiveStop,1d_cnn,42,5,122,121,0,,1.0,15,1
ProtectiveStop,1d_cnn,42,5,123,122,0,,1.0,14,2
ProtectiveStop,1d_cnn,42,5,124,123,0,,0.0,16,0
ProtectiveStop,1d_cnn,42,5,125,124,0,,0.0,13,0
ProtectiveStop,1d_cnn,43,5,101,100,0,,0.0,15,0
ProtectiveStop,1d_cnn,43,5,102,101,0,,1.0,15,2
ProtectiveStop,1d_cnn,43,5,103,102,1,1.0,,54,32
ProtectiveStop,1d_cnn,43,5,104,103,0,,0.0,2,0
ProtectiveStop,1d_cnn,43,5,105,104,0,,0.0,14,0
ProtectiveStop,1d_cnn,43,5,106,105,0,,1.0,15,3
ProtectiveStop,1d_cnn,43,5,107,106,0,,1.0,15,2
ProtectiveStop,1d_cnn,43,5,108,107,1,1.0,,47,16
ProtectiveStop,1d_cnn,43,5,109,108,0,,1.0,15,3
ProtectiveStop,1d_cnn,43,5,110,109,0,,1.0,4,2
ProtectiveStop,1d_cnn,43,5,111,110,0,,0.0,16,0
ProtectiveStop,1d_cnn,43,5,112,111,0,,1.0,15,3
ProtectiveStop,1d_cnn,43,5,113,112,0,,1.0,15,3
ProtectiveStop,1d_cnn,43,5,114,113,0,,1.0,16,2
ProtectiveStop,1d_cnn,43,5,115,114,1,1.0,,43,24
ProtectiveStop,1d_cnn,43,5,116,115,0,,1.0,15,2
ProtectiveStop,1d_cnn,43,5,117,116,1,1.0,,19,10
ProtectiveStop,1d_cnn,43,5,118,117,1,1.0,,30,9
ProtectiveStop,1d_cnn,43,5,119,118,0,,0.0,16,0
ProtectiveStop,1d_cnn,43,5,120,119,0,,0.0,15,0
ProtectiveStop,1d_cnn,43,5,121,120,0,,1.0,16,1
ProtectiveStop,1d_cnn,43,5,122,121,0,,1.0,15,3
ProtectiveStop,1d_cnn,43,5,123,122,0,,1.0,14,7
ProtectiveStop,1d_cnn,43,5,124,123,0,,1.0,16,2
ProtectiveStop,1d_cnn,43,5,125,124,0,,1.0,13,3
ProtectiveStop,1d_cnn,44,5,101,100,0,,0.0,15,0
ProtectiveStop,1d_cnn,44,5,102,101,0,,1.0,15,1
ProtectiveStop,1d_cnn,44,5,103,102,1,1.0,,54,43
ProtectiveStop,1d_cnn,44,5,104,103,0,,0.0,2,0
ProtectiveStop,1d_cnn,44,5,105,104,0,,0.0,14,0
ProtectiveStop,1d_cnn,44,5,106,105,0,,0.0,15,0
ProtectiveStop,1d_cnn,44,5,107,106,0,,0.0,15,0
ProtectiveStop,1d_cnn,44,5,108,107,1,1.0,,47,17
ProtectiveStop,1d_cnn,44,5,109,108,0,,0.0,15,0
ProtectiveStop,1d_cnn,44,5,110,109,0,,0.0,4,0
ProtectiveStop,1d_cnn,44,5,111,110,0,,0.0,16,0
ProtectiveStop,1d_cnn,44,5,112,111,0,,1.0,15,1
ProtectiveStop,1d_cnn,44,5,113,112,0,,1.0,15,3
ProtectiveStop,1d_cnn,44,5,114,113,0,,1.0,16,1
ProtectiveStop,1d_cnn,44,5,115,114,1,1.0,,43,20
ProtectiveStop,1d_cnn,44,5,116,115,0,,1.0,15,2
ProtectiveStop,1d_cnn,44,5,117,116,1,1.0,,19,11
ProtectiveStop,1d_cnn,44,5,118,117,1,1.0,,30,10
ProtectiveStop,1d_cnn,44,5,119,118,0,,0.0,16,0
ProtectiveStop,1d_cnn,44,5,120,119,0,,0.0,15,0
ProtectiveStop,1d_cnn,44,5,121,120,0,,0.0,16,0
ProtectiveStop,1d_cnn,44,5,122,121,0,,1.0,15,1
ProtectiveStop,1d_cnn,44,5,123,122,0,,1.0,14,2
ProtectiveStop,1d_cnn,44,5,124,123,0,,0.0,16,0
ProtectiveStop,1d_cnn,44,5,125,124,0,,1.0,13,1
ProtectiveStop,1d_cnn,42,7,151,129,0,,0.0,15,0
ProtectiveStop,1d_cnn,42,7,152,130,1,1.0,,21,7
ProtectiveStop,1d_cnn,42,7,153,131,0,,0.0,15,0
ProtectiveStop,1d_cnn,42,7,154,132,0,,0.0,16,0
ProtectiveStop,1d_cnn,42,7,155,133,0,,0.0,15,0
ProtectiveStop,1d_cnn,42,7,156,134,0,,0.0,15,0
ProtectiveStop,1d_cnn,42,7,157,135,0,,0.0,16,0
ProtectiveStop,1d_cnn,42,7,159,137,1,1.0,,23,10
ProtectiveStop,1d_cnn,42,7,160,138,0,,0.0,16,0
ProtectiveStop,1d_cnn,42,7,161,139,0,,0.0,15,0
ProtectiveStop,1d_cnn,42,7,162,140,0,,0.0,15,0
ProtectiveStop,1d_cnn,42,7,163,141,1,1.0,,44,10
ProtectiveStop,1d_cnn,42,7,164,142,1,1.0,,21,6
ProtectiveStop,1d_cnn,42,7,165,143,0,,0.0,15,0
ProtectiveStop,1d_cnn,42,7,166,144,0,,0.0,15,0
ProtectiveStop,1d_cnn,42,7,167,145,0,,0.0,15,0
ProtectiveStop,1d_cnn,42,7,168,146,0,,0.0,16,0
ProtectiveStop,1d_cnn,42,7,169,147,0,,0.0,15,0
ProtectiveStop,1d_cnn,42,7,170,148,1,1.0,,47,10
ProtectiveStop,1d_cnn,42,7,171,149,0,,0.0,15,0
ProtectiveStop,1d_cnn,42,7,172,150,0,,0.0,15,0
ProtectiveStop,1d_cnn,42,7,173,151,1,1.0,,21,1
ProtectiveStop,1d_cnn,42,7,174,152,1,0.0,,19,0
ProtectiveStop,1d_cnn,42,7,175,153,1,1.0,,35,9
ProtectiveStop,1d_cnn,43,7,151,129,0,,0.0,15,0
ProtectiveStop,1d_cnn,43,7,152,130,1,1.0,,21,7
ProtectiveStop,1d_cnn,43,7,153,131,0,,0.0,15,0
ProtectiveStop,1d_cnn,43,7,154,132,0,,0.0,16,0
ProtectiveStop,1d_cnn,43,7,155,133,0,,0.0,15,0
ProtectiveStop,1d_cnn,43,7,156,134,0,,0.0,15,0
ProtectiveStop,1d_cnn,43,7,157,135,0,,0.0,16,0
ProtectiveStop,1d_cnn,43,7,159,137,1,1.0,,23,10
ProtectiveStop,1d_cnn,43,7,160,138,0,,0.0,16,0
ProtectiveStop,1d_cnn,43,7,161,139,0,,0.0,15,0
ProtectiveStop,1d_cnn,43,7,162,140,0,,0.0,15,0
ProtectiveStop,1d_cnn,43,7,163,141,1,1.0,,44,10
ProtectiveStop,1d_cnn,43,7,164,142,1,1.0,,21,6
ProtectiveStop,1d_cnn,43,7,165,143,0,,0.0,15,0
ProtectiveStop,1d_cnn,43,7,166,144,0,,0.0,15,0
ProtectiveStop,1d_cnn,43,7,167,145,0,,0.0,15,0
ProtectiveStop,1d_cnn,43,7,168,146,0,,0.0,16,0
ProtectiveStop,1d_cnn,43,7,169,147,0,,0.0,15,0
ProtectiveStop,1d_cnn,43,7,170,148,1,1.0,,47,9
ProtectiveStop,1d_cnn,43,7,171,149,0,,0.0,15,0
ProtectiveStop,1d_cnn,43,7,172,150,0,,0.0,15,0
ProtectiveStop,1d_cnn,43,7,173,151,1,1.0,,21,2
ProtectiveStop,1d_cnn,43,7,174,152,1,0.0,,19,0
ProtectiveStop,1d_cnn,43,7,175,153,1,1.0,,35,11
ProtectiveStop,1d_cnn,44,7,151,129,0,,0.0,15,0
ProtectiveStop,1d_cnn,44,7,152,130,1,1.0,,21,7
ProtectiveStop,1d_cnn,44,7,153,131,0,,0.0,15,0
ProtectiveStop,1d_cnn,44,7,154,132,0,,0.0,16,0
ProtectiveStop,1d_cnn,44,7,155,133,0,,0.0,15,0
ProtectiveStop,1d_cnn,44,7,156,134,0,,0.0,15,0
ProtectiveStop,1d_cnn,44,7,157,135,0,,0.0,16,0
ProtectiveStop,1d_cnn,44,7,159,137,1,1.0,,23,10
ProtectiveStop,1d_cnn,44,7,160,138,0,,0.0,16,0
ProtectiveStop,1d_cnn,44,7,161,139,0,,0.0,15,0
ProtectiveStop,1d_cnn,44,7,162,140,0,,0.0,15,0
ProtectiveStop,1d_cnn,44,7,163,141,1,1.0,,44,10
ProtectiveStop,1d_cnn,44,7,164,142,1,1.0,,21,6
ProtectiveStop,1d_cnn,44,7,165,143,0,,0.0,15,0
ProtectiveStop,1d_cnn,44,7,166,144,0,,0.0,15,0
ProtectiveStop,1d_cnn,44,7,167,145,0,,0.0,15,0
ProtectiveStop,1d_cnn,44,7,168,146,0,,0.0,16,0
ProtectiveStop,1d_cnn,44,7,169,147,0,,0.0,15,0
ProtectiveStop,1d_cnn,44,7,170,148,1,1.0,,47,10
ProtectiveStop,1d_cnn,44,7,171,149,0,,0.0,15,0
ProtectiveStop,1d_cnn,44,7,172,150,0,,0.0,15,0
ProtectiveStop,1d_cnn,44,7,173,151,1,1.0,,21,3
ProtectiveStop,1d_cnn,44,7,174,152,1,0.0,,19,0
ProtectiveStop,1d_cnn,44,7,175,153,1,1.0,,35,10
ProtectiveStop,1d_cnn,42,8,176,154,0,,1.0,15,2
ProtectiveStop,1d_cnn,42,8,177,155,0,,1.0,15,2
ProtectiveStop,1d_cnn,42,8,178,156,0,,1.0,16,1
ProtectiveStop,1d_cnn,42,8,179,157,0,,0.0,15,0
ProtectiveStop,1d_cnn,42,8,180,158,0,,0.0,15,0
ProtectiveStop,1d_cnn,42,8,181,159,0,,1.0,14,2
ProtectiveStop,1d_cnn,42,8,182,160,1,1.0,,18,5
ProtectiveStop,1d_cnn,42,8,183,161,1,1.0,,38,10
ProtectiveStop,1d_cnn,42,8,184,162,0,,1.0,15,2
ProtectiveStop,1d_cnn,42,8,185,163,1,1.0,,6,6
ProtectiveStop,1d_cnn,42,8,199,176,0,,0.0,7,0
ProtectiveStop,1d_cnn,42,8,200,177,0,,0.0,15,0
ProtectiveStop,1d_cnn,43,8,176,154,0,,1.0,15,3
ProtectiveStop,1d_cnn,43,8,177,155,0,,1.0,15,3
ProtectiveStop,1d_cnn,43,8,178,156,0,,0.0,16,0
ProtectiveStop,1d_cnn,43,8,179,157,0,,0.0,15,0
ProtectiveStop,1d_cnn,43,8,180,158,0,,0.0,15,0
ProtectiveStop,1d_cnn,43,8,181,159,0,,1.0,14,1
ProtectiveStop,1d_cnn,43,8,182,160,1,1.0,,18,5
ProtectiveStop,1d_cnn,43,8,183,161,1,1.0,,38,12
ProtectiveStop,1d_cnn,43,8,184,162,0,,1.0,15,3
ProtectiveStop,1d_cnn,43,8,185,163,1,1.0,,6,6
ProtectiveStop,1d_cnn,43,8,199,176,0,,0.0,7,0
ProtectiveStop,1d_cnn,43,8,200,177,0,,0.0,15,0
ProtectiveStop,1d_cnn,44,8,176,154,0,,1.0,15,2
ProtectiveStop,1d_cnn,44,8,177,155,0,,0.0,15,0
ProtectiveStop,1d_cnn,44,8,178,156,0,,0.0,16,0
ProtectiveStop,1d_cnn,44,8,179,157,0,,0.0,15,0
ProtectiveStop,1d_cnn,44,8,180,158,0,,0.0,15,0
ProtectiveStop,1d_cnn,44,8,181,159,0,,0.0,14,0
ProtectiveStop,1d_cnn,44,8,182,160,1,1.0,,18,5
ProtectiveStop,1d_cnn,44,8,183,161,1,1.0,,38,9
ProtectiveStop,1d_cnn,44,8,184,162,0,,0.0,15,0
ProtectiveStop,1d_cnn,44,8,185,163,1,1.0,,6,6
ProtectiveStop,1d_cnn,44,8,199,176,0,,0.0,7,0
ProtectiveStop,1d_cnn,44,8,200,177,0,,0.0,15,0
ProtectiveStop,1d_cnn,42,9,201,178,1,1.0,,30,13
ProtectiveStop,1d_cnn,42,9,202,179,0,,0.0,15,0
ProtectiveStop,1d_cnn,42,9,203,180,0,,0.0,15,0
ProtectiveStop,1d_cnn,42,9,204,181,1,1.0,,38,15
ProtectiveStop,1d_cnn,42,9,205,182,0,,0.0,16,0
ProtectiveStop,1d_cnn,42,9,206,183,1,1.0,,18,6
ProtectiveStop,1d_cnn,42,9,207,184,0,,1.0,15,2
ProtectiveStop,1d_cnn,42,9,208,185,0,,0.0,14,0
ProtectiveStop,1d_cnn,42,9,209,186,0,,1.0,15,1
ProtectiveStop,1d_cnn,42,9,210,187,1,1.0,,49,12
ProtectiveStop,1d_cnn,42,9,211,188,0,,0.0,15,0
ProtectiveStop,1d_cnn,42,9,212,189,1,1.0,,19,6
ProtectiveStop,1d_cnn,42,9,213,190,0,,0.0,15,0
ProtectiveStop,1d_cnn,42,9,214,191,1,1.0,,40,11
ProtectiveStop,1d_cnn,42,9,215,192,1,1.0,,31,3
ProtectiveStop,1d_cnn,42,9,216,193,0,,0.0,16,0
ProtectiveStop,1d_cnn,42,9,217,194,1,1.0,,17,4
ProtectiveStop,1d_cnn,42,9,218,195,1,1.0,,18,5
ProtectiveStop,1d_cnn,42,9,219,196,1,1.0,,23,9
ProtectiveStop,1d_cnn,42,9,220,197,1,1.0,,32,8
ProtectiveStop,1d_cnn,42,9,221,198,1,0.0,,19,0
ProtectiveStop,1d_cnn,42,9,222,199,1,1.0,,18,4
ProtectiveStop,1d_cnn,42,9,223,200,1,1.0,,19,7
ProtectiveStop,1d_cnn,42,9,224,201,1,1.0,,19,6
ProtectiveStop,1d_cnn,42,9,225,202,1,1.0,,19,6
ProtectiveStop,1d_cnn,42,9,224,210,1,1.0,,16,6
ProtectiveStop,1d_cnn,43,9,201,178,1,1.0,,30,11
ProtectiveStop,1d_cnn,43,9,202,179,0,,0.0,15,0
ProtectiveStop,1d_cnn,43,9,203,180,0,,0.0,15,0
ProtectiveStop,1d_cnn,43,9,204,181,1,1.0,,38,11
ProtectiveStop,1d_cnn,43,9,205,182,0,,0.0,16,0
ProtectiveStop,1d_cnn,43,9,206,183,1,1.0,,18,5
ProtectiveStop,1d_cnn,43,9,207,184,0,,1.0,15,2
ProtectiveStop,1d_cnn,43,9,208,185,0,,0.0,14,0
ProtectiveStop,1d_cnn,43,9,209,186,0,,1.0,15,1
ProtectiveStop,1d_cnn,43,9,210,187,1,1.0,,49,11
ProtectiveStop,1d_cnn,43,9,211,188,0,,0.0,15,0
ProtectiveStop,1d_cnn,43,9,212,189,1,1.0,,19,6
ProtectiveStop,1d_cnn,43,9,213,190,0,,0.0,15,0
ProtectiveStop,1d_cnn,43,9,214,191,1,1.0,,40,11
ProtectiveStop,1d_cnn,43,9,215,192,1,0.0,,31,0
ProtectiveStop,1d_cnn,43,9,216,193,0,,0.0,16,0
ProtectiveStop,1d_cnn,43,9,217,194,1,1.0,,17,4
ProtectiveStop,1d_cnn,43,9,218,195,1,1.0,,18,5
ProtectiveStop,1d_cnn,43,9,219,196,1,1.0,,23,9
ProtectiveStop,1d_cnn,43,9,220,197,1,1.0,,32,7
ProtectiveStop,1d_cnn,43,9,221,198,1,0.0,,19,0
ProtectiveStop,1d_cnn,43,9,222,199,1,1.0,,18,4
ProtectiveStop,1d_cnn,43,9,223,200,1,1.0,,19,7
ProtectiveStop,1d_cnn,43,9,224,201,1,1.0,,19,6
ProtectiveStop,1d_cnn,43,9,225,202,1,1.0,,19,6
ProtectiveStop,1d_cnn,43,9,224,210,1,1.0,,16,6
ProtectiveStop,1d_cnn,44,9,201,178,1,1.0,,30,9
ProtectiveStop,1d_cnn,44,9,202,179,0,,0.0,15,0
ProtectiveStop,1d_cnn,44,9,203,180,0,,0.0,15,0
ProtectiveStop,1d_cnn,44,9,204,181,1,1.0,,38,11
ProtectiveStop,1d_cnn,44,9,205,182,0,,0.0,16,0
ProtectiveStop,1d_cnn,44,9,206,183,1,1.0,,18,5
ProtectiveStop,1d_cnn,44,9,207,184,0,,1.0,15,1
ProtectiveStop,1d_cnn,44,9,208,185,0,,0.0,14,0
ProtectiveStop,1d_cnn,44,9,209,186,0,,0.0,15,0
ProtectiveStop,1d_cnn,44,9,210,187,1,1.0,,49,11
ProtectiveStop,1d_cnn,44,9,211,188,0,,0.0,15,0
ProtectiveStop,1d_cnn,44,9,212,189,1,1.0,,19,6
ProtectiveStop,1d_cnn,44,9,213,190,0,,0.0,15,0
ProtectiveStop,1d_cnn,44,9,214,191,1,1.0,,40,11
ProtectiveStop,1d_cnn,44,9,215,192,1,0.0,,31,1
ProtectiveStop,1d_cnn,44,9,216,193,0,,0.0,16,0
ProtectiveStop,1d_cnn,44,9,217,194,1,1.0,,17,4
ProtectiveStop,1d_cnn,44,9,218,195,1,1.0,,18,5
ProtectiveStop,1d_cnn,44,9,219,196,1,1.0,,23,7
ProtectiveStop,1d_cnn,44,9,220,197,1,1.0,,32,6
ProtectiveStop,1d_cnn,44,9,221,198,1,0.0,,19,0
ProtectiveStop,1d_cnn,44,9,222,199,1,1.0,,18,4
ProtectiveStop,1d_cnn,44,9,223,200,1,1.0,,19,6
ProtectiveStop,1d_cnn,44,9,224,201,1,1.0,,19,6
ProtectiveStop,1d_cnn,44,9,225,202,1,1.0,,19,5
ProtectiveStop,1d_cnn,44,9,224,210,1,1.0,,16,6
ProtectiveStop,1d_cnn,42,10,226,203,1,1.0,,19,7
ProtectiveStop,1d_cnn,42,10,227,204,1,1.0,,18,5
ProtectiveStop,1d_cnn,42,10,229,205,1,1.0,,42,17
ProtectiveStop,1d_cnn,42,10,230,206,1,1.0,,18,3
ProtectiveStop,1d_cnn,42,10,231,207,1,1.0,,35,12
ProtectiveStop,1d_cnn,42,10,232,208,0,,0.0,15,0
ProtectiveStop,1d_cnn,42,10,233,209,1,1.0,,31,16
ProtectiveStop,1d_cnn,42,10,230,216,1,1.0,,20,7
ProtectiveStop,1d_cnn,42,10,231,217,1,1.0,,18,5
ProtectiveStop,1d_cnn,42,10,232,218,1,1.0,,20,7
ProtectiveStop,1d_cnn,42,10,233,219,0,,0.0,15,0
ProtectiveStop,1d_cnn,42,10,234,220,1,1.0,,52,8
ProtectiveStop,1d_cnn,42,10,235,221,1,1.0,,18,5
ProtectiveStop,1d_cnn,42,10,236,222,0,,1.0,15,1
ProtectiveStop,1d_cnn,42,10,237,223,1,1.0,,43,15
ProtectiveStop,1d_cnn,42,10,238,224,0,,0.0,15,0
ProtectiveStop,1d_cnn,42,10,239,225,1,1.0,,34,14
ProtectiveStop,1d_cnn,42,10,240,226,1,1.0,,37,9
ProtectiveStop,1d_cnn,42,10,241,227,0,,0.0,15,0
ProtectiveStop,1d_cnn,42,10,242,228,1,1.0,,43,7
ProtectiveStop,1d_cnn,42,10,243,229,0,,1.0,16,2
ProtectiveStop,1d_cnn,42,10,245,230,0,,1.0,15,1
ProtectiveStop,1d_cnn,42,10,246,231,1,1.0,,40,16
ProtectiveStop,1d_cnn,42,10,247,232,1,1.0,,46,17
ProtectiveStop,1d_cnn,42,10,248,233,0,,1.0,15,1
ProtectiveStop,1d_cnn,42,10,249,234,1,1.0,,37,10
ProtectiveStop,1d_cnn,42,10,250,235,1,1.0,,33,11
ProtectiveStop,1d_cnn,43,10,226,203,1,1.0,,19,7
ProtectiveStop,1d_cnn,43,10,227,204,1,1.0,,18,6
ProtectiveStop,1d_cnn,43,10,229,205,1,1.0,,42,17
ProtectiveStop,1d_cnn,43,10,230,206,1,1.0,,18,5
ProtectiveStop,1d_cnn,43,10,231,207,1,1.0,,35,12
ProtectiveStop,1d_cnn,43,10,232,208,0,,0.0,15,0
ProtectiveStop,1d_cnn,43,10,233,209,1,1.0,,31,16
ProtectiveStop,1d_cnn,43,10,230,216,1,1.0,,20,7
ProtectiveStop,1d_cnn,43,10,231,217,1,1.0,,18,5
ProtectiveStop,1d_cnn,43,10,232,218,1,1.0,,20,5
ProtectiveStop,1d_cnn,43,10,233,219,0,,0.0,15,0
ProtectiveStop,1d_cnn,43,10,234,220,1,1.0,,52,8
ProtectiveStop,1d_cnn,43,10,235,221,1,1.0,,18,5
ProtectiveStop,1d_cnn,43,10,236,222,0,,0.0,15,0
ProtectiveStop,1d_cnn,43,10,237,223,1,1.0,,43,14
ProtectiveStop,1d_cnn,43,10,238,224,0,,0.0,15,0
ProtectiveStop,1d_cnn,43,10,239,225,1,1.0,,34,14
ProtectiveStop,1d_cnn,43,10,240,226,1,1.0,,37,7
ProtectiveStop,1d_cnn,43,10,241,227,0,,0.0,15,0
ProtectiveStop,1d_cnn,43,10,242,228,1,1.0,,43,5
ProtectiveStop,1d_cnn,43,10,243,229,0,,1.0,16,2
ProtectiveStop,1d_cnn,43,10,245,230,0,,1.0,15,1
ProtectiveStop,1d_cnn,43,10,246,231,1,1.0,,40,15
ProtectiveStop,1d_cnn,43,10,247,232,1,1.0,,46,13
ProtectiveStop,1d_cnn,43,10,248,233,0,,1.0,15,1
ProtectiveStop,1d_cnn,43,10,249,234,1,1.0,,37,13
ProtectiveStop,1d_cnn,43,10,250,235,1,1.0,,33,13
ProtectiveStop,1d_cnn,44,10,226,203,1,1.0,,19,10
ProtectiveStop,1d_cnn,44,10,227,204,1,1.0,,18,11
ProtectiveStop,1d_cnn,44,10,229,205,1,1.0,,42,24
ProtectiveStop,1d_cnn,44,10,230,206,1,1.0,,18,6
ProtectiveStop,1d_cnn,44,10,231,207,1,1.0,,35,17
ProtectiveStop,1d_cnn,44,10,232,208,0,,1.0,15,4
ProtectiveStop,1d_cnn,44,10,233,209,1,1.0,,31,19
ProtectiveStop,1d_cnn,44,10,230,216,1,1.0,,20,7
ProtectiveStop,1d_cnn,44,10,231,217,1,1.0,,18,6
ProtectiveStop,1d_cnn,44,10,232,218,1,1.0,,20,7
ProtectiveStop,1d_cnn,44,10,233,219,0,,0.0,15,0
ProtectiveStop,1d_cnn,44,10,234,220,1,1.0,,52,38
ProtectiveStop,1d_cnn,44,10,235,221,1,1.0,,18,6
ProtectiveStop,1d_cnn,44,10,236,222,0,,1.0,15,3
ProtectiveStop,1d_cnn,44,10,237,223,1,1.0,,43,25
ProtectiveStop,1d_cnn,44,10,238,224,0,,1.0,15,3
ProtectiveStop,1d_cnn,44,10,239,225,1,1.0,,34,15
ProtectiveStop,1d_cnn,44,10,240,226,1,1.0,,37,14
ProtectiveStop,1d_cnn,44,10,241,227,0,,1.0,15,1
ProtectiveStop,1d_cnn,44,10,242,228,1,1.0,,43,25
ProtectiveStop,1d_cnn,44,10,243,229,0,,1.0,16,4
ProtectiveStop,1d_cnn,44,10,245,230,0,,1.0,15,3
ProtectiveStop,1d_cnn,44,10,246,231,1,1.0,,40,30
ProtectiveStop,1d_cnn,44,10,247,232,1,1.0,,46,29
ProtectiveStop,1d_cnn,44,10,248,233,0,,1.0,15,4
ProtectiveStop,1d_cnn,44,10,249,234,1,1.0,,37,23
ProtectiveStop,1d_cnn,44,10,250,235,1,1.0,,33,15
ProtectiveStop,lstm,42,1,1,1,1,0.0,,30,0
ProtectiveStop,lstm,42,1,2,2,0,,0.0,37,0
ProtectiveStop,lstm,42,1,3,3,0,,0.0,17,0
ProtectiveStop,lstm,42,1,4,4,0,,0.0,15,0
ProtectiveStop,lstm,42,1,5,5,0,,0.0,18,0
ProtectiveStop,lstm,42,1,6,6,0,,0.0,22,0
ProtectiveStop,lstm,42,1,8,8,0,,0.0,15,0
ProtectiveStop,lstm,42,1,9,9,0,,0.0,15,0
ProtectiveStop,lstm,42,1,10,10,0,,0.0,15,0
ProtectiveStop,lstm,42,1,11,11,0,,0.0,16,0
ProtectiveStop,lstm,42,1,12,12,0,,0.0,15,0
ProtectiveStop,lstm,42,1,13,13,0,,0.0,15,0
ProtectiveStop,lstm,42,1,14,14,0,,0.0,19,0
ProtectiveStop,lstm,42,1,15,15,0,,0.0,14,0
ProtectiveStop,lstm,42,1,16,16,0,,0.0,16,0
ProtectiveStop,lstm,42,1,17,17,0,,0.0,15,0
ProtectiveStop,lstm,42,1,18,18,0,,0.0,16,0
ProtectiveStop,lstm,42,1,19,19,0,,0.0,15,0
ProtectiveStop,lstm,42,1,20,20,0,,0.0,15,0
ProtectiveStop,lstm,42,1,21,21,0,,0.0,16,0
ProtectiveStop,lstm,42,1,22,22,1,1.0,,27,9
ProtectiveStop,lstm,42,1,23,23,0,,0.0,15,0
ProtectiveStop,lstm,42,1,24,24,0,,0.0,15,0
ProtectiveStop,lstm,42,1,25,25,0,,0.0,16,0
ProtectiveStop,lstm,43,1,1,1,1,0.0,,30,0
ProtectiveStop,lstm,43,1,2,2,0,,0.0,37,0
ProtectiveStop,lstm,43,1,3,3,0,,0.0,17,0
ProtectiveStop,lstm,43,1,4,4,0,,0.0,15,0
ProtectiveStop,lstm,43,1,5,5,0,,0.0,18,0
ProtectiveStop,lstm,43,1,6,6,0,,0.0,22,0
ProtectiveStop,lstm,43,1,8,8,0,,0.0,15,0
ProtectiveStop,lstm,43,1,9,9,0,,0.0,15,0
ProtectiveStop,lstm,43,1,10,10,0,,0.0,15,0
ProtectiveStop,lstm,43,1,11,11,0,,0.0,16,0
ProtectiveStop,lstm,43,1,12,12,0,,0.0,15,0
ProtectiveStop,lstm,43,1,13,13,0,,0.0,15,0
ProtectiveStop,lstm,43,1,14,14,0,,0.0,19,0
ProtectiveStop,lstm,43,1,15,15,0,,0.0,14,0
ProtectiveStop,lstm,43,1,16,16,0,,0.0,16,0
ProtectiveStop,lstm,43,1,17,17,0,,0.0,15,0
ProtectiveStop,lstm,43,1,18,18,0,,0.0,16,0
ProtectiveStop,lstm,43,1,19,19,0,,0.0,15,0
ProtectiveStop,lstm,43,1,20,20,0,,0.0,15,0
ProtectiveStop,lstm,43,1,21,21,0,,0.0,16,0
ProtectiveStop,lstm,43,1,22,22,1,1.0,,27,8
ProtectiveStop,lstm,43,1,23,23,0,,0.0,15,0
ProtectiveStop,lstm,43,1,24,24,0,,0.0,15,0
ProtectiveStop,lstm,43,1,25,25,0,,0.0,16,0
ProtectiveStop,lstm,44,1,1,1,1,0.0,,30,0
ProtectiveStop,lstm,44,1,2,2,0,,0.0,37,0
ProtectiveStop,lstm,44,1,3,3,0,,0.0,17,0
ProtectiveStop,lstm,44,1,4,4,0,,0.0,15,0
ProtectiveStop,lstm,44,1,5,5,0,,0.0,18,0
ProtectiveStop,lstm,44,1,6,6,0,,0.0,22,0
ProtectiveStop,lstm,44,1,8,8,0,,0.0,15,0
ProtectiveStop,lstm,44,1,9,9,0,,0.0,15,0
ProtectiveStop,lstm,44,1,10,10,0,,0.0,15,0
ProtectiveStop,lstm,44,1,11,11,0,,0.0,16,0
ProtectiveStop,lstm,44,1,12,12,0,,0.0,15,0
ProtectiveStop,lstm,44,1,13,13,0,,0.0,15,0
ProtectiveStop,lstm,44,1,14,14,0,,0.0,19,0
ProtectiveStop,lstm,44,1,15,15,0,,0.0,14,0
ProtectiveStop,lstm,44,1,16,16,0,,0.0,16,0
ProtectiveStop,lstm,44,1,17,17,0,,0.0,15,0
ProtectiveStop,lstm,44,1,18,18,0,,0.0,16,0
ProtectiveStop,lstm,44,1,19,19,0,,0.0,15,0
ProtectiveStop,lstm,44,1,20,20,0,,0.0,15,0
ProtectiveStop,lstm,44,1,21,21,0,,0.0,16,0
ProtectiveStop,lstm,44,1,22,22,1,1.0,,27,11
ProtectiveStop,lstm,44,1,23,23,0,,0.0,15,0
ProtectiveStop,lstm,44,1,24,24,0,,0.0,15,0
ProtectiveStop,lstm,44,1,25,25,0,,0.0,16,0
ProtectiveStop,lstm,42,2,26,26,0,,0.0,15,0
ProtectiveStop,lstm,42,2,27,27,0,,1.0,15,1
ProtectiveStop,lstm,42,2,28,28,0,,0.0,16,0
ProtectiveStop,lstm,42,2,29,29,0,,0.0,15,0
ProtectiveStop,lstm,42,2,30,30,0,,0.0,15,0
ProtectiveStop,lstm,42,2,31,31,0,,1.0,14,1
ProtectiveStop,lstm,42,2,32,32,0,,0.0,15,0
ProtectiveStop,lstm,42,2,33,33,0,,1.0,16,2
ProtectiveStop,lstm,42,2,34,34,0,,1.0,15,1
ProtectiveStop,lstm,42,2,35,35,1,1.0,,20,6
ProtectiveStop,lstm,42,2,36,36,0,,1.0,24,2
ProtectiveStop,lstm,42,2,37,37,0,,0.0,15,0
ProtectiveStop,lstm,42,2,38,38,0,,0.0,15,0
ProtectiveStop,lstm,42,2,39,39,0,,0.0,15,0
ProtectiveStop,lstm,42,2,40,40,0,,1.0,20,2
ProtectiveStop,lstm,42,2,41,41,0,,0.0,15,0
ProtectiveStop,lstm,42,2,42,42,1,1.0,,71,60
ProtectiveStop,lstm,42,2,43,43,0,,0.0,15,0
ProtectiveStop,lstm,42,2,44,44,0,,0.0,15,0
ProtectiveStop,lstm,42,2,45,45,0,,0.0,15,0
ProtectiveStop,lstm,42,2,48,48,0,,0.0,15,0
ProtectiveStop,lstm,42,2,49,49,0,,1.0,15,1
ProtectiveStop,lstm,42,2,50,50,0,,0.0,15,0
ProtectiveStop,lstm,43,2,26,26,0,,0.0,15,0
ProtectiveStop,lstm,43,2,27,27,0,,0.0,15,0
ProtectiveStop,lstm,43,2,28,28,0,,0.0,16,0
ProtectiveStop,lstm,43,2,29,29,0,,0.0,15,0
ProtectiveStop,lstm,43,2,30,30,0,,0.0,15,0
ProtectiveStop,lstm,43,2,31,31,0,,0.0,14,0
ProtectiveStop,lstm,43,2,32,32,0,,0.0,15,0
ProtectiveStop,lstm,43,2,33,33,0,,0.0,16,0
ProtectiveStop,lstm,43,2,34,34,0,,1.0,15,1
ProtectiveStop,lstm,43,2,35,35,1,1.0,,20,6
ProtectiveStop,lstm,43,2,36,36,0,,1.0,24,2
ProtectiveStop,lstm,43,2,37,37,0,,0.0,15,0
ProtectiveStop,lstm,43,2,38,38,0,,0.0,15,0
ProtectiveStop,lstm,43,2,39,39,0,,0.0,15,0
ProtectiveStop,lstm,43,2,40,40,0,,1.0,20,1
ProtectiveStop,lstm,43,2,41,41,0,,0.0,15,0
ProtectiveStop,lstm,43,2,42,42,1,1.0,,71,61
ProtectiveStop,lstm,43,2,43,43,0,,0.0,15,0
ProtectiveStop,lstm,43,2,44,44,0,,0.0,15,0
ProtectiveStop,lstm,43,2,45,45,0,,0.0,15,0
ProtectiveStop,lstm,43,2,48,48,0,,0.0,15,0
ProtectiveStop,lstm,43,2,49,49,0,,0.0,15,0
ProtectiveStop,lstm,43,2,50,50,0,,0.0,15,0
ProtectiveStop,lstm,44,2,26,26,0,,0.0,15,0
ProtectiveStop,lstm,44,2,27,27,0,,0.0,15,0
ProtectiveStop,lstm,44,2,28,28,0,,0.0,16,0
ProtectiveStop,lstm,44,2,29,29,0,,0.0,15,0
ProtectiveStop,lstm,44,2,30,30,0,,0.0,15,0
ProtectiveStop,lstm,44,2,31,31,0,,0.0,14,0
ProtectiveStop,lstm,44,2,32,32,0,,0.0,15,0
ProtectiveStop,lstm,44,2,33,33,0,,0.0,16,0
ProtectiveStop,lstm,44,2,34,34,0,,0.0,15,0
ProtectiveStop,lstm,44,2,35,35,1,1.0,,20,5
ProtectiveStop,lstm,44,2,36,36,0,,0.0,24,0
ProtectiveStop,lstm,44,2,37,37,0,,0.0,15,0
ProtectiveStop,lstm,44,2,38,38,0,,0.0,15,0
ProtectiveStop,lstm,44,2,39,39,0,,0.0,15,0
ProtectiveStop,lstm,44,2,40,40,0,,0.0,20,0
ProtectiveStop,lstm,44,2,41,41,0,,0.0,15,0
ProtectiveStop,lstm,44,2,42,42,1,1.0,,71,48
ProtectiveStop,lstm,44,2,43,43,0,,0.0,15,0
ProtectiveStop,lstm,44,2,44,44,0,,0.0,15,0
ProtectiveStop,lstm,44,2,45,45,0,,0.0,15,0
ProtectiveStop,lstm,44,2,48,48,0,,0.0,15,0
ProtectiveStop,lstm,44,2,49,49,0,,0.0,15,0
ProtectiveStop,lstm,44,2,50,50,0,,0.0,15,0
ProtectiveStop,lstm,42,3,51,51,0,,0.0,15,0
ProtectiveStop,lstm,42,3,52,52,0,,0.0,15,0
ProtectiveStop,lstm,42,3,53,53,1,1.0,,43,29
ProtectiveStop,lstm,42,3,54,54,0,,1.0,15,1
ProtectiveStop,lstm,42,3,55,55,0,,0.0,15,0
ProtectiveStop,lstm,42,3,56,56,0,,1.0,15,1
ProtectiveStop,lstm,42,3,57,57,0,,1.0,32,3
ProtectiveStop,lstm,42,3,58,58,0,,0.0,15,0
ProtectiveStop,lstm,42,3,59,59,0,,1.0,15,1
ProtectiveStop,lstm,42,3,60,60,0,,1.0,16,1
ProtectiveStop,lstm,42,3,61,61,0,,1.0,13,1
ProtectiveStop,lstm,42,3,62,62,0,,0.0,16,0
ProtectiveStop,lstm,42,3,63,63,1,0.0,,31,0
ProtectiveStop,lstm,42,3,64,64,0,,0.0,16,0
ProtectiveStop,lstm,42,3,65,65,0,,0.0,13,0
ProtectiveStop,lstm,42,3,66,66,0,,0.0,17,0
ProtectiveStop,lstm,42,3,67,67,0,,0.0,15,0
ProtectiveStop,lstm,42,3,68,68,0,,0.0,15,0
ProtectiveStop,lstm,42,3,69,69,1,0.0,,24,0
ProtectiveStop,lstm,42,3,70,70,0,,1.0,15,1
ProtectiveStop,lstm,42,3,71,71,0,,1.0,9,2
ProtectiveStop,lstm,42,3,72,72,0,,0.0,15,0
ProtectiveStop,lstm,42,3,73,73,0,,0.0,16,0
ProtectiveStop,lstm,42,3,75,74,0,,0.0,15,0
ProtectiveStop,lstm,43,3,51,51,0,,0.0,15,0
ProtectiveStop,lstm,43,3,52,52,0,,0.0,15,0
ProtectiveStop,lstm,43,3,53,53,1,1.0,,43,27
ProtectiveStop,lstm,43,3,54,54,0,,1.0,15,1
ProtectiveStop,lstm,43,3,55,55,0,,0.0,15,0
ProtectiveStop,lstm,43,3,56,56,0,,1.0,15,1
ProtectiveStop,lstm,43,3,57,57,0,,0.0,32,0
ProtectiveStop,lstm,43,3,58,58,0,,0.0,15,0
ProtectiveStop,lstm,43,3,59,59,0,,1.0,15,1
ProtectiveStop,lstm,43,3,60,60,0,,0.0,16,0
ProtectiveStop,lstm,43,3,61,61,0,,0.0,13,0
ProtectiveStop,lstm,43,3,62,62,0,,0.0,16,0
ProtectiveStop,lstm,43,3,63,63,1,0.0,,31,0
ProtectiveStop,lstm,43,3,64,64,0,,0.0,16,0
ProtectiveStop,lstm,43,3,65,65,0,,0.0,13,0
ProtectiveStop,lstm,43,3,66,66,0,,0.0,17,0
ProtectiveStop,lstm,43,3,67,67,0,,0.0,15,0
ProtectiveStop,lstm,43,3,68,68,0,,0.0,15,0
ProtectiveStop,lstm,43,3,69,69,1,0.0,,24,0
ProtectiveStop,lstm,43,3,70,70,0,,1.0,15,1
ProtectiveStop,lstm,43,3,71,71,0,,1.0,9,2
ProtectiveStop,lstm,43,3,72,72,0,,0.0,15,0
ProtectiveStop,lstm,43,3,73,73,0,,0.0,16,0
ProtectiveStop,lstm,43,3,75,74,0,,0.0,15,0
ProtectiveStop,lstm,44,3,51,51,0,,0.0,15,0
ProtectiveStop,lstm,44,3,52,52,0,,0.0,15,0
ProtectiveStop,lstm,44,3,53,53,1,1.0,,43,29
ProtectiveStop,lstm,44,3,54,54,0,,0.0,15,0
ProtectiveStop,lstm,44,3,55,55,0,,0.0,15,0
ProtectiveStop,lstm,44,3,56,56,0,,1.0,15,1
ProtectiveStop,lstm,44,3,57,57,0,,1.0,32,2
ProtectiveStop,lstm,44,3,58,58,0,,0.0,15,0
ProtectiveStop,lstm,44,3,59,59,0,,1.0,15,1
ProtectiveStop,lstm,44,3,60,60,0,,0.0,16,0
ProtectiveStop,lstm,44,3,61,61,0,,0.0,13,0
ProtectiveStop,lstm,44,3,62,62,0,,0.0,16,0
ProtectiveStop,lstm,44,3,63,63,1,0.0,,31,0
ProtectiveStop,lstm,44,3,64,64,0,,0.0,16,0
ProtectiveStop,lstm,44,3,65,65,0,,0.0,13,0
ProtectiveStop,lstm,44,3,66,66,0,,0.0,17,0
ProtectiveStop,lstm,44,3,67,67,0,,0.0,15,0
ProtectiveStop,lstm,44,3,68,68,0,,0.0,15,0
ProtectiveStop,lstm,44,3,69,69,1,0.0,,24,0
ProtectiveStop,lstm,44,3,70,70,0,,1.0,15,1
ProtectiveStop,lstm,44,3,71,71,0,,1.0,9,2
ProtectiveStop,lstm,44,3,72,72,0,,0.0,15,0
ProtectiveStop,lstm,44,3,73,73,0,,0.0,16,0
ProtectiveStop,lstm,44,3,75,74,0,,0.0,15,0
ProtectiveStop,lstm,42,4,76,75,0,,0.0,15,0
ProtectiveStop,lstm,42,4,85,84,0,,1.0,20,7
ProtectiveStop,lstm,42,4,86,85,1,1.0,,20,7
ProtectiveStop,lstm,42,4,87,86,1,1.0,,20,6
ProtectiveStop,lstm,42,4,88,87,0,,0.0,15,0
ProtectiveStop,lstm,42,4,89,88,0,,0.0,15,0
ProtectiveStop,lstm,42,4,90,89,0,,0.0,15,0
ProtectiveStop,lstm,42,4,91,90,0,,0.0,15,0
ProtectiveStop,lstm,42,4,92,91,0,,1.0,15,3
ProtectiveStop,lstm,42,4,93,92,0,,0.0,15,0
ProtectiveStop,lstm,42,4,94,93,0,,0.0,15,0
ProtectiveStop,lstm,42,4,95,94,0,,0.0,15,0
ProtectiveStop,lstm,42,4,96,95,0,,0.0,7,0
ProtectiveStop,lstm,42,4,97,96,0,,1.0,15,2
ProtectiveStop,lstm,42,4,98,97,0,,1.0,15,1
ProtectiveStop,lstm,42,4,99,98,1,1.0,,92,69
ProtectiveStop,lstm,42,4,100,99,0,,0.0,15,0
ProtectiveStop,lstm,43,4,76,75,0,,0.0,15,0
ProtectiveStop,lstm,43,4,85,84,0,,1.0,20,7
ProtectiveStop,lstm,43,4,86,85,1,1.0,,20,8
ProtectiveStop,lstm,43,4,87,86,1,1.0,,20,6
ProtectiveStop,lstm,43,4,88,87,0,,0.0,15,0
ProtectiveStop,lstm,43,4,89,88,0,,0.0,15,0
ProtectiveStop,lstm,43,4,90,89,0,,0.0,15,0
ProtectiveStop,lstm,43,4,91,90,0,,0.0,15,0
ProtectiveStop,lstm,43,4,92,91,0,,1.0,15,4
ProtectiveStop,lstm,43,4,93,92,0,,0.0,15,0
ProtectiveStop,lstm,43,4,94,93,0,,0.0,15,0
ProtectiveStop,lstm,43,4,95,94,0,,0.0,15,0
ProtectiveStop,lstm,43,4,96,95,0,,0.0,7,0
ProtectiveStop,lstm,43,4,97,96,0,,0.0,15,0
ProtectiveStop,lstm,43,4,98,97,0,,0.0,15,0
ProtectiveStop,lstm,43,4,99,98,1,1.0,,92,65
ProtectiveStop,lstm,43,4,100,99,0,,0.0,15,0
ProtectiveStop,lstm,44,4,76,75,0,,0.0,15,0
ProtectiveStop,lstm,44,4,85,84,0,,1.0,20,6
ProtectiveStop,lstm,44,4,86,85,1,1.0,,20,7
ProtectiveStop,lstm,44,4,87,86,1,1.0,,20,6
ProtectiveStop,lstm,44,4,88,87,0,,0.0,15,0
ProtectiveStop,lstm,44,4,89,88,0,,0.0,15,0
ProtectiveStop,lstm,44,4,90,89,0,,0.0,15,0
ProtectiveStop,lstm,44,4,91,90,0,,0.0,15,0
ProtectiveStop,lstm,44,4,92,91,0,,0.0,15,0
ProtectiveStop,lstm,44,4,93,92,0,,0.0,15,0
ProtectiveStop,lstm,44,4,94,93,0,,0.0,15,0
ProtectiveStop,lstm,44,4,95,94,0,,0.0,15,0
ProtectiveStop,lstm,44,4,96,95,0,,0.0,7,0
ProtectiveStop,lstm,44,4,97,96,0,,1.0,15,1
ProtectiveStop,lstm,44,4,98,97,0,,1.0,15,1
ProtectiveStop,lstm,44,4,99,98,1,1.0,,92,61
ProtectiveStop,lstm,44,4,100,99,0,,0.0,15,0
ProtectiveStop,lstm,42,5,101,100,0,,0.0,15,0
ProtectiveStop,lstm,42,5,102,101,0,,0.0,15,0
ProtectiveStop,lstm,42,5,103,102,1,1.0,,54,54
ProtectiveStop,lstm,42,5,104,103,0,,0.0,2,0
ProtectiveStop,lstm,42,5,105,104,0,,0.0,14,0
ProtectiveStop,lstm,42,5,106,105,0,,0.0,15,0
ProtectiveStop,lstm,42,5,107,106,0,,0.0,15,0
ProtectiveStop,lstm,42,5,108,107,1,1.0,,47,20
ProtectiveStop,lstm,42,5,109,108,0,,0.0,15,0
ProtectiveStop,lstm,42,5,110,109,0,,0.0,4,0
ProtectiveStop,lstm,42,5,111,110,0,,0.0,16,0
ProtectiveStop,lstm,42,5,112,111,0,,1.0,15,1
ProtectiveStop,lstm,42,5,113,112,0,,1.0,15,2
ProtectiveStop,lstm,42,5,114,113,0,,1.0,16,1
ProtectiveStop,lstm,42,5,115,114,1,1.0,,43,18
ProtectiveStop,lstm,42,5,116,115,0,,1.0,15,1
ProtectiveStop,lstm,42,5,117,116,1,1.0,,19,6
ProtectiveStop,lstm,42,5,118,117,1,1.0,,30,10
ProtectiveStop,lstm,42,5,119,118,0,,0.0,16,0
ProtectiveStop,lstm,42,5,120,119,0,,0.0,15,0
ProtectiveStop,lstm,42,5,121,120,0,,0.0,16,0
ProtectiveStop,lstm,42,5,122,121,0,,1.0,15,1
ProtectiveStop,lstm,42,5,123,122,0,,1.0,14,2
ProtectiveStop,lstm,42,5,124,123,0,,0.0,16,0
ProtectiveStop,lstm,42,5,125,124,0,,0.0,13,0
ProtectiveStop,lstm,43,5,101,100,0,,0.0,15,0
ProtectiveStop,lstm,43,5,102,101,0,,0.0,15,0
ProtectiveStop,lstm,43,5,103,102,1,1.0,,54,54
ProtectiveStop,lstm,43,5,104,103,0,,0.0,2,0
ProtectiveStop,lstm,43,5,105,104,0,,0.0,14,0
ProtectiveStop,lstm,43,5,106,105,0,,0.0,15,0
ProtectiveStop,lstm,43,5,107,106,0,,0.0,15,0
ProtectiveStop,lstm,43,5,108,107,1,1.0,,47,24
ProtectiveStop,lstm,43,5,109,108,0,,0.0,15,0
ProtectiveStop,lstm,43,5,110,109,0,,0.0,4,0
ProtectiveStop,lstm,43,5,111,110,0,,1.0,16,1
ProtectiveStop,lstm,43,5,112,111,0,,1.0,15,1
ProtectiveStop,lstm,43,5,113,112,0,,1.0,15,2
ProtectiveStop,lstm,43,5,114,113,0,,1.0,16,2
ProtectiveStop,lstm,43,5,115,114,1,1.0,,43,25
ProtectiveStop,lstm,43,5,116,115,0,,1.0,15,1
ProtectiveStop,lstm,43,5,117,116,1,1.0,,19,9
ProtectiveStop,lstm,43,5,118,117,1,1.0,,30,11
ProtectiveStop,lstm,43,5,119,118,0,,0.0,16,0
ProtectiveStop,lstm,43,5,120,119,0,,1.0,15,1
ProtectiveStop,lstm,43,5,121,120,0,,0.0,16,0
ProtectiveStop,lstm,43,5,122,121,0,,1.0,15,1
ProtectiveStop,lstm,43,5,123,122,0,,1.0,14,2
ProtectiveStop,lstm,43,5,124,123,0,,0.0,16,0
ProtectiveStop,lstm,43,5,125,124,0,,0.0,13,0
ProtectiveStop,lstm,44,5,101,100,0,,0.0,15,0
ProtectiveStop,lstm,44,5,102,101,0,,0.0,15,0
ProtectiveStop,lstm,44,5,103,102,1,1.0,,54,52
ProtectiveStop,lstm,44,5,104,103,0,,0.0,2,0
ProtectiveStop,lstm,44,5,105,104,0,,0.0,14,0
ProtectiveStop,lstm,44,5,106,105,0,,0.0,15,0
ProtectiveStop,lstm,44,5,107,106,0,,0.0,15,0
ProtectiveStop,lstm,44,5,108,107,1,1.0,,47,20
ProtectiveStop,lstm,44,5,109,108,0,,0.0,15,0
ProtectiveStop,lstm,44,5,110,109,0,,0.0,4,0
ProtectiveStop,lstm,44,5,111,110,0,,0.0,16,0
ProtectiveStop,lstm,44,5,112,111,0,,1.0,15,1
ProtectiveStop,lstm,44,5,113,112,0,,1.0,15,2
ProtectiveStop,lstm,44,5,114,113,0,,1.0,16,1
ProtectiveStop,lstm,44,5,115,114,1,1.0,,43,20
ProtectiveStop,lstm,44,5,116,115,0,,1.0,15,1
ProtectiveStop,lstm,44,5,117,116,1,1.0,,19,6
ProtectiveStop,lstm,44,5,118,117,1,1.0,,30,11
ProtectiveStop,lstm,44,5,119,118,0,,0.0,16,0
ProtectiveStop,lstm,44,5,120,119,0,,0.0,15,0
ProtectiveStop,lstm,44,5,121,120,0,,0.0,16,0
ProtectiveStop,lstm,44,5,122,121,0,,1.0,15,1
ProtectiveStop,lstm,44,5,123,122,0,,1.0,14,2
ProtectiveStop,lstm,44,5,124,123,0,,0.0,16,0
ProtectiveStop,lstm,44,5,125,124,0,,0.0,13,0
ProtectiveStop,lstm,42,7,151,129,0,,0.0,15,0
ProtectiveStop,lstm,42,7,152,130,1,1.0,,21,7
ProtectiveStop,lstm,42,7,153,131,0,,0.0,15,0
ProtectiveStop,lstm,42,7,154,132,0,,0.0,16,0
ProtectiveStop,lstm,42,7,155,133,0,,0.0,15,0
ProtectiveStop,lstm,42,7,156,134,0,,0.0,15,0
ProtectiveStop,lstm,42,7,157,135,0,,0.0,16,0
ProtectiveStop,lstm,42,7,159,137,1,1.0,,23,10
ProtectiveStop,lstm,42,7,160,138,0,,0.0,16,0
ProtectiveStop,lstm,42,7,161,139,0,,0.0,15,0
ProtectiveStop,lstm,42,7,162,140,0,,0.0,15,0
ProtectiveStop,lstm,42,7,163,141,1,1.0,,44,11
ProtectiveStop,lstm,42,7,164,142,1,1.0,,21,6
ProtectiveStop,lstm,42,7,165,143,0,,0.0,15,0
ProtectiveStop,lstm,42,7,166,144,0,,0.0,15,0
ProtectiveStop,lstm,42,7,167,145,0,,1.0,15,1
ProtectiveStop,lstm,42,7,168,146,0,,0.0,16,0
ProtectiveStop,lstm,42,7,169,147,0,,0.0,15,0
ProtectiveStop,lstm,42,7,170,148,1,1.0,,47,10
ProtectiveStop,lstm,42,7,171,149,0,,0.0,15,0
ProtectiveStop,lstm,42,7,172,150,0,,0.0,15,0
ProtectiveStop,lstm,42,7,173,151,1,0.0,,21,0
ProtectiveStop,lstm,42,7,174,152,1,0.0,,19,0
ProtectiveStop,lstm,42,7,175,153,1,1.0,,35,15
ProtectiveStop,lstm,43,7,151,129,0,,0.0,15,0
ProtectiveStop,lstm,43,7,152,130,1,1.0,,21,7
ProtectiveStop,lstm,43,7,153,131,0,,0.0,15,0
ProtectiveStop,lstm,43,7,154,132,0,,0.0,16,0
ProtectiveStop,lstm,43,7,155,133,0,,0.0,15,0
ProtectiveStop,lstm,43,7,156,134,0,,0.0,15,0
ProtectiveStop,lstm,43,7,157,135,0,,0.0,16,0
ProtectiveStop,lstm,43,7,159,137,1,1.0,,23,10
ProtectiveStop,lstm,43,7,160,138,0,,0.0,16,0
ProtectiveStop,lstm,43,7,161,139,0,,0.0,15,0
ProtectiveStop,lstm,43,7,162,140,0,,0.0,15,0
ProtectiveStop,lstm,43,7,163,141,1,1.0,,44,11
ProtectiveStop,lstm,43,7,164,142,1,1.0,,21,6
ProtectiveStop,lstm,43,7,165,143,0,,0.0,15,0
ProtectiveStop,lstm,43,7,166,144,0,,0.0,15,0
ProtectiveStop,lstm,43,7,167,145,0,,1.0,15,1
ProtectiveStop,lstm,43,7,168,146,0,,0.0,16,0
ProtectiveStop,lstm,43,7,169,147,0,,0.0,15,0
ProtectiveStop,lstm,43,7,170,148,1,1.0,,47,10
ProtectiveStop,lstm,43,7,171,149,0,,0.0,15,0
ProtectiveStop,lstm,43,7,172,150,0,,0.0,15,0
ProtectiveStop,lstm,43,7,173,151,1,0.0,,21,0
ProtectiveStop,lstm,43,7,174,152,1,0.0,,19,0
ProtectiveStop,lstm,43,7,175,153,1,1.0,,35,16
ProtectiveStop,lstm,44,7,151,129,0,,0.0,15,0
ProtectiveStop,lstm,44,7,152,130,1,1.0,,21,8
ProtectiveStop,lstm,44,7,153,131,0,,0.0,15,0
ProtectiveStop,lstm,44,7,154,132,0,,0.0,16,0
ProtectiveStop,lstm,44,7,155,133,0,,0.0,15,0
ProtectiveStop,lstm,44,7,156,134,0,,0.0,15,0
ProtectiveStop,lstm,44,7,157,135,0,,0.0,16,0
ProtectiveStop,lstm,44,7,159,137,1,1.0,,23,9
ProtectiveStop,lstm,44,7,160,138,0,,0.0,16,0
ProtectiveStop,lstm,44,7,161,139,0,,0.0,15,0
ProtectiveStop,lstm,44,7,162,140,0,,0.0,15,0
ProtectiveStop,lstm,44,7,163,141,1,1.0,,44,12
ProtectiveStop,lstm,44,7,164,142,1,1.0,,21,8
ProtectiveStop,lstm,44,7,165,143,0,,0.0,15,0
ProtectiveStop,lstm,44,7,166,144,0,,0.0,15,0
ProtectiveStop,lstm,44,7,167,145,0,,1.0,15,1
ProtectiveStop,lstm,44,7,168,146,0,,0.0,16,0
ProtectiveStop,lstm,44,7,169,147,0,,0.0,15,0
ProtectiveStop,lstm,44,7,170,148,1,1.0,,47,11
ProtectiveStop,lstm,44,7,171,149,0,,0.0,15,0
ProtectiveStop,lstm,44,7,172,150,0,,0.0,15,0
ProtectiveStop,lstm,44,7,173,151,1,1.0,,21,4
ProtectiveStop,lstm,44,7,174,152,1,0.0,,19,0
ProtectiveStop,lstm,44,7,175,153,1,1.0,,35,16
ProtectiveStop,lstm,42,8,176,154,0,,1.0,15,3
ProtectiveStop,lstm,42,8,177,155,0,,1.0,15,1
ProtectiveStop,lstm,42,8,178,156,0,,0.0,16,0
ProtectiveStop,lstm,42,8,179,157,0,,0.0,15,0
ProtectiveStop,lstm,42,8,180,158,0,,0.0,15,0
ProtectiveStop,lstm,42,8,181,159,0,,1.0,14,4
ProtectiveStop,lstm,42,8,182,160,1,1.0,,18,5
ProtectiveStop,lstm,42,8,183,161,1,1.0,,38,9
ProtectiveStop,lstm,42,8,184,162,0,,1.0,15,3
ProtectiveStop,lstm,42,8,185,163,1,1.0,,6,6
ProtectiveStop,lstm,42,8,199,176,0,,0.0,7,0
ProtectiveStop,lstm,42,8,200,177,0,,0.0,15,0
ProtectiveStop,lstm,43,8,176,154,0,,1.0,15,3
ProtectiveStop,lstm,43,8,177,155,0,,1.0,15,1
ProtectiveStop,lstm,43,8,178,156,0,,0.0,16,0
ProtectiveStop,lstm,43,8,179,157,0,,0.0,15,0
ProtectiveStop,lstm,43,8,180,158,0,,0.0,15,0
ProtectiveStop,lstm,43,8,181,159,0,,1.0,14,1
ProtectiveStop,lstm,43,8,182,160,1,1.0,,18,5
ProtectiveStop,lstm,43,8,183,161,1,1.0,,38,9
ProtectiveStop,lstm,43,8,184,162,0,,1.0,15,3
ProtectiveStop,lstm,43,8,185,163,1,1.0,,6,6
ProtectiveStop,lstm,43,8,199,176,0,,0.0,7,0
ProtectiveStop,lstm,43,8,200,177,0,,0.0,15,0
ProtectiveStop,lstm,44,8,176,154,0,,1.0,15,4
ProtectiveStop,lstm,44,8,177,155,0,,1.0,15,1
ProtectiveStop,lstm,44,8,178,156,0,,0.0,16,0
ProtectiveStop,lstm,44,8,179,157,0,,0.0,15,0
ProtectiveStop,lstm,44,8,180,158,0,,0.0,15,0
ProtectiveStop,lstm,44,8,181,159,0,,1.0,14,3
ProtectiveStop,lstm,44,8,182,160,1,1.0,,18,6
ProtectiveStop,lstm,44,8,183,161,1,1.0,,38,9
ProtectiveStop,lstm,44,8,184,162,0,,1.0,15,4
ProtectiveStop,lstm,44,8,185,163,1,1.0,,6,6
ProtectiveStop,lstm,44,8,199,176,0,,0.0,7,0
ProtectiveStop,lstm,44,8,200,177,0,,0.0,15,0
ProtectiveStop,lstm,42,9,201,178,1,1.0,,30,11
ProtectiveStop,lstm,42,9,202,179,0,,0.0,15,0
ProtectiveStop,lstm,42,9,203,180,0,,0.0,15,0
ProtectiveStop,lstm,42,9,204,181,1,1.0,,38,10
ProtectiveStop,lstm,42,9,205,182,0,,0.0,16,0
ProtectiveStop,lstm,42,9,206,183,1,1.0,,18,5
ProtectiveStop,lstm,42,9,207,184,0,,1.0,15,1
ProtectiveStop,lstm,42,9,208,185,0,,0.0,14,0
ProtectiveStop,lstm,42,9,209,186,0,,1.0,15,1
ProtectiveStop,lstm,42,9,210,187,1,1.0,,49,12
ProtectiveStop,lstm,42,9,211,188,0,,0.0,15,0
ProtectiveStop,lstm,42,9,212,189,1,1.0,,19,6
ProtectiveStop,lstm,42,9,213,190,0,,0.0,15,0
ProtectiveStop,lstm,42,9,214,191,1,1.0,,40,12
ProtectiveStop,lstm,42,9,215,192,1,1.0,,31,1
ProtectiveStop,lstm,42,9,216,193,0,,0.0,16,0
ProtectiveStop,lstm,42,9,217,194,1,1.0,,17,4
ProtectiveStop,lstm,42,9,218,195,1,1.0,,18,5
ProtectiveStop,lstm,42,9,219,196,1,1.0,,23,10
ProtectiveStop,lstm,42,9,220,197,1,1.0,,32,7
ProtectiveStop,lstm,42,9,221,198,1,0.0,,19,0
ProtectiveStop,lstm,42,9,222,199,1,1.0,,18,5
ProtectiveStop,lstm,42,9,223,200,1,1.0,,19,7
ProtectiveStop,lstm,42,9,224,201,1,1.0,,19,6
ProtectiveStop,lstm,42,9,225,202,1,1.0,,19,6
ProtectiveStop,lstm,42,9,224,210,1,1.0,,16,6
ProtectiveStop,lstm,43,9,201,178,1,1.0,,30,11
ProtectiveStop,lstm,43,9,202,179,0,,0.0,15,0
ProtectiveStop,lstm,43,9,203,180,0,,0.0,15,0
ProtectiveStop,lstm,43,9,204,181,1,1.0,,38,10
ProtectiveStop,lstm,43,9,205,182,0,,0.0,16,0
ProtectiveStop,lstm,43,9,206,183,1,1.0,,18,5
ProtectiveStop,lstm,43,9,207,184,0,,1.0,15,1
ProtectiveStop,lstm,43,9,208,185,0,,0.0,14,0
ProtectiveStop,lstm,43,9,209,186,0,,0.0,15,0
ProtectiveStop,lstm,43,9,210,187,1,1.0,,49,12
ProtectiveStop,lstm,43,9,211,188,0,,0.0,15,0
ProtectiveStop,lstm,43,9,212,189,1,1.0,,19,6
ProtectiveStop,lstm,43,9,213,190,0,,0.0,15,0
ProtectiveStop,lstm,43,9,214,191,1,1.0,,40,12
ProtectiveStop,lstm,43,9,215,192,1,1.0,,31,4
ProtectiveStop,lstm,43,9,216,193,0,,0.0,16,0
ProtectiveStop,lstm,43,9,217,194,1,1.0,,17,4
ProtectiveStop,lstm,43,9,218,195,1,1.0,,18,5
ProtectiveStop,lstm,43,9,219,196,1,1.0,,23,9
ProtectiveStop,lstm,43,9,220,197,1,1.0,,32,11
ProtectiveStop,lstm,43,9,221,198,1,0.0,,19,0
ProtectiveStop,lstm,43,9,222,199,1,1.0,,18,5
ProtectiveStop,lstm,43,9,223,200,1,1.0,,19,7
ProtectiveStop,lstm,43,9,224,201,1,1.0,,19,6
ProtectiveStop,lstm,43,9,225,202,1,1.0,,19,6
ProtectiveStop,lstm,43,9,224,210,1,1.0,,16,6
ProtectiveStop,lstm,44,9,201,178,1,1.0,,30,11
ProtectiveStop,lstm,44,9,202,179,0,,0.0,15,0
ProtectiveStop,lstm,44,9,203,180,0,,0.0,15,0
ProtectiveStop,lstm,44,9,204,181,1,1.0,,38,11
ProtectiveStop,lstm,44,9,205,182,0,,0.0,16,0
ProtectiveStop,lstm,44,9,206,183,1,1.0,,18,6
ProtectiveStop,lstm,44,9,207,184,0,,1.0,15,2
ProtectiveStop,lstm,44,9,208,185,0,,0.0,14,0
ProtectiveStop,lstm,44,9,209,186,0,,1.0,15,1
ProtectiveStop,lstm,44,9,210,187,1,1.0,,49,12
ProtectiveStop,lstm,44,9,211,188,0,,0.0,15,0
ProtectiveStop,lstm,44,9,212,189,1,1.0,,19,6
ProtectiveStop,lstm,44,9,213,190,0,,0.0,15,0
ProtectiveStop,lstm,44,9,214,191,1,1.0,,40,12
ProtectiveStop,lstm,44,9,215,192,1,1.0,,31,4
ProtectiveStop,lstm,44,9,216,193,0,,0.0,16,0
ProtectiveStop,lstm,44,9,217,194,1,1.0,,17,4
ProtectiveStop,lstm,44,9,218,195,1,1.0,,18,5
ProtectiveStop,lstm,44,9,219,196,1,1.0,,23,9
ProtectiveStop,lstm,44,9,220,197,1,1.0,,32,12
ProtectiveStop,lstm,44,9,221,198,1,0.0,,19,0
ProtectiveStop,lstm,44,9,222,199,1,1.0,,18,5
ProtectiveStop,lstm,44,9,223,200,1,1.0,,19,7
ProtectiveStop,lstm,44,9,224,201,1,1.0,,19,6
ProtectiveStop,lstm,44,9,225,202,1,1.0,,19,6
ProtectiveStop,lstm,44,9,224,210,1,1.0,,16,6
ProtectiveStop,lstm,42,10,226,203,1,1.0,,19,6
ProtectiveStop,lstm,42,10,227,204,1,1.0,,18,5
ProtectiveStop,lstm,42,10,229,205,1,1.0,,42,18
ProtectiveStop,lstm,42,10,230,206,1,1.0,,18,6
ProtectiveStop,lstm,42,10,231,207,1,1.0,,35,14
ProtectiveStop,lstm,42,10,232,208,0,,1.0,15,3
ProtectiveStop,lstm,42,10,233,209,1,1.0,,31,18
ProtectiveStop,lstm,42,10,230,216,1,1.0,,20,7
ProtectiveStop,lstm,42,10,231,217,1,1.0,,18,6
ProtectiveStop,lstm,42,10,232,218,1,1.0,,20,6
ProtectiveStop,lstm,42,10,233,219,0,,0.0,15,0
ProtectiveStop,lstm,42,10,234,220,1,1.0,,52,14
ProtectiveStop,lstm,42,10,235,221,1,1.0,,18,6
ProtectiveStop,lstm,42,10,236,222,0,,1.0,15,2
ProtectiveStop,lstm,42,10,237,223,1,1.0,,43,17
ProtectiveStop,lstm,42,10,238,224,0,,0.0,15,0
ProtectiveStop,lstm,42,10,239,225,1,1.0,,34,11
ProtectiveStop,lstm,42,10,240,226,1,1.0,,37,7
ProtectiveStop,lstm,42,10,241,227,0,,0.0,15,0
ProtectiveStop,lstm,42,10,242,228,1,1.0,,43,18
ProtectiveStop,lstm,42,10,243,229,0,,1.0,16,2
ProtectiveStop,lstm,42,10,245,230,0,,1.0,15,3
ProtectiveStop,lstm,42,10,246,231,1,1.0,,40,24
ProtectiveStop,lstm,42,10,247,232,1,1.0,,46,9
ProtectiveStop,lstm,42,10,248,233,0,,1.0,15,3
ProtectiveStop,lstm,42,10,249,234,1,1.0,,37,17
ProtectiveStop,lstm,42,10,250,235,1,1.0,,33,15
ProtectiveStop,lstm,43,10,226,203,1,1.0,,19,7
ProtectiveStop,lstm,43,10,227,204,1,1.0,,18,6
ProtectiveStop,lstm,43,10,229,205,1,1.0,,42,18
ProtectiveStop,lstm,43,10,230,206,1,1.0,,18,6
ProtectiveStop,lstm,43,10,231,207,1,1.0,,35,13
ProtectiveStop,lstm,43,10,232,208,0,,0.0,15,0
ProtectiveStop,lstm,43,10,233,209,1,1.0,,31,18
ProtectiveStop,lstm,43,10,230,216,1,1.0,,20,7
ProtectiveStop,lstm,43,10,231,217,1,1.0,,18,6
ProtectiveStop,lstm,43,10,232,218,1,1.0,,20,5
ProtectiveStop,lstm,43,10,233,219,0,,0.0,15,0
ProtectiveStop,lstm,43,10,234,220,1,1.0,,52,13
ProtectiveStop,lstm,43,10,235,221,1,1.0,,18,6
ProtectiveStop,lstm,43,10,236,222,0,,1.0,15,3
ProtectiveStop,lstm,43,10,237,223,1,1.0,,43,15
ProtectiveStop,lstm,43,10,238,224,0,,0.0,15,0
ProtectiveStop,lstm,43,10,239,225,1,1.0,,34,10
ProtectiveStop,lstm,43,10,240,226,1,1.0,,37,7
ProtectiveStop,lstm,43,10,241,227,0,,0.0,15,0
ProtectiveStop,lstm,43,10,242,228,1,1.0,,43,11
ProtectiveStop,lstm,43,10,243,229,0,,1.0,16,3
ProtectiveStop,lstm,43,10,245,230,0,,1.0,15,1
ProtectiveStop,lstm,43,10,246,231,1,1.0,,40,19
ProtectiveStop,lstm,43,10,247,232,1,1.0,,46,9
ProtectiveStop,lstm,43,10,248,233,0,,1.0,15,1
ProtectiveStop,lstm,43,10,249,234,1,1.0,,37,14
ProtectiveStop,lstm,43,10,250,235,1,1.0,,33,10
ProtectiveStop,lstm,44,10,226,203,1,1.0,,19,6
ProtectiveStop,lstm,44,10,227,204,1,1.0,,18,5
ProtectiveStop,lstm,44,10,229,205,1,1.0,,42,18
ProtectiveStop,lstm,44,10,230,206,1,1.0,,18,6
ProtectiveStop,lstm,44,10,231,207,1,1.0,,35,13
ProtectiveStop,lstm,44,10,232,208,0,,0.0,15,0
ProtectiveStop,lstm,44,10,233,209,1,1.0,,31,18
ProtectiveStop,lstm,44,10,230,216,1,1.0,,20,7
ProtectiveStop,lstm,44,10,231,217,1,1.0,,18,6
ProtectiveStop,lstm,44,10,232,218,1,1.0,,20,7
ProtectiveStop,lstm,44,10,233,219,0,,0.0,15,0
ProtectiveStop,lstm,44,10,234,220,1,1.0,,52,12
ProtectiveStop,lstm,44,10,235,221,1,1.0,,18,6
ProtectiveStop,lstm,44,10,236,222,0,,1.0,15,1
ProtectiveStop,lstm,44,10,237,223,1,1.0,,43,16
ProtectiveStop,lstm,44,10,238,224,0,,0.0,15,0
ProtectiveStop,lstm,44,10,239,225,1,1.0,,34,10
ProtectiveStop,lstm,44,10,240,226,1,1.0,,37,6
ProtectiveStop,lstm,44,10,241,227,0,,0.0,15,0
ProtectiveStop,lstm,44,10,242,228,1,1.0,,43,19
ProtectiveStop,lstm,44,10,243,229,0,,1.0,16,2
ProtectiveStop,lstm,44,10,245,230,0,,0.0,15,0
ProtectiveStop,lstm,44,10,246,231,1,1.0,,40,18
ProtectiveStop,lstm,44,10,247,232,1,1.0,,46,9
ProtectiveStop,lstm,44,10,248,233,0,,1.0,15,1
ProtectiveStop,lstm,44,10,249,234,1,1.0,,37,15
ProtectiveStop,lstm,44,10,250,235,1,1.0,,33,11
GripLost,1d_cnn,42,1,1,1,0,,0.0,30,0
GripLost,1d_cnn,42,1,2,2,1,1.0,,37,24
GripLost,1d_cnn,42,1,3,3,0,,0.0,17,0
GripLost,1d_cnn,42,1,4,4,0,,0.0,15,0
GripLost,1d_cnn,42,1,5,5,1,1.0,,18,6
GripLost,1d_cnn,42,1,6,6,1,1.0,,22,5
GripLost,1d_cnn,42,1,8,8,0,,0.0,15,0
GripLost,1d_cnn,42,1,9,9,0,,0.0,15,0
GripLost,1d_cnn,42,1,10,10,0,,0.0,15,0
GripLost,1d_cnn,42,1,11,11,0,,0.0,16,0
GripLost,1d_cnn,42,1,12,12,0,,0.0,15,0
GripLost,1d_cnn,42,1,13,13,0,,0.0,15,0
GripLost,1d_cnn,42,1,14,14,1,1.0,,19,5
GripLost,1d_cnn,42,1,15,15,1,1.0,,14,11
GripLost,1d_cnn,42,1,16,16,0,,0.0,16,0
GripLost,1d_cnn,42,1,17,17,0,,0.0,15,0
GripLost,1d_cnn,42,1,18,18,0,,0.0,16,0
GripLost,1d_cnn,42,1,19,19,0,,1.0,15,1
GripLost,1d_cnn,42,1,20,20,0,,0.0,15,0
GripLost,1d_cnn,42,1,21,21,0,,0.0,16,0
GripLost,1d_cnn,42,1,22,22,0,,0.0,27,0
GripLost,1d_cnn,42,1,23,23,0,,0.0,15,0
GripLost,1d_cnn,42,1,24,24,0,,0.0,15,0
GripLost,1d_cnn,42,1,25,25,0,,0.0,16,0
GripLost,1d_cnn,43,1,1,1,0,,0.0,30,0
GripLost,1d_cnn,43,1,2,2,1,1.0,,37,22
GripLost,1d_cnn,43,1,3,3,0,,0.0,17,0
GripLost,1d_cnn,43,1,4,4,0,,0.0,15,0
GripLost,1d_cnn,43,1,5,5,1,1.0,,18,6
GripLost,1d_cnn,43,1,6,6,1,1.0,,22,5
GripLost,1d_cnn,43,1,8,8,0,,0.0,15,0
GripLost,1d_cnn,43,1,9,9,0,,0.0,15,0
GripLost,1d_cnn,43,1,10,10,0,,0.0,15,0
GripLost,1d_cnn,43,1,11,11,0,,0.0,16,0
GripLost,1d_cnn,43,1,12,12,0,,0.0,15,0
GripLost,1d_cnn,43,1,13,13,0,,1.0,15,1
GripLost,1d_cnn,43,1,14,14,1,1.0,,19,5
GripLost,1d_cnn,43,1,15,15,1,1.0,,14,11
GripLost,1d_cnn,43,1,16,16,0,,0.0,16,0
GripLost,1d_cnn,43,1,17,17,0,,0.0,15,0
GripLost,1d_cnn,43,1,18,18,0,,0.0,16,0
GripLost,1d_cnn,43,1,19,19,0,,1.0,15,2
GripLost,1d_cnn,43,1,20,20,0,,0.0,15,0
GripLost,1d_cnn,43,1,21,21,0,,0.0,16,0
GripLost,1d_cnn,43,1,22,22,0,,0.0,27,0
GripLost,1d_cnn,43,1,23,23,0,,0.0,15,0
GripLost,1d_cnn,43,1,24,24,0,,0.0,15,0
GripLost,1d_cnn,43,1,25,25,0,,0.0,16,0
GripLost,1d_cnn,44,1,1,1,0,,1.0,30,3
GripLost,1d_cnn,44,1,2,2,1,1.0,,37,33
GripLost,1d_cnn,44,1,3,3,0,,0.0,17,0
GripLost,1d_cnn,44,1,4,4,0,,0.0,15,0
GripLost,1d_cnn,44,1,5,5,1,1.0,,18,9
GripLost,1d_cnn,44,1,6,6,1,1.0,,22,10
GripLost,1d_cnn,44,1,8,8,0,,0.0,15,0
GripLost,1d_cnn,44,1,9,9,0,,0.0,15,0
GripLost,1d_cnn,44,1,10,10,0,,0.0,15,0
GripLost,1d_cnn,44,1,11,11,0,,0.0,16,0
GripLost,1d_cnn,44,1,12,12,0,,0.0,15,0
GripLost,1d_cnn,44,1,13,13,0,,1.0,15,3
GripLost,1d_cnn,44,1,14,14,1,1.0,,19,11
GripLost,1d_cnn,44,1,15,15,1,1.0,,14,12
GripLost,1d_cnn,44,1,16,16,0,,0.0,16,0
GripLost,1d_cnn,44,1,17,17,0,,1.0,15,1
GripLost,1d_cnn,44,1,18,18,0,,0.0,16,0
GripLost,1d_cnn,44,1,19,19,0,,1.0,15,2
GripLost,1d_cnn,44,1,20,20,0,,0.0,15,0
GripLost,1d_cnn,44,1,21,21,0,,1.0,16,1
GripLost,1d_cnn,44,1,22,22,0,,0.0,27,0
GripLost,1d_cnn,44,1,23,23,0,,0.0,15,0
GripLost,1d_cnn,44,1,24,24,0,,0.0,15,0
GripLost,1d_cnn,44,1,25,25,0,,0.0,16,0
GripLost,1d_cnn,42,2,26,26,0,,1.0,15,3
GripLost,1d_cnn,42,2,27,27,0,,0.0,15,0
GripLost,1d_cnn,42,2,28,28,0,,1.0,16,2
GripLost,1d_cnn,42,2,29,29,0,,0.0,15,0
GripLost,1d_cnn,42,2,30,30,0,,0.0,15,0
GripLost,1d_cnn,42,2,31,31,0,,0.0,14,0
GripLost,1d_cnn,42,2,32,32,0,,0.0,15,0
GripLost,1d_cnn,42,2,33,33,0,,1.0,16,2
GripLost,1d_cnn,42,2,34,34,0,,1.0,15,5
GripLost,1d_cnn,42,2,35,35,0,,0.0,20,0
GripLost,1d_cnn,42,2,36,36,1,1.0,,24,21
GripLost,1d_cnn,42,2,37,37,0,,0.0,15,0
GripLost,1d_cnn,42,2,38,38,0,,1.0,15,1
GripLost,1d_cnn,42,2,39,39,1,1.0,,15,13
GripLost,1d_cnn,42,2,40,40,1,1.0,,20,18
GripLost,1d_cnn,42,2,41,41,0,,0.0,15,0
GripLost,1d_cnn,42,2,42,42,0,,1.0,71,30
GripLost,1d_cnn,42,2,43,43,0,,0.0,15,0
GripLost,1d_cnn,42,2,44,44,0,,1.0,15,1
GripLost,1d_cnn,42,2,45,45,0,,0.0,15,0
GripLost,1d_cnn,42,2,48,48,0,,1.0,15,1
GripLost,1d_cnn,42,2,49,49,0,,0.0,15,0
GripLost,1d_cnn,42,2,50,50,0,,0.0,15,0
GripLost,1d_cnn,43,2,26,26,0,,1.0,15,5
GripLost,1d_cnn,43,2,27,27,0,,1.0,15,2
GripLost,1d_cnn,43,2,28,28,0,,1.0,16,7
GripLost,1d_cnn,43,2,29,29,0,,1.0,15,2
GripLost,1d_cnn,43,2,30,30,0,,1.0,15,1
GripLost,1d_cnn,43,2,31,31,0,,0.0,14,0
GripLost,1d_cnn,43,2,32,32,0,,1.0,15,3
GripLost,1d_cnn,43,2,33,33,0,,1.0,16,5
GripLost,1d_cnn,43,2,34,34,0,,1.0,15,5
GripLost,1d_cnn,43,2,35,35,0,,0.0,20,0
GripLost,1d_cnn,43,2,36,36,1,1.0,,24,24
GripLost,1d_cnn,43,2,37,37,0,,1.0,15,2
GripLost,1d_cnn,43,2,38,38,0,,1.0,15,4
GripLost,1d_cnn,43,2,39,39,1,1.0,,15,15
GripLost,1d_cnn,43,2,40,40,1,1.0,,20,19
GripLost,1d_cnn,43,2,41,41,0,,1.0,15,1
GripLost,1d_cnn,43,2,42,42,0,,1.0,71,33
GripLost,1d_cnn,43,2,43,43,0,,0.0,15,0
GripLost,1d_cnn,43,2,44,44,0,,1.0,15,2
GripLost,1d_cnn,43,2,45,45,0,,0.0,15,0
GripLost,1d_cnn,43,2,48,48,0,,1.0,15,3
GripLost,1d_cnn,43,2,49,49,0,,1.0,15,2
GripLost,1d_cnn,43,2,50,50,0,,0.0,15,0
GripLost,1d_cnn,44,2,26,26,0,,1.0,15,4
GripLost,1d_cnn,44,2,27,27,0,,1.0,15,2
GripLost,1d_cnn,44,2,28,28,0,,1.0,16,2
GripLost,1d_cnn,44,2,29,29,0,,0.0,15,0
GripLost,1d_cnn,44,2,30,30,0,,0.0,15,0
GripLost,1d_cnn,44,2,31,31,0,,0.0,14,0
GripLost,1d_cnn,44,2,32,32,0,,1.0,15,2
GripLost,1d_cnn,44,2,33,33,0,,1.0,16,6
GripLost,1d_cnn,44,2,34,34,0,,1.0,15,3
GripLost,1d_cnn,44,2,35,35,0,,0.0,20,0
GripLost,1d_cnn,44,2,36,36,1,1.0,,24,22
GripLost,1d_cnn,44,2,37,37,0,,0.0,15,0
GripLost,1d_cnn,44,2,38,38,0,,1.0,15,1
GripLost,1d_cnn,44,2,39,39,1,1.0,,15,14
GripLost,1d_cnn,44,2,40,40,1,1.0,,20,17
GripLost,1d_cnn,44,2,41,41,0,,0.0,15,0
GripLost,1d_cnn,44,2,42,42,0,,1.0,71,31
GripLost,1d_cnn,44,2,43,43,0,,0.0,15,0
GripLost,1d_cnn,44,2,44,44,0,,1.0,15,1
GripLost,1d_cnn,44,2,45,45,0,,0.0,15,0
GripLost,1d_cnn,44,2,48,48,0,,1.0,15,1
GripLost,1d_cnn,44,2,49,49,0,,1.0,15,2
GripLost,1d_cnn,44,2,50,50,0,,0.0,15,0
GripLost,1d_cnn,42,3,51,51,0,,0.0,15,0
GripLost,1d_cnn,42,3,52,52,0,,0.0,15,0
GripLost,1d_cnn,42,3,53,53,0,,1.0,43,1
GripLost,1d_cnn,42,3,54,54,0,,0.0,15,0
GripLost,1d_cnn,42,3,55,55,0,,0.0,15,0
GripLost,1d_cnn,42,3,56,56,0,,0.0,15,0
GripLost,1d_cnn,42,3,57,57,0,,1.0,32,3
GripLost,1d_cnn,42,3,58,58,0,,0.0,15,0
GripLost,1d_cnn,42,3,59,59,0,,0.0,15,0
GripLost,1d_cnn,42,3,60,60,0,,0.0,16,0
GripLost,1d_cnn,42,3,61,61,0,,0.0,13,0
GripLost,1d_cnn,42,3,62,62,0,,0.0,16,0
GripLost,1d_cnn,42,3,63,63,1,1.0,,31,18
GripLost,1d_cnn,42,3,64,64,1,1.0,,16,11
GripLost,1d_cnn,42,3,65,65,1,1.0,,13,8
GripLost,1d_cnn,42,3,66,66,0,,1.0,17,2
GripLost,1d_cnn,42,3,67,67,1,1.0,,15,7
GripLost,1d_cnn,42,3,68,68,0,,0.0,15,0
GripLost,1d_cnn,42,3,69,69,1,1.0,,24,19
GripLost,1d_cnn,42,3,70,70,0,,0.0,15,0
GripLost,1d_cnn,42,3,71,71,0,,0.0,9,0
GripLost,1d_cnn,42,3,72,72,0,,1.0,15,1
GripLost,1d_cnn,42,3,73,73,0,,1.0,16,3
GripLost,1d_cnn,42,3,75,74,0,,0.0,15,0
GripLost,1d_cnn,43,3,51,51,0,,0.0,15,0
GripLost,1d_cnn,43,3,52,52,0,,0.0,15,0
GripLost,1d_cnn,43,3,53,53,0,,0.0,43,0
GripLost,1d_cnn,43,3,54,54,0,,0.0,15,0
GripLost,1d_cnn,43,3,55,55,0,,0.0,15,0
GripLost,1d_cnn,43,3,56,56,0,,0.0,15,0
GripLost,1d_cnn,43,3,57,57,0,,0.0,32,0
GripLost,1d_cnn,43,3,58,58,0,,0.0,15,0
GripLost,1d_cnn,43,3,59,59,0,,0.0,15,0
GripLost,1d_cnn,43,3,60,60,0,,0.0,16,0
GripLost,1d_cnn,43,3,61,61,0,,0.0,13,0
GripLost,1d_cnn,43,3,62,62,0,,0.0,16,0
GripLost,1d_cnn,43,3,63,63,1,1.0,,31,17
GripLost,1d_cnn,43,3,64,64,1,1.0,,16,8
GripLost,1d_cnn,43,3,65,65,1,1.0,,13,6
GripLost,1d_cnn,43,3,66,66,0,,1.0,17,4
GripLost,1d_cnn,43,3,67,67,1,1.0,,15,6
GripLost,1d_cnn,43,3,68,68,0,,0.0,15,0
GripLost,1d_cnn,43,3,69,69,1,1.0,,24,18
GripLost,1d_cnn,43,3,70,70,0,,0.0,15,0
GripLost,1d_cnn,43,3,71,71,0,,0.0,9,0
GripLost,1d_cnn,43,3,72,72,0,,0.0,15,0
GripLost,1d_cnn,43,3,73,73,0,,1.0,16,2
GripLost,1d_cnn,43,3,75,74,0,,0.0,15,0
GripLost,1d_cnn,44,3,51,51,0,,0.0,15,0
GripLost,1d_cnn,44,3,52,52,0,,0.0,15,0
GripLost,1d_cnn,44,3,53,53,0,,1.0,43,3
GripLost,1d_cnn,44,3,54,54,0,,1.0,15,1
GripLost,1d_cnn,44,3,55,55,0,,0.0,15,0
GripLost,1d_cnn,44,3,56,56,0,,0.0,15,0
GripLost,1d_cnn,44,3,57,57,0,,1.0,32,3
GripLost,1d_cnn,44,3,58,58,0,,0.0,15,0
GripLost,1d_cnn,44,3,59,59,0,,0.0,15,0
GripLost,1d_cnn,44,3,60,60,0,,0.0,16,0
GripLost,1d_cnn,44,3,61,61,0,,0.0,13,0
GripLost,1d_cnn,44,3,62,62,0,,0.0,16,0
GripLost,1d_cnn,44,3,63,63,1,1.0,,31,22
GripLost,1d_cnn,44,3,64,64,1,1.0,,16,14
GripLost,1d_cnn,44,3,65,65,1,1.0,,13,9
GripLost,1d_cnn,44,3,66,66,0,,1.0,17,4
GripLost,1d_cnn,44,3,67,67,1,1.0,,15,8
GripLost,1d_cnn,44,3,68,68,0,,0.0,15,0
GripLost,1d_cnn,44,3,69,69,1,1.0,,24,19
GripLost,1d_cnn,44,3,70,70,0,,0.0,15,0
GripLost,1d_cnn,44,3,71,71,0,,0.0,9,0
GripLost,1d_cnn,44,3,72,72,0,,1.0,15,2
GripLost,1d_cnn,44,3,73,73,0,,1.0,16,3
GripLost,1d_cnn,44,3,75,74,0,,0.0,15,0
GripLost,1d_cnn,42,4,76,75,1,1.0,,15,4
GripLost,1d_cnn,42,4,85,84,0,,0.0,20,0
GripLost,1d_cnn,42,4,86,85,1,1.0,,20,13
GripLost,1d_cnn,42,4,87,86,0,,0.0,20,0
GripLost,1d_cnn,42,4,88,87,0,,0.0,15,0
GripLost,1d_cnn,42,4,89,88,0,,0.0,15,0
GripLost,1d_cnn,42,4,90,89,0,,0.0,15,0
GripLost,1d_cnn,42,4,91,90,1,1.0,,15,5
GripLost,1d_cnn,42,4,92,91,1,1.0,,15,7
GripLost,1d_cnn,42,4,93,92,0,,0.0,15,0
GripLost,1d_cnn,42,4,94,93,0,,0.0,15,0
GripLost,1d_cnn,42,4,95,94,1,1.0,,15,9
GripLost,1d_cnn,42,4,96,95,1,1.0,,7,5
GripLost,1d_cnn,42,4,97,96,1,1.0,,15,7
GripLost,1d_cnn,42,4,98,97,0,,0.0,15,0
GripLost,1d_cnn,42,4,99,98,0,,0.0,92,0
GripLost,1d_cnn,42,4,100,99,0,,0.0,15,0
GripLost,1d_cnn,43,4,76,75,1,1.0,,15,5
GripLost,1d_cnn,43,4,85,84,0,,0.0,20,0
GripLost,1d_cnn,43,4,86,85,1,1.0,,20,14
GripLost,1d_cnn,43,4,87,86,0,,0.0,20,0
GripLost,1d_cnn,43,4,88,87,0,,0.0,15,0
GripLost,1d_cnn,43,4,89,88,0,,0.0,15,0
GripLost,1d_cnn,43,4,90,89,0,,0.0,15,0
GripLost,1d_cnn,43,4,91,90,1,1.0,,15,6
GripLost,1d_cnn,43,4,92,91,1,1.0,,15,7
GripLost,1d_cnn,43,4,93,92,0,,0.0,15,0
GripLost,1d_cnn,43,4,94,93,0,,0.0,15,0
GripLost,1d_cnn,43,4,95,94,1,1.0,,15,9
GripLost,1d_cnn,43,4,96,95,1,1.0,,7,6
GripLost,1d_cnn,43,4,97,96,1,1.0,,15,12
GripLost,1d_cnn,43,4,98,97,0,,0.0,15,0
GripLost,1d_cnn,43,4,99,98,0,,1.0,92,1
GripLost,1d_cnn,43,4,100,99,0,,0.0,15,0
GripLost,1d_cnn,44,4,76,75,1,1.0,,15,5
GripLost,1d_cnn,44,4,85,84,0,,0.0,20,0
GripLost,1d_cnn,44,4,86,85,1,1.0,,20,13
GripLost,1d_cnn,44,4,87,86,0,,0.0,20,0
GripLost,1d_cnn,44,4,88,87,0,,0.0,15,0
GripLost,1d_cnn,44,4,89,88,0,,0.0,15,0
GripLost,1d_cnn,44,4,90,89,0,,0.0,15,0
GripLost,1d_cnn,44,4,91,90,1,1.0,,15,6
GripLost,1d_cnn,44,4,92,91,1,1.0,,15,5
GripLost,1d_cnn,44,4,93,92,0,,0.0,15,0
GripLost,1d_cnn,44,4,94,93,0,,0.0,15,0
GripLost,1d_cnn,44,4,95,94,1,1.0,,15,6
GripLost,1d_cnn,44,4,96,95,1,1.0,,7,5
GripLost,1d_cnn,44,4,97,96,1,1.0,,15,8
GripLost,1d_cnn,44,4,98,97,0,,0.0,15,0
GripLost,1d_cnn,44,4,99,98,0,,0.0,92,0
GripLost,1d_cnn,44,4,100,99,0,,0.0,15,0
GripLost,1d_cnn,42,5,101,100,0,,0.0,15,0
GripLost,1d_cnn,42,5,102,101,0,,0.0,15,0
GripLost,1d_cnn,42,5,103,102,0,,0.0,54,0
GripLost,1d_cnn,42,5,104,103,0,,0.0,2,0
GripLost,1d_cnn,42,5,105,104,1,1.0,,14,11
GripLost,1d_cnn,42,5,106,105,0,,1.0,15,1
GripLost,1d_cnn,42,5,107,106,0,,0.0,15,0
GripLost,1d_cnn,42,5,108,107,0,,0.0,47,0
GripLost,1d_cnn,42,5,109,108,0,,1.0,15,6
GripLost,1d_cnn,42,5,110,109,0,,0.0,4,0
GripLost,1d_cnn,42,5,111,110,0,,0.0,16,0
GripLost,1d_cnn,42,5,112,111,0,,0.0,15,0
GripLost,1d_cnn,42,5,113,112,0,,0.0,15,0
GripLost,1d_cnn,42,5,114,113,0,,0.0,16,0
GripLost,1d_cnn,42,5,115,114,0,,0.0,43,0
GripLost,1d_cnn,42,5,116,115,0,,0.0,15,0
GripLost,1d_cnn,42,5,117,116,0,,0.0,19,0
GripLost,1d_cnn,42,5,118,117,0,,0.0,30,0
GripLost,1d_cnn,42,5,119,118,0,,0.0,16,0
GripLost,1d_cnn,42,5,120,119,0,,0.0,15,0
GripLost,1d_cnn,42,5,121,120,0,,0.0,16,0
GripLost,1d_cnn,42,5,122,121,0,,0.0,15,0
GripLost,1d_cnn,42,5,123,122,0,,1.0,14,3
GripLost,1d_cnn,42,5,124,123,0,,0.0,16,0
GripLost,1d_cnn,42,5,125,124,0,,0.0,13,0
GripLost,1d_cnn,43,5,101,100,0,,0.0,15,0
GripLost,1d_cnn,43,5,102,101,0,,0.0,15,0
GripLost,1d_cnn,43,5,103,102,0,,0.0,54,0
GripLost,1d_cnn,43,5,104,103,0,,0.0,2,0
GripLost,1d_cnn,43,5,105,104,1,1.0,,14,12
GripLost,1d_cnn,43,5,106,105,0,,0.0,15,0
GripLost,1d_cnn,43,5,107,106,0,,0.0,15,0
GripLost,1d_cnn,43,5,108,107,0,,0.0,47,0
GripLost,1d_cnn,43,5,109,108,0,,1.0,15,6
GripLost,1d_cnn,43,5,110,109,0,,0.0,4,0
GripLost,1d_cnn,43,5,111,110,0,,0.0,16,0
GripLost,1d_cnn,43,5,112,111,0,,0.0,15,0
GripLost,1d_cnn,43,5,113,112,0,,1.0,15,1
GripLost,1d_cnn,43,5,114,113,0,,0.0,16,0
GripLost,1d_cnn,43,5,115,114,0,,0.0,43,0
GripLost,1d_cnn,43,5,116,115,0,,0.0,15,0
GripLost,1d_cnn,43,5,117,116,0,,0.0,19,0
GripLost,1d_cnn,43,5,118,117,0,,0.0,30,0
GripLost,1d_cnn,43,5,119,118,0,,0.0,16,0
GripLost,1d_cnn,43,5,120,119,0,,0.0,15,0
GripLost,1d_cnn,43,5,121,120,0,,0.0,16,0
GripLost,1d_cnn,43,5,122,121,0,,0.0,15,0
GripLost,1d_cnn,43,5,123,122,0,,1.0,14,2
GripLost,1d_cnn,43,5,124,123,0,,1.0,16,1
GripLost,1d_cnn,43,5,125,124,0,,0.0,13,0
GripLost,1d_cnn,44,5,101,100,0,,0.0,15,0
GripLost,1d_cnn,44,5,102,101,0,,0.0,15,0
GripLost,1d_cnn,44,5,103,102,0,,0.0,54,0
GripLost,1d_cnn,44,5,104,103,0,,0.0,2,0
GripLost,1d_cnn,44,5,105,104,1,1.0,,14,13
GripLost,1d_cnn,44,5,106,105,0,,1.0,15,1
GripLost,1d_cnn,44,5,107,106,0,,0.0,15,0
GripLost,1d_cnn,44,5,108,107,0,,1.0,47,2
GripLost,1d_cnn,44,5,109,108,0,,1.0,15,6
GripLost,1d_cnn,44,5,110,109,0,,0.0,4,0
GripLost,1d_cnn,44,5,111,110,0,,0.0,16,0
GripLost,1d_cnn,44,5,112,111,0,,1.0,15,1
GripLost,1d_cnn,44,5,113,112,0,,1.0,15,2
GripLost,1d_cnn,44,5,114,113,0,,0.0,16,0
GripLost,1d_cnn,44,5,115,114,0,,1.0,43,4
GripLost,1d_cnn,44,5,116,115,0,,1.0,15,1
GripLost,1d_cnn,44,5,117,116,0,,0.0,19,0
GripLost,1d_cnn,44,5,118,117,0,,0.0,30,0
GripLost,1d_cnn,44,5,119,118,0,,0.0,16,0
GripLost,1d_cnn,44,5,120,119,0,,1.0,15,1
GripLost,1d_cnn,44,5,121,120,0,,0.0,16,0
GripLost,1d_cnn,44,5,122,121,0,,1.0,15,1
GripLost,1d_cnn,44,5,123,122,0,,1.0,14,4
GripLost,1d_cnn,44,5,124,123,0,,1.0,16,3
GripLost,1d_cnn,44,5,125,124,0,,0.0,13,0
GripLost,1d_cnn,42,7,151,129,0,,0.0,15,0
GripLost,1d_cnn,42,7,152,130,0,,0.0,21,0
GripLost,1d_cnn,42,7,153,131,0,,0.0,15,0
GripLost,1d_cnn,42,7,154,132,0,,1.0,16,3
GripLost,1d_cnn,42,7,155,133,0,,0.0,15,0
GripLost,1d_cnn,42,7,156,134,0,,0.0,15,0
GripLost,1d_cnn,42,7,157,135,0,,0.0,16,0
GripLost,1d_cnn,42,7,159,137,0,,0.0,23,0
GripLost,1d_cnn,42,7,160,138,1,1.0,,16,8
GripLost,1d_cnn,42,7,161,139,0,,0.0,15,0
GripLost,1d_cnn,42,7,162,140,0,,0.0,15,0
GripLost,1d_cnn,42,7,163,141,0,,1.0,44,2
GripLost,1d_cnn,42,7,164,142,1,1.0,,21,8
GripLost,1d_cnn,42,7,165,143,0,,1.0,15,3
GripLost,1d_cnn,42,7,166,144,0,,0.0,15,0
GripLost,1d_cnn,42,7,167,145,0,,0.0,15,0
GripLost,1d_cnn,42,7,168,146,0,,1.0,16,3
GripLost,1d_cnn,42,7,169,147,0,,0.0,15,0
GripLost,1d_cnn,42,7,170,148,0,,0.0,47,0
GripLost,1d_cnn,42,7,171,149,0,,0.0,15,0
GripLost,1d_cnn,42,7,172,150,0,,0.0,15,0
GripLost,1d_cnn,42,7,173,151,1,1.0,,21,11
GripLost,1d_cnn,42,7,174,152,1,1.0,,19,9
GripLost,1d_cnn,42,7,175,153,0,,0.0,35,0
GripLost,1d_cnn,43,7,151,129,0,,0.0,15,0
GripLost,1d_cnn,43,7,152,130,0,,0.0,21,0
GripLost,1d_cnn,43,7,153,131,0,,0.0,15,0
GripLost,1d_cnn,43,7,154,132,0,,1.0,16,3
GripLost,1d_cnn,43,7,155,133,0,,0.0,15,0
GripLost,1d_cnn,43,7,156,134,0,,0.0,15,0
GripLost,1d_cnn,43,7,157,135,0,,0.0,16,0
GripLost,1d_cnn,43,7,159,137,0,,0.0,23,0
GripLost,1d_cnn,43,7,160,138,1,1.0,,16,6
GripLost,1d_cnn,43,7,161,139,0,,0.0,15,0
GripLost,1d_cnn,43,7,162,140,0,,0.0,15,0
GripLost,1d_cnn,43,7,163,141,0,,1.0,44,1
GripLost,1d_cnn,43,7,164,142,1,1.0,,21,9
GripLost,1d_cnn,43,7,165,143,0,,0.0,15,0
GripLost,1d_cnn,43,7,166,144,0,,0.0,15,0
GripLost,1d_cnn,43,7,167,145,0,,0.0,15,0
GripLost,1d_cnn,43,7,168,146,0,,1.0,16,3
GripLost,1d_cnn,43,7,169,147,0,,0.0,15,0
GripLost,1d_cnn,43,7,170,148,0,,0.0,47,0
GripLost,1d_cnn,43,7,171,149,0,,0.0,15,0
GripLost,1d_cnn,43,7,172,150,0,,0.0,15,0
GripLost,1d_cnn,43,7,173,151,1,1.0,,21,10
GripLost,1d_cnn,43,7,174,152,1,1.0,,19,8
GripLost,1d_cnn,43,7,175,153,0,,0.0,35,0
GripLost,1d_cnn,44,7,151,129,0,,0.0,15,0
GripLost,1d_cnn,44,7,152,130,0,,0.0,21,0
GripLost,1d_cnn,44,7,153,131,0,,0.0,15,0
GripLost,1d_cnn,44,7,154,132,0,,1.0,16,3
GripLost,1d_cnn,44,7,155,133,0,,0.0,15,0
GripLost,1d_cnn,44,7,156,134,0,,0.0,15,0
GripLost,1d_cnn,44,7,157,135,0,,0.0,16,0
GripLost,1d_cnn,44,7,159,137,0,,0.0,23,0
GripLost,1d_cnn,44,7,160,138,1,1.0,,16,8
GripLost,1d_cnn,44,7,161,139,0,,0.0,15,0
GripLost,1d_cnn,44,7,162,140,0,,0.0,15,0
GripLost,1d_cnn,44,7,163,141,0,,1.0,44,2
GripLost,1d_cnn,44,7,164,142,1,1.0,,21,9
GripLost,1d_cnn,44,7,165,143,0,,1.0,15,7
GripLost,1d_cnn,44,7,166,144,0,,0.0,15,0
GripLost,1d_cnn,44,7,167,145,0,,0.0,15,0
GripLost,1d_cnn,44,7,168,146,0,,1.0,16,3
GripLost,1d_cnn,44,7,169,147,0,,0.0,15,0
GripLost,1d_cnn,44,7,170,148,0,,1.0,47,4
GripLost,1d_cnn,44,7,171,149,0,,0.0,15,0
GripLost,1d_cnn,44,7,172,150,0,,0.0,15,0
GripLost,1d_cnn,44,7,173,151,1,1.0,,21,11
GripLost,1d_cnn,44,7,174,152,1,1.0,,19,11
GripLost,1d_cnn,44,7,175,153,0,,0.0,35,0
GripLost,1d_cnn,42,8,176,154,0,,1.0,15,6
GripLost,1d_cnn,42,8,177,155,0,,1.0,15,3
GripLost,1d_cnn,42,8,178,156,0,,1.0,16,5
GripLost,1d_cnn,42,8,179,157,0,,1.0,15,8
GripLost,1d_cnn,42,8,180,158,1,1.0,,15,4
GripLost,1d_cnn,42,8,181,159,0,,0.0,14,0
GripLost,1d_cnn,42,8,182,160,0,,1.0,18,3
GripLost,1d_cnn,42,8,183,161,0,,1.0,38,13
GripLost,1d_cnn,42,8,184,162,0,,1.0,15,5
GripLost,1d_cnn,42,8,185,163,0,,0.0,6,0
GripLost,1d_cnn,42,8,199,176,0,,0.0,7,0
GripLost,1d_cnn,42,8,200,177,1,1.0,,15,7
GripLost,1d_cnn,43,8,176,154,0,,0.0,15,0
GripLost,1d_cnn,43,8,177,155,0,,0.0,15,0
GripLost,1d_cnn,43,8,178,156,0,,0.0,16,0
GripLost,1d_cnn,43,8,179,157,0,,0.0,15,0
GripLost,1d_cnn,43,8,180,158,1,0.0,,15,0
GripLost,1d_cnn,43,8,181,159,0,,0.0,14,0
GripLost,1d_cnn,43,8,182,160,0,,0.0,18,0
GripLost,1d_cnn,43,8,183,161,0,,0.0,38,0
GripLost,1d_cnn,43,8,184,162,0,,0.0,15,0
GripLost,1d_cnn,43,8,185,163,0,,0.0,6,0
GripLost,1d_cnn,43,8,199,176,0,,0.0,7,0
GripLost,1d_cnn,43,8,200,177,1,0.0,,15,0
GripLost,1d_cnn,44,8,176,154,0,,0.0,15,0
GripLost,1d_cnn,44,8,177,155,0,,0.0,15,0
GripLost,1d_cnn,44,8,178,156,0,,0.0,16,0
GripLost,1d_cnn,44,8,179,157,0,,0.0,15,0
GripLost,1d_cnn,44,8,180,158,1,0.0,,15,0
GripLost,1d_cnn,44,8,181,159,0,,0.0,14,0
GripLost,1d_cnn,44,8,182,160,0,,0.0,18,0
GripLost,1d_cnn,44,8,183,161,0,,0.0,38,0
GripLost,1d_cnn,44,8,184,162,0,,0.0,15,0
GripLost,1d_cnn,44,8,185,163,0,,0.0,6,0
GripLost,1d_cnn,44,8,199,176,0,,0.0,7,0
GripLost,1d_cnn,44,8,200,177,1,0.0,,15,0
GripLost,1d_cnn,42,9,201,178,0,,1.0,30,5
GripLost,1d_cnn,42,9,202,179,1,1.0,,15,7
GripLost,1d_cnn,42,9,203,180,0,,0.0,15,0
GripLost,1d_cnn,42,9,204,181,0,,1.0,38,7
GripLost,1d_cnn,42,9,205,182,0,,1.0,16,5
GripLost,1d_cnn,42,9,206,183,0,,0.0,18,0
GripLost,1d_cnn,42,9,207,184,0,,0.0,15,0
GripLost,1d_cnn,42,9,208,185,1,1.0,,14,7
GripLost,1d_cnn,42,9,209,186,0,,0.0,15,0
GripLost,1d_cnn,42,9,210,187,0,,1.0,49,16
GripLost,1d_cnn,42,9,211,188,0,,0.0,15,0
GripLost,1d_cnn,42,9,212,189,0,,1.0,19,1
GripLost,1d_cnn,42,9,213,190,0,,0.0,15,0
GripLost,1d_cnn,42,9,214,191,1,1.0,,40,23
GripLost,1d_cnn,42,9,215,192,0,,0.0,31,0
GripLost,1d_cnn,42,9,216,193,1,1.0,,16,7
GripLost,1d_cnn,42,9,217,194,0,,0.0,17,0
GripLost,1d_cnn,42,9,218,195,0,,0.0,18,0
GripLost,1d_cnn,42,9,219,196,1,1.0,,23,11
GripLost,1d_cnn,42,9,220,197,0,,1.0,32,2
GripLost,1d_cnn,42,9,221,198,1,1.0,,19,5
GripLost,1d_cnn,42,9,222,199,0,,1.0,18,2
GripLost,1d_cnn,42,9,223,200,0,,0.0,19,0
GripLost,1d_cnn,42,9,224,201,0,,0.0,19,0
GripLost,1d_cnn,42,9,225,202,0,,0.0,19,0
GripLost,1d_cnn,42,9,224,210,0,,0.0,16,0
GripLost,1d_cnn,43,9,201,178,0,,1.0,30,3
GripLost,1d_cnn,43,9,202,179,1,1.0,,15,6
GripLost,1d_cnn,43,9,203,180,0,,0.0,15,0
GripLost,1d_cnn,43,9,204,181,0,,1.0,38,10
GripLost,1d_cnn,43,9,205,182,0,,1.0,16,4
GripLost,1d_cnn,43,9,206,183,0,,0.0,18,0
GripLost,1d_cnn,43,9,207,184,0,,0.0,15,0
GripLost,1d_cnn,43,9,208,185,1,1.0,,14,7
GripLost,1d_cnn,43,9,209,186,0,,0.0,15,0
GripLost,1d_cnn,43,9,210,187,0,,1.0,49,13
GripLost,1d_cnn,43,9,211,188,0,,0.0,15,0
GripLost,1d_cnn,43,9,212,189,0,,1.0,19,2
GripLost,1d_cnn,43,9,213,190,0,,0.0,15,0
GripLost,1d_cnn,43,9,214,191,1,1.0,,40,18
GripLost,1d_cnn,43,9,215,192,0,,0.0,31,0
GripLost,1d_cnn,43,9,216,193,1,1.0,,16,6
GripLost,1d_cnn,43,9,217,194,0,,0.0,17,0
GripLost,1d_cnn,43,9,218,195,0,,0.0,18,0
GripLost,1d_cnn,43,9,219,196,1,1.0,,23,12
GripLost,1d_cnn,43,9,220,197,0,,1.0,32,1
GripLost,1d_cnn,43,9,221,198,1,1.0,,19,3
GripLost,1d_cnn,43,9,222,199,0,,0.0,18,0
GripLost,1d_cnn,43,9,223,200,0,,0.0,19,0
GripLost,1d_cnn,43,9,224,201,0,,0.0,19,0
GripLost,1d_cnn,43,9,225,202,0,,0.0,19,0
GripLost,1d_cnn,43,9,224,210,0,,0.0,16,0
GripLost,1d_cnn,44,9,201,178,0,,1.0,30,4
GripLost,1d_cnn,44,9,202,179,1,1.0,,15,7
GripLost,1d_cnn,44,9,203,180,0,,0.0,15,0
GripLost,1d_cnn,44,9,204,181,0,,1.0,38,18
GripLost,1d_cnn,44,9,205,182,0,,1.0,16,5
GripLost,1d_cnn,44,9,206,183,0,,0.0,18,0
GripLost,1d_cnn,44,9,207,184,0,,0.0,15,0
GripLost,1d_cnn,44,9,208,185,1,1.0,,14,8
GripLost,1d_cnn,44,9,209,186,0,,0.0,15,0
GripLost,1d_cnn,44,9,210,187,0,,1.0,49,23
GripLost,1d_cnn,44,9,211,188,0,,0.0,15,0
GripLost,1d_cnn,44,9,212,189,0,,1.0,19,3
GripLost,1d_cnn,44,9,213,190,0,,0.0,15,0
GripLost,1d_cnn,44,9,214,191,1,1.0,,40,24
GripLost,1d_cnn,44,9,215,192,0,,1.0,31,7
GripLost,1d_cnn,44,9,216,193,1,1.0,,16,7
GripLost,1d_cnn,44,9,217,194,0,,0.0,17,0
GripLost,1d_cnn,44,9,218,195,0,,0.0,18,0
GripLost,1d_cnn,44,9,219,196,1,1.0,,23,14
GripLost,1d_cnn,44,9,220,197,0,,0.0,32,0
GripLost,1d_cnn,44,9,221,198,1,1.0,,19,4
GripLost,1d_cnn,44,9,222,199,0,,1.0,18,1
GripLost,1d_cnn,44,9,223,200,0,,0.0,19,0
GripLost,1d_cnn,44,9,224,201,0,,0.0,19,0
GripLost,1d_cnn,44,9,225,202,0,,0.0,19,0
GripLost,1d_cnn,44,9,224,210,0,,0.0,16,0
GripLost,1d_cnn,42,10,226,203,0,,1.0,19,1
GripLost,1d_cnn,42,10,227,204,0,,1.0,18,1
GripLost,1d_cnn,42,10,229,205,0,,1.0,42,1
GripLost,1d_cnn,42,10,230,206,0,,0.0,18,0
GripLost,1d_cnn,42,10,231,207,0,,1.0,35,1
GripLost,1d_cnn,42,10,232,208,0,,1.0,15,1
GripLost,1d_cnn,42,10,233,209,0,,1.0,31,1
GripLost,1d_cnn,42,10,230,216,0,,0.0,20,0
GripLost,1d_cnn,42,10,231,217,0,,0.0,18,0
GripLost,1d_cnn,42,10,232,218,1,1.0,,20,13
GripLost,1d_cnn,42,10,233,219,1,1.0,,15,8
GripLost,1d_cnn,42,10,234,220,1,0.0,,52,0
GripLost,1d_cnn,42,10,235,221,0,,1.0,18,3
GripLost,1d_cnn,42,10,236,222,0,,1.0,15,9
GripLost,1d_cnn,42,10,237,223,1,1.0,,43,12
GripLost,1d_cnn,42,10,238,224,0,,0.0,15,0
GripLost,1d_cnn,42,10,239,225,0,,1.0,34,18
GripLost,1d_cnn,42,10,240,226,0,,1.0,37,17
GripLost,1d_cnn,42,10,241,227,0,,1.0,15,8
GripLost,1d_cnn,42,10,242,228,0,,0.0,43,0
GripLost,1d_cnn,42,10,243,229,0,,0.0,16,0
GripLost,1d_cnn,42,10,245,230,0,,0.0,15,0
GripLost,1d_cnn,42,10,246,231,0,,1.0,40,8
GripLost,1d_cnn,42,10,247,232,1,0.0,,46,2
GripLost,1d_cnn,42,10,248,233,0,,0.0,15,0
GripLost,1d_cnn,42,10,249,234,0,,1.0,37,6
GripLost,1d_cnn,42,10,250,235,1,1.0,,33,12
GripLost,1d_cnn,43,10,226,203,0,,1.0,19,2
GripLost,1d_cnn,43,10,227,204,0,,1.0,18,1
GripLost,1d_cnn,43,10,229,205,0,,1.0,42,9
GripLost,1d_cnn,43,10,230,206,0,,1.0,18,2
GripLost,1d_cnn,43,10,231,207,0,,1.0,35,7
GripLost,1d_cnn,43,10,232,208,0,,1.0,15,2
GripLost,1d_cnn,43,10,233,209,0,,0.0,31,0
GripLost,1d_cnn,43,10,230,216,0,,0.0,20,0
GripLost,1d_cnn,43,10,231,217,0,,1.0,18,1
GripLost,1d_cnn,43,10,232,218,1,1.0,,20,11
GripLost,1d_cnn,43,10,233,219,1,1.0,,15,7
GripLost,1d_cnn,43,10,234,220,1,1.0,,52,13
GripLost,1d_cnn,43,10,235,221,0,,1.0,18,5
GripLost,1d_cnn,43,10,236,222,0,,1.0,15,9
GripLost,1d_cnn,43,10,237,223,1,1.0,,43,19
GripLost,1d_cnn,43,10,238,224,0,,0.0,15,0
GripLost,1d_cnn,43,10,239,225,0,,1.0,34,21
GripLost,1d_cnn,43,10,240,226,0,,1.0,37,23
GripLost,1d_cnn,43,10,241,227,0,,1.0,15,8
GripLost,1d_cnn,43,10,242,228,0,,1.0,43,5
GripLost,1d_cnn,43,10,243,229,0,,1.0,16,2
GripLost,1d_cnn,43,10,245,230,0,,0.0,15,0
GripLost,1d_cnn,43,10,246,231,0,,1.0,40,13
GripLost,1d_cnn,43,10,247,232,1,1.0,,46,23
GripLost,1d_cnn,43,10,248,233,0,,0.0,15,0
GripLost,1d_cnn,43,10,249,234,0,,1.0,37,11
GripLost,1d_cnn,43,10,250,235,1,1.0,,33,16
GripLost,1d_cnn,44,10,226,203,0,,1.0,19,2
GripLost,1d_cnn,44,10,227,204,0,,1.0,18,2
GripLost,1d_cnn,44,10,229,205,0,,0.0,42,0
GripLost,1d_cnn,44,10,230,206,0,,1.0,18,3
GripLost,1d_cnn,44,10,231,207,0,,1.0,35,6
GripLost,1d_cnn,44,10,232,208,0,,1.0,15,3
GripLost,1d_cnn,44,10,233,209,0,,1.0,31,1
GripLost,1d_cnn,44,10,230,216,0,,0.0,20,0
GripLost,1d_cnn,44,10,231,217,0,,1.0,18,2
GripLost,1d_cnn,44,10,232,218,1,1.0,,20,13
GripLost,1d_cnn,44,10,233,219,1,1.0,,15,6
GripLost,1d_cnn,44,10,234,220,1,1.0,,52,4
GripLost,1d_cnn,44,10,235,221,0,,1.0,18,7
GripLost,1d_cnn,44,10,236,222,0,,1.0,15,9
GripLost,1d_cnn,44,10,237,223,1,1.0,,43,18
GripLost,1d_cnn,44,10,238,224,0,,0.0,15,0
GripLost,1d_cnn,44,10,239,225,0,,1.0,34,18
GripLost,1d_cnn,44,10,240,226,0,,1.0,37,17
GripLost,1d_cnn,44,10,241,227,0,,1.0,15,8
GripLost,1d_cnn,44,10,242,228,0,,0.0,43,0
GripLost,1d_cnn,44,10,243,229,0,,1.0,16,2
GripLost,1d_cnn,44,10,245,230,0,,1.0,15,2
GripLost,1d_cnn,44,10,246,231,0,,1.0,40,9
GripLost,1d_cnn,44,10,247,232,1,1.0,,46,10
GripLost,1d_cnn,44,10,248,233,0,,1.0,15,1
GripLost,1d_cnn,44,10,249,234,0,,1.0,37,9
GripLost,1d_cnn,44,10,250,235,1,1.0,,33,16
GripLost,lstm,42,1,1,1,0,,1.0,30,1
GripLost,lstm,42,1,2,2,1,1.0,,37,31
GripLost,lstm,42,1,3,3,0,,0.0,17,0
GripLost,lstm,42,1,4,4,0,,0.0,15,0
GripLost,lstm,42,1,5,5,1,1.0,,18,8
GripLost,lstm,42,1,6,6,1,1.0,,22,6
GripLost,lstm,42,1,8,8,0,,1.0,15,1
GripLost,lstm,42,1,9,9,0,,1.0,15,3
GripLost,lstm,42,1,10,10,0,,0.0,15,0
GripLost,lstm,42,1,11,11,0,,1.0,16,1
GripLost,lstm,42,1,12,12,0,,1.0,15,2
GripLost,lstm,42,1,13,13,0,,1.0,15,3
GripLost,lstm,42,1,14,14,1,1.0,,19,13
GripLost,lstm,42,1,15,15,1,1.0,,14,13
GripLost,lstm,42,1,16,16,0,,0.0,16,0
GripLost,lstm,42,1,17,17,0,,0.0,15,0
GripLost,lstm,42,1,18,18,0,,0.0,16,0
GripLost,lstm,42,1,19,19,0,,1.0,15,5
GripLost,lstm,42,1,20,20,0,,1.0,15,2
GripLost,lstm,42,1,21,21,0,,0.0,16,0
GripLost,lstm,42,1,22,22,0,,1.0,27,1
GripLost,lstm,42,1,23,23,0,,1.0,15,7
GripLost,lstm,42,1,24,24,0,,0.0,15,0
GripLost,lstm,42,1,25,25,0,,0.0,16,0
GripLost,lstm,43,1,1,1,0,,0.0,30,0
GripLost,lstm,43,1,2,2,1,1.0,,37,26
GripLost,lstm,43,1,3,3,0,,0.0,17,0
GripLost,lstm,43,1,4,4,0,,0.0,15,0
GripLost,lstm,43,1,5,5,1,1.0,,18,6
GripLost,lstm,43,1,6,6,1,1.0,,22,4
GripLost,lstm,43,1,8,8,0,,0.0,15,0
GripLost,lstm,43,1,9,9,0,,0.0,15,0
GripLost,lstm,43,1,10,10,0,,0.0,15,0
GripLost,lstm,43,1,11,11,0,,0.0,16,0
GripLost,lstm,43,1,12,12,0,,0.0,15,0
GripLost,lstm,43,1,13,13,0,,0.0,15,0
GripLost,lstm,43,1,14,14,1,1.0,,19,7
GripLost,lstm,43,1,15,15,1,1.0,,14,9
GripLost,lstm,43,1,16,16,0,,0.0,16,0
GripLost,lstm,43,1,17,17,0,,0.0,15,0
GripLost,lstm,43,1,18,18,0,,0.0,16,0
GripLost,lstm,43,1,19,19,0,,1.0,15,4
GripLost,lstm,43,1,20,20,0,,0.0,15,0
GripLost,lstm,43,1,21,21,0,,0.0,16,0
GripLost,lstm,43,1,22,22,0,,0.0,27,0
GripLost,lstm,43,1,23,23,0,,0.0,15,0
GripLost,lstm,43,1,24,24,0,,0.0,15,0
GripLost,lstm,43,1,25,25,0,,0.0,16,0
GripLost,lstm,44,1,1,1,0,,1.0,30,4
GripLost,lstm,44,1,2,2,1,1.0,,37,31
GripLost,lstm,44,1,3,3,0,,0.0,17,0
GripLost,lstm,44,1,4,4,0,,0.0,15,0
GripLost,lstm,44,1,5,5,1,1.0,,18,8
GripLost,lstm,44,1,6,6,1,1.0,,22,8
GripLost,lstm,44,1,8,8,0,,0.0,15,0
GripLost,lstm,44,1,9,9,0,,0.0,15,0
GripLost,lstm,44,1,10,10,0,,0.0,15,0
GripLost,lstm,44,1,11,11,0,,1.0,16,3
GripLost,lstm,44,1,12,12,0,,0.0,15,0
GripLost,lstm,44,1,13,13,0,,1.0,15,1
GripLost,lstm,44,1,14,14,1,1.0,,19,13
GripLost,lstm,44,1,15,15,1,1.0,,14,11
GripLost,lstm,44,1,16,16,0,,0.0,16,0
GripLost,lstm,44,1,17,17,0,,0.0,15,0
GripLost,lstm,44,1,18,18,0,,0.0,16,0
GripLost,lstm,44,1,19,19,0,,1.0,15,6
GripLost,lstm,44,1,20,20,0,,0.0,15,0
GripLost,lstm,44,1,21,21,0,,0.0,16,0
GripLost,lstm,44,1,22,22,0,,0.0,27,0
GripLost,lstm,44,1,23,23,0,,1.0,15,1
GripLost,lstm,44,1,24,24,0,,0.0,15,0
GripLost,lstm,44,1,25,25,0,,0.0,16,0
GripLost,lstm,42,2,26,26,0,,1.0,15,1
GripLost,lstm,42,2,27,27,0,,0.0,15,0
GripLost,lstm,42,2,28,28,0,,1.0,16,2
GripLost,lstm,42,2,29,29,0,,0.0,15,0
GripLost,lstm,42,2,30,30,0,,0.0,15,0
GripLost,lstm,42,2,31,31,0,,0.0,14,0
GripLost,lstm,42,2,32,32,0,,0.0,15,0
GripLost,lstm,42,2,33,33,0,,1.0,16,4
GripLost,lstm,42,2,34,34,0,,1.0,15,4
GripLost,lstm,42,2,35,35,0,,1.0,20,2
GripLost,lstm,42,2,36,36,1,1.0,,24,22
GripLost,lstm,42,2,37,37,0,,1.0,15,4
GripLost,lstm,42,2,38,38,0,,0.0,15,0
GripLost,lstm,42,2,39,39,1,1.0,,15,8
GripLost,lstm,42,2,40,40,1,1.0,,20,13
GripLost,lstm,42,2,41,41,0,,0.0,15,0
GripLost,lstm,42,2,42,42,0,,1.0,71,46
GripLost,lstm,42,2,43,43,0,,1.0,15,1
GripLost,lstm,42,2,44,44,0,,0.0,15,0
GripLost,lstm,42,2,45,45,0,,1.0,15,1
GripLost,lstm,42,2,48,48,0,,0.0,15,0
GripLost,lstm,42,2,49,49,0,,0.0,15,0
GripLost,lstm,42,2,50,50,0,,0.0,15,0
GripLost,lstm,43,2,26,26,0,,1.0,15,1
GripLost,lstm,43,2,27,27,0,,0.0,15,0
GripLost,lstm,43,2,28,28,0,,1.0,16,2
GripLost,lstm,43,2,29,29,0,,0.0,15,0
GripLost,lstm,43,2,30,30,0,,0.0,15,0
GripLost,lstm,43,2,31,31,0,,0.0,14,0
GripLost,lstm,43,2,32,32,0,,0.0,15,0
GripLost,lstm,43,2,33,33,0,,1.0,16,1
GripLost,lstm,43,2,34,34,0,,1.0,15,3
GripLost,lstm,43,2,35,35,0,,0.0,20,0
GripLost,lstm,43,2,36,36,1,1.0,,24,20
GripLost,lstm,43,2,37,37,0,,0.0,15,0
GripLost,lstm,43,2,38,38,0,,1.0,15,1
GripLost,lstm,43,2,39,39,1,1.0,,15,12
GripLost,lstm,43,2,40,40,1,1.0,,20,11
GripLost,lstm,43,2,41,41,0,,0.0,15,0
GripLost,lstm,43,2,42,42,0,,1.0,71,25
GripLost,lstm,43,2,43,43,0,,0.0,15,0
GripLost,lstm,43,2,44,44,0,,1.0,15,1
GripLost,lstm,43,2,45,45,0,,0.0,15,0
GripLost,lstm,43,2,48,48,0,,0.0,15,0
GripLost,lstm,43,2,49,49,0,,1.0,15,3
GripLost,lstm,43,2,50,50,0,,0.0,15,0
GripLost,lstm,44,2,26,26,0,,1.0,15,3
GripLost,lstm,44,2,27,27,0,,1.0,15,3
GripLost,lstm,44,2,28,28,0,,1.0,16,6
GripLost,lstm,44,2,29,29,0,,1.0,15,1
GripLost,lstm,44,2,30,30,0,,0.0,15,0
GripLost,lstm,44,2,31,31,0,,0.0,14,0
GripLost,lstm,44,2,32,32,0,,0.0,15,0
GripLost,lstm,44,2,33,33,0,,1.0,16,6
GripLost,lstm,44,2,34,34,0,,1.0,15,5
GripLost,lstm,44,2,35,35,0,,1.0,20,1
GripLost,lstm,44,2,36,36,1,1.0,,24,24
GripLost,lstm,44,2,37,37,0,,1.0,15,7
GripLost,lstm,44,2,38,38,0,,1.0,15,3
GripLost,lstm,44,2,39,39,1,1.0,,15,14
GripLost,lstm,44,2,40,40,1,1.0,,20,18
GripLost,lstm,44,2,41,41,0,,1.0,15,2
GripLost,lstm,44,2,42,42,0,,1.0,71,34
GripLost,lstm,44,2,43,43,0,,0.0,15,0
GripLost,lstm,44,2,44,44,0,,0.0,15,0
GripLost,lstm,44,2,45,45,0,,0.0,15,0
GripLost,lstm,44,2,48,48,0,,0.0,15,0
GripLost,lstm,44,2,49,49,0,,1.0,15,5
GripLost,lstm,44,2,50,50,0,,0.0,15,0
GripLost,lstm,42,3,51,51,0,,0.0,15,0
GripLost,lstm,42,3,52,52,0,,0.0,15,0
GripLost,lstm,42,3,53,53,0,,0.0,43,0
GripLost,lstm,42,3,54,54,0,,0.0,15,0
GripLost,lstm,42,3,55,55,0,,0.0,15,0
GripLost,lstm,42,3,56,56,0,,0.0,15,0
GripLost,lstm,42,3,57,57,0,,0.0,32,0
GripLost,lstm,42,3,58,58,0,,0.0,15,0
GripLost,lstm,42,3,59,59,0,,0.0,15,0
GripLost,lstm,42,3,60,60,0,,0.0,16,0
GripLost,lstm,42,3,61,61,0,,0.0,13,0
GripLost,lstm,42,3,62,62,0,,0.0,16,0
GripLost,lstm,42,3,63,63,1,1.0,,31,16
GripLost,lstm,42,3,64,64,1,1.0,,16,8
GripLost,lstm,42,3,65,65,1,1.0,,13,8
GripLost,lstm,42,3,66,66,0,,0.0,17,0
GripLost,lstm,42,3,67,67,1,1.0,,15,7
GripLost,lstm,42,3,68,68,0,,0.0,15,0
GripLost,lstm,42,3,69,69,1,1.0,,24,11
GripLost,lstm,42,3,70,70,0,,0.0,15,0
GripLost,lstm,42,3,71,71,0,,0.0,9,0
GripLost,lstm,42,3,72,72,0,,0.0,15,0
GripLost,lstm,42,3,73,73,0,,1.0,16,1
GripLost,lstm,42,3,75,74,0,,0.0,15,0
GripLost,lstm,43,3,51,51,0,,0.0,15,0
GripLost,lstm,43,3,52,52,0,,0.0,15,0
GripLost,lstm,43,3,53,53,0,,1.0,43,1
GripLost,lstm,43,3,54,54,0,,0.0,15,0
GripLost,lstm,43,3,55,55,0,,0.0,15,0
GripLost,lstm,43,3,56,56,0,,0.0,15,0
GripLost,lstm,43,3,57,57,0,,0.0,32,0
GripLost,lstm,43,3,58,58,0,,0.0,15,0
GripLost,lstm,43,3,59,59,0,,0.0,15,0
GripLost,lstm,43,3,60,60,0,,0.0,16,0
GripLost,lstm,43,3,61,61,0,,0.0,13,0
GripLost,lstm,43,3,62,62,0,,0.0,16,0
GripLost,lstm,43,3,63,63,1,1.0,,31,13
GripLost,lstm,43,3,64,64,1,1.0,,16,9
GripLost,lstm,43,3,65,65,1,1.0,,13,8
GripLost,lstm,43,3,66,66,0,,0.0,17,0
GripLost,lstm,43,3,67,67,1,1.0,,15,7
GripLost,lstm,43,3,68,68,0,,0.0,15,0
GripLost,lstm,43,3,69,69,1,1.0,,24,16
GripLost,lstm,43,3,70,70,0,,0.0,15,0
GripLost,lstm,43,3,71,71,0,,0.0,9,0
GripLost,lstm,43,3,72,72,0,,0.0,15,0
GripLost,lstm,43,3,73,73,0,,1.0,16,3
GripLost,lstm,43,3,75,74,0,,0.0,15,0
GripLost,lstm,44,3,51,51,0,,0.0,15,0
GripLost,lstm,44,3,52,52,0,,0.0,15,0
GripLost,lstm,44,3,53,53,0,,1.0,43,1
GripLost,lstm,44,3,54,54,0,,0.0,15,0
GripLost,lstm,44,3,55,55,0,,0.0,15,0
GripLost,lstm,44,3,56,56,0,,0.0,15,0
GripLost,lstm,44,3,57,57,0,,1.0,32,4
GripLost,lstm,44,3,58,58,0,,0.0,15,0
GripLost,lstm,44,3,59,59,0,,0.0,15,0
GripLost,lstm,44,3,60,60,0,,0.0,16,0
GripLost,lstm,44,3,61,61,0,,0.0,13,0
GripLost,lstm,44,3,62,62,0,,0.0,16,0
GripLost,lstm,44,3,63,63,1,1.0,,31,16
GripLost,lstm,44,3,64,64,1,1.0,,16,11
GripLost,lstm,44,3,65,65,1,1.0,,13,8
GripLost,lstm,44,3,66,66,0,,0.0,17,0
GripLost,lstm,44,3,67,67,1,1.0,,15,7
GripLost,lstm,44,3,68,68,0,,0.0,15,0
GripLost,lstm,44,3,69,69,1,1.0,,24,15
GripLost,lstm,44,3,70,70,0,,0.0,15,0
GripLost,lstm,44,3,71,71,0,,0.0,9,0
GripLost,lstm,44,3,72,72,0,,0.0,15,0
GripLost,lstm,44,3,73,73,0,,1.0,16,1
GripLost,lstm,44,3,75,74,0,,0.0,15,0
GripLost,lstm,42,4,76,75,1,1.0,,15,6
GripLost,lstm,42,4,85,84,0,,0.0,20,0
GripLost,lstm,42,4,86,85,1,1.0,,20,13
GripLost,lstm,42,4,87,86,0,,0.0,20,0
GripLost,lstm,42,4,88,87,0,,0.0,15,0
GripLost,lstm,42,4,89,88,0,,1.0,15,2
GripLost,lstm,42,4,90,89,0,,0.0,15,0
GripLost,lstm,42,4,91,90,1,1.0,,15,10
GripLost,lstm,42,4,92,91,1,1.0,,15,10
GripLost,lstm,42,4,93,92,0,,0.0,15,0
GripLost,lstm,42,4,94,93,0,,0.0,15,0
GripLost,lstm,42,4,95,94,1,1.0,,15,10
GripLost,lstm,42,4,96,95,1,1.0,,7,6
GripLost,lstm,42,4,97,96,1,1.0,,15,8
GripLost,lstm,42,4,98,97,0,,0.0,15,0
GripLost,lstm,42,4,99,98,0,,1.0,92,4
GripLost,lstm,42,4,100,99,0,,0.0,15,0
GripLost,lstm,43,4,76,75,1,1.0,,15,6
GripLost,lstm,43,4,85,84,0,,0.0,20,0
GripLost,lstm,43,4,86,85,1,1.0,,20,10
GripLost,lstm,43,4,87,86,0,,0.0,20,0
GripLost,lstm,43,4,88,87,0,,0.0,15,0
GripLost,lstm,43,4,89,88,0,,1.0,15,1
GripLost,lstm,43,4,90,89,0,,0.0,15,0
GripLost,lstm,43,4,91,90,1,1.0,,15,7
GripLost,lstm,43,4,92,91,1,1.0,,15,10
GripLost,lstm,43,4,93,92,0,,0.0,15,0
GripLost,lstm,43,4,94,93,0,,0.0,15,0
GripLost,lstm,43,4,95,94,1,1.0,,15,11
GripLost,lstm,43,4,96,95,1,1.0,,7,6
GripLost,lstm,43,4,97,96,1,1.0,,15,9
GripLost,lstm,43,4,98,97,0,,0.0,15,0
GripLost,lstm,43,4,99,98,0,,1.0,92,1
GripLost,lstm,43,4,100,99,0,,0.0,15,0
GripLost,lstm,44,4,76,75,1,1.0,,15,6
GripLost,lstm,44,4,85,84,0,,0.0,20,0
GripLost,lstm,44,4,86,85,1,1.0,,20,11
GripLost,lstm,44,4,87,86,0,,0.0,20,0
GripLost,lstm,44,4,88,87,0,,0.0,15,0
GripLost,lstm,44,4,89,88,0,,0.0,15,0
GripLost,lstm,44,4,90,89,0,,0.0,15,0
GripLost,lstm,44,4,91,90,1,1.0,,15,6
GripLost,lstm,44,4,92,91,1,1.0,,15,8
GripLost,lstm,44,4,93,92,0,,0.0,15,0
GripLost,lstm,44,4,94,93,0,,0.0,15,0
GripLost,lstm,44,4,95,94,1,1.0,,15,10
GripLost,lstm,44,4,96,95,1,1.0,,7,7
GripLost,lstm,44,4,97,96,1,1.0,,15,7
GripLost,lstm,44,4,98,97,0,,0.0,15,0
GripLost,lstm,44,4,99,98,0,,1.0,92,1
GripLost,lstm,44,4,100,99,0,,0.0,15,0
GripLost,lstm,42,5,101,100,0,,0.0,15,0
GripLost,lstm,42,5,102,101,0,,0.0,15,0
GripLost,lstm,42,5,103,102,0,,0.0,54,0
GripLost,lstm,42,5,104,103,0,,0.0,2,0
GripLost,lstm,42,5,105,104,1,1.0,,14,7
GripLost,lstm,42,5,106,105,0,,1.0,15,1
GripLost,lstm,42,5,107,106,0,,1.0,15,1
GripLost,lstm,42,5,108,107,0,,0.0,47,0
GripLost,lstm,42,5,109,108,0,,1.0,15,3
GripLost,lstm,42,5,110,109,0,,0.0,4,0
GripLost,lstm,42,5,111,110,0,,0.0,16,0
GripLost,lstm,42,5,112,111,0,,0.0,15,0
GripLost,lstm,42,5,113,112,0,,1.0,15,1
GripLost,lstm,42,5,114,113,0,,0.0,16,0
GripLost,lstm,42,5,115,114,0,,0.0,43,0
GripLost,lstm,42,5,116,115,0,,0.0,15,0
GripLost,lstm,42,5,117,116,0,,0.0,19,0
GripLost,lstm,42,5,118,117,0,,0.0,30,0
GripLost,lstm,42,5,119,118,0,,0.0,16,0
GripLost,lstm,42,5,120,119,0,,0.0,15,0
GripLost,lstm,42,5,121,120,0,,0.0,16,0
GripLost,lstm,42,5,122,121,0,,0.0,15,0
GripLost,lstm,42,5,123,122,0,,1.0,14,2
GripLost,lstm,42,5,124,123,0,,0.0,16,0
GripLost,lstm,42,5,125,124,0,,0.0,13,0
GripLost,lstm,43,5,101,100,0,,0.0,15,0
GripLost,lstm,43,5,102,101,0,,0.0,15,0
GripLost,lstm,43,5,103,102,0,,0.0,54,0
GripLost,lstm,43,5,104,103,0,,0.0,2,0
GripLost,lstm,43,5,105,104,1,1.0,,14,11
GripLost,lstm,43,5,106,105,0,,0.0,15,0
GripLost,lstm,43,5,107,106,0,,1.0,15,1
GripLost,lstm,43,5,108,107,0,,0.0,47,0
GripLost,lstm,43,5,109,108,0,,1.0,15,3
GripLost,lstm,43,5,110,109,0,,0.0,4,0
GripLost,lstm,43,5,111,110,0,,0.0,16,0
GripLost,lstm,43,5,112,111,0,,0.0,15,0
GripLost,lstm,43,5,113,112,0,,1.0,15,2
GripLost,lstm,43,5,114,113,0,,0.0,16,0
GripLost,lstm,43,5,115,114,0,,1.0,43,1
GripLost,lstm,43,5,116,115,0,,0.0,15,0
GripLost,lstm,43,5,117,116,0,,0.0,19,0
GripLost,lstm,43,5,118,117,0,,0.0,30,0
GripLost,lstm,43,5,119,118,0,,0.0,16,0
GripLost,lstm,43,5,120,119,0,,1.0,15,1
GripLost,lstm,43,5,121,120,0,,0.0,16,0
GripLost,lstm,43,5,122,121,0,,0.0,15,0
GripLost,lstm,43,5,123,122,0,,1.0,14,2
GripLost,lstm,43,5,124,123,0,,0.0,16,0
GripLost,lstm,43,5,125,124,0,,0.0,13,0
GripLost,lstm,44,5,101,100,0,,0.0,15,0
GripLost,lstm,44,5,102,101,0,,0.0,15,0
GripLost,lstm,44,5,103,102,0,,0.0,54,0
GripLost,lstm,44,5,104,103,0,,0.0,2,0
GripLost,lstm,44,5,105,104,1,1.0,,14,13
GripLost,lstm,44,5,106,105,0,,1.0,15,1
GripLost,lstm,44,5,107,106,0,,1.0,15,1
GripLost,lstm,44,5,108,107,0,,1.0,47,2
GripLost,lstm,44,5,109,108,0,,1.0,15,8
GripLost,lstm,44,5,110,109,0,,0.0,4,0
GripLost,lstm,44,5,111,110,0,,0.0,16,0
GripLost,lstm,44,5,112,111,0,,0.0,15,0
GripLost,lstm,44,5,113,112,0,,1.0,15,4
GripLost,lstm,44,5,114,113,0,,0.0,16,0
GripLost,lstm,44,5,115,114,0,,1.0,43,5
GripLost,lstm,44,5,116,115,0,,1.0,15,2
GripLost,lstm,44,5,117,116,0,,1.0,19,1
GripLost,lstm,44,5,118,117,0,,0.0,30,0
GripLost,lstm,44,5,119,118,0,,0.0,16,0
GripLost,lstm,44,5,120,119,0,,1.0,15,6
GripLost,lstm,44,5,121,120,0,,0.0,16,0
GripLost,lstm,44,5,122,121,0,,0.0,15,0
GripLost,lstm,44,5,123,122,0,,0.0,14,0
GripLost,lstm,44,5,124,123,0,,0.0,16,0
GripLost,lstm,44,5,125,124,0,,0.0,13,0
GripLost,lstm,42,7,151,129,0,,0.0,15,0
GripLost,lstm,42,7,152,130,0,,0.0,21,0
GripLost,lstm,42,7,153,131,0,,0.0,15,0
GripLost,lstm,42,7,154,132,0,,1.0,16,1
GripLost,lstm,42,7,155,133,0,,0.0,15,0
GripLost,lstm,42,7,156,134,0,,0.0,15,0
GripLost,lstm,42,7,157,135,0,,0.0,16,0
GripLost,lstm,42,7,159,137,0,,0.0,23,0
GripLost,lstm,42,7,160,138,1,1.0,,16,9
GripLost,lstm,42,7,161,139,0,,0.0,15,0
GripLost,lstm,42,7,162,140,0,,0.0,15,0
GripLost,lstm,42,7,163,141,0,,1.0,44,1
GripLost,lstm,42,7,164,142,1,1.0,,21,8
GripLost,lstm,42,7,165,143,0,,1.0,15,1
GripLost,lstm,42,7,166,144,0,,0.0,15,0
GripLost,lstm,42,7,167,145,0,,0.0,15,0
GripLost,lstm,42,7,168,146,0,,1.0,16,2
GripLost,lstm,42,7,169,147,0,,0.0,15,0
GripLost,lstm,42,7,170,148,0,,1.0,47,6
GripLost,lstm,42,7,171,149,0,,0.0,15,0
GripLost,lstm,42,7,172,150,0,,0.0,15,0
GripLost,lstm,42,7,173,151,1,1.0,,21,8
GripLost,lstm,42,7,174,152,1,1.0,,19,6
GripLost,lstm,42,7,175,153,0,,0.0,35,0
GripLost,lstm,43,7,151,129,0,,0.0,15,0
GripLost,lstm,43,7,152,130,0,,0.0,21,0
GripLost,lstm,43,7,153,131,0,,0.0,15,0
GripLost,lstm,43,7,154,132,0,,1.0,16,4
GripLost,lstm,43,7,155,133,0,,0.0,15,0
GripLost,lstm,43,7,156,134,0,,0.0,15,0
GripLost,lstm,43,7,157,135,0,,0.0,16,0
GripLost,lstm,43,7,159,137,0,,0.0,23,0
GripLost,lstm,43,7,160,138,1,1.0,,16,9
GripLost,lstm,43,7,161,139,0,,0.0,15,0
GripLost,lstm,43,7,162,140,0,,0.0,15,0
GripLost,lstm,43,7,163,141,0,,1.0,44,1
GripLost,lstm,43,7,164,142,1,1.0,,21,6
GripLost,lstm,43,7,165,143,0,,1.0,15,3
GripLost,lstm,43,7,166,144,0,,0.0,15,0
GripLost,lstm,43,7,167,145,0,,0.0,15,0
GripLost,lstm,43,7,168,146,0,,1.0,16,1
GripLost,lstm,43,7,169,147,0,,0.0,15,0
GripLost,lstm,43,7,170,148,0,,1.0,47,8
GripLost,lstm,43,7,171,149,0,,1.0,15,1
GripLost,lstm,43,7,172,150,0,,0.0,15,0
GripLost,lstm,43,7,173,151,1,1.0,,21,8
GripLost,lstm,43,7,174,152,1,1.0,,19,6
GripLost,lstm,43,7,175,153,0,,0.0,35,0
GripLost,lstm,44,7,151,129,0,,0.0,15,0
GripLost,lstm,44,7,152,130,0,,0.0,21,0
GripLost,lstm,44,7,153,131,0,,0.0,15,0
GripLost,lstm,44,7,154,132,0,,1.0,16,4
GripLost,lstm,44,7,155,133,0,,0.0,15,0
GripLost,lstm,44,7,156,134,0,,0.0,15,0
GripLost,lstm,44,7,157,135,0,,0.0,16,0
GripLost,lstm,44,7,159,137,0,,0.0,23,0
GripLost,lstm,44,7,160,138,1,1.0,,16,11
GripLost,lstm,44,7,161,139,0,,0.0,15,0
GripLost,lstm,44,7,162,140,0,,0.0,15,0
GripLost,lstm,44,7,163,141,0,,1.0,44,6
GripLost,lstm,44,7,164,142,1,1.0,,21,7
GripLost,lstm,44,7,165,143,0,,1.0,15,4
GripLost,lstm,44,7,166,144,0,,0.0,15,0
GripLost,lstm,44,7,167,145,0,,1.0,15,1
GripLost,lstm,44,7,168,146,0,,1.0,16,1
GripLost,lstm,44,7,169,147,0,,0.0,15,0
GripLost,lstm,44,7,170,148,0,,1.0,47,14
GripLost,lstm,44,7,171,149,0,,0.0,15,0
GripLost,lstm,44,7,172,150,0,,0.0,15,0
GripLost,lstm,44,7,173,151,1,1.0,,21,11
GripLost,lstm,44,7,174,152,1,1.0,,19,6
GripLost,lstm,44,7,175,153,0,,0.0,35,0
GripLost,lstm,42,8,176,154,0,,1.0,15,3
GripLost,lstm,42,8,177,155,0,,1.0,15,2
GripLost,lstm,42,8,178,156,0,,1.0,16,1
GripLost,lstm,42,8,179,157,0,,1.0,15,1
GripLost,lstm,42,8,180,158,1,1.0,,15,1
GripLost,lstm,42,8,181,159,0,,1.0,14,1
GripLost,lstm,42,8,182,160,0,,1.0,18,2
GripLost,lstm,42,8,183,161,0,,0.0,38,0
GripLost,lstm,42,8,184,162,0,,1.0,15,3
GripLost,lstm,42,8,185,163,0,,0.0,6,0
GripLost,lstm,42,8,199,176,0,,0.0,7,0
GripLost,lstm,42,8,200,177,1,1.0,,15,5
GripLost,lstm,43,8,176,154,0,,1.0,15,4
GripLost,lstm,43,8,177,155,0,,1.0,15,2
GripLost,lstm,43,8,178,156,0,,1.0,16,7
GripLost,lstm,43,8,179,157,0,,1.0,15,9
GripLost,lstm,43,8,180,158,1,1.0,,15,10
GripLost,lstm,43,8,181,159,0,,1.0,14,1
GripLost,lstm,43,8,182,160,0,,1.0,18,3
GripLost,lstm,43,8,183,161,0,,1.0,38,13
GripLost,lstm,43,8,184,162,0,,1.0,15,1
GripLost,lstm,43,8,185,163,0,,0.0,6,0
GripLost,lstm,43,8,199,176,0,,0.0,7,0
GripLost,lstm,43,8,200,177,1,1.0,,15,11
GripLost,lstm,44,8,176,154,0,,1.0,15,6
GripLost,lstm,44,8,177,155,0,,1.0,15,4
GripLost,lstm,44,8,178,156,0,,1.0,16,2
GripLost,lstm,44,8,179,157,0,,1.0,15,2
GripLost,lstm,44,8,180,158,1,0.0,,15,1
GripLost,lstm,44,8,181,159,0,,1.0,14,1
GripLost,lstm,44,8,182,160,0,,1.0,18,5
GripLost,lstm,44,8,183,161,0,,1.0,38,3
GripLost,lstm,44,8,184,162,0,,1.0,15,4
GripLost,lstm,44,8,185,163,0,,0.0,6,0
GripLost,lstm,44,8,199,176,0,,1.0,7,3
GripLost,lstm,44,8,200,177,1,1.0,,15,4
GripLost,lstm,42,9,201,178,0,,1.0,30,2
GripLost,lstm,42,9,202,179,1,1.0,,15,8
GripLost,lstm,42,9,203,180,0,,0.0,15,0
GripLost,lstm,42,9,204,181,0,,1.0,38,13
GripLost,lstm,42,9,205,182,0,,1.0,16,4
GripLost,lstm,42,9,206,183,0,,0.0,18,0
GripLost,lstm,42,9,207,184,0,,0.0,15,0
GripLost,lstm,42,9,208,185,1,1.0,,14,10
GripLost,lstm,42,9,209,186,0,,0.0,15,0
GripLost,lstm,42,9,210,187,0,,1.0,49,21
GripLost,lstm,42,9,211,188,0,,0.0,15,0
GripLost,lstm,42,9,212,189,0,,1.0,19,1
GripLost,lstm,42,9,213,190,0,,0.0,15,0
GripLost,lstm,42,9,214,191,1,1.0,,40,23
GripLost,lstm,42,9,215,192,0,,1.0,31,4
GripLost,lstm,42,9,216,193,1,1.0,,16,4
GripLost,lstm,42,9,217,194,0,,0.0,17,0
GripLost,lstm,42,9,218,195,0,,0.0,18,0
GripLost,lstm,42,9,219,196,1,1.0,,23,8
GripLost,lstm,42,9,220,197,0,,1.0,32,8
GripLost,lstm,42,9,221,198,1,1.0,,19,3
GripLost,lstm,42,9,222,199,0,,1.0,18,2
GripLost,lstm,42,9,223,200,0,,0.0,19,0
GripLost,lstm,42,9,224,201,0,,0.0,19,0
GripLost,lstm,42,9,225,202,0,,0.0,19,0
GripLost,lstm,42,9,224,210,0,,0.0,16,0
GripLost,lstm,43,9,201,178,0,,1.0,30,1
GripLost,lstm,43,9,202,179,1,1.0,,15,9
GripLost,lstm,43,9,203,180,0,,1.0,15,1
GripLost,lstm,43,9,204,181,0,,1.0,38,11
GripLost,lstm,43,9,205,182,0,,1.0,16,5
GripLost,lstm,43,9,206,183,0,,0.0,18,0
GripLost,lstm,43,9,207,184,0,,0.0,15,0
GripLost,lstm,43,9,208,185,1,1.0,,14,10
GripLost,lstm,43,9,209,186,0,,0.0,15,0
GripLost,lstm,43,9,210,187,0,,1.0,49,18
GripLost,lstm,43,9,211,188,0,,0.0,15,0
GripLost,lstm,43,9,212,189,0,,0.0,19,0
GripLost,lstm,43,9,213,190,0,,0.0,15,0
GripLost,lstm,43,9,214,191,1,1.0,,40,22
GripLost,lstm,43,9,215,192,0,,1.0,31,2
GripLost,lstm,43,9,216,193,1,1.0,,16,5
GripLost,lstm,43,9,217,194,0,,0.0,17,0
GripLost,lstm,43,9,218,195,0,,0.0,18,0
GripLost,lstm,43,9,219,196,1,1.0,,23,7
GripLost,lstm,43,9,220,197,0,,1.0,32,6
GripLost,lstm,43,9,221,198,1,1.0,,19,4
GripLost,lstm,43,9,222,199,0,,1.0,18,2
GripLost,lstm,43,9,223,200,0,,0.0,19,0
GripLost,lstm,43,9,224,201,0,,0.0,19,0
GripLost,lstm,43,9,225,202,0,,0.0,19,0
GripLost,lstm,43,9,224,210,0,,0.0,16,0
GripLost,lstm,44,9,201,178,0,,1.0,30,4
GripLost,lstm,44,9,202,179,1,0.0,,15,1
GripLost,lstm,44,9,203,180,0,,1.0,15,2
GripLost,lstm,44,9,204,181,0,,1.0,38,4
GripLost,lstm,44,9,205,182,0,,1.0,16,2
GripLost,lstm,44,9,206,183,0,,1.0,18,7
GripLost,lstm,44,9,207,184,0,,1.0,15,6
GripLost,lstm,44,9,208,185,1,1.0,,14,1
GripLost,lstm,44,9,209,186,0,,1.0,15,6
GripLost,lstm,44,9,210,187,0,,1.0,49,2
GripLost,lstm,44,9,211,188,0,,1.0,15,4
GripLost,lstm,44,9,212,189,0,,1.0,19,5
GripLost,lstm,44,9,213,190,0,,1.0,15,5
GripLost,lstm,44,9,214,191,1,1.0,,40,4
GripLost,lstm,44,9,215,192,0,,1.0,31,5
GripLost,lstm,44,9,216,193,1,0.0,,16,0
GripLost,lstm,44,9,217,194,0,,1.0,17,2
GripLost,lstm,44,9,218,195,0,,1.0,18,3
GripLost,lstm,44,9,219,196,1,1.0,,23,2
GripLost,lstm,44,9,220,197,0,,1.0,32,6
GripLost,lstm,44,9,221,198,1,1.0,,19,3
GripLost,lstm,44,9,222,199,0,,1.0,18,1
GripLost,lstm,44,9,223,200,0,,1.0,19,5
GripLost,lstm,44,9,224,201,0,,1.0,19,1
GripLost,lstm,44,9,225,202,0,,1.0,19,1
GripLost,lstm,44,9,224,210,0,,1.0,16,1
GripLost,lstm,42,10,226,203,0,,1.0,19,5
GripLost,lstm,42,10,227,204,0,,0.0,18,0
GripLost,lstm,42,10,229,205,0,,1.0,42,12
GripLost,lstm,42,10,230,206,0,,1.0,18,6
GripLost,lstm,42,10,231,207,0,,1.0,35,7
GripLost,lstm,42,10,232,208,0,,0.0,15,0
GripLost,lstm,42,10,233,209,0,,0.0,31,0
GripLost,lstm,42,10,230,216,0,,0.0,20,0
GripLost,lstm,42,10,231,217,0,,1.0,18,2
GripLost,lstm,42,10,232,218,1,1.0,,20,15
GripLost,lstm,42,10,233,219,1,1.0,,15,11
GripLost,lstm,42,10,234,220,1,1.0,,52,27
GripLost,lstm,42,10,235,221,0,,1.0,18,6
GripLost,lstm,42,10,236,222,0,,1.0,15,8
GripLost,lstm,42,10,237,223,1,1.0,,43,19
GripLost,lstm,42,10,238,224,0,,1.0,15,2
GripLost,lstm,42,10,239,225,0,,1.0,34,20
GripLost,lstm,42,10,240,226,0,,1.0,37,24
GripLost,lstm,42,10,241,227,0,,1.0,15,9
GripLost,lstm,42,10,242,228,0,,1.0,43,6
GripLost,lstm,42,10,243,229,0,,0.0,16,0
GripLost,lstm,42,10,245,230,0,,0.0,15,0
GripLost,lstm,42,10,246,231,0,,1.0,40,16
GripLost,lstm,42,10,247,232,1,1.0,,46,26
GripLost,lstm,42,10,248,233,0,,0.0,15,0
GripLost,lstm,42,10,249,234,0,,1.0,37,14
GripLost,lstm,42,10,250,235,1,1.0,,33,14
GripLost,lstm,43,10,226,203,0,,0.0,19,0
GripLost,lstm,43,10,227,204,0,,0.0,18,0
GripLost,lstm,43,10,229,205,0,,0.0,42,0
GripLost,lstm,43,10,230,206,0,,0.0,18,0
GripLost,lstm,43,10,231,207,0,,0.0,35,0
GripLost,lstm,43,10,232,208,0,,0.0,15,0
GripLost,lstm,43,10,233,209,0,,0.0,31,0
GripLost,lstm,43,10,230,216,0,,0.0,20,0
GripLost,lstm,43,10,231,217,0,,0.0,18,0
GripLost,lstm,43,10,232,218,1,1.0,,20,10
GripLost,lstm,43,10,233,219,1,1.0,,15,10
GripLost,lstm,43,10,234,220,1,0.0,,52,1
GripLost,lstm,43,10,235,221,0,,0.0,18,0
GripLost,lstm,43,10,236,222,0,,1.0,15,8
GripLost,lstm,43,10,237,223,1,1.0,,43,9
GripLost,lstm,43,10,238,224,0,,0.0,15,0
GripLost,lstm,43,10,239,225,0,,1.0,34,4
GripLost,lstm,43,10,240,226,0,,1.0,37,4
GripLost,lstm,43,10,241,227,0,,1.0,15,8
GripLost,lstm,43,10,242,228,0,,0.0,43,0
GripLost,lstm,43,10,243,229,0,,0.0,16,0
GripLost,lstm,43,10,245,230,0,,0.0,15,0
GripLost,lstm,43,10,246,231,0,,1.0,40,2
GripLost,lstm,43,10,247,232,1,0.0,,46,0
GripLost,lstm,43,10,248,233,0,,0.0,15,0
GripLost,lstm,43,10,249,234,0,,0.0,37,0
GripLost,lstm,43,10,250,235,1,1.0,,33,10
GripLost,lstm,44,10,226,203,0,,1.0,19,1
GripLost,lstm,44,10,227,204,0,,0.0,18,0
GripLost,lstm,44,10,229,205,0,,0.0,42,0
GripLost,lstm,44,10,230,206,0,,1.0,18,3
GripLost,lstm,44,10,231,207,0,,0.0,35,0
GripLost,lstm,44,10,232,208,0,,1.0,15,1
GripLost,lstm,44,10,233,209,0,,0.0,31,0
GripLost,lstm,44,10,230,216,0,,0.0,20,0
GripLost,lstm,44,10,231,217,0,,1.0,18,1
GripLost,lstm,44,10,232,218,1,1.0,,20,14
GripLost,lstm,44,10,233,219,1,1.0,,15,10
GripLost,lstm,44,10,234,220,1,0.0,,52,5
GripLost,lstm,44,10,235,221,0,,1.0,18,3
GripLost,lstm,44,10,236,222,0,,1.0,15,8
GripLost,lstm,44,10,237,223,1,1.0,,43,10
GripLost,lstm,44,10,238,224,0,,1.0,15,2
GripLost,lstm,44,10,239,225,0,,1.0,34,14
GripLost,lstm,44,10,240,226,0,,1.0,37,16
GripLost,lstm,44,10,241,227,0,,1.0,15,8
GripLost,lstm,44,10,242,228,0,,0.0,43,0
GripLost,lstm,44,10,243,229,0,,0.0,16,0
GripLost,lstm,44,10,245,230,0,,0.0,15,0
GripLost,lstm,44,10,246,231,0,,1.0,40,5
GripLost,lstm,44,10,247,232,1,1.0,,46,7
GripLost,lstm,44,10,248,233,0,,0.0,15,0
GripLost,lstm,44,10,249,234,0,,1.0,37,1
GripLost,lstm,44,10,250,235,1,1.0,,33,10
System_Failure,rf_window_features,42,1,1,1,1,1.0,,30,5
System_Failure,rf_window_features,42,1,2,2,1,1.0,,37,15
System_Failure,rf_window_features,42,1,3,3,0,,1.0,17,1
System_Failure,rf_window_features,42,1,4,4,0,,0.0,15,0
System_Failure,rf_window_features,42,1,5,5,1,1.0,,18,8
System_Failure,rf_window_features,42,1,6,6,1,1.0,,22,11
System_Failure,rf_window_features,42,1,8,8,0,,0.0,15,0
System_Failure,rf_window_features,42,1,9,9,0,,0.0,15,0
System_Failure,rf_window_features,42,1,10,10,0,,0.0,15,0
System_Failure,rf_window_features,42,1,11,11,0,,0.0,16,0
System_Failure,rf_window_features,42,1,12,12,0,,0.0,15,0
System_Failure,rf_window_features,42,1,13,13,0,,0.0,15,0
System_Failure,rf_window_features,42,1,14,14,1,1.0,,19,6
System_Failure,rf_window_features,42,1,15,15,1,1.0,,14,5
System_Failure,rf_window_features,42,1,16,16,0,,0.0,16,0
System_Failure,rf_window_features,42,1,17,17,0,,0.0,15,0
System_Failure,rf_window_features,42,1,18,18,0,,0.0,16,0
System_Failure,rf_window_features,42,1,19,19,0,,0.0,15,0
System_Failure,rf_window_features,42,1,20,20,0,,0.0,15,0
System_Failure,rf_window_features,42,1,21,21,0,,0.0,16,0
System_Failure,rf_window_features,42,1,22,22,1,1.0,,27,12
System_Failure,rf_window_features,42,1,23,23,0,,0.0,15,0
System_Failure,rf_window_features,42,1,24,24,0,,0.0,15,0
System_Failure,rf_window_features,42,1,25,25,0,,0.0,16,0
System_Failure,rf_window_features,42,2,26,26,0,,0.0,15,0
System_Failure,rf_window_features,42,2,27,27,0,,0.0,15,0
System_Failure,rf_window_features,42,2,28,28,0,,0.0,16,0
System_Failure,rf_window_features,42,2,29,29,0,,0.0,15,0
System_Failure,rf_window_features,42,2,30,30,0,,0.0,15,0
System_Failure,rf_window_features,42,2,31,31,0,,0.0,14,0
System_Failure,rf_window_features,42,2,32,32,0,,0.0,15,0
System_Failure,rf_window_features,42,2,33,33,0,,0.0,16,0
System_Failure,rf_window_features,42,2,34,34,0,,0.0,15,0
System_Failure,rf_window_features,42,2,35,35,1,1.0,,20,5
System_Failure,rf_window_features,42,2,36,36,1,1.0,,24,14
System_Failure,rf_window_features,42,2,37,37,0,,0.0,15,0
System_Failure,rf_window_features,42,2,38,38,0,,0.0,15,0
System_Failure,rf_window_features,42,2,39,39,1,1.0,,15,10
System_Failure,rf_window_features,42,2,40,40,1,1.0,,20,6
System_Failure,rf_window_features,42,2,41,41,0,,0.0,15,0
System_Failure,rf_window_features,42,2,42,42,1,1.0,,71,70
System_Failure,rf_window_features,42,2,43,43,0,,0.0,15,0
System_Failure,rf_window_features,42,2,44,44,0,,0.0,15,0
System_Failure,rf_window_features,42,2,45,45,0,,0.0,15,0
System_Failure,rf_window_features,42,2,48,48,0,,0.0,15,0
System_Failure,rf_window_features,42,2,49,49,0,,0.0,15,0
System_Failure,rf_window_features,42,2,50,50,0,,0.0,15,0
System_Failure,rf_window_features,42,3,51,51,0,,0.0,15,0
System_Failure,rf_window_features,42,3,52,52,0,,0.0,15,0
System_Failure,rf_window_features,42,3,53,53,1,1.0,,43,26
System_Failure,rf_window_features,42,3,54,54,0,,0.0,15,0
System_Failure,rf_window_features,42,3,55,55,0,,0.0,15,0
System_Failure,rf_window_features,42,3,56,56,0,,0.0,15,0
System_Failure,rf_window_features,42,3,57,57,0,,1.0,32,3
System_Failure,rf_window_features,42,3,58,58,0,,0.0,15,0
System_Failure,rf_window_features,42,3,59,59,0,,0.0,15,0
System_Failure,rf_window_features,42,3,60,60,0,,0.0,16,0
System_Failure,rf_window_features,42,3,61,61,0,,0.0,13,0
System_Failure,rf_window_features,42,3,62,62,0,,1.0,16,1
System_Failure,rf_window_features,42,3,63,63,1,1.0,,31,19
System_Failure,rf_window_features,42,3,64,64,1,1.0,,16,11
System_Failure,rf_window_features,42,3,65,65,1,1.0,,13,4
System_Failure,rf_window_features,42,3,66,66,0,,0.0,17,0
System_Failure,rf_window_features,42,3,67,67,1,1.0,,15,6
System_Failure,rf_window_features,42,3,68,68,0,,0.0,15,0
System_Failure,rf_window_features,42,3,69,69,1,1.0,,24,17
System_Failure,rf_window_features,42,3,70,70,0,,0.0,15,0
System_Failure,rf_window_features,42,3,71,71,0,,1.0,9,1
System_Failure,rf_window_features,42,3,72,72,0,,0.0,15,0
System_Failure,rf_window_features,42,3,73,73,0,,0.0,16,0
System_Failure,rf_window_features,42,3,75,74,0,,0.0,15,0
System_Failure,rf_window_features,42,4,76,75,1,1.0,,15,3
System_Failure,rf_window_features,42,4,85,84,0,,1.0,20,6
System_Failure,rf_window_features,42,4,86,85,1,1.0,,20,13
System_Failure,rf_window_features,42,4,87,86,1,1.0,,20,6
System_Failure,rf_window_features,42,4,88,87,0,,0.0,15,0
System_Failure,rf_window_features,42,4,89,88,0,,0.0,15,0
System_Failure,rf_window_features,42,4,90,89,0,,0.0,15,0
System_Failure,rf_window_features,42,4,91,90,1,1.0,,15,7
System_Failure,rf_window_features,42,4,92,91,1,1.0,,15,7
System_Failure,rf_window_features,42,4,93,92,0,,0.0,15,0
System_Failure,rf_window_features,42,4,94,93,0,,0.0,15,0
System_Failure,rf_window_features,42,4,95,94,1,1.0,,15,5
System_Failure,rf_window_features,42,4,96,95,1,1.0,,7,4
System_Failure,rf_window_features,42,4,97,96,1,1.0,,15,5
System_Failure,rf_window_features,42,4,98,97,0,,0.0,15,0
System_Failure,rf_window_features,42,4,99,98,1,1.0,,92,53
System_Failure,rf_window_features,42,4,100,99,0,,0.0,15,0
System_Failure,rf_window_features,42,5,101,100,0,,0.0,15,0
System_Failure,rf_window_features,42,5,102,101,0,,0.0,15,0
System_Failure,rf_window_features,42,5,103,102,1,1.0,,54,32
System_Failure,rf_window_features,42,5,104,103,0,,0.0,2,0
System_Failure,rf_window_features,42,5,105,104,1,1.0,,14,6
System_Failure,rf_window_features,42,5,106,105,0,,0.0,15,0
System_Failure,rf_window_features,42,5,107,106,0,,0.0,15,0
System_Failure,rf_window_features,42,5,108,107,1,1.0,,47,19
System_Failure,rf_window_features,42,5,109,108,0,,0.0,15,0
System_Failure,rf_window_features,42,5,110,109,0,,0.0,4,0
System_Failure,rf_window_features,42,5,111,110,0,,0.0,16,0
System_Failure,rf_window_features,42,5,112,111,0,,0.0,15,0
System_Failure,rf_window_features,42,5,113,112,0,,0.0,15,0
System_Failure,rf_window_features,42,5,114,113,0,,0.0,16,0
System_Failure,rf_window_features,42,5,115,114,1,1.0,,43,10
System_Failure,rf_window_features,42,5,116,115,0,,0.0,15,0
System_Failure,rf_window_features,42,5,117,116,1,1.0,,19,5
System_Failure,rf_window_features,42,5,118,117,1,1.0,,30,12
System_Failure,rf_window_features,42,5,119,118,0,,0.0,16,0
System_Failure,rf_window_features,42,5,120,119,0,,0.0,15,0
System_Failure,rf_window_features,42,5,121,120,0,,0.0,16,0
System_Failure,rf_window_features,42,5,122,121,0,,0.0,15,0
System_Failure,rf_window_features,42,5,123,122,0,,1.0,14,1
System_Failure,rf_window_features,42,5,124,123,0,,0.0,16,0
System_Failure,rf_window_features,42,5,125,124,0,,0.0,13,0
System_Failure,rf_window_features,42,7,151,129,0,,0.0,15,0
System_Failure,rf_window_features,42,7,152,130,1,1.0,,21,7
System_Failure,rf_window_features,42,7,153,131,0,,0.0,15,0
System_Failure,rf_window_features,42,7,154,132,0,,0.0,16,0
System_Failure,rf_window_features,42,7,155,133,0,,0.0,15,0
System_Failure,rf_window_features,42,7,156,134,0,,0.0,15,0
System_Failure,rf_window_features,42,7,157,135,0,,0.0,16,0
System_Failure,rf_window_features,42,7,159,137,1,1.0,,23,10
System_Failure,rf_window_features,42,7,160,138,1,1.0,,16,5
System_Failure,rf_window_features,42,7,161,139,0,,0.0,15,0
System_Failure,rf_window_features,42,7,162,140,0,,0.0,15,0
System_Failure,rf_window_features,42,7,163,141,1,1.0,,44,10
System_Failure,rf_window_features,42,7,164,142,1,1.0,,21,11
System_Failure,rf_window_features,42,7,165,143,0,,0.0,15,0
System_Failure,rf_window_features,42,7,166,144,0,,0.0,15,0
System_Failure,rf_window_features,42,7,167,145,0,,0.0,15,0
System_Failure,rf_window_features,42,7,168,146,0,,0.0,16,0
System_Failure,rf_window_features,42,7,169,147,0,,0.0,15,0
System_Failure,rf_window_features,42,7,170,148,1,1.0,,47,7
System_Failure,rf_window_features,42,7,171,149,0,,0.0,15,0
System_Failure,rf_window_features,42,7,172,150,0,,0.0,15,0
System_Failure,rf_window_features,42,7,173,151,1,1.0,,21,13
System_Failure,rf_window_features,42,7,174,152,1,1.0,,19,6
System_Failure,rf_window_features,42,7,175,153,1,1.0,,35,10
System_Failure,rf_window_features,42,8,176,154,0,,0.0,15,0
System_Failure,rf_window_features,42,8,177,155,0,,0.0,15,0
System_Failure,rf_window_features,42,8,178,156,0,,0.0,16,0
System_Failure,rf_window_features,42,8,179,157,0,,0.0,15,0
System_Failure,rf_window_features,42,8,180,158,1,1.0,,15,6
System_Failure,rf_window_features,42,8,181,159,0,,0.0,14,0
System_Failure,rf_window_features,42,8,182,160,1,1.0,,18,5
System_Failure,rf_window_features,42,8,183,161,1,1.0,,38,10
System_Failure,rf_window_features,42,8,184,162,0,,0.0,15,0
System_Failure,rf_window_features,42,8,185,163,1,1.0,,6,6
System_Failure,rf_window_features,42,8,199,176,0,,0.0,7,0
System_Failure,rf_window_features,42,8,200,177,1,1.0,,15,9
System_Failure,rf_window_features,42,9,201,178,1,1.0,,30,5
System_Failure,rf_window_features,42,9,202,179,1,1.0,,15,6
System_Failure,rf_window_features,42,9,203,180,0,,0.0,15,0
System_Failure,rf_window_features,42,9,204,181,1,1.0,,38,9
System_Failure,rf_window_features,42,9,205,182,0,,0.0,16,0
System_Failure,rf_window_features,42,9,206,183,1,1.0,,18,4
System_Failure,rf_window_features,42,9,207,184,0,,0.0,15,0
System_Failure,rf_window_features,42,9,208,185,1,1.0,,14,10
System_Failure,rf_window_features,42,9,209,186,0,,0.0,15,0
System_Failure,rf_window_features,42,9,210,187,1,1.0,,49,12
System_Failure,rf_window_features,42,9,211,188,0,,0.0,15,0
System_Failure,rf_window_features,42,9,212,189,1,1.0,,19,6
System_Failure,rf_window_features,42,9,213,190,0,,0.0,15,0
System_Failure,rf_window_features,42,9,214,191,1,1.0,,40,19
System_Failure,rf_window_features,42,9,215,192,1,1.0,,31,4
System_Failure,rf_window_features,42,9,216,193,1,1.0,,16,2
System_Failure,rf_window_features,42,9,217,194,1,1.0,,17,4
System_Failure,rf_window_features,42,9,218,195,1,1.0,,18,4
System_Failure,rf_window_features,42,9,219,196,1,1.0,,23,11
System_Failure,rf_window_features,42,9,220,197,1,1.0,,32,2
System_Failure,rf_window_features,42,9,221,198,1,1.0,,19,2
System_Failure,rf_window_features,42,9,222,199,1,1.0,,18,4
System_Failure,rf_window_features,42,9,223,200,1,1.0,,19,6
System_Failure,rf_window_features,42,9,224,201,1,1.0,,19,6
System_Failure,rf_window_features,42,9,225,202,1,1.0,,19,5
System_Failure,rf_window_features,42,9,224,210,1,1.0,,16,6
System_Failure,rf_window_features,42,10,226,203,1,1.0,,19,6
System_Failure,rf_window_features,42,10,227,204,1,1.0,,18,1
System_Failure,rf_window_features,42,10,229,205,1,1.0,,42,11
System_Failure,rf_window_features,42,10,230,206,1,1.0,,18,5
System_Failure,rf_window_features,42,10,231,207,1,1.0,,35,13
System_Failure,rf_window_features,42,10,232,208,0,,0.0,15,0
System_Failure,rf_window_features,42,10,233,209,1,1.0,,31,12
System_Failure,rf_window_features,42,10,230,216,1,1.0,,20,6
System_Failure,rf_window_features,42,10,231,217,1,1.0,,18,4
System_Failure,rf_window_features,42,10,232,218,1,1.0,,20,10
System_Failure,rf_window_features,42,10,233,219,1,1.0,,15,5
System_Failure,rf_window_features,42,10,234,220,1,1.0,,52,10
System_Failure,rf_window_features,42,10,235,221,1,1.0,,18,4
System_Failure,rf_window_features,42,10,236,222,0,,0.0,15,0
System_Failure,rf_window_features,42,10,237,223,1,1.0,,43,18
System_Failure,rf_window_features,42,10,238,224,0,,0.0,15,0
System_Failure,rf_window_features,42,10,239,225,1,1.0,,34,12
System_Failure,rf_window_features,42,10,240,226,1,1.0,,37,7
System_Failure,rf_window_features,42,10,241,227,0,,0.0,15,0
System_Failure,rf_window_features,42,10,242,228,1,1.0,,43,7
System_Failure,rf_window_features,42,10,243,229,0,,0.0,16,0
System_Failure,rf_window_features,42,10,245,230,0,,0.0,15,0
System_Failure,rf_window_features,42,10,246,231,1,1.0,,40,19
System_Failure,rf_window_features,42,10,247,232,1,1.0,,46,9
System_Failure,rf_window_features,42,10,248,233,0,,0.0,15,0
System_Failure,rf_window_features,42,10,249,234,1,1.0,,37,13
System_Failure,rf_window_features,42,10,250,235,1,1.0,,33,13
ProtectiveStop,rf_window_features,42,1,1,1,1,0.0,,30,0
ProtectiveStop,rf_window_features,42,1,2,2,0,,0.0,37,0
ProtectiveStop,rf_window_features,42,1,3,3,0,,0.0,17,0
ProtectiveStop,rf_window_features,42,1,4,4,0,,0.0,15,0
ProtectiveStop,rf_window_features,42,1,5,5,0,,0.0,18,0
ProtectiveStop,rf_window_features,42,1,6,6,0,,0.0,22,0
ProtectiveStop,rf_window_features,42,1,8,8,0,,0.0,15,0
ProtectiveStop,rf_window_features,42,1,9,9,0,,0.0,15,0
ProtectiveStop,rf_window_features,42,1,10,10,0,,0.0,15,0
ProtectiveStop,rf_window_features,42,1,11,11,0,,0.0,16,0
ProtectiveStop,rf_window_features,42,1,12,12,0,,0.0,15,0
ProtectiveStop,rf_window_features,42,1,13,13,0,,0.0,15,0
ProtectiveStop,rf_window_features,42,1,14,14,0,,0.0,19,0
ProtectiveStop,rf_window_features,42,1,15,15,0,,0.0,14,0
ProtectiveStop,rf_window_features,42,1,16,16,0,,0.0,16,0
ProtectiveStop,rf_window_features,42,1,17,17,0,,0.0,15,0
ProtectiveStop,rf_window_features,42,1,18,18,0,,0.0,16,0
ProtectiveStop,rf_window_features,42,1,19,19,0,,0.0,15,0
ProtectiveStop,rf_window_features,42,1,20,20,0,,0.0,15,0
ProtectiveStop,rf_window_features,42,1,21,21,0,,0.0,16,0
ProtectiveStop,rf_window_features,42,1,22,22,1,1.0,,27,12
ProtectiveStop,rf_window_features,42,1,23,23,0,,0.0,15,0
ProtectiveStop,rf_window_features,42,1,24,24,0,,0.0,15,0
ProtectiveStop,rf_window_features,42,1,25,25,0,,0.0,16,0
ProtectiveStop,rf_window_features,42,2,26,26,0,,0.0,15,0
ProtectiveStop,rf_window_features,42,2,27,27,0,,0.0,15,0
ProtectiveStop,rf_window_features,42,2,28,28,0,,0.0,16,0
ProtectiveStop,rf_window_features,42,2,29,29,0,,0.0,15,0
ProtectiveStop,rf_window_features,42,2,30,30,0,,0.0,15,0
ProtectiveStop,rf_window_features,42,2,31,31,0,,0.0,14,0
ProtectiveStop,rf_window_features,42,2,32,32,0,,0.0,15,0
ProtectiveStop,rf_window_features,42,2,33,33,0,,0.0,16,0
ProtectiveStop,rf_window_features,42,2,34,34,0,,0.0,15,0
ProtectiveStop,rf_window_features,42,2,35,35,1,1.0,,20,4
ProtectiveStop,rf_window_features,42,2,36,36,0,,0.0,24,0
ProtectiveStop,rf_window_features,42,2,37,37,0,,0.0,15,0
ProtectiveStop,rf_window_features,42,2,38,38,0,,0.0,15,0
ProtectiveStop,rf_window_features,42,2,39,39,0,,0.0,15,0
ProtectiveStop,rf_window_features,42,2,40,40,0,,0.0,20,0
ProtectiveStop,rf_window_features,42,2,41,41,0,,0.0,15,0
ProtectiveStop,rf_window_features,42,2,42,42,1,1.0,,71,25
ProtectiveStop,rf_window_features,42,2,43,43,0,,0.0,15,0
ProtectiveStop,rf_window_features,42,2,44,44,0,,0.0,15,0
ProtectiveStop,rf_window_features,42,2,45,45,0,,0.0,15,0
ProtectiveStop,rf_window_features,42,2,48,48,0,,0.0,15,0
ProtectiveStop,rf_window_features,42,2,49,49,0,,0.0,15,0
ProtectiveStop,rf_window_features,42,2,50,50,0,,0.0,15,0
ProtectiveStop,rf_window_features,42,3,51,51,0,,0.0,15,0
ProtectiveStop,rf_window_features,42,3,52,52,0,,0.0,15,0
ProtectiveStop,rf_window_features,42,3,53,53,1,1.0,,43,28
ProtectiveStop,rf_window_features,42,3,54,54,0,,0.0,15,0
ProtectiveStop,rf_window_features,42,3,55,55,0,,0.0,15,0
ProtectiveStop,rf_window_features,42,3,56,56,0,,0.0,15,0
ProtectiveStop,rf_window_features,42,3,57,57,0,,1.0,32,4
ProtectiveStop,rf_window_features,42,3,58,58,0,,0.0,15,0
ProtectiveStop,rf_window_features,42,3,59,59,0,,0.0,15,0
ProtectiveStop,rf_window_features,42,3,60,60,0,,0.0,16,0
ProtectiveStop,rf_window_features,42,3,61,61,0,,0.0,13,0
ProtectiveStop,rf_window_features,42,3,62,62,0,,1.0,16,1
ProtectiveStop,rf_window_features,42,3,63,63,1,1.0,,31,7
ProtectiveStop,rf_window_features,42,3,64,64,0,,0.0,16,0
ProtectiveStop,rf_window_features,42,3,65,65,0,,0.0,13,0
ProtectiveStop,rf_window_features,42,3,66,66,0,,0.0,17,0
ProtectiveStop,rf_window_features,42,3,67,67,0,,0.0,15,0
ProtectiveStop,rf_window_features,42,3,68,68,0,,0.0,15,0
ProtectiveStop,rf_window_features,42,3,69,69,1,1.0,,24,7
ProtectiveStop,rf_window_features,42,3,70,70,0,,0.0,15,0
ProtectiveStop,rf_window_features,42,3,71,71,0,,1.0,9,1
ProtectiveStop,rf_window_features,42,3,72,72,0,,0.0,15,0
ProtectiveStop,rf_window_features,42,3,73,73,0,,0.0,16,0
ProtectiveStop,rf_window_features,42,3,75,74,0,,0.0,15,0
ProtectiveStop,rf_window_features,42,4,76,75,0,,0.0,15,0
ProtectiveStop,rf_window_features,42,4,85,84,0,,1.0,20,6
ProtectiveStop,rf_window_features,42,4,86,85,1,1.0,,20,7
ProtectiveStop,rf_window_features,42,4,87,86,1,1.0,,20,6
ProtectiveStop,rf_window_features,42,4,88,87,0,,0.0,15,0
ProtectiveStop,rf_window_features,42,4,89,88,0,,0.0,15,0
ProtectiveStop,rf_window_features,42,4,90,89,0,,0.0,15,0
ProtectiveStop,rf_window_features,42,4,91,90,0,,0.0,15,0
ProtectiveStop,rf_window_features,42,4,92,91,0,,0.0,15,0
ProtectiveStop,rf_window_features,42,4,93,92,0,,0.0,15,0
ProtectiveStop,rf_window_features,42,4,94,93,0,,0.0,15,0
ProtectiveStop,rf_window_features,42,4,95,94,0,,0.0,15,0
ProtectiveStop,rf_window_features,42,4,96,95,0,,0.0,7,0
ProtectiveStop,rf_window_features,42,4,97,96,0,,0.0,15,0
ProtectiveStop,rf_window_features,42,4,98,97,0,,0.0,15,0
ProtectiveStop,rf_window_features,42,4,99,98,1,1.0,,92,42
ProtectiveStop,rf_window_features,42,4,100,99,0,,0.0,15,0
ProtectiveStop,rf_window_features,42,5,101,100,0,,0.0,15,0
ProtectiveStop,rf_window_features,42,5,102,101,0,,0.0,15,0
ProtectiveStop,rf_window_features,42,5,103,102,1,1.0,,54,36
ProtectiveStop,rf_window_features,42,5,104,103,0,,0.0,2,0
ProtectiveStop,rf_window_features,42,5,105,104,0,,0.0,14,0
ProtectiveStop,rf_window_features,42,5,106,105,0,,0.0,15,0
ProtectiveStop,rf_window_features,42,5,107,106,0,,0.0,15,0
ProtectiveStop,rf_window_features,42,5,108,107,1,1.0,,47,19
ProtectiveStop,rf_window_features,42,5,109,108,0,,0.0,15,0
ProtectiveStop,rf_window_features,42,5,110,109,0,,0.0,4,0
ProtectiveStop,rf_window_features,42,5,111,110,0,,0.0,16,0
ProtectiveStop,rf_window_features,42,5,112,111,0,,0.0,15,0
ProtectiveStop,rf_window_features,42,5,113,112,0,,0.0,15,0
ProtectiveStop,rf_window_features,42,5,114,113,0,,0.0,16,0
ProtectiveStop,rf_window_features,42,5,115,114,1,1.0,,43,13
ProtectiveStop,rf_window_features,42,5,116,115,0,,0.0,15,0
ProtectiveStop,rf_window_features,42,5,117,116,1,1.0,,19,5
ProtectiveStop,rf_window_features,42,5,118,117,1,1.0,,30,11
ProtectiveStop,rf_window_features,42,5,119,118,0,,0.0,16,0
ProtectiveStop,rf_window_features,42,5,120,119,0,,0.0,15,0
ProtectiveStop,rf_window_features,42,5,121,120,0,,0.0,16,0
ProtectiveStop,rf_window_features,42,5,122,121,0,,0.0,15,0
ProtectiveStop,rf_window_features,42,5,123,122,0,,1.0,14,1
ProtectiveStop,rf_window_features,42,5,124,123,0,,0.0,16,0
ProtectiveStop,rf_window_features,42,5,125,124,0,,0.0,13,0
ProtectiveStop,rf_window_features,42,7,151,129,0,,0.0,15,0
ProtectiveStop,rf_window_features,42,7,152,130,1,1.0,,21,7
ProtectiveStop,rf_window_features,42,7,153,131,0,,0.0,15,0
ProtectiveStop,rf_window_features,42,7,154,132,0,,0.0,16,0
ProtectiveStop,rf_window_features,42,7,155,133,0,,0.0,15,0
ProtectiveStop,rf_window_features,42,7,156,134,0,,0.0,15,0
ProtectiveStop,rf_window_features,42,7,157,135,0,,0.0,16,0
ProtectiveStop,rf_window_features,42,7,159,137,1,1.0,,23,10
ProtectiveStop,rf_window_features,42,7,160,138,0,,0.0,16,0
ProtectiveStop,rf_window_features,42,7,161,139,0,,0.0,15,0
ProtectiveStop,rf_window_features,42,7,162,140,0,,0.0,15,0
ProtectiveStop,rf_window_features,42,7,163,141,1,1.0,,44,10
ProtectiveStop,rf_window_features,42,7,164,142,1,1.0,,21,6
ProtectiveStop,rf_window_features,42,7,165,143,0,,0.0,15,0
ProtectiveStop,rf_window_features,42,7,166,144,0,,0.0,15,0
ProtectiveStop,rf_window_features,42,7,167,145,0,,0.0,15,0
ProtectiveStop,rf_window_features,42,7,168,146,0,,0.0,16,0
ProtectiveStop,rf_window_features,42,7,169,147,0,,0.0,15,0
ProtectiveStop,rf_window_features,42,7,170,148,1,1.0,,47,6
ProtectiveStop,rf_window_features,42,7,171,149,0,,0.0,15,0
ProtectiveStop,rf_window_features,42,7,172,150,0,,0.0,15,0
ProtectiveStop,rf_window_features,42,7,173,151,1,1.0,,21,6
ProtectiveStop,rf_window_features,42,7,174,152,1,1.0,,19,3
ProtectiveStop,rf_window_features,42,7,175,153,1,1.0,,35,10
ProtectiveStop,rf_window_features,42,8,176,154,0,,0.0,15,0
ProtectiveStop,rf_window_features,42,8,177,155,0,,0.0,15,0
ProtectiveStop,rf_window_features,42,8,178,156,0,,0.0,16,0
ProtectiveStop,rf_window_features,42,8,179,157,0,,0.0,15,0
ProtectiveStop,rf_window_features,42,8,180,158,0,,0.0,15,0
ProtectiveStop,rf_window_features,42,8,181,159,0,,0.0,14,0
ProtectiveStop,rf_window_features,42,8,182,160,1,1.0,,18,5
ProtectiveStop,rf_window_features,42,8,183,161,1,1.0,,38,7
ProtectiveStop,rf_window_features,42,8,184,162,0,,0.0,15,0
ProtectiveStop,rf_window_features,42,8,185,163,1,1.0,,6,6
ProtectiveStop,rf_window_features,42,8,199,176,0,,0.0,7,0
ProtectiveStop,rf_window_features,42,8,200,177,0,,0.0,15,0
ProtectiveStop,rf_window_features,42,9,201,178,1,1.0,,30,5
ProtectiveStop,rf_window_features,42,9,202,179,0,,0.0,15,0
ProtectiveStop,rf_window_features,42,9,203,180,0,,0.0,15,0
ProtectiveStop,rf_window_features,42,9,204,181,1,1.0,,38,7
ProtectiveStop,rf_window_features,42,9,205,182,0,,0.0,16,0
ProtectiveStop,rf_window_features,42,9,206,183,1,1.0,,18,4
ProtectiveStop,rf_window_features,42,9,207,184,0,,0.0,15,0
ProtectiveStop,rf_window_features,42,9,208,185,0,,0.0,14,0
ProtectiveStop,rf_window_features,42,9,209,186,0,,0.0,15,0
ProtectiveStop,rf_window_features,42,9,210,187,1,1.0,,49,10
ProtectiveStop,rf_window_features,42,9,211,188,0,,0.0,15,0
ProtectiveStop,rf_window_features,42,9,212,189,1,1.0,,19,6
ProtectiveStop,rf_window_features,42,9,213,190,0,,0.0,15,0
ProtectiveStop,rf_window_features,42,9,214,191,1,1.0,,40,10
ProtectiveStop,rf_window_features,42,9,215,192,1,1.0,,31,2
ProtectiveStop,rf_window_features,42,9,216,193,0,,0.0,16,0
ProtectiveStop,rf_window_features,42,9,217,194,1,1.0,,17,2
ProtectiveStop,rf_window_features,42,9,218,195,1,1.0,,18,5
ProtectiveStop,rf_window_features,42,9,219,196,1,1.0,,23,8
ProtectiveStop,rf_window_features,42,9,220,197,1,1.0,,32,2
ProtectiveStop,rf_window_features,42,9,221,198,1,0.0,,19,0
ProtectiveStop,rf_window_features,42,9,222,199,1,1.0,,18,4
ProtectiveStop,rf_window_features,42,9,223,200,1,1.0,,19,5
ProtectiveStop,rf_window_features,42,9,224,201,1,1.0,,19,6
ProtectiveStop,rf_window_features,42,9,225,202,1,1.0,,19,6
ProtectiveStop,rf_window_features,42,9,224,210,1,1.0,,16,5
ProtectiveStop,rf_window_features,42,10,226,203,1,1.0,,19,6
ProtectiveStop,rf_window_features,42,10,227,204,1,0.0,,18,0
ProtectiveStop,rf_window_features,42,10,229,205,1,1.0,,42,11
ProtectiveStop,rf_window_features,42,10,230,206,1,1.0,,18,5
ProtectiveStop,rf_window_features,42,10,231,207,1,1.0,,35,8
ProtectiveStop,rf_window_features,42,10,232,208,0,,0.0,15,0
ProtectiveStop,rf_window_features,42,10,233,209,1,1.0,,31,12
ProtectiveStop,rf_window_features,42,10,230,216,1,1.0,,20,6
ProtectiveStop,rf_window_features,42,10,231,217,1,1.0,,18,4
ProtectiveStop,rf_window_features,42,10,232,218,1,1.0,,20,7
ProtectiveStop,rf_window_features,42,10,233,219,0,,1.0,15,1
ProtectiveStop,rf_window_features,42,10,234,220,1,1.0,,52,8
ProtectiveStop,rf_window_features,42,10,235,221,1,1.0,,18,5
ProtectiveStop,rf_window_features,42,10,236,222,0,,0.0,15,0
ProtectiveStop,rf_window_features,42,10,237,223,1,1.0,,43,8
ProtectiveStop,rf_window_features,42,10,238,224,0,,0.0,15,0
ProtectiveStop,rf_window_features,42,10,239,225,1,1.0,,34,7
ProtectiveStop,rf_window_features,42,10,240,226,1,1.0,,37,6
ProtectiveStop,rf_window_features,42,10,241,227,0,,0.0,15,0
ProtectiveStop,rf_window_features,42,10,242,228,1,1.0,,43,5
ProtectiveStop,rf_window_features,42,10,243,229,0,,0.0,16,0
ProtectiveStop,rf_window_features,42,10,245,230,0,,0.0,15,0
ProtectiveStop,rf_window_features,42,10,246,231,1,1.0,,40,11
ProtectiveStop,rf_window_features,42,10,247,232,1,1.0,,46,7
ProtectiveStop,rf_window_features,42,10,248,233,0,,0.0,15,0
ProtectiveStop,rf_window_features,42,10,249,234,1,1.0,,37,8
ProtectiveStop,rf_window_features,42,10,250,235,1,1.0,,33,8
GripLost,rf_window_features,42,1,1,1,0,,0.0,30,0
GripLost,rf_window_features,42,1,2,2,1,1.0,,37,7
GripLost,rf_window_features,42,1,3,3,0,,0.0,17,0
GripLost,rf_window_features,42,1,4,4,0,,0.0,15,0
GripLost,rf_window_features,42,1,5,5,1,1.0,,18,6
GripLost,rf_window_features,42,1,6,6,1,1.0,,22,1
GripLost,rf_window_features,42,1,8,8,0,,0.0,15,0
GripLost,rf_window_features,42,1,9,9,0,,0.0,15,0
GripLost,rf_window_features,42,1,10,10,0,,0.0,15,0
GripLost,rf_window_features,42,1,11,11,0,,0.0,16,0
GripLost,rf_window_features,42,1,12,12,0,,0.0,15,0
GripLost,rf_window_features,42,1,13,13,0,,0.0,15,0
GripLost,rf_window_features,42,1,14,14,1,1.0,,19,4
GripLost,rf_window_features,42,1,15,15,1,1.0,,14,1
GripLost,rf_window_features,42,1,16,16,0,,0.0,16,0
GripLost,rf_window_features,42,1,17,17,0,,0.0,15,0
GripLost,rf_window_features,42,1,18,18,0,,0.0,16,0
GripLost,rf_window_features,42,1,19,19,0,,0.0,15,0
GripLost,rf_window_features,42,1,20,20,0,,0.0,15,0
GripLost,rf_window_features,42,1,21,21,0,,0.0,16,0
GripLost,rf_window_features,42,1,22,22,0,,0.0,27,0
GripLost,rf_window_features,42,1,23,23,0,,0.0,15,0
GripLost,rf_window_features,42,1,24,24,0,,0.0,15,0
GripLost,rf_window_features,42,1,25,25,0,,0.0,16,0
GripLost,rf_window_features,42,2,26,26,0,,0.0,15,0
GripLost,rf_window_features,42,2,27,27,0,,0.0,15,0
GripLost,rf_window_features,42,2,28,28,0,,0.0,16,0
GripLost,rf_window_features,42,2,29,29,0,,0.0,15,0
GripLost,rf_window_features,42,2,30,30,0,,0.0,15,0
GripLost,rf_window_features,42,2,31,31,0,,0.0,14,0
GripLost,rf_window_features,42,2,32,32,0,,0.0,15,0
GripLost,rf_window_features,42,2,33,33,0,,0.0,16,0
GripLost,rf_window_features,42,2,34,34,0,,0.0,15,0
GripLost,rf_window_features,42,2,35,35,0,,0.0,20,0
GripLost,rf_window_features,42,2,36,36,1,1.0,,24,10
GripLost,rf_window_features,42,2,37,37,0,,0.0,15,0
GripLost,rf_window_features,42,2,38,38,0,,0.0,15,0
GripLost,rf_window_features,42,2,39,39,1,1.0,,15,10
GripLost,rf_window_features,42,2,40,40,1,1.0,,20,4
GripLost,rf_window_features,42,2,41,41,0,,0.0,15,0
GripLost,rf_window_features,42,2,42,42,0,,0.0,71,0
GripLost,rf_window_features,42,2,43,43,0,,0.0,15,0
GripLost,rf_window_features,42,2,44,44,0,,0.0,15,0
GripLost,rf_window_features,42,2,45,45,0,,0.0,15,0
GripLost,rf_window_features,42,2,48,48,0,,0.0,15,0
GripLost,rf_window_features,42,2,49,49,0,,0.0,15,0
GripLost,rf_window_features,42,2,50,50,0,,0.0,15,0
GripLost,rf_window_features,42,3,51,51,0,,0.0,15,0
GripLost,rf_window_features,42,3,52,52,0,,0.0,15,0
GripLost,rf_window_features,42,3,53,53,0,,0.0,43,0
GripLost,rf_window_features,42,3,54,54,0,,0.0,15,0
GripLost,rf_window_features,42,3,55,55,0,,0.0,15,0
GripLost,rf_window_features,42,3,56,56,0,,0.0,15,0
GripLost,rf_window_features,42,3,57,57,0,,1.0,32,1
GripLost,rf_window_features,42,3,58,58,0,,0.0,15,0
GripLost,rf_window_features,42,3,59,59,0,,0.0,15,0
GripLost,rf_window_features,42,3,60,60,0,,0.0,16,0
GripLost,rf_window_features,42,3,61,61,0,,0.0,13,0
GripLost,rf_window_features,42,3,62,62,0,,0.0,16,0
GripLost,rf_window_features,42,3,63,63,1,1.0,,31,10
GripLost,rf_window_features,42,3,64,64,1,1.0,,16,10
GripLost,rf_window_features,42,3,65,65,1,1.0,,13,4
GripLost,rf_window_features,42,3,66,66,0,,0.0,17,0
GripLost,rf_window_features,42,3,67,67,1,1.0,,15,7
GripLost,rf_window_features,42,3,68,68,0,,0.0,15,0
GripLost,rf_window_features,42,3,69,69,1,1.0,,24,7
GripLost,rf_window_features,42,3,70,70,0,,0.0,15,0
GripLost,rf_window_features,42,3,71,71,0,,0.0,9,0
GripLost,rf_window_features,42,3,72,72,0,,0.0,15,0
GripLost,rf_window_features,42,3,73,73,0,,0.0,16,0
GripLost,rf_window_features,42,3,75,74,0,,0.0,15,0
GripLost,rf_window_features,42,4,76,75,1,1.0,,15,3
GripLost,rf_window_features,42,4,85,84,0,,0.0,20,0
GripLost,rf_window_features,42,4,86,85,1,1.0,,20,5
GripLost,rf_window_features,42,4,87,86,0,,0.0,20,0
GripLost,rf_window_features,42,4,88,87,0,,0.0,15,0
GripLost,rf_window_features,42,4,89,88,0,,0.0,15,0
GripLost,rf_window_features,42,4,90,89,0,,0.0,15,0
GripLost,rf_window_features,42,4,91,90,1,1.0,,15,6
GripLost,rf_window_features,42,4,92,91,1,1.0,,15,8
GripLost,rf_window_features,42,4,93,92,0,,0.0,15,0
GripLost,rf_window_features,42,4,94,93,0,,0.0,15,0
GripLost,rf_window_features,42,4,95,94,1,1.0,,15,10
GripLost,rf_window_features,42,4,96,95,1,1.0,,7,5
GripLost,rf_window_features,42,4,97,96,1,1.0,,15,8
GripLost,rf_window_features,42,4,98,97,0,,0.0,15,0
GripLost,rf_window_features,42,4,99,98,0,,0.0,92,0
GripLost,rf_window_features,42,4,100,99,0,,1.0,15,1
GripLost,rf_window_features,42,5,101,100,0,,0.0,15,0
GripLost,rf_window_features,42,5,102,101,0,,0.0,15,0
GripLost,rf_window_features,42,5,103,102,0,,0.0,54,0
GripLost,rf_window_features,42,5,104,103,0,,0.0,2,0
GripLost,rf_window_features,42,5,105,104,1,1.0,,14,7
GripLost,rf_window_features,42,5,106,105,0,,0.0,15,0
GripLost,rf_window_features,42,5,107,106,0,,0.0,15,0
GripLost,rf_window_features,42,5,108,107,0,,0.0,47,0
GripLost,rf_window_features,42,5,109,108,0,,0.0,15,0
GripLost,rf_window_features,42,5,110,109,0,,0.0,4,0
GripLost,rf_window_features,42,5,111,110,0,,0.0,16,0
GripLost,rf_window_features,42,5,112,111,0,,0.0,15,0
GripLost,rf_window_features,42,5,113,112,0,,0.0,15,0
GripLost,rf_window_features,42,5,114,113,0,,0.0,16,0
GripLost,rf_window_features,42,5,115,114,0,,0.0,43,0
GripLost,rf_window_features,42,5,116,115,0,,0.0,15,0
GripLost,rf_window_features,42,5,117,116,0,,0.0,19,0
GripLost,rf_window_features,42,5,118,117,0,,0.0,30,0
GripLost,rf_window_features,42,5,119,118,0,,0.0,16,0
GripLost,rf_window_features,42,5,120,119,0,,0.0,15,0
GripLost,rf_window_features,42,5,121,120,0,,0.0,16,0
GripLost,rf_window_features,42,5,122,121,0,,0.0,15,0
GripLost,rf_window_features,42,5,123,122,0,,0.0,14,0
GripLost,rf_window_features,42,5,124,123,0,,0.0,16,0
GripLost,rf_window_features,42,5,125,124,0,,0.0,13,0
GripLost,rf_window_features,42,7,151,129,0,,0.0,15,0
GripLost,rf_window_features,42,7,152,130,0,,0.0,21,0
GripLost,rf_window_features,42,7,153,131,0,,0.0,15,0
GripLost,rf_window_features,42,7,154,132,0,,0.0,16,0
GripLost,rf_window_features,42,7,155,133,0,,0.0,15,0
GripLost,rf_window_features,42,7,156,134,0,,0.0,15,0
GripLost,rf_window_features,42,7,157,135,0,,0.0,16,0
GripLost,rf_window_features,42,7,159,137,0,,0.0,23,0
GripLost,rf_window_features,42,7,160,138,1,1.0,,16,6
GripLost,rf_window_features,42,7,161,139,0,,0.0,15,0
GripLost,rf_window_features,42,7,162,140,0,,0.0,15,0
GripLost,rf_window_features,42,7,163,141,0,,0.0,44,0
GripLost,rf_window_features,42,7,164,142,1,1.0,,21,3
GripLost,rf_window_features,42,7,165,143,0,,0.0,15,0
GripLost,rf_window_features,42,7,166,144,0,,0.0,15,0
GripLost,rf_window_features,42,7,167,145,0,,0.0,15,0
GripLost,rf_window_features,42,7,168,146,0,,0.0,16,0
GripLost,rf_window_features,42,7,169,147,0,,0.0,15,0
GripLost,rf_window_features,42,7,170,148,0,,0.0,47,0
GripLost,rf_window_features,42,7,171,149,0,,0.0,15,0
GripLost,rf_window_features,42,7,172,150,0,,0.0,15,0
GripLost,rf_window_features,42,7,173,151,1,1.0,,21,7
GripLost,rf_window_features,42,7,174,152,1,1.0,,19,5
GripLost,rf_window_features,42,7,175,153,0,,0.0,35,0
GripLost,rf_window_features,42,8,176,154,0,,0.0,15,0
GripLost,rf_window_features,42,8,177,155,0,,0.0,15,0
GripLost,rf_window_features,42,8,178,156,0,,1.0,16,1
GripLost,rf_window_features,42,8,179,157,0,,1.0,15,2
GripLost,rf_window_features,42,8,180,158,1,1.0,,15,6
GripLost,rf_window_features,42,8,181,159,0,,0.0,14,0
GripLost,rf_window_features,42,8,182,160,0,,0.0,18,0
GripLost,rf_window_features,42,8,183,161,0,,0.0,38,0
GripLost,rf_window_features,42,8,184,162,0,,0.0,15,0
GripLost,rf_window_features,42,8,185,163,0,,0.0,6,0
GripLost,rf_window_features,42,8,199,176,0,,0.0,7,0
GripLost,rf_window_features,42,8,200,177,1,1.0,,15,12
GripLost,rf_window_features,42,9,201,178,0,,0.0,30,0
GripLost,rf_window_features,42,9,202,179,1,1.0,,15,6
GripLost,rf_window_features,42,9,203,180,0,,0.0,15,0
GripLost,rf_window_features,42,9,204,181,0,,0.0,38,0
GripLost,rf_window_features,42,9,205,182,0,,0.0,16,0
GripLost,rf_window_features,42,9,206,183,0,,0.0,18,0
GripLost,rf_window_features,42,9,207,184,0,,0.0,15,0
GripLost,rf_window_features,42,9,208,185,1,1.0,,14,8
GripLost,rf_window_features,42,9,209,186,0,,0.0,15,0
GripLost,rf_window_features,42,9,210,187,0,,1.0,49,1
GripLost,rf_window_features,42,9,211,188,0,,0.0,15,0
GripLost,rf_window_features,42,9,212,189,0,,0.0,19,0
GripLost,rf_window_features,42,9,213,190,0,,0.0,15,0
GripLost,rf_window_features,42,9,214,191,1,1.0,,40,10
GripLost,rf_window_features,42,9,215,192,0,,0.0,31,0
GripLost,rf_window_features,42,9,216,193,1,1.0,,16,4
GripLost,rf_window_features,42,9,217,194,0,,0.0,17,0
GripLost,rf_window_features,42,9,218,195,0,,1.0,18,1
GripLost,rf_window_features,42,9,219,196,1,1.0,,23,2
GripLost,rf_window_features,42,9,220,197,0,,0.0,32,0
GripLost,rf_window_features,42,9,221,198,1,1.0,,19,3
GripLost,rf_window_features,42,9,222,199,0,,0.0,18,0
GripLost,rf_window_features,42,9,223,200,0,,0.0,19,0
GripLost,rf_window_features,42,9,224,201,0,,0.0,19,0
GripLost,rf_window_features,42,9,225,202,0,,0.0,19,0
GripLost,rf_window_features,42,9,224,210,0,,0.0,16,0
GripLost,rf_window_features,42,10,226,203,0,,0.0,19,0
GripLost,rf_window_features,42,10,227,204,0,,0.0,18,0
GripLost,rf_window_features,42,10,229,205,0,,0.0,42,0
GripLost,rf_window_features,42,10,230,206,0,,0.0,18,0
GripLost,rf_window_features,42,10,231,207,0,,0.0,35,0
GripLost,rf_window_features,42,10,232,208,0,,0.0,15,0
GripLost,rf_window_features,42,10,233,209,0,,0.0,31,0
GripLost,rf_window_features,42,10,230,216,0,,0.0,20,0
GripLost,rf_window_features,42,10,231,217,0,,0.0,18,0
GripLost,rf_window_features,42,10,232,218,1,1.0,,20,2
GripLost,rf_window_features,42,10,233,219,1,1.0,,15,3
GripLost,rf_window_features,42,10,234,220,1,0.0,,52,0
GripLost,rf_window_features,42,10,235,221,0,,0.0,18,0
GripLost,rf_window_features,42,10,236,222,0,,0.0,15,0
GripLost,rf_window_features,42,10,237,223,1,1.0,,43,6
GripLost,rf_window_features,42,10,238,224,0,,0.0,15,0
GripLost,rf_window_features,42,10,239,225,0,,1.0,34,2
GripLost,rf_window_features,42,10,240,226,0,,0.0,37,0
GripLost,rf_window_features,42,10,241,227,0,,0.0,15,0
GripLost,rf_window_features,42,10,242,228,0,,0.0,43,0
GripLost,rf_window_features,42,10,243,229,0,,0.0,16,0
GripLost,rf_window_features,42,10,245,230,0,,0.0,15,0
GripLost,rf_window_features,42,10,246,231,0,,0.0,40,0
GripLost,rf_window_features,42,10,247,232,1,0.0,,46,0
GripLost,rf_window_features,42,10,248,233,0,,0.0,15,0
GripLost,rf_window_features,42,10,249,234,0,,0.0,37,0
GripLost,rf_window_features,42,10,250,235,1,1.0,,33,9
