target,model,test_block,cycle,cycle_run,cycle_occurrence,true_event_cycle,seed_count,seeds_with_cycle_alert,seeds_detecting_event,consensus_required,consensus_false_alarm,consensus_event_detected,consensus_event_miss,window_count,consensus_positive_window_count,mean_window_score,max_window_score
System_Failure,rf_window_features,1,1,1,1,1,1,1,1,1,0,1,0,30,5,0.30144444444444446,0.63
System_Failure,rf_window_features,1,2,2,1,1,1,1,1,1,0,1,0,37,15,0.4271171171171171,0.7266666666666667
System_Failure,rf_window_features,1,3,3,1,0,1,1,0,1,1,0,0,17,1,0.11274509803921565,0.5066666666666667
System_Failure,rf_window_features,1,4,4,1,0,1,0,0,1,0,0,0,15,0,0.06977777777777774,0.1333333333333333
System_Failure,rf_window_features,1,5,5,1,1,1,1,1,1,0,1,0,18,8,0.45333333333333337,0.88
System_Failure,rf_window_features,1,6,6,1,1,1,1,1,1,0,1,0,22,11,0.46303030303030296,0.66
System_Failure,rf_window_features,1,8,8,1,0,1,0,0,1,0,0,0,15,0,0.049111111111111064,0.1066666666666666
System_Failure,rf_window_features,1,9,9,1,0,1,0,0,1,0,0,0,15,0,0.05755555555555553,0.16
System_Failure,rf_window_features,1,10,10,1,0,1,0,0,1,0,0,0,15,0,0.10288888888888885,0.2633333333333333
System_Failure,rf_window_features,1,11,11,1,0,1,0,0,1,0,0,0,16,0,0.1764583333333333,0.28
System_Failure,rf_window_features,1,12,12,1,0,1,0,0,1,0,0,0,15,0,0.05155555555555553,0.1466666666666666
System_Failure,rf_window_features,1,13,13,1,0,1,0,0,1,0,0,0,15,0,0.11044444444444441,0.36
System_Failure,rf_window_features,1,14,14,1,1,1,1,1,1,0,1,0,19,6,0.3650877192982456,0.66
System_Failure,rf_window_features,1,15,15,1,1,1,1,1,1,0,1,0,14,5,0.3969047619047618,0.6533333333333333
System_Failure,rf_window_features,1,16,16,1,0,1,0,0,1,0,0,0,16,0,0.11291666666666664,0.48
System_Failure,rf_window_features,1,17,17,1,0,1,0,0,1,0,0,0,15,0,0.10288888888888884,0.43
System_Failure,rf_window_features,1,18,18,1,0,1,0,0,1,0,0,0,16,0,0.11791666666666664,0.34
System_Failure,rf_window_features,1,19,19,1,0,1,0,0,1,0,0,0,15,0,0.16466666666666663,0.25
System_Failure,rf_window_features,1,20,20,1,0,1,0,0,1,0,0,0,15,0,0.04755555555555553,0.1433333333333333
System_Failure,rf_window_features,1,21,21,1,0,1,0,0,1,0,0,0,16,0,0.11416666666666662,0.31
System_Failure,rf_window_features,1,22,22,1,1,1,1,1,1,0,1,0,27,12,0.39814814814814814,0.78
System_Failure,rf_window_features,1,23,23,1,0,1,0,0,1,0,0,0,15,0,0.10888888888888885,0.38
System_Failure,rf_window_features,1,24,24,1,0,1,0,0,1,0,0,0,15,0,0.08555555555555554,0.19
System_Failure,rf_window_features,1,25,25,1,0,1,0,0,1,0,0,0,16,0,0.08437499999999996,0.18
System_Failure,rf_window_features,2,26,26,1,0,1,0,0,1,0,0,0,15,0,0.07422222222222219,0.1733333333333333
System_Failure,rf_window_features,2,27,27,1,0,1,0,0,1,0,0,0,15,0,0.05755555555555551,0.1966666666666666
System_Failure,rf_window_features,2,28,28,1,0,1,0,0,1,0,0,0,16,0,0.14104166666666665,0.31
System_Failure,rf_window_features,2,29,29,1,0,1,0,0,1,0,0,0,15,0,0.03377777777777775,0.0966666666666666
System_Failure,rf_window_features,2,30,30,1,0,1,0,0,1,0,0,0,15,0,0.03399999999999998,0.0866666666666666
System_Failure,rf_window_features,2,31,31,1,0,1,0,0,1,0,0,0,14,0,0.15428571428571428,0.3333333333333333
System_Failure,rf_window_features,2,32,32,1,0,1,0,0,1,0,0,0,15,0,0.08799999999999998,0.1666666666666666
System_Failure,rf_window_features,2,33,33,1,0,1,0,0,1,0,0,0,16,0,0.1483333333333333,0.31
System_Failure,rf_window_features,2,34,34,1,0,1,0,0,1,0,0,0,15,0,0.11199999999999996,0.3333333333333333
System_Failure,rf_window_features,2,35,35,1,1,1,1,1,1,0,1,0,20,5,0.3043333333333333,0.8133333333333334
System_Failure,rf_window_features,2,36,36,1,1,1,1,1,1,0,1,0,24,14,0.5680555555555555,0.9066666666666666
System_Failure,rf_window_features,2,37,37,1,0,1,0,0,1,0,0,0,15,0,0.10955555555555553,0.2133333333333333
System_Failure,rf_window_features,2,38,38,1,0,1,0,0,1,0,0,0,15,0,0.06777777777777773,0.2433333333333333
System_Failure,rf_window_features,2,39,39,1,1,1,1,1,1,0,1,0,15,10,0.5331111111111111,0.7266666666666667
System_Failure,rf_window_features,2,40,40,1,1,1,1,1,1,0,1,0,20,6,0.47733333333333333,0.85
System_Failure,rf_window_features,2,41,41,1,0,1,0,0,1,0,0,0,15,0,0.06066666666666663,0.1566666666666666
System_Failure,rf_window_features,2,42,42,1,1,1,1,1,1,0,1,0,71,70,0.6627230046948357,0.7966666666666666
System_Failure,rf_window_features,2,43,43,1,0,1,0,0,1,0,0,0,15,0,0.096,0.1433333333333333
System_Failure,rf_window_features,2,44,44,1,0,1,0,0,1,0,0,0,15,0,0.08111111111111109,0.1866666666666666
System_Failure,rf_window_features,2,45,45,1,0,1,0,0,1,0,0,0,15,0,0.06799999999999998,0.3533333333333333
System_Failure,rf_window_features,2,48,48,1,0,1,0,0,1,0,0,0,15,0,0.05222222222222219,0.1933333333333333
System_Failure,rf_window_features,2,49,49,1,0,1,0,0,1,0,0,0,15,0,0.12088888888888885,0.2333333333333333
System_Failure,rf_window_features,2,50,50,1,0,1,0,0,1,0,0,0,15,0,0.0462222222222222,0.1333333333333333
System_Failure,rf_window_features,3,51,51,1,0,1,0,0,1,0,0,0,15,0,0.04799999999999995,0.0866666666666666
System_Failure,rf_window_features,3,52,52,1,0,1,0,0,1,0,0,0,15,0,0.16177777777777774,0.3333333333333333
System_Failure,rf_window_features,3,53,53,1,1,1,1,1,1,0,1,0,43,26,0.4687596899224806,0.7533333333333333
System_Failure,rf_window_features,3,54,54,1,0,1,0,0,1,0,0,0,15,0,0.05311111111111108,0.1433333333333333
System_Failure,rf_window_features,3,55,55,1,0,1,0,0,1,0,0,0,15,0,0.055333333333333304,0.1833333333333333
System_Failure,rf_window_features,3,56,56,1,0,1,0,0,1,0,0,0,15,0,0.047777777777777745,0.13
System_Failure,rf_window_features,3,57,57,1,0,1,1,0,1,1,0,0,32,3,0.18885416666666663,0.55
System_Failure,rf_window_features,3,58,58,1,0,1,0,0,1,0,0,0,15,0,0.08444444444444439,0.1333333333333333
System_Failure,rf_window_features,3,59,59,1,0,1,0,0,1,0,0,0,15,0,0.09688888888888886,0.2166666666666666
System_Failure,rf_window_features,3,60,60,1,0,1,0,0,1,0,0,0,16,0,0.08583333333333329,0.17
System_Failure,rf_window_features,3,61,61,1,0,1,0,0,1,0,0,0,13,0,0.08076923076923072,0.1533333333333333
System_Failure,rf_window_features,3,62,62,1,0,1,1,0,1,1,0,0,16,1,0.19854166666666664,0.7166666666666667
System_Failure,rf_window_features,3,63,63,1,1,1,1,1,1,0,1,0,31,19,0.5127956989247312,0.8666666666666667
System_Failure,rf_window_features,3,64,64,1,1,1,1,1,1,0,1,0,16,11,0.598125,0.8966666666666666
System_Failure,rf_window_features,3,65,65,1,1,1,1,1,1,0,1,0,13,4,0.37461538461538463,0.7166666666666667
System_Failure,rf_window_features,3,66,66,1,0,1,0,0,1,0,0,0,17,0,0.21352941176470586,0.43
System_Failure,rf_window_features,3,67,67,1,1,1,1,1,1,0,1,0,15,6,0.47333333333333333,0.9366666666666666
System_Failure,rf_window_features,3,68,68,1,0,1,0,0,1,0,0,0,15,0,0.17488888888888884,0.25
System_Failure,rf_window_features,3,69,69,1,1,1,1,1,1,0,1,0,24,17,0.607638888888889,0.9266666666666666
System_Failure,rf_window_features,3,70,70,1,0,1,0,0,1,0,0,0,15,0,0.07088888888888885,0.2233333333333333
System_Failure,rf_window_features,3,71,71,1,0,1,1,0,1,1,0,0,9,1,0.2437037037037037,0.5866666666666667
System_Failure,rf_window_features,3,72,72,1,0,1,0,0,1,0,0,0,15,0,0.1073333333333333,0.3266666666666666
System_Failure,rf_window_features,3,73,73,1,0,1,0,0,1,0,0,0,16,0,0.17812499999999998,0.32
System_Failure,rf_window_features,3,75,74,1,0,1,0,0,1,0,0,0,15,0,0.13377777777777772,0.3333333333333333
System_Failure,rf_window_features,4,76,75,1,1,1,1,1,1,0,1,0,15,3,0.2755555555555555,0.71
System_Failure,rf_window_features,4,85,84,1,0,1,1,0,1,1,0,0,20,6,0.33466666666666667,0.8466666666666667
System_Failure,rf_window_features,4,86,85,1,1,1,1,1,1,0,1,0,20,13,0.5666666666666667,0.9266666666666666
System_Failure,rf_window_features,4,87,86,1,1,1,1,1,1,0,1,0,20,6,0.2995,0.9633333333333334
System_Failure,rf_window_features,4,88,87,1,0,1,0,0,1,0,0,0,15,0,0.06955555555555552,0.1933333333333333
System_Failure,rf_window_features,4,89,88,1,0,1,0,0,1,0,0,0,15,0,0.09177777777777775,0.1766666666666666
System_Failure,rf_window_features,4,90,89,1,0,1,0,0,1,0,0,0,15,0,0.06822222222222218,0.1366666666666666
System_Failure,rf_window_features,4,91,90,1,1,1,1,1,1,0,1,0,15,7,0.46955555555555556,0.9033333333333332
System_Failure,rf_window_features,4,92,91,1,1,1,1,1,1,0,1,0,15,7,0.5115555555555555,0.8266666666666667
System_Failure,rf_window_features,4,93,92,1,0,1,0,0,1,0,0,0,15,0,0.0373333333333333,0.1166666666666666
System_Failure,rf_window_features,4,94,93,1,0,1,0,0,1,0,0,0,15,0,0.07199999999999998,0.17
System_Failure,rf_window_features,4,95,94,1,1,1,1,1,1,0,1,0,15,5,0.4915555555555555,0.9433333333333334
System_Failure,rf_window_features,4,96,95,1,1,1,1,1,1,0,1,0,7,4,0.6109523809523809,0.98
System_Failure,rf_window_features,4,97,96,1,1,1,1,1,1,0,1,0,15,5,0.4351111111111111,0.97
System_Failure,rf_window_features,4,98,97,1,0,1,0,0,1,0,0,0,15,0,0.04844444444444441,0.2333333333333333
System_Failure,rf_window_features,4,99,98,1,1,1,1,1,1,0,1,0,92,53,0.5019927536231884,0.8433333333333334
System_Failure,rf_window_features,4,100,99,1,0,1,0,0,1,0,0,0,15,0,0.1573333333333333,0.31
System_Failure,rf_window_features,5,101,100,1,0,1,0,0,1,0,0,0,15,0,0.14488888888888887,0.26
System_Failure,rf_window_features,5,102,101,1,0,1,0,0,1,0,0,0,15,0,0.16444444444444442,0.36
System_Failure,rf_window_features,5,103,102,1,1,1,1,1,1,0,1,0,54,32,0.5403086419753086,0.8033333333333333
System_Failure,rf_window_features,5,104,103,1,0,1,0,0,1,0,0,0,2,0,0.05999999999999995,0.0666666666666666
System_Failure,rf_window_features,5,105,104,1,1,1,1,1,1,0,1,0,14,6,0.4345238095238095,0.89
System_Failure,rf_window_features,5,106,105,1,0,1,0,0,1,0,0,0,15,0,0.07466666666666665,0.17
System_Failure,rf_window_features,5,107,106,1,0,1,0,0,1,0,0,0,15,0,0.0833333333333333,0.1433333333333333
System_Failure,rf_window_features,5,108,107,1,1,1,1,1,1,0,1,0,47,19,0.35914893617021276,0.9166666666666666
System_Failure,rf_window_features,5,109,108,1,0,1,0,0,1,0,0,0,15,0,0.1311111111111111,0.1933333333333333
System_Failure,rf_window_features,5,110,109,1,0,1,0,0,1,0,0,0,4,0,0.18916666666666665,0.36
System_Failure,rf_window_features,5,111,110,1,0,1,0,0,1,0,0,0,16,0,0.12312499999999998,0.33
System_Failure,rf_window_features,5,112,111,1,0,1,0,0,1,0,0,0,15,0,0.05266666666666662,0.16
System_Failure,rf_window_features,5,113,112,1,0,1,0,0,1,0,0,0,15,0,0.11311111111111108,0.2933333333333333
System_Failure,rf_window_features,5,114,113,1,0,1,0,0,1,0,0,0,16,0,0.130625,0.29
System_Failure,rf_window_features,5,115,114,1,1,1,1,1,1,0,1,0,43,10,0.38015503875968987,0.9266666666666666
System_Failure,rf_window_features,5,116,115,1,0,1,0,0,1,0,0,0,15,0,0.14511111111111108,0.2433333333333333
System_Failure,rf_window_features,5,117,116,1,1,1,1,1,1,0,1,0,19,5,0.2859649122807017,0.8933333333333333
System_Failure,rf_window_features,5,118,117,1,1,1,1,1,1,0,1,0,30,12,0.38299999999999995,0.9133333333333332
System_Failure,rf_window_features,5,119,118,1,0,1,0,0,1,0,0,0,16,0,0.15666666666666665,0.2933333333333333
System_Failure,rf_window_features,5,120,119,1,0,1,0,0,1,0,0,0,15,0,0.13111111111111107,0.3133333333333333
System_Failure,rf_window_features,5,121,120,1,0,1,0,0,1,0,0,0,16,0,0.0977083333333333,0.1833333333333333
System_Failure,rf_window_features,5,122,121,1,0,1,0,0,1,0,0,0,15,0,0.07666666666666662,0.1866666666666666
System_Failure,rf_window_features,5,123,122,1,0,1,1,0,1,1,0,0,14,1,0.30166666666666664,0.55
System_Failure,rf_window_features,5,124,123,1,0,1,0,0,1,0,0,0,16,0,0.10770833333333331,0.3
System_Failure,rf_window_features,5,125,124,1,0,1,0,0,1,0,0,0,13,0,0.08948717948717945,0.17
System_Failure,rf_window_features,7,151,129,1,0,1,0,0,1,0,0,0,15,0,0.05177777777777774,0.0866666666666666
System_Failure,rf_window_features,7,152,130,1,1,1,1,1,1,0,1,0,21,7,0.30857142857142855,0.9866666666666668
System_Failure,rf_window_features,7,153,131,1,0,1,0,0,1,0,0,0,15,0,0.07155555555555553,0.1766666666666666
System_Failure,rf_window_features,7,154,132,1,0,1,0,0,1,0,0,0,16,0,0.1720833333333333,0.3
System_Failure,rf_window_features,7,155,133,1,0,1,0,0,1,0,0,0,15,0,0.0933333333333333,0.2
System_Failure,rf_window_features,7,156,134,1,0,1,0,0,1,0,0,0,15,0,0.09555555555555555,0.2366666666666666
System_Failure,rf_window_features,7,157,135,1,0,1,0,0,1,0,0,0,16,0,0.12874999999999998,0.2666666666666666
System_Failure,rf_window_features,7,159,137,1,1,1,1,1,1,0,1,0,23,10,0.42623188405797097,0.9866666666666668
System_Failure,rf_window_features,7,160,138,1,1,1,1,1,1,0,1,0,16,5,0.34812499999999996,0.72
System_Failure,rf_window_features,7,161,139,1,0,1,0,0,1,0,0,0,15,0,0.07133333333333329,0.1233333333333333
System_Failure,rf_window_features,7,162,140,1,0,1,0,0,1,0,0,0,15,0,0.0824444444444444,0.13
System_Failure,rf_window_features,7,163,141,1,1,1,1,1,1,0,1,0,44,10,0.3120454545454545,0.9166666666666666
System_Failure,rf_window_features,7,164,142,1,1,1,1,1,1,0,1,0,21,11,0.5317460317460317,0.8666666666666667
System_Failure,rf_window_features,7,165,143,1,0,1,0,0,1,0,0,0,15,0,0.1144444444444444,0.25
System_Failure,rf_window_features,7,166,144,1,0,1,0,0,1,0,0,0,15,0,0.0822222222222222,0.1933333333333333
System_Failure,rf_window_features,7,167,145,1,0,1,0,0,1,0,0,0,15,0,0.13377777777777775,0.2466666666666666
System_Failure,rf_window_features,7,168,146,1,0,1,0,0,1,0,0,0,16,0,0.12562499999999996,0.2833333333333333
System_Failure,rf_window_features,7,169,147,1,0,1,0,0,1,0,0,0,15,0,0.07511111111111107,0.1566666666666666
System_Failure,rf_window_features,7,170,148,1,1,1,1,1,1,0,1,0,47,7,0.2626241134751773,0.8733333333333333
System_Failure,rf_window_features,7,171,149,1,0,1,0,0,1,0,0,0,15,0,0.1382222222222222,0.31
System_Failure,rf_window_features,7,172,150,1,0,1,0,0,1,0,0,0,15,0,0.07888888888888887,0.17
System_Failure,rf_window_features,7,173,151,1,1,1,1,1,1,0,1,0,21,13,0.4893650793650794,0.8366666666666667
System_Failure,rf_window_features,7,174,152,1,1,1,1,1,1,0,1,0,19,6,0.4194736842105263,0.7966666666666666
System_Failure,rf_window_features,7,175,153,1,1,1,1,1,1,0,1,0,35,10,0.34019047619047615,0.86
System_Failure,rf_window_features,8,176,154,1,0,1,0,0,1,0,0,0,15,0,0.12733333333333333,0.1766666666666666
System_Failure,rf_window_features,8,177,155,1,0,1,0,0,1,0,0,0,15,0,0.1502222222222222,0.2133333333333333
System_Failure,rf_window_features,8,178,156,1,0,1,0,0,1,0,0,0,16,0,0.2333333333333333,0.38
System_Failure,rf_window_features,8,179,157,1,0,1,0,0,1,0,0,0,15,0,0.26199999999999996,0.4466666666666666
System_Failure,rf_window_features,8,180,158,1,1,1,1,1,1,0,1,0,15,6,0.456,0.8466666666666667
System_Failure,rf_window_features,8,181,159,1,0,1,0,0,1,0,0,0,14,0,0.1528571428571428,0.2666666666666666
System_Failure,rf_window_features,8,182,160,1,1,1,1,1,1,0,1,0,18,5,0.3301851851851852,0.8733333333333333
System_Failure,rf_window_features,8,183,161,1,1,1,1,1,1,0,1,0,38,10,0.3606140350877193,0.92
System_Failure,rf_window_features,8,184,162,1,0,1,0,0,1,0,0,0,15,0,0.20066666666666663,0.3066666666666666
System_Failure,rf_window_features,8,185,163,1,1,1,1,1,1,0,1,0,6,6,0.8672222222222222,0.9733333333333334
System_Failure,rf_window_features,8,199,176,1,0,1,0,0,1,0,0,0,7,0,0.18190476190476187,0.25
System_Failure,rf_window_features,8,200,177,1,1,1,1,1,1,0,1,0,15,9,0.586,0.9066666666666666
System_Failure,rf_window_features,9,201,178,1,1,1,1,1,1,0,1,0,30,5,0.27388888888888885,0.75
System_Failure,rf_window_features,9,202,179,1,1,1,1,1,1,0,1,0,15,6,0.39466666666666667,0.84
System_Failure,rf_window_features,9,203,180,1,0,1,0,0,1,0,0,0,15,0,0.1213333333333333,0.2033333333333333
System_Failure,rf_window_features,9,204,181,1,1,1,1,1,1,0,1,0,38,9,0.33622807017543854,0.9366666666666666
System_Failure,rf_window_features,9,205,182,1,0,1,0,0,1,0,0,0,16,0,0.12479166666666663,0.3266666666666666
System_Failure,rf_window_features,9,206,183,1,1,1,1,1,1,0,1,0,18,4,0.2718518518518518,0.94
System_Failure,rf_window_features,9,207,184,1,0,1,0,0,1,0,0,0,15,0,0.09088888888888885,0.1733333333333333
System_Failure,rf_window_features,9,208,185,1,1,1,1,1,1,0,1,0,14,10,0.535952380952381,0.7633333333333333
System_Failure,rf_window_features,9,209,186,1,0,1,0,0,1,0,0,0,15,0,0.10422222222222219,0.2866666666666667
System_Failure,rf_window_features,9,210,187,1,1,1,1,1,1,0,1,0,49,12,0.3486394557823129,0.97
System_Failure,rf_window_features,9,211,188,1,0,1,0,0,1,0,0,0,15,0,0.058222222222222196,0.1733333333333333
System_Failure,rf_window_features,9,212,189,1,1,1,1,1,1,0,1,0,19,6,0.3584210526315789,0.9533333333333334
System_Failure,rf_window_features,9,213,190,1,0,1,0,0,1,0,0,0,15,0,0.11155555555555553,0.2966666666666667
System_Failure,rf_window_features,9,214,191,1,1,1,1,1,1,0,1,0,40,19,0.4961666666666667,0.9433333333333334
System_Failure,rf_window_features,9,215,192,1,1,1,1,1,1,0,1,0,31,4,0.2332258064516129,0.6333333333333333
System_Failure,rf_window_features,9,216,193,1,1,1,1,1,1,0,1,0,16,2,0.27166666666666667,0.6333333333333333
System_Failure,rf_window_features,9,217,194,1,1,1,1,1,1,0,1,0,17,4,0.3343137254901961,0.6233333333333333
System_Failure,rf_window_features,9,218,195,1,1,1,1,1,1,0,1,0,18,4,0.222037037037037,0.7966666666666666
System_Failure,rf_window_features,9,219,196,1,1,1,1,1,1,0,1,0,23,11,0.4434782608695652,0.86
System_Failure,rf_window_features,9,220,197,1,1,1,1,1,1,0,1,0,32,2,0.29635416666666664,0.6766666666666666
System_Failure,rf_window_features,9,221,198,1,1,1,1,1,1,0,1,0,19,2,0.2556140350877193,0.7933333333333333
System_Failure,rf_window_features,9,222,199,1,1,1,1,1,1,0,1,0,18,4,0.27555555555555555,0.95
System_Failure,rf_window_features,9,223,200,1,1,1,1,1,1,0,1,0,19,6,0.301578947368421,0.9566666666666668
System_Failure,rf_window_features,9,224,201,1,1,1,1,1,1,0,1,0,19,6,0.28789473684210526,0.8833333333333333
System_Failure,rf_window_features,9,225,202,1,1,1,1,1,1,0,1,0,19,5,0.28561403508771926,0.8366666666666667
System_Failure,rf_window_features,9,224,210,2,1,1,1,1,1,0,1,0,16,6,0.3939583333333333,0.9066666666666666
System_Failure,rf_window_features,10,226,203,1,1,1,1,1,1,0,1,0,19,6,0.42192982456140343,0.83
System_Failure,rf_window_features,10,227,204,1,1,1,1,1,1,0,1,0,18,1,0.32185185185185183,0.54
System_Failure,rf_window_features,10,229,205,1,1,1,1,1,1,0,1,0,42,11,0.3846825396825397,0.96
System_Failure,rf_window_features,10,230,206,1,1,1,1,1,1,0,1,0,18,5,0.379074074074074,0.8233333333333334
System_Failure,rf_window_features,10,231,207,1,1,1,1,1,1,0,1,0,35,13,0.43038095238095236,0.9133333333333332
System_Failure,rf_window_features,10,232,208,1,0,1,0,0,1,0,0,0,15,0,0.22911111111111107,0.3133333333333333
System_Failure,rf_window_features,10,233,209,1,1,1,1,1,1,0,1,0,31,12,0.43591397849462366,0.72
System_Failure,rf_window_features,10,230,216,2,1,1,1,1,1,0,1,0,20,6,0.33799999999999997,0.7166666666666667
System_Failure,rf_window_features,10,231,217,2,1,1,1,1,1,0,1,0,18,4,0.38425925925925924,0.9133333333333332
System_Failure,rf_window_features,10,232,218,2,1,1,1,1,1,0,1,0,20,10,0.49516666666666664,0.85
System_Failure,rf_window_features,10,233,219,2,1,1,1,1,1,0,1,0,15,5,0.4033333333333333,0.8
System_Failure,rf_window_features,10,234,220,1,1,1,1,1,1,0,1,0,52,10,0.3403846153846154,0.8366666666666667
System_Failure,rf_window_features,10,235,221,1,1,1,1,1,1,0,1,0,18,4,0.3768518518518518,0.92
System_Failure,rf_window_features,10,236,222,1,0,1,0,0,1,0,0,0,15,0,0.2473333333333333,0.3133333333333333
System_Failure,rf_window_features,10,237,223,1,1,1,1,1,1,0,1,0,43,18,0.4010077519379845,0.9133333333333332
System_Failure,rf_window_features,10,238,224,1,0,1,0,0,1,0,0,0,15,0,0.2313333333333333,0.3533333333333333
System_Failure,rf_window_features,10,239,225,1,1,1,1,1,1,0,1,0,34,12,0.46284313725490195,0.91
System_Failure,rf_window_features,10,240,226,1,1,1,1,1,1,0,1,0,37,7,0.3120720720720721,0.87
System_Failure,rf_window_features,10,241,227,1,0,1,0,0,1,0,0,0,15,0,0.28244444444444444,0.3833333333333333
System_Failure,rf_window_features,10,242,228,1,1,1,1,1,1,0,1,0,43,7,0.27201550387596896,0.8333333333333334
System_Failure,rf_window_features,10,243,229,1,0,1,0,0,1,0,0,0,16,0,0.24999999999999997,0.4066666666666667
System_Failure,rf_window_features,10,245,230,1,0,1,0,0,1,0,0,0,15,0,0.18799999999999997,0.3433333333333333
System_Failure,rf_window_features,10,246,231,1,1,1,1,1,1,0,1,0,40,19,0.4651666666666666,0.9066666666666666
System_Failure,rf_window_features,10,247,232,1,1,1,1,1,1,0,1,0,46,9,0.3547826086956522,0.9333333333333332
System_Failure,rf_window_features,10,248,233,1,0,1,0,0,1,0,0,0,15,0,0.21777777777777776,0.31
System_Failure,rf_window_features,10,249,234,1,1,1,1,1,1,0,1,0,37,13,0.3896396396396396,0.79
System_Failure,rf_window_features,10,250,235,1,1,1,1,1,1,0,1,0,33,13,0.4482828282828283,0.8033333333333333
ProtectiveStop,rf_window_features,1,1,1,1,1,1,0,0,1,0,0,1,30,0,0.16966666666666663,0.4466666666666666
ProtectiveStop,rf_window_features,1,2,2,1,0,1,0,0,1,0,0,0,37,0,0.15612612612612609,0.45
ProtectiveStop,rf_window_features,1,3,3,1,0,1,0,0,1,0,0,0,17,0,0.0545098039215686,0.4466666666666666
ProtectiveStop,rf_window_features,1,4,4,1,0,1,0,0,1,0,0,0,15,0,0.02222222222222218,0.06
ProtectiveStop,rf_window_features,1,5,5,1,0,1,0,0,1,0,0,0,18,0,0.03537037037037034,0.4266666666666667
ProtectiveStop,rf_window_features,1,6,6,1,0,1,0,0,1,0,0,0,22,0,0.15878787878787876,0.43
ProtectiveStop,rf_window_features,1,8,8,1,0,1,0,0,1,0,0,0,15,0,0.022444444444444416,0.0766666666666666
ProtectiveStop,rf_window_features,1,9,9,1,0,1,0,0,1,0,0,0,15,0,0.013333333333333301,0.07
ProtectiveStop,rf_window_features,1,10,10,1,0,1,0,0,1,0,0,0,15,0,0.014444444444444393,0.0733333333333333
ProtectiveStop,rf_window_features,1,11,11,1,0,1,0,0,1,0,0,0,16,0,0.030833333333333292,0.1533333333333333
ProtectiveStop,rf_window_features,1,12,12,1,0,1,0,0,1,0,0,0,15,0,0.012222222222222193,0.0333333333333333
ProtectiveStop,rf_window_features,1,13,13,1,0,1,0,0,1,0,0,0,15,0,0.023333333333333307,0.07
ProtectiveStop,rf_window_features,1,14,14,1,0,1,0,0,1,0,0,0,19,0,0.050350877192982424,0.19
ProtectiveStop,rf_window_features,1,15,15,1,0,1,0,0,1,0,0,0,14,0,0.014285714285714258,0.0966666666666666
ProtectiveStop,rf_window_features,1,16,16,1,0,1,0,0,1,0,0,0,16,0,0.05291666666666665,0.46
ProtectiveStop,rf_window_features,1,17,17,1,0,1,0,0,1,0,0,0,15,0,0.04866666666666663,0.42
ProtectiveStop,rf_window_features,1,18,18,1,0,1,0,0,1,0,0,0,16,0,0.04437499999999997,0.19
ProtectiveStop,rf_window_features,1,19,19,1,0,1,0,0,1,0,0,0,15,0,0.04355555555555552,0.18
ProtectiveStop,rf_window_features,1,20,20,1,0,1,0,0,1,0,0,0,15,0,0.008666666666666639,0.0433333333333333
ProtectiveStop,rf_window_features,1,21,21,1,0,1,0,0,1,0,0,0,16,0,0.031874999999999966,0.1933333333333333
ProtectiveStop,rf_window_features,1,22,22,1,1,1,1,1,1,0,1,0,27,12,0.3379012345679012,0.7366666666666667
ProtectiveStop,rf_window_features,1,23,23,1,0,1,0,0,1,0,0,0,15,0,0.012666666666666647,0.0433333333333333
ProtectiveStop,rf_window_features,1,24,24,1,0,1,0,0,1,0,0,0,15,0,0.05377777777777775,0.13
ProtectiveStop,rf_window_features,1,25,25,1,0,1,0,0,1,0,0,0,16,0,0.0227083333333333,0.0633333333333333
ProtectiveStop,rf_window_features,2,26,26,1,0,1,0,0,1,0,0,0,15,0,0.011777777777777753,0.06
ProtectiveStop,rf_window_features,2,27,27,1,0,1,0,0,1,0,0,0,15,0,0.01777777777777776,0.12
ProtectiveStop,rf_window_features,2,28,28,1,0,1,0,0,1,0,0,0,16,0,0.0433333333333333,0.2233333333333333
ProtectiveStop,rf_window_features,2,29,29,1,0,1,0,0,1,0,0,0,15,0,0.015111111111111079,0.0433333333333333
ProtectiveStop,rf_window_features,2,30,30,1,0,1,0,0,1,0,0,0,15,0,0.00888888888888888,0.0233333333333333
ProtectiveStop,rf_window_features,2,31,31,1,0,1,0,0,1,0,0,0,14,0,0.1276190476190476,0.2566666666666666
ProtectiveStop,rf_window_features,2,32,32,1,0,1,0,0,1,0,0,0,15,0,0.02977777777777774,0.0966666666666666
ProtectiveStop,rf_window_features,2,33,33,1,0,1,0,0,1,0,0,0,16,0,0.045416666666666626,0.1766666666666666
ProtectiveStop,rf_window_features,2,34,34,1,0,1,0,0,1,0,0,0,15,0,0.04422222222222218,0.2466666666666666
ProtectiveStop,rf_window_features,2,35,35,1,1,1,1,1,1,0,1,0,20,4,0.2348333333333333,0.7533333333333333
ProtectiveStop,rf_window_features,2,36,36,1,0,1,0,0,1,0,0,0,24,0,0.0858333333333333,0.3
ProtectiveStop,rf_window_features,2,37,37,1,0,1,0,0,1,0,0,0,15,0,0.03199999999999996,0.0966666666666666
ProtectiveStop,rf_window_features,2,38,38,1,0,1,0,0,1,0,0,0,15,0,0.007777777777777746,0.0266666666666666
ProtectiveStop,rf_window_features,2,39,39,1,0,1,0,0,1,0,0,0,15,0,0.01066666666666664,0.0433333333333333
ProtectiveStop,rf_window_features,2,40,40,1,0,1,0,0,1,0,0,0,20,0,0.12599999999999995,0.26
ProtectiveStop,rf_window_features,2,41,41,1,0,1,0,0,1,0,0,0,15,0,0.012222222222222186,0.0666666666666666
ProtectiveStop,rf_window_features,2,42,42,1,1,1,1,1,1,0,1,0,71,25,0.42784037558685445,0.8366666666666667
ProtectiveStop,rf_window_features,2,43,43,1,0,1,0,0,1,0,0,0,15,0,0.06399999999999999,0.15
ProtectiveStop,rf_window_features,2,44,44,1,0,1,0,0,1,0,0,0,15,0,0.03622222222222219,0.07
ProtectiveStop,rf_window_features,2,45,45,1,0,1,0,0,1,0,0,0,15,0,0.046222222222222185,0.3133333333333333
ProtectiveStop,rf_window_features,2,48,48,1,0,1,0,0,1,0,0,0,15,0,0.01711111111111109,0.0933333333333333
ProtectiveStop,rf_window_features,2,49,49,1,0,1,0,0,1,0,0,0,15,0,0.02244444444444442,0.1933333333333333
ProtectiveStop,rf_window_features,2,50,50,1,0,1,0,0,1,0,0,0,15,0,0.023777777777777728,0.0966666666666666
ProtectiveStop,rf_window_features,3,51,51,1,0,1,0,0,1,0,0,0,15,0,0.03199999999999996,0.0766666666666666
ProtectiveStop,rf_window_features,3,52,52,1,0,1,0,0,1,0,0,0,15,0,0.013555555555555526,0.0366666666666666
ProtectiveStop,rf_window_features,3,53,53,1,1,1,1,1,1,0,1,0,43,28,0.424031007751938,0.7533333333333333
ProtectiveStop,rf_window_features,3,54,54,1,0,1,0,0,1,0,0,0,15,0,0.02555555555555553,0.14
ProtectiveStop,rf_window_features,3,55,55,1,0,1,0,0,1,0,0,0,15,0,0.016444444444444418,0.04
ProtectiveStop,rf_window_features,3,56,56,1,0,1,0,0,1,0,0,0,15,0,0.012666666666666647,0.05
ProtectiveStop,rf_window_features,3,57,57,1,0,1,1,0,1,1,0,0,32,4,0.14416666666666664,0.5366666666666666
ProtectiveStop,rf_window_features,3,58,58,1,0,1,0,0,1,0,0,0,15,0,0.0222222222222222,0.1366666666666666
ProtectiveStop,rf_window_features,3,59,59,1,0,1,0,0,1,0,0,0,15,0,0.029555555555555536,0.14
ProtectiveStop,rf_window_features,3,60,60,1,0,1,0,0,1,0,0,0,16,0,0.03229166666666662,0.1266666666666666
ProtectiveStop,rf_window_features,3,61,61,1,0,1,0,0,1,0,0,0,13,0,0.06461538461538457,0.1166666666666666
ProtectiveStop,rf_window_features,3,62,62,1,0,1,1,0,1,1,0,0,16,1,0.05020833333333331,0.5766666666666667
ProtectiveStop,rf_window_features,3,63,63,1,1,1,1,1,1,0,1,0,31,7,0.22741935483870968,0.7566666666666667
ProtectiveStop,rf_window_features,3,64,64,1,0,1,0,0,1,0,0,0,16,0,0.03874999999999997,0.4266666666666667
ProtectiveStop,rf_window_features,3,65,65,1,0,1,0,0,1,0,0,0,13,0,0.028974358974358946,0.1366666666666666
ProtectiveStop,rf_window_features,3,66,66,1,0,1,0,0,1,0,0,0,17,0,0.0629411764705882,0.4366666666666666
ProtectiveStop,rf_window_features,3,67,67,1,0,1,0,0,1,0,0,0,15,0,0.04488888888888886,0.1366666666666666
ProtectiveStop,rf_window_features,3,68,68,1,0,1,0,0,1,0,0,0,15,0,0.07777777777777775,0.22
ProtectiveStop,rf_window_features,3,69,69,1,1,1,1,1,1,0,1,0,24,7,0.24152777777777779,0.5966666666666667
ProtectiveStop,rf_window_features,3,70,70,1,0,1,0,0,1,0,0,0,15,0,0.03844444444444443,0.1833333333333333
ProtectiveStop,rf_window_features,3,71,71,1,0,1,1,0,1,1,0,0,9,1,0.16555555555555554,0.56
ProtectiveStop,rf_window_features,3,72,72,1,0,1,0,0,1,0,0,0,15,0,0.03288888888888886,0.14
ProtectiveStop,rf_window_features,3,73,73,1,0,1,0,0,1,0,0,0,16,0,0.036249999999999984,0.13
ProtectiveStop,rf_window_features,3,75,74,1,0,1,0,0,1,0,0,0,15,0,0.025111111111111088,0.1
ProtectiveStop,rf_window_features,4,76,75,1,0,1,0,0,1,0,0,0,15,0,0.012444444444444414,0.1
ProtectiveStop,rf_window_features,4,85,84,1,0,1,1,0,1,1,0,0,20,6,0.2503333333333333,0.85
ProtectiveStop,rf_window_features,4,86,85,1,1,1,1,1,1,0,1,0,20,7,0.31599999999999995,0.8533333333333334
ProtectiveStop,rf_window_features,4,87,86,1,1,1,1,1,1,0,1,0,20,6,0.323,0.9466666666666668
ProtectiveStop,rf_window_features,4,88,87,1,0,1,0,0,1,0,0,0,15,0,0.017111111111111073,0.0433333333333333
ProtectiveStop,rf_window_features,4,89,88,1,0,1,0,0,1,0,0,0,15,0,0.00377777777777776,0.0166666666666666
ProtectiveStop,rf_window_features,4,90,89,1,0,1,0,0,1,0,0,0,15,0,0.02088888888888888,0.18
ProtectiveStop,rf_window_features,4,91,90,1,0,1,0,0,1,0,0,0,15,0,0.05244444444444442,0.3166666666666666
ProtectiveStop,rf_window_features,4,92,91,1,0,1,0,0,1,0,0,0,15,0,0.05133333333333331,0.19
ProtectiveStop,rf_window_features,4,93,92,1,0,1,0,0,1,0,0,0,15,0,0.014888888888888861,0.05
ProtectiveStop,rf_window_features,4,94,93,1,0,1,0,0,1,0,0,0,15,0,0.011555555555555519,0.03
ProtectiveStop,rf_window_features,4,95,94,1,0,1,0,0,1,0,0,0,15,0,0.024888888888888867,0.1633333333333333
ProtectiveStop,rf_window_features,4,96,95,1,0,1,0,0,1,0,0,0,7,0,0.0019047619047619002,0.01
ProtectiveStop,rf_window_features,4,97,96,1,0,1,0,0,1,0,0,0,15,0,0.028666666666666642,0.31
ProtectiveStop,rf_window_features,4,98,97,1,0,1,0,0,1,0,0,0,15,0,0.029999999999999968,0.2166666666666666
ProtectiveStop,rf_window_features,4,99,98,1,1,1,1,1,1,0,1,0,92,42,0.4603260869565218,0.8833333333333333
ProtectiveStop,rf_window_features,4,100,99,1,0,1,0,0,1,0,0,0,15,0,0.05599999999999996,0.1633333333333333
ProtectiveStop,rf_window_features,5,101,100,1,0,1,0,0,1,0,0,0,15,0,0.07844444444444441,0.2933333333333333
ProtectiveStop,rf_window_features,5,102,101,1,0,1,0,0,1,0,0,0,15,0,0.06777777777777773,0.23
ProtectiveStop,rf_window_features,5,103,102,1,1,1,1,1,1,0,1,0,54,36,0.593395061728395,0.84
ProtectiveStop,rf_window_features,5,104,103,1,0,1,0,0,1,0,0,0,2,0,0.0183333333333333,0.02
ProtectiveStop,rf_window_features,5,105,104,1,0,1,0,0,1,0,0,0,14,0,0.041904761904761875,0.3666666666666666
ProtectiveStop,rf_window_features,5,106,105,1,0,1,0,0,1,0,0,0,15,0,0.037999999999999964,0.0733333333333333
ProtectiveStop,rf_window_features,5,107,106,1,0,1,0,0,1,0,0,0,15,0,0.04688888888888885,0.1133333333333333
ProtectiveStop,rf_window_features,5,108,107,1,1,1,1,1,1,0,1,0,47,19,0.36808510638297876,0.95
ProtectiveStop,rf_window_features,5,109,108,1,0,1,0,0,1,0,0,0,15,0,0.021111111111111087,0.0966666666666666
ProtectiveStop,rf_window_features,5,110,109,1,0,1,0,0,1,0,0,0,4,0,0.15749999999999997,0.28
ProtectiveStop,rf_window_features,5,111,110,1,0,1,0,0,1,0,0,0,16,0,0.08229166666666664,0.3166666666666666
ProtectiveStop,rf_window_features,5,112,111,1,0,1,0,0,1,0,0,0,15,0,0.020222222222222187,0.0633333333333333
ProtectiveStop,rf_window_features,5,113,112,1,0,1,0,0,1,0,0,0,15,0,0.07755555555555552,0.32
ProtectiveStop,rf_window_features,5,114,113,1,0,1,0,0,1,0,0,0,16,0,0.04687499999999997,0.3166666666666666
ProtectiveStop,rf_window_features,5,115,114,1,1,1,1,1,1,0,1,0,43,13,0.38465116279069766,0.9533333333333334
ProtectiveStop,rf_window_features,5,116,115,1,0,1,0,0,1,0,0,0,15,0,0.0833333333333333,0.2633333333333333
ProtectiveStop,rf_window_features,5,117,116,1,1,1,1,1,1,0,1,0,19,5,0.29087719298245607,0.9033333333333332
ProtectiveStop,rf_window_features,5,118,117,1,1,1,1,1,1,0,1,0,30,11,0.3897777777777777,0.9266666666666666
ProtectiveStop,rf_window_features,5,119,118,1,0,1,0,0,1,0,0,0,16,0,0.055208333333333304,0.1533333333333333
ProtectiveStop,rf_window_features,5,120,119,1,0,1,0,0,1,0,0,0,15,0,0.04666666666666664,0.12
ProtectiveStop,rf_window_features,5,121,120,1,0,1,0,0,1,0,0,0,16,0,0.07145833333333329,0.2033333333333333
ProtectiveStop,rf_window_features,5,122,121,1,0,1,0,0,1,0,0,0,15,0,0.01399999999999996,0.0566666666666666
ProtectiveStop,rf_window_features,5,123,122,1,0,1,1,0,1,1,0,0,14,1,0.19595238095238093,0.5566666666666666
ProtectiveStop,rf_window_features,5,124,123,1,0,1,0,0,1,0,0,0,16,0,0.0433333333333333,0.11
ProtectiveStop,rf_window_features,5,125,124,1,0,1,0,0,1,0,0,0,13,0,0.09794871794871793,0.2133333333333333
ProtectiveStop,rf_window_features,7,151,129,1,0,1,0,0,1,0,0,0,15,0,0.038888888888888855,0.1033333333333333
ProtectiveStop,rf_window_features,7,152,130,1,1,1,1,1,1,0,1,0,21,7,0.30317460317460315,0.9666666666666668
ProtectiveStop,rf_window_features,7,153,131,1,0,1,0,0,1,0,0,0,15,0,0.07177777777777773,0.2433333333333333
ProtectiveStop,rf_window_features,7,154,132,1,0,1,0,0,1,0,0,0,16,0,0.07187499999999998,0.1933333333333333
ProtectiveStop,rf_window_features,7,155,133,1,0,1,0,0,1,0,0,0,15,0,0.023777777777777738,0.1533333333333333
ProtectiveStop,rf_window_features,7,156,134,1,0,1,0,0,1,0,0,0,15,0,0.03599999999999996,0.1466666666666666
ProtectiveStop,rf_window_features,7,157,135,1,0,1,0,0,1,0,0,0,16,0,0.048749999999999974,0.1133333333333333
ProtectiveStop,rf_window_features,7,159,137,1,1,1,1,1,1,0,1,0,23,10,0.3726086956521739,0.9966666666666668
ProtectiveStop,rf_window_features,7,160,138,1,0,1,0,0,1,0,0,0,16,0,0.05479166666666665,0.1733333333333333
ProtectiveStop,rf_window_features,7,161,139,1,0,1,0,0,1,0,0,0,15,0,0.030888888888888858,0.1066666666666666
ProtectiveStop,rf_window_features,7,162,140,1,0,1,0,0,1,0,0,0,15,0,0.01822222222222219,0.07
ProtectiveStop,rf_window_features,7,163,141,1,1,1,1,1,1,0,1,0,44,10,0.28909090909090907,0.8966666666666666
ProtectiveStop,rf_window_features,7,164,142,1,1,1,1,1,1,0,1,0,21,6,0.2550793650793651,0.88
ProtectiveStop,rf_window_features,7,165,143,1,0,1,0,0,1,0,0,0,15,0,0.014222222222222193,0.0566666666666666
ProtectiveStop,rf_window_features,7,166,144,1,0,1,0,0,1,0,0,0,15,0,0.029999999999999968,0.15
ProtectiveStop,rf_window_features,7,167,145,1,0,1,0,0,1,0,0,0,15,0,0.03355555555555551,0.1833333333333333
ProtectiveStop,rf_window_features,7,168,146,1,0,1,0,0,1,0,0,0,16,0,0.025416666666666636,0.08
ProtectiveStop,rf_window_features,7,169,147,1,0,1,0,0,1,0,0,0,15,0,0.041555555555555526,0.16
ProtectiveStop,rf_window_features,7,170,148,1,1,1,1,1,1,0,1,0,47,6,0.23319148936170211,0.9533333333333334
ProtectiveStop,rf_window_features,7,171,149,1,0,1,0,0,1,0,0,0,15,0,0.04799999999999995,0.16
ProtectiveStop,rf_window_features,7,172,150,1,0,1,0,0,1,0,0,0,15,0,0.03488888888888886,0.1433333333333333
ProtectiveStop,rf_window_features,7,173,151,1,1,1,1,1,1,0,1,0,21,6,0.2847619047619047,0.8866666666666667
ProtectiveStop,rf_window_features,7,174,152,1,1,1,1,1,1,0,1,0,19,3,0.17035087719298245,0.8333333333333334
ProtectiveStop,rf_window_features,7,175,153,1,1,1,1,1,1,0,1,0,35,10,0.3089523809523809,0.9433333333333334
ProtectiveStop,rf_window_features,8,176,154,1,0,1,0,0,1,0,0,0,15,0,0.05133333333333329,0.1933333333333333
ProtectiveStop,rf_window_features,8,177,155,1,0,1,0,0,1,0,0,0,15,0,0.09866666666666664,0.17
ProtectiveStop,rf_window_features,8,178,156,1,0,1,0,0,1,0,0,0,16,0,0.07479166666666665,0.2466666666666666
ProtectiveStop,rf_window_features,8,179,157,1,0,1,0,0,1,0,0,0,15,0,0.0833333333333333,0.22
ProtectiveStop,rf_window_features,8,180,158,1,0,1,0,0,1,0,0,0,15,0,0.03466666666666662,0.12
ProtectiveStop,rf_window_features,8,181,159,1,0,1,0,0,1,0,0,0,14,0,0.11476190476190475,0.1833333333333333
ProtectiveStop,rf_window_features,8,182,160,1,1,1,1,1,1,0,1,0,18,5,0.25259259259259254,0.95
ProtectiveStop,rf_window_features,8,183,161,1,1,1,1,1,1,0,1,0,38,7,0.25412280701754386,0.93
ProtectiveStop,rf_window_features,8,184,162,1,0,1,0,0,1,0,0,0,15,0,0.04622222222222219,0.1433333333333333
ProtectiveStop,rf_window_features,8,185,163,1,1,1,1,1,1,0,1,0,6,6,0.8744444444444444,0.9733333333333334
ProtectiveStop,rf_window_features,8,199,176,1,0,1,0,0,1,0,0,0,7,0,0.18428571428571425,0.2366666666666666
ProtectiveStop,rf_window_features,8,200,177,1,0,1,0,0,1,0,0,0,15,0,0.03555555555555552,0.15
ProtectiveStop,rf_window_features,9,201,178,1,1,1,1,1,1,0,1,0,30,5,0.24011111111111108,0.8766666666666667
ProtectiveStop,rf_window_features,9,202,179,1,0,1,0,0,1,0,0,0,15,0,0.08422222222222218,0.26
ProtectiveStop,rf_window_features,9,203,180,1,0,1,0,0,1,0,0,0,15,0,0.05066666666666663,0.13
ProtectiveStop,rf_window_features,9,204,181,1,1,1,1,1,1,0,1,0,38,7,0.2594736842105263,0.97
ProtectiveStop,rf_window_features,9,205,182,1,0,1,0,0,1,0,0,0,16,0,0.043124999999999976,0.1766666666666666
ProtectiveStop,rf_window_features,9,206,183,1,1,1,1,1,1,0,1,0,18,4,0.2607407407407407,0.9866666666666668
ProtectiveStop,rf_window_features,9,207,184,1,0,1,0,0,1,0,0,0,15,0,0.026888888888888865,0.15
ProtectiveStop,rf_window_features,9,208,185,1,0,1,0,0,1,0,0,0,14,0,0.017142857142857106,0.06
ProtectiveStop,rf_window_features,9,209,186,1,0,1,0,0,1,0,0,0,15,0,0.024666666666666632,0.1533333333333333
ProtectiveStop,rf_window_features,9,210,187,1,1,1,1,1,1,0,1,0,49,10,0.25564625850340134,0.99
ProtectiveStop,rf_window_features,9,211,188,1,0,1,0,0,1,0,0,0,15,0,0.03511111111111109,0.2033333333333333
ProtectiveStop,rf_window_features,9,212,189,1,1,1,1,1,1,0,1,0,19,6,0.2880701754385965,0.9833333333333332
ProtectiveStop,rf_window_features,9,213,190,1,0,1,0,0,1,0,0,0,15,0,0.09155555555555553,0.2733333333333333
ProtectiveStop,rf_window_features,9,214,191,1,1,1,1,1,1,0,1,0,40,10,0.2515833333333333,0.9033333333333332
ProtectiveStop,rf_window_features,9,215,192,1,1,1,1,1,1,0,1,0,31,2,0.14956989247311825,0.65
ProtectiveStop,rf_window_features,9,216,193,1,0,1,0,0,1,0,0,0,16,0,0.059374999999999976,0.1566666666666666
ProtectiveStop,rf_window_features,9,217,194,1,1,1,1,1,1,0,1,0,17,2,0.22568627450980389,0.5533333333333333
ProtectiveStop,rf_window_features,9,218,195,1,1,1,1,1,1,0,1,0,18,5,0.18370370370370365,0.7833333333333333
ProtectiveStop,rf_window_features,9,219,196,1,1,1,1,1,1,0,1,0,23,8,0.27405797101449275,0.77
ProtectiveStop,rf_window_features,9,220,197,1,1,1,1,1,1,0,1,0,32,2,0.23729166666666665,0.73
ProtectiveStop,rf_window_features,9,221,198,1,1,1,0,0,1,0,0,1,19,0,0.1370175438596491,0.36
ProtectiveStop,rf_window_features,9,222,199,1,1,1,1,1,1,0,1,0,18,4,0.2196296296296296,0.9533333333333334
ProtectiveStop,rf_window_features,9,223,200,1,1,1,1,1,1,0,1,0,19,5,0.2773684210526315,0.9833333333333332
ProtectiveStop,rf_window_features,9,224,201,1,1,1,1,1,1,0,1,0,19,6,0.2898245614035087,0.93
ProtectiveStop,rf_window_features,9,225,202,1,1,1,1,1,1,0,1,0,19,6,0.25614035087719295,0.9266666666666666
ProtectiveStop,rf_window_features,9,224,210,2,1,1,1,1,1,0,1,0,16,5,0.34791666666666665,0.9
ProtectiveStop,rf_window_features,10,226,203,1,1,1,1,1,1,0,1,0,19,6,0.3294736842105263,0.8833333333333333
ProtectiveStop,rf_window_features,10,227,204,1,1,1,0,0,1,0,0,1,18,0,0.23759259259259258,0.49
ProtectiveStop,rf_window_features,10,229,205,1,1,1,1,1,1,0,1,0,42,11,0.34619047619047616,0.9866666666666668
ProtectiveStop,rf_window_features,10,230,206,1,1,1,1,1,1,0,1,0,18,5,0.26203703703703707,0.8533333333333334
ProtectiveStop,rf_window_features,10,231,207,1,1,1,1,1,1,0,1,0,35,8,0.3660952380952381,0.96
ProtectiveStop,rf_window_features,10,232,208,1,0,1,0,0,1,0,0,0,15,0,0.09066666666666665,0.19
ProtectiveStop,rf_window_features,10,233,209,1,1,1,1,1,1,0,1,0,31,12,0.39634408602150534,0.74
ProtectiveStop,rf_window_features,10,230,216,2,1,1,1,1,1,0,1,0,20,6,0.2821666666666666,0.76
ProtectiveStop,rf_window_features,10,231,217,2,1,1,1,1,1,0,1,0,18,4,0.2955555555555555,0.93
ProtectiveStop,rf_window_features,10,232,218,2,1,1,1,1,1,0,1,0,20,7,0.27799999999999997,0.9
ProtectiveStop,rf_window_features,10,233,219,2,0,1,1,0,1,1,0,0,15,1,0.13088888888888886,0.5266666666666666
ProtectiveStop,rf_window_features,10,234,220,1,1,1,1,1,1,0,1,0,52,8,0.2938461538461538,0.8966666666666666
ProtectiveStop,rf_window_features,10,235,221,1,1,1,1,1,1,0,1,0,18,5,0.2635185185185185,0.9266666666666666
ProtectiveStop,rf_window_features,10,236,222,1,0,1,0,0,1,0,0,0,15,0,0.06755555555555552,0.3033333333333333
ProtectiveStop,rf_window_features,10,237,223,1,1,1,1,1,1,0,1,0,43,8,0.2704651162790697,0.9266666666666666
ProtectiveStop,rf_window_features,10,238,224,1,0,1,0,0,1,0,0,0,15,0,0.1733333333333333,0.2866666666666667
ProtectiveStop,rf_window_features,10,239,225,1,1,1,1,1,1,0,1,0,34,7,0.3445098039215686,0.9233333333333332
ProtectiveStop,rf_window_features,10,240,226,1,1,1,1,1,1,0,1,0,37,6,0.2624324324324324,0.9433333333333334
ProtectiveStop,rf_window_features,10,241,227,1,0,1,0,0,1,0,0,0,15,0,0.12222222222222218,0.25
ProtectiveStop,rf_window_features,10,242,228,1,1,1,1,1,1,0,1,0,43,5,0.20852713178294568,0.7733333333333333
ProtectiveStop,rf_window_features,10,243,229,1,0,1,0,0,1,0,0,0,16,0,0.12395833333333331,0.3266666666666666
ProtectiveStop,rf_window_features,10,245,230,1,0,1,0,0,1,0,0,0,15,0,0.1031111111111111,0.3233333333333333
ProtectiveStop,rf_window_features,10,246,231,1,1,1,1,1,1,0,1,0,40,11,0.404,0.97
ProtectiveStop,rf_window_features,10,247,232,1,1,1,1,1,1,0,1,0,46,7,0.27253623188405796,0.96
ProtectiveStop,rf_window_features,10,248,233,1,0,1,0,0,1,0,0,0,15,0,0.17088888888888887,0.2833333333333333
ProtectiveStop,rf_window_features,10,249,234,1,1,1,1,1,1,0,1,0,37,8,0.3024324324324324,0.8366666666666667
ProtectiveStop,rf_window_features,10,250,235,1,1,1,1,1,1,0,1,0,33,8,0.25717171717171716,0.8166666666666667
GripLost,rf_window_features,1,1,1,1,0,1,0,0,1,0,0,0,30,0,0.1525555555555555,0.43
GripLost,rf_window_features,1,2,2,1,1,1,1,1,1,0,1,0,37,7,0.3024324324324324,0.62
GripLost,rf_window_features,1,3,3,1,0,1,0,0,1,0,0,0,17,0,0.062156862745098,0.1966666666666666
GripLost,rf_window_features,1,4,4,1,0,1,0,0,1,0,0,0,15,0,0.03422222222222218,0.13
GripLost,rf_window_features,1,5,5,1,1,1,1,1,1,0,1,0,18,6,0.3144444444444444,0.6666666666666666
GripLost,rf_window_features,1,6,6,1,1,1,1,1,1,0,1,0,22,1,0.3368181818181818,0.5033333333333333
GripLost,rf_window_features,1,8,8,1,0,1,0,0,1,0,0,0,15,0,0.04688888888888886,0.17
GripLost,rf_window_features,1,9,9,1,0,1,0,0,1,0,0,0,15,0,0.04866666666666663,0.19
GripLost,rf_window_features,1,10,10,1,0,1,0,0,1,0,0,0,15,0,0.05444444444444441,0.1566666666666666
GripLost,rf_window_features,1,11,11,1,0,1,0,0,1,0,0,0,16,0,0.09270833333333328,0.2166666666666666
GripLost,rf_window_features,1,12,12,1,0,1,0,0,1,0,0,0,15,0,0.046222222222222185,0.16
GripLost,rf_window_features,1,13,13,1,0,1,0,0,1,0,0,0,15,0,0.061111111111111074,0.3633333333333333
GripLost,rf_window_features,1,14,14,1,1,1,1,1,1,0,1,0,19,4,0.33789473684210525,0.61
GripLost,rf_window_features,1,15,15,1,1,1,1,1,1,0,1,0,14,1,0.29904761904761906,0.5433333333333333
GripLost,rf_window_features,1,16,16,1,0,1,0,0,1,0,0,0,16,0,0.04791666666666664,0.1333333333333333
GripLost,rf_window_features,1,17,17,1,0,1,0,0,1,0,0,0,15,0,0.04088888888888886,0.1633333333333333
GripLost,rf_window_features,1,18,18,1,0,1,0,0,1,0,0,0,16,0,0.06666666666666664,0.1866666666666666
GripLost,rf_window_features,1,19,19,1,0,1,0,0,1,0,0,0,15,0,0.0973333333333333,0.23
GripLost,rf_window_features,1,20,20,1,0,1,0,0,1,0,0,0,15,0,0.0333333333333333,0.21
GripLost,rf_window_features,1,21,21,1,0,1,0,0,1,0,0,0,16,0,0.05937499999999997,0.1766666666666666
GripLost,rf_window_features,1,22,22,1,0,1,0,0,1,0,0,0,27,0,0.058024691358024655,0.1333333333333333
GripLost,rf_window_features,1,23,23,1,0,1,0,0,1,0,0,0,15,0,0.08666666666666664,0.3033333333333333
GripLost,rf_window_features,1,24,24,1,0,1,0,0,1,0,0,0,15,0,0.05688888888888886,0.1866666666666666
GripLost,rf_window_features,1,25,25,1,0,1,0,0,1,0,0,0,16,0,0.06062499999999997,0.2133333333333333
GripLost,rf_window_features,2,26,26,1,0,1,0,0,1,0,0,0,15,0,0.06199999999999998,0.2333333333333333
GripLost,rf_window_features,2,27,27,1,0,1,0,0,1,0,0,0,15,0,0.06244444444444442,0.28
GripLost,rf_window_features,2,28,28,1,0,1,0,0,1,0,0,0,16,0,0.07687499999999997,0.3
GripLost,rf_window_features,2,29,29,1,0,1,0,0,1,0,0,0,15,0,0.018222222222222192,0.0666666666666666
GripLost,rf_window_features,2,30,30,1,0,1,0,0,1,0,0,0,15,0,0.0182222222222222,0.0733333333333333
GripLost,rf_window_features,2,31,31,1,0,1,0,0,1,0,0,0,14,0,0.0864285714285714,0.1933333333333333
GripLost,rf_window_features,2,32,32,1,0,1,0,0,1,0,0,0,15,0,0.08799999999999998,0.17
GripLost,rf_window_features,2,33,33,1,0,1,0,0,1,0,0,0,16,0,0.12041666666666664,0.2966666666666667
GripLost,rf_window_features,2,34,34,1,0,1,0,0,1,0,0,0,15,0,0.06133333333333329,0.1766666666666666
GripLost,rf_window_features,2,35,35,1,0,1,0,0,1,0,0,0,20,0,0.04699999999999997,0.16
GripLost,rf_window_features,2,36,36,1,1,1,1,1,1,0,1,0,24,10,0.5441666666666666,0.95
GripLost,rf_window_features,2,37,37,1,0,1,0,0,1,0,0,0,15,0,0.07644444444444441,0.3066666666666666
GripLost,rf_window_features,2,38,38,1,0,1,0,0,1,0,0,0,15,0,0.06355555555555552,0.28
GripLost,rf_window_features,2,39,39,1,1,1,1,1,1,0,1,0,15,10,0.5793333333333333,0.83
GripLost,rf_window_features,2,40,40,1,1,1,1,1,1,0,1,0,20,4,0.4076666666666666,0.7566666666666667
GripLost,rf_window_features,2,41,41,1,0,1,0,0,1,0,0,0,15,0,0.05444444444444441,0.25
GripLost,rf_window_features,2,42,42,1,0,1,0,0,1,0,0,0,71,0,0.16215962441314552,0.4533333333333333
GripLost,rf_window_features,2,43,43,1,0,1,0,0,1,0,0,0,15,0,0.027555555555555517,0.07
GripLost,rf_window_features,2,44,44,1,0,1,0,0,1,0,0,0,15,0,0.052222222222222184,0.2066666666666666
GripLost,rf_window_features,2,45,45,1,0,1,0,0,1,0,0,0,15,0,0.023999999999999973,0.1333333333333333
GripLost,rf_window_features,2,48,48,1,0,1,0,0,1,0,0,0,15,0,0.026888888888888855,0.1933333333333333
GripLost,rf_window_features,2,49,49,1,0,1,0,0,1,0,0,0,15,0,0.0804444444444444,0.25
GripLost,rf_window_features,2,50,50,1,0,1,0,0,1,0,0,0,15,0,0.04022222222222221,0.1533333333333333
GripLost,rf_window_features,3,51,51,1,0,1,0,0,1,0,0,0,15,0,0.01888888888888885,0.1266666666666666
GripLost,rf_window_features,3,52,52,1,0,1,0,0,1,0,0,0,15,0,0.10666666666666662,0.24
GripLost,rf_window_features,3,53,53,1,0,1,0,0,1,0,0,0,43,0,0.060310077519379814,0.3233333333333333
GripLost,rf_window_features,3,54,54,1,0,1,0,0,1,0,0,0,15,0,0.05933333333333331,0.24
GripLost,rf_window_features,3,55,55,1,0,1,0,0,1,0,0,0,15,0,0.07577777777777775,0.3366666666666666
GripLost,rf_window_features,3,56,56,1,0,1,0,0,1,0,0,0,15,0,0.06688888888888886,0.2933333333333333
GripLost,rf_window_features,3,57,57,1,0,1,1,0,1,1,0,0,32,1,0.08531249999999997,0.5433333333333333
GripLost,rf_window_features,3,58,58,1,0,1,0,0,1,0,0,0,15,0,0.06533333333333328,0.1666666666666666
GripLost,rf_window_features,3,59,59,1,0,1,0,0,1,0,0,0,15,0,0.07555555555555554,0.3233333333333333
GripLost,rf_window_features,3,60,60,1,0,1,0,0,1,0,0,0,16,0,0.062499999999999965,0.2633333333333333
GripLost,rf_window_features,3,61,61,1,0,1,0,0,1,0,0,0,13,0,0.04717948717948715,0.1666666666666666
GripLost,rf_window_features,3,62,62,1,0,1,0,0,1,0,0,0,16,0,0.17333333333333328,0.3266666666666666
GripLost,rf_window_features,3,63,63,1,1,1,1,1,1,0,1,0,31,10,0.34483870967741936,0.9366666666666666
GripLost,rf_window_features,3,64,64,1,1,1,1,1,1,0,1,0,16,10,0.6189583333333333,0.96
GripLost,rf_window_features,3,65,65,1,1,1,1,1,1,0,1,0,13,4,0.3812820512820512,0.84
GripLost,rf_window_features,3,66,66,1,0,1,0,0,1,0,0,0,17,0,0.08509803921568625,0.26
GripLost,rf_window_features,3,67,67,1,1,1,1,1,1,0,1,0,15,7,0.4882222222222222,0.9933333333333332
GripLost,rf_window_features,3,68,68,1,0,1,0,0,1,0,0,0,15,0,0.09066666666666663,0.23
GripLost,rf_window_features,3,69,69,1,1,1,1,1,1,0,1,0,24,7,0.38819444444444445,0.8866666666666667
GripLost,rf_window_features,3,70,70,1,0,1,0,0,1,0,0,0,15,0,0.045333333333333295,0.38
GripLost,rf_window_features,3,71,71,1,0,1,0,0,1,0,0,0,9,0,0.07555555555555553,0.16
GripLost,rf_window_features,3,72,72,1,0,1,0,0,1,0,0,0,15,0,0.060888888888888854,0.4666666666666667
GripLost,rf_window_features,3,73,73,1,0,1,0,0,1,0,0,0,16,0,0.09437499999999997,0.4233333333333333
GripLost,rf_window_features,3,75,74,1,0,1,0,0,1,0,0,0,15,0,0.08755555555555554,0.3233333333333333
GripLost,rf_window_features,4,76,75,1,1,1,1,1,1,0,1,0,15,3,0.26666666666666666,0.7166666666666667
GripLost,rf_window_features,4,85,84,1,0,1,0,0,1,0,0,0,20,0,0.08933333333333329,0.25
GripLost,rf_window_features,4,86,85,1,1,1,1,1,1,0,1,0,20,5,0.3318333333333333,0.78
GripLost,rf_window_features,4,87,86,1,0,1,0,0,1,0,0,0,20,0,0.02583333333333331,0.1466666666666666
GripLost,rf_window_features,4,88,87,1,0,1,0,0,1,0,0,0,15,0,0.03911111111111109,0.1666666666666666
GripLost,rf_window_features,4,89,88,1,0,1,0,0,1,0,0,0,15,0,0.06311111111111108,0.16
GripLost,rf_window_features,4,90,89,1,0,1,0,0,1,0,0,0,15,0,0.0813333333333333,0.2933333333333333
GripLost,rf_window_features,4,91,90,1,1,1,1,1,1,0,1,0,15,6,0.4315555555555555,0.9133333333333332
GripLost,rf_window_features,4,92,91,1,1,1,1,1,1,0,1,0,15,8,0.5964444444444444,0.9866666666666668
GripLost,rf_window_features,4,93,92,1,0,1,0,0,1,0,0,0,15,0,0.032444444444444415,0.2533333333333333
GripLost,rf_window_features,4,94,93,1,0,1,0,0,1,0,0,0,15,0,0.05799999999999997,0.18
GripLost,rf_window_features,4,95,94,1,1,1,1,1,1,0,1,0,15,10,0.5904444444444443,0.9833333333333332
GripLost,rf_window_features,4,96,95,1,1,1,1,1,1,0,1,0,7,5,0.7119047619047619,0.96
GripLost,rf_window_features,4,97,96,1,1,1,1,1,1,0,1,0,15,8,0.484,0.9733333333333334
GripLost,rf_window_features,4,98,97,1,0,1,0,0,1,0,0,0,15,0,0.04777777777777774,0.2433333333333333
GripLost,rf_window_features,4,99,98,1,0,1,0,0,1,0,0,0,92,0,0.08105072463768112,0.3433333333333333
GripLost,rf_window_features,4,100,99,1,0,1,1,0,1,1,0,0,15,1,0.08799999999999998,0.63
GripLost,rf_window_features,5,101,100,1,0,1,0,0,1,0,0,0,15,0,0.07977777777777774,0.2833333333333333
GripLost,rf_window_features,5,102,101,1,0,1,0,0,1,0,0,0,15,0,0.08422222222222218,0.27
GripLost,rf_window_features,5,103,102,1,0,1,0,0,1,0,0,0,54,0,0.021543209876543176,0.1366666666666666
GripLost,rf_window_features,5,104,103,1,0,1,0,0,1,0,0,0,2,0,0.05166666666666665,0.0533333333333333
GripLost,rf_window_features,5,105,104,1,1,1,1,1,1,0,1,0,14,7,0.44,0.78
GripLost,rf_window_features,5,106,105,1,0,1,0,0,1,0,0,0,15,0,0.038444444444444406,0.1766666666666666
GripLost,rf_window_features,5,107,106,1,0,1,0,0,1,0,0,0,15,0,0.05355555555555553,0.21
GripLost,rf_window_features,5,108,107,1,0,1,0,0,1,0,0,0,47,0,0.04680851063829783,0.3066666666666666
GripLost,rf_window_features,5,109,108,1,0,1,0,0,1,0,0,0,15,0,0.09177777777777775,0.1866666666666666
GripLost,rf_window_features,5,110,109,1,0,1,0,0,1,0,0,0,4,0,0.0066666666666666255,0.01
GripLost,rf_window_features,5,111,110,1,0,1,0,0,1,0,0,0,16,0,0.038333333333333296,0.1633333333333333
GripLost,rf_window_features,5,112,111,1,0,1,0,0,1,0,0,0,15,0,0.052222222222222184,0.2866666666666667
GripLost,rf_window_features,5,113,112,1,0,1,0,0,1,0,0,0,15,0,0.07822222222222219,0.2333333333333333
GripLost,rf_window_features,5,114,113,1,0,1,0,0,1,0,0,0,16,0,0.08124999999999996,0.1866666666666666
GripLost,rf_window_features,5,115,114,1,0,1,0,0,1,0,0,0,43,0,0.0591472868217054,0.29
GripLost,rf_window_features,5,116,115,1,0,1,0,0,1,0,0,0,15,0,0.07355555555555553,0.1766666666666666
GripLost,rf_window_features,5,117,116,1,0,1,0,0,1,0,0,0,19,0,0.033859649122806985,0.21
GripLost,rf_window_features,5,118,117,1,0,1,0,0,1,0,0,0,30,0,0.0493333333333333,0.21
GripLost,rf_window_features,5,119,118,1,0,1,0,0,1,0,0,0,16,0,0.0952083333333333,0.23
GripLost,rf_window_features,5,120,119,1,0,1,0,0,1,0,0,0,15,0,0.08533333333333329,0.2166666666666666
GripLost,rf_window_features,5,121,120,1,0,1,0,0,1,0,0,0,16,0,0.04791666666666663,0.1766666666666666
GripLost,rf_window_features,5,122,121,1,0,1,0,0,1,0,0,0,15,0,0.05399999999999997,0.2166666666666666
GripLost,rf_window_features,5,123,122,1,0,1,0,0,1,0,0,0,14,0,0.14309523809523808,0.3033333333333333
GripLost,rf_window_features,5,124,123,1,0,1,0,0,1,0,0,0,16,0,0.06249999999999996,0.22
GripLost,rf_window_features,5,125,124,1,0,1,0,0,1,0,0,0,13,0,0.03435897435897433,0.1433333333333333
GripLost,rf_window_features,7,151,129,1,0,1,0,0,1,0,0,0,15,0,0.041999999999999975,0.2033333333333333
GripLost,rf_window_features,7,152,130,1,0,1,0,0,1,0,0,0,21,0,0.027460317460317428,0.1366666666666666
GripLost,rf_window_features,7,153,131,1,0,1,0,0,1,0,0,0,15,0,0.03466666666666663,0.1
GripLost,rf_window_features,7,154,132,1,0,1,0,0,1,0,0,0,16,0,0.0933333333333333,0.2
GripLost,rf_window_features,7,155,133,1,0,1,0,0,1,0,0,0,15,0,0.06177777777777774,0.19
GripLost,rf_window_features,7,156,134,1,0,1,0,0,1,0,0,0,15,0,0.036666666666666625,0.23
GripLost,rf_window_features,7,157,135,1,0,1,0,0,1,0,0,0,16,0,0.10666666666666665,0.3
GripLost,rf_window_features,7,159,137,1,0,1,0,0,1,0,0,0,23,0,0.05768115942028982,0.3233333333333333
GripLost,rf_window_features,7,160,138,1,1,1,1,1,1,0,1,0,16,6,0.39208333333333334,0.83
GripLost,rf_window_features,7,161,139,1,0,1,0,0,1,0,0,0,15,0,0.045333333333333316,0.12
GripLost,rf_window_features,7,162,140,1,0,1,0,0,1,0,0,0,15,0,0.1004444444444444,0.2833333333333333
GripLost,rf_window_features,7,163,141,1,0,1,0,0,1,0,0,0,44,0,0.0777272727272727,0.36
GripLost,rf_window_features,7,164,142,1,1,1,1,1,1,0,1,0,21,3,0.3322222222222222,0.7633333333333333
GripLost,rf_window_features,7,165,143,1,0,1,0,0,1,0,0,0,15,0,0.11022222222222218,0.4366666666666666
GripLost,rf_window_features,7,166,144,1,0,1,0,0,1,0,0,0,15,0,0.0593333333333333,0.2066666666666666
GripLost,rf_window_features,7,167,145,1,0,1,0,0,1,0,0,0,15,0,0.08599999999999998,0.1733333333333333
GripLost,rf_window_features,7,168,146,1,0,1,0,0,1,0,0,0,16,0,0.08416666666666663,0.2766666666666666
GripLost,rf_window_features,7,169,147,1,0,1,0,0,1,0,0,0,15,0,0.05399999999999995,0.16
GripLost,rf_window_features,7,170,148,1,0,1,0,0,1,0,0,0,47,0,0.07375886524822692,0.19
GripLost,rf_window_features,7,171,149,1,0,1,0,0,1,0,0,0,15,0,0.09933333333333329,0.24
GripLost,rf_window_features,7,172,150,1,0,1,0,0,1,0,0,0,15,0,0.03266666666666664,0.07
GripLost,rf_window_features,7,173,151,1,1,1,1,1,1,0,1,0,21,7,0.3566666666666667,0.8266666666666667
GripLost,rf_window_features,7,174,152,1,1,1,1,1,1,0,1,0,19,5,0.3526315789473684,0.6733333333333333
GripLost,rf_window_features,7,175,153,1,0,1,0,0,1,0,0,0,35,0,0.065047619047619,0.2366666666666666
GripLost,rf_window_features,8,176,154,1,0,1,0,0,1,0,0,0,15,0,0.09355555555555553,0.35
GripLost,rf_window_features,8,177,155,1,0,1,0,0,1,0,0,0,15,0,0.0433333333333333,0.0866666666666666
GripLost,rf_window_features,8,178,156,1,0,1,1,0,1,1,0,0,16,1,0.1427083333333333,0.5033333333333333
GripLost,rf_window_features,8,179,157,1,0,1,1,0,1,1,0,0,15,2,0.1804444444444444,0.57
GripLost,rf_window_features,8,180,158,1,1,1,1,1,1,0,1,0,15,6,0.47755555555555557,0.9166666666666666
GripLost,rf_window_features,8,181,159,1,0,1,0,0,1,0,0,0,14,0,0.03809523809523805,0.13
GripLost,rf_window_features,8,182,160,1,0,1,0,0,1,0,0,0,18,0,0.092037037037037,0.2733333333333333
GripLost,rf_window_features,8,183,161,1,0,1,0,0,1,0,0,0,38,0,0.11263157894736837,0.24
GripLost,rf_window_features,8,184,162,1,0,1,0,0,1,0,0,0,15,0,0.13177777777777774,0.3833333333333333
GripLost,rf_window_features,8,185,163,1,0,1,0,0,1,0,0,0,6,0,0.07722222222222218,0.11
GripLost,rf_window_features,8,199,176,1,0,1,0,0,1,0,0,0,7,0,0.041428571428571384,0.0966666666666666
GripLost,rf_window_features,8,200,177,1,1,1,1,1,1,0,1,0,15,12,0.6413333333333333,0.97
GripLost,rf_window_features,9,201,178,1,0,1,0,0,1,0,0,0,30,0,0.057333333333333306,0.26
GripLost,rf_window_features,9,202,179,1,1,1,1,1,1,0,1,0,15,6,0.428,0.87
GripLost,rf_window_features,9,203,180,1,0,1,0,0,1,0,0,0,15,0,0.03688888888888887,0.14
GripLost,rf_window_features,9,204,181,1,0,1,0,0,1,0,0,0,38,0,0.11052631578947364,0.4933333333333333
GripLost,rf_window_features,9,205,182,1,0,1,0,0,1,0,0,0,16,0,0.04541666666666663,0.2166666666666666
GripLost,rf_window_features,9,206,183,1,0,1,0,0,1,0,0,0,18,0,0.017037037037036996,0.0766666666666666
GripLost,rf_window_features,9,207,184,1,0,1,0,0,1,0,0,0,15,0,0.07066666666666663,0.3066666666666666
GripLost,rf_window_features,9,208,185,1,1,1,1,1,1,0,1,0,14,8,0.5116666666666666,0.8033333333333333
GripLost,rf_window_features,9,209,186,1,0,1,0,0,1,0,0,0,15,0,0.05911111111111108,0.1566666666666666
GripLost,rf_window_features,9,210,187,1,0,1,1,0,1,1,0,0,49,1,0.13829931972789114,0.6933333333333334
GripLost,rf_window_features,9,211,188,1,0,1,0,0,1,0,0,0,15,0,0.026444444444444416,0.1233333333333333
GripLost,rf_window_features,9,212,189,1,0,1,0,0,1,0,0,0,19,0,0.0621052631578947,0.4233333333333333
GripLost,rf_window_features,9,213,190,1,0,1,0,0,1,0,0,0,15,0,0.045333333333333295,0.1466666666666666
GripLost,rf_window_features,9,214,191,1,1,1,1,1,1,0,1,0,40,10,0.27949999999999997,0.9433333333333334
GripLost,rf_window_features,9,215,192,1,0,1,0,0,1,0,0,0,31,0,0.09666666666666664,0.3166666666666666
GripLost,rf_window_features,9,216,193,1,1,1,1,1,1,0,1,0,16,4,0.27125,0.6266666666666667
GripLost,rf_window_features,9,217,194,1,0,1,0,0,1,0,0,0,17,0,0.08137254901960783,0.1433333333333333
GripLost,rf_window_features,9,218,195,1,0,1,1,0,1,1,0,0,18,1,0.06370370370370367,0.5066666666666667
GripLost,rf_window_features,9,219,196,1,1,1,1,1,1,0,1,0,23,2,0.2326086956521739,0.5833333333333334
GripLost,rf_window_features,9,220,197,1,0,1,0,0,1,0,0,0,32,0,0.10666666666666663,0.38
GripLost,rf_window_features,9,221,198,1,1,1,1,1,1,0,1,0,19,3,0.17491228070175435,0.7766666666666666
GripLost,rf_window_features,9,222,199,1,0,1,0,0,1,0,0,0,18,0,0.09740740740740739,0.3733333333333333
GripLost,rf_window_features,9,223,200,1,0,1,0,0,1,0,0,0,19,0,0.026666666666666616,0.1066666666666666
GripLost,rf_window_features,9,224,201,1,0,1,0,0,1,0,0,0,19,0,0.01999999999999997,0.1333333333333333
GripLost,rf_window_features,9,225,202,1,0,1,0,0,1,0,0,0,19,0,0.04666666666666663,0.2766666666666666
GripLost,rf_window_features,9,224,210,2,0,1,0,0,1,0,0,0,16,0,0.04083333333333329,0.1333333333333333
GripLost,rf_window_features,10,226,203,1,0,1,0,0,1,0,0,0,19,0,0.0957894736842105,0.2966666666666667
GripLost,rf_window_features,10,227,204,1,0,1,0,0,1,0,0,0,18,0,0.11537037037037035,0.3233333333333333
GripLost,rf_window_features,10,229,205,1,0,1,0,0,1,0,0,0,42,0,0.13460317460317459,0.3533333333333333
GripLost,rf_window_features,10,230,206,1,0,1,0,0,1,0,0,0,18,0,0.14259259259259255,0.2266666666666666
GripLost,rf_window_features,10,231,207,1,0,1,0,0,1,0,0,0,35,0,0.11761904761904758,0.2333333333333333
GripLost,rf_window_features,10,232,208,1,0,1,0,0,1,0,0,0,15,0,0.1662222222222222,0.3166666666666666
GripLost,rf_window_features,10,233,209,1,0,1,0,0,1,0,0,0,31,0,0.14473118279569888,0.2566666666666666
GripLost,rf_window_features,10,230,216,2,0,1,0,0,1,0,0,0,20,0,0.07283333333333329,0.1166666666666666
GripLost,rf_window_features,10,231,217,2,0,1,0,0,1,0,0,0,18,0,0.14111111111111108,0.3266666666666666
GripLost,rf_window_features,10,232,218,2,1,1,1,1,1,0,1,0,20,2,0.3261666666666666,0.7266666666666667
GripLost,rf_window_features,10,233,219,2,1,1,1,1,1,0,1,0,15,3,0.344,0.6666666666666666
GripLost,rf_window_features,10,234,220,1,1,1,0,0,1,0,0,1,52,0,0.13147435897435894,0.39
GripLost,rf_window_features,10,235,221,1,0,1,0,0,1,0,0,0,18,0,0.112037037037037,0.3333333333333333
GripLost,rf_window_features,10,236,222,1,0,1,0,0,1,0,0,0,15,0,0.15977777777777774,0.3166666666666666
GripLost,rf_window_features,10,237,223,1,1,1,1,1,1,0,1,0,43,6,0.21449612403100773,0.6066666666666667
GripLost,rf_window_features,10,238,224,1,0,1,0,0,1,0,0,0,15,0,0.08844444444444441,0.1966666666666666
GripLost,rf_window_features,10,239,225,1,0,1,1,0,1,1,0,0,34,2,0.16656862745098036,0.6033333333333334
GripLost,rf_window_features,10,240,226,1,0,1,0,0,1,0,0,0,37,0,0.10486486486486482,0.3
GripLost,rf_window_features,10,241,227,1,0,1,0,0,1,0,0,0,15,0,0.2113333333333333,0.3166666666666666
GripLost,rf_window_features,10,242,228,1,0,1,0,0,1,0,0,0,43,0,0.09480620155038756,0.3266666666666666
GripLost,rf_window_features,10,243,229,1,0,1,0,0,1,0,0,0,16,0,0.12354166666666663,0.22
GripLost,rf_window_features,10,245,230,1,0,1,0,0,1,0,0,0,15,0,0.10911111111111109,0.21
GripLost,rf_window_features,10,246,231,1,0,1,0,0,1,0,0,0,40,0,0.13191666666666663,0.2833333333333333
GripLost,rf_window_features,10,247,232,1,1,1,0,0,1,0,0,1,46,0,0.1323188405797101,0.34
GripLost,rf_window_features,10,248,233,1,0,1,0,0,1,0,0,0,15,0,0.09599999999999996,0.2233333333333333
GripLost,rf_window_features,10,249,234,1,0,1,0,0,1,0,0,0,37,0,0.10900900900900898,0.2566666666666666
GripLost,rf_window_features,10,250,235,1,1,1,1,1,1,0,1,0,33,9,0.2807070707070707,0.7766666666666666
System_Failure,1d_cnn,1,1,1,1,1,3,3,3,2,0,1,0,30,12,0.44173923056158754,0.8646915952364603
System_Failure,1d_cnn,1,2,2,1,1,3,3,3,2,0,1,0,37,31,0.7089107968919987,0.9122908512751261
System_Failure,1d_cnn,1,3,3,1,0,3,0,0,2,0,0,0,17,0,0.1673043256296831,0.29810339212417597
System_Failure,1d_cnn,1,4,4,1,0,3,0,0,2,0,0,0,15,0,0.17640694354971248,0.3137671848138173
System_Failure,1d_cnn,1,5,5,1,1,3,3,3,2,0,1,0,18,6,0.4608820566424617,0.7622752785682678
System_Failure,1d_cnn,1,6,6,1,1,3,3,3,2,0,1,0,22,13,0.500943905702143,0.727992574373881
System_Failure,1d_cnn,1,8,8,1,0,3,0,0,2,0,0,0,15,0,0.1623384919017553,0.2631904681523641
System_Failure,1d_cnn,1,9,9,1,0,3,1,0,2,0,0,0,15,0,0.1686514562823706,0.4235413869222005
System_Failure,1d_cnn,1,10,10,1,0,3,0,0,2,0,0,0,15,0,0.11295784864471185,0.21520268420378363
System_Failure,1d_cnn,1,11,11,1,0,3,1,0,2,0,0,0,16,0,0.2655719505855813,0.5460362533728281
System_Failure,1d_cnn,1,12,12,1,0,3,0,0,2,0,0,0,15,0,0.17435977674192848,0.3022210995356241
System_Failure,1d_cnn,1,13,13,1,0,3,1,0,2,0,0,0,15,0,0.25825784976283706,0.5125272373358408
System_Failure,1d_cnn,1,14,14,1,1,3,3,3,2,0,1,0,19,10,0.52320296624512,0.810596247514089
System_Failure,1d_cnn,1,15,15,1,1,3,3,3,2,0,1,0,14,8,0.5513563173867407,0.805336614449819
System_Failure,1d_cnn,1,16,16,1,0,3,0,0,2,0,0,0,16,0,0.18272087338846174,0.25893676777680713
System_Failure,1d_cnn,1,17,17,1,0,3,0,0,2,0,0,0,15,0,0.16142934684952098,0.25291282186905545
System_Failure,1d_cnn,1,18,18,1,0,3,2,0,2,1,0,0,16,2,0.2768334199984868,0.5754656294981638
System_Failure,1d_cnn,1,19,19,1,0,3,0,0,2,0,0,0,15,0,0.17542208217912247,0.269735445578893
System_Failure,1d_cnn,1,20,20,1,0,3,0,0,2,0,0,0,15,0,0.1203899976952622,0.2777810792128245
System_Failure,1d_cnn,1,21,21,1,0,3,1,0,2,0,0,0,16,0,0.24167107697576282,0.3751002748807271
System_Failure,1d_cnn,1,22,22,1,1,3,3,3,2,0,1,0,27,12,0.42400605978881134,0.8336982131004333
System_Failure,1d_cnn,1,23,23,1,0,3,0,0,2,0,0,0,15,0,0.1620795425855451,0.3187646468480428
System_Failure,1d_cnn,1,24,24,1,0,3,0,0,2,0,0,0,15,0,0.09340744856745001,0.1941625364124775
System_Failure,1d_cnn,1,25,25,1,0,3,0,0,2,0,0,0,16,0,0.15972994474577715,0.20782248427470518
System_Failure,1d_cnn,2,26,26,1,0,3,0,0,2,0,0,0,15,0,0.16390291164732637,0.43486445148785907
System_Failure,1d_cnn,2,27,27,1,0,3,0,0,2,0,0,0,15,0,0.05760278813540931,0.13754517088333765
System_Failure,1d_cnn,2,28,28,1,0,3,3,0,2,1,0,0,16,3,0.31847229622508166,0.6077254811922709
System_Failure,1d_cnn,2,29,29,1,0,3,0,0,2,0,0,0,15,0,0.11592184762573901,0.3591957887013753
System_Failure,1d_cnn,2,30,30,1,0,3,0,0,2,0,0,0,15,0,0.06275213445640268,0.21047275761763254
System_Failure,1d_cnn,2,31,31,1,0,3,0,0,2,0,0,0,14,0,0.015811732688148106,0.045753673960765164
System_Failure,1d_cnn,2,32,32,1,0,3,0,0,2,0,0,0,15,0,0.03935957332141693,0.10983099540074659
System_Failure,1d_cnn,2,33,33,1,0,3,1,0,2,0,0,0,16,0,0.19327776273227448,0.3540523846944173
System_Failure,1d_cnn,2,34,34,1,0,3,1,0,2,0,0,0,15,0,0.15520363472298612,0.44619158903757733
System_Failure,1d_cnn,2,35,35,1,1,3,3,3,2,0,1,0,20,3,0.1956956581678241,0.7109157045682272
System_Failure,1d_cnn,2,36,36,1,1,3,3,3,2,0,1,0,24,21,0.8182034049597052,0.9823947548866272
System_Failure,1d_cnn,2,37,37,1,0,3,0,0,2,0,0,0,15,0,0.16721104140807352,0.3044648617506027
System_Failure,1d_cnn,2,38,38,1,0,3,0,0,2,0,0,0,15,0,0.08449784833161779,0.29317692915598553
System_Failure,1d_cnn,2,39,39,1,1,3,3,3,2,0,1,0,15,9,0.5458152370320426,0.8998004198074341
System_Failure,1d_cnn,2,40,40,1,1,3,3,3,2,0,1,0,20,14,0.6548118346681198,0.9574196934700012
System_Failure,1d_cnn,2,41,41,1,0,3,0,0,2,0,0,0,15,0,0.10709760705423019,0.4214295546213785
System_Failure,1d_cnn,2,42,42,1,1,3,3,3,2,0,1,0,71,66,0.8809666440870281,0.9990724523862203
System_Failure,1d_cnn,2,43,43,1,0,3,0,0,2,0,0,0,15,0,0.0654598111286759,0.14674534897009525
System_Failure,1d_cnn,2,44,44,1,0,3,0,0,2,0,0,0,15,0,0.0782918209701569,0.3279657264550527
System_Failure,1d_cnn,2,45,45,1,0,3,0,0,2,0,0,0,15,0,0.028830896632280157,0.09996100390950834
System_Failure,1d_cnn,2,48,48,1,0,3,0,0,2,0,0,0,15,0,0.06584513107211219,0.23679038385550177
System_Failure,1d_cnn,2,49,49,1,0,3,0,0,2,0,0,0,15,0,0.06763728546599543,0.2437288363774617
System_Failure,1d_cnn,2,50,50,1,0,3,0,0,2,0,0,0,15,0,0.019747650017961818,0.05106619124611217
System_Failure,1d_cnn,3,51,51,1,0,3,0,0,2,0,0,0,15,0,0.023707606141558906,0.06546130838493501
System_Failure,1d_cnn,3,52,52,1,0,3,0,0,2,0,0,0,15,0,0.027444735521243626,0.07920907437801357
System_Failure,1d_cnn,3,53,53,1,1,3,3,3,2,0,1,0,43,29,0.6026952708214015,0.9462060729662577
System_Failure,1d_cnn,3,54,54,1,0,3,0,0,2,0,0,0,15,0,0.04199757705985874,0.10807977865139635
System_Failure,1d_cnn,3,55,55,1,0,3,0,0,2,0,0,0,15,0,0.038006710385282784,0.19290502866109205
System_Failure,1d_cnn,3,56,56,1,0,3,0,0,2,0,0,0,15,0,0.05573832106828271,0.17534064749876657
System_Failure,1d_cnn,3,57,57,1,0,3,0,0,2,0,0,0,32,0,0.042751487831992514,0.23189917206764213
System_Failure,1d_cnn,3,58,58,1,0,3,3,0,2,1,0,0,15,3,0.20628893993174033,0.6416286627451578
System_Failure,1d_cnn,3,59,59,1,0,3,0,0,2,0,0,0,15,0,0.024726932992537767,0.09183585271239277
System_Failure,1d_cnn,3,60,60,1,0,3,0,0,2,0,0,0,16,0,0.07511741301277648,0.2086578235030174
System_Failure,1d_cnn,3,61,61,1,0,3,0,0,2,0,0,0,13,0,0.02984472411947368,0.11515573908885317
System_Failure,1d_cnn,3,62,62,1,0,3,0,0,2,0,0,0,16,0,0.050611219936399665,0.30223222573598224
System_Failure,1d_cnn,3,63,63,1,1,3,3,3,2,0,1,0,31,13,0.4517705342381872,0.9002367456754049
System_Failure,1d_cnn,3,64,64,1,1,3,3,3,2,0,1,0,16,6,0.3849867732884983,0.8704028526941935
System_Failure,1d_cnn,3,65,65,1,1,3,3,3,2,0,1,0,13,2,0.21857536641451025,0.5865666270256042
System_Failure,1d_cnn,3,66,66,1,0,3,0,0,2,0,0,0,17,0,0.17969610587712007,0.45251917839050293
System_Failure,1d_cnn,3,67,67,1,1,3,3,3,2,0,1,0,15,6,0.40452391679088273,0.8658502499262491
System_Failure,1d_cnn,3,68,68,1,0,3,0,0,2,0,0,0,15,0,0.029080720758065535,0.05734715114037193
System_Failure,1d_cnn,3,69,69,1,1,3,3,3,2,0,1,0,24,13,0.5516726089537972,0.9339901407559713
System_Failure,1d_cnn,3,70,70,1,0,3,0,0,2,0,0,0,15,0,0.06337510242333838,0.2658261011044184
System_Failure,1d_cnn,3,71,71,1,0,3,0,0,2,0,0,0,9,0,0.17596838374932602,0.2845068325599034
System_Failure,1d_cnn,3,72,72,1,0,3,0,0,2,0,0,0,15,0,0.05162951306362322,0.13683307170867917
System_Failure,1d_cnn,3,73,73,1,0,3,3,0,2,1,0,0,16,2,0.25703292794059956,0.6537259817123413
System_Failure,1d_cnn,3,75,74,1,0,3,0,0,2,0,0,0,15,0,0.08504677361084352,0.25344638029734295
System_Failure,1d_cnn,4,76,75,1,1,3,3,3,2,0,1,0,15,6,0.39194556617488463,0.9265615145365397
System_Failure,1d_cnn,4,85,84,1,0,3,3,0,2,1,0,0,20,5,0.30272608173363547,0.9454817573229471
System_Failure,1d_cnn,4,86,85,1,1,3,3,3,2,0,1,0,20,11,0.548489456747969,0.949934164683024
System_Failure,1d_cnn,4,87,86,1,1,3,3,3,2,0,1,0,20,5,0.22527996405743425,0.8556517163912455
System_Failure,1d_cnn,4,88,87,1,0,3,0,0,2,0,0,0,15,0,0.012595148636157471,0.0562995951622724
System_Failure,1d_cnn,4,89,88,1,0,3,2,0,2,1,0,0,15,3,0.19756611437122854,0.6619804600874583
System_Failure,1d_cnn,4,90,89,1,0,3,0,0,2,0,0,0,15,0,0.025164318964299173,0.08171240737040834
System_Failure,1d_cnn,4,91,90,1,1,3,3,3,2,0,1,0,15,9,0.5821738026208347,0.9479797681172689
System_Failure,1d_cnn,4,92,91,1,1,3,3,3,2,0,1,0,15,10,0.5515293441712856,0.9560652176539103
System_Failure,1d_cnn,4,93,92,1,0,3,0,0,2,0,0,0,15,0,0.004215896849483273,0.02528769522905343
System_Failure,1d_cnn,4,94,93,1,0,3,0,0,2,0,0,0,15,0,0.007274744576231211,0.04475807336469483
System_Failure,1d_cnn,4,95,94,1,1,3,3,3,2,0,1,0,15,9,0.5574569577972094,0.9907893141110738
System_Failure,1d_cnn,4,96,95,1,1,3,3,3,2,0,1,0,7,5,0.7383285823854662,0.989250918229421
System_Failure,1d_cnn,4,97,96,1,1,3,3,3,2,0,1,0,15,9,0.560878228975667,0.9843412240346273
System_Failure,1d_cnn,4,98,97,1,0,3,2,0,2,1,0,0,15,1,0.05614710085857137,0.5769940217336019
System_Failure,1d_cnn,4,99,98,1,1,3,3,3,2,0,1,0,92,47,0.5316328280543161,0.9990250070889791
System_Failure,1d_cnn,4,100,99,1,0,3,0,0,2,0,0,0,15,0,0.025492981114398846,0.09700639670093851
System_Failure,1d_cnn,5,101,100,1,0,3,0,0,2,0,0,0,15,0,0.06731865778306702,0.16884993016719818
System_Failure,1d_cnn,5,102,101,1,0,3,0,0,2,0,0,0,15,0,0.05529234616034142,0.15845721463362372
System_Failure,1d_cnn,5,103,102,1,1,3,3,3,2,0,1,0,54,47,0.7942127984155107,0.9985522031784058
System_Failure,1d_cnn,5,104,103,1,0,3,0,0,2,0,0,0,2,0,0.0051826383375252,0.0068173048396905
System_Failure,1d_cnn,5,105,104,1,1,3,3,3,2,0,1,0,14,5,0.4907065361649507,0.9847200314203898
System_Failure,1d_cnn,5,106,105,1,0,3,0,0,2,0,0,0,15,0,0.018638979578908067,0.05032211790482197
System_Failure,1d_cnn,5,107,106,1,0,3,0,0,2,0,0,0,15,0,0.03574586297618221,0.1789771392941475
System_Failure,1d_cnn,5,108,107,1,1,3,3,3,2,0,1,0,47,20,0.4236646783552611,0.9793604811032613
System_Failure,1d_cnn,5,109,108,1,0,3,0,0,2,0,0,0,15,0,0.07950360140142337,0.19806721061468122
System_Failure,1d_cnn,5,110,109,1,0,3,1,0,2,0,0,0,4,0,0.1742293921609719,0.2938665797313054
System_Failure,1d_cnn,5,111,110,1,0,3,1,0,2,0,0,0,16,0,0.051158756513965835,0.448245773712794
System_Failure,1d_cnn,5,112,111,1,0,3,0,0,2,0,0,0,15,0,0.02043622124603841,0.08353675901889797
System_Failure,1d_cnn,5,113,112,1,0,3,1,0,2,0,0,0,15,0,0.09225163774357897,0.27022115637858707
System_Failure,1d_cnn,5,114,113,1,0,3,0,0,2,0,0,0,16,0,0.07732484133642473,0.31764360765616095
System_Failure,1d_cnn,5,115,114,1,1,3,3,3,2,0,1,0,43,10,0.30206672791319417,0.9946919083595276
System_Failure,1d_cnn,5,116,115,1,0,3,0,0,2,0,0,0,15,0,0.035287449272840964,0.0900351554155349
System_Failure,1d_cnn,5,117,116,1,1,3,3,3,2,0,1,0,19,5,0.3088679752770092,0.9974375367164612
System_Failure,1d_cnn,5,118,117,1,1,3,3,3,2,0,1,0,30,9,0.2910008223949666,0.9544659654299418
System_Failure,1d_cnn,5,119,118,1,0,3,0,0,2,0,0,0,16,0,0.02722146183077707,0.19775213052829102
System_Failure,1d_cnn,5,120,119,1,0,3,0,0,2,0,0,0,15,0,0.061307854608943016,0.171836033463478
System_Failure,1d_cnn,5,121,120,1,0,3,0,0,2,0,0,0,16,0,0.013987847490208531,0.09073177228371297
System_Failure,1d_cnn,5,122,121,1,0,3,0,0,2,0,0,0,15,0,0.024176692208533853,0.12792661537726716
System_Failure,1d_cnn,5,123,122,1,0,3,0,0,2,0,0,0,14,0,0.028630137753983282,0.19233852128187812
System_Failure,1d_cnn,5,124,123,1,0,3,0,0,2,0,0,0,16,0,0.026937948756161203,0.12821441143751142
System_Failure,1d_cnn,5,125,124,1,0,3,0,0,2,0,0,0,13,0,0.021650190268887922,0.08345950394868847
System_Failure,1d_cnn,7,151,129,1,0,3,0,0,2,0,0,0,15,0,0.00934820654866695,0.0379617953052123
System_Failure,1d_cnn,7,152,130,1,1,3,3,3,2,0,1,0,21,7,0.3291439711873184,0.9998173316319784
System_Failure,1d_cnn,7,153,131,1,0,3,0,0,2,0,0,0,15,0,0.007699845688572731,0.028746072823802565
System_Failure,1d_cnn,7,154,132,1,0,3,0,0,2,0,0,0,16,0,0.037316150697430765,0.10635297993818917
System_Failure,1d_cnn,7,155,133,1,0,3,0,0,2,0,0,0,15,0,0.026374860770172488,0.10494851569334661
System_Failure,1d_cnn,7,156,134,1,0,3,0,0,2,0,0,0,15,0,0.0293078653954176,0.17297063519557318
System_Failure,1d_cnn,7,157,135,1,0,3,0,0,2,0,0,0,16,0,0.028401232696827067,0.21684932584563887
System_Failure,1d_cnn,7,159,137,1,1,3,3,3,2,0,1,0,23,9,0.4084858530778033,0.9999969005584716
System_Failure,1d_cnn,7,160,138,1,1,3,3,3,2,0,1,0,16,7,0.43365540635083255,0.9003166755040487
System_Failure,1d_cnn,7,161,139,1,0,3,0,0,2,0,0,0,15,0,0.025041180453263177,0.1560124109188715
System_Failure,1d_cnn,7,162,140,1,0,3,0,0,2,0,0,0,15,0,0.0866259262224452,0.27702010298768676
System_Failure,1d_cnn,7,163,141,1,1,3,3,3,2,0,1,0,44,13,0.32508638828364905,0.9986181259155273
System_Failure,1d_cnn,7,164,142,1,1,3,3,3,2,0,1,0,21,11,0.5272607514819514,0.9957554539044698
System_Failure,1d_cnn,7,165,143,1,0,3,0,0,2,0,0,0,15,0,0.09709763182327148,0.18317955235640207
System_Failure,1d_cnn,7,166,144,1,0,3,0,0,2,0,0,0,15,0,0.03484720519692115,0.13119247555732724
System_Failure,1d_cnn,7,167,145,1,0,3,3,0,2,1,0,0,15,1,0.11204421710636875,0.580273429552714
System_Failure,1d_cnn,7,168,146,1,0,3,0,0,2,0,0,0,16,0,0.09071954236909122,0.2765424946943919
System_Failure,1d_cnn,7,169,147,1,0,3,0,0,2,0,0,0,15,0,0.010822699822650323,0.0484910799811283
System_Failure,1d_cnn,7,170,148,1,1,3,3,3,2,0,1,0,47,9,0.2556273253223403,0.992862860361735
System_Failure,1d_cnn,7,171,149,1,0,3,0,0,2,0,0,0,15,0,0.07377658287166716,0.1857298413912455
System_Failure,1d_cnn,7,172,150,1,0,3,0,0,2,0,0,0,15,0,0.013915688556800034,0.07761597012480097
System_Failure,1d_cnn,7,173,151,1,1,3,3,3,2,0,1,0,21,9,0.40714146417846514,0.8810322483380636
System_Failure,1d_cnn,7,174,152,1,1,3,3,3,2,0,1,0,19,7,0.46527682406533705,0.9980110923449198
System_Failure,1d_cnn,7,175,153,1,1,3,3,3,2,0,1,0,35,8,0.25722503930751583,0.9773373007774353
System_Failure,1d_cnn,8,176,154,1,0,3,0,0,2,0,0,0,15,0,0.2588815563254886,0.34868175784746797
System_Failure,1d_cnn,8,177,155,1,0,3,0,0,2,0,0,0,15,0,0.19140691906213755,0.35515140493710834
System_Failure,1d_cnn,8,178,156,1,0,3,1,0,2,0,0,0,16,0,0.2565181446261704,0.4173249999682109
System_Failure,1d_cnn,8,179,157,1,0,3,1,0,2,0,0,0,15,0,0.28357302281591623,0.43592549363772076
System_Failure,1d_cnn,8,180,158,1,1,3,2,2,2,0,1,0,15,3,0.2867909130122926,0.4987955689430237
System_Failure,1d_cnn,8,181,159,1,0,3,0,0,2,0,0,0,14,0,0.14978039592859285,0.3164986968040466
System_Failure,1d_cnn,8,182,160,1,1,3,3,3,2,0,1,0,18,4,0.3949721181006343,0.832679033279419
System_Failure,1d_cnn,8,183,161,1,1,3,3,3,2,0,1,0,38,16,0.40608849735897884,0.9714939395586649
System_Failure,1d_cnn,8,184,162,1,0,3,0,0,2,0,0,0,15,0,0.25211921003129745,0.41492789983749384
System_Failure,1d_cnn,8,185,163,1,1,3,3,3,2,0,1,0,6,6,0.985159115658866,0.9930291970570883
System_Failure,1d_cnn,8,199,176,1,0,3,0,0,2,0,0,0,7,0,0.2562609314918518,0.33477119108041126
System_Failure,1d_cnn,8,200,177,1,1,3,3,3,2,0,1,0,15,6,0.40286399026711783,0.6758149266242981
System_Failure,1d_cnn,9,201,178,1,1,3,3,3,2,0,1,0,30,12,0.49072386299570403,0.9741031328837076
System_Failure,1d_cnn,9,202,179,1,1,3,3,3,2,0,1,0,15,4,0.3219844304853015,0.6477319598197937
System_Failure,1d_cnn,9,203,180,1,0,3,0,0,2,0,0,0,15,0,0.17104575178689424,0.36151230335235596
System_Failure,1d_cnn,9,204,181,1,1,3,3,3,2,0,1,0,38,12,0.4604982793527214,0.9789088765780131
System_Failure,1d_cnn,9,205,182,1,0,3,2,0,2,1,0,0,16,2,0.23924718253935373,0.6098817388216654
System_Failure,1d_cnn,9,206,183,1,1,3,3,3,2,0,1,0,18,5,0.34007171262055635,0.991901715596517
System_Failure,1d_cnn,9,207,184,1,0,3,3,0,2,1,0,0,15,3,0.24252143924434977,0.7608780860900879
System_Failure,1d_cnn,9,208,185,1,1,3,3,3,2,0,1,0,14,7,0.3768475415805975,0.6257367134094238
System_Failure,1d_cnn,9,209,186,1,0,3,3,0,2,1,0,0,15,2,0.20400186479091642,0.5881251692771912
System_Failure,1d_cnn,9,210,187,1,1,3,3,3,2,0,1,0,49,14,0.4552589316858726,0.996365487575531
System_Failure,1d_cnn,9,211,188,1,0,3,2,0,2,1,0,0,15,0,0.18771074861288065,0.5364687244097391
System_Failure,1d_cnn,9,212,189,1,1,3,3,3,2,0,1,0,19,5,0.49961112400418833,0.9356041153271993
System_Failure,1d_cnn,9,213,190,1,0,3,0,0,2,0,0,0,15,0,0.19762978570328815,0.4330328901608785
System_Failure,1d_cnn,9,214,191,1,1,3,3,3,2,0,1,0,40,19,0.5308788203323881,0.9736598531405131
System_Failure,1d_cnn,9,215,192,1,1,3,3,1,2,0,0,1,31,2,0.28432801181590683,0.5250658988952637
System_Failure,1d_cnn,9,216,193,1,1,3,3,3,2,0,1,0,16,3,0.37477439766128856,0.7383732795715332
System_Failure,1d_cnn,9,217,194,1,1,3,1,1,2,0,0,1,17,0,0.2425523293661136,0.4805454115072885
System_Failure,1d_cnn,9,218,195,1,1,3,3,3,2,0,1,0,18,3,0.213875439716503,0.8521024584770203
System_Failure,1d_cnn,9,219,196,1,1,3,3,3,2,0,1,0,23,11,0.4819383708409209,0.879200279712677
System_Failure,1d_cnn,9,220,197,1,1,3,3,3,2,0,1,0,32,8,0.35106678210043657,0.9178705811500549
System_Failure,1d_cnn,9,221,198,1,1,3,3,3,2,0,1,0,19,4,0.27356161301334697,0.7875013550122579
System_Failure,1d_cnn,9,222,199,1,1,3,3,3,2,0,1,0,18,4,0.3253179223587115,0.922975758711497
System_Failure,1d_cnn,9,223,200,1,1,3,3,3,2,0,1,0,19,7,0.41049410543290143,0.9843751788139343
System_Failure,1d_cnn,9,224,201,1,1,3,3,3,2,0,1,0,19,7,0.4030272233250894,0.9921724597613016
System_Failure,1d_cnn,9,225,202,1,1,3,3,3,2,0,1,0,19,5,0.3414708611212278,0.8636075456937155
System_Failure,1d_cnn,9,224,210,2,1,3,3,3,2,0,1,0,16,6,0.41384841641411185,0.8724535902341207
System_Failure,1d_cnn,10,226,203,1,1,3,3,3,2,0,1,0,19,11,0.6141682524691549,0.9946019848187765
System_Failure,1d_cnn,10,227,204,1,1,3,2,1,2,0,0,1,18,1,0.2677492286871981,0.4528798460960388
System_Failure,1d_cnn,10,229,205,1,1,3,3,3,2,0,1,0,42,19,0.5327564149592368,0.9965270161628723
System_Failure,1d_cnn,10,230,206,1,1,3,3,3,2,0,1,0,18,6,0.40473059302678815,0.776283840338389
System_Failure,1d_cnn,10,231,207,1,1,3,3,3,2,0,1,0,35,14,0.45025799804854955,0.9978002905845641
System_Failure,1d_cnn,10,232,208,1,0,3,3,0,2,1,0,0,15,2,0.2432474067641629,0.6245039701461792
System_Failure,1d_cnn,10,233,209,1,1,3,3,3,2,0,1,0,31,17,0.5650578806557323,0.9957617123921713
System_Failure,1d_cnn,10,230,216,2,1,3,3,3,2,0,1,0,20,6,0.23137466070863105,0.6860589981079102
System_Failure,1d_cnn,10,231,217,2,1,3,3,3,2,0,1,0,18,6,0.43176912571544995,0.9941826264063517
System_Failure,1d_cnn,10,232,218,2,1,3,3,3,2,0,1,0,20,13,0.5674016222978631,0.9100218613942465
System_Failure,1d_cnn,10,233,219,2,1,3,3,3,2,0,1,0,15,5,0.39933776540888677,0.7538929382960001
System_Failure,1d_cnn,10,234,220,1,1,3,3,3,2,0,1,0,52,10,0.3377691959150326,0.9177505373954773
System_Failure,1d_cnn,10,235,221,1,1,3,3,3,2,0,1,0,18,7,0.44863512298023256,0.7521284421284994
System_Failure,1d_cnn,10,236,222,1,0,3,3,0,2,1,0,0,15,9,0.49433237115542095,0.629935642083486
System_Failure,1d_cnn,10,237,223,1,1,3,3,3,2,0,1,0,43,23,0.5667100302124208,0.9984941283861796
System_Failure,1d_cnn,10,238,224,1,0,3,0,0,2,0,0,0,15,0,0.14250222436255874,0.3195581038792928
System_Failure,1d_cnn,10,239,225,1,1,3,3,3,2,0,1,0,34,16,0.5201678411377704,0.9784898559252421
System_Failure,1d_cnn,10,240,226,1,1,3,3,3,2,0,1,0,37,9,0.4606659874185785,0.9837732315063477
System_Failure,1d_cnn,10,241,227,1,0,3,1,0,2,0,0,0,15,0,0.22109573338594699,0.44876807928085327
System_Failure,1d_cnn,10,242,228,1,1,3,3,3,2,0,1,0,43,8,0.297905037540567,0.8147546648979187
System_Failure,1d_cnn,10,243,229,1,0,3,3,0,2,1,0,0,16,3,0.31606874040638405,0.7165327270825704
System_Failure,1d_cnn,10,245,230,1,0,3,2,0,2,1,0,0,15,2,0.282041804658042,0.5691285133361816
System_Failure,1d_cnn,10,246,231,1,1,3,3,3,2,0,1,0,40,24,0.580522741843015,0.9981421629587809
System_Failure,1d_cnn,10,247,232,1,1,3,3,3,2,0,1,0,46,15,0.44195573261358595,0.9560283025105795
System_Failure,1d_cnn,10,248,233,1,0,3,1,0,2,0,0,0,15,0,0.2005243954559167,0.3944558600584666
System_Failure,1d_cnn,10,249,234,1,1,3,3,3,2,0,1,0,37,12,0.37290694269242586,0.7426139116287231
System_Failure,1d_cnn,10,250,235,1,1,3,3,3,2,0,1,0,33,19,0.4602442354321329,0.7360785802205404
System_Failure,lstm,1,1,1,1,1,3,2,2,2,0,1,0,30,12,0.2592077268804941,0.7210894227027893
System_Failure,lstm,1,2,2,1,1,3,3,3,2,0,1,0,37,30,0.6309645802856566,0.8921525279680887
System_Failure,lstm,1,3,3,1,0,3,0,0,2,0,0,0,17,0,0.06581468132379296,0.16791034738222754
System_Failure,lstm,1,4,4,1,0,3,0,0,2,0,0,0,15,0,0.056672065560188514,0.13734545310338334
System_Failure,lstm,1,5,5,1,1,3,3,3,2,0,1,0,18,6,0.3277334048826661,0.7507485151290894
System_Failure,lstm,1,6,6,1,1,3,3,3,2,0,1,0,22,3,0.29492662908424705,0.7385766903559366
System_Failure,lstm,1,8,8,1,0,3,0,0,2,0,0,0,15,0,0.07012423550089196,0.17854859804113699
System_Failure,lstm,1,9,9,1,0,3,1,0,2,0,0,0,15,0,0.10750281011892686,0.3518107570707798
System_Failure,lstm,1,10,10,1,0,3,0,0,2,0,0,0,15,0,0.062033247926996764,0.12770188351472214
System_Failure,lstm,1,11,11,1,0,3,0,0,2,0,0,0,16,0,0.14839167263320022,0.33342651029427844
System_Failure,lstm,1,12,12,1,0,3,0,0,2,0,0,0,15,0,0.08385559276988104,0.24162207047144568
System_Failure,lstm,1,13,13,1,0,3,1,0,2,0,0,0,15,0,0.15141338116178907,0.4419830838839213
System_Failure,lstm,1,14,14,1,1,3,3,3,2,0,1,0,19,13,0.6164538896103439,0.9362265268961588
System_Failure,lstm,1,15,15,1,1,3,3,3,2,0,1,0,14,8,0.5693885542984519,0.9106643795967102
System_Failure,lstm,1,16,16,1,0,3,0,0,2,0,0,0,16,0,0.049578015362688604,0.08671850090225534
System_Failure,lstm,1,17,17,1,0,3,0,0,2,0,0,0,15,0,0.061193957459181506,0.21974839518467584
System_Failure,lstm,1,18,18,1,0,3,2,0,2,1,0,0,16,1,0.1687294624910767,0.5580601195494334
System_Failure,lstm,1,19,19,1,0,3,0,0,2,0,0,0,15,0,0.07329641511767271,0.15617588162422177
System_Failure,lstm,1,20,20,1,0,3,0,0,2,0,0,0,15,0,0.060513367969542695,0.15946454182267186
System_Failure,lstm,1,21,21,1,0,3,1,0,2,0,0,0,16,0,0.09065816287087117,0.36646111309528345
System_Failure,lstm,1,22,22,1,1,3,3,3,2,0,1,0,27,12,0.41491340033503044,0.9009583791097006
System_Failure,lstm,1,23,23,1,0,3,0,0,2,0,0,0,15,0,0.07124353927146225,0.19916316556433833
System_Failure,lstm,1,24,24,1,0,3,0,0,2,0,0,0,15,0,0.03755550480240744,0.07461936399340625
System_Failure,lstm,1,25,25,1,0,3,0,0,2,0,0,0,16,0,0.047265205260676596,0.11073286955555277
System_Failure,lstm,2,26,26,1,0,3,1,0,2,0,0,0,15,0,0.17908196329242648,0.40526432792345685
System_Failure,lstm,2,27,27,1,0,3,0,0,2,0,0,0,15,0,0.10746354976048068,0.2129201889038085
System_Failure,lstm,2,28,28,1,0,3,3,0,2,1,0,0,16,3,0.3019631974942361,0.559220959742864
System_Failure,lstm,2,29,29,1,0,3,0,0,2,0,0,0,15,0,0.14863941023747124,0.3180436044931412
System_Failure,lstm,2,30,30,1,0,3,0,0,2,0,0,0,15,0,0.11824965510103433,0.20628149807453153
System_Failure,lstm,2,31,31,1,0,3,0,0,2,0,0,0,14,0,0.10855211164536216,0.21259032934904099
System_Failure,lstm,2,32,32,1,0,3,0,0,2,0,0,0,15,0,0.09535618532035083,0.15683558769524097
System_Failure,lstm,2,33,33,1,0,3,3,0,2,1,0,0,16,1,0.19428418957007426,0.48198089996973675
System_Failure,lstm,2,34,34,1,0,3,0,0,2,0,0,0,15,0,0.11351613091925776,0.2097545067469279
System_Failure,lstm,2,35,35,1,1,3,3,3,2,0,1,0,20,5,0.2986677811481059,0.6775360703468323
System_Failure,lstm,2,36,36,1,1,3,3,3,2,0,1,0,24,23,0.7842207224004798,0.9216261506080627
System_Failure,lstm,2,37,37,1,0,3,0,0,2,0,0,0,15,0,0.18444198403093545,0.288973405957222
System_Failure,lstm,2,38,38,1,0,3,1,0,2,0,0,0,15,0,0.14070618324395678,0.35406720638275146
System_Failure,lstm,2,39,39,1,1,3,3,3,2,0,1,0,15,10,0.5502853881981637,0.809889018535614
System_Failure,lstm,2,40,40,1,1,3,3,3,2,0,1,0,20,16,0.6628068948785464,0.8739505608876547
System_Failure,lstm,2,41,41,1,0,3,1,0,2,0,0,0,15,0,0.15290741481714776,0.3848511725664139
System_Failure,lstm,2,42,42,1,1,3,3,3,2,0,1,0,71,68,0.8107880649152496,0.9109147191047668
System_Failure,lstm,2,43,43,1,0,3,0,0,2,0,0,0,15,0,0.11311921307610137,0.18281499048074082
System_Failure,lstm,2,44,44,1,0,3,1,0,2,0,0,0,15,0,0.1192814592685964,0.4229673643906911
System_Failure,lstm,2,45,45,1,0,3,0,0,2,0,0,0,15,0,0.09259817809280418,0.20083673298358914
System_Failure,lstm,2,48,48,1,0,3,0,0,2,0,0,0,15,0,0.13167900732821886,0.20498425513505933
System_Failure,lstm,2,49,49,1,0,3,1,0,2,0,0,0,15,0,0.172199947014451,0.5065096219380697
System_Failure,lstm,2,50,50,1,0,3,0,0,2,0,0,0,15,0,0.0853346373678909,0.13024288664261496
System_Failure,lstm,3,51,51,1,0,3,0,0,2,0,0,0,15,0,0.05134187591158677,0.13637981315453843
System_Failure,lstm,3,52,52,1,0,3,0,0,2,0,0,0,15,0,0.04178356598648755,0.11509534344077106
System_Failure,lstm,3,53,53,1,1,3,3,3,2,0,1,0,43,29,0.5701382239601871,0.9514157772064209
System_Failure,lstm,3,54,54,1,0,3,0,0,2,0,0,0,15,0,0.06542828418314453,0.1848146704336007
System_Failure,lstm,3,55,55,1,0,3,0,0,2,0,0,0,15,0,0.05220279488712544,0.1474064414699872
System_Failure,lstm,3,56,56,1,0,3,0,0,2,0,0,0,15,0,0.08350076840983493,0.1927361798783143
System_Failure,lstm,3,57,57,1,0,3,0,0,2,0,0,0,32,0,0.06571093426706885,0.282749039431413
System_Failure,lstm,3,58,58,1,0,3,2,0,2,1,0,0,15,1,0.16953699199689756,0.49388863643010456
System_Failure,lstm,3,59,59,1,0,3,0,0,2,0,0,0,15,0,0.07068366170343422,0.14585926135381058
System_Failure,lstm,3,60,60,1,0,3,0,0,2,0,0,0,16,0,0.09321055415784936,0.20736112693945566
System_Failure,lstm,3,61,61,1,0,3,0,0,2,0,0,0,13,0,0.05653346289331328,0.21180150906244913
System_Failure,lstm,3,62,62,1,0,3,0,0,2,0,0,0,16,0,0.04072134192877754,0.14594512308637295
System_Failure,lstm,3,63,63,1,1,3,3,3,2,0,1,0,31,15,0.4700897289940747,0.8990514278411865
System_Failure,lstm,3,64,64,1,1,3,3,3,2,0,1,0,16,6,0.44119053485337645,0.9193354447682699
System_Failure,lstm,3,65,65,1,1,3,3,3,2,0,1,0,13,6,0.3438099423089088,0.7963934342066447
System_Failure,lstm,3,66,66,1,0,3,3,0,2,1,0,0,17,3,0.20316053413804253,0.6521609326203665
System_Failure,lstm,3,67,67,1,1,3,3,3,2,0,1,0,15,6,0.44467528611421586,0.9248079260190328
System_Failure,lstm,3,68,68,1,0,3,0,0,2,0,0,0,15,0,0.040195919200777946,0.08205821799735223
System_Failure,lstm,3,69,69,1,1,3,3,3,2,0,1,0,24,12,0.4855471168670596,0.9512205719947815
System_Failure,lstm,3,70,70,1,0,3,0,0,2,0,0,0,15,0,0.07689690175983636,0.25253358980019885
System_Failure,lstm,3,71,71,1,0,3,0,0,2,0,0,0,9,0,0.10035620374536068,0.1529653544227282
System_Failure,lstm,3,72,72,1,0,3,0,0,2,0,0,0,15,0,0.0941372852462033,0.21877784033616385
System_Failure,lstm,3,73,73,1,0,3,3,0,2,1,0,0,16,3,0.3134074232463414,0.6114729742209116
System_Failure,lstm,3,75,74,1,0,3,0,0,2,0,0,0,15,0,0.05736033995118401,0.1030198807517687
System_Failure,lstm,4,76,75,1,1,3,3,3,2,0,1,0,15,5,0.315288624436491,0.9601184527079264
System_Failure,lstm,4,85,84,1,0,3,3,0,2,1,0,0,20,6,0.3287014960272548,0.9537291328112284
System_Failure,lstm,4,86,85,1,1,3,3,3,2,0,1,0,20,13,0.6233937506253521,0.9884683688481649
System_Failure,lstm,4,87,86,1,1,3,3,3,2,0,1,0,20,6,0.2875034221913665,0.9879919489224752
System_Failure,lstm,4,88,87,1,0,3,1,0,2,0,0,0,15,0,0.030114818511841154,0.21183883150418595
System_Failure,lstm,4,89,88,1,0,3,3,0,2,1,0,0,15,3,0.18695211192179054,0.632699211438497
System_Failure,lstm,4,90,89,1,0,3,0,0,2,0,0,0,15,0,0.037796755176451424,0.17401774848500884
System_Failure,lstm,4,91,90,1,1,3,3,3,2,0,1,0,15,10,0.5544414628711011,0.8969734311103821
System_Failure,lstm,4,92,91,1,1,3,3,3,2,0,1,0,15,10,0.6008915967411464,0.98610387245814
System_Failure,lstm,4,93,92,1,0,3,0,0,2,0,0,0,15,0,0.01981335380890713,0.05214244313538074
System_Failure,lstm,4,94,93,1,0,3,0,0,2,0,0,0,15,0,0.01383026655918603,0.0317065686297913
System_Failure,lstm,4,95,94,1,1,3,3,3,2,0,1,0,15,8,0.51633243629088,0.9881577690442404
System_Failure,lstm,4,96,95,1,1,3,3,3,2,0,1,0,7,5,0.6592801958322525,0.9889951745669047
System_Failure,lstm,4,97,96,1,1,3,3,3,2,0,1,0,15,7,0.5079063734867506,0.988050123055776
System_Failure,lstm,4,98,97,1,0,3,1,0,2,0,0,0,15,0,0.031549487242268144,0.27694047552843887
System_Failure,lstm,4,99,98,1,1,3,3,3,2,0,1,0,92,54,0.6031236945148691,0.9942885637283325
System_Failure,lstm,4,100,99,1,0,3,0,0,2,0,0,0,15,0,0.023900203334374502,0.1103067640215158
System_Failure,lstm,5,101,100,1,0,3,1,0,2,0,0,0,15,0,0.09604728978334198,0.27198366696635884
System_Failure,lstm,5,102,101,1,0,3,0,0,2,0,0,0,15,0,0.057209925684663925,0.10867982481916744
System_Failure,lstm,5,103,102,1,1,3,3,3,2,0,1,0,54,48,0.7593315833788595,0.9956665436426798
System_Failure,lstm,5,104,103,1,0,3,0,0,2,0,0,0,2,0,0.037968597064415584,0.049014570191502536
System_Failure,lstm,5,105,104,1,1,3,3,3,2,0,1,0,14,10,0.6697377094200679,0.990476131439209
System_Failure,lstm,5,106,105,1,0,3,0,0,2,0,0,0,15,0,0.04552368996664877,0.10093561808268224
System_Failure,lstm,5,107,106,1,0,3,0,0,2,0,0,0,15,0,0.06961808967300583,0.32885322471459705
System_Failure,lstm,5,108,107,1,1,3,3,3,2,0,1,0,47,22,0.4569483927900222,0.9702006181081136
System_Failure,lstm,5,109,108,1,0,3,2,0,2,1,0,0,15,3,0.23011236238396826,0.7152095635732015
System_Failure,lstm,5,110,109,1,0,3,0,0,2,0,0,0,4,0,0.03363547792347766,0.0693785635133584
System_Failure,lstm,5,111,110,1,0,3,0,0,2,0,0,0,16,0,0.04206188527556753,0.11200941850741701
System_Failure,lstm,5,112,111,1,0,3,0,0,2,0,0,0,15,0,0.048982696876757624,0.13282919178406397
System_Failure,lstm,5,113,112,1,0,3,3,0,2,1,0,0,15,2,0.23300253094898327,0.6453464130560557
System_Failure,lstm,5,114,113,1,0,3,0,0,2,0,0,0,16,0,0.058466437563765745,0.14790894339481986
System_Failure,lstm,5,115,114,1,1,3,3,3,2,0,1,0,43,12,0.36865954624864367,0.9944553375244141
System_Failure,lstm,5,116,115,1,0,3,0,0,2,0,0,0,15,0,0.07691281523762473,0.316369225581487
System_Failure,lstm,5,117,116,1,1,3,3,3,2,0,1,0,19,5,0.4013615075433463,0.9916109442710876
System_Failure,lstm,5,118,117,1,1,3,3,3,2,0,1,0,30,8,0.33193859028009076,0.9915122985839844
System_Failure,lstm,5,119,118,1,0,3,0,0,2,0,0,0,16,0,0.03105639443189521,0.09233279277880979
System_Failure,lstm,5,120,119,1,0,3,1,0,2,0,0,0,15,0,0.11756368016617162,0.35135672241449356
System_Failure,lstm,5,121,120,1,0,3,0,0,2,0,0,0,16,0,0.025266061100410245,0.06215041006604827
System_Failure,lstm,5,122,121,1,0,3,0,0,2,0,0,0,15,0,0.06829706300050016,0.19405373434225714
System_Failure,lstm,5,123,122,1,0,3,0,0,2,0,0,0,14,0,0.020090615432265917,0.04264837503433223
System_Failure,lstm,5,124,123,1,0,3,0,0,2,0,0,0,16,0,0.01742739402106958,0.04425189147392903
System_Failure,lstm,5,125,124,1,0,3,0,0,2,0,0,0,13,0,0.03654226355063604,0.09162103633085882
System_Failure,lstm,7,151,129,1,0,3,0,0,2,0,0,0,15,0,0.017766527081322283,0.058093635986248594
System_Failure,lstm,7,152,130,1,1,3,3,3,2,0,1,0,21,7,0.33892534189997975,0.9957167506217957
System_Failure,lstm,7,153,131,1,0,3,0,0,2,0,0,0,15,0,0.020804891828447532,0.06811256334185593
System_Failure,lstm,7,154,132,1,0,3,0,0,2,0,0,0,16,0,0.0530342895435751,0.20797461643815038
System_Failure,lstm,7,155,133,1,0,3,0,0,2,0,0,0,15,0,0.012403394281864117,0.042956932758291495
System_Failure,lstm,7,156,134,1,0,3,0,0,2,0,0,0,15,0,0.024027838314779882,0.06929702932635937
System_Failure,lstm,7,157,135,1,0,3,0,0,2,0,0,0,16,0,0.0197683464333143,0.09226217369238533
System_Failure,lstm,7,159,137,1,1,3,3,3,2,0,1,0,23,9,0.4226763243010888,0.9955659707387289
System_Failure,lstm,7,160,138,1,1,3,3,3,2,0,1,0,16,5,0.35224150587843417,0.9395658771197001
System_Failure,lstm,7,161,139,1,0,3,0,0,2,0,0,0,15,0,0.013596668244442953,0.0421121859302123
System_Failure,lstm,7,162,140,1,0,3,0,0,2,0,0,0,15,0,0.02574202427123151,0.06603376567363738
System_Failure,lstm,7,163,141,1,1,3,3,3,2,0,1,0,44,11,0.3012823664819624,0.995795746644338
System_Failure,lstm,7,164,142,1,1,3,3,3,2,0,1,0,21,9,0.482302904616864,0.9935053388277691
System_Failure,lstm,7,165,143,1,0,3,2,0,2,1,0,0,15,1,0.1412856575929456,0.46234892308712006
System_Failure,lstm,7,166,144,1,0,3,0,0,2,0,0,0,15,0,0.022990023908722686,0.06251142919063567
System_Failure,lstm,7,167,145,1,0,3,1,0,2,0,0,0,15,0,0.07843406622091095,0.5297691623369852
System_Failure,lstm,7,168,146,1,0,3,2,0,2,1,0,0,16,1,0.10812154877445812,0.5720159510771433
System_Failure,lstm,7,169,147,1,0,3,0,0,2,0,0,0,15,0,0.018135760326145372,0.0462024534742037
System_Failure,lstm,7,170,148,1,1,3,3,3,2,0,1,0,47,10,0.2675920014776593,0.9939520359039307
System_Failure,lstm,7,171,149,1,0,3,1,0,2,0,0,0,15,0,0.13361284695565698,0.5135722160339355
System_Failure,lstm,7,172,150,1,0,3,0,0,2,0,0,0,15,0,0.021115604239619393,0.10277607416113214
System_Failure,lstm,7,173,151,1,1,3,3,3,2,0,1,0,21,9,0.40686945818985504,0.9875806172688802
System_Failure,lstm,7,174,152,1,1,3,3,3,2,0,1,0,19,6,0.3807057717880397,0.9921130736668905
System_Failure,lstm,7,175,153,1,1,3,3,3,2,0,1,0,35,14,0.4078101049199523,0.9955518245697021
System_Failure,lstm,8,176,154,1,0,3,1,0,2,0,0,0,15,0,0.3444429596265157,0.4958500365416209
System_Failure,lstm,8,177,155,1,0,3,1,0,2,0,0,0,15,0,0.3072351243760851,0.42911496758461
System_Failure,lstm,8,178,156,1,0,3,0,0,2,0,0,0,16,0,0.29972823616117233,0.3800036410490672
System_Failure,lstm,8,179,157,1,0,3,0,0,2,0,0,0,15,0,0.2955340209934446,0.38129680355389906
System_Failure,lstm,8,180,158,1,1,3,0,0,2,0,0,1,15,0,0.3189564575751623,0.43363381425539654
System_Failure,lstm,8,181,159,1,0,3,0,0,2,0,0,0,14,0,0.25196810918194906,0.4026150902112325
System_Failure,lstm,8,182,160,1,1,3,3,3,2,0,1,0,18,4,0.40816151157573416,0.8163928588231405
System_Failure,lstm,8,183,161,1,1,3,3,3,2,0,1,0,38,18,0.4683741962439136,0.9166431029637655
System_Failure,lstm,8,184,162,1,0,3,1,0,2,0,0,0,15,0,0.28136399255858524,0.5026621023813883
System_Failure,lstm,8,185,163,1,1,3,3,3,2,0,1,0,6,6,0.9441490835613675,0.9496433734893799
System_Failure,lstm,8,199,176,1,0,3,0,0,2,0,0,0,7,0,0.3276301594007583,0.41070406635602313
System_Failure,lstm,8,200,177,1,1,3,2,2,2,0,1,0,15,0,0.3418832583559884,0.49165759483973187
System_Failure,lstm,9,201,178,1,1,3,3,3,2,0,1,0,30,15,0.5031756768210066,0.9503229260444641
System_Failure,lstm,9,202,179,1,1,3,3,3,2,0,1,0,15,8,0.4453663224975268,0.8101025422414144
System_Failure,lstm,9,203,180,1,0,3,1,0,2,0,0,0,15,0,0.15774096660315987,0.4609944721062978
System_Failure,lstm,9,204,181,1,1,3,3,3,2,0,1,0,38,14,0.4778654391697624,0.9590651591618856
System_Failure,lstm,9,205,182,1,0,3,3,0,2,1,0,0,16,3,0.2392149500083178,0.598672072092692
System_Failure,lstm,9,206,183,1,1,3,3,3,2,0,1,0,18,6,0.3553052698434503,0.9576786160469055
System_Failure,lstm,9,207,184,1,0,3,3,0,2,1,0,0,15,3,0.29856743278602754,0.7067586580912272
System_Failure,lstm,9,208,185,1,1,3,3,3,2,0,1,0,14,6,0.4525637905157747,0.7555732925732931
System_Failure,lstm,9,209,186,1,0,3,2,0,2,1,0,0,15,0,0.16521299460695846,0.44876909255981445
System_Failure,lstm,9,210,187,1,1,3,3,3,2,0,1,0,49,24,0.5186596215658245,0.9649818142255148
System_Failure,lstm,9,211,188,1,0,3,1,0,2,0,0,0,15,0,0.1633292252818743,0.34221575160821277
System_Failure,lstm,9,212,189,1,1,3,3,3,2,0,1,0,19,8,0.46362059478435597,0.9529198408126831
System_Failure,lstm,9,213,190,1,0,3,1,0,2,0,0,0,15,0,0.1784937899973657,0.38230302184820175
System_Failure,lstm,9,214,191,1,1,3,3,3,2,0,1,0,40,26,0.6133457949074607,0.9639688730239868
System_Failure,lstm,9,215,192,1,1,3,3,2,2,0,1,0,31,5,0.33066039985065815,0.706532875696818
System_Failure,lstm,9,216,193,1,1,3,2,2,2,0,1,0,16,2,0.2972126822763433,0.5764072835445404
System_Failure,lstm,9,217,194,1,1,3,3,3,2,0,1,0,17,6,0.35549320338987833,0.9357762734095255
System_Failure,lstm,9,218,195,1,1,3,3,3,2,0,1,0,18,6,0.3334614841819361,0.9509604970614115
System_Failure,lstm,9,219,196,1,1,3,3,3,2,0,1,0,23,10,0.4320883898982319,0.8743393023808798
System_Failure,lstm,9,220,197,1,1,3,3,3,2,0,1,0,32,9,0.42820980912074447,0.9369556109110514
System_Failure,lstm,9,221,198,1,1,3,3,3,2,0,1,0,19,3,0.2388297875918317,0.7885388533274332
System_Failure,lstm,9,222,199,1,1,3,3,3,2,0,1,0,18,6,0.3817594039633318,0.9465150435765585
System_Failure,lstm,9,223,200,1,1,3,3,3,2,0,1,0,19,7,0.41141523500871763,0.9597042004267374
System_Failure,lstm,9,224,201,1,1,3,3,3,2,0,1,0,19,7,0.3949950784608199,0.9524445533752441
System_Failure,lstm,9,225,202,1,1,3,3,3,2,0,1,0,19,5,0.41218584383788864,0.9390235543251038
System_Failure,lstm,9,224,210,2,1,3,3,3,2,0,1,0,16,7,0.4697076306523134,0.9559812545776367
System_Failure,lstm,10,226,203,1,1,3,3,3,2,0,1,0,19,10,0.564676716139442,0.9113844235738119
System_Failure,lstm,10,227,204,1,1,3,2,2,2,0,1,0,18,3,0.28741834747294587,0.4744756693641345
System_Failure,lstm,10,229,205,1,1,3,3,3,2,0,1,0,42,22,0.5416150294717342,0.9438930948575338
System_Failure,lstm,10,230,206,1,1,3,3,3,2,0,1,0,18,6,0.5023086704313755,0.9121542771657308
System_Failure,lstm,10,231,207,1,1,3,3,3,2,0,1,0,35,14,0.45406884639745665,0.9387221137682596
System_Failure,lstm,10,232,208,1,0,3,1,0,2,0,0,0,15,0,0.24036737672156755,0.42912715176741273
System_Failure,lstm,10,233,209,1,1,3,3,3,2,0,1,0,31,17,0.54203038959093,0.9441792368888855
System_Failure,lstm,10,230,216,2,1,3,3,3,2,0,1,0,20,6,0.32928488633284964,0.7771097222963969
System_Failure,lstm,10,231,217,2,1,3,3,3,2,0,1,0,18,6,0.443228614413076,0.9325668414433798
System_Failure,lstm,10,232,218,2,1,3,3,3,2,0,1,0,20,11,0.5078909783313671,0.8508002161979675
System_Failure,lstm,10,233,219,2,1,3,2,2,2,0,1,0,15,4,0.37394081652164457,0.6715686917304993
System_Failure,lstm,10,234,220,1,1,3,3,3,2,0,1,0,52,13,0.41680594325925296,0.8818684418996176
System_Failure,lstm,10,235,221,1,1,3,3,3,2,0,1,0,18,6,0.46611744137825784,0.8729021549224854
System_Failure,lstm,10,236,222,1,0,3,2,0,2,1,0,0,15,2,0.40730872485372754,0.5310323039690653
System_Failure,lstm,10,237,223,1,1,3,3,3,2,0,1,0,43,18,0.485376696542714,0.9454762736956278
System_Failure,lstm,10,238,224,1,0,3,1,0,2,0,0,0,15,0,0.22130713189641632,0.42739597459634143
System_Failure,lstm,10,239,225,1,1,3,3,3,2,0,1,0,34,14,0.46553310587563934,0.9306035041809082
System_Failure,lstm,10,240,226,1,1,3,3,3,2,0,1,0,37,9,0.43111215082106286,0.8524274428685507
System_Failure,lstm,10,241,227,1,0,3,2,0,2,1,0,0,15,2,0.279177226126194,0.5202571948369344
System_Failure,lstm,10,242,228,1,1,3,3,3,2,0,1,0,43,8,0.3377457501929859,0.7983584602673849
System_Failure,lstm,10,243,229,1,0,3,2,0,2,1,0,0,16,1,0.2299862301442772,0.46244366466999054
System_Failure,lstm,10,245,230,1,0,3,2,0,2,1,0,0,15,1,0.23042982750468782,0.4912751317024231
System_Failure,lstm,10,246,231,1,1,3,3,3,2,0,1,0,40,20,0.5094201678254952,0.9404913187026978
System_Failure,lstm,10,247,232,1,1,3,3,3,2,0,1,0,46,14,0.44800856833656627,0.9284202853838602
System_Failure,lstm,10,248,233,1,0,3,2,0,2,1,0,0,15,1,0.22888922045628227,0.5448229412237803
System_Failure,lstm,10,249,234,1,1,3,3,3,2,0,1,0,37,9,0.35417078562953447,0.5924995243549347
System_Failure,lstm,10,250,235,1,1,3,2,2,2,0,1,0,33,9,0.38272919656351356,0.679064949353536
ProtectiveStop,1d_cnn,1,1,1,1,1,3,2,2,2,0,1,0,30,7,0.19207419193246297,0.46630773941675824
ProtectiveStop,1d_cnn,1,2,2,1,0,3,0,0,2,0,0,0,37,0,0.127208758296596,0.33189915120601654
ProtectiveStop,1d_cnn,1,3,3,1,0,3,0,0,2,0,0,0,17,0,0.02805888660006134,0.20671534289916357
ProtectiveStop,1d_cnn,1,4,4,1,0,3,0,0,2,0,0,0,15,0,0.020937410410907478,0.04500613361597058
ProtectiveStop,1d_cnn,1,5,5,1,0,3,0,0,2,0,0,0,18,0,0.016215970613875086,0.1090285629034042
ProtectiveStop,1d_cnn,1,6,6,1,0,3,0,0,2,0,0,0,22,0,0.08357814056304928,0.35754848023255664
ProtectiveStop,1d_cnn,1,8,8,1,0,3,0,0,2,0,0,0,15,0,0.02114219877661925,0.040109407156705794
ProtectiveStop,1d_cnn,1,9,9,1,0,3,0,0,2,0,0,0,15,0,0.011021100710948056,0.037063723430037436
ProtectiveStop,1d_cnn,1,10,10,1,0,3,0,0,2,0,0,0,15,0,0.011024641488135433,0.06916444065670167
ProtectiveStop,1d_cnn,1,11,11,1,0,3,0,0,2,0,0,0,16,0,0.025459039917526093,0.09858687842885645
ProtectiveStop,1d_cnn,1,12,12,1,0,3,0,0,2,0,0,0,15,0,0.022374162424562652,0.049756084258357626
ProtectiveStop,1d_cnn,1,13,13,1,0,3,0,0,2,0,0,0,15,0,0.0197868934547942,0.04465452084938679
ProtectiveStop,1d_cnn,1,14,14,1,0,3,0,0,2,0,0,0,19,0,0.050713574048131656,0.138850978265206
ProtectiveStop,1d_cnn,1,15,15,1,0,3,0,0,2,0,0,0,14,0,0.01975167246114103,0.06280707505842044
ProtectiveStop,1d_cnn,1,16,16,1,0,3,0,0,2,0,0,0,16,0,0.02153071792175367,0.049904453257719604
ProtectiveStop,1d_cnn,1,17,17,1,0,3,0,0,2,0,0,0,15,0,0.03420842230682152,0.1808993245164553
ProtectiveStop,1d_cnn,1,18,18,1,0,3,0,0,2,0,0,0,16,0,0.0720485060010105,0.13736705606182412
ProtectiveStop,1d_cnn,1,19,19,1,0,3,0,0,2,0,0,0,15,0,0.017505925849804402,0.0895197254916032
ProtectiveStop,1d_cnn,1,20,20,1,0,3,0,0,2,0,0,0,15,0,0.009204601798167716,0.0329796827087799
ProtectiveStop,1d_cnn,1,21,21,1,0,3,0,0,2,0,0,0,16,0,0.03689838497302839,0.21921089539925254
ProtectiveStop,1d_cnn,1,22,22,1,1,3,3,3,2,0,1,0,27,12,0.3963193691128658,0.9261630773544312
ProtectiveStop,1d_cnn,1,23,23,1,0,3,0,0,2,0,0,0,15,0,0.006400575540545866,0.026037247075388764
ProtectiveStop,1d_cnn,1,24,24,1,0,3,0,0,2,0,0,0,15,0,0.030877543277003653,0.13717251891891158
ProtectiveStop,1d_cnn,1,25,25,1,0,3,0,0,2,0,0,0,16,0,0.017621908128300327,0.03272738183538116
ProtectiveStop,1d_cnn,2,26,26,1,0,3,0,0,2,0,0,0,15,0,0.010725448891429902,0.0295390834410985
ProtectiveStop,1d_cnn,2,27,27,1,0,3,0,0,2,0,0,0,15,0,0.014369151528565709,0.14596906552712116
ProtectiveStop,1d_cnn,2,28,28,1,0,3,0,0,2,0,0,0,16,0,0.022190291389051656,0.0905382819473743
ProtectiveStop,1d_cnn,2,29,29,1,0,3,0,0,2,0,0,0,15,0,0.022023003724300143,0.04685148596763603
ProtectiveStop,1d_cnn,2,30,30,1,0,3,0,0,2,0,0,0,15,0,0.00639180329744699,0.022333264661331897
ProtectiveStop,1d_cnn,2,31,31,1,0,3,0,0,2,0,0,0,14,0,0.007520952524005393,0.0421094062427679
ProtectiveStop,1d_cnn,2,32,32,1,0,3,0,0,2,0,0,0,15,0,0.0004219662402141607,0.0013262567420799668
ProtectiveStop,1d_cnn,2,33,33,1,0,3,0,0,2,0,0,0,16,0,0.04351818189024921,0.13978740448753038
ProtectiveStop,1d_cnn,2,34,34,1,0,3,0,0,2,0,0,0,15,0,0.03546887186562844,0.2089709391196569
ProtectiveStop,1d_cnn,2,35,35,1,1,3,3,3,2,0,1,0,20,5,0.26349462207387353,0.9364027380943298
ProtectiveStop,1d_cnn,2,36,36,1,0,3,3,0,2,1,0,0,24,3,0.14639339442429541,0.7578195333480835
ProtectiveStop,1d_cnn,2,37,37,1,0,3,0,0,2,0,0,0,15,0,0.00930383956939391,0.0235221075514952
ProtectiveStop,1d_cnn,2,38,38,1,0,3,0,0,2,0,0,0,15,0,0.004871372851387853,0.01569316412011777
ProtectiveStop,1d_cnn,2,39,39,1,0,3,0,0,2,0,0,0,15,0,0.006387533554677904,0.034864929815133366
ProtectiveStop,1d_cnn,2,40,40,1,0,3,2,0,2,1,0,0,20,3,0.1136028068567005,0.6432828406492869
ProtectiveStop,1d_cnn,2,41,41,1,0,3,0,0,2,0,0,0,15,0,0.0014960981768025103,0.008119107689708433
ProtectiveStop,1d_cnn,2,42,42,1,1,3,3,3,2,0,1,0,71,62,0.7733873316554676,0.9669945240020752
ProtectiveStop,1d_cnn,2,43,43,1,0,3,0,0,2,0,0,0,15,0,0.023220062055366274,0.09337291866540903
ProtectiveStop,1d_cnn,2,44,44,1,0,3,0,0,2,0,0,0,15,0,0.014924481141820701,0.05868335068225857
ProtectiveStop,1d_cnn,2,45,45,1,0,3,0,0,2,0,0,0,15,0,0.016965295105344672,0.06448273609081896
ProtectiveStop,1d_cnn,2,48,48,1,0,3,0,0,2,0,0,0,15,0,0.007197250692277263,0.014390990914156
ProtectiveStop,1d_cnn,2,49,49,1,0,3,0,0,2,0,0,0,15,0,0.012401901084619214,0.0969406918932994
ProtectiveStop,1d_cnn,2,50,50,1,0,3,0,0,2,0,0,0,15,0,0.01852835729304283,0.06263230616847669
ProtectiveStop,1d_cnn,3,51,51,1,0,3,0,0,2,0,0,0,15,0,0.08033644622191781,0.2733372996250788
ProtectiveStop,1d_cnn,3,52,52,1,0,3,0,0,2,0,0,0,15,0,0.03169086982961739,0.14527179797490433
ProtectiveStop,1d_cnn,3,53,53,1,1,3,3,3,2,0,1,0,43,24,0.5278087561542182,0.9456420739491781
ProtectiveStop,1d_cnn,3,54,54,1,0,3,1,0,2,0,0,0,15,0,0.08146456500140221,0.5156180063883463
ProtectiveStop,1d_cnn,3,55,55,1,0,3,0,0,2,0,0,0,15,0,0.03994675926838273,0.12757246444622675
ProtectiveStop,1d_cnn,3,56,56,1,0,3,1,0,2,0,0,0,15,0,0.06580616768785852,0.39406338334083557
ProtectiveStop,1d_cnn,3,57,57,1,0,3,1,0,2,0,0,0,32,0,0.16217819108957576,0.3989333013693492
ProtectiveStop,1d_cnn,3,58,58,1,0,3,0,0,2,0,0,0,15,0,0.05800433338412803,0.2384104629357656
ProtectiveStop,1d_cnn,3,59,59,1,0,3,1,0,2,0,0,0,15,0,0.08358860251674839,0.533307154973348
ProtectiveStop,1d_cnn,3,60,60,1,0,3,1,0,2,0,0,0,16,0,0.11097431348753158,0.43728440006573993
ProtectiveStop,1d_cnn,3,61,61,1,0,3,3,0,2,1,0,0,13,1,0.09314853812639524,0.6415743033091227
ProtectiveStop,1d_cnn,3,62,62,1,0,3,0,0,2,0,0,0,16,0,0.06193663423618996,0.3615082899729411
ProtectiveStop,1d_cnn,3,63,63,1,1,3,3,2,2,0,1,0,31,7,0.24507365914021606,0.5609923998514811
ProtectiveStop,1d_cnn,3,64,64,1,0,3,0,0,2,0,0,0,16,0,0.03000359212940864,0.10972240443030988
ProtectiveStop,1d_cnn,3,65,65,1,0,3,0,0,2,0,0,0,13,0,0.04411502214721758,0.1334230676293373
ProtectiveStop,1d_cnn,3,66,66,1,0,3,0,0,2,0,0,0,17,0,0.0660937753159041,0.1417681102951367
ProtectiveStop,1d_cnn,3,67,67,1,0,3,0,0,2,0,0,0,15,0,0.072033420846694,0.23433912793795264
ProtectiveStop,1d_cnn,3,68,68,1,0,3,0,0,2,0,0,0,15,0,0.13662805395821728,0.3661862909793854
ProtectiveStop,1d_cnn,3,69,69,1,1,3,1,1,2,0,0,1,24,0,0.17124025606123416,0.49023573597272235
ProtectiveStop,1d_cnn,3,70,70,1,0,3,3,0,2,1,0,0,15,1,0.12094845916144545,0.6127213835716248
ProtectiveStop,1d_cnn,3,71,71,1,0,3,3,0,2,1,0,0,9,2,0.23063106269196224,0.6863994598388672
ProtectiveStop,1d_cnn,3,72,72,1,0,3,1,0,2,0,0,0,15,0,0.09603349614577984,0.5210756262143453
ProtectiveStop,1d_cnn,3,73,73,1,0,3,1,0,2,0,0,0,16,0,0.12984242144739253,0.4627254704634349
ProtectiveStop,1d_cnn,3,75,74,1,0,3,0,0,2,0,0,0,15,0,0.10866260979738497,0.2476358463366826
ProtectiveStop,1d_cnn,4,76,75,1,0,3,0,0,2,0,0,0,15,0,0.024048021332257277,0.16780509861807028
ProtectiveStop,1d_cnn,4,85,84,1,0,3,3,0,2,1,0,0,20,6,0.2898316658024366,0.9177844524383545
ProtectiveStop,1d_cnn,4,86,85,1,1,3,3,3,2,0,1,0,20,6,0.2983117672381922,0.8636659979820251
ProtectiveStop,1d_cnn,4,87,86,1,1,3,3,3,2,0,1,0,20,6,0.3010251820049537,0.9874377449353536
ProtectiveStop,1d_cnn,4,88,87,1,0,3,0,0,2,0,0,0,15,0,0.03337679069890222,0.0776617936789989
ProtectiveStop,1d_cnn,4,89,88,1,0,3,0,0,2,0,0,0,15,0,0.02962303932031818,0.10583535240342214
ProtectiveStop,1d_cnn,4,90,89,1,0,3,1,0,2,0,0,0,15,0,0.040565759892665955,0.42551052073637646
ProtectiveStop,1d_cnn,4,91,90,1,0,3,0,0,2,0,0,0,15,0,0.03686527900604734,0.2407659143209457
ProtectiveStop,1d_cnn,4,92,91,1,0,3,0,0,2,0,0,0,15,0,0.04676958967320385,0.16743203252553937
ProtectiveStop,1d_cnn,4,93,92,1,0,3,0,0,2,0,0,0,15,0,0.010759649044161407,0.04712996042023101
ProtectiveStop,1d_cnn,4,94,93,1,0,3,0,0,2,0,0,0,15,0,0.0072298826302155455,0.04179583016472554
ProtectiveStop,1d_cnn,4,95,94,1,0,3,0,0,2,0,0,0,15,0,0.020478832228359823,0.19753764818112055
ProtectiveStop,1d_cnn,4,96,95,1,0,3,0,0,2,0,0,0,7,0,0.0004492582325659232,0.0009839167663206287
ProtectiveStop,1d_cnn,4,97,96,1,0,3,1,0,2,0,0,0,15,0,0.059649492634626836,0.4085547278324763
ProtectiveStop,1d_cnn,4,98,97,1,0,3,2,0,2,1,0,0,15,1,0.07481871006695855,0.6695918341477712
ProtectiveStop,1d_cnn,4,99,98,1,1,3,3,3,2,0,1,0,92,58,0.6444108672967295,0.9997474153836569
ProtectiveStop,1d_cnn,4,100,99,1,0,3,0,0,2,0,0,0,15,0,0.014585719323238412,0.03866584505885833
ProtectiveStop,1d_cnn,5,101,100,1,0,3,0,0,2,0,0,0,15,0,0.08911256051311886,0.29046327869097394
ProtectiveStop,1d_cnn,5,102,101,1,0,3,2,0,2,1,0,0,15,1,0.18716554339561195,0.4775444070498149
ProtectiveStop,1d_cnn,5,103,102,1,1,3,3,3,2,0,1,0,54,34,0.6769133681132469,0.9945358435312907
ProtectiveStop,1d_cnn,5,104,103,1,0,3,0,0,2,0,0,0,2,0,0.055301502657433305,0.0625207275152206
ProtectiveStop,1d_cnn,5,105,104,1,0,3,0,0,2,0,0,0,14,0,0.039865930337414444,0.20327902336915335
ProtectiveStop,1d_cnn,5,106,105,1,0,3,1,0,2,0,0,0,15,0,0.19737763779444825,0.49162816007932025
ProtectiveStop,1d_cnn,5,107,106,1,0,3,1,0,2,0,0,0,15,0,0.18044159942203095,0.4990907410780589
ProtectiveStop,1d_cnn,5,108,107,1,1,3,3,3,2,0,1,0,47,16,0.4080052767939707,0.922868033250173
ProtectiveStop,1d_cnn,5,109,108,1,0,3,2,0,2,1,0,0,15,1,0.12205195205493101,0.5709037880102793
ProtectiveStop,1d_cnn,5,110,109,1,0,3,1,0,2,0,0,0,4,0,0.36830205221970874,0.4167325695355733
ProtectiveStop,1d_cnn,5,111,110,1,0,3,0,0,2,0,0,0,16,0,0.09489233432880909,0.3680639366308848
ProtectiveStop,1d_cnn,5,112,111,1,0,3,3,0,2,1,0,0,15,1,0.14952613736192383,0.6780300339063009
ProtectiveStop,1d_cnn,5,113,112,1,0,3,3,0,2,1,0,0,15,3,0.2497686230163607,0.8868302901585897
ProtectiveStop,1d_cnn,5,114,113,1,0,3,2,0,2,1,0,0,16,1,0.14031603280454868,0.5565252602100372
ProtectiveStop,1d_cnn,5,115,114,1,1,3,3,3,2,0,1,0,43,20,0.5195553254466071,0.9957271416982015
ProtectiveStop,1d_cnn,5,116,115,1,0,3,3,0,2,1,0,0,15,2,0.2088210636956824,0.7270126342773438
ProtectiveStop,1d_cnn,5,117,116,1,1,3,3,3,2,0,1,0,19,10,0.5120539406412526,0.9931912620862325
ProtectiveStop,1d_cnn,5,118,117,1,1,3,3,3,2,0,1,0,30,9,0.3700238448671168,0.996431310971578
ProtectiveStop,1d_cnn,5,119,118,1,0,3,0,0,2,0,0,0,16,0,0.13169248763006178,0.29909723997116083
ProtectiveStop,1d_cnn,5,120,119,1,0,3,0,0,2,0,0,0,15,0,0.09186933284832367,0.31179119149843854
ProtectiveStop,1d_cnn,5,121,120,1,0,3,1,0,2,0,0,0,16,0,0.1702575786815335,0.3725816011428833
ProtectiveStop,1d_cnn,5,122,121,1,0,3,3,0,2,1,0,0,15,1,0.1438577032854987,0.659506102403005
ProtectiveStop,1d_cnn,5,123,122,1,0,3,3,0,2,1,0,0,14,2,0.29859639970319607,0.7281012932459513
ProtectiveStop,1d_cnn,5,124,123,1,0,3,1,0,2,0,0,0,16,0,0.1631318600848317,0.4359975556532542
ProtectiveStop,1d_cnn,5,125,124,1,0,3,2,0,2,1,0,0,13,1,0.17966344417669833,0.5818856855233511
ProtectiveStop,1d_cnn,7,151,129,1,0,3,0,0,2,0,0,0,15,0,0.039990178478829935,0.29053004831075663
ProtectiveStop,1d_cnn,7,152,130,1,1,3,3,3,2,0,1,0,21,7,0.344451163320743,0.9996354977289835
ProtectiveStop,1d_cnn,7,153,131,1,0,3,0,0,2,0,0,0,15,0,0.039221813979869034,0.21644488722085953
ProtectiveStop,1d_cnn,7,154,132,1,0,3,0,0,2,0,0,0,16,0,0.030956807235876672,0.14243286848068237
ProtectiveStop,1d_cnn,7,155,133,1,0,3,0,0,2,0,0,0,15,0,0.023756855934496095,0.11828217158714927
ProtectiveStop,1d_cnn,7,156,134,1,0,3,0,0,2,0,0,0,15,0,0.06899427660844389,0.281069611509641
ProtectiveStop,1d_cnn,7,157,135,1,0,3,0,0,2,0,0,0,16,0,0.02540028913305525,0.09554990381002419
ProtectiveStop,1d_cnn,7,159,137,1,1,3,3,3,2,0,1,0,23,10,0.42580075723631977,0.9999936819076538
ProtectiveStop,1d_cnn,7,160,138,1,0,3,0,0,2,0,0,0,16,0,0.028145898904767774,0.10226225604613616
ProtectiveStop,1d_cnn,7,161,139,1,0,3,0,0,2,0,0,0,15,0,0.03928432913186644,0.28223016361395514
ProtectiveStop,1d_cnn,7,162,140,1,0,3,0,0,2,0,0,0,15,0,0.03493209551347209,0.14540311694145197
ProtectiveStop,1d_cnn,7,163,141,1,1,3,3,3,2,0,1,0,44,10,0.2596067971669871,0.99955681959788
ProtectiveStop,1d_cnn,7,164,142,1,1,3,3,3,2,0,1,0,21,6,0.25922307594113847,0.9136491616566976
ProtectiveStop,1d_cnn,7,165,143,1,0,3,0,0,2,0,0,0,15,0,0.024527382457421844,0.08199058100581164
ProtectiveStop,1d_cnn,7,166,144,1,0,3,0,0,2,0,0,0,15,0,0.017143814013494758,0.10753894845644629
ProtectiveStop,1d_cnn,7,167,145,1,0,3,0,0,2,0,0,0,15,0,0.04575840604698488,0.37550125519434613
ProtectiveStop,1d_cnn,7,168,146,1,0,3,0,0,2,0,0,0,16,0,0.014891558492308781,0.11658220241467154
ProtectiveStop,1d_cnn,7,169,147,1,0,3,0,0,2,0,0,0,15,0,0.022517040302045592,0.12364989022413882
ProtectiveStop,1d_cnn,7,170,148,1,1,3,3,3,2,0,1,0,47,10,0.24189834705023883,0.9986064036687216
ProtectiveStop,1d_cnn,7,171,149,1,0,3,0,0,2,0,0,0,15,0,0.013751917963640507,0.026019460832079202
ProtectiveStop,1d_cnn,7,172,150,1,0,3,0,0,2,0,0,0,15,0,0.009534008096023927,0.0767313279211521
ProtectiveStop,1d_cnn,7,173,151,1,1,3,3,3,2,0,1,0,21,3,0.1347603554733925,0.5126561522483826
ProtectiveStop,1d_cnn,7,174,152,1,1,3,0,0,2,0,0,1,19,0,0.03940790813118051,0.3175543844699859
ProtectiveStop,1d_cnn,7,175,153,1,1,3,3,3,2,0,1,0,35,10,0.30342950679464376,0.9914223154385885
ProtectiveStop,1d_cnn,8,176,154,1,0,3,3,0,2,1,0,0,15,2,0.23911380932355916,0.7172170678774515
ProtectiveStop,1d_cnn,8,177,155,1,0,3,2,0,2,1,0,0,15,2,0.21532852044329046,0.5165915191173553
ProtectiveStop,1d_cnn,8,178,156,1,0,3,1,0,2,0,0,0,16,0,0.21556602984977263,0.32325521111488337
ProtectiveStop,1d_cnn,8,179,157,1,0,3,0,0,2,0,0,0,15,0,0.18386176522407263,0.2675187091032664
ProtectiveStop,1d_cnn,8,180,158,1,0,3,0,0,2,0,0,0,15,0,0.15535990169478783,0.27453265587488807
ProtectiveStop,1d_cnn,8,181,159,1,0,3,2,0,2,1,0,0,14,1,0.2304665369114705,0.5008071959018707
ProtectiveStop,1d_cnn,8,182,160,1,1,3,3,3,2,0,1,0,18,5,0.3055348114921125,0.8993027408917745
ProtectiveStop,1d_cnn,8,183,161,1,1,3,3,3,2,0,1,0,38,10,0.40815147005119606,0.9511444171269735
ProtectiveStop,1d_cnn,8,184,162,1,0,3,2,0,2,1,0,0,15,2,0.1750751541823976,0.5724892616271973
ProtectiveStop,1d_cnn,8,185,163,1,1,3,3,3,2,0,1,0,6,6,0.9754122296969095,0.9882660706837972
ProtectiveStop,1d_cnn,8,199,176,1,0,3,0,0,2,0,0,0,7,0,0.23881569903876101,0.36039785544077557
ProtectiveStop,1d_cnn,8,200,177,1,0,3,0,0,2,0,0,0,15,0,0.1315688907065325,0.36095814903577167
ProtectiveStop,1d_cnn,9,201,178,1,1,3,3,3,2,0,1,0,30,11,0.40184656424680726,0.9853023091952006
ProtectiveStop,1d_cnn,9,202,179,1,0,3,0,0,2,0,0,0,15,0,0.04062508710970476,0.12834623704353967
ProtectiveStop,1d_cnn,9,203,180,1,0,3,0,0,2,0,0,0,15,0,0.08126247239609555,0.23090786735216776
ProtectiveStop,1d_cnn,9,204,181,1,1,3,3,3,2,0,1,0,38,11,0.3568171913553797,0.9969715476036072
ProtectiveStop,1d_cnn,9,205,182,1,0,3,0,0,2,0,0,0,16,0,0.07637861811478308,0.14369872709115342
ProtectiveStop,1d_cnn,9,206,183,1,1,3,3,3,2,0,1,0,18,5,0.31267108556090123,0.9994794726371765
ProtectiveStop,1d_cnn,9,207,184,1,0,3,3,0,2,1,0,0,15,2,0.10820719632320101,0.7312146226565043
ProtectiveStop,1d_cnn,9,208,185,1,0,3,0,0,2,0,0,0,14,0,0.032280870612815996,0.21243392427762342
ProtectiveStop,1d_cnn,9,209,186,1,0,3,2,0,2,1,0,0,15,1,0.08087028241716321,0.5327046811580658
ProtectiveStop,1d_cnn,9,210,187,1,1,3,3,3,2,0,1,0,49,11,0.3276722962591087,0.9993486404418945
ProtectiveStop,1d_cnn,9,211,188,1,0,3,0,0,2,0,0,0,15,0,0.07961146892565815,0.3093003183603287
ProtectiveStop,1d_cnn,9,212,189,1,1,3,3,3,2,0,1,0,19,6,0.32096731546130686,0.9966396689414978
ProtectiveStop,1d_cnn,9,213,190,1,0,3,0,0,2,0,0,0,15,0,0.06433118681112922,0.31162768602371216
ProtectiveStop,1d_cnn,9,214,191,1,1,3,3,3,2,0,1,0,40,11,0.3268173138911151,0.9886851112047831
ProtectiveStop,1d_cnn,9,215,192,1,1,3,2,1,2,0,0,1,31,1,0.15783287792357673,0.49477170904477435
ProtectiveStop,1d_cnn,9,216,193,1,0,3,0,0,2,0,0,0,16,0,0.15985800290945915,0.3244151671727498
ProtectiveStop,1d_cnn,9,217,194,1,1,3,3,3,2,0,1,0,17,4,0.3294572341894986,0.9166036049524943
ProtectiveStop,1d_cnn,9,218,195,1,1,3,3,3,2,0,1,0,18,5,0.25970587533999967,0.9941338698069254
ProtectiveStop,1d_cnn,9,219,196,1,1,3,3,3,2,0,1,0,23,9,0.33529295127115893,0.9392271439234415
ProtectiveStop,1d_cnn,9,220,197,1,1,3,3,3,2,0,1,0,32,7,0.2673233891139261,0.9579692880312601
ProtectiveStop,1d_cnn,9,221,198,1,1,3,0,0,2,0,0,1,19,0,0.04707751782016677,0.16992469628651932
ProtectiveStop,1d_cnn,9,222,199,1,1,3,3,3,2,0,1,0,18,4,0.23207542950748808,0.9824851950009664
ProtectiveStop,1d_cnn,9,223,200,1,1,3,3,3,2,0,1,0,19,7,0.3515723416165105,0.9994968771934509
ProtectiveStop,1d_cnn,9,224,201,1,1,3,3,3,2,0,1,0,19,6,0.33829187074463746,0.9990017215410868
ProtectiveStop,1d_cnn,9,225,202,1,1,3,3,3,2,0,1,0,19,6,0.30212098999528963,0.9842485388120016
ProtectiveStop,1d_cnn,9,224,210,2,1,3,3,3,2,0,1,0,16,6,0.3897993937183249,0.9926238258679708
ProtectiveStop,1d_cnn,10,226,203,1,1,3,3,3,2,0,1,0,19,7,0.4456141227692888,0.9995107054710388
ProtectiveStop,1d_cnn,10,227,204,1,1,3,3,3,2,0,1,0,18,6,0.4154171624945269,0.9139230251312256
ProtectiveStop,1d_cnn,10,229,205,1,1,3,3,3,2,0,1,0,42,17,0.4757512541606076,0.9996942480405172
ProtectiveStop,1d_cnn,10,230,206,1,1,3,3,3,2,0,1,0,18,5,0.30127791324802844,0.875890294710795
ProtectiveStop,1d_cnn,10,231,207,1,1,3,3,3,2,0,1,0,35,12,0.44330368050640184,0.9990003108978271
ProtectiveStop,1d_cnn,10,232,208,1,0,3,1,0,2,0,0,0,15,0,0.13902461110200318,0.34487927208344143
ProtectiveStop,1d_cnn,10,233,209,1,1,3,3,3,2,0,1,0,31,16,0.5685989765640628,0.999634842077891
ProtectiveStop,1d_cnn,10,230,216,2,1,3,3,3,2,0,1,0,20,7,0.3845402364619076,0.9755560557047526
ProtectiveStop,1d_cnn,10,231,217,2,1,3,3,3,2,0,1,0,18,5,0.3250552389287838,0.9976020256678263
ProtectiveStop,1d_cnn,10,232,218,2,1,3,3,3,2,0,1,0,20,7,0.31338677550472005,0.8973181049029032
ProtectiveStop,1d_cnn,10,233,219,2,0,3,0,0,2,0,0,0,15,0,0.09949474707245823,0.21399136881033573
ProtectiveStop,1d_cnn,10,234,220,1,1,3,3,3,2,0,1,0,52,11,0.38643674382892174,0.9441413879394531
ProtectiveStop,1d_cnn,10,235,221,1,1,3,3,3,2,0,1,0,18,5,0.30690778741888974,0.9652908047040304
ProtectiveStop,1d_cnn,10,236,222,1,0,3,2,0,2,1,0,0,15,1,0.1713679670459694,0.6017040411631266
ProtectiveStop,1d_cnn,10,237,223,1,1,3,3,3,2,0,1,0,43,15,0.43910495188202736,0.9995139241218567
ProtectiveStop,1d_cnn,10,238,224,1,0,3,1,0,2,0,0,0,15,0,0.15651320508784713,0.34402761856714886
ProtectiveStop,1d_cnn,10,239,225,1,1,3,3,3,2,0,1,0,34,14,0.4370947505584826,0.9914724032084147
ProtectiveStop,1d_cnn,10,240,226,1,1,3,3,3,2,0,1,0,37,8,0.34231836394079634,0.9650323987007141
ProtectiveStop,1d_cnn,10,241,227,1,0,3,1,0,2,0,0,0,15,0,0.09575816926856831,0.5091380178928375
ProtectiveStop,1d_cnn,10,242,228,1,1,3,3,3,2,0,1,0,43,7,0.31652876476995473,0.7925692796707153
ProtectiveStop,1d_cnn,10,243,229,1,0,3,3,0,2,1,0,0,16,2,0.22094350116094572,0.7846092780431112
ProtectiveStop,1d_cnn,10,245,230,1,0,3,3,0,2,1,0,0,15,1,0.1816667575182186,0.7140432198842367
ProtectiveStop,1d_cnn,10,246,231,1,1,3,3,3,2,0,1,0,40,17,0.524258051335346,0.9995654424031576
ProtectiveStop,1d_cnn,10,247,232,1,1,3,3,3,2,0,1,0,46,17,0.38847380369712686,0.9876305063565574
ProtectiveStop,1d_cnn,10,248,233,1,0,3,3,0,2,1,0,0,15,2,0.21888762542770968,0.5058756073315939
ProtectiveStop,1d_cnn,10,249,234,1,1,3,3,3,2,0,1,0,37,13,0.4051883502166953,0.9602439602216085
ProtectiveStop,1d_cnn,10,250,235,1,1,3,3,3,2,0,1,0,33,13,0.3306829929046069,0.8257110317548116
ProtectiveStop,lstm,1,1,1,1,1,3,0,0,2,0,0,1,30,0,0.0379841746969355,0.06157532862077153
ProtectiveStop,lstm,1,2,2,1,0,3,0,0,2,0,0,0,37,0,0.03843211345710191,0.0662849793831507
ProtectiveStop,lstm,1,3,3,1,0,3,0,0,2,0,0,0,17,0,0.03408112972244323,0.050835589567820194
ProtectiveStop,lstm,1,4,4,1,0,3,0,0,2,0,0,0,15,0,0.029361230445404805,0.0397928431630134
ProtectiveStop,lstm,1,5,5,1,0,3,0,0,2,0,0,0,18,0,0.028096527344098756,0.04598343744873997
ProtectiveStop,lstm,1,6,6,1,0,3,0,0,2,0,0,0,22,0,0.03000337128160573,0.051650362089276265
ProtectiveStop,lstm,1,8,8,1,0,3,0,0,2,0,0,0,15,0,0.03193978073282369,0.05791598185896867
ProtectiveStop,lstm,1,9,9,1,0,3,0,0,2,0,0,0,15,0,0.027984094143741613,0.0350190326571464
ProtectiveStop,lstm,1,10,10,1,0,3,0,0,2,0,0,0,15,0,0.0307463474778665,0.04535450289646777
ProtectiveStop,lstm,1,11,11,1,0,3,0,0,2,0,0,0,16,0,0.029496202672210786,0.04115664710601167
ProtectiveStop,lstm,1,12,12,1,0,3,0,0,2,0,0,0,15,0,0.030877273964385145,0.05459812159339583
ProtectiveStop,lstm,1,13,13,1,0,3,0,0,2,0,0,0,15,0,0.03097084984183307,0.04747283458709713
ProtectiveStop,lstm,1,14,14,1,0,3,0,0,2,0,0,0,19,0,0.028607044663084134,0.054416256646315164
ProtectiveStop,lstm,1,15,15,1,0,3,0,0,2,0,0,0,14,0,0.029419853618102367,0.03326040537406997
ProtectiveStop,lstm,1,16,16,1,0,3,0,0,2,0,0,0,16,0,0.028728958937184215,0.045234935979048374
ProtectiveStop,lstm,1,17,17,1,0,3,0,0,2,0,0,0,15,0,0.032502297829422634,0.0606515842179457
ProtectiveStop,lstm,1,18,18,1,0,3,0,0,2,0,0,0,16,0,0.03169773107705012,0.039220816766222265
ProtectiveStop,lstm,1,19,19,1,0,3,0,0,2,0,0,0,15,0,0.029877903157224207,0.048255070423086466
ProtectiveStop,lstm,1,20,20,1,0,3,0,0,2,0,0,0,15,0,0.025856312240163434,0.03336564451456064
ProtectiveStop,lstm,1,21,21,1,0,3,0,0,2,0,0,0,16,0,0.037348712328821365,0.071465798964103
ProtectiveStop,lstm,1,22,22,1,1,3,3,3,2,0,1,0,27,9,0.32855996363048934,0.8904562195142111
ProtectiveStop,lstm,1,23,23,1,0,3,0,0,2,0,0,0,15,0,0.02420953799866963,0.03321325654784833
ProtectiveStop,lstm,1,24,24,1,0,3,0,0,2,0,0,0,15,0,0.027382435711721533,0.040523922691742535
ProtectiveStop,lstm,1,25,25,1,0,3,0,0,2,0,0,0,16,0,0.026014271250460245,0.05177346368630723
ProtectiveStop,lstm,2,26,26,1,0,3,0,0,2,0,0,0,15,0,0.07226078667574454,0.1644565512736638
ProtectiveStop,lstm,2,27,27,1,0,3,1,0,2,0,0,0,15,0,0.08140100468364021,0.33932097752888996
ProtectiveStop,lstm,2,28,28,1,0,3,0,0,2,0,0,0,16,0,0.07017725180291255,0.12359004653990263
ProtectiveStop,lstm,2,29,29,1,0,3,0,0,2,0,0,0,15,0,0.0925518665876653,0.22795783480008436
ProtectiveStop,lstm,2,30,30,1,0,3,0,0,2,0,0,0,15,0,0.0792786830415328,0.14314660678307212
ProtectiveStop,lstm,2,31,31,1,0,3,1,0,2,0,0,0,14,0,0.09487360157072541,0.39866848786671955
ProtectiveStop,lstm,2,32,32,1,0,3,0,0,2,0,0,0,15,0,0.04598922849529315,0.06620272683600582
ProtectiveStop,lstm,2,33,33,1,0,3,1,0,2,0,0,0,16,0,0.12821628931366524,0.4131199171145757
ProtectiveStop,lstm,2,34,34,1,0,3,2,0,2,1,0,0,15,1,0.10869130119681354,0.5335050821304321
ProtectiveStop,lstm,2,35,35,1,1,3,3,3,2,0,1,0,20,6,0.31008895020931954,0.9001752138137817
ProtectiveStop,lstm,2,36,36,1,0,3,2,0,2,1,0,0,24,2,0.11354804959976007,0.554358497262001
ProtectiveStop,lstm,2,37,37,1,0,3,0,0,2,0,0,0,15,0,0.05368475851913289,0.09983281791210175
ProtectiveStop,lstm,2,38,38,1,0,3,0,0,2,0,0,0,15,0,0.07388012479576794,0.21274350335200623
ProtectiveStop,lstm,2,39,39,1,0,3,0,0,2,0,0,0,15,0,0.04282765239477152,0.0558292667071024
ProtectiveStop,lstm,2,40,40,1,0,3,2,0,2,1,0,0,20,1,0.09542032761188841,0.5906643271446228
ProtectiveStop,lstm,2,41,41,1,0,3,0,0,2,0,0,0,15,0,0.05779688730835911,0.14108034968376157
ProtectiveStop,lstm,2,42,42,1,1,3,3,3,2,0,1,0,71,59,0.7197707162146837,0.9377474983533224
ProtectiveStop,lstm,2,43,43,1,0,3,0,0,2,0,0,0,15,0,0.05871399065686592,0.12022766967614486
ProtectiveStop,lstm,2,44,44,1,0,3,0,0,2,0,0,0,15,0,0.05371555611491199,0.0824673200647036
ProtectiveStop,lstm,2,45,45,1,0,3,0,0,2,0,0,0,15,0,0.07159519174860579,0.14477641880512235
ProtectiveStop,lstm,2,48,48,1,0,3,0,0,2,0,0,0,15,0,0.08239526504443748,0.1494254792730013
ProtectiveStop,lstm,2,49,49,1,0,3,1,0,2,0,0,0,15,0,0.06003148150112889,0.20873798678318659
ProtectiveStop,lstm,2,50,50,1,0,3,0,0,2,0,0,0,15,0,0.07247042782190768,0.1867887042462825
ProtectiveStop,lstm,3,51,51,1,0,3,0,0,2,0,0,0,15,0,0.14935454063945341,0.324770838022232
ProtectiveStop,lstm,3,52,52,1,0,3,0,0,2,0,0,0,15,0,0.10157650030321541,0.1669618835051854
ProtectiveStop,lstm,3,53,53,1,1,3,3,3,2,0,1,0,43,29,0.5888662531740906,0.9263266126314799
ProtectiveStop,lstm,3,54,54,1,0,3,2,0,2,1,0,0,15,1,0.13316127194298635,0.5201815664768219
ProtectiveStop,lstm,3,55,55,1,0,3,0,0,2,0,0,0,15,0,0.11009350584612948,0.2561549444993337
ProtectiveStop,lstm,3,56,56,1,0,3,3,0,2,1,0,0,15,1,0.1435522859295209,0.5474760333697001
ProtectiveStop,lstm,3,57,57,1,0,3,2,0,2,1,0,0,32,2,0.21936284067730105,0.5049759149551392
ProtectiveStop,lstm,3,58,58,1,0,3,0,0,2,0,0,0,15,0,0.13047342242466076,0.3412743757168452
ProtectiveStop,lstm,3,59,59,1,0,3,3,0,2,1,0,0,15,1,0.15033363327383992,0.593953013420105
ProtectiveStop,lstm,3,60,60,1,0,3,1,0,2,0,0,0,16,0,0.18139243094871438,0.36867647369702655
ProtectiveStop,lstm,3,61,61,1,0,3,1,0,2,0,0,0,13,0,0.14396900330216453,0.4267064531644185
ProtectiveStop,lstm,3,62,62,1,0,3,0,0,2,0,0,0,16,0,0.09218233746166027,0.20932317773501077
ProtectiveStop,lstm,3,63,63,1,1,3,0,0,2,0,0,1,31,0,0.15284587547022804,0.3896285444498062
ProtectiveStop,lstm,3,64,64,1,0,3,0,0,2,0,0,0,16,0,0.07496222907987729,0.11105630546808237
ProtectiveStop,lstm,3,65,65,1,0,3,0,0,2,0,0,0,13,0,0.06781165062999109,0.09181892871856685
ProtectiveStop,lstm,3,66,66,1,0,3,0,0,2,0,0,0,17,0,0.082426973782918,0.11530968546867366
ProtectiveStop,lstm,3,67,67,1,0,3,0,0,2,0,0,0,15,0,0.10763056841161513,0.2742571880420049
ProtectiveStop,lstm,3,68,68,1,0,3,0,0,2,0,0,0,15,0,0.1631551546355088,0.4092464844385782
ProtectiveStop,lstm,3,69,69,1,1,3,0,0,2,0,0,1,24,0,0.10950717490373381,0.26218976328770316
ProtectiveStop,lstm,3,70,70,1,0,3,3,0,2,1,0,0,15,1,0.17085373244351806,0.660415530204773
ProtectiveStop,lstm,3,71,71,1,0,3,3,0,2,1,0,0,9,2,0.3122392171234996,0.8117337822914124
ProtectiveStop,lstm,3,72,72,1,0,3,0,0,2,0,0,0,15,0,0.1367544550862577,0.41511790951093036
ProtectiveStop,lstm,3,73,73,1,0,3,0,0,2,0,0,0,16,0,0.15113307768478987,0.3693148096402486
ProtectiveStop,lstm,3,75,74,1,0,3,0,0,2,0,0,0,15,0,0.11998828724026676,0.3335497478644052
ProtectiveStop,lstm,4,76,75,1,0,3,0,0,2,0,0,0,15,0,0.0036035851963484777,0.0092754277090231
ProtectiveStop,lstm,4,85,84,1,0,3,3,0,2,1,0,0,20,7,0.3306502587821645,0.986156145731608
ProtectiveStop,lstm,4,86,85,1,1,3,3,3,2,0,1,0,20,7,0.3734759000925502,0.9857024351755778
ProtectiveStop,lstm,4,87,86,1,1,3,3,3,2,0,1,0,20,6,0.3180419499151564,0.9950219988822937
ProtectiveStop,lstm,4,88,87,1,0,3,0,0,2,0,0,0,15,0,0.007113855689143091,0.023355332513650198
ProtectiveStop,lstm,4,89,88,1,0,3,0,0,2,0,0,0,15,0,0.004571805022553387,0.010359360991666665
ProtectiveStop,lstm,4,90,89,1,0,3,0,0,2,0,0,0,15,0,0.015383007786133171,0.08894431156416731
ProtectiveStop,lstm,4,91,90,1,0,3,0,0,2,0,0,0,15,0,0.0047530760264230575,0.0165967022379239
ProtectiveStop,lstm,4,92,91,1,0,3,2,0,2,1,0,0,15,3,0.13736608070580078,0.5764827691018581
ProtectiveStop,lstm,4,93,92,1,0,3,0,0,2,0,0,0,15,0,0.006666598300863419,0.0191323372224966
ProtectiveStop,lstm,4,94,93,1,0,3,0,0,2,0,0,0,15,0,0.005387988831433934,0.013860726806645534
ProtectiveStop,lstm,4,95,94,1,0,3,0,0,2,0,0,0,15,0,0.005149770070177756,0.0163314494614799
ProtectiveStop,lstm,4,96,95,1,0,3,0,0,2,0,0,0,7,0,0.0017494103716065048,0.0024726648116483664
ProtectiveStop,lstm,4,97,96,1,0,3,2,0,2,1,0,0,15,1,0.06623023152351375,0.49089706347634393
ProtectiveStop,lstm,4,98,97,1,0,3,2,0,2,1,0,0,15,1,0.054704881265448986,0.5665357199807962
ProtectiveStop,lstm,4,99,98,1,1,3,3,3,2,0,1,0,92,67,0.6832795698491796,0.9966647426287333
ProtectiveStop,lstm,4,100,99,1,0,3,0,0,2,0,0,0,15,0,0.0028646376682444864,0.0071348786974946
ProtectiveStop,lstm,5,101,100,1,0,3,0,0,2,0,0,0,15,0,0.06427189409732814,0.11002820481856661
ProtectiveStop,lstm,5,102,101,1,0,3,0,0,2,0,0,0,15,0,0.16147438014547028,0.34867794811725616
ProtectiveStop,lstm,5,103,102,1,1,3,3,3,2,0,1,0,54,54,0.8594103190633986,0.9760275483131409
ProtectiveStop,lstm,5,104,103,1,0,3,0,0,2,0,0,0,2,0,0.077278284355998,0.09552007913589473
ProtectiveStop,lstm,5,105,104,1,0,3,0,0,2,0,0,0,14,0,0.06821590098774144,0.25133132934570307
ProtectiveStop,lstm,5,106,105,1,0,3,0,0,2,0,0,0,15,0,0.11999276723298759,0.3531161844730377
ProtectiveStop,lstm,5,107,106,1,0,3,0,0,2,0,0,0,15,0,0.12700692630476418,0.2842543770869573
ProtectiveStop,lstm,5,108,107,1,1,3,3,3,2,0,1,0,47,20,0.46097659335491503,0.9624293247858683
ProtectiveStop,lstm,5,109,108,1,0,3,0,0,2,0,0,0,15,0,0.09956422539220912,0.38942377765973407
ProtectiveStop,lstm,5,110,109,1,0,3,0,0,2,0,0,0,4,0,0.10013020659486449,0.1441254168748855
ProtectiveStop,lstm,5,111,110,1,0,3,1,0,2,0,0,0,16,0,0.10314396322549628,0.42299337188402814
ProtectiveStop,lstm,5,112,111,1,0,3,3,0,2,1,0,0,15,1,0.1392445403668615,0.628366231918335
ProtectiveStop,lstm,5,113,112,1,0,3,3,0,2,1,0,0,15,2,0.18637155393759405,0.8335018157958984
ProtectiveStop,lstm,5,114,113,1,0,3,3,0,2,1,0,0,16,1,0.13438287614068634,0.6327756841977438
ProtectiveStop,lstm,5,115,114,1,1,3,3,3,2,0,1,0,43,20,0.5081151119729346,0.9781592488288879
ProtectiveStop,lstm,5,116,115,1,0,3,3,0,2,1,0,0,15,1,0.1577578080197175,0.5932681560516357
ProtectiveStop,lstm,5,117,116,1,1,3,3,3,2,0,1,0,19,6,0.4460335390871031,0.9743106762568156
ProtectiveStop,lstm,5,118,117,1,1,3,3,3,2,0,1,0,30,11,0.3677088640216324,0.9763272603352865
ProtectiveStop,lstm,5,119,118,1,0,3,0,0,2,0,0,0,16,0,0.07583294358725344,0.17331030964851377
ProtectiveStop,lstm,5,120,119,1,0,3,1,0,2,0,0,0,15,0,0.0936722154418627,0.41849084695180255
ProtectiveStop,lstm,5,121,120,1,0,3,0,0,2,0,0,0,16,0,0.10516518024572477,0.3808501561482747
ProtectiveStop,lstm,5,122,121,1,0,3,3,0,2,1,0,0,15,1,0.1406915374100208,0.6428436239560446
ProtectiveStop,lstm,5,123,122,1,0,3,3,0,2,1,0,0,14,2,0.1757804385075966,0.623224119345347
ProtectiveStop,lstm,5,124,123,1,0,3,0,0,2,0,0,0,16,0,0.07919988882107035,0.1517499859134356
ProtectiveStop,lstm,5,125,124,1,0,3,0,0,2,0,0,0,13,0,0.10948571228446101,0.35045066475868225
ProtectiveStop,lstm,7,151,129,1,0,3,0,0,2,0,0,0,15,0,0.02509555436877735,0.10331501811742777
ProtectiveStop,lstm,7,152,130,1,1,3,3,3,2,0,1,0,21,7,0.3613372778904343,0.9890603025754293
ProtectiveStop,lstm,7,153,131,1,0,3,0,0,2,0,0,0,15,0,0.03537286396345326,0.1455802420775095
ProtectiveStop,lstm,7,154,132,1,0,3,0,0,2,0,0,0,16,0,0.014098195135981414,0.05519174241150413
ProtectiveStop,lstm,7,155,133,1,0,3,0,0,2,0,0,0,15,0,0.011797848592201819,0.02520726559062793
ProtectiveStop,lstm,7,156,134,1,0,3,0,0,2,0,0,0,15,0,0.06184028830482724,0.3398282577594121
ProtectiveStop,lstm,7,157,135,1,0,3,0,0,2,0,0,0,16,0,0.011067251703934699,0.030010157264769032
ProtectiveStop,lstm,7,159,137,1,1,3,3,3,2,0,1,0,23,10,0.4231837738534786,0.9870705405871073
ProtectiveStop,lstm,7,160,138,1,0,3,0,0,2,0,0,0,16,0,0.01841481338487933,0.08391837682574983
ProtectiveStop,lstm,7,161,139,1,0,3,0,0,2,0,0,0,15,0,0.01576241730298428,0.038077028468251166
ProtectiveStop,lstm,7,162,140,1,0,3,0,0,2,0,0,0,15,0,0.030718344191296185,0.18417105575402573
ProtectiveStop,lstm,7,163,141,1,1,3,3,3,2,0,1,0,44,11,0.2665554181263415,0.9896624286969503
ProtectiveStop,lstm,7,164,142,1,1,3,3,3,2,0,1,0,21,6,0.3012655897117737,0.9646677772204081
ProtectiveStop,lstm,7,165,143,1,0,3,0,0,2,0,0,0,15,0,0.016389944632020214,0.062482127298911366
ProtectiveStop,lstm,7,166,144,1,0,3,0,0,2,0,0,0,15,0,0.01886936787826315,0.03826118384798367
ProtectiveStop,lstm,7,167,145,1,0,3,3,0,2,1,0,0,15,1,0.08572086091153319,0.7341720461845398
ProtectiveStop,lstm,7,168,146,1,0,3,0,0,2,0,0,0,16,0,0.011925404770105718,0.030455247809489498
ProtectiveStop,lstm,7,169,147,1,0,3,0,0,2,0,0,0,15,0,0.015448093435002652,0.03270545353492097
ProtectiveStop,lstm,7,170,148,1,1,3,3,3,2,0,1,0,47,10,0.22263038106236258,0.9875209728876749
ProtectiveStop,lstm,7,171,149,1,0,3,0,0,2,0,0,0,15,0,0.006576773136233246,0.011809042034049802
ProtectiveStop,lstm,7,172,150,1,0,3,0,0,2,0,0,0,15,0,0.012558740796521254,0.029917785276969238
ProtectiveStop,lstm,7,173,151,1,1,3,1,1,2,0,0,1,21,0,0.07246457950936419,0.5314327279726664
ProtectiveStop,lstm,7,174,152,1,1,3,0,0,2,0,0,1,19,0,0.007668070307230172,0.0150907787804802
ProtectiveStop,lstm,7,175,153,1,1,3,3,3,2,0,1,0,35,16,0.42606050858407146,0.9841341574986776
ProtectiveStop,lstm,8,176,154,1,0,3,3,0,2,1,0,0,15,3,0.334892275929451,0.7899554173151652
ProtectiveStop,lstm,8,177,155,1,0,3,3,0,2,1,0,0,15,0,0.2865606635808945,0.5410024126370748
ProtectiveStop,lstm,8,178,156,1,0,3,0,0,2,0,0,0,16,0,0.2304991781711578,0.3379024813572566
ProtectiveStop,lstm,8,179,157,1,0,3,0,0,2,0,0,0,15,0,0.2153522262970606,0.2963778674602508
ProtectiveStop,lstm,8,180,158,1,0,3,0,0,2,0,0,0,15,0,0.207552515135871,0.2358198662598928
ProtectiveStop,lstm,8,181,159,1,0,3,3,0,2,1,0,0,14,3,0.3125370669932592,0.6212330261866251
ProtectiveStop,lstm,8,182,160,1,1,3,3,3,2,0,1,0,18,5,0.39682432236494836,0.8999355435371399
ProtectiveStop,lstm,8,183,161,1,1,3,3,3,2,0,1,0,38,9,0.3948731360989704,0.929245114326477
ProtectiveStop,lstm,8,184,162,1,0,3,3,0,2,1,0,0,15,3,0.2839836878909005,0.6112736860911051
ProtectiveStop,lstm,8,185,163,1,1,3,3,3,2,0,1,0,6,6,0.9384397765000662,0.9411915938059489
ProtectiveStop,lstm,8,199,176,1,0,3,0,0,2,0,0,0,7,0,0.21455926270711986,0.2435347239176432
ProtectiveStop,lstm,8,200,177,1,0,3,0,0,2,0,0,0,15,0,0.20195094148317969,0.27997572720050806
ProtectiveStop,lstm,9,201,178,1,1,3,3,3,2,0,1,0,30,11,0.399111531705906,0.9732727607091268
ProtectiveStop,lstm,9,202,179,1,0,3,0,0,2,0,0,0,15,0,0.032729366338915246,0.0596932768821716
ProtectiveStop,lstm,9,203,180,1,0,3,0,0,2,0,0,0,15,0,0.0773105142017205,0.17430841922760007
ProtectiveStop,lstm,9,204,181,1,1,3,3,3,2,0,1,0,38,10,0.30892462742498566,0.9718414147694906
ProtectiveStop,lstm,9,205,182,1,0,3,0,0,2,0,0,0,16,0,0.0539544036534304,0.1097274869680404
ProtectiveStop,lstm,9,206,183,1,1,3,3,3,2,0,1,0,18,5,0.30450866878446603,0.9752705295880636
ProtectiveStop,lstm,9,207,184,1,0,3,3,0,2,1,0,0,15,1,0.12807582246346602,0.751291831334432
ProtectiveStop,lstm,9,208,185,1,0,3,0,0,2,0,0,0,14,0,0.03676358659175176,0.09499202668666835
ProtectiveStop,lstm,9,209,186,1,0,3,2,0,2,1,0,0,15,1,0.07986898515373464,0.4924008051554362
ProtectiveStop,lstm,9,210,187,1,1,3,3,3,2,0,1,0,49,12,0.2828377103559723,0.9795705477396647
ProtectiveStop,lstm,9,211,188,1,0,3,0,0,2,0,0,0,15,0,0.059242438152432395,0.14055938273668286
ProtectiveStop,lstm,9,212,189,1,1,3,3,3,2,0,1,0,19,6,0.3206970564890326,0.966977576414744
ProtectiveStop,lstm,9,213,190,1,0,3,0,0,2,0,0,0,15,0,0.04755233677311072,0.07997207343578337
ProtectiveStop,lstm,9,214,191,1,1,3,3,3,2,0,1,0,40,12,0.3120251098337273,0.9759540756543478
ProtectiveStop,lstm,9,215,192,1,1,3,3,3,2,0,1,0,31,4,0.16363241140961002,0.7232349912325541
ProtectiveStop,lstm,9,216,193,1,0,3,0,0,2,0,0,0,16,0,0.07713684959647552,0.22615167001883188
ProtectiveStop,lstm,9,217,194,1,1,3,3,3,2,0,1,0,17,4,0.2612322234347755,0.9641099572181702
ProtectiveStop,lstm,9,218,195,1,1,3,3,3,2,0,1,0,18,5,0.27791773938332437,0.9747008482615153
ProtectiveStop,lstm,9,219,196,1,1,3,3,3,2,0,1,0,23,9,0.386765512543312,0.9660548170407613
ProtectiveStop,lstm,9,220,197,1,1,3,3,3,2,0,1,0,32,11,0.32230561010267894,0.9648500680923462
ProtectiveStop,lstm,9,221,198,1,1,3,0,0,2,0,0,1,19,0,0.05709339439738211,0.15621413538853327
ProtectiveStop,lstm,9,222,199,1,1,3,3,3,2,0,1,0,18,5,0.2674022684977562,0.9712934096654257
ProtectiveStop,lstm,9,223,200,1,1,3,3,3,2,0,1,0,19,7,0.3554453263386038,0.9792229334513346
ProtectiveStop,lstm,9,224,201,1,1,3,3,3,2,0,1,0,19,6,0.3384048430608553,0.9746417005856832
ProtectiveStop,lstm,9,225,202,1,1,3,3,3,2,0,1,0,19,6,0.3206122695680773,0.9652390877405802
ProtectiveStop,lstm,9,224,210,2,1,3,3,3,2,0,1,0,16,6,0.4196718219318427,0.9743207891782125
ProtectiveStop,lstm,10,226,203,1,1,3,3,3,2,0,1,0,19,6,0.4210926555750662,0.9260942339897156
ProtectiveStop,lstm,10,227,204,1,1,3,3,3,2,0,1,0,18,5,0.36318605048237024,0.8435742656389872
ProtectiveStop,lstm,10,229,205,1,1,3,3,3,2,0,1,0,42,18,0.484144329049048,0.9513347546259562
ProtectiveStop,lstm,10,230,206,1,1,3,3,3,2,0,1,0,18,6,0.35861338723312924,0.9405512809753418
ProtectiveStop,lstm,10,231,207,1,1,3,3,3,2,0,1,0,35,13,0.4405621888382094,0.9506915807723999
ProtectiveStop,lstm,10,232,208,1,0,3,1,0,2,0,0,0,15,0,0.21353126764297484,0.4638976703087489
ProtectiveStop,lstm,10,233,209,1,1,3,3,3,2,0,1,0,31,18,0.5772584325443674,0.9520202477773031
ProtectiveStop,lstm,10,230,216,2,1,3,3,3,2,0,1,0,20,7,0.37277654589464265,0.8988410234451294
ProtectiveStop,lstm,10,231,217,2,1,3,3,3,2,0,1,0,18,6,0.3656671634978718,0.9459593097368876
ProtectiveStop,lstm,10,232,218,2,1,3,3,3,2,0,1,0,20,6,0.31173224002122873,0.8718840281168619
ProtectiveStop,lstm,10,233,219,2,0,3,0,0,2,0,0,0,15,0,0.10077792108058925,0.16525112589200333
ProtectiveStop,lstm,10,234,220,1,1,3,3,3,2,0,1,0,52,13,0.36457935266960884,0.9283511241277059
ProtectiveStop,lstm,10,235,221,1,1,3,3,3,2,0,1,0,18,6,0.36265936459380166,0.9400327404340109
ProtectiveStop,lstm,10,236,222,1,0,3,3,0,2,1,0,0,15,2,0.21094360094931386,0.7354550957679749
ProtectiveStop,lstm,10,237,223,1,1,3,3,3,2,0,1,0,43,16,0.4127147140544514,0.9544906417528788
ProtectiveStop,lstm,10,238,224,1,0,3,0,0,2,0,0,0,15,0,0.18007803344064283,0.3393764793872833
ProtectiveStop,lstm,10,239,225,1,1,3,3,3,2,0,1,0,34,10,0.3806293908433587,0.9428886771202087
ProtectiveStop,lstm,10,240,226,1,1,3,3,3,2,0,1,0,37,7,0.25694862910890365,0.8472109436988831
ProtectiveStop,lstm,10,241,227,1,0,3,0,0,2,0,0,0,15,0,0.12581692015131313,0.36030929287274677
ProtectiveStop,lstm,10,242,228,1,1,3,3,3,2,0,1,0,43,19,0.3650409388103226,0.8521720369656881
ProtectiveStop,lstm,10,243,229,1,0,3,3,0,2,1,0,0,16,2,0.24126040764773884,0.7266333301862081
ProtectiveStop,lstm,10,245,230,1,0,3,2,0,2,1,0,0,15,1,0.1888447480069266,0.5865647594134012
ProtectiveStop,lstm,10,246,231,1,1,3,3,3,2,0,1,0,40,20,0.5101167095514635,0.9516217708587646
ProtectiveStop,lstm,10,247,232,1,1,3,3,3,2,0,1,0,46,9,0.35116185779696785,0.9430474440256754
ProtectiveStop,lstm,10,248,233,1,0,3,3,0,2,1,0,0,15,1,0.21145009001096088,0.6517154971758524
ProtectiveStop,lstm,10,249,234,1,1,3,3,3,2,0,1,0,37,16,0.4082424727914569,0.8081036806106567
ProtectiveStop,lstm,10,250,235,1,1,3,3,3,2,0,1,0,33,11,0.33593606884882904,0.7865037123362223
GripLost,1d_cnn,1,1,1,1,0,3,1,0,2,0,0,0,30,0,0.047667470029394136,0.27502148598432535
GripLost,1d_cnn,1,2,2,1,1,3,3,3,2,0,1,0,37,24,0.703994131343951,0.9995492696762085
GripLost,1d_cnn,1,3,3,1,0,3,0,0,2,0,0,0,17,0,0.018961260151035934,0.112897228449583
GripLost,1d_cnn,1,4,4,1,0,3,0,0,2,0,0,0,15,0,0.01475132997098139,0.0575192101920644
GripLost,1d_cnn,1,5,5,1,1,3,3,3,2,0,1,0,18,6,0.37900813323223564,0.909308135509491
GripLost,1d_cnn,1,6,6,1,1,3,3,3,2,0,1,0,22,5,0.3231116960131189,0.9228786031405131
GripLost,1d_cnn,1,8,8,1,0,3,0,0,2,0,0,0,15,0,0.009608700440269492,0.07915983721613883
GripLost,1d_cnn,1,9,9,1,0,3,0,0,2,0,0,0,15,0,0.02697405647010603,0.1582201334337393
GripLost,1d_cnn,1,10,10,1,0,3,0,0,2,0,0,0,15,0,0.006434846429221428,0.0459043802693486
GripLost,1d_cnn,1,11,11,1,0,3,0,0,2,0,0,0,16,0,0.09619277572429985,0.2304164581000805
GripLost,1d_cnn,1,12,12,1,0,3,0,0,2,0,0,0,15,0,0.018572677447168104,0.09649664908647533
GripLost,1d_cnn,1,13,13,1,0,3,2,0,2,1,0,0,15,1,0.1124817518531813,0.6677220265070597
GripLost,1d_cnn,1,14,14,1,1,3,3,3,2,0,1,0,19,5,0.3437719519429823,0.8947251041730245
GripLost,1d_cnn,1,15,15,1,1,3,3,3,2,0,1,0,14,11,0.7777629459188098,0.9975674549738566
GripLost,1d_cnn,1,16,16,1,0,3,0,0,2,0,0,0,16,0,0.056027018907251105,0.2974752088387807
GripLost,1d_cnn,1,17,17,1,0,3,1,0,2,0,0,0,15,0,0.04207963259615332,0.21371587490042043
GripLost,1d_cnn,1,18,18,1,0,3,0,0,2,0,0,0,16,0,0.016073658982956308,0.07492586349447564
GripLost,1d_cnn,1,19,19,1,0,3,3,0,2,1,0,0,15,2,0.1294129548258777,0.6510117848714193
GripLost,1d_cnn,1,20,20,1,0,3,0,0,2,0,0,0,15,0,0.03364328127227557,0.24468146264553067
GripLost,1d_cnn,1,21,21,1,0,3,1,0,2,0,0,0,16,0,0.06388399116443742,0.4630087614059448
GripLost,1d_cnn,1,22,22,1,0,3,0,0,2,0,0,0,27,0,0.015894230403213964,0.14959551890691117
GripLost,1d_cnn,1,23,23,1,0,3,0,0,2,0,0,0,15,0,0.05438905140747208,0.21069657057523727
GripLost,1d_cnn,1,24,24,1,0,3,0,0,2,0,0,0,15,0,0.004824251582247218,0.0170690041559282
GripLost,1d_cnn,1,25,25,1,0,3,0,0,2,0,0,0,16,0,0.019641075610100672,0.07054165005683893
GripLost,1d_cnn,2,26,26,1,0,3,3,0,2,1,0,0,15,4,0.2822798878332024,0.7151170174280802
GripLost,1d_cnn,2,27,27,1,0,3,2,0,2,1,0,0,15,2,0.14768340617665668,0.6397284468015035
GripLost,1d_cnn,2,28,28,1,0,3,3,0,2,1,0,0,16,2,0.3452116818516515,0.8116352558135986
GripLost,1d_cnn,2,29,29,1,0,3,1,0,2,0,0,0,15,0,0.08972377313410912,0.4982572098573049
GripLost,1d_cnn,2,30,30,1,0,3,1,0,2,0,0,0,15,0,0.07440696608027789,0.47878172000249225
GripLost,1d_cnn,2,31,31,1,0,3,0,0,2,0,0,0,14,0,0.01478193976567299,0.11650035033623378
GripLost,1d_cnn,2,32,32,1,0,3,2,0,2,1,0,0,15,2,0.21091178745652236,0.6650359729925791
GripLost,1d_cnn,2,33,33,1,0,3,3,0,2,1,0,0,16,5,0.32745834055340406,0.7699693242708842
GripLost,1d_cnn,2,34,34,1,0,3,3,0,2,1,0,0,15,5,0.24955762589656488,0.8681778510411581
GripLost,1d_cnn,2,35,35,1,0,3,0,0,2,0,0,0,20,0,0.041628228533725414,0.13684215893348056
GripLost,1d_cnn,2,36,36,1,1,3,3,3,2,0,1,0,24,22,0.8858720589843062,0.9984116355578104
GripLost,1d_cnn,2,37,37,1,0,3,1,0,2,0,0,0,15,0,0.11811798725716974,0.5076795816421509
GripLost,1d_cnn,2,38,38,1,0,3,3,0,2,1,0,0,15,1,0.16241508040349997,0.6225162148475647
GripLost,1d_cnn,2,39,39,1,1,3,3,3,2,0,1,0,15,15,0.8011998236179352,0.9814536770184835
GripLost,1d_cnn,2,40,40,1,1,3,3,3,2,0,1,0,20,18,0.8074163526296616,0.9893345236778259
GripLost,1d_cnn,2,41,41,1,0,3,1,0,2,0,0,0,15,0,0.15138437140462374,0.43682625889778137
GripLost,1d_cnn,2,42,42,1,0,3,3,0,2,1,0,0,71,31,0.4318917274031093,0.98329230149587
GripLost,1d_cnn,2,43,43,1,0,3,0,0,2,0,0,0,15,0,0.014640081800785541,0.044705992564558934
GripLost,1d_cnn,2,44,44,1,0,3,3,0,2,1,0,0,15,1,0.10335512768195053,0.5745838085810343
GripLost,1d_cnn,2,45,45,1,0,3,0,0,2,0,0,0,15,0,0.030426986358159176,0.10138325020670884
GripLost,1d_cnn,2,48,48,1,0,3,3,0,2,1,0,0,15,1,0.11070898690078236,0.6067640781402588
GripLost,1d_cnn,2,49,49,1,0,3,2,0,2,1,0,0,15,2,0.1781404630704224,0.45581266780694324
GripLost,1d_cnn,2,50,50,1,0,3,0,0,2,0,0,0,15,0,0.026957258599303334,0.18506218741337457
GripLost,1d_cnn,3,51,51,1,0,3,0,0,2,0,0,0,15,0,0.013463366395204245,0.09709770977497094
GripLost,1d_cnn,3,52,52,1,0,3,0,0,2,0,0,0,15,0,0.021808438802731322,0.06764604151248926
GripLost,1d_cnn,3,53,53,1,0,3,2,0,2,1,0,0,43,1,0.07952526231504681,0.6767126222451528
GripLost,1d_cnn,3,54,54,1,0,3,1,0,2,0,0,0,15,0,0.07698073693662635,0.36095574498176575
GripLost,1d_cnn,3,55,55,1,0,3,0,0,2,0,0,0,15,0,0.05392645306306396,0.24367798368136087
GripLost,1d_cnn,3,56,56,1,0,3,0,0,2,0,0,0,15,0,0.03856860810995267,0.135841687520345
GripLost,1d_cnn,3,57,57,1,0,3,2,0,2,1,0,0,32,3,0.0866562236033421,0.593675971031189
GripLost,1d_cnn,3,58,58,1,0,3,0,0,2,0,0,0,15,0,0.12769997286822116,0.26301301022370654
GripLost,1d_cnn,3,59,59,1,0,3,0,0,2,0,0,0,15,0,0.028088288747209467,0.14330910518765447
GripLost,1d_cnn,3,60,60,1,0,3,0,0,2,0,0,0,16,0,0.07672169795781272,0.32027239600817364
GripLost,1d_cnn,3,61,61,1,0,3,0,0,2,0,0,0,13,0,0.013565669031133378,0.051885851658880676
GripLost,1d_cnn,3,62,62,1,0,3,0,0,2,0,0,0,16,0,0.02689698791922026,0.10459521040320392
GripLost,1d_cnn,3,63,63,1,1,3,3,3,2,0,1,0,31,18,0.5546923705967524,0.9661668141682943
GripLost,1d_cnn,3,64,64,1,1,3,3,3,2,0,1,0,16,11,0.6797509058378637,0.9941385189692179
GripLost,1d_cnn,3,65,65,1,1,3,3,3,2,0,1,0,13,8,0.6070242627308919,0.9343958497047424
GripLost,1d_cnn,3,66,66,1,0,3,3,0,2,1,0,0,17,4,0.22080897040295358,0.6730570793151855
GripLost,1d_cnn,3,67,67,1,1,3,3,3,2,0,1,0,15,7,0.5500997498217557,0.9877289533615112
GripLost,1d_cnn,3,68,68,1,0,3,0,0,2,0,0,0,15,0,0.029837481858004968,0.13662165030837056
GripLost,1d_cnn,3,69,69,1,1,3,3,3,2,0,1,0,24,19,0.7149504369784457,0.993578831354777
GripLost,1d_cnn,3,70,70,1,0,3,0,0,2,0,0,0,15,0,0.06928032364671197,0.3326386064291
GripLost,1d_cnn,3,71,71,1,0,3,0,0,2,0,0,0,9,0,0.02856333065934716,0.08180674910545344
GripLost,1d_cnn,3,72,72,1,0,3,2,0,2,1,0,0,15,1,0.0968428943820375,0.5863639016946157
GripLost,1d_cnn,3,73,73,1,0,3,3,0,2,1,0,0,16,3,0.21021182034019145,0.6842739383379618
GripLost,1d_cnn,3,75,74,1,0,3,0,0,2,0,0,0,15,0,0.06842698590319031,0.21693268666664758
GripLost,1d_cnn,4,76,75,1,1,3,3,3,2,0,1,0,15,5,0.32577534570914896,0.9678725202878317
GripLost,1d_cnn,4,85,84,1,0,3,0,0,2,0,0,0,20,0,0.031638549944727805,0.15761965513229362
GripLost,1d_cnn,4,86,85,1,1,3,3,3,2,0,1,0,20,13,0.6089585887564681,0.9900965491930643
GripLost,1d_cnn,4,87,86,1,0,3,0,0,2,0,0,0,20,0,0.004862030673768553,0.0369259119033813
GripLost,1d_cnn,4,88,87,1,0,3,0,0,2,0,0,0,15,0,0.011925745685719977,0.05274228317042184
GripLost,1d_cnn,4,89,88,1,0,3,0,0,2,0,0,0,15,0,0.0447101421920807,0.21789487202962235
GripLost,1d_cnn,4,90,89,1,0,3,0,0,2,0,0,0,15,0,0.014656539472492729,0.06373728190859157
GripLost,1d_cnn,4,91,90,1,1,3,3,3,2,0,1,0,15,6,0.4105168672899405,0.9659436941146851
GripLost,1d_cnn,4,92,91,1,1,3,3,3,2,0,1,0,15,7,0.4672145003866818,0.9894734025001526
GripLost,1d_cnn,4,93,92,1,0,3,0,0,2,0,0,0,15,0,0.00611829096880189,0.0625957734882831
GripLost,1d_cnn,4,94,93,1,0,3,0,0,2,0,0,0,15,0,0.0017577643681255838,0.007069770984041133
GripLost,1d_cnn,4,95,94,1,1,3,3,3,2,0,1,0,15,8,0.5893772499428854,0.9994690616925558
GripLost,1d_cnn,4,96,95,1,1,3,3,3,2,0,1,0,7,5,0.7581568313319059,0.9991170167922974
GripLost,1d_cnn,4,97,96,1,1,3,3,3,2,0,1,0,15,8,0.5946704149608397,0.9989340702692667
GripLost,1d_cnn,4,98,97,1,0,3,0,0,2,0,0,0,15,0,0.004912210037663364,0.0423261343191067
GripLost,1d_cnn,4,99,98,1,0,3,1,0,2,0,0,0,92,0,0.0244087853250443,0.4184700349966685
GripLost,1d_cnn,4,100,99,1,0,3,0,0,2,0,0,0,15,0,0.015996350180183843,0.1103770919144153
GripLost,1d_cnn,5,101,100,1,0,3,0,0,2,0,0,0,15,0,0.07499307303999857,0.21338413159052524
GripLost,1d_cnn,5,102,101,1,0,3,0,0,2,0,0,0,15,0,0.02986056496786959,0.12437950819730757
GripLost,1d_cnn,5,103,102,1,0,3,0,0,2,0,0,0,54,0,0.0015831177119830662,0.030115019530057865
GripLost,1d_cnn,5,104,103,1,0,3,0,0,2,0,0,0,2,0,0.061574737541377496,0.07943151891231533
GripLost,1d_cnn,5,105,104,1,1,3,3,3,2,0,1,0,14,12,0.7860529330514726,0.9974907040596008
GripLost,1d_cnn,5,106,105,1,0,3,2,0,2,1,0,0,15,1,0.06644499818762088,0.49547744790712994
GripLost,1d_cnn,5,107,106,1,0,3,0,0,2,0,0,0,15,0,0.0855539183546271,0.360177884499232
GripLost,1d_cnn,5,108,107,1,0,3,1,0,2,0,0,0,47,0,0.07554029410441718,0.4803963303565979
GripLost,1d_cnn,5,109,108,1,0,3,3,0,2,1,0,0,15,6,0.3826468250103062,0.8206191658973694
GripLost,1d_cnn,5,110,109,1,0,3,0,0,2,0,0,0,4,0,0.004004639801375208,0.005336125303680633
GripLost,1d_cnn,5,111,110,1,0,3,0,0,2,0,0,0,16,0,0.02085056447674556,0.1370146870613098
GripLost,1d_cnn,5,112,111,1,0,3,1,0,2,0,0,0,15,0,0.09644042466146246,0.40824586153030396
GripLost,1d_cnn,5,113,112,1,0,3,2,0,2,1,0,0,15,1,0.11231091832043803,0.551217794418335
GripLost,1d_cnn,5,114,113,1,0,3,0,0,2,0,0,0,16,0,0.03206089001893508,0.09831084186832106
GripLost,1d_cnn,5,115,114,1,0,3,1,0,2,0,0,0,43,0,0.10778372434855492,0.473126749197642
GripLost,1d_cnn,5,116,115,1,0,3,1,0,2,0,0,0,15,0,0.10867489375284797,0.3703431983788808
GripLost,1d_cnn,5,117,116,1,0,3,0,0,2,0,0,0,19,0,0.04209085769924162,0.38457223773002625
GripLost,1d_cnn,5,118,117,1,0,3,0,0,2,0,0,0,30,0,0.04728909127351698,0.21623542904853818
GripLost,1d_cnn,5,119,118,1,0,3,0,0,2,0,0,0,16,0,0.06953390092763807,0.2861688484748204
GripLost,1d_cnn,5,120,119,1,0,3,1,0,2,0,0,0,15,0,0.1429913658771612,0.40564001599947613
GripLost,1d_cnn,5,121,120,1,0,3,0,0,2,0,0,0,16,0,0.007091461680156841,0.03630179228881993
GripLost,1d_cnn,5,122,121,1,0,3,1,0,2,0,0,0,15,0,0.1265574672621571,0.47595779101053876
GripLost,1d_cnn,5,123,122,1,0,3,3,0,2,1,0,0,14,3,0.19958143819184482,0.7760615746180216
GripLost,1d_cnn,5,124,123,1,0,3,2,0,2,1,0,0,16,1,0.15342349165985067,0.6088688870271047
GripLost,1d_cnn,5,125,124,1,0,3,0,0,2,0,0,0,13,0,0.02610457120560261,0.12368481606245037
GripLost,1d_cnn,7,151,129,1,0,3,0,0,2,0,0,0,15,0,0.009585696511774355,0.09487844506899511
GripLost,1d_cnn,7,152,130,1,0,3,0,0,2,0,0,0,21,0,0.00280879549559466,0.03257108728090916
GripLost,1d_cnn,7,153,131,1,0,3,0,0,2,0,0,0,15,0,0.001392672479907049,0.016260887496173333
GripLost,1d_cnn,7,154,132,1,0,3,3,0,2,1,0,0,16,3,0.16479265569614648,0.6920623580614725
GripLost,1d_cnn,7,155,133,1,0,3,0,0,2,0,0,0,15,0,0.0031359218800768055,0.01972699436979987
GripLost,1d_cnn,7,156,134,1,0,3,0,0,2,0,0,0,15,0,0.01966469936962511,0.21629710992177323
GripLost,1d_cnn,7,157,135,1,0,3,0,0,2,0,0,0,16,0,0.004322891114609191,0.013544844075416467
GripLost,1d_cnn,7,159,137,1,0,3,0,0,2,0,0,0,23,0,0.008828768254370505,0.12065154065688448
GripLost,1d_cnn,7,160,138,1,1,3,3,3,2,0,1,0,16,8,0.4577752987873585,0.9480463862419128
GripLost,1d_cnn,7,161,139,1,0,3,0,0,2,0,0,0,15,0,0.004530500661115189,0.011388517450541235
GripLost,1d_cnn,7,162,140,1,0,3,0,0,2,0,0,0,15,0,0.03249055536758125,0.13925258194406823
GripLost,1d_cnn,7,163,141,1,0,3,3,0,2,1,0,0,44,2,0.08971974303387817,0.736844519774119
GripLost,1d_cnn,7,164,142,1,1,3,3,3,2,0,1,0,21,9,0.40158023402424686,0.9996182322502136
GripLost,1d_cnn,7,165,143,1,0,3,2,0,2,1,0,0,15,3,0.2783623306830931,0.5436697006225586
GripLost,1d_cnn,7,166,144,1,0,3,0,0,2,0,0,0,15,0,0.03457217770717156,0.2497491339842478
GripLost,1d_cnn,7,167,145,1,0,3,0,0,2,0,0,0,15,0,0.030501210206501893,0.23827373981475827
GripLost,1d_cnn,7,168,146,1,0,3,3,0,2,1,0,0,16,3,0.18587989366368635,0.8940373857816061
GripLost,1d_cnn,7,169,147,1,0,3,0,0,2,0,0,0,15,0,0.013412650393460464,0.09785506874322887
GripLost,1d_cnn,7,170,148,1,0,3,1,0,2,0,0,0,47,0,0.15870410908633964,0.44571207960446674
GripLost,1d_cnn,7,171,149,1,0,3,0,0,2,0,0,0,15,0,0.008938588720047798,0.06644316390156743
GripLost,1d_cnn,7,172,150,1,0,3,0,0,2,0,0,0,15,0,0.004795609482997981,0.029286508758862767
GripLost,1d_cnn,7,173,151,1,1,3,3,3,2,0,1,0,21,11,0.46950749206377024,0.9661582509676615
GripLost,1d_cnn,7,174,152,1,1,3,3,3,2,0,1,0,19,10,0.5324750156588586,0.9994826118151346
GripLost,1d_cnn,7,175,153,1,0,3,0,0,2,0,0,0,35,0,0.027601225964158756,0.3018720845381419
GripLost,1d_cnn,8,176,154,1,0,3,1,0,2,0,0,0,15,0,0.4264429032802582,0.48043978214263916
GripLost,1d_cnn,8,177,155,1,0,3,1,0,2,0,0,0,15,0,0.39592046207851833,0.4771603246529897
GripLost,1d_cnn,8,178,156,1,0,3,1,0,2,0,0,0,16,0,0.44771420893569785,0.47308070460955304
GripLost,1d_cnn,8,179,157,1,0,3,1,0,2,0,0,0,15,0,0.45634923775990804,0.4867120186487834
GripLost,1d_cnn,8,180,158,1,1,3,1,1,2,0,0,1,15,0,0.45340916779306195,0.5007301867008209
GripLost,1d_cnn,8,181,159,1,0,3,0,0,2,0,0,0,14,0,0.36855255049609,0.4574212332566579
GripLost,1d_cnn,8,182,160,1,0,3,1,0,2,0,0,0,18,0,0.410926825746342,0.4700890878836314
GripLost,1d_cnn,8,183,161,1,0,3,1,0,2,0,0,0,38,0,0.43579634553507757,0.5112248559792837
GripLost,1d_cnn,8,184,162,1,0,3,1,0,2,0,0,0,15,0,0.42683189676867594,0.4831891159216563
GripLost,1d_cnn,8,185,163,1,0,3,0,0,2,0,0,0,6,0,0.29451104212138385,0.3415856560071309
GripLost,1d_cnn,8,199,176,1,0,3,0,0,2,0,0,0,7,0,0.38374604000931695,0.44528494278589875
GripLost,1d_cnn,8,200,177,1,1,3,1,1,2,0,0,1,15,0,0.4727543473243713,0.5291305283705393
GripLost,1d_cnn,9,201,178,1,0,3,3,0,2,1,0,0,30,4,0.1600676115295704,0.6469263633092245
GripLost,1d_cnn,9,202,179,1,1,3,3,3,2,0,1,0,15,7,0.4883873217635684,0.771954337755839
GripLost,1d_cnn,9,203,180,1,0,3,0,0,2,0,0,0,15,0,0.09184276543350679,0.3106004397074381
GripLost,1d_cnn,9,204,181,1,0,3,3,0,2,1,0,0,38,10,0.287859768790153,0.7401757836341858
GripLost,1d_cnn,9,205,182,1,0,3,3,0,2,1,0,0,16,5,0.2916980101023606,0.7433303991953532
GripLost,1d_cnn,9,206,183,1,0,3,0,0,2,0,0,0,18,0,0.05236215367743539,0.25345804293950397
GripLost,1d_cnn,9,207,184,1,0,3,0,0,2,0,0,0,15,0,0.1469360003299597,0.3748542567094167
GripLost,1d_cnn,9,208,185,1,1,3,3,3,2,0,1,0,14,7,0.5230897544395356,0.873097836971283
GripLost,1d_cnn,9,209,186,1,0,3,0,0,2,0,0,0,15,0,0.14049736902945567,0.23646857837835947
GripLost,1d_cnn,9,210,187,1,0,3,3,0,2,1,0,0,49,16,0.33565520859868375,0.6795279582341512
GripLost,1d_cnn,9,211,188,1,0,3,0,0,2,0,0,0,15,0,0.09615535633638497,0.3540191451708476
GripLost,1d_cnn,9,212,189,1,0,3,3,0,2,1,0,0,19,2,0.14435112541851594,0.7081752816836039
GripLost,1d_cnn,9,213,190,1,0,3,0,0,2,0,0,0,15,0,0.10095414677893531,0.4494087795416514
GripLost,1d_cnn,9,214,191,1,1,3,3,3,2,0,1,0,40,21,0.490276397845534,0.9692099293073019
GripLost,1d_cnn,9,215,192,1,0,3,1,0,2,0,0,0,31,0,0.16320347367730792,0.4759264489014943
GripLost,1d_cnn,9,216,193,1,1,3,3,3,2,0,1,0,16,6,0.3775589654687792,0.7226243019104004
GripLost,1d_cnn,9,217,194,1,0,3,0,0,2,0,0,0,17,0,0.07854617068765612,0.190394048889478
GripLost,1d_cnn,9,218,195,1,0,3,0,0,2,0,0,0,18,0,0.0912422670104546,0.36082961161931354
GripLost,1d_cnn,9,219,196,1,1,3,3,3,2,0,1,0,23,12,0.44001975818537176,0.8472275137901306
GripLost,1d_cnn,9,220,197,1,0,3,2,0,2,1,0,0,32,1,0.14675714854009428,0.500838021437327
GripLost,1d_cnn,9,221,198,1,1,3,3,3,2,0,1,0,19,4,0.24279652129074455,0.8297481536865234
GripLost,1d_cnn,9,222,199,1,0,3,2,0,2,1,0,0,18,1,0.1937472292467848,0.5475318233172098
GripLost,1d_cnn,9,223,200,1,0,3,0,0,2,0,0,0,19,0,0.07033083989361785,0.33008405566215515
GripLost,1d_cnn,9,224,201,1,0,3,0,0,2,0,0,0,19,0,0.05782603321063552,0.39684608578681946
GripLost,1d_cnn,9,225,202,1,0,3,0,0,2,0,0,0,19,0,0.09285564249837616,0.3917398850123088
GripLost,1d_cnn,9,224,210,2,0,3,0,0,2,0,0,0,16,0,0.07690466928566274,0.34315380454063416
GripLost,1d_cnn,10,226,203,1,0,3,3,0,2,1,0,0,19,2,0.17072946083613996,0.7106359004974365
GripLost,1d_cnn,10,227,204,1,0,3,3,0,2,1,0,0,18,1,0.11836139407151437,0.6597789525985718
GripLost,1d_cnn,10,229,205,1,0,3,2,0,2,1,0,0,42,1,0.20647116260731907,0.5537247459093729
GripLost,1d_cnn,10,230,206,1,0,3,2,0,2,1,0,0,18,2,0.23242815499985328,0.5525954564412435
GripLost,1d_cnn,10,231,207,1,0,3,3,0,2,1,0,0,35,6,0.21720143407915848,0.5973326563835144
GripLost,1d_cnn,10,232,208,1,0,3,3,0,2,1,0,0,15,2,0.18864547091846662,0.6649075349171957
GripLost,1d_cnn,10,233,209,1,0,3,2,0,2,1,0,0,31,1,0.09104149566812864,0.5513308246930441
GripLost,1d_cnn,10,230,216,2,0,3,0,0,2,0,0,0,20,0,0.041849239460513325,0.19491851826508835
GripLost,1d_cnn,10,231,217,2,0,3,2,0,2,1,0,0,18,1,0.1864168192852823,0.47821593284606934
GripLost,1d_cnn,10,232,218,2,1,3,3,3,2,0,1,0,20,13,0.6007853696743647,0.9701511462529501
GripLost,1d_cnn,10,233,219,2,1,3,3,3,2,0,1,0,15,7,0.5153164631790585,0.8464663227399191
GripLost,1d_cnn,10,234,220,1,1,3,2,2,2,0,1,0,52,4,0.2626303390843065,0.5569436848163605
GripLost,1d_cnn,10,235,221,1,0,3,3,0,2,1,0,0,18,5,0.29897283896357124,0.7575672268867493
GripLost,1d_cnn,10,236,222,1,0,3,3,0,2,1,0,0,15,9,0.4685631752293072,0.8188164234161377
GripLost,1d_cnn,10,237,223,1,1,3,3,3,2,0,1,0,43,14,0.43243507092464184,0.9162224332491556
GripLost,1d_cnn,10,238,224,1,0,3,0,0,2,0,0,0,15,0,0.13049915120419522,0.3046025137106578
GripLost,1d_cnn,10,239,225,1,0,3,3,0,2,1,0,0,34,19,0.4593107929092594,0.8443162639935812
GripLost,1d_cnn,10,240,226,1,0,3,3,0,2,1,0,0,37,17,0.5137223534890123,0.8697523276011149
GripLost,1d_cnn,10,241,227,1,0,3,3,0,2,1,0,0,15,8,0.5189155814412516,0.9213308095932007
GripLost,1d_cnn,10,242,228,1,0,3,1,0,2,0,0,0,43,0,0.20222860313374402,0.4658004641532898
GripLost,1d_cnn,10,243,229,1,0,3,2,0,2,1,0,0,16,2,0.1588584018172696,0.6026885708173116
GripLost,1d_cnn,10,245,230,1,0,3,1,0,2,0,0,0,15,0,0.19049272661407785,0.4553124010562897
GripLost,1d_cnn,10,246,231,1,0,3,3,0,2,1,0,0,40,11,0.3210371134248639,0.8899547457695007
GripLost,1d_cnn,10,247,232,1,1,3,3,2,2,0,1,0,46,10,0.3018213869139984,0.6200249989827474
GripLost,1d_cnn,10,248,233,1,0,3,1,0,2,0,0,0,15,0,0.13292678489039336,0.47301962971687317
GripLost,1d_cnn,10,249,234,1,0,3,3,0,2,1,0,0,37,8,0.28448441072560104,0.7487694025039673
GripLost,1d_cnn,10,250,235,1,1,3,3,3,2,0,1,0,33,16,0.4524851780234262,0.9686199824015299
GripLost,lstm,1,1,1,1,0,3,2,0,2,1,0,0,30,0,0.1708556620300644,0.4679962595303853
GripLost,lstm,1,2,2,1,1,3,3,3,2,0,1,0,37,31,0.7118782582315238,0.9623356064160665
GripLost,lstm,1,3,3,1,0,3,0,0,2,0,0,0,17,0,0.05291033233059383,0.17433546980222062
GripLost,lstm,1,4,4,1,0,3,0,0,2,0,0,0,15,0,0.09242676153985986,0.19693877796332038
GripLost,lstm,1,5,5,1,1,3,3,3,2,0,1,0,18,8,0.431734232628649,0.9424094557762146
GripLost,lstm,1,6,6,1,1,3,3,3,2,0,1,0,22,6,0.34734016606076196,0.7479579051335653
GripLost,lstm,1,8,8,1,0,3,1,0,2,0,0,0,15,0,0.08701714785355658,0.30395034452279407
GripLost,lstm,1,9,9,1,0,3,1,0,2,0,0,0,15,0,0.10711078426490223,0.35620272159576416
GripLost,lstm,1,10,10,1,0,3,0,0,2,0,0,0,15,0,0.0420354642750074,0.11215334385633467
GripLost,lstm,1,11,11,1,0,3,2,0,2,1,0,0,16,1,0.23483077848019696,0.5436766843001047
GripLost,lstm,1,12,12,1,0,3,1,0,2,0,0,0,15,0,0.11544560952525998,0.4320754011472066
GripLost,lstm,1,13,13,1,0,3,2,0,2,1,0,0,15,1,0.1578900136467483,0.5995359222094218
GripLost,lstm,1,14,14,1,1,3,3,3,2,0,1,0,19,12,0.5805997445917965,0.9397103985150655
GripLost,lstm,1,15,15,1,1,3,3,3,2,0,1,0,14,10,0.7708993791824296,0.9813851316769918
GripLost,lstm,1,16,16,1,0,3,0,0,2,0,0,0,16,0,0.09984916311320069,0.37590118249257404
GripLost,lstm,1,17,17,1,0,3,0,0,2,0,0,0,15,0,0.045816101734009004,0.24207329005002975
GripLost,lstm,1,18,18,1,0,3,0,0,2,0,0,0,16,0,0.0396974567265715,0.13894906888405475
GripLost,lstm,1,19,19,1,0,3,3,0,2,1,0,0,15,5,0.3203181907482859,0.6866916219393412
GripLost,lstm,1,20,20,1,0,3,1,0,2,0,0,0,15,0,0.09213718002558577,0.34838409225145966
GripLost,lstm,1,21,21,1,0,3,0,0,2,0,0,0,16,0,0.05013957343665723,0.13457588354746497
GripLost,lstm,1,22,22,1,0,3,1,0,2,0,0,0,27,0,0.07457611293037544,0.3698902428150177
GripLost,lstm,1,23,23,1,0,3,2,0,2,1,0,0,15,1,0.18724717229811677,0.40221282839775085
GripLost,lstm,1,24,24,1,0,3,0,0,2,0,0,0,15,0,0.02850493279596165,0.0751595670978228
GripLost,lstm,1,25,25,1,0,3,0,0,2,0,0,0,16,0,0.04354986568796444,0.1207633465528488
GripLost,lstm,2,26,26,1,0,3,3,0,2,1,0,0,15,2,0.19342473699814738,0.5475052793820699
GripLost,lstm,2,27,27,1,0,3,1,0,2,0,0,0,15,0,0.1317998503024379,0.35393112401167554
GripLost,lstm,2,28,28,1,0,3,3,0,2,1,0,0,16,3,0.2899134698091075,0.629792054494222
GripLost,lstm,2,29,29,1,0,3,1,0,2,0,0,0,15,0,0.10567654470602666,0.41178032755851746
GripLost,lstm,2,30,30,1,0,3,0,0,2,0,0,0,15,0,0.08779353010985583,0.31033257643381756
GripLost,lstm,2,31,31,1,0,3,0,0,2,0,0,0,14,0,0.05711034430368311,0.21861203511555985
GripLost,lstm,2,32,32,1,0,3,0,0,2,0,0,0,15,0,0.17215032155315077,0.28116302937269205
GripLost,lstm,2,33,33,1,0,3,3,0,2,1,0,0,16,3,0.27610700635705143,0.667491634686788
GripLost,lstm,2,34,34,1,0,3,3,0,2,1,0,0,15,4,0.24289672772089638,0.5754676858584086
GripLost,lstm,2,35,35,1,0,3,2,0,2,1,0,0,20,1,0.13984739437388874,0.5109123140573502
GripLost,lstm,2,36,36,1,1,3,3,3,2,0,1,0,24,22,0.8212865237146616,0.9490592082341512
GripLost,lstm,2,37,37,1,0,3,2,0,2,1,0,0,15,4,0.2716022285322348,0.5958519776662191
GripLost,lstm,2,38,38,1,0,3,2,0,2,1,0,0,15,1,0.16325082393983995,0.5325991014639536
GripLost,lstm,2,39,39,1,1,3,3,3,2,0,1,0,15,12,0.6858380579286152,0.9170053998629252
GripLost,lstm,2,40,40,1,1,3,3,3,2,0,1,0,20,15,0.6255108968665202,0.919989546140035
GripLost,lstm,2,41,41,1,0,3,1,0,2,0,0,0,15,0,0.19156383435345353,0.4461942215760549
GripLost,lstm,2,42,42,1,0,3,3,0,2,1,0,0,71,34,0.45375084859524534,0.9167663256327311
GripLost,lstm,2,43,43,1,0,3,1,0,2,0,0,0,15,0,0.09416751437303089,0.34162073334058124
GripLost,lstm,2,44,44,1,0,3,1,0,2,0,0,0,15,0,0.10301614306453197,0.4421542485555013
GripLost,lstm,2,45,45,1,0,3,1,0,2,0,0,0,15,0,0.07998437144690085,0.3764181236426036
GripLost,lstm,2,48,48,1,0,3,0,0,2,0,0,0,15,0,0.10421601417991846,0.4247549573580424
GripLost,lstm,2,49,49,1,0,3,2,0,2,1,0,0,15,3,0.2252388950437307,0.5893977284431458
GripLost,lstm,2,50,50,1,0,3,0,0,2,0,0,0,15,0,0.058706430035332796,0.23332723230123517
GripLost,lstm,3,51,51,1,0,3,0,0,2,0,0,0,15,0,0.027390942536294406,0.06771648675203316
GripLost,lstm,3,52,52,1,0,3,0,0,2,0,0,0,15,0,0.026768982700175657,0.0611502105991045
GripLost,lstm,3,53,53,1,0,3,2,0,2,1,0,0,43,1,0.06693098555470618,0.5070101817448934
GripLost,lstm,3,54,54,1,0,3,0,0,2,0,0,0,15,0,0.07168990402585926,0.22218649337689075
GripLost,lstm,3,55,55,1,0,3,0,0,2,0,0,0,15,0,0.05520120660463965,0.14485740413268408
GripLost,lstm,3,56,56,1,0,3,0,0,2,0,0,0,15,0,0.07096554796314898,0.16278444230556482
GripLost,lstm,3,57,57,1,0,3,1,0,2,0,0,0,32,0,0.10032264228599762,0.4317140281200409
GripLost,lstm,3,58,58,1,0,3,0,0,2,0,0,0,15,0,0.11246739986042176,0.3312410662571589
GripLost,lstm,3,59,59,1,0,3,0,0,2,0,0,0,15,0,0.06313923084073593,0.20443041125933328
GripLost,lstm,3,60,60,1,0,3,0,0,2,0,0,0,16,0,0.06163378814623376,0.21786538263161973
GripLost,lstm,3,61,61,1,0,3,0,0,2,0,0,0,13,0,0.02769657413069249,0.08212208872040107
GripLost,lstm,3,62,62,1,0,3,0,0,2,0,0,0,16,0,0.05321257295630247,0.1564465264479319
GripLost,lstm,3,63,63,1,1,3,3,3,2,0,1,0,31,15,0.4755816657336489,0.9216455221176147
GripLost,lstm,3,64,64,1,1,3,3,3,2,0,1,0,16,9,0.6087156493061533,0.9686130881309509
GripLost,lstm,3,65,65,1,1,3,3,3,2,0,1,0,13,8,0.6310251183234729,0.9490423401196798
GripLost,lstm,3,66,66,1,0,3,0,0,2,0,0,0,17,0,0.08356471118681567,0.19119529922803238
GripLost,lstm,3,67,67,1,1,3,3,3,2,0,1,0,15,7,0.4806111539610558,0.9630427559216818
GripLost,lstm,3,68,68,1,0,3,0,0,2,0,0,0,15,0,0.03753358744498751,0.17398831248283383
GripLost,lstm,3,69,69,1,1,3,3,3,2,0,1,0,24,15,0.5484308295029526,0.9719638427098592
GripLost,lstm,3,70,70,1,0,3,0,0,2,0,0,0,15,0,0.07508632314080989,0.295911893248558
GripLost,lstm,3,71,71,1,0,3,0,0,2,0,0,0,9,0,0.03003733812106976,0.08597603812813753
GripLost,lstm,3,72,72,1,0,3,0,0,2,0,0,0,15,0,0.08223579801205129,0.2650582740704219
GripLost,lstm,3,73,73,1,0,3,3,0,2,1,0,0,16,1,0.1688506830638895,0.6019119024276733
GripLost,lstm,3,75,74,1,0,3,0,0,2,0,0,0,15,0,0.07256257709943581,0.17459149658679962
GripLost,lstm,4,76,75,1,1,3,3,3,2,0,1,0,15,6,0.40365039655783524,0.9832772215207418
GripLost,lstm,4,85,84,1,0,3,0,0,2,0,0,0,20,0,0.046834004537474,0.23845289895931876
GripLost,lstm,4,86,85,1,1,3,3,3,2,0,1,0,20,11,0.5430915019358509,0.9930641452471415
GripLost,lstm,4,87,86,1,0,3,0,0,2,0,0,0,20,0,0.0074378977723729605,0.04292226148148373
GripLost,lstm,4,88,87,1,0,3,0,0,2,0,0,0,15,0,0.008725089992448226,0.050837501262625005
GripLost,lstm,4,89,88,1,0,3,2,0,2,1,0,0,15,1,0.10268810631759047,0.6181677083174387
GripLost,lstm,4,90,89,1,0,3,0,0,2,0,0,0,15,0,0.05178089485141548,0.2351645802458127
GripLost,lstm,4,91,90,1,1,3,3,3,2,0,1,0,15,7,0.5211304924399074,0.9612518747647604
GripLost,lstm,4,92,91,1,1,3,3,3,2,0,1,0,15,10,0.621236649967937,0.9923123717308044
GripLost,lstm,4,93,92,1,0,3,0,0,2,0,0,0,15,0,0.02435568011262346,0.18534180521965024
GripLost,lstm,4,94,93,1,0,3,0,0,2,0,0,0,15,0,0.010914919437426607,0.034724229946732466
GripLost,lstm,4,95,94,1,1,3,3,3,2,0,1,0,15,11,0.6804350100457668,0.9938075343767802
GripLost,lstm,4,96,95,1,1,3,3,3,2,0,1,0,7,6,0.8650357819029263,0.9934821526209513
GripLost,lstm,4,97,96,1,1,3,3,3,2,0,1,0,15,8,0.5301408884607048,0.9936962723731995
GripLost,lstm,4,98,97,1,0,3,0,0,2,0,0,0,15,0,0.01349991957217243,0.08491770364344113
GripLost,lstm,4,99,98,1,0,3,3,0,2,1,0,0,92,1,0.034593464386990194,0.9552245934804281
GripLost,lstm,4,100,99,1,0,3,0,0,2,0,0,0,15,0,0.013823836511518346,0.12351568539937337
GripLost,lstm,5,101,100,1,0,3,0,0,2,0,0,0,15,0,0.034716426089612916,0.13130583862463627
GripLost,lstm,5,102,101,1,0,3,0,0,2,0,0,0,15,0,0.046631205948587044,0.1818912823994954
GripLost,lstm,5,103,102,1,0,3,0,0,2,0,0,0,54,0,0.01304374681138946,0.0580133683979511
GripLost,lstm,5,104,103,1,0,3,0,0,2,0,0,0,2,0,0.023606695157165264,0.026932089279095267
GripLost,lstm,5,105,104,1,1,3,3,3,2,0,1,0,14,11,0.7275668792426586,0.9940079847971598
GripLost,lstm,5,106,105,1,0,3,2,0,2,1,0,0,15,1,0.06813408787258793,0.4204355825980504
GripLost,lstm,5,107,106,1,0,3,3,0,2,1,0,0,15,1,0.09666337251870163,0.7120542128880819
GripLost,lstm,5,108,107,1,0,3,1,0,2,0,0,0,47,0,0.05764827316425446,0.42958080768585205
GripLost,lstm,5,109,108,1,0,3,3,0,2,1,0,0,15,3,0.336932454452229,0.9771935741106669
GripLost,lstm,5,110,109,1,0,3,0,0,2,0,0,0,4,0,0.0034468530405622833,0.0041723719720418
GripLost,lstm,5,111,110,1,0,3,0,0,2,0,0,0,16,0,0.01668429088507153,0.04179862017432847
GripLost,lstm,5,112,111,1,0,3,0,0,2,0,0,0,15,0,0.03970839914141425,0.1517928838729858
GripLost,lstm,5,113,112,1,0,3,3,0,2,1,0,0,15,2,0.16772708069377884,0.575048416852951
GripLost,lstm,5,114,113,1,0,3,0,0,2,0,0,0,16,0,0.019429985870374318,0.0550631607572237
GripLost,lstm,5,115,114,1,0,3,2,0,2,1,0,0,43,1,0.11548536553863403,0.5715415875116984
GripLost,lstm,5,116,115,1,0,3,1,0,2,0,0,0,15,0,0.08093789128017503,0.509510725736618
GripLost,lstm,5,117,116,1,0,3,1,0,2,0,0,0,19,0,0.04744232222928024,0.3250450193881988
GripLost,lstm,5,118,117,1,0,3,0,0,2,0,0,0,30,0,0.03554388868958788,0.13204015543063477
GripLost,lstm,5,119,118,1,0,3,0,0,2,0,0,0,16,0,0.052518524353217765,0.18875563517212868
GripLost,lstm,5,120,119,1,0,3,2,0,2,1,0,0,15,1,0.18587889939598323,0.5162930885950724
GripLost,lstm,5,121,120,1,0,3,0,0,2,0,0,0,16,0,0.011334139419583713,0.02712174194554487
GripLost,lstm,5,122,121,1,0,3,0,0,2,0,0,0,15,0,0.08010046359203339,0.25234376390775043
GripLost,lstm,5,123,122,1,0,3,2,0,2,1,0,0,14,2,0.1012543991008507,0.47345520555973053
GripLost,lstm,5,124,123,1,0,3,0,0,2,0,0,0,16,0,0.01932708923171348,0.05688576462368167
GripLost,lstm,5,125,124,1,0,3,0,0,2,0,0,0,13,0,0.013711871534514265,0.0337940379977226
GripLost,lstm,7,151,129,1,0,3,0,0,2,0,0,0,15,0,0.03783034723019223,0.21495304008324936
GripLost,lstm,7,152,130,1,0,3,0,0,2,0,0,0,21,0,0.008741571940296827,0.033145436240981
GripLost,lstm,7,153,131,1,0,3,0,0,2,0,0,0,15,0,0.01756637903033854,0.08967013781269388
GripLost,lstm,7,154,132,1,0,3,3,0,2,1,0,0,16,4,0.1870893241478673,0.6870825489362081
GripLost,lstm,7,155,133,1,0,3,0,0,2,0,0,0,15,0,0.014048487460240667,0.03801381525894
GripLost,lstm,7,156,134,1,0,3,0,0,2,0,0,0,15,0,0.03693638094183467,0.2819877589742343
GripLost,lstm,7,157,135,1,0,3,0,0,2,0,0,0,16,0,0.031517614420105575,0.12870835078259305
GripLost,lstm,7,159,137,1,0,3,0,0,2,0,0,0,23,0,0.03135530400196208,0.368509978055954
GripLost,lstm,7,160,138,1,1,3,3,3,2,0,1,0,16,9,0.5541872768856896,0.9729199608167013
GripLost,lstm,7,161,139,1,0,3,0,0,2,0,0,0,15,0,0.02796951606869692,0.0961106953521569
GripLost,lstm,7,162,140,1,0,3,0,0,2,0,0,0,15,0,0.02802060332356222,0.10805931066473319
GripLost,lstm,7,163,141,1,0,3,3,0,2,1,0,0,44,1,0.14054164825144896,0.6350377798080444
GripLost,lstm,7,164,142,1,1,3,3,3,2,0,1,0,21,7,0.3368110763230583,0.9931819438934326
GripLost,lstm,7,165,143,1,0,3,3,0,2,1,0,0,15,3,0.24034178840617335,0.6826664606730143
GripLost,lstm,7,166,144,1,0,3,0,0,2,0,0,0,15,0,0.053432099527627605,0.2467746138572693
GripLost,lstm,7,167,145,1,0,3,1,0,2,0,0,0,15,0,0.05717523788722848,0.31901451945304865
GripLost,lstm,7,168,146,1,0,3,3,0,2,1,0,0,16,1,0.12574020788088086,0.7579591075579325
GripLost,lstm,7,169,147,1,0,3,0,0,2,0,0,0,15,0,0.07480445415324838,0.23337924977143598
GripLost,lstm,7,170,148,1,0,3,3,0,2,1,0,0,47,7,0.24372529822149053,0.7081282536188761
GripLost,lstm,7,171,149,1,0,3,1,0,2,0,0,0,15,0,0.08328982796002589,0.3686893582344055
GripLost,lstm,7,172,150,1,0,3,0,0,2,0,0,0,15,0,0.011851764179300466,0.028821321204304667
GripLost,lstm,7,173,151,1,1,3,3,3,2,0,1,0,21,8,0.418212345516723,0.9763040542602539
GripLost,lstm,7,174,152,1,1,3,3,3,2,0,1,0,19,6,0.37447182736522927,0.9934545556704203
GripLost,lstm,7,175,153,1,0,3,0,0,2,0,0,0,35,0,0.018058563632491396,0.12463961355388165
GripLost,lstm,8,176,154,1,0,3,3,0,2,1,0,0,15,2,0.4501116729444928,0.5148808757464091
GripLost,lstm,8,177,155,1,0,3,3,0,2,1,0,0,15,1,0.42563440402348834,0.5134411255518595
GripLost,lstm,8,178,156,1,0,3,3,0,2,1,0,0,16,0,0.47792468530436355,0.5079352557659149
GripLost,lstm,8,179,157,1,0,3,3,0,2,1,0,0,15,0,0.502111381954617,0.5567331910133362
GripLost,lstm,8,180,158,1,1,3,3,2,2,0,1,0,15,2,0.5155458483431075,0.5708662271499634
GripLost,lstm,8,181,159,1,0,3,3,0,2,1,0,0,14,0,0.4110230987980252,0.5018071830272675
GripLost,lstm,8,182,160,1,0,3,3,0,2,1,0,0,18,1,0.44724733906763575,0.5012779533863068
GripLost,lstm,8,183,161,1,0,3,2,0,2,1,0,0,38,2,0.4717765928883302,0.5799276232719421
GripLost,lstm,8,184,162,1,0,3,3,0,2,1,0,0,15,0,0.44397314786911013,0.5011205871899923
GripLost,lstm,8,185,163,1,0,3,0,0,2,0,0,0,6,0,0.38003000534243053,0.3936965366204579
GripLost,lstm,8,199,176,1,0,3,1,0,2,0,0,0,7,0,0.4020825766381763,0.41743674874305725
GripLost,lstm,8,200,177,1,1,3,3,3,2,0,1,0,15,8,0.5264115022288428,0.5941059986750284
GripLost,lstm,9,201,178,1,0,3,3,0,2,1,0,0,30,1,0.26786392784366997,0.5527128676573435
GripLost,lstm,9,202,179,1,1,3,3,2,2,0,1,0,15,9,0.5455348458555009,0.6775324543317159
GripLost,lstm,9,203,180,1,0,3,2,0,2,1,0,0,15,0,0.28507675354679424,0.49977601567904156
GripLost,lstm,9,204,181,1,0,3,3,0,2,1,0,0,38,11,0.3689788916033872,0.706711600224177
GripLost,lstm,9,205,182,1,0,3,3,0,2,1,0,0,16,4,0.38189835885229206,0.6078051626682281
GripLost,lstm,9,206,183,1,0,3,1,0,2,0,0,0,18,0,0.24276826575536414,0.3741382658481598
GripLost,lstm,9,207,184,1,0,3,1,0,2,0,0,0,15,0,0.3029704699085818,0.48098095258076984
GripLost,lstm,9,208,185,1,1,3,3,3,2,0,1,0,14,10,0.5751762553339913,0.7440366148948669
GripLost,lstm,9,209,186,1,0,3,1,0,2,0,0,0,15,0,0.28442101909054646,0.3812759021917978
GripLost,lstm,9,210,187,1,0,3,3,0,2,1,0,0,49,18,0.41354755654322856,0.6722048918406168
GripLost,lstm,9,211,188,1,0,3,1,0,2,0,0,0,15,0,0.26707774032321235,0.43386011322339374
GripLost,lstm,9,212,189,1,0,3,2,0,2,1,0,0,19,0,0.25785072981134843,0.49071874221165973
GripLost,lstm,9,213,190,1,0,3,1,0,2,0,0,0,15,0,0.2322630657090081,0.34402822454770404
GripLost,lstm,9,214,191,1,1,3,3,3,2,0,1,0,40,22,0.49269809243269264,0.7410888572533926
GripLost,lstm,9,215,192,1,0,3,3,0,2,1,0,0,31,2,0.30352828683712146,0.5446788271268209
GripLost,lstm,9,216,193,1,1,3,2,2,2,0,1,0,16,4,0.4045953691626588,0.6328176359335581
GripLost,lstm,9,217,194,1,0,3,1,0,2,0,0,0,17,0,0.252944353164411,0.3699104686578114
GripLost,lstm,9,218,195,1,0,3,1,0,2,0,0,0,18,0,0.259410267488824,0.45036522547403973
GripLost,lstm,9,219,196,1,1,3,3,3,2,0,1,0,23,6,0.38731688906209194,0.7174844344456991
GripLost,lstm,9,220,197,1,0,3,3,0,2,1,0,0,32,7,0.3136918374026815,0.6032155851523081
GripLost,lstm,9,221,198,1,1,3,3,3,2,0,1,0,19,3,0.33742741273160565,0.6671169797579447
GripLost,lstm,9,222,199,1,0,3,3,0,2,1,0,0,18,1,0.3359203792556568,0.5085422396659851
GripLost,lstm,9,223,200,1,0,3,1,0,2,0,0,0,19,0,0.24847480880194583,0.4126599232355754
GripLost,lstm,9,224,201,1,0,3,1,0,2,0,0,0,19,0,0.22822426324873635,0.3752050797144571
GripLost,lstm,9,225,202,1,0,3,1,0,2,0,0,0,19,0,0.25153702461536515,0.35640181104342145
GripLost,lstm,9,224,210,2,0,3,1,0,2,0,0,0,16,0,0.23117248380246258,0.3288373251756032
GripLost,lstm,10,226,203,1,0,3,2,0,2,1,0,0,19,0,0.1860129698261357,0.47408628463745117
GripLost,lstm,10,227,204,1,0,3,0,0,2,0,0,0,18,0,0.12344526835820736,0.3509560227394104
GripLost,lstm,10,229,205,1,0,3,1,0,2,0,0,0,42,0,0.19485887305604085,0.4963984787464142
GripLost,lstm,10,230,206,1,0,3,2,0,2,1,0,0,18,3,0.20339319404835499,0.5404929220676422
GripLost,lstm,10,231,207,1,0,3,1,0,2,0,0,0,35,0,0.1896503140883786,0.5222270488739014
GripLost,lstm,10,232,208,1,0,3,1,0,2,0,0,0,15,0,0.1601547283430894,0.48663224776585895
GripLost,lstm,10,233,209,1,0,3,0,0,2,0,0,0,31,0,0.07703373536107036,0.38118110100428265
GripLost,lstm,10,230,216,2,0,3,0,0,2,0,0,0,20,0,0.05838463362306352,0.12421199927727378
GripLost,lstm,10,231,217,2,0,3,2,0,2,1,0,0,18,1,0.1507450234213913,0.4089905048410098
GripLost,lstm,10,232,218,2,1,3,3,3,2,0,1,0,20,14,0.5998333107680083,0.9362350106239319
GripLost,lstm,10,233,219,2,1,3,3,3,2,0,1,0,15,10,0.6569880598121219,0.9249018629391988
GripLost,lstm,10,234,220,1,1,3,3,1,2,0,0,1,52,5,0.30401090435230005,0.7913209398587545
GripLost,lstm,10,235,221,1,0,3,2,0,2,1,0,0,18,3,0.24062036631490896,0.5372221370538076
GripLost,lstm,10,236,222,1,0,3,3,0,2,1,0,0,15,8,0.4680193390697241,0.8307960033416748
GripLost,lstm,10,237,223,1,1,3,3,3,2,0,1,0,43,11,0.35469613694260976,0.9055976668993632
GripLost,lstm,10,238,224,1,0,3,2,0,2,1,0,0,15,2,0.14805308216147947,0.4335239479939143
GripLost,lstm,10,239,225,1,0,3,3,0,2,1,0,0,34,14,0.3445112942626663,0.6646481156349182
GripLost,lstm,10,240,226,1,0,3,3,0,2,1,0,0,37,15,0.4199063755773209,0.7926154732704163
GripLost,lstm,10,241,227,1,0,3,3,0,2,1,0,0,15,8,0.48210518757502235,0.868299682935079
GripLost,lstm,10,242,228,1,0,3,1,0,2,0,0,0,43,0,0.13710387656104192,0.4724629521369934
GripLost,lstm,10,243,229,1,0,3,0,0,2,0,0,0,16,0,0.16286173272722707,0.4346349338690439
GripLost,lstm,10,245,230,1,0,3,0,0,2,0,0,0,15,0,0.10998930322627222,0.1914173935850461
GripLost,lstm,10,246,231,1,0,3,3,0,2,1,0,0,40,5,0.23634082965242365,0.6629509925842285
GripLost,lstm,10,247,232,1,1,3,2,2,2,0,1,0,46,7,0.2888093990260276,0.5514815449714661
GripLost,lstm,10,248,233,1,0,3,0,0,2,0,0,0,15,0,0.09300147410896085,0.28281833976507187
GripLost,lstm,10,249,234,1,0,3,2,0,2,1,0,0,37,1,0.2202199699675983,0.5166387955347697
GripLost,lstm,10,250,235,1,1,3,3,3,2,0,1,0,33,10,0.3971670345788953,0.9363876183827718
