target,model,seed,test_block,cycle,cycle_run,cycle_occurrence,scenario_block_25,window_start_step,window_end_step,label,score,prediction,decision_threshold,threshold_quantile
System_Failure,rf_19_raw_window,42,1,1,1,1,1,0,9,0,0.13666666666666666,0,0.5,
System_Failure,rf_19_raw_window,42,1,1,1,1,1,1,10,0,0.18333333333333332,0,0.5,
System_Failure,rf_19_raw_window,42,1,1,1,1,1,2,11,0,0.17666666666666667,0,0.5,
System_Failure,rf_19_raw_window,42,1,1,1,1,1,3,12,0,0.17333333333333334,0,0.5,
System_Failure,rf_19_raw_window,42,1,1,1,1,1,4,13,0,0.17,0,0.5,
System_Failure,rf_19_raw_window,42,1,1,1,1,1,5,14,0,0.07,0,0.5,
System_Failure,rf_19_raw_window,42,1,1,1,1,1,6,15,0,0.07,0,0.5,
System_Failure,rf_19_raw_window,42,1,1,1,1,1,7,16,0,0.08333333333333333,0,0.5,
System_Failure,rf_19_raw_window,42,1,1,1,1,1,8,17,0,0.09333333333333334,0,0.5,
System_Failure,rf_19_raw_window,42,1,1,1,1,1,9,18,0,0.11,0,0.5,
System_Failure,rf_19_raw_window,42,1,1,1,1,1,10,19,1,0.18,0,0.5,
System_Failure,rf_19_raw_window,42,1,1,1,1,1,11,20,1,0.18,0,0.5,
System_Failure,rf_19_raw_window,42,1,1,1,1,1,12,21,1,0.24666666666666667,0,0.5,
System_Failure,rf_19_raw_window,42,1,1,1,1,1,13,22,1,0.3333333333333333,0,0.5,
System_Failure,rf_19_raw_window,42,1,1,1,1,1,14,23,1,0.30666666666666664,0,0.5,
System_Failure,rf_19_raw_window,42,1,1,1,1,1,15,24,1,0.35,0,0.5,
System_Failure,rf_19_raw_window,42,1,1,1,1,1,16,25,1,0.42333333333333334,0,0.5,
System_Failure,rf_19_raw_window,42,1,1,1,1,1,17,26,1,0.3566666666666667,0,0.5,
System_Failure,rf_19_raw_window,42,1,1,1,1,1,18,27,1,0.5633333333333334,1,0.5,
System_Failure,rf_19_raw_window,42,1,1,1,1,1,19,28,1,0.5133333333333333,1,0.5,
System_Failure,rf_19_raw_window,42,1,1,1,1,1,20,29,1,0.29,0,0.5,
System_Failure,rf_19_raw_window,42,1,1,1,1,1,21,30,1,0.36666666666666664,0,0.5,
System_Failure,rf_19_raw_window,42,1,1,1,1,1,22,31,1,0.36333333333333334,0,0.5,
System_Failure,rf_19_raw_window,42,1,1,1,1,1,23,32,1,0.36666666666666664,0,0.5,
System_Failure,rf_19_raw_window,42,1,1,1,1,1,24,33,1,0.35,0,0.5,
System_Failure,rf_19_raw_window,42,1,1,1,1,1,25,34,1,0.5,0,0.5,
System_Failure,rf_19_raw_window,42,1,1,1,1,1,26,35,1,0.54,1,0.5,
System_Failure,rf_19_raw_window,42,1,1,1,1,1,27,36,1,0.5766666666666667,1,0.5,
System_Failure,rf_19_raw_window,42,1,1,1,1,1,28,37,1,0.6866666666666666,1,0.5,
System_Failure,rf_19_raw_window,42,1,1,1,1,1,29,38,1,0.6866666666666666,1,0.5,
System_Failure,rf_19_raw_window,42,1,2,2,1,1,0,9,1,0.57,1,0.5,
System_Failure,rf_19_raw_window,42,1,2,2,1,1,1,10,1,0.6,1,0.5,
System_Failure,rf_19_raw_window,42,1,2,2,1,1,2,11,1,0.43666666666666665,0,0.5,
System_Failure,rf_19_raw_window,42,1,2,2,1,1,3,12,1,0.57,1,0.5,
System_Failure,rf_19_raw_window,42,1,2,2,1,1,4,13,1,0.5833333333333334,1,0.5,
System_Failure,rf_19_raw_window,42,1,2,2,1,1,5,14,1,0.42333333333333334,0,0.5,
System_Failure,rf_19_raw_window,42,1,2,2,1,1,6,15,0,0.44666666666666666,0,0.5,
System_Failure,rf_19_raw_window,42,1,2,2,1,1,7,16,0,0.12,0,0.5,
System_Failure,rf_19_raw_window,42,1,2,2,1,1,8,17,0,0.10666666666666667,0,0.5,
System_Failure,rf_19_raw_window,42,1,2,2,1,1,9,18,1,0.15333333333333332,0,0.5,
System_Failure,rf_19_raw_window,42,1,2,2,1,1,10,19,1,0.16,0,0.5,
System_Failure,rf_19_raw_window,42,1,2,2,1,1,11,20,1,0.20333333333333334,0,0.5,
System_Failure,rf_19_raw_window,42,1,2,2,1,1,12,21,1,0.41333333333333333,0,0.5,
System_Failure,rf_19_raw_window,42,1,2,2,1,1,13,22,1,0.39666666666666667,0,0.5,
System_Failure,rf_19_raw_window,42,1,2,2,1,1,14,23,1,0.4633333333333333,0,0.5,
System_Failure,rf_19_raw_window,42,1,2,2,1,1,15,24,1,0.5266666666666666,1,0.5,
System_Failure,rf_19_raw_window,42,1,2,2,1,1,16,25,1,0.5,0,0.5,
System_Failure,rf_19_raw_window,42,1,2,2,1,1,17,26,1,0.22,0,0.5,
System_Failure,rf_19_raw_window,42,1,2,2,1,1,18,27,1,0.19666666666666666,0,0.5,
System_Failure,rf_19_raw_window,42,1,2,2,1,1,19,28,1,0.19,0,0.5,
System_Failure,rf_19_raw_window,42,1,2,2,1,1,20,29,1,0.19333333333333333,0,0.5,
System_Failure,rf_19_raw_window,42,1,2,2,1,1,21,30,1,0.19333333333333333,0,0.5,
System_Failure,rf_19_raw_window,42,1,2,2,1,1,22,31,1,0.19,0,0.5,
System_Failure,rf_19_raw_window,42,1,2,2,1,1,23,32,1,0.19,0,0.5,
System_Failure,rf_19_raw_window,42,1,2,2,1,1,24,33,1,0.18666666666666668,0,0.5,
System_Failure,rf_19_raw_window,42,1,2,2,1,1,25,34,1,0.4,0,0.5,
System_Failure,rf_19_raw_window,42,1,2,2,1,1,26,35,1,0.4533333333333333,0,0.5,
System_Failure,rf_19_raw_window,42,1,2,2,1,1,27,36,1,0.5933333333333334,1,0.5,
System_Failure,rf_19_raw_window,42,1,2,2,1,1,28,37,1,0.6966666666666667,1,0.5,
System_Failure,rf_19_raw_window,42,1,2,2,1,1,29,38,1,0.7133333333333334,1,0.5,
System_Failure,rf_19_raw_window,42,1,2,2,1,1,30,39,1,0.72,1,0.5,
System_Failure,rf_19_raw_window,42,1,2,2,1,1,31,40,1,0.68,1,0.5,
System_Failure,rf_19_raw_window,42,1,2,2,1,1,32,41,1,0.71,1,0.5,
System_Failure,rf_19_raw_window,42,1,2,2,1,1,33,42,1,0.7033333333333334,1,0.5,
System_Failure,rf_19_raw_window,42,1,2,2,1,1,34,43,1,0.6466666666666666,1,0.5,
System_Failure,rf_19_raw_window,42,1,2,2,1,1,35,44,1,0.74,1,0.5,
System_Failure,rf_19_raw_window,42,1,2,2,1,1,36,45,1,0.76,1,0.5,
System_Failure,rf_19_raw_window,42,1,3,3,1,1,0,9,0,0.48333333333333334,0,0.5,
System_Failure,rf_19_raw_window,42,1,3,3,1,1,1,10,0,0.056666666666666664,0,0.5,
System_Failure,rf_19_raw_window,42,1,3,3,1,1,2,11,0,0.22666666666666666,0,0.5,
System_Failure,rf_19_raw_window,42,1,3,3,1,1,3,12,0,0.016666666666666666,0,0.5,
System_Failure,rf_19_raw_window,42,1,3,3,1,1,4,13,0,0.016666666666666666,0,0.5,
System_Failure,rf_19_raw_window,42,1,3,3,1,1,5,14,0,0.04666666666666667,0,0.5,
System_Failure,rf_19_raw_window,42,1,3,3,1,1,6,15,0,0.03,0,0.5,
System_Failure,rf_19_raw_window,42,1,3,3,1,1,7,16,0,0.05333333333333334,0,0.5,
System_Failure,rf_19_raw_window,42,1,3,3,1,1,8,17,0,0.1,0,0.5,
System_Failure,rf_19_raw_window,42,1,3,3,1,1,9,18,0,0.016666666666666666,0,0.5,
System_Failure,rf_19_raw_window,42,1,3,3,1,1,10,19,0,0.0033333333333333335,0,0.5,
System_Failure,rf_19_raw_window,42,1,3,3,1,1,11,20,0,0.02,0,0.5,
System_Failure,rf_19_raw_window,42,1,3,3,1,1,12,21,0,0.04,0,0.5,
System_Failure,rf_19_raw_window,42,1,3,3,1,1,13,22,0,0.01,0,0.5,
System_Failure,rf_19_raw_window,42,1,3,3,1,1,14,23,0,0.02666666666666667,0,0.5,
System_Failure,rf_19_raw_window,42,1,3,3,1,1,15,24,0,0.02,0,0.5,
System_Failure,rf_19_raw_window,42,1,3,3,1,1,16,25,0,0.18666666666666668,0,0.5,
System_Failure,rf_19_raw_window,42,1,4,4,1,1,0,9,0,0.043333333333333335,0,0.5,
System_Failure,rf_19_raw_window,42,1,4,4,1,1,1,10,0,0.06666666666666667,0,0.5,
System_Failure,rf_19_raw_window,42,1,4,4,1,1,2,11,0,0.05,0,0.5,
System_Failure,rf_19_raw_window,42,1,4,4,1,1,3,12,0,0.04666666666666667,0,0.5,
System_Failure,rf_19_raw_window,42,1,4,4,1,1,4,13,0,0.07,0,0.5,
System_Failure,rf_19_raw_window,42,1,4,4,1,1,5,14,0,0.10666666666666667,0,0.5,
System_Failure,rf_19_raw_window,42,1,4,4,1,1,6,15,0,0.16,0,0.5,
System_Failure,rf_19_raw_window,42,1,4,4,1,1,7,16,0,0.14,0,0.5,
System_Failure,rf_19_raw_window,42,1,4,4,1,1,8,17,0,0.08333333333333333,0,0.5,
System_Failure,rf_19_raw_window,42,1,4,4,1,1,9,18,0,0.03666666666666667,0,0.5,
System_Failure,rf_19_raw_window,42,1,4,4,1,1,10,19,0,0.03,0,0.5,
System_Failure,rf_19_raw_window,42,1,4,4,1,1,11,20,0,0.043333333333333335,0,0.5,
System_Failure,rf_19_raw_window,42,1,4,4,1,1,12,21,0,0.07,0,0.5,
System_Failure,rf_19_raw_window,42,1,4,4,1,1,13,22,0,0.02666666666666667,0,0.5,
System_Failure,rf_19_raw_window,42,1,4,4,1,1,14,23,0,0.02666666666666667,0,0.5,
System_Failure,rf_19_raw_window,42,1,5,5,1,1,0,9,0,0.13666666666666666,0,0.5,
System_Failure,rf_19_raw_window,42,1,5,5,1,1,1,10,0,0.5,0,0.5,
System_Failure,rf_19_raw_window,42,1,5,5,1,1,2,11,0,0.06666666666666667,0,0.5,
System_Failure,rf_19_raw_window,42,1,5,5,1,1,3,12,0,0.02,0,0.5,
System_Failure,rf_19_raw_window,42,1,5,5,1,1,4,13,0,0.16333333333333333,0,0.5,
System_Failure,rf_19_raw_window,42,1,5,5,1,1,5,14,0,0.07666666666666666,0,0.5,
System_Failure,rf_19_raw_window,42,1,5,5,1,1,6,15,0,0.07,0,0.5,
System_Failure,rf_19_raw_window,42,1,5,5,1,1,7,16,0,0.06333333333333334,0,0.5,
System_Failure,rf_19_raw_window,42,1,5,5,1,1,8,17,0,0.27666666666666667,0,0.5,
System_Failure,rf_19_raw_window,42,1,5,5,1,1,9,18,0,0.31333333333333335,0,0.5,
System_Failure,rf_19_raw_window,42,1,5,5,1,1,10,19,0,0.5966666666666667,1,0.5,
System_Failure,rf_19_raw_window,42,1,5,5,1,1,11,20,1,0.6266666666666667,1,0.5,
System_Failure,rf_19_raw_window,42,1,5,5,1,1,12,21,1,0.7,1,0.5,
System_Failure,rf_19_raw_window,42,1,5,5,1,1,13,22,1,0.87,1,0.5,
System_Failure,rf_19_raw_window,42,1,5,5,1,1,14,23,1,0.8266666666666667,1,0.5,
System_Failure,rf_19_raw_window,42,1,5,5,1,1,15,24,1,0.8533333333333334,1,0.5,
System_Failure,rf_19_raw_window,42,1,5,5,1,1,16,25,1,0.82,1,0.5,
System_Failure,rf_19_raw_window,42,1,5,5,1,1,17,26,1,0.6566666666666666,1,0.5,
System_Failure,rf_19_raw_window,42,1,6,6,1,1,0,9,0,0.48,0,0.5,
System_Failure,rf_19_raw_window,42,1,6,6,1,1,1,10,0,0.45,0,0.5,
System_Failure,rf_19_raw_window,42,1,6,6,1,1,2,11,0,0.48333333333333334,0,0.5,
System_Failure,rf_19_raw_window,42,1,6,6,1,1,3,12,0,0.62,1,0.5,
System_Failure,rf_19_raw_window,42,1,6,6,1,1,4,13,0,0.5933333333333334,1,0.5,
System_Failure,rf_19_raw_window,42,1,6,6,1,1,5,14,1,0.5666666666666667,1,0.5,
System_Failure,rf_19_raw_window,42,1,6,6,1,1,6,15,1,0.5866666666666667,1,0.5,
System_Failure,rf_19_raw_window,42,1,6,6,1,1,7,16,1,0.5666666666666667,1,0.5,
System_Failure,rf_19_raw_window,42,1,6,6,1,1,8,17,1,0.5833333333333334,1,0.5,
System_Failure,rf_19_raw_window,42,1,6,6,1,1,9,18,1,0.39666666666666667,0,0.5,
System_Failure,rf_19_raw_window,42,1,6,6,1,1,10,19,1,0.31,0,0.5,
System_Failure,rf_19_raw_window,42,1,6,6,1,1,11,20,1,0.48,0,0.5,
System_Failure,rf_19_raw_window,42,1,6,6,1,1,12,21,1,0.49666666666666665,0,0.5,
System_Failure,rf_19_raw_window,42,1,6,6,1,1,13,22,1,0.5033333333333333,1,0.5,
System_Failure,rf_19_raw_window,42,1,6,6,1,1,14,23,1,0.21666666666666667,0,0.5,
System_Failure,rf_19_raw_window,42,1,6,6,1,1,15,24,1,0.12666666666666668,0,0.5,
System_Failure,rf_19_raw_window,42,1,6,6,1,1,16,25,1,0.15666666666666668,0,0.5,
System_Failure,rf_19_raw_window,42,1,6,6,1,1,17,26,1,0.24333333333333335,0,0.5,
System_Failure,rf_19_raw_window,42,1,6,6,1,1,18,27,1,0.31,0,0.5,
System_Failure,rf_19_raw_window,42,1,6,6,1,1,19,28,1,0.58,1,0.5,
System_Failure,rf_19_raw_window,42,1,6,6,1,1,20,29,1,0.6333333333333333,1,0.5,
System_Failure,rf_19_raw_window,42,1,6,6,1,1,21,30,1,0.6333333333333333,1,0.5,
System_Failure,rf_19_raw_window,42,1,8,8,1,1,0,9,0,0.06666666666666667,0,0.5,
System_Failure,rf_19_raw_window,42,1,8,8,1,1,1,10,0,0.01,0,0.5,
System_Failure,rf_19_raw_window,42,1,8,8,1,1,2,11,0,0.016666666666666666,0,0.5,
System_Failure,rf_19_raw_window,42,1,8,8,1,1,3,12,0,0.02666666666666667,0,0.5,
System_Failure,rf_19_raw_window,42,1,8,8,1,1,4,13,0,0.08333333333333333,0,0.5,
System_Failure,rf_19_raw_window,42,1,8,8,1,1,5,14,0,0.06666666666666667,0,0.5,
System_Failure,rf_19_raw_window,42,1,8,8,1,1,6,15,0,0.03666666666666667,0,0.5,
System_Failure,rf_19_raw_window,42,1,8,8,1,1,7,16,0,0.056666666666666664,0,0.5,
System_Failure,rf_19_raw_window,42,1,8,8,1,1,8,17,0,0.08666666666666667,0,0.5,
System_Failure,rf_19_raw_window,42,1,8,8,1,1,9,18,0,0.03,0,0.5,
System_Failure,rf_19_raw_window,42,1,8,8,1,1,10,19,0,0.013333333333333334,0,0.5,
System_Failure,rf_19_raw_window,42,1,8,8,1,1,11,20,0,0.01,0,0.5,
System_Failure,rf_19_raw_window,42,1,8,8,1,1,12,21,0,0.013333333333333334,0,0.5,
System_Failure,rf_19_raw_window,42,1,8,8,1,1,13,22,0,0.013333333333333334,0,0.5,
System_Failure,rf_19_raw_window,42,1,8,8,1,1,14,23,0,0.01,0,0.5,
System_Failure,rf_19_raw_window,42,1,9,9,1,1,0,9,0,0.09666666666666666,0,0.5,
System_Failure,rf_19_raw_window,42,1,9,9,1,1,1,10,0,0.043333333333333335,0,0.5,
System_Failure,rf_19_raw_window,42,1,9,9,1,1,2,11,0,0.056666666666666664,0,0.5,
System_Failure,rf_19_raw_window,42,1,9,9,1,1,3,12,0,0.01,0,0.5,
System_Failure,rf_19_raw_window,42,1,9,9,1,1,4,13,0,0.18,0,0.5,
System_Failure,rf_19_raw_window,42,1,9,9,1,1,5,14,0,0.10666666666666667,0,0.5,
System_Failure,rf_19_raw_window,42,1,9,9,1,1,6,15,0,0.056666666666666664,0,0.5,
System_Failure,rf_19_raw_window,42,1,9,9,1,1,7,16,0,0.08,0,0.5,
System_Failure,rf_19_raw_window,42,1,9,9,1,1,8,17,0,0.16,0,0.5,
System_Failure,rf_19_raw_window,42,1,9,9,1,1,9,18,0,0.04666666666666667,0,0.5,
System_Failure,rf_19_raw_window,42,1,9,9,1,1,10,19,0,0.01,0,0.5,
System_Failure,rf_19_raw_window,42,1,9,9,1,1,11,20,0,0.0,0,0.5,
System_Failure,rf_19_raw_window,42,1,9,9,1,1,12,21,0,0.006666666666666667,0,0.5,
System_Failure,rf_19_raw_window,42,1,9,9,1,1,13,22,0,0.0033333333333333335,0,0.5,
System_Failure,rf_19_raw_window,42,1,9,9,1,1,14,23,0,0.01,0,0.5,
System_Failure,rf_19_raw_window,42,1,10,10,1,1,0,9,0,0.05333333333333334,0,0.5,
System_Failure,rf_19_raw_window,42,1,10,10,1,1,1,10,0,0.12,0,0.5,
System_Failure,rf_19_raw_window,42,1,10,10,1,1,2,11,0,0.023333333333333334,0,0.5,
System_Failure,rf_19_raw_window,42,1,10,10,1,1,3,12,0,0.03333333333333333,0,0.5,
System_Failure,rf_19_raw_window,42,1,10,10,1,1,4,13,0,0.09333333333333334,0,0.5,
System_Failure,rf_19_raw_window,42,1,10,10,1,1,5,14,0,0.07333333333333333,0,0.5,
System_Failure,rf_19_raw_window,42,1,10,10,1,1,6,15,0,0.08,0,0.5,
System_Failure,rf_19_raw_window,42,1,10,10,1,1,7,16,0,0.13666666666666666,0,0.5,
System_Failure,rf_19_raw_window,42,1,10,10,1,1,8,17,0,0.09,0,0.5,
System_Failure,rf_19_raw_window,42,1,10,10,1,1,9,18,0,0.06666666666666667,0,0.5,
System_Failure,rf_19_raw_window,42,1,10,10,1,1,10,19,0,0.02666666666666667,0,0.5,
System_Failure,rf_19_raw_window,42,1,10,10,1,1,11,20,0,0.02666666666666667,0,0.5,
System_Failure,rf_19_raw_window,42,1,10,10,1,1,12,21,0,0.02666666666666667,0,0.5,
System_Failure,rf_19_raw_window,42,1,10,10,1,1,13,22,0,0.013333333333333334,0,0.5,
System_Failure,rf_19_raw_window,42,1,10,10,1,1,14,23,0,0.006666666666666667,0,0.5,
System_Failure,rf_19_raw_window,42,1,11,11,1,1,0,9,0,0.16,0,0.5,
System_Failure,rf_19_raw_window,42,1,11,11,1,1,1,10,0,0.05,0,0.5,
System_Failure,rf_19_raw_window,42,1,11,11,1,1,2,11,0,0.04,0,0.5,
System_Failure,rf_19_raw_window,42,1,11,11,1,1,3,12,0,0.07,0,0.5,
System_Failure,rf_19_raw_window,42,1,11,11,1,1,4,13,0,0.11333333333333333,0,0.5,
System_Failure,rf_19_raw_window,42,1,11,11,1,1,5,14,0,0.20333333333333334,0,0.5,
System_Failure,rf_19_raw_window,42,1,11,11,1,1,6,15,0,0.11666666666666667,0,0.5,
System_Failure,rf_19_raw_window,42,1,11,11,1,1,7,16,0,0.12666666666666668,0,0.5,
System_Failure,rf_19_raw_window,42,1,11,11,1,1,8,17,0,0.13666666666666666,0,0.5,
System_Failure,rf_19_raw_window,42,1,11,11,1,1,9,18,0,0.16,0,0.5,
System_Failure,rf_19_raw_window,42,1,11,11,1,1,10,19,0,0.17666666666666667,0,0.5,
System_Failure,rf_19_raw_window,42,1,11,11,1,1,11,20,0,0.22,0,0.5,
System_Failure,rf_19_raw_window,42,1,11,11,1,1,12,21,0,0.20666666666666667,0,0.5,
System_Failure,rf_19_raw_window,42,1,11,11,1,1,13,22,0,0.25333333333333335,0,0.5,
System_Failure,rf_19_raw_window,42,1,11,11,1,1,14,23,0,0.23333333333333334,0,0.5,
System_Failure,rf_19_raw_window,42,1,11,11,1,1,15,24,0,0.24,0,0.5,
System_Failure,rf_19_raw_window,42,1,12,12,1,1,0,9,0,0.06666666666666667,0,0.5,
System_Failure,rf_19_raw_window,42,1,12,12,1,1,1,10,0,0.013333333333333334,0,0.5,
System_Failure,rf_19_raw_window,42,1,12,12,1,1,2,11,0,0.03333333333333333,0,0.5,
System_Failure,rf_19_raw_window,42,1,12,12,1,1,3,12,0,0.013333333333333334,0,0.5,
System_Failure,rf_19_raw_window,42,1,12,12,1,1,4,13,0,0.12666666666666668,0,0.5,
System_Failure,rf_19_raw_window,42,1,12,12,1,1,5,14,0,0.06666666666666667,0,0.5,
System_Failure,rf_19_raw_window,42,1,12,12,1,1,6,15,0,0.05,0,0.5,
System_Failure,rf_19_raw_window,42,1,12,12,1,1,7,16,0,0.043333333333333335,0,0.5,
System_Failure,rf_19_raw_window,42,1,12,12,1,1,8,17,0,0.09666666666666666,0,0.5,
System_Failure,rf_19_raw_window,42,1,12,12,1,1,9,18,0,0.06,0,0.5,
System_Failure,rf_19_raw_window,42,1,12,12,1,1,10,19,0,0.03333333333333333,0,0.5,
System_Failure,rf_19_raw_window,42,1,12,12,1,1,11,20,0,0.023333333333333334,0,0.5,
System_Failure,rf_19_raw_window,42,1,12,12,1,1,12,21,0,0.01,0,0.5,
System_Failure,rf_19_raw_window,42,1,12,12,1,1,13,22,0,0.023333333333333334,0,0.5,
System_Failure,rf_19_raw_window,42,1,12,12,1,1,14,23,0,0.013333333333333334,0,0.5,
System_Failure,rf_19_raw_window,42,1,13,13,1,1,0,9,0,0.09,0,0.5,
System_Failure,rf_19_raw_window,42,1,13,13,1,1,1,10,0,0.04666666666666667,0,0.5,
System_Failure,rf_19_raw_window,42,1,13,13,1,1,2,11,0,0.07,0,0.5,
System_Failure,rf_19_raw_window,42,1,13,13,1,1,3,12,0,0.05,0,0.5,
System_Failure,rf_19_raw_window,42,1,13,13,1,1,4,13,0,0.2866666666666667,0,0.5,
System_Failure,rf_19_raw_window,42,1,13,13,1,1,5,14,0,0.08333333333333333,0,0.5,
System_Failure,rf_19_raw_window,42,1,13,13,1,1,6,15,0,0.17666666666666667,0,0.5,
System_Failure,rf_19_raw_window,42,1,13,13,1,1,7,16,0,0.24333333333333335,0,0.5,
System_Failure,rf_19_raw_window,42,1,13,13,1,1,8,17,0,0.08333333333333333,0,0.5,
System_Failure,rf_19_raw_window,42,1,13,13,1,1,9,18,0,0.04,0,0.5,
System_Failure,rf_19_raw_window,42,1,13,13,1,1,10,19,0,0.02666666666666667,0,0.5,
System_Failure,rf_19_raw_window,42,1,13,13,1,1,11,20,0,0.03333333333333333,0,0.5,
System_Failure,rf_19_raw_window,42,1,13,13,1,1,12,21,0,0.06333333333333334,0,0.5,
System_Failure,rf_19_raw_window,42,1,13,13,1,1,13,22,0,0.05,0,0.5,
System_Failure,rf_19_raw_window,42,1,13,13,1,1,14,23,0,0.03333333333333333,0,0.5,
System_Failure,rf_19_raw_window,42,1,14,14,1,1,0,9,1,0.25,0,0.5,
System_Failure,rf_19_raw_window,42,1,14,14,1,1,1,10,1,0.27,0,0.5,
System_Failure,rf_19_raw_window,42,1,14,14,1,1,2,11,1,0.30333333333333334,0,0.5,
System_Failure,rf_19_raw_window,42,1,14,14,1,1,3,12,1,0.32,0,0.5,
System_Failure,rf_19_raw_window,42,1,14,14,1,1,4,13,1,0.31666666666666665,0,0.5,
System_Failure,rf_19_raw_window,42,1,14,14,1,1,5,14,1,0.24666666666666667,0,0.5,
System_Failure,rf_19_raw_window,42,1,14,14,1,1,6,15,0,0.11666666666666667,0,0.5,
System_Failure,rf_19_raw_window,42,1,14,14,1,1,7,16,1,0.13666666666666666,0,0.5,
System_Failure,rf_19_raw_window,42,1,14,14,1,1,8,17,1,0.17666666666666667,0,0.5,
System_Failure,rf_19_raw_window,42,1,14,14,1,1,9,18,1,0.23,0,0.5,
System_Failure,rf_19_raw_window,42,1,14,14,1,1,10,19,1,0.2866666666666667,0,0.5,
System_Failure,rf_19_raw_window,42,1,14,14,1,1,11,20,1,0.36333333333333334,0,0.5,
System_Failure,rf_19_raw_window,42,1,14,14,1,1,12,21,1,0.49,0,0.5,
System_Failure,rf_19_raw_window,42,1,14,14,1,1,13,22,1,0.5966666666666667,1,0.5,
System_Failure,rf_19_raw_window,42,1,14,14,1,1,14,23,1,0.6366666666666667,1,0.5,
System_Failure,rf_19_raw_window,42,1,14,14,1,1,15,24,1,0.6233333333333333,1,0.5,
System_Failure,rf_19_raw_window,42,1,14,14,1,1,16,25,1,0.6166666666666667,1,0.5,
System_Failure,rf_19_raw_window,42,1,14,14,1,1,17,26,1,0.5233333333333333,1,0.5,
System_Failure,rf_19_raw_window,42,1,14,14,1,1,18,27,1,0.5766666666666667,1,0.5,
System_Failure,rf_19_raw_window,42,1,15,15,1,1,0,9,1,0.25333333333333335,0,0.5,
System_Failure,rf_19_raw_window,42,1,15,15,1,1,1,10,1,0.17333333333333334,0,0.5,
System_Failure,rf_19_raw_window,42,1,15,15,1,1,2,11,1,0.3,0,0.5,
System_Failure,rf_19_raw_window,42,1,15,15,1,1,3,12,1,0.30666666666666664,0,0.5,
System_Failure,rf_19_raw_window,42,1,15,15,1,1,4,13,1,0.18666666666666668,0,0.5,
System_Failure,rf_19_raw_window,42,1,15,15,1,1,5,14,1,0.15666666666666668,0,0.5,
System_Failure,rf_19_raw_window,42,1,15,15,1,1,6,15,1,0.09666666666666666,0,0.5,
System_Failure,rf_19_raw_window,42,1,15,15,1,1,7,16,1,0.08666666666666667,0,0.5,
System_Failure,rf_19_raw_window,42,1,15,15,1,1,8,17,1,0.31333333333333335,0,0.5,
System_Failure,rf_19_raw_window,42,1,15,15,1,1,9,18,1,0.4033333333333333,0,0.5,
System_Failure,rf_19_raw_window,42,1,15,15,1,1,10,19,1,0.46,0,0.5,
System_Failure,rf_19_raw_window,42,1,15,15,1,1,11,20,1,0.42333333333333334,0,0.5,
System_Failure,rf_19_raw_window,42,1,15,15,1,1,12,21,1,0.5466666666666666,1,0.5,
System_Failure,rf_19_raw_window,42,1,15,15,1,1,13,22,1,0.49333333333333335,0,0.5,
System_Failure,rf_19_raw_window,42,1,16,16,1,1,0,9,0,0.42,0,0.5,
System_Failure,rf_19_raw_window,42,1,16,16,1,1,1,10,0,0.10666666666666667,0,0.5,
System_Failure,rf_19_raw_window,42,1,16,16,1,1,2,11,0,0.07666666666666666,0,0.5,
System_Failure,rf_19_raw_window,42,1,16,16,1,1,3,12,0,0.04,0,0.5,
System_Failure,rf_19_raw_window,42,1,16,16,1,1,4,13,0,0.05,0,0.5,
System_Failure,rf_19_raw_window,42,1,16,16,1,1,5,14,0,0.07666666666666666,0,0.5,
System_Failure,rf_19_raw_window,42,1,16,16,1,1,6,15,0,0.07666666666666666,0,0.5,
System_Failure,rf_19_raw_window,42,1,16,16,1,1,7,16,0,0.06333333333333334,0,0.5,
System_Failure,rf_19_raw_window,42,1,16,16,1,1,8,17,0,0.11333333333333333,0,0.5,
System_Failure,rf_19_raw_window,42,1,16,16,1,1,9,18,0,0.056666666666666664,0,0.5,
System_Failure,rf_19_raw_window,42,1,16,16,1,1,10,19,0,0.04666666666666667,0,0.5,
System_Failure,rf_19_raw_window,42,1,16,16,1,1,11,20,0,0.023333333333333334,0,0.5,
System_Failure,rf_19_raw_window,42,1,16,16,1,1,12,21,0,0.03,0,0.5,
System_Failure,rf_19_raw_window,42,1,16,16,1,1,13,22,0,0.02,0,0.5,
System_Failure,rf_19_raw_window,42,1,16,16,1,1,14,23,0,0.043333333333333335,0,0.5,
System_Failure,rf_19_raw_window,42,1,16,16,1,1,15,24,0,0.043333333333333335,0,0.5,
System_Failure,rf_19_raw_window,42,1,17,17,1,1,0,9,0,0.17,0,0.5,
System_Failure,rf_19_raw_window,42,1,17,17,1,1,1,10,0,0.37333333333333335,0,0.5,
System_Failure,rf_19_raw_window,42,1,17,17,1,1,2,11,0,0.05333333333333334,0,0.5,
System_Failure,rf_19_raw_window,42,1,17,17,1,1,3,12,0,0.03666666666666667,0,0.5,
System_Failure,rf_19_raw_window,42,1,17,17,1,1,4,13,0,0.19666666666666666,0,0.5,
System_Failure,rf_19_raw_window,42,1,17,17,1,1,5,14,0,0.04666666666666667,0,0.5,
System_Failure,rf_19_raw_window,42,1,17,17,1,1,6,15,0,0.06,0,0.5,
System_Failure,rf_19_raw_window,42,1,17,17,1,1,7,16,0,0.08666666666666667,0,0.5,
System_Failure,rf_19_raw_window,42,1,17,17,1,1,8,17,0,0.03,0,0.5,
System_Failure,rf_19_raw_window,42,1,17,17,1,1,9,18,0,0.02666666666666667,0,0.5,
System_Failure,rf_19_raw_window,42,1,17,17,1,1,10,19,0,0.02,0,0.5,
System_Failure,rf_19_raw_window,42,1,17,17,1,1,11,20,0,0.03333333333333333,0,0.5,
System_Failure,rf_19_raw_window,42,1,17,17,1,1,12,21,0,0.016666666666666666,0,0.5,
System_Failure,rf_19_raw_window,42,1,17,17,1,1,13,22,0,0.03,0,0.5,
System_Failure,rf_19_raw_window,42,1,17,17,1,1,14,23,0,0.03666666666666667,0,0.5,
System_Failure,rf_19_raw_window,42,1,18,18,1,1,0,9,0,0.043333333333333335,0,0.5,
System_Failure,rf_19_raw_window,42,1,18,18,1,1,1,10,0,0.04,0,0.5,
System_Failure,rf_19_raw_window,42,1,18,18,1,1,2,11,0,0.043333333333333335,0,0.5,
System_Failure,rf_19_raw_window,42,1,18,18,1,1,3,12,0,0.04,0,0.5,
System_Failure,rf_19_raw_window,42,1,18,18,1,1,4,13,0,0.05333333333333334,0,0.5,
System_Failure,rf_19_raw_window,42,1,18,18,1,1,5,14,0,0.02666666666666667,0,0.5,
System_Failure,rf_19_raw_window,42,1,18,18,1,1,6,15,0,0.023333333333333334,0,0.5,
System_Failure,rf_19_raw_window,42,1,18,18,1,1,7,16,0,0.04,0,0.5,
System_Failure,rf_19_raw_window,42,1,18,18,1,1,8,17,0,0.13333333333333333,0,0.5,
System_Failure,rf_19_raw_window,42,1,18,18,1,1,9,18,0,0.14333333333333334,0,0.5,
System_Failure,rf_19_raw_window,42,1,18,18,1,1,10,19,0,0.11666666666666667,0,0.5,
System_Failure,rf_19_raw_window,42,1,18,18,1,1,11,20,0,0.10666666666666667,0,0.5,
System_Failure,rf_19_raw_window,42,1,18,18,1,1,12,21,0,0.10666666666666667,0,0.5,
System_Failure,rf_19_raw_window,42,1,18,18,1,1,13,22,0,0.22,0,0.5,
System_Failure,rf_19_raw_window,42,1,18,18,1,1,14,23,0,0.21333333333333335,0,0.5,
System_Failure,rf_19_raw_window,42,1,18,18,1,1,15,24,0,0.3566666666666667,0,0.5,
System_Failure,rf_19_raw_window,42,1,19,19,1,1,0,9,0,0.21333333333333335,0,0.5,
System_Failure,rf_19_raw_window,42,1,19,19,1,1,1,10,0,0.20666666666666667,0,0.5,
System_Failure,rf_19_raw_window,42,1,19,19,1,1,2,11,0,0.17666666666666667,0,0.5,
System_Failure,rf_19_raw_window,42,1,19,19,1,1,3,12,0,0.24333333333333335,0,0.5,
System_Failure,rf_19_raw_window,42,1,19,19,1,1,4,13,0,0.21,0,0.5,
System_Failure,rf_19_raw_window,42,1,19,19,1,1,5,14,0,0.18333333333333332,0,0.5,
System_Failure,rf_19_raw_window,42,1,19,19,1,1,6,15,0,0.20666666666666667,0,0.5,
System_Failure,rf_19_raw_window,42,1,19,19,1,1,7,16,0,0.26666666666666666,0,0.5,
System_Failure,rf_19_raw_window,42,1,19,19,1,1,8,17,0,0.18666666666666668,0,0.5,
System_Failure,rf_19_raw_window,42,1,19,19,1,1,9,18,0,0.20333333333333334,0,0.5,
System_Failure,rf_19_raw_window,42,1,19,19,1,1,10,19,0,0.12666666666666668,0,0.5,
System_Failure,rf_19_raw_window,42,1,19,19,1,1,11,20,0,0.07333333333333333,0,0.5,
System_Failure,rf_19_raw_window,42,1,19,19,1,1,12,21,0,0.11,0,0.5,
System_Failure,rf_19_raw_window,42,1,19,19,1,1,13,22,0,0.04666666666666667,0,0.5,
System_Failure,rf_19_raw_window,42,1,19,19,1,1,14,23,0,0.04666666666666667,0,0.5,
System_Failure,rf_19_raw_window,42,1,20,20,1,1,0,9,0,0.07666666666666666,0,0.5,
System_Failure,rf_19_raw_window,42,1,20,20,1,1,1,10,0,0.03,0,0.5,
System_Failure,rf_19_raw_window,42,1,20,20,1,1,2,11,0,0.02666666666666667,0,0.5,
System_Failure,rf_19_raw_window,42,1,20,20,1,1,3,12,0,0.01,0,0.5,
System_Failure,rf_19_raw_window,42,1,20,20,1,1,4,13,0,0.07333333333333333,0,0.5,
System_Failure,rf_19_raw_window,42,1,20,20,1,1,5,14,0,0.12666666666666668,0,0.5,
System_Failure,rf_19_raw_window,42,1,20,20,1,1,6,15,0,0.08333333333333333,0,0.5,
System_Failure,rf_19_raw_window,42,1,20,20,1,1,7,16,0,0.14,0,0.5,
System_Failure,rf_19_raw_window,42,1,20,20,1,1,8,17,0,0.14,0,0.5,
System_Failure,rf_19_raw_window,42,1,20,20,1,1,9,18,0,0.006666666666666667,0,0.5,
System_Failure,rf_19_raw_window,42,1,20,20,1,1,10,19,0,0.013333333333333334,0,0.5,
System_Failure,rf_19_raw_window,42,1,20,20,1,1,11,20,0,0.01,0,0.5,
System_Failure,rf_19_raw_window,42,1,20,20,1,1,12,21,0,0.013333333333333334,0,0.5,
System_Failure,rf_19_raw_window,42,1,20,20,1,1,13,22,0,0.016666666666666666,0,0.5,
System_Failure,rf_19_raw_window,42,1,20,20,1,1,14,23,0,0.02666666666666667,0,0.5,
System_Failure,rf_19_raw_window,42,1,21,21,1,1,0,9,0,0.04,0,0.5,
System_Failure,rf_19_raw_window,42,1,21,21,1,1,1,10,0,0.25333333333333335,0,0.5,
System_Failure,rf_19_raw_window,42,1,21,21,1,1,2,11,0,0.05333333333333334,0,0.5,
System_Failure,rf_19_raw_window,42,1,21,21,1,1,3,12,0,0.02,0,0.5,
System_Failure,rf_19_raw_window,42,1,21,21,1,1,4,13,0,0.06666666666666667,0,0.5,
System_Failure,rf_19_raw_window,42,1,21,21,1,1,5,14,0,0.03666666666666667,0,0.5,
System_Failure,rf_19_raw_window,42,1,21,21,1,1,6,15,0,0.05333333333333334,0,0.5,
System_Failure,rf_19_raw_window,42,1,21,21,1,1,7,16,0,0.08666666666666667,0,0.5,
System_Failure,rf_19_raw_window,42,1,21,21,1,1,8,17,0,0.08,0,0.5,
System_Failure,rf_19_raw_window,42,1,21,21,1,1,9,18,0,0.03333333333333333,0,0.5,
System_Failure,rf_19_raw_window,42,1,21,21,1,1,10,19,0,0.09666666666666666,0,0.5,
System_Failure,rf_19_raw_window,42,1,21,21,1,1,11,20,0,0.05333333333333334,0,0.5,
System_Failure,rf_19_raw_window,42,1,21,21,1,1,12,21,0,0.04666666666666667,0,0.5,
System_Failure,rf_19_raw_window,42,1,21,21,1,1,13,22,0,0.07333333333333333,0,0.5,
System_Failure,rf_19_raw_window,42,1,21,21,1,1,14,23,0,0.09333333333333334,0,0.5,
System_Failure,rf_19_raw_window,42,1,21,21,1,1,15,24,0,0.08666666666666667,0,0.5,
System_Failure,rf_19_raw_window,42,1,22,22,1,1,0,9,1,0.6566666666666666,1,0.5,
System_Failure,rf_19_raw_window,42,1,22,22,1,1,1,10,1,0.6966666666666667,1,0.5,
System_Failure,rf_19_raw_window,42,1,22,22,1,1,2,11,1,0.7433333333333333,1,0.5,
System_Failure,rf_19_raw_window,42,1,22,22,1,1,3,12,1,0.7666666666666667,1,0.5,
System_Failure,rf_19_raw_window,42,1,22,22,1,1,4,13,1,0.7,1,0.5,
System_Failure,rf_19_raw_window,42,1,22,22,1,1,5,14,1,0.6966666666666667,1,0.5,
System_Failure,rf_19_raw_window,42,1,22,22,1,1,6,15,1,0.6933333333333334,1,0.5,
System_Failure,rf_19_raw_window,42,1,22,22,1,1,7,16,0,0.73,1,0.5,
System_Failure,rf_19_raw_window,42,1,22,22,1,1,8,17,0,0.7166666666666667,1,0.5,
System_Failure,rf_19_raw_window,42,1,22,22,1,1,9,18,0,0.6966666666666667,1,0.5,
System_Failure,rf_19_raw_window,42,1,22,22,1,1,10,19,0,0.7166666666666667,1,0.5,
System_Failure,rf_19_raw_window,42,1,22,22,1,1,11,20,0,0.52,1,0.5,
System_Failure,rf_19_raw_window,42,1,22,22,1,1,12,21,0,0.4266666666666667,0,0.5,
System_Failure,rf_19_raw_window,42,1,22,22,1,1,13,22,0,0.3333333333333333,0,0.5,
System_Failure,rf_19_raw_window,42,1,22,22,1,1,14,23,0,0.27,0,0.5,
System_Failure,rf_19_raw_window,42,1,22,22,1,1,15,24,0,0.09333333333333334,0,0.5,
System_Failure,rf_19_raw_window,42,1,22,22,1,1,16,25,0,0.10333333333333333,0,0.5,
System_Failure,rf_19_raw_window,42,1,22,22,1,1,17,26,0,0.05333333333333334,0,0.5,
System_Failure,rf_19_raw_window,42,1,22,22,1,1,18,27,0,0.02666666666666667,0,0.5,
System_Failure,rf_19_raw_window,42,1,22,22,1,1,19,28,0,0.03,0,0.5,
System_Failure,rf_19_raw_window,42,1,22,22,1,1,20,29,0,0.14666666666666667,0,0.5,
System_Failure,rf_19_raw_window,42,1,22,22,1,1,21,30,0,0.11333333333333333,0,0.5,
System_Failure,rf_19_raw_window,42,1,22,22,1,1,22,31,0,0.016666666666666666,0,0.5,
System_Failure,rf_19_raw_window,42,1,22,22,1,1,23,32,0,0.02666666666666667,0,0.5,
System_Failure,rf_19_raw_window,42,1,22,22,1,1,24,33,0,0.03333333333333333,0,0.5,
System_Failure,rf_19_raw_window,42,1,22,22,1,1,25,34,0,0.013333333333333334,0,0.5,
System_Failure,rf_19_raw_window,42,1,22,22,1,1,26,35,0,0.02,0,0.5,
System_Failure,rf_19_raw_window,42,1,23,23,1,1,0,9,0,0.13,0,0.5,
System_Failure,rf_19_raw_window,42,1,23,23,1,1,1,10,0,0.08666666666666667,0,0.5,
System_Failure,rf_19_raw_window,42,1,23,23,1,1,2,11,0,0.08333333333333333,0,0.5,
System_Failure,rf_19_raw_window,42,1,23,23,1,1,3,12,0,0.1,0,0.5,
System_Failure,rf_19_raw_window,42,1,23,23,1,1,4,13,0,0.31666666666666665,0,0.5,
System_Failure,rf_19_raw_window,42,1,23,23,1,1,5,14,0,0.043333333333333335,0,0.5,
System_Failure,rf_19_raw_window,42,1,23,23,1,1,6,15,0,0.06333333333333334,0,0.5,
System_Failure,rf_19_raw_window,42,1,23,23,1,1,7,16,0,0.08,0,0.5,
System_Failure,rf_19_raw_window,42,1,23,23,1,1,8,17,0,0.14333333333333334,0,0.5,
System_Failure,rf_19_raw_window,42,1,23,23,1,1,9,18,0,0.02,0,0.5,
System_Failure,rf_19_raw_window,42,1,23,23,1,1,10,19,0,0.056666666666666664,0,0.5,
System_Failure,rf_19_raw_window,42,1,23,23,1,1,11,20,0,0.03333333333333333,0,0.5,
System_Failure,rf_19_raw_window,42,1,23,23,1,1,12,21,0,0.02666666666666667,0,0.5,
System_Failure,rf_19_raw_window,42,1,23,23,1,1,13,22,0,0.05,0,0.5,
System_Failure,rf_19_raw_window,42,1,23,23,1,1,14,23,0,0.06333333333333334,0,0.5,
System_Failure,rf_19_raw_window,42,1,24,24,1,1,0,9,0,0.06666666666666667,0,0.5,
System_Failure,rf_19_raw_window,42,1,24,24,1,1,1,10,0,0.07,0,0.5,
System_Failure,rf_19_raw_window,42,1,24,24,1,1,2,11,0,0.043333333333333335,0,0.5,
System_Failure,rf_19_raw_window,42,1,24,24,1,1,3,12,0,0.07666666666666666,0,0.5,
System_Failure,rf_19_raw_window,42,1,24,24,1,1,4,13,0,0.12333333333333334,0,0.5,
System_Failure,rf_19_raw_window,42,1,24,24,1,1,5,14,0,0.16,0,0.5,
System_Failure,rf_19_raw_window,42,1,24,24,1,1,6,15,0,0.10666666666666667,0,0.5,
System_Failure,rf_19_raw_window,42,1,24,24,1,1,7,16,0,0.13666666666666666,0,0.5,
System_Failure,rf_19_raw_window,42,1,24,24,1,1,8,17,0,0.12666666666666668,0,0.5,
System_Failure,rf_19_raw_window,42,1,24,24,1,1,9,18,0,0.03,0,0.5,
System_Failure,rf_19_raw_window,42,1,24,24,1,1,10,19,0,0.013333333333333334,0,0.5,
System_Failure,rf_19_raw_window,42,1,24,24,1,1,11,20,0,0.03333333333333333,0,0.5,
System_Failure,rf_19_raw_window,42,1,24,24,1,1,12,21,0,0.023333333333333334,0,0.5,
System_Failure,rf_19_raw_window,42,1,24,24,1,1,13,22,0,0.013333333333333334,0,0.5,
System_Failure,rf_19_raw_window,42,1,24,24,1,1,14,23,0,0.02666666666666667,0,0.5,
System_Failure,rf_19_raw_window,42,1,25,25,1,1,0,9,0,0.11666666666666667,0,0.5,
System_Failure,rf_19_raw_window,42,1,25,25,1,1,1,10,0,0.08666666666666667,0,0.5,
System_Failure,rf_19_raw_window,42,1,25,25,1,1,2,11,0,0.07,0,0.5,
System_Failure,rf_19_raw_window,42,1,25,25,1,1,3,12,0,0.07666666666666666,0,0.5,
System_Failure,rf_19_raw_window,42,1,25,25,1,1,4,13,0,0.09,0,0.5,
System_Failure,rf_19_raw_window,42,1,25,25,1,1,5,14,0,0.18333333333333332,0,0.5,
System_Failure,rf_19_raw_window,42,1,25,25,1,1,6,15,0,0.13,0,0.5,
System_Failure,rf_19_raw_window,42,1,25,25,1,1,7,16,0,0.12666666666666668,0,0.5,
System_Failure,rf_19_raw_window,42,1,25,25,1,1,8,17,0,0.09666666666666666,0,0.5,
System_Failure,rf_19_raw_window,42,1,25,25,1,1,9,18,0,0.16333333333333333,0,0.5,
System_Failure,rf_19_raw_window,42,1,25,25,1,1,10,19,0,0.03333333333333333,0,0.5,
System_Failure,rf_19_raw_window,42,1,25,25,1,1,11,20,0,0.03333333333333333,0,0.5,
System_Failure,rf_19_raw_window,42,1,25,25,1,1,12,21,0,0.03,0,0.5,
System_Failure,rf_19_raw_window,42,1,25,25,1,1,13,22,0,0.043333333333333335,0,0.5,
System_Failure,rf_19_raw_window,42,1,25,25,1,1,14,23,0,0.05,0,0.5,
System_Failure,rf_19_raw_window,42,1,25,25,1,1,15,24,0,0.06,0,0.5,
System_Failure,rf_19_raw_window,42,2,26,26,1,2,0,9,0,0.08333333333333333,0,0.5,
System_Failure,rf_19_raw_window,42,2,26,26,1,2,1,10,0,0.016666666666666666,0,0.5,
System_Failure,rf_19_raw_window,42,2,26,26,1,2,2,11,0,0.023333333333333334,0,0.5,
System_Failure,rf_19_raw_window,42,2,26,26,1,2,3,12,0,0.023333333333333334,0,0.5,
System_Failure,rf_19_raw_window,42,2,26,26,1,2,4,13,0,0.07,0,0.5,
System_Failure,rf_19_raw_window,42,2,26,26,1,2,5,14,0,0.11,0,0.5,
System_Failure,rf_19_raw_window,42,2,26,26,1,2,6,15,0,0.12333333333333334,0,0.5,
System_Failure,rf_19_raw_window,42,2,26,26,1,2,7,16,0,0.12666666666666668,0,0.5,
System_Failure,rf_19_raw_window,42,2,26,26,1,2,8,17,0,0.19333333333333333,0,0.5,
System_Failure,rf_19_raw_window,42,2,26,26,1,2,9,18,0,0.016666666666666666,0,0.5,
System_Failure,rf_19_raw_window,42,2,26,26,1,2,10,19,0,0.04666666666666667,0,0.5,
System_Failure,rf_19_raw_window,42,2,26,26,1,2,11,20,0,0.01,0,0.5,
System_Failure,rf_19_raw_window,42,2,26,26,1,2,12,21,0,0.0,0,0.5,
System_Failure,rf_19_raw_window,42,2,26,26,1,2,13,22,0,0.0033333333333333335,0,0.5,
System_Failure,rf_19_raw_window,42,2,26,26,1,2,14,23,0,0.12333333333333334,0,0.5,
System_Failure,rf_19_raw_window,42,2,27,27,1,2,0,9,0,0.13333333333333333,0,0.5,
System_Failure,rf_19_raw_window,42,2,27,27,1,2,1,10,0,0.09,0,0.5,
System_Failure,rf_19_raw_window,42,2,27,27,1,2,2,11,0,0.04,0,0.5,
System_Failure,rf_19_raw_window,42,2,27,27,1,2,3,12,0,0.013333333333333334,0,0.5,
System_Failure,rf_19_raw_window,42,2,27,27,1,2,4,13,0,0.07,0,0.5,
System_Failure,rf_19_raw_window,42,2,27,27,1,2,5,14,0,0.10333333333333333,0,0.5,
System_Failure,rf_19_raw_window,42,2,27,27,1,2,6,15,0,0.056666666666666664,0,0.5,
System_Failure,rf_19_raw_window,42,2,27,27,1,2,7,16,0,0.04666666666666667,0,0.5,
System_Failure,rf_19_raw_window,42,2,27,27,1,2,8,17,0,0.14333333333333334,0,0.5,
System_Failure,rf_19_raw_window,42,2,27,27,1,2,9,18,0,0.006666666666666667,0,0.5,
System_Failure,rf_19_raw_window,42,2,27,27,1,2,10,19,0,0.02666666666666667,0,0.5,
System_Failure,rf_19_raw_window,42,2,27,27,1,2,11,20,0,0.023333333333333334,0,0.5,
System_Failure,rf_19_raw_window,42,2,27,27,1,2,12,21,0,0.016666666666666666,0,0.5,
System_Failure,rf_19_raw_window,42,2,27,27,1,2,13,22,0,0.04666666666666667,0,0.5,
System_Failure,rf_19_raw_window,42,2,27,27,1,2,14,23,0,0.05333333333333334,0,0.5,
System_Failure,rf_19_raw_window,42,2,28,28,1,2,0,9,0,0.09,0,0.5,
System_Failure,rf_19_raw_window,42,2,28,28,1,2,1,10,0,0.07,0,0.5,
System_Failure,rf_19_raw_window,42,2,28,28,1,2,2,11,0,0.03,0,0.5,
System_Failure,rf_19_raw_window,42,2,28,28,1,2,3,12,0,0.04666666666666667,0,0.5,
System_Failure,rf_19_raw_window,42,2,28,28,1,2,4,13,0,0.07,0,0.5,
System_Failure,rf_19_raw_window,42,2,28,28,1,2,5,14,0,0.21666666666666667,0,0.5,
System_Failure,rf_19_raw_window,42,2,28,28,1,2,6,15,0,0.17666666666666667,0,0.5,
System_Failure,rf_19_raw_window,42,2,28,28,1,2,7,16,0,0.2833333333333333,0,0.5,
System_Failure,rf_19_raw_window,42,2,28,28,1,2,8,17,0,0.25,0,0.5,
System_Failure,rf_19_raw_window,42,2,28,28,1,2,9,18,0,0.1,0,0.5,
System_Failure,rf_19_raw_window,42,2,28,28,1,2,10,19,0,0.03666666666666667,0,0.5,
System_Failure,rf_19_raw_window,42,2,28,28,1,2,11,20,0,0.08333333333333333,0,0.5,
System_Failure,rf_19_raw_window,42,2,28,28,1,2,12,21,0,0.08333333333333333,0,0.5,
System_Failure,rf_19_raw_window,42,2,28,28,1,2,13,22,0,0.21666666666666667,0,0.5,
System_Failure,rf_19_raw_window,42,2,28,28,1,2,14,23,0,0.2,0,0.5,
System_Failure,rf_19_raw_window,42,2,28,28,1,2,15,24,0,0.2733333333333333,0,0.5,
System_Failure,rf_19_raw_window,42,2,29,29,1,2,0,9,0,0.08666666666666667,0,0.5,
System_Failure,rf_19_raw_window,42,2,29,29,1,2,1,10,0,0.056666666666666664,0,0.5,
System_Failure,rf_19_raw_window,42,2,29,29,1,2,2,11,0,0.03,0,0.5,
System_Failure,rf_19_raw_window,42,2,29,29,1,2,3,12,0,0.08,0,0.5,
System_Failure,rf_19_raw_window,42,2,29,29,1,2,4,13,0,0.07666666666666666,0,0.5,
System_Failure,rf_19_raw_window,42,2,29,29,1,2,5,14,0,0.06,0,0.5,
System_Failure,rf_19_raw_window,42,2,29,29,1,2,6,15,0,0.03666666666666667,0,0.5,
System_Failure,rf_19_raw_window,42,2,29,29,1,2,7,16,0,0.06333333333333334,0,0.5,
System_Failure,rf_19_raw_window,42,2,29,29,1,2,8,17,0,0.02666666666666667,0,0.5,
System_Failure,rf_19_raw_window,42,2,29,29,1,2,9,18,0,0.006666666666666667,0,0.5,
System_Failure,rf_19_raw_window,42,2,29,29,1,2,10,19,0,0.0,0,0.5,
System_Failure,rf_19_raw_window,42,2,29,29,1,2,11,20,0,0.01,0,0.5,
System_Failure,rf_19_raw_window,42,2,29,29,1,2,12,21,0,0.0033333333333333335,0,0.5,
System_Failure,rf_19_raw_window,42,2,29,29,1,2,13,22,0,0.03666666666666667,0,0.5,
System_Failure,rf_19_raw_window,42,2,29,29,1,2,14,23,0,0.03666666666666667,0,0.5,
System_Failure,rf_19_raw_window,42,2,30,30,1,2,0,9,0,0.08,0,0.5,
System_Failure,rf_19_raw_window,42,2,30,30,1,2,1,10,0,0.013333333333333334,0,0.5,
System_Failure,rf_19_raw_window,42,2,30,30,1,2,2,11,0,0.02,0,0.5,
System_Failure,rf_19_raw_window,42,2,30,30,1,2,3,12,0,0.023333333333333334,0,0.5,
System_Failure,rf_19_raw_window,42,2,30,30,1,2,4,13,0,0.013333333333333334,0,0.5,
System_Failure,rf_19_raw_window,42,2,30,30,1,2,5,14,0,0.06666666666666667,0,0.5,
System_Failure,rf_19_raw_window,42,2,30,30,1,2,6,15,0,0.06,0,0.5,
System_Failure,rf_19_raw_window,42,2,30,30,1,2,7,16,0,0.09333333333333334,0,0.5,
System_Failure,rf_19_raw_window,42,2,30,30,1,2,8,17,0,0.07,0,0.5,
System_Failure,rf_19_raw_window,42,2,30,30,1,2,9,18,0,0.02666666666666667,0,0.5,
System_Failure,rf_19_raw_window,42,2,30,30,1,2,10,19,0,0.01,0,0.5,
System_Failure,rf_19_raw_window,42,2,30,30,1,2,11,20,0,0.01,0,0.5,
System_Failure,rf_19_raw_window,42,2,30,30,1,2,12,21,0,0.0,0,0.5,
System_Failure,rf_19_raw_window,42,2,30,30,1,2,13,22,0,0.0033333333333333335,0,0.5,
System_Failure,rf_19_raw_window,42,2,30,30,1,2,14,23,0,0.006666666666666667,0,0.5,
System_Failure,rf_19_raw_window,42,2,31,31,1,2,0,9,0,0.28,0,0.5,
System_Failure,rf_19_raw_window,42,2,31,31,1,2,1,10,0,0.17333333333333334,0,0.5,
System_Failure,rf_19_raw_window,42,2,31,31,1,2,2,11,0,0.043333333333333335,0,0.5,
System_Failure,rf_19_raw_window,42,2,31,31,1,2,3,12,0,0.013333333333333334,0,0.5,
System_Failure,rf_19_raw_window,42,2,31,31,1,2,4,13,0,0.02,0,0.5,
System_Failure,rf_19_raw_window,42,2,31,31,1,2,5,14,0,0.19666666666666666,0,0.5,
System_Failure,rf_19_raw_window,42,2,31,31,1,2,6,15,0,0.19,0,0.5,
System_Failure,rf_19_raw_window,42,2,31,31,1,2,7,16,0,0.20666666666666667,0,0.5,
System_Failure,rf_19_raw_window,42,2,31,31,1,2,8,17,0,0.13333333333333333,0,0.5,
System_Failure,rf_19_raw_window,42,2,31,31,1,2,9,18,0,0.12333333333333334,0,0.5,
System_Failure,rf_19_raw_window,42,2,31,31,1,2,10,19,0,0.12666666666666668,0,0.5,
System_Failure,rf_19_raw_window,42,2,31,31,1,2,11,20,0,0.056666666666666664,0,0.5,
System_Failure,rf_19_raw_window,42,2,31,31,1,2,12,21,0,0.043333333333333335,0,0.5,
System_Failure,rf_19_raw_window,42,2,31,31,1,2,13,22,0,0.08,0,0.5,
System_Failure,rf_19_raw_window,42,2,32,32,1,2,0,9,0,0.11,0,0.5,
System_Failure,rf_19_raw_window,42,2,32,32,1,2,1,10,0,0.16333333333333333,0,0.5,
System_Failure,rf_19_raw_window,42,2,32,32,1,2,2,11,0,0.17333333333333334,0,0.5,
System_Failure,rf_19_raw_window,42,2,32,32,1,2,3,12,0,0.08,0,0.5,
System_Failure,rf_19_raw_window,42,2,32,32,1,2,4,13,0,0.1,0,0.5,
System_Failure,rf_19_raw_window,42,2,32,32,1,2,5,14,0,0.09666666666666666,0,0.5,
System_Failure,rf_19_raw_window,42,2,32,32,1,2,6,15,0,0.09,0,0.5,
System_Failure,rf_19_raw_window,42,2,32,32,1,2,7,16,0,0.13,0,0.5,
System_Failure,rf_19_raw_window,42,2,32,32,1,2,8,17,0,0.06,0,0.5,
System_Failure,rf_19_raw_window,42,2,32,32,1,2,9,18,0,0.03333333333333333,0,0.5,
System_Failure,rf_19_raw_window,42,2,32,32,1,2,10,19,0,0.04,0,0.5,
System_Failure,rf_19_raw_window,42,2,32,32,1,2,11,20,0,0.08666666666666667,0,0.5,
System_Failure,rf_19_raw_window,42,2,32,32,1,2,12,21,0,0.09333333333333334,0,0.5,
System_Failure,rf_19_raw_window,42,2,32,32,1,2,13,22,0,0.06666666666666667,0,0.5,
System_Failure,rf_19_raw_window,42,2,32,32,1,2,14,23,0,0.07666666666666666,0,0.5,
System_Failure,rf_19_raw_window,42,2,33,33,1,2,0,9,0,0.13333333333333333,0,0.5,
System_Failure,rf_19_raw_window,42,2,33,33,1,2,1,10,0,0.10333333333333333,0,0.5,
System_Failure,rf_19_raw_window,42,2,33,33,1,2,2,11,0,0.08333333333333333,0,0.5,
System_Failure,rf_19_raw_window,42,2,33,33,1,2,3,12,0,0.12333333333333334,0,0.5,
System_Failure,rf_19_raw_window,42,2,33,33,1,2,4,13,0,0.21666666666666667,0,0.5,
System_Failure,rf_19_raw_window,42,2,33,33,1,2,5,14,0,0.22,0,0.5,
System_Failure,rf_19_raw_window,42,2,33,33,1,2,6,15,0,0.15333333333333332,0,0.5,
System_Failure,rf_19_raw_window,42,2,33,33,1,2,7,16,0,0.19,0,0.5,
System_Failure,rf_19_raw_window,42,2,33,33,1,2,8,17,0,0.20333333333333334,0,0.5,
System_Failure,rf_19_raw_window,42,2,33,33,1,2,9,18,0,0.16,0,0.5,
System_Failure,rf_19_raw_window,42,2,33,33,1,2,10,19,0,0.17,0,0.5,
System_Failure,rf_19_raw_window,42,2,33,33,1,2,11,20,0,0.07,0,0.5,
System_Failure,rf_19_raw_window,42,2,33,33,1,2,12,21,0,0.06666666666666667,0,0.5,
System_Failure,rf_19_raw_window,42,2,33,33,1,2,13,22,0,0.10666666666666667,0,0.5,
System_Failure,rf_19_raw_window,42,2,33,33,1,2,14,23,0,0.15,0,0.5,
System_Failure,rf_19_raw_window,42,2,33,33,1,2,15,24,0,0.26666666666666666,0,0.5,
System_Failure,rf_19_raw_window,42,2,34,34,1,2,0,9,0,0.2633333333333333,0,0.5,
System_Failure,rf_19_raw_window,42,2,34,34,1,2,1,10,0,0.11666666666666667,0,0.5,
System_Failure,rf_19_raw_window,42,2,34,34,1,2,2,11,0,0.056666666666666664,0,0.5,
System_Failure,rf_19_raw_window,42,2,34,34,1,2,3,12,0,0.023333333333333334,0,0.5,
System_Failure,rf_19_raw_window,42,2,34,34,1,2,4,13,0,0.07333333333333333,0,0.5,
System_Failure,rf_19_raw_window,42,2,34,34,1,2,5,14,0,0.12333333333333334,0,0.5,
System_Failure,rf_19_raw_window,42,2,34,34,1,2,6,15,0,0.15333333333333332,0,0.5,
System_Failure,rf_19_raw_window,42,2,34,34,1,2,7,16,0,0.19,0,0.5,
System_Failure,rf_19_raw_window,42,2,34,34,1,2,8,17,0,0.19333333333333333,0,0.5,
System_Failure,rf_19_raw_window,42,2,34,34,1,2,9,18,0,0.07333333333333333,0,0.5,
System_Failure,rf_19_raw_window,42,2,34,34,1,2,10,19,0,0.03666666666666667,0,0.5,
System_Failure,rf_19_raw_window,42,2,34,34,1,2,11,20,0,0.03333333333333333,0,0.5,
System_Failure,rf_19_raw_window,42,2,34,34,1,2,12,21,0,0.04,0,0.5,
System_Failure,rf_19_raw_window,42,2,34,34,1,2,13,22,0,0.013333333333333334,0,0.5,
System_Failure,rf_19_raw_window,42,2,34,34,1,2,14,23,0,0.023333333333333334,0,0.5,
System_Failure,rf_19_raw_window,42,2,35,35,1,2,0,9,1,0.68,1,0.5,
System_Failure,rf_19_raw_window,42,2,35,35,1,2,1,10,1,0.77,1,0.5,
System_Failure,rf_19_raw_window,42,2,35,35,1,2,2,11,1,0.7666666666666667,1,0.5,
System_Failure,rf_19_raw_window,42,2,35,35,1,2,3,12,1,0.8666666666666667,1,0.5,
System_Failure,rf_19_raw_window,42,2,35,35,1,2,4,13,1,0.55,1,0.5,
System_Failure,rf_19_raw_window,42,2,35,35,1,2,5,14,1,0.42333333333333334,0,0.5,
System_Failure,rf_19_raw_window,42,2,35,35,1,2,6,15,0,0.27,0,0.5,
System_Failure,rf_19_raw_window,42,2,35,35,1,2,7,16,0,0.16,0,0.5,
System_Failure,rf_19_raw_window,42,2,35,35,1,2,8,17,0,0.16,0,0.5,
System_Failure,rf_19_raw_window,42,2,35,35,1,2,9,18,0,0.06333333333333334,0,0.5,
System_Failure,rf_19_raw_window,42,2,35,35,1,2,10,19,0,0.08666666666666667,0,0.5,
System_Failure,rf_19_raw_window,42,2,35,35,1,2,11,20,0,0.07,0,0.5,
System_Failure,rf_19_raw_window,42,2,35,35,1,2,12,21,0,0.10666666666666667,0,0.5,
System_Failure,rf_19_raw_window,42,2,35,35,1,2,13,22,0,0.043333333333333335,0,0.5,
System_Failure,rf_19_raw_window,42,2,35,35,1,2,14,23,0,0.1,0,0.5,
System_Failure,rf_19_raw_window,42,2,35,35,1,2,15,24,0,0.07,0,0.5,
System_Failure,rf_19_raw_window,42,2,35,35,1,2,16,25,0,0.15333333333333332,0,0.5,
System_Failure,rf_19_raw_window,42,2,35,35,1,2,17,26,0,0.20666666666666667,0,0.5,
System_Failure,rf_19_raw_window,42,2,35,35,1,2,18,27,0,0.22,0,0.5,
System_Failure,rf_19_raw_window,42,2,35,35,1,2,19,28,0,0.2,0,0.5,
System_Failure,rf_19_raw_window,42,2,36,36,1,2,0,9,1,0.31666666666666665,0,0.5,
System_Failure,rf_19_raw_window,42,2,36,36,1,2,1,10,1,0.19666666666666666,0,0.5,
System_Failure,rf_19_raw_window,42,2,36,36,1,2,2,11,1,0.3333333333333333,0,0.5,
System_Failure,rf_19_raw_window,42,2,36,36,1,2,3,12,1,0.33666666666666667,0,0.5,
System_Failure,rf_19_raw_window,42,2,36,36,1,2,4,13,1,0.27666666666666667,0,0.5,
System_Failure,rf_19_raw_window,42,2,36,36,1,2,5,14,0,0.12333333333333334,0,0.5,
System_Failure,rf_19_raw_window,42,2,36,36,1,2,6,15,0,0.15333333333333332,0,0.5,
System_Failure,rf_19_raw_window,42,2,36,36,1,2,7,16,0,0.14,0,0.5,
System_Failure,rf_19_raw_window,42,2,36,36,1,2,8,17,0,0.22333333333333333,0,0.5,
System_Failure,rf_19_raw_window,42,2,36,36,1,2,9,18,0,0.38,0,0.5,
System_Failure,rf_19_raw_window,42,2,36,36,1,2,10,19,0,0.61,1,0.5,
System_Failure,rf_19_raw_window,42,2,36,36,1,2,11,20,1,0.6066666666666667,1,0.5,
System_Failure,rf_19_raw_window,42,2,36,36,1,2,12,21,1,0.52,1,0.5,
System_Failure,rf_19_raw_window,42,2,36,36,1,2,13,22,1,0.61,1,0.5,
System_Failure,rf_19_raw_window,42,2,36,36,1,2,14,23,1,0.7866666666666666,1,0.5,
System_Failure,rf_19_raw_window,42,2,36,36,1,2,15,24,1,0.79,1,0.5,
System_Failure,rf_19_raw_window,42,2,36,36,1,2,16,25,1,0.8633333333333333,1,0.5,
System_Failure,rf_19_raw_window,42,2,36,36,1,2,17,26,1,0.86,1,0.5,
System_Failure,rf_19_raw_window,42,2,36,36,1,2,18,27,1,0.8666666666666667,1,0.5,
System_Failure,rf_19_raw_window,42,2,36,36,1,2,19,28,1,0.8566666666666667,1,0.5,
System_Failure,rf_19_raw_window,42,2,36,36,1,2,20,29,1,0.8633333333333333,1,0.5,
System_Failure,rf_19_raw_window,42,2,36,36,1,2,21,30,1,0.8666666666666667,1,0.5,
System_Failure,rf_19_raw_window,42,2,36,36,1,2,22,31,1,0.8533333333333334,1,0.5,
System_Failure,rf_19_raw_window,42,2,36,36,1,2,23,32,1,0.7966666666666666,1,0.5,
System_Failure,rf_19_raw_window,42,2,37,37,1,2,0,9,0,0.05,0,0.5,
System_Failure,rf_19_raw_window,42,2,37,37,1,2,1,10,0,0.06,0,0.5,
System_Failure,rf_19_raw_window,42,2,37,37,1,2,2,11,0,0.08666666666666667,0,0.5,
System_Failure,rf_19_raw_window,42,2,37,37,1,2,3,12,0,0.07333333333333333,0,0.5,
System_Failure,rf_19_raw_window,42,2,37,37,1,2,4,13,0,0.05333333333333334,0,0.5,
System_Failure,rf_19_raw_window,42,2,37,37,1,2,5,14,0,0.07,0,0.5,
System_Failure,rf_19_raw_window,42,2,37,37,1,2,6,15,0,0.21,0,0.5,
System_Failure,rf_19_raw_window,42,2,37,37,1,2,7,16,0,0.24333333333333335,0,0.5,
System_Failure,rf_19_raw_window,42,2,37,37,1,2,8,17,0,0.21333333333333335,0,0.5,
System_Failure,rf_19_raw_window,42,2,37,37,1,2,9,18,0,0.17333333333333334,0,0.5,
System_Failure,rf_19_raw_window,42,2,37,37,1,2,10,19,0,0.11333333333333333,0,0.5,
System_Failure,rf_19_raw_window,42,2,37,37,1,2,11,20,0,0.04,0,0.5,
System_Failure,rf_19_raw_window,42,2,37,37,1,2,12,21,0,0.03333333333333333,0,0.5,
System_Failure,rf_19_raw_window,42,2,37,37,1,2,13,22,0,0.04,0,0.5,
System_Failure,rf_19_raw_window,42,2,37,37,1,2,14,23,0,0.056666666666666664,0,0.5,
System_Failure,rf_19_raw_window,42,2,38,38,1,2,0,9,0,0.06666666666666667,0,0.5,
System_Failure,rf_19_raw_window,42,2,38,38,1,2,1,10,0,0.04,0,0.5,
System_Failure,rf_19_raw_window,42,2,38,38,1,2,2,11,0,0.02666666666666667,0,0.5,
System_Failure,rf_19_raw_window,42,2,38,38,1,2,3,12,0,0.03666666666666667,0,0.5,
System_Failure,rf_19_raw_window,42,2,38,38,1,2,4,13,0,0.09333333333333334,0,0.5,
System_Failure,rf_19_raw_window,42,2,38,38,1,2,5,14,0,0.19,0,0.5,
System_Failure,rf_19_raw_window,42,2,38,38,1,2,6,15,0,0.2,0,0.5,
System_Failure,rf_19_raw_window,42,2,38,38,1,2,7,16,0,0.22333333333333333,0,0.5,
System_Failure,rf_19_raw_window,42,2,38,38,1,2,8,17,0,0.15666666666666668,0,0.5,
System_Failure,rf_19_raw_window,42,2,38,38,1,2,9,18,0,0.01,0,0.5,
System_Failure,rf_19_raw_window,42,2,38,38,1,2,10,19,0,0.006666666666666667,0,0.5,
System_Failure,rf_19_raw_window,42,2,38,38,1,2,11,20,0,0.02,0,0.5,
System_Failure,rf_19_raw_window,42,2,38,38,1,2,12,21,0,0.0,0,0.5,
System_Failure,rf_19_raw_window,42,2,38,38,1,2,13,22,0,0.02666666666666667,0,0.5,
System_Failure,rf_19_raw_window,42,2,38,38,1,2,14,23,0,0.02,0,0.5,
System_Failure,rf_19_raw_window,42,2,39,39,1,2,0,9,1,0.37333333333333335,0,0.5,
System_Failure,rf_19_raw_window,42,2,39,39,1,2,1,10,1,0.39666666666666667,0,0.5,
System_Failure,rf_19_raw_window,42,2,39,39,1,2,2,11,1,0.6266666666666667,1,0.5,
System_Failure,rf_19_raw_window,42,2,39,39,1,2,3,12,1,0.64,1,0.5,
System_Failure,rf_19_raw_window,42,2,39,39,1,2,4,13,1,0.47333333333333333,0,0.5,
System_Failure,rf_19_raw_window,42,2,39,39,1,2,5,14,0,0.26,0,0.5,
System_Failure,rf_19_raw_window,42,2,39,39,1,2,6,15,0,0.19333333333333333,0,0.5,
System_Failure,rf_19_raw_window,42,2,39,39,1,2,7,16,1,0.22666666666666666,0,0.5,
System_Failure,rf_19_raw_window,42,2,39,39,1,2,8,17,1,0.5633333333333334,1,0.5,
System_Failure,rf_19_raw_window,42,2,39,39,1,2,9,18,1,0.6066666666666667,1,0.5,
System_Failure,rf_19_raw_window,42,2,39,39,1,2,10,19,1,0.68,1,0.5,
System_Failure,rf_19_raw_window,42,2,39,39,1,2,11,20,1,0.6533333333333333,1,0.5,
System_Failure,rf_19_raw_window,42,2,39,39,1,2,12,21,1,0.6566666666666666,1,0.5,
System_Failure,rf_19_raw_window,42,2,39,39,1,2,13,22,1,0.6033333333333334,1,0.5,
System_Failure,rf_19_raw_window,42,2,39,39,1,2,14,23,1,0.6433333333333333,1,0.5,
System_Failure,rf_19_raw_window,42,2,40,40,1,2,0,9,0,0.4633333333333333,0,0.5,
System_Failure,rf_19_raw_window,42,2,40,40,1,2,1,10,0,0.47,0,0.5,
System_Failure,rf_19_raw_window,42,2,40,40,1,2,2,11,0,0.37666666666666665,0,0.5,
System_Failure,rf_19_raw_window,42,2,40,40,1,2,3,12,0,0.53,1,0.5,
System_Failure,rf_19_raw_window,42,2,40,40,1,2,4,13,0,0.2733333333333333,0,0.5,
System_Failure,rf_19_raw_window,42,2,40,40,1,2,5,14,0,0.28,0,0.5,
System_Failure,rf_19_raw_window,42,2,40,40,1,2,6,15,0,0.29,0,0.5,
System_Failure,rf_19_raw_window,42,2,40,40,1,2,7,16,0,0.4033333333333333,0,0.5,
System_Failure,rf_19_raw_window,42,2,40,40,1,2,8,17,0,0.42,0,0.5,
System_Failure,rf_19_raw_window,42,2,40,40,1,2,9,18,1,0.5033333333333333,1,0.5,
System_Failure,rf_19_raw_window,42,2,40,40,1,2,10,19,1,0.5,0,0.5,
System_Failure,rf_19_raw_window,42,2,40,40,1,2,11,20,1,0.47333333333333333,0,0.5,
System_Failure,rf_19_raw_window,42,2,40,40,1,2,12,21,1,0.5233333333333333,1,0.5,
System_Failure,rf_19_raw_window,42,2,40,40,1,2,13,22,1,0.5066666666666667,1,0.5,
System_Failure,rf_19_raw_window,42,2,40,40,1,2,14,23,1,0.55,1,0.5,
System_Failure,rf_19_raw_window,42,2,40,40,1,2,15,24,1,0.5166666666666667,1,0.5,
System_Failure,rf_19_raw_window,42,2,40,40,1,2,16,25,1,0.4666666666666667,0,0.5,
System_Failure,rf_19_raw_window,42,2,40,40,1,2,17,26,1,0.6533333333333333,1,0.5,
System_Failure,rf_19_raw_window,42,2,40,40,1,2,18,27,1,0.7533333333333333,1,0.5,
System_Failure,rf_19_raw_window,42,2,40,40,1,2,19,28,1,0.69,1,0.5,
System_Failure,rf_19_raw_window,42,2,41,41,1,2,0,9,0,0.013333333333333334,0,0.5,
System_Failure,rf_19_raw_window,42,2,41,41,1,2,1,10,0,0.13,0,0.5,
System_Failure,rf_19_raw_window,42,2,41,41,1,2,2,11,0,0.016666666666666666,0,0.5,
System_Failure,rf_19_raw_window,42,2,41,41,1,2,3,12,0,0.02,0,0.5,
System_Failure,rf_19_raw_window,42,2,41,41,1,2,4,13,0,0.03,0,0.5,
System_Failure,rf_19_raw_window,42,2,41,41,1,2,5,14,0,0.09,0,0.5,
System_Failure,rf_19_raw_window,42,2,41,41,1,2,6,15,0,0.07333333333333333,0,0.5,
System_Failure,rf_19_raw_window,42,2,41,41,1,2,7,16,0,0.13333333333333333,0,0.5,
System_Failure,rf_19_raw_window,42,2,41,41,1,2,8,17,0,0.17666666666666667,0,0.5,
System_Failure,rf_19_raw_window,42,2,41,41,1,2,9,18,0,0.04,0,0.5,
System_Failure,rf_19_raw_window,42,2,41,41,1,2,10,19,0,0.06,0,0.5,
System_Failure,rf_19_raw_window,42,2,41,41,1,2,11,20,0,0.043333333333333335,0,0.5,
System_Failure,rf_19_raw_window,42,2,41,41,1,2,12,21,0,0.03666666666666667,0,0.5,
System_Failure,rf_19_raw_window,42,2,41,41,1,2,13,22,0,0.056666666666666664,0,0.5,
System_Failure,rf_19_raw_window,42,2,41,41,1,2,14,23,0,0.056666666666666664,0,0.5,
System_Failure,rf_19_raw_window,42,2,42,42,1,2,0,9,1,0.7733333333333333,1,0.5,
System_Failure,rf_19_raw_window,42,2,42,42,1,2,1,10,1,0.75,1,0.5,
System_Failure,rf_19_raw_window,42,2,42,42,1,2,2,11,1,0.7533333333333333,1,0.5,
System_Failure,rf_19_raw_window,42,2,42,42,1,2,3,12,1,0.7833333333333333,1,0.5,
System_Failure,rf_19_raw_window,42,2,42,42,1,2,4,13,1,0.8033333333333333,1,0.5,
System_Failure,rf_19_raw_window,42,2,42,42,1,2,5,14,1,0.54,1,0.5,
System_Failure,rf_19_raw_window,42,2,42,42,1,2,6,15,1,0.57,1,0.5,
System_Failure,rf_19_raw_window,42,2,42,42,1,2,7,16,1,0.5933333333333334,1,0.5,
System_Failure,rf_19_raw_window,42,2,42,42,1,2,8,17,1,0.6766666666666666,1,0.5,
System_Failure,rf_19_raw_window,42,2,42,42,1,2,9,18,1,0.67,1,0.5,
System_Failure,rf_19_raw_window,42,2,42,42,1,2,10,19,1,0.68,1,0.5,
System_Failure,rf_19_raw_window,42,2,42,42,1,2,11,20,1,0.61,1,0.5,
System_Failure,rf_19_raw_window,42,2,42,42,1,2,12,21,1,0.62,1,0.5,
System_Failure,rf_19_raw_window,42,2,42,42,1,2,13,22,1,0.6533333333333333,1,0.5,
System_Failure,rf_19_raw_window,42,2,42,42,1,2,14,23,1,0.6366666666666667,1,0.5,
System_Failure,rf_19_raw_window,42,2,42,42,1,2,15,24,1,0.63,1,0.5,
System_Failure,rf_19_raw_window,42,2,42,42,1,2,16,25,1,0.67,1,0.5,
System_Failure,rf_19_raw_window,42,2,42,42,1,2,17,26,1,0.5333333333333333,1,0.5,
System_Failure,rf_19_raw_window,42,2,42,42,1,2,18,27,1,0.5866666666666667,1,0.5,
System_Failure,rf_19_raw_window,42,2,42,42,1,2,19,28,1,0.59,1,0.5,
System_Failure,rf_19_raw_window,42,2,42,42,1,2,20,29,1,0.6,1,0.5,
System_Failure,rf_19_raw_window,42,2,42,42,1,2,21,30,1,0.6,1,0.5,
System_Failure,rf_19_raw_window,42,2,42,42,1,2,22,31,1,0.6333333333333333,1,0.5,
System_Failure,rf_19_raw_window,42,2,42,42,1,2,23,32,1,0.67,1,0.5,
System_Failure,rf_19_raw_window,42,2,42,42,1,2,24,33,1,0.6933333333333334,1,0.5,
System_Failure,rf_19_raw_window,42,2,42,42,1,2,25,34,1,0.67,1,0.5,
System_Failure,rf_19_raw_window,42,2,42,42,1,2,26,35,1,0.7733333333333333,1,0.5,
System_Failure,rf_19_raw_window,42,2,42,42,1,2,27,36,1,0.71,1,0.5,
System_Failure,rf_19_raw_window,42,2,42,42,1,2,28,37,1,0.71,1,0.5,
System_Failure,rf_19_raw_window,42,2,42,42,1,2,29,38,0,0.7233333333333334,1,0.5,
System_Failure,rf_19_raw_window,42,2,42,42,1,2,30,39,0,0.7433333333333333,1,0.5,
System_Failure,rf_19_raw_window,42,2,42,42,1,2,31,40,0,0.7633333333333333,1,0.5,
System_Failure,rf_19_raw_window,42,2,42,42,1,2,32,41,0,0.75,1,0.5,
System_Failure,rf_19_raw_window,42,2,42,42,1,2,33,42,0,0.7066666666666667,1,0.5,
System_Failure,rf_19_raw_window,42,2,42,42,1,2,34,43,0,0.6533333333333333,1,0.5,
System_Failure,rf_19_raw_window,42,2,42,42,1,2,35,44,0,0.5666666666666667,1,0.5,
System_Failure,rf_19_raw_window,42,2,42,42,1,2,36,45,0,0.57,1,0.5,
System_Failure,rf_19_raw_window,42,2,42,42,1,2,37,46,0,0.58,1,0.5,
System_Failure,rf_19_raw_window,42,2,42,42,1,2,38,47,0,0.5733333333333334,1,0.5,
System_Failure,rf_19_raw_window,42,2,42,42,1,2,39,48,0,0.58,1,0.5,
System_Failure,rf_19_raw_window,42,2,42,42,1,2,40,49,0,0.5633333333333334,1,0.5,
System_Failure,rf_19_raw_window,42,2,42,42,1,2,41,50,0,0.55,1,0.5,
System_Failure,rf_19_raw_window,42,2,42,42,1,2,42,51,0,0.5433333333333333,1,0.5,
System_Failure,rf_19_raw_window,42,2,42,42,1,2,43,52,0,0.5833333333333334,1,0.5,
System_Failure,rf_19_raw_window,42,2,42,42,1,2,44,53,0,0.7866666666666666,1,0.5,
System_Failure,rf_19_raw_window,42,2,42,42,1,2,45,54,0,0.7866666666666666,1,0.5,
System_Failure,rf_19_raw_window,42,2,42,42,1,2,46,55,0,0.7766666666666666,1,0.5,
System_Failure,rf_19_raw_window,42,2,42,42,1,2,47,56,0,0.77,1,0.5,
System_Failure,rf_19_raw_window,42,2,42,42,1,2,48,57,0,0.77,1,0.5,
System_Failure,rf_19_raw_window,42,2,42,42,1,2,49,58,0,0.75,1,0.5,
System_Failure,rf_19_raw_window,42,2,42,42,1,2,50,59,0,0.7733333333333333,1,0.5,
System_Failure,rf_19_raw_window,42,2,42,42,1,2,51,60,0,0.7466666666666667,1,0.5,
System_Failure,rf_19_raw_window,42,2,42,42,1,2,52,61,0,0.7666666666666667,1,0.5,
System_Failure,rf_19_raw_window,42,2,42,42,1,2,53,62,0,0.8033333333333333,1,0.5,
System_Failure,rf_19_raw_window,42,2,42,42,1,2,54,63,0,0.8033333333333333,1,0.5,
System_Failure,rf_19_raw_window,42,2,42,42,1,2,55,64,0,0.8033333333333333,1,0.5,
System_Failure,rf_19_raw_window,42,2,42,42,1,2,56,65,0,0.81,1,0.5,
System_Failure,rf_19_raw_window,42,2,42,42,1,2,57,66,0,0.7433333333333333,1,0.5,
System_Failure,rf_19_raw_window,42,2,42,42,1,2,58,67,0,0.7933333333333333,1,0.5,
System_Failure,rf_19_raw_window,42,2,42,42,1,2,59,68,0,0.69,1,0.5,
System_Failure,rf_19_raw_window,42,2,42,42,1,2,60,69,0,0.7066666666666667,1,0.5,
System_Failure,rf_19_raw_window,42,2,42,42,1,2,61,70,0,0.6866666666666666,1,0.5,
System_Failure,rf_19_raw_window,42,2,42,42,1,2,62,71,0,0.67,1,0.5,
System_Failure,rf_19_raw_window,42,2,42,42,1,2,63,72,0,0.7,1,0.5,
System_Failure,rf_19_raw_window,42,2,42,42,1,2,64,73,0,0.6566666666666666,1,0.5,
System_Failure,rf_19_raw_window,42,2,42,42,1,2,65,74,0,0.6433333333333333,1,0.5,
System_Failure,rf_19_raw_window,42,2,42,42,1,2,66,75,0,0.5633333333333334,1,0.5,
System_Failure,rf_19_raw_window,42,2,42,42,1,2,67,76,0,0.5366666666666666,1,0.5,
System_Failure,rf_19_raw_window,42,2,42,42,1,2,68,77,0,0.5466666666666666,1,0.5,
System_Failure,rf_19_raw_window,42,2,42,42,1,2,69,78,0,0.59,1,0.5,
System_Failure,rf_19_raw_window,42,2,42,42,1,2,70,79,0,0.61,1,0.5,
System_Failure,rf_19_raw_window,42,2,43,43,1,2,0,9,0,0.07666666666666666,0,0.5,
System_Failure,rf_19_raw_window,42,2,43,43,1,2,1,10,0,0.06666666666666667,0,0.5,
System_Failure,rf_19_raw_window,42,2,43,43,1,2,2,11,0,0.043333333333333335,0,0.5,
System_Failure,rf_19_raw_window,42,2,43,43,1,2,3,12,0,0.056666666666666664,0,0.5,
System_Failure,rf_19_raw_window,42,2,43,43,1,2,4,13,0,0.12666666666666668,0,0.5,
System_Failure,rf_19_raw_window,42,2,43,43,1,2,5,14,0,0.056666666666666664,0,0.5,
System_Failure,rf_19_raw_window,42,2,43,43,1,2,6,15,0,0.05333333333333334,0,0.5,
System_Failure,rf_19_raw_window,42,2,43,43,1,2,7,16,0,0.05333333333333334,0,0.5,
System_Failure,rf_19_raw_window,42,2,43,43,1,2,8,17,0,0.03666666666666667,0,0.5,
System_Failure,rf_19_raw_window,42,2,43,43,1,2,9,18,0,0.03666666666666667,0,0.5,
System_Failure,rf_19_raw_window,42,2,43,43,1,2,10,19,0,0.04,0,0.5,
System_Failure,rf_19_raw_window,42,2,43,43,1,2,11,20,0,0.07,0,0.5,
System_Failure,rf_19_raw_window,42,2,43,43,1,2,12,21,0,0.056666666666666664,0,0.5,
System_Failure,rf_19_raw_window,42,2,43,43,1,2,13,22,0,0.05,0,0.5,
System_Failure,rf_19_raw_window,42,2,43,43,1,2,14,23,0,0.06,0,0.5,
System_Failure,rf_19_raw_window,42,2,44,44,1,2,0,9,0,0.07666666666666666,0,0.5,
System_Failure,rf_19_raw_window,42,2,44,44,1,2,1,10,0,0.03666666666666667,0,0.5,
System_Failure,rf_19_raw_window,42,2,44,44,1,2,2,11,0,0.06,0,0.5,
System_Failure,rf_19_raw_window,42,2,44,44,1,2,3,12,0,0.04666666666666667,0,0.5,
System_Failure,rf_19_raw_window,42,2,44,44,1,2,4,13,0,0.14,0,0.5,
System_Failure,rf_19_raw_window,42,2,44,44,1,2,5,14,0,0.08,0,0.5,
System_Failure,rf_19_raw_window,42,2,44,44,1,2,6,15,0,0.08333333333333333,0,0.5,
System_Failure,rf_19_raw_window,42,2,44,44,1,2,7,16,0,0.10333333333333333,0,0.5,
System_Failure,rf_19_raw_window,42,2,44,44,1,2,8,17,0,0.09,0,0.5,
System_Failure,rf_19_raw_window,42,2,44,44,1,2,9,18,0,0.02666666666666667,0,0.5,
System_Failure,rf_19_raw_window,42,2,44,44,1,2,10,19,0,0.013333333333333334,0,0.5,
System_Failure,rf_19_raw_window,42,2,44,44,1,2,11,20,0,0.016666666666666666,0,0.5,
System_Failure,rf_19_raw_window,42,2,44,44,1,2,12,21,0,0.02666666666666667,0,0.5,
System_Failure,rf_19_raw_window,42,2,44,44,1,2,13,22,0,0.05,0,0.5,
System_Failure,rf_19_raw_window,42,2,44,44,1,2,14,23,0,0.043333333333333335,0,0.5,
System_Failure,rf_19_raw_window,42,2,45,45,1,2,0,9,0,0.12666666666666668,0,0.5,
System_Failure,rf_19_raw_window,42,2,45,45,1,2,1,10,0,0.2966666666666667,0,0.5,
System_Failure,rf_19_raw_window,42,2,45,45,1,2,2,11,0,0.023333333333333334,0,0.5,
System_Failure,rf_19_raw_window,42,2,45,45,1,2,3,12,0,0.02666666666666667,0,0.5,
System_Failure,rf_19_raw_window,42,2,45,45,1,2,4,13,0,0.11333333333333333,0,0.5,
System_Failure,rf_19_raw_window,42,2,45,45,1,2,5,14,0,0.05333333333333334,0,0.5,
System_Failure,rf_19_raw_window,42,2,45,45,1,2,6,15,0,0.013333333333333334,0,0.5,
System_Failure,rf_19_raw_window,42,2,45,45,1,2,7,16,0,0.02666666666666667,0,0.5,
System_Failure,rf_19_raw_window,42,2,45,45,1,2,8,17,0,0.016666666666666666,0,0.5,
System_Failure,rf_19_raw_window,42,2,45,45,1,2,9,18,0,0.023333333333333334,0,0.5,
System_Failure,rf_19_raw_window,42,2,45,45,1,2,10,19,0,0.013333333333333334,0,0.5,
System_Failure,rf_19_raw_window,42,2,45,45,1,2,11,20,0,0.016666666666666666,0,0.5,
System_Failure,rf_19_raw_window,42,2,45,45,1,2,12,21,0,0.023333333333333334,0,0.5,
System_Failure,rf_19_raw_window,42,2,45,45,1,2,13,22,0,0.02,0,0.5,
System_Failure,rf_19_raw_window,42,2,45,45,1,2,14,23,0,0.043333333333333335,0,0.5,
System_Failure,rf_19_raw_window,42,2,48,48,1,2,0,9,0,0.12333333333333334,0,0.5,
System_Failure,rf_19_raw_window,42,2,48,48,1,2,1,10,0,0.056666666666666664,0,0.5,
System_Failure,rf_19_raw_window,42,2,48,48,1,2,2,11,0,0.05333333333333334,0,0.5,
System_Failure,rf_19_raw_window,42,2,48,48,1,2,3,12,0,0.0033333333333333335,0,0.5,
System_Failure,rf_19_raw_window,42,2,48,48,1,2,4,13,0,0.023333333333333334,0,0.5,
System_Failure,rf_19_raw_window,42,2,48,48,1,2,5,14,0,0.08666666666666667,0,0.5,
System_Failure,rf_19_raw_window,42,2,48,48,1,2,6,15,0,0.11,0,0.5,
System_Failure,rf_19_raw_window,42,2,48,48,1,2,7,16,0,0.18666666666666668,0,0.5,
System_Failure,rf_19_raw_window,42,2,48,48,1,2,8,17,0,0.02,0,0.5,
System_Failure,rf_19_raw_window,42,2,48,48,1,2,9,18,0,0.04,0,0.5,
System_Failure,rf_19_raw_window,42,2,48,48,1,2,10,19,0,0.03666666666666667,0,0.5,
System_Failure,rf_19_raw_window,42,2,48,48,1,2,11,20,0,0.03,0,0.5,
System_Failure,rf_19_raw_window,42,2,48,48,1,2,12,21,0,0.02,0,0.5,
System_Failure,rf_19_raw_window,42,2,48,48,1,2,13,22,0,0.023333333333333334,0,0.5,
System_Failure,rf_19_raw_window,42,2,48,48,1,2,14,23,0,0.03,0,0.5,
System_Failure,rf_19_raw_window,42,2,49,49,1,2,0,9,0,0.09,0,0.5,
System_Failure,rf_19_raw_window,42,2,49,49,1,2,1,10,0,0.12,0,0.5,
System_Failure,rf_19_raw_window,42,2,49,49,1,2,2,11,0,0.1,0,0.5,
System_Failure,rf_19_raw_window,42,2,49,49,1,2,3,12,0,0.04666666666666667,0,0.5,
System_Failure,rf_19_raw_window,42,2,49,49,1,2,4,13,0,0.11,0,0.5,
System_Failure,rf_19_raw_window,42,2,49,49,1,2,5,14,0,0.03666666666666667,0,0.5,
System_Failure,rf_19_raw_window,42,2,49,49,1,2,6,15,0,0.016666666666666666,0,0.5,
System_Failure,rf_19_raw_window,42,2,49,49,1,2,7,16,0,0.02666666666666667,0,0.5,
System_Failure,rf_19_raw_window,42,2,49,49,1,2,8,17,0,0.17333333333333334,0,0.5,
System_Failure,rf_19_raw_window,42,2,49,49,1,2,9,18,0,0.09,0,0.5,
System_Failure,rf_19_raw_window,42,2,49,49,1,2,10,19,0,0.07666666666666666,0,0.5,
System_Failure,rf_19_raw_window,42,2,49,49,1,2,11,20,0,0.09,0,0.5,
System_Failure,rf_19_raw_window,42,2,49,49,1,2,12,21,0,0.11666666666666667,0,0.5,
System_Failure,rf_19_raw_window,42,2,49,49,1,2,13,22,0,0.13,0,0.5,
System_Failure,rf_19_raw_window,42,2,49,49,1,2,14,23,0,0.15,0,0.5,
System_Failure,rf_19_raw_window,42,2,50,50,1,2,0,9,0,0.12666666666666668,0,0.5,
System_Failure,rf_19_raw_window,42,2,50,50,1,2,1,10,0,0.08333333333333333,0,0.5,
System_Failure,rf_19_raw_window,42,2,50,50,1,2,2,11,0,0.08333333333333333,0,0.5,
System_Failure,rf_19_raw_window,42,2,50,50,1,2,3,12,0,0.05333333333333334,0,0.5,
System_Failure,rf_19_raw_window,42,2,50,50,1,2,4,13,0,0.15666666666666668,0,0.5,
System_Failure,rf_19_raw_window,42,2,50,50,1,2,5,14,0,0.14333333333333334,0,0.5,
System_Failure,rf_19_raw_window,42,2,50,50,1,2,6,15,0,0.056666666666666664,0,0.5,
System_Failure,rf_19_raw_window,42,2,50,50,1,2,7,16,0,0.08,0,0.5,
System_Failure,rf_19_raw_window,42,2,50,50,1,2,8,17,0,0.043333333333333335,0,0.5,
System_Failure,rf_19_raw_window,42,2,50,50,1,2,9,18,0,0.043333333333333335,0,0.5,
System_Failure,rf_19_raw_window,42,2,50,50,1,2,10,19,0,0.03,0,0.5,
System_Failure,rf_19_raw_window,42,2,50,50,1,2,11,20,0,0.01,0,0.5,
System_Failure,rf_19_raw_window,42,2,50,50,1,2,12,21,0,0.01,0,0.5,
System_Failure,rf_19_raw_window,42,2,50,50,1,2,13,22,0,0.01,0,0.5,
System_Failure,rf_19_raw_window,42,2,50,50,1,2,14,23,0,0.01,0,0.5,
System_Failure,rf_19_raw_window,42,3,51,51,1,3,0,9,0,0.09,0,0.5,
System_Failure,rf_19_raw_window,42,3,51,51,1,3,1,10,0,0.04,0,0.5,
System_Failure,rf_19_raw_window,42,3,51,51,1,3,2,11,0,0.06333333333333334,0,0.5,
System_Failure,rf_19_raw_window,42,3,51,51,1,3,3,12,0,0.05,0,0.5,
System_Failure,rf_19_raw_window,42,3,51,51,1,3,4,13,0,0.03333333333333333,0,0.5,
System_Failure,rf_19_raw_window,42,3,51,51,1,3,5,14,0,0.056666666666666664,0,0.5,
System_Failure,rf_19_raw_window,42,3,51,51,1,3,6,15,0,0.03666666666666667,0,0.5,
System_Failure,rf_19_raw_window,42,3,51,51,1,3,7,16,0,0.05,0,0.5,
System_Failure,rf_19_raw_window,42,3,51,51,1,3,8,17,0,0.03333333333333333,0,0.5,
System_Failure,rf_19_raw_window,42,3,51,51,1,3,9,18,0,0.05,0,0.5,
System_Failure,rf_19_raw_window,42,3,51,51,1,3,10,19,0,0.023333333333333334,0,0.5,
System_Failure,rf_19_raw_window,42,3,51,51,1,3,11,20,0,0.04666666666666667,0,0.5,
System_Failure,rf_19_raw_window,42,3,51,51,1,3,12,21,0,0.03666666666666667,0,0.5,
System_Failure,rf_19_raw_window,42,3,51,51,1,3,13,22,0,0.04,0,0.5,
System_Failure,rf_19_raw_window,42,3,51,51,1,3,14,23,0,0.11,0,0.5,
System_Failure,rf_19_raw_window,42,3,52,52,1,3,0,9,0,0.006666666666666667,0,0.5,
System_Failure,rf_19_raw_window,42,3,52,52,1,3,1,10,0,0.013333333333333334,0,0.5,
System_Failure,rf_19_raw_window,42,3,52,52,1,3,2,11,0,0.023333333333333334,0,0.5,
System_Failure,rf_19_raw_window,42,3,52,52,1,3,3,12,0,0.013333333333333334,0,0.5,
System_Failure,rf_19_raw_window,42,3,52,52,1,3,4,13,0,0.01,0,0.5,
System_Failure,rf_19_raw_window,42,3,52,52,1,3,5,14,0,0.07,0,0.5,
System_Failure,rf_19_raw_window,42,3,52,52,1,3,6,15,0,0.09666666666666666,0,0.5,
System_Failure,rf_19_raw_window,42,3,52,52,1,3,7,16,0,0.13333333333333333,0,0.5,
System_Failure,rf_19_raw_window,42,3,52,52,1,3,8,17,0,0.2966666666666667,0,0.5,
System_Failure,rf_19_raw_window,42,3,52,52,1,3,9,18,0,0.30333333333333334,0,0.5,
System_Failure,rf_19_raw_window,42,3,52,52,1,3,10,19,0,0.3566666666666667,0,0.5,
System_Failure,rf_19_raw_window,42,3,52,52,1,3,11,20,0,0.36,0,0.5,
System_Failure,rf_19_raw_window,42,3,52,52,1,3,12,21,0,0.38666666666666666,0,0.5,
System_Failure,rf_19_raw_window,42,3,52,52,1,3,13,22,0,0.2866666666666667,0,0.5,
System_Failure,rf_19_raw_window,42,3,52,52,1,3,14,23,0,0.3,0,0.5,
System_Failure,rf_19_raw_window,42,3,53,53,1,3,0,9,1,0.46,0,0.5,
System_Failure,rf_19_raw_window,42,3,53,53,1,3,1,10,1,0.5,0,0.5,
System_Failure,rf_19_raw_window,42,3,53,53,1,3,2,11,1,0.5166666666666667,1,0.5,
System_Failure,rf_19_raw_window,42,3,53,53,1,3,3,12,1,0.72,1,0.5,
System_Failure,rf_19_raw_window,42,3,53,53,1,3,4,13,1,0.8033333333333333,1,0.5,
System_Failure,rf_19_raw_window,42,3,53,53,1,3,5,14,1,0.6666666666666666,1,0.5,
System_Failure,rf_19_raw_window,42,3,53,53,1,3,6,15,1,0.6,1,0.5,
System_Failure,rf_19_raw_window,42,3,53,53,1,3,7,16,1,0.57,1,0.5,
System_Failure,rf_19_raw_window,42,3,53,53,1,3,8,17,1,0.57,1,0.5,
System_Failure,rf_19_raw_window,42,3,53,53,1,3,9,18,1,0.56,1,0.5,
System_Failure,rf_19_raw_window,42,3,53,53,1,3,10,19,1,0.5633333333333334,1,0.5,
System_Failure,rf_19_raw_window,42,3,53,53,1,3,11,20,1,0.5866666666666667,1,0.5,
System_Failure,rf_19_raw_window,42,3,53,53,1,3,12,21,1,0.6066666666666667,1,0.5,
System_Failure,rf_19_raw_window,42,3,53,53,1,3,13,22,1,0.6,1,0.5,
System_Failure,rf_19_raw_window,42,3,53,53,1,3,14,23,1,0.65,1,0.5,
System_Failure,rf_19_raw_window,42,3,53,53,1,3,15,24,0,0.5666666666666667,1,0.5,
System_Failure,rf_19_raw_window,42,3,53,53,1,3,16,25,0,0.6133333333333333,1,0.5,
System_Failure,rf_19_raw_window,42,3,53,53,1,3,17,26,0,0.5466666666666666,1,0.5,
System_Failure,rf_19_raw_window,42,3,53,53,1,3,18,27,0,0.5833333333333334,1,0.5,
System_Failure,rf_19_raw_window,42,3,53,53,1,3,19,28,0,0.62,1,0.5,
System_Failure,rf_19_raw_window,42,3,53,53,1,3,20,29,0,0.6333333333333333,1,0.5,
System_Failure,rf_19_raw_window,42,3,53,53,1,3,21,30,0,0.5566666666666666,1,0.5,
System_Failure,rf_19_raw_window,42,3,53,53,1,3,22,31,0,0.64,1,0.5,
System_Failure,rf_19_raw_window,42,3,53,53,1,3,23,32,0,0.5866666666666667,1,0.5,
System_Failure,rf_19_raw_window,42,3,53,53,1,3,24,33,0,0.5666666666666667,1,0.5,
System_Failure,rf_19_raw_window,42,3,53,53,1,3,25,34,0,0.6533333333333333,1,0.5,
System_Failure,rf_19_raw_window,42,3,53,53,1,3,26,35,0,0.6366666666666667,1,0.5,
System_Failure,rf_19_raw_window,42,3,53,53,1,3,27,36,0,0.68,1,0.5,
System_Failure,rf_19_raw_window,42,3,53,53,1,3,28,37,0,0.47333333333333333,0,0.5,
System_Failure,rf_19_raw_window,42,3,53,53,1,3,29,38,0,0.45,0,0.5,
System_Failure,rf_19_raw_window,42,3,53,53,1,3,30,39,0,0.35,0,0.5,
System_Failure,rf_19_raw_window,42,3,53,53,1,3,31,40,0,0.13666666666666666,0,0.5,
System_Failure,rf_19_raw_window,42,3,53,53,1,3,32,41,0,0.12,0,0.5,
System_Failure,rf_19_raw_window,42,3,53,53,1,3,33,42,0,0.08,0,0.5,
System_Failure,rf_19_raw_window,42,3,53,53,1,3,34,43,0,0.10666666666666667,0,0.5,
System_Failure,rf_19_raw_window,42,3,53,53,1,3,35,44,0,0.15333333333333332,0,0.5,
System_Failure,rf_19_raw_window,42,3,53,53,1,3,36,45,0,0.1,0,0.5,
System_Failure,rf_19_raw_window,42,3,53,53,1,3,37,46,0,0.05,0,0.5,
System_Failure,rf_19_raw_window,42,3,53,53,1,3,38,47,0,0.08333333333333333,0,0.5,
System_Failure,rf_19_raw_window,42,3,53,53,1,3,39,48,0,0.09333333333333334,0,0.5,
System_Failure,rf_19_raw_window,42,3,53,53,1,3,40,49,0,0.04666666666666667,0,0.5,
System_Failure,rf_19_raw_window,42,3,53,53,1,3,41,50,0,0.07666666666666666,0,0.5,
System_Failure,rf_19_raw_window,42,3,53,53,1,3,42,51,0,0.08666666666666667,0,0.5,
System_Failure,rf_19_raw_window,42,3,54,54,1,3,0,9,0,0.12333333333333334,0,0.5,
System_Failure,rf_19_raw_window,42,3,54,54,1,3,1,10,0,0.04666666666666667,0,0.5,
System_Failure,rf_19_raw_window,42,3,54,54,1,3,2,11,0,0.043333333333333335,0,0.5,
System_Failure,rf_19_raw_window,42,3,54,54,1,3,3,12,0,0.023333333333333334,0,0.5,
System_Failure,rf_19_raw_window,42,3,54,54,1,3,4,13,0,0.04666666666666667,0,0.5,
System_Failure,rf_19_raw_window,42,3,54,54,1,3,5,14,0,0.08666666666666667,0,0.5,
System_Failure,rf_19_raw_window,42,3,54,54,1,3,6,15,0,0.08333333333333333,0,0.5,
System_Failure,rf_19_raw_window,42,3,54,54,1,3,7,16,0,0.1,0,0.5,
System_Failure,rf_19_raw_window,42,3,54,54,1,3,8,17,0,0.14333333333333334,0,0.5,
System_Failure,rf_19_raw_window,42,3,54,54,1,3,9,18,0,0.05,0,0.5,
System_Failure,rf_19_raw_window,42,3,54,54,1,3,10,19,0,0.04666666666666667,0,0.5,
System_Failure,rf_19_raw_window,42,3,54,54,1,3,11,20,0,0.03,0,0.5,
System_Failure,rf_19_raw_window,42,3,54,54,1,3,12,21,0,0.016666666666666666,0,0.5,
System_Failure,rf_19_raw_window,42,3,54,54,1,3,13,22,0,0.006666666666666667,0,0.5,
System_Failure,rf_19_raw_window,42,3,54,54,1,3,14,23,0,0.006666666666666667,0,0.5,
System_Failure,rf_19_raw_window,42,3,55,55,1,3,0,9,0,0.07,0,0.5,
System_Failure,rf_19_raw_window,42,3,55,55,1,3,1,10,0,0.006666666666666667,0,0.5,
System_Failure,rf_19_raw_window,42,3,55,55,1,3,2,11,0,0.04,0,0.5,
System_Failure,rf_19_raw_window,42,3,55,55,1,3,3,12,0,0.02,0,0.5,
System_Failure,rf_19_raw_window,42,3,55,55,1,3,4,13,0,0.19666666666666666,0,0.5,
System_Failure,rf_19_raw_window,42,3,55,55,1,3,5,14,0,0.11,0,0.5,
System_Failure,rf_19_raw_window,42,3,55,55,1,3,6,15,0,0.1,0,0.5,
System_Failure,rf_19_raw_window,42,3,55,55,1,3,7,16,0,0.14333333333333334,0,0.5,
System_Failure,rf_19_raw_window,42,3,55,55,1,3,8,17,0,0.14333333333333334,0,0.5,
System_Failure,rf_19_raw_window,42,3,55,55,1,3,9,18,0,0.03,0,0.5,
System_Failure,rf_19_raw_window,42,3,55,55,1,3,10,19,0,0.013333333333333334,0,0.5,
System_Failure,rf_19_raw_window,42,3,55,55,1,3,11,20,0,0.006666666666666667,0,0.5,
System_Failure,rf_19_raw_window,42,3,55,55,1,3,12,21,0,0.016666666666666666,0,0.5,
System_Failure,rf_19_raw_window,42,3,55,55,1,3,13,22,0,0.013333333333333334,0,0.5,
System_Failure,rf_19_raw_window,42,3,55,55,1,3,14,23,0,0.02,0,0.5,
System_Failure,rf_19_raw_window,42,3,56,56,1,3,0,9,0,0.02,0,0.5,
System_Failure,rf_19_raw_window,42,3,56,56,1,3,1,10,0,0.043333333333333335,0,0.5,
System_Failure,rf_19_raw_window,42,3,56,56,1,3,2,11,0,0.023333333333333334,0,0.5,
System_Failure,rf_19_raw_window,42,3,56,56,1,3,3,12,0,0.013333333333333334,0,0.5,
System_Failure,rf_19_raw_window,42,3,56,56,1,3,4,13,0,0.02,0,0.5,
System_Failure,rf_19_raw_window,42,3,56,56,1,3,5,14,0,0.06666666666666667,0,0.5,
System_Failure,rf_19_raw_window,42,3,56,56,1,3,6,15,0,0.043333333333333335,0,0.5,
System_Failure,rf_19_raw_window,42,3,56,56,1,3,7,16,0,0.08,0,0.5,
System_Failure,rf_19_raw_window,42,3,56,56,1,3,8,17,0,0.09333333333333334,0,0.5,
System_Failure,rf_19_raw_window,42,3,56,56,1,3,9,18,0,0.12666666666666668,0,0.5,
System_Failure,rf_19_raw_window,42,3,56,56,1,3,10,19,0,0.03666666666666667,0,0.5,
System_Failure,rf_19_raw_window,42,3,56,56,1,3,11,20,0,0.06333333333333334,0,0.5,
System_Failure,rf_19_raw_window,42,3,56,56,1,3,12,21,0,0.03,0,0.5,
System_Failure,rf_19_raw_window,42,3,56,56,1,3,13,22,0,0.03,0,0.5,
System_Failure,rf_19_raw_window,42,3,56,56,1,3,14,23,0,0.043333333333333335,0,0.5,
System_Failure,rf_19_raw_window,42,3,57,57,1,3,0,9,0,0.023333333333333334,0,0.5,
System_Failure,rf_19_raw_window,42,3,57,57,1,3,1,10,0,0.02666666666666667,0,0.5,
System_Failure,rf_19_raw_window,42,3,57,57,1,3,2,11,0,0.02,0,0.5,
System_Failure,rf_19_raw_window,42,3,57,57,1,3,3,12,0,0.05333333333333334,0,0.5,
System_Failure,rf_19_raw_window,42,3,57,57,1,3,4,13,0,0.06333333333333334,0,0.5,
System_Failure,rf_19_raw_window,42,3,57,57,1,3,5,14,0,0.25333333333333335,0,0.5,
System_Failure,rf_19_raw_window,42,3,57,57,1,3,6,15,0,0.4533333333333333,0,0.5,
System_Failure,rf_19_raw_window,42,3,57,57,1,3,7,16,0,0.26666666666666666,0,0.5,
System_Failure,rf_19_raw_window,42,3,57,57,1,3,8,17,0,0.043333333333333335,0,0.5,
System_Failure,rf_19_raw_window,42,3,57,57,1,3,9,18,0,0.06666666666666667,0,0.5,
System_Failure,rf_19_raw_window,42,3,57,57,1,3,10,19,0,0.06,0,0.5,
System_Failure,rf_19_raw_window,42,3,57,57,1,3,11,20,0,0.08333333333333333,0,0.5,
System_Failure,rf_19_raw_window,42,3,57,57,1,3,12,21,0,0.08,0,0.5,
System_Failure,rf_19_raw_window,42,3,57,57,1,3,13,22,0,0.08,0,0.5,
System_Failure,rf_19_raw_window,42,3,57,57,1,3,14,23,0,0.17,0,0.5,
System_Failure,rf_19_raw_window,42,3,57,57,1,3,15,24,0,0.15666666666666668,0,0.5,
System_Failure,rf_19_raw_window,42,3,57,57,1,3,16,25,0,0.35333333333333333,0,0.5,
System_Failure,rf_19_raw_window,42,3,57,57,1,3,17,26,0,0.4,0,0.5,
System_Failure,rf_19_raw_window,42,3,57,57,1,3,18,27,0,0.39,0,0.5,
System_Failure,rf_19_raw_window,42,3,57,57,1,3,19,28,0,0.49,0,0.5,
System_Failure,rf_19_raw_window,42,3,57,57,1,3,20,29,0,0.5333333333333333,1,0.5,
System_Failure,rf_19_raw_window,42,3,57,57,1,3,21,30,0,0.5133333333333333,1,0.5,
System_Failure,rf_19_raw_window,42,3,57,57,1,3,22,31,0,0.5066666666666667,1,0.5,
System_Failure,rf_19_raw_window,42,3,57,57,1,3,23,32,0,0.22666666666666666,0,0.5,
System_Failure,rf_19_raw_window,42,3,57,57,1,3,24,33,0,0.11666666666666667,0,0.5,
System_Failure,rf_19_raw_window,42,3,57,57,1,3,25,34,0,0.1,0,0.5,
System_Failure,rf_19_raw_window,42,3,57,57,1,3,26,35,0,0.07666666666666666,0,0.5,
System_Failure,rf_19_raw_window,42,3,57,57,1,3,27,36,0,0.023333333333333334,0,0.5,
System_Failure,rf_19_raw_window,42,3,57,57,1,3,28,37,0,0.05,0,0.5,
System_Failure,rf_19_raw_window,42,3,57,57,1,3,29,38,0,0.07,0,0.5,
System_Failure,rf_19_raw_window,42,3,57,57,1,3,30,39,0,0.08666666666666667,0,0.5,
System_Failure,rf_19_raw_window,42,3,57,57,1,3,31,40,0,0.08333333333333333,0,0.5,
System_Failure,rf_19_raw_window,42,3,58,58,1,3,0,9,0,0.13666666666666666,0,0.5,
System_Failure,rf_19_raw_window,42,3,58,58,1,3,1,10,0,0.08,0,0.5,
System_Failure,rf_19_raw_window,42,3,58,58,1,3,2,11,0,0.06333333333333334,0,0.5,
System_Failure,rf_19_raw_window,42,3,58,58,1,3,3,12,0,0.05,0,0.5,
System_Failure,rf_19_raw_window,42,3,58,58,1,3,4,13,0,0.06,0,0.5,
System_Failure,rf_19_raw_window,42,3,58,58,1,3,5,14,0,0.07666666666666666,0,0.5,
System_Failure,rf_19_raw_window,42,3,58,58,1,3,6,15,0,0.07666666666666666,0,0.5,
System_Failure,rf_19_raw_window,42,3,58,58,1,3,7,16,0,0.09333333333333334,0,0.5,
System_Failure,rf_19_raw_window,42,3,58,58,1,3,8,17,0,0.14333333333333334,0,0.5,
System_Failure,rf_19_raw_window,42,3,58,58,1,3,9,18,0,0.056666666666666664,0,0.5,
System_Failure,rf_19_raw_window,42,3,58,58,1,3,10,19,0,0.06333333333333334,0,0.5,
System_Failure,rf_19_raw_window,42,3,58,58,1,3,11,20,0,0.03666666666666667,0,0.5,
System_Failure,rf_19_raw_window,42,3,58,58,1,3,12,21,0,0.03666666666666667,0,0.5,
System_Failure,rf_19_raw_window,42,3,58,58,1,3,13,22,0,0.056666666666666664,0,0.5,
System_Failure,rf_19_raw_window,42,3,58,58,1,3,14,23,0,0.06666666666666667,0,0.5,
System_Failure,rf_19_raw_window,42,3,59,59,1,3,0,9,0,0.21333333333333335,0,0.5,
System_Failure,rf_19_raw_window,42,3,59,59,1,3,1,10,0,0.21333333333333335,0,0.5,
System_Failure,rf_19_raw_window,42,3,59,59,1,3,2,11,0,0.04666666666666667,0,0.5,
System_Failure,rf_19_raw_window,42,3,59,59,1,3,3,12,0,0.02666666666666667,0,0.5,
System_Failure,rf_19_raw_window,42,3,59,59,1,3,4,13,0,0.023333333333333334,0,0.5,
System_Failure,rf_19_raw_window,42,3,59,59,1,3,5,14,0,0.08,0,0.5,
System_Failure,rf_19_raw_window,42,3,59,59,1,3,6,15,0,0.07,0,0.5,
System_Failure,rf_19_raw_window,42,3,59,59,1,3,7,16,0,0.18,0,0.5,
System_Failure,rf_19_raw_window,42,3,59,59,1,3,8,17,0,0.12666666666666668,0,0.5,
System_Failure,rf_19_raw_window,42,3,59,59,1,3,9,18,0,0.06666666666666667,0,0.5,
System_Failure,rf_19_raw_window,42,3,59,59,1,3,10,19,0,0.03666666666666667,0,0.5,
System_Failure,rf_19_raw_window,42,3,59,59,1,3,11,20,0,0.02,0,0.5,
System_Failure,rf_19_raw_window,42,3,59,59,1,3,12,21,0,0.04666666666666667,0,0.5,
System_Failure,rf_19_raw_window,42,3,59,59,1,3,13,22,0,0.02,0,0.5,
System_Failure,rf_19_raw_window,42,3,59,59,1,3,14,23,0,0.02666666666666667,0,0.5,
System_Failure,rf_19_raw_window,42,3,60,60,1,3,0,9,0,0.08666666666666667,0,0.5,
System_Failure,rf_19_raw_window,42,3,60,60,1,3,1,10,0,0.09666666666666666,0,0.5,
System_Failure,rf_19_raw_window,42,3,60,60,1,3,2,11,0,0.09333333333333334,0,0.5,
System_Failure,rf_19_raw_window,42,3,60,60,1,3,3,12,0,0.04,0,0.5,
System_Failure,rf_19_raw_window,42,3,60,60,1,3,4,13,0,0.08,0,0.5,
System_Failure,rf_19_raw_window,42,3,60,60,1,3,5,14,0,0.16666666666666666,0,0.5,
System_Failure,rf_19_raw_window,42,3,60,60,1,3,6,15,0,0.07333333333333333,0,0.5,
System_Failure,rf_19_raw_window,42,3,60,60,1,3,7,16,0,0.11,0,0.5,
System_Failure,rf_19_raw_window,42,3,60,60,1,3,8,17,0,0.11333333333333333,0,0.5,
System_Failure,rf_19_raw_window,42,3,60,60,1,3,9,18,0,0.02666666666666667,0,0.5,
System_Failure,rf_19_raw_window,42,3,60,60,1,3,10,19,0,0.04666666666666667,0,0.5,
System_Failure,rf_19_raw_window,42,3,60,60,1,3,11,20,0,0.06333333333333334,0,0.5,
System_Failure,rf_19_raw_window,42,3,60,60,1,3,12,21,0,0.07666666666666666,0,0.5,
System_Failure,rf_19_raw_window,42,3,60,60,1,3,13,22,0,0.07333333333333333,0,0.5,
System_Failure,rf_19_raw_window,42,3,60,60,1,3,14,23,0,0.08,0,0.5,
System_Failure,rf_19_raw_window,42,3,60,60,1,3,15,24,0,0.15666666666666668,0,0.5,
System_Failure,rf_19_raw_window,42,3,61,61,1,3,0,9,0,0.08,0,0.5,
System_Failure,rf_19_raw_window,42,3,61,61,1,3,1,10,0,0.09666666666666666,0,0.5,
System_Failure,rf_19_raw_window,42,3,61,61,1,3,2,11,0,0.07666666666666666,0,0.5,
System_Failure,rf_19_raw_window,42,3,61,61,1,3,3,12,0,0.13666666666666666,0,0.5,
System_Failure,rf_19_raw_window,42,3,61,61,1,3,4,13,0,0.10333333333333333,0,0.5,
System_Failure,rf_19_raw_window,42,3,61,61,1,3,5,14,0,0.02,0,0.5,
System_Failure,rf_19_raw_window,42,3,61,61,1,3,6,15,0,0.07333333333333333,0,0.5,
System_Failure,rf_19_raw_window,42,3,61,61,1,3,7,16,0,0.03,0,0.5,
System_Failure,rf_19_raw_window,42,3,61,61,1,3,8,17,0,0.05,0,0.5,
System_Failure,rf_19_raw_window,42,3,61,61,1,3,9,18,0,0.04,0,0.5,
System_Failure,rf_19_raw_window,42,3,61,61,1,3,10,19,0,0.07666666666666666,0,0.5,
System_Failure,rf_19_raw_window,42,3,61,61,1,3,11,20,0,0.06666666666666667,0,0.5,
System_Failure,rf_19_raw_window,42,3,61,61,1,3,12,21,0,0.13666666666666666,0,0.5,
System_Failure,rf_19_raw_window,42,3,62,62,1,3,0,9,0,0.7533333333333333,1,0.5,
System_Failure,rf_19_raw_window,42,3,62,62,1,3,1,10,0,0.32666666666666666,0,0.5,
System_Failure,rf_19_raw_window,42,3,62,62,1,3,2,11,0,0.24666666666666667,0,0.5,
System_Failure,rf_19_raw_window,42,3,62,62,1,3,3,12,0,0.3233333333333333,0,0.5,
System_Failure,rf_19_raw_window,42,3,62,62,1,3,4,13,0,0.20333333333333334,0,0.5,
System_Failure,rf_19_raw_window,42,3,62,62,1,3,5,14,0,0.19666666666666666,0,0.5,
System_Failure,rf_19_raw_window,42,3,62,62,1,3,6,15,0,0.10333333333333333,0,0.5,
System_Failure,rf_19_raw_window,42,3,62,62,1,3,7,16,0,0.09666666666666666,0,0.5,
System_Failure,rf_19_raw_window,42,3,62,62,1,3,8,17,0,0.13666666666666666,0,0.5,
System_Failure,rf_19_raw_window,42,3,62,62,1,3,9,18,0,0.16,0,0.5,
System_Failure,rf_19_raw_window,42,3,62,62,1,3,10,19,0,0.12,0,0.5,
System_Failure,rf_19_raw_window,42,3,62,62,1,3,11,20,0,0.07666666666666666,0,0.5,
System_Failure,rf_19_raw_window,42,3,62,62,1,3,12,21,0,0.08333333333333333,0,0.5,
System_Failure,rf_19_raw_window,42,3,62,62,1,3,13,22,0,0.08,0,0.5,
System_Failure,rf_19_raw_window,42,3,62,62,1,3,14,23,0,0.11333333333333333,0,0.5,
System_Failure,rf_19_raw_window,42,3,62,62,1,3,15,24,0,0.11666666666666667,0,0.5,
System_Failure,rf_19_raw_window,42,3,63,63,1,3,0,9,1,0.7566666666666667,1,0.5,
System_Failure,rf_19_raw_window,42,3,63,63,1,3,1,10,1,0.6666666666666666,1,0.5,
System_Failure,rf_19_raw_window,42,3,63,63,1,3,2,11,1,0.7466666666666667,1,0.5,
System_Failure,rf_19_raw_window,42,3,63,63,1,3,3,12,1,0.82,1,0.5,
System_Failure,rf_19_raw_window,42,3,63,63,1,3,4,13,1,0.67,1,0.5,
System_Failure,rf_19_raw_window,42,3,63,63,1,3,5,14,1,0.6633333333333333,1,0.5,
System_Failure,rf_19_raw_window,42,3,63,63,1,3,6,15,1,0.6366666666666667,1,0.5,
System_Failure,rf_19_raw_window,42,3,63,63,1,3,7,16,1,0.93,1,0.5,
System_Failure,rf_19_raw_window,42,3,63,63,1,3,8,17,1,0.81,1,0.5,
System_Failure,rf_19_raw_window,42,3,63,63,1,3,9,18,1,0.68,1,0.5,
System_Failure,rf_19_raw_window,42,3,63,63,1,3,10,19,0,0.2833333333333333,0,0.5,
System_Failure,rf_19_raw_window,42,3,63,63,1,3,11,20,0,0.20333333333333334,0,0.5,
System_Failure,rf_19_raw_window,42,3,63,63,1,3,12,21,0,0.12,0,0.5,
System_Failure,rf_19_raw_window,42,3,63,63,1,3,13,22,0,0.05333333333333334,0,0.5,
System_Failure,rf_19_raw_window,42,3,63,63,1,3,14,23,0,0.06333333333333334,0,0.5,
System_Failure,rf_19_raw_window,42,3,63,63,1,3,15,24,0,0.13666666666666666,0,0.5,
System_Failure,rf_19_raw_window,42,3,63,63,1,3,16,25,0,0.22,0,0.5,
System_Failure,rf_19_raw_window,42,3,63,63,1,3,17,26,1,0.32666666666666666,0,0.5,
System_Failure,rf_19_raw_window,42,3,63,63,1,3,18,27,1,0.5366666666666666,1,0.5,
System_Failure,rf_19_raw_window,42,3,63,63,1,3,19,28,1,0.6066666666666667,1,0.5,
System_Failure,rf_19_raw_window,42,3,63,63,1,3,20,29,1,0.66,1,0.5,
System_Failure,rf_19_raw_window,42,3,63,63,1,3,21,30,1,0.85,1,0.5,
System_Failure,rf_19_raw_window,42,3,63,63,1,3,22,31,1,0.8633333333333333,1,0.5,
System_Failure,rf_19_raw_window,42,3,63,63,1,3,23,32,1,0.8,1,0.5,
System_Failure,rf_19_raw_window,42,3,63,63,1,3,24,33,1,0.75,1,0.5,
System_Failure,rf_19_raw_window,42,3,63,63,1,3,25,34,1,0.68,1,0.5,
System_Failure,rf_19_raw_window,42,3,63,63,1,3,26,35,1,0.62,1,0.5,
System_Failure,rf_19_raw_window,42,3,63,63,1,3,27,36,1,0.19666666666666666,0,0.5,
System_Failure,rf_19_raw_window,42,3,63,63,1,3,28,37,1,0.14,0,0.5,
System_Failure,rf_19_raw_window,42,3,63,63,1,3,29,38,1,0.1,0,0.5,
System_Failure,rf_19_raw_window,42,3,63,63,1,3,30,39,0,0.04666666666666667,0,0.5,
System_Failure,rf_19_raw_window,42,3,64,64,1,3,0,9,1,0.63,1,0.5,
System_Failure,rf_19_raw_window,42,3,64,64,1,3,1,10,1,0.33,0,0.5,
System_Failure,rf_19_raw_window,42,3,64,64,1,3,2,11,1,0.3566666666666667,0,0.5,
System_Failure,rf_19_raw_window,42,3,64,64,1,3,3,12,1,0.7,1,0.5,
System_Failure,rf_19_raw_window,42,3,64,64,1,3,4,13,1,0.6866666666666666,1,0.5,
System_Failure,rf_19_raw_window,42,3,64,64,1,3,5,14,1,0.64,1,0.5,
System_Failure,rf_19_raw_window,42,3,64,64,1,3,6,15,0,0.15,0,0.5,
System_Failure,rf_19_raw_window,42,3,64,64,1,3,7,16,0,0.24,0,0.5,
System_Failure,rf_19_raw_window,42,3,64,64,1,3,8,17,1,0.3233333333333333,0,0.5,
System_Failure,rf_19_raw_window,42,3,64,64,1,3,9,18,1,0.64,1,0.5,
System_Failure,rf_19_raw_window,42,3,64,64,1,3,10,19,1,0.7866666666666666,1,0.5,
System_Failure,rf_19_raw_window,42,3,64,64,1,3,11,20,1,0.8233333333333334,1,0.5,
System_Failure,rf_19_raw_window,42,3,64,64,1,3,12,21,1,0.8533333333333334,1,0.5,
System_Failure,rf_19_raw_window,42,3,64,64,1,3,13,22,1,0.8366666666666667,1,0.5,
System_Failure,rf_19_raw_window,42,3,64,64,1,3,14,23,1,0.87,1,0.5,
System_Failure,rf_19_raw_window,42,3,64,64,1,3,15,24,1,0.88,1,0.5,
System_Failure,rf_19_raw_window,42,3,65,65,1,3,0,9,1,0.35,0,0.5,
System_Failure,rf_19_raw_window,42,3,65,65,1,3,1,10,1,0.27666666666666667,0,0.5,
System_Failure,rf_19_raw_window,42,3,65,65,1,3,2,11,1,0.4266666666666667,0,0.5,
System_Failure,rf_19_raw_window,42,3,65,65,1,3,3,12,1,0.25333333333333335,0,0.5,
System_Failure,rf_19_raw_window,42,3,65,65,1,3,4,13,1,0.14333333333333334,0,0.5,
System_Failure,rf_19_raw_window,42,3,65,65,1,3,5,14,0,0.07333333333333333,0,0.5,
System_Failure,rf_19_raw_window,42,3,65,65,1,3,6,15,1,0.056666666666666664,0,0.5,
System_Failure,rf_19_raw_window,42,3,65,65,1,3,7,16,1,0.06,0,0.5,
System_Failure,rf_19_raw_window,42,3,65,65,1,3,8,17,1,0.1,0,0.5,
System_Failure,rf_19_raw_window,42,3,65,65,1,3,9,18,1,0.4533333333333333,0,0.5,
System_Failure,rf_19_raw_window,42,3,65,65,1,3,10,19,1,0.5466666666666666,1,0.5,
System_Failure,rf_19_raw_window,42,3,65,65,1,3,11,20,1,0.61,1,0.5,
System_Failure,rf_19_raw_window,42,3,65,65,1,3,12,21,1,0.7466666666666667,1,0.5,
System_Failure,rf_19_raw_window,42,3,66,66,1,3,0,9,0,0.42,0,0.5,
System_Failure,rf_19_raw_window,42,3,66,66,1,3,1,10,0,0.08333333333333333,0,0.5,
System_Failure,rf_19_raw_window,42,3,66,66,1,3,2,11,0,0.056666666666666664,0,0.5,
System_Failure,rf_19_raw_window,42,3,66,66,1,3,3,12,0,0.06333333333333334,0,0.5,
System_Failure,rf_19_raw_window,42,3,66,66,1,3,4,13,0,0.08333333333333333,0,0.5,
System_Failure,rf_19_raw_window,42,3,66,66,1,3,5,14,0,0.07666666666666666,0,0.5,
System_Failure,rf_19_raw_window,42,3,66,66,1,3,6,15,0,0.10666666666666667,0,0.5,
System_Failure,rf_19_raw_window,42,3,66,66,1,3,7,16,0,0.17666666666666667,0,0.5,
System_Failure,rf_19_raw_window,42,3,66,66,1,3,8,17,0,0.19,0,0.5,
System_Failure,rf_19_raw_window,42,3,66,66,1,3,9,18,0,0.18,0,0.5,
System_Failure,rf_19_raw_window,42,3,66,66,1,3,10,19,0,0.15666666666666668,0,0.5,
System_Failure,rf_19_raw_window,42,3,66,66,1,3,11,20,0,0.22666666666666666,0,0.5,
System_Failure,rf_19_raw_window,42,3,66,66,1,3,12,21,0,0.27,0,0.5,
System_Failure,rf_19_raw_window,42,3,66,66,1,3,13,22,0,0.23666666666666666,0,0.5,
System_Failure,rf_19_raw_window,42,3,66,66,1,3,14,23,0,0.37333333333333335,0,0.5,
System_Failure,rf_19_raw_window,42,3,66,66,1,3,15,24,0,0.36666666666666664,0,0.5,
System_Failure,rf_19_raw_window,42,3,66,66,1,3,16,25,0,0.41,0,0.5,
System_Failure,rf_19_raw_window,42,3,67,67,1,3,0,9,0,0.14333333333333334,0,0.5,
System_Failure,rf_19_raw_window,42,3,67,67,1,3,1,10,0,0.023333333333333334,0,0.5,
System_Failure,rf_19_raw_window,42,3,67,67,1,3,2,11,0,0.08666666666666667,0,0.5,
System_Failure,rf_19_raw_window,42,3,67,67,1,3,3,12,0,0.07,0,0.5,
System_Failure,rf_19_raw_window,42,3,67,67,1,3,4,13,0,0.38666666666666666,0,0.5,
System_Failure,rf_19_raw_window,42,3,67,67,1,3,5,14,0,0.29,0,0.5,
System_Failure,rf_19_raw_window,42,3,67,67,1,3,6,15,0,0.21,0,0.5,
System_Failure,rf_19_raw_window,42,3,67,67,1,3,7,16,0,0.2733333333333333,0,0.5,
System_Failure,rf_19_raw_window,42,3,67,67,1,3,8,17,0,0.35,0,0.5,
System_Failure,rf_19_raw_window,42,3,67,67,1,3,9,18,1,0.69,1,0.5,
System_Failure,rf_19_raw_window,42,3,67,67,1,3,10,19,1,0.6933333333333334,1,0.5,
System_Failure,rf_19_raw_window,42,3,67,67,1,3,11,20,1,0.83,1,0.5,
System_Failure,rf_19_raw_window,42,3,67,67,1,3,12,21,1,0.9033333333333333,1,0.5,
System_Failure,rf_19_raw_window,42,3,67,67,1,3,13,22,1,0.9366666666666666,1,0.5,
System_Failure,rf_19_raw_window,42,3,67,67,1,3,14,23,1,0.89,1,0.5,
System_Failure,rf_19_raw_window,42,3,68,68,1,3,0,9,0,0.10333333333333333,0,0.5,
System_Failure,rf_19_raw_window,42,3,68,68,1,3,1,10,0,0.08666666666666667,0,0.5,
System_Failure,rf_19_raw_window,42,3,68,68,1,3,2,11,0,0.18333333333333332,0,0.5,
System_Failure,rf_19_raw_window,42,3,68,68,1,3,3,12,0,0.21,0,0.5,
System_Failure,rf_19_raw_window,42,3,68,68,1,3,4,13,0,0.19333333333333333,0,0.5,
System_Failure,rf_19_raw_window,42,3,68,68,1,3,5,14,0,0.22333333333333333,0,0.5,
System_Failure,rf_19_raw_window,42,3,68,68,1,3,6,15,0,0.24,0,0.5,
System_Failure,rf_19_raw_window,42,3,68,68,1,3,7,16,0,0.21666666666666667,0,0.5,
System_Failure,rf_19_raw_window,42,3,68,68,1,3,8,17,0,0.26666666666666666,0,0.5,
System_Failure,rf_19_raw_window,42,3,68,68,1,3,9,18,0,0.15666666666666668,0,0.5,
System_Failure,rf_19_raw_window,42,3,68,68,1,3,10,19,0,0.06,0,0.5,
System_Failure,rf_19_raw_window,42,3,68,68,1,3,11,20,0,0.06666666666666667,0,0.5,
System_Failure,rf_19_raw_window,42,3,68,68,1,3,12,21,0,0.08,0,0.5,
System_Failure,rf_19_raw_window,42,3,68,68,1,3,13,22,0,0.1,0,0.5,
System_Failure,rf_19_raw_window,42,3,68,68,1,3,14,23,0,0.13666666666666666,0,0.5,
System_Failure,rf_19_raw_window,42,3,69,69,1,3,0,9,1,0.5466666666666666,1,0.5,
System_Failure,rf_19_raw_window,42,3,69,69,1,3,1,10,1,0.5,0,0.5,
System_Failure,rf_19_raw_window,42,3,69,69,1,3,2,11,1,0.61,1,0.5,
System_Failure,rf_19_raw_window,42,3,69,69,1,3,3,12,1,0.6066666666666667,1,0.5,
System_Failure,rf_19_raw_window,42,3,69,69,1,3,4,13,1,0.59,1,0.5,
System_Failure,rf_19_raw_window,42,3,69,69,1,3,5,14,1,0.6033333333333334,1,0.5,
System_Failure,rf_19_raw_window,42,3,69,69,1,3,6,15,1,0.5633333333333334,1,0.5,
System_Failure,rf_19_raw_window,42,3,69,69,1,3,7,16,1,0.43666666666666665,0,0.5,
System_Failure,rf_19_raw_window,42,3,69,69,1,3,8,17,1,0.44,0,0.5,
System_Failure,rf_19_raw_window,42,3,69,69,1,3,9,18,1,0.48,0,0.5,
System_Failure,rf_19_raw_window,42,3,69,69,1,3,10,19,1,0.5366666666666666,1,0.5,
System_Failure,rf_19_raw_window,42,3,69,69,1,3,11,20,1,0.68,1,0.5,
System_Failure,rf_19_raw_window,42,3,69,69,1,3,12,21,0,0.6666666666666666,1,0.5,
System_Failure,rf_19_raw_window,42,3,69,69,1,3,13,22,0,0.57,1,0.5,
System_Failure,rf_19_raw_window,42,3,69,69,1,3,14,23,0,0.4533333333333333,0,0.5,
System_Failure,rf_19_raw_window,42,3,69,69,1,3,15,24,0,0.45666666666666667,0,0.5,
System_Failure,rf_19_raw_window,42,3,69,69,1,3,16,25,0,0.48,0,0.5,
System_Failure,rf_19_raw_window,42,3,69,69,1,3,17,26,0,0.5733333333333334,1,0.5,
System_Failure,rf_19_raw_window,42,3,69,69,1,3,18,27,0,0.5566666666666666,1,0.5,
System_Failure,rf_19_raw_window,42,3,69,69,1,3,19,28,1,0.7466666666666667,1,0.5,
System_Failure,rf_19_raw_window,42,3,69,69,1,3,20,29,1,0.8333333333333334,1,0.5,
System_Failure,rf_19_raw_window,42,3,69,69,1,3,21,30,1,0.8633333333333333,1,0.5,
System_Failure,rf_19_raw_window,42,3,69,69,1,3,22,31,1,0.8733333333333333,1,0.5,
System_Failure,rf_19_raw_window,42,3,69,69,1,3,23,32,1,0.8566666666666667,1,0.5,
System_Failure,rf_19_raw_window,42,3,70,70,1,3,0,9,0,0.13333333333333333,0,0.5,
System_Failure,rf_19_raw_window,42,3,70,70,1,3,1,10,0,0.22666666666666666,0,0.5,
System_Failure,rf_19_raw_window,42,3,70,70,1,3,2,11,0,0.03333333333333333,0,0.5,
System_Failure,rf_19_raw_window,42,3,70,70,1,3,3,12,0,0.006666666666666667,0,0.5,
System_Failure,rf_19_raw_window,42,3,70,70,1,3,4,13,0,0.26,0,0.5,
System_Failure,rf_19_raw_window,42,3,70,70,1,3,5,14,0,0.02,0,0.5,
System_Failure,rf_19_raw_window,42,3,70,70,1,3,6,15,0,0.04666666666666667,0,0.5,
System_Failure,rf_19_raw_window,42,3,70,70,1,3,7,16,0,0.08666666666666667,0,0.5,
System_Failure,rf_19_raw_window,42,3,70,70,1,3,8,17,0,0.06333333333333334,0,0.5,
System_Failure,rf_19_raw_window,42,3,70,70,1,3,9,18,0,0.02666666666666667,0,0.5,
System_Failure,rf_19_raw_window,42,3,70,70,1,3,10,19,0,0.04,0,0.5,
System_Failure,rf_19_raw_window,42,3,70,70,1,3,11,20,0,0.05,0,0.5,
System_Failure,rf_19_raw_window,42,3,70,70,1,3,12,21,0,0.016666666666666666,0,0.5,
System_Failure,rf_19_raw_window,42,3,70,70,1,3,13,22,0,0.013333333333333334,0,0.5,
System_Failure,rf_19_raw_window,42,3,70,70,1,3,14,23,0,0.016666666666666666,0,0.5,
System_Failure,rf_19_raw_window,42,3,71,71,1,3,0,9,0,0.38666666666666666,0,0.5,
System_Failure,rf_19_raw_window,42,3,71,71,1,3,1,10,0,0.5433333333333333,1,0.5,
System_Failure,rf_19_raw_window,42,3,71,71,1,3,2,11,0,0.23333333333333334,0,0.5,
System_Failure,rf_19_raw_window,42,3,71,71,1,3,3,12,0,0.18,0,0.5,
System_Failure,rf_19_raw_window,42,3,71,71,1,3,4,13,0,0.06,0,0.5,
System_Failure,rf_19_raw_window,42,3,71,71,1,3,5,14,0,0.24333333333333335,0,0.5,
System_Failure,rf_19_raw_window,42,3,71,71,1,3,6,15,0,0.19,0,0.5,
System_Failure,rf_19_raw_window,42,3,71,71,1,3,7,16,0,0.18,0,0.5,
System_Failure,rf_19_raw_window,42,3,71,71,1,3,8,17,0,0.21666666666666667,0,0.5,
System_Failure,rf_19_raw_window,42,3,72,72,1,3,0,9,0,0.043333333333333335,0,0.5,
System_Failure,rf_19_raw_window,42,3,72,72,1,3,1,10,0,0.08333333333333333,0,0.5,
System_Failure,rf_19_raw_window,42,3,72,72,1,3,2,11,0,0.09333333333333334,0,0.5,
System_Failure,rf_19_raw_window,42,3,72,72,1,3,3,12,0,0.06666666666666667,0,0.5,
System_Failure,rf_19_raw_window,42,3,72,72,1,3,4,13,0,0.10333333333333333,0,0.5,
System_Failure,rf_19_raw_window,42,3,72,72,1,3,5,14,0,0.07333333333333333,0,0.5,
System_Failure,rf_19_raw_window,42,3,72,72,1,3,6,15,0,0.16333333333333333,0,0.5,
System_Failure,rf_19_raw_window,42,3,72,72,1,3,7,16,0,0.24,0,0.5,
System_Failure,rf_19_raw_window,42,3,72,72,1,3,8,17,0,0.05333333333333334,0,0.5,
System_Failure,rf_19_raw_window,42,3,72,72,1,3,9,18,0,0.05333333333333334,0,0.5,
System_Failure,rf_19_raw_window,42,3,72,72,1,3,10,19,0,0.07666666666666666,0,0.5,
System_Failure,rf_19_raw_window,42,3,72,72,1,3,11,20,0,0.05,0,0.5,
System_Failure,rf_19_raw_window,42,3,72,72,1,3,12,21,0,0.05333333333333334,0,0.5,
System_Failure,rf_19_raw_window,42,3,72,72,1,3,13,22,0,0.11666666666666667,0,0.5,
System_Failure,rf_19_raw_window,42,3,72,72,1,3,14,23,0,0.11,0,0.5,
System_Failure,rf_19_raw_window,42,3,73,73,1,3,0,9,0,0.02666666666666667,0,0.5,
System_Failure,rf_19_raw_window,42,3,73,73,1,3,1,10,0,0.06,0,0.5,
System_Failure,rf_19_raw_window,42,3,73,73,1,3,2,11,0,0.07666666666666666,0,0.5,
System_Failure,rf_19_raw_window,42,3,73,73,1,3,3,12,0,0.07,0,0.5,
System_Failure,rf_19_raw_window,42,3,73,73,1,3,4,13,0,0.19333333333333333,0,0.5,
System_Failure,rf_19_raw_window,42,3,73,73,1,3,5,14,0,0.10666666666666667,0,0.5,
System_Failure,rf_19_raw_window,42,3,73,73,1,3,6,15,0,0.13333333333333333,0,0.5,
System_Failure,rf_19_raw_window,42,3,73,73,1,3,7,16,0,0.27,0,0.5,
System_Failure,rf_19_raw_window,42,3,73,73,1,3,8,17,0,0.26666666666666666,0,0.5,
System_Failure,rf_19_raw_window,42,3,73,73,1,3,9,18,0,0.3,0,0.5,
System_Failure,rf_19_raw_window,42,3,73,73,1,3,10,19,0,0.16,0,0.5,
System_Failure,rf_19_raw_window,42,3,73,73,1,3,11,20,0,0.07333333333333333,0,0.5,
System_Failure,rf_19_raw_window,42,3,73,73,1,3,12,21,0,0.05,0,0.5,
System_Failure,rf_19_raw_window,42,3,73,73,1,3,13,22,0,0.056666666666666664,0,0.5,
System_Failure,rf_19_raw_window,42,3,73,73,1,3,14,23,0,0.056666666666666664,0,0.5,
System_Failure,rf_19_raw_window,42,3,73,73,1,3,15,24,0,0.19666666666666666,0,0.5,
System_Failure,rf_19_raw_window,42,3,75,74,1,3,0,9,0,0.14333333333333334,0,0.5,
System_Failure,rf_19_raw_window,42,3,75,74,1,3,1,10,0,0.12333333333333334,0,0.5,
System_Failure,rf_19_raw_window,42,3,75,74,1,3,2,11,0,0.09333333333333334,0,0.5,
System_Failure,rf_19_raw_window,42,3,75,74,1,3,3,12,0,0.09333333333333334,0,0.5,
System_Failure,rf_19_raw_window,42,3,75,74,1,3,4,13,0,0.05333333333333334,0,0.5,
System_Failure,rf_19_raw_window,42,3,75,74,1,3,5,14,0,0.12666666666666668,0,0.5,
System_Failure,rf_19_raw_window,42,3,75,74,1,3,6,15,0,0.15,0,0.5,
System_Failure,rf_19_raw_window,42,3,75,74,1,3,7,16,0,0.18333333333333332,0,0.5,
System_Failure,rf_19_raw_window,42,3,75,74,1,3,8,17,0,0.17666666666666667,0,0.5,
System_Failure,rf_19_raw_window,42,3,75,74,1,3,9,18,0,0.12,0,0.5,
System_Failure,rf_19_raw_window,42,3,75,74,1,3,10,19,0,0.08,0,0.5,
System_Failure,rf_19_raw_window,42,3,75,74,1,3,11,20,0,0.05333333333333334,0,0.5,
System_Failure,rf_19_raw_window,42,3,75,74,1,3,12,21,0,0.07,0,0.5,
System_Failure,rf_19_raw_window,42,3,75,74,1,3,13,22,0,0.08333333333333333,0,0.5,
System_Failure,rf_19_raw_window,42,3,75,74,1,3,14,23,0,0.35,0,0.5,
System_Failure,rf_19_raw_window,42,4,76,75,1,4,0,9,0,0.09666666666666666,0,0.5,
System_Failure,rf_19_raw_window,42,4,76,75,1,4,1,10,0,0.043333333333333335,0,0.5,
System_Failure,rf_19_raw_window,42,4,76,75,1,4,2,11,0,0.013333333333333334,0,0.5,
System_Failure,rf_19_raw_window,42,4,76,75,1,4,3,12,0,0.03333333333333333,0,0.5,
System_Failure,rf_19_raw_window,42,4,76,75,1,4,4,13,0,0.26666666666666666,0,0.5,
System_Failure,rf_19_raw_window,42,4,76,75,1,4,5,14,0,0.15,0,0.5,
System_Failure,rf_19_raw_window,42,4,76,75,1,4,6,15,0,0.17666666666666667,0,0.5,
System_Failure,rf_19_raw_window,42,4,76,75,1,4,7,16,0,0.11,0,0.5,
System_Failure,rf_19_raw_window,42,4,76,75,1,4,8,17,0,0.22666666666666666,0,0.5,
System_Failure,rf_19_raw_window,42,4,76,75,1,4,9,18,0,0.31333333333333335,0,0.5,
System_Failure,rf_19_raw_window,42,4,76,75,1,4,10,19,1,0.4533333333333333,0,0.5,
System_Failure,rf_19_raw_window,42,4,76,75,1,4,11,20,1,0.37333333333333335,0,0.5,
System_Failure,rf_19_raw_window,42,4,76,75,1,4,12,21,1,0.5233333333333333,1,0.5,
System_Failure,rf_19_raw_window,42,4,76,75,1,4,13,22,1,0.67,1,0.5,
System_Failure,rf_19_raw_window,42,4,76,75,1,4,14,23,1,0.6533333333333333,1,0.5,
System_Failure,rf_19_raw_window,42,4,85,84,1,4,0,9,0,0.7766666666666666,1,0.5,
System_Failure,rf_19_raw_window,42,4,85,84,1,4,1,10,0,0.7433333333333333,1,0.5,
System_Failure,rf_19_raw_window,42,4,85,84,1,4,2,11,0,0.7833333333333333,1,0.5,
System_Failure,rf_19_raw_window,42,4,85,84,1,4,3,12,0,0.72,1,0.5,
System_Failure,rf_19_raw_window,42,4,85,84,1,4,4,13,0,0.6,1,0.5,
System_Failure,rf_19_raw_window,42,4,85,84,1,4,5,14,0,0.47333333333333333,0,0.5,
System_Failure,rf_19_raw_window,42,4,85,84,1,4,6,15,0,0.29,0,0.5,
System_Failure,rf_19_raw_window,42,4,85,84,1,4,7,16,0,0.14,0,0.5,
System_Failure,rf_19_raw_window,42,4,85,84,1,4,8,17,0,0.16,0,0.5,
System_Failure,rf_19_raw_window,42,4,85,84,1,4,9,18,0,0.19333333333333333,0,0.5,
System_Failure,rf_19_raw_window,42,4,85,84,1,4,10,19,0,0.09333333333333334,0,0.5,
System_Failure,rf_19_raw_window,42,4,85,84,1,4,11,20,0,0.14333333333333334,0,0.5,
System_Failure,rf_19_raw_window,42,4,85,84,1,4,12,21,0,0.30333333333333334,0,0.5,
System_Failure,rf_19_raw_window,42,4,85,84,1,4,13,22,0,0.13,0,0.5,
System_Failure,rf_19_raw_window,42,4,85,84,1,4,14,23,0,0.09666666666666666,0,0.5,
System_Failure,rf_19_raw_window,42,4,85,84,1,4,15,24,0,0.01,0,0.5,
System_Failure,rf_19_raw_window,42,4,85,84,1,4,16,25,0,0.006666666666666667,0,0.5,
System_Failure,rf_19_raw_window,42,4,85,84,1,4,17,26,0,0.016666666666666666,0,0.5,
System_Failure,rf_19_raw_window,42,4,85,84,1,4,18,27,0,0.01,0,0.5,
System_Failure,rf_19_raw_window,42,4,85,84,1,4,19,28,0,0.013333333333333334,0,0.5,
System_Failure,rf_19_raw_window,42,4,86,85,1,4,0,9,1,0.6666666666666666,1,0.5,
System_Failure,rf_19_raw_window,42,4,86,85,1,4,1,10,1,0.8366666666666667,1,0.5,
System_Failure,rf_19_raw_window,42,4,86,85,1,4,2,11,1,0.8533333333333334,1,0.5,
System_Failure,rf_19_raw_window,42,4,86,85,1,4,3,12,1,0.81,1,0.5,
System_Failure,rf_19_raw_window,42,4,86,85,1,4,4,13,1,0.77,1,0.5,
System_Failure,rf_19_raw_window,42,4,86,85,1,4,5,14,1,0.9433333333333334,1,0.5,
System_Failure,rf_19_raw_window,42,4,86,85,1,4,6,15,1,0.8033333333333333,1,0.5,
System_Failure,rf_19_raw_window,42,4,86,85,1,4,7,16,1,0.6933333333333334,1,0.5,
System_Failure,rf_19_raw_window,42,4,86,85,1,4,8,17,0,0.5133333333333333,1,0.5,
System_Failure,rf_19_raw_window,42,4,86,85,1,4,9,18,0,0.45,0,0.5,
System_Failure,rf_19_raw_window,42,4,86,85,1,4,10,19,0,0.37,0,0.5,
System_Failure,rf_19_raw_window,42,4,86,85,1,4,11,20,0,0.11666666666666667,0,0.5,
System_Failure,rf_19_raw_window,42,4,86,85,1,4,12,21,0,0.16,0,0.5,
System_Failure,rf_19_raw_window,42,4,86,85,1,4,13,22,0,0.17666666666666667,0,0.5,
System_Failure,rf_19_raw_window,42,4,86,85,1,4,14,23,0,0.15,0,0.5,
System_Failure,rf_19_raw_window,42,4,86,85,1,4,15,24,1,0.5933333333333334,1,0.5,
System_Failure,rf_19_raw_window,42,4,86,85,1,4,16,25,1,0.68,1,0.5,
System_Failure,rf_19_raw_window,42,4,86,85,1,4,17,26,1,0.8166666666666667,1,0.5,
System_Failure,rf_19_raw_window,42,4,86,85,1,4,18,27,1,0.83,1,0.5,
System_Failure,rf_19_raw_window,42,4,86,85,1,4,19,28,1,0.8666666666666667,1,0.5,
System_Failure,rf_19_raw_window,42,4,87,86,1,4,0,9,1,0.8633333333333333,1,0.5,
System_Failure,rf_19_raw_window,42,4,87,86,1,4,1,10,1,0.8866666666666667,1,0.5,
System_Failure,rf_19_raw_window,42,4,87,86,1,4,2,11,1,0.8833333333333333,1,0.5,
System_Failure,rf_19_raw_window,42,4,87,86,1,4,3,12,1,0.92,1,0.5,
System_Failure,rf_19_raw_window,42,4,87,86,1,4,4,13,1,0.9,1,0.5,
System_Failure,rf_19_raw_window,42,4,87,86,1,4,5,14,1,0.72,1,0.5,
System_Failure,rf_19_raw_window,42,4,87,86,1,4,6,15,0,0.17666666666666667,0,0.5,
System_Failure,rf_19_raw_window,42,4,87,86,1,4,7,16,0,0.11333333333333333,0,0.5,
System_Failure,rf_19_raw_window,42,4,87,86,1,4,8,17,0,0.006666666666666667,0,0.5,
System_Failure,rf_19_raw_window,42,4,87,86,1,4,9,18,0,0.013333333333333334,0,0.5,
System_Failure,rf_19_raw_window,42,4,87,86,1,4,10,19,0,0.05333333333333334,0,0.5,
System_Failure,rf_19_raw_window,42,4,87,86,1,4,11,20,0,0.043333333333333335,0,0.5,
System_Failure,rf_19_raw_window,42,4,87,86,1,4,12,21,0,0.07333333333333333,0,0.5,
System_Failure,rf_19_raw_window,42,4,87,86,1,4,13,22,0,0.13666666666666666,0,0.5,
System_Failure,rf_19_raw_window,42,4,87,86,1,4,14,23,0,0.03,0,0.5,
System_Failure,rf_19_raw_window,42,4,87,86,1,4,15,24,0,0.02,0,0.5,
System_Failure,rf_19_raw_window,42,4,87,86,1,4,16,25,0,0.02666666666666667,0,0.5,
System_Failure,rf_19_raw_window,42,4,87,86,1,4,17,26,0,0.03,0,0.5,
System_Failure,rf_19_raw_window,42,4,87,86,1,4,18,27,0,0.043333333333333335,0,0.5,
System_Failure,rf_19_raw_window,42,4,87,86,1,4,19,28,0,0.043333333333333335,0,0.5,
System_Failure,rf_19_raw_window,42,4,88,87,1,4,0,9,0,0.043333333333333335,0,0.5,
System_Failure,rf_19_raw_window,42,4,88,87,1,4,1,10,0,0.03333333333333333,0,0.5,
System_Failure,rf_19_raw_window,42,4,88,87,1,4,2,11,0,0.016666666666666666,0,0.5,
System_Failure,rf_19_raw_window,42,4,88,87,1,4,3,12,0,0.03,0,0.5,
System_Failure,rf_19_raw_window,42,4,88,87,1,4,4,13,0,0.13666666666666666,0,0.5,
System_Failure,rf_19_raw_window,42,4,88,87,1,4,5,14,0,0.056666666666666664,0,0.5,
System_Failure,rf_19_raw_window,42,4,88,87,1,4,6,15,0,0.05333333333333334,0,0.5,
System_Failure,rf_19_raw_window,42,4,88,87,1,4,7,16,0,0.06,0,0.5,
System_Failure,rf_19_raw_window,42,4,88,87,1,4,8,17,0,0.06666666666666667,0,0.5,
System_Failure,rf_19_raw_window,42,4,88,87,1,4,9,18,0,0.08,0,0.5,
System_Failure,rf_19_raw_window,42,4,88,87,1,4,10,19,0,0.05,0,0.5,
System_Failure,rf_19_raw_window,42,4,88,87,1,4,11,20,0,0.05,0,0.5,
System_Failure,rf_19_raw_window,42,4,88,87,1,4,12,21,0,0.06333333333333334,0,0.5,
System_Failure,rf_19_raw_window,42,4,88,87,1,4,13,22,0,0.056666666666666664,0,0.5,
System_Failure,rf_19_raw_window,42,4,88,87,1,4,14,23,0,0.07,0,0.5,
System_Failure,rf_19_raw_window,42,4,89,88,1,4,0,9,0,0.09,0,0.5,
System_Failure,rf_19_raw_window,42,4,89,88,1,4,1,10,0,0.006666666666666667,0,0.5,
System_Failure,rf_19_raw_window,42,4,89,88,1,4,2,11,0,0.013333333333333334,0,0.5,
System_Failure,rf_19_raw_window,42,4,89,88,1,4,3,12,0,0.016666666666666666,0,0.5,
System_Failure,rf_19_raw_window,42,4,89,88,1,4,4,13,0,0.056666666666666664,0,0.5,
System_Failure,rf_19_raw_window,42,4,89,88,1,4,5,14,0,0.14,0,0.5,
System_Failure,rf_19_raw_window,42,4,89,88,1,4,6,15,0,0.08666666666666667,0,0.5,
System_Failure,rf_19_raw_window,42,4,89,88,1,4,7,16,0,0.12,0,0.5,
System_Failure,rf_19_raw_window,42,4,89,88,1,4,8,17,0,0.07,0,0.5,
System_Failure,rf_19_raw_window,42,4,89,88,1,4,9,18,0,0.043333333333333335,0,0.5,
System_Failure,rf_19_raw_window,42,4,89,88,1,4,10,19,0,0.06,0,0.5,
System_Failure,rf_19_raw_window,42,4,89,88,1,4,11,20,0,0.056666666666666664,0,0.5,
System_Failure,rf_19_raw_window,42,4,89,88,1,4,12,21,0,0.06666666666666667,0,0.5,
System_Failure,rf_19_raw_window,42,4,89,88,1,4,13,22,0,0.08666666666666667,0,0.5,
System_Failure,rf_19_raw_window,42,4,89,88,1,4,14,23,0,0.11666666666666667,0,0.5,
System_Failure,rf_19_raw_window,42,4,90,89,1,4,0,9,0,0.12333333333333334,0,0.5,
System_Failure,rf_19_raw_window,42,4,90,89,1,4,1,10,0,0.09333333333333334,0,0.5,
System_Failure,rf_19_raw_window,42,4,90,89,1,4,2,11,0,0.023333333333333334,0,0.5,
System_Failure,rf_19_raw_window,42,4,90,89,1,4,3,12,0,0.0033333333333333335,0,0.5,
System_Failure,rf_19_raw_window,42,4,90,89,1,4,4,13,0,0.023333333333333334,0,0.5,
System_Failure,rf_19_raw_window,42,4,90,89,1,4,5,14,0,0.06333333333333334,0,0.5,
System_Failure,rf_19_raw_window,42,4,90,89,1,4,6,15,0,0.07,0,0.5,
System_Failure,rf_19_raw_window,42,4,90,89,1,4,7,16,0,0.12333333333333334,0,0.5,
System_Failure,rf_19_raw_window,42,4,90,89,1,4,8,17,0,0.18666666666666668,0,0.5,
System_Failure,rf_19_raw_window,42,4,90,89,1,4,9,18,0,0.043333333333333335,0,0.5,
System_Failure,rf_19_raw_window,42,4,90,89,1,4,10,19,0,0.05333333333333334,0,0.5,
System_Failure,rf_19_raw_window,42,4,90,89,1,4,11,20,0,0.14,0,0.5,
System_Failure,rf_19_raw_window,42,4,90,89,1,4,12,21,0,0.07333333333333333,0,0.5,
System_Failure,rf_19_raw_window,42,4,90,89,1,4,13,22,0,0.07,0,0.5,
System_Failure,rf_19_raw_window,42,4,90,89,1,4,14,23,0,0.12333333333333334,0,0.5,
System_Failure,rf_19_raw_window,42,4,91,90,1,4,0,9,0,0.29,0,0.5,
System_Failure,rf_19_raw_window,42,4,91,90,1,4,1,10,0,0.19,0,0.5,
System_Failure,rf_19_raw_window,42,4,91,90,1,4,2,11,0,0.16,0,0.5,
System_Failure,rf_19_raw_window,42,4,91,90,1,4,3,12,0,0.33666666666666667,0,0.5,
System_Failure,rf_19_raw_window,42,4,91,90,1,4,4,13,0,0.5766666666666667,1,0.5,
System_Failure,rf_19_raw_window,42,4,91,90,1,4,5,14,0,0.49,0,0.5,
System_Failure,rf_19_raw_window,42,4,91,90,1,4,6,15,0,0.17,0,0.5,
System_Failure,rf_19_raw_window,42,4,91,90,1,4,7,16,0,0.26,0,0.5,
System_Failure,rf_19_raw_window,42,4,91,90,1,4,8,17,0,0.37666666666666665,0,0.5,
System_Failure,rf_19_raw_window,42,4,91,90,1,4,9,18,0,0.43,0,0.5,
System_Failure,rf_19_raw_window,42,4,91,90,1,4,10,19,1,0.5333333333333333,1,0.5,
System_Failure,rf_19_raw_window,42,4,91,90,1,4,11,20,1,0.61,1,0.5,
System_Failure,rf_19_raw_window,42,4,91,90,1,4,12,21,1,0.6766666666666666,1,0.5,
System_Failure,rf_19_raw_window,42,4,91,90,1,4,13,22,1,0.7033333333333334,1,0.5,
System_Failure,rf_19_raw_window,42,4,91,90,1,4,14,23,1,0.8333333333333334,1,0.5,
System_Failure,rf_19_raw_window,42,4,92,91,1,4,0,9,0,0.4066666666666667,0,0.5,
System_Failure,rf_19_raw_window,42,4,92,91,1,4,1,10,0,0.33666666666666667,0,0.5,
System_Failure,rf_19_raw_window,42,4,92,91,1,4,2,11,0,0.4,0,0.5,
System_Failure,rf_19_raw_window,42,4,92,91,1,4,3,12,0,0.41333333333333333,0,0.5,
System_Failure,rf_19_raw_window,42,4,92,91,1,4,4,13,0,0.63,1,0.5,
System_Failure,rf_19_raw_window,42,4,92,91,1,4,5,14,0,0.4666666666666667,0,0.5,
System_Failure,rf_19_raw_window,42,4,92,91,1,4,6,15,0,0.42333333333333334,0,0.5,
System_Failure,rf_19_raw_window,42,4,92,91,1,4,7,16,0,0.38333333333333336,0,0.5,
System_Failure,rf_19_raw_window,42,4,92,91,1,4,8,17,0,0.44,0,0.5,
System_Failure,rf_19_raw_window,42,4,92,91,1,4,9,18,0,0.4766666666666667,0,0.5,
System_Failure,rf_19_raw_window,42,4,92,91,1,4,10,19,1,0.73,1,0.5,
System_Failure,rf_19_raw_window,42,4,92,91,1,4,11,20,1,0.8133333333333334,1,0.5,
System_Failure,rf_19_raw_window,42,4,92,91,1,4,12,21,1,0.8866666666666667,1,0.5,
System_Failure,rf_19_raw_window,42,4,92,91,1,4,13,22,1,0.8633333333333333,1,0.5,
System_Failure,rf_19_raw_window,42,4,92,91,1,4,14,23,1,0.8833333333333333,1,0.5,
System_Failure,rf_19_raw_window,42,4,93,92,1,4,0,9,0,0.06333333333333334,0,0.5,
System_Failure,rf_19_raw_window,42,4,93,92,1,4,1,10,0,0.01,0,0.5,
System_Failure,rf_19_raw_window,42,4,93,92,1,4,2,11,0,0.02,0,0.5,
System_Failure,rf_19_raw_window,42,4,93,92,1,4,3,12,0,0.01,0,0.5,
System_Failure,rf_19_raw_window,42,4,93,92,1,4,4,13,0,0.016666666666666666,0,0.5,
System_Failure,rf_19_raw_window,42,4,93,92,1,4,5,14,0,0.10666666666666667,0,0.5,
System_Failure,rf_19_raw_window,42,4,93,92,1,4,6,15,0,0.09,0,0.5,
System_Failure,rf_19_raw_window,42,4,93,92,1,4,7,16,0,0.08666666666666667,0,0.5,
System_Failure,rf_19_raw_window,42,4,93,92,1,4,8,17,0,0.013333333333333334,0,0.5,
System_Failure,rf_19_raw_window,42,4,93,92,1,4,9,18,0,0.03,0,0.5,
System_Failure,rf_19_raw_window,42,4,93,92,1,4,10,19,0,0.023333333333333334,0,0.5,
System_Failure,rf_19_raw_window,42,4,93,92,1,4,11,20,0,0.01,0,0.5,
System_Failure,rf_19_raw_window,42,4,93,92,1,4,12,21,0,0.01,0,0.5,
System_Failure,rf_19_raw_window,42,4,93,92,1,4,13,22,0,0.006666666666666667,0,0.5,
System_Failure,rf_19_raw_window,42,4,93,92,1,4,14,23,0,0.01,0,0.5,
System_Failure,rf_19_raw_window,42,4,94,93,1,4,0,9,0,0.02,0,0.5,
System_Failure,rf_19_raw_window,42,4,94,93,1,4,1,10,0,0.03,0,0.5,
System_Failure,rf_19_raw_window,42,4,94,93,1,4,2,11,0,0.013333333333333334,0,0.5,
System_Failure,rf_19_raw_window,42,4,94,93,1,4,3,12,0,0.02,0,0.5,
System_Failure,rf_19_raw_window,42,4,94,93,1,4,4,13,0,0.02666666666666667,0,0.5,
System_Failure,rf_19_raw_window,42,4,94,93,1,4,5,14,0,0.08,0,0.5,
System_Failure,rf_19_raw_window,42,4,94,93,1,4,6,15,0,0.11666666666666667,0,0.5,
System_Failure,rf_19_raw_window,42,4,94,93,1,4,7,16,0,0.17333333333333334,0,0.5,
System_Failure,rf_19_raw_window,42,4,94,93,1,4,8,17,0,0.14333333333333334,0,0.5,
System_Failure,rf_19_raw_window,42,4,94,93,1,4,9,18,0,0.12,0,0.5,
System_Failure,rf_19_raw_window,42,4,94,93,1,4,10,19,0,0.16,0,0.5,
System_Failure,rf_19_raw_window,42,4,94,93,1,4,11,20,0,0.17666666666666667,0,0.5,
System_Failure,rf_19_raw_window,42,4,94,93,1,4,12,21,0,0.14333333333333334,0,0.5,
System_Failure,rf_19_raw_window,42,4,94,93,1,4,13,22,0,0.11333333333333333,0,0.5,
System_Failure,rf_19_raw_window,42,4,94,93,1,4,14,23,0,0.13,0,0.5,
System_Failure,rf_19_raw_window,42,4,95,94,1,4,0,9,1,0.5166666666666667,1,0.5,
System_Failure,rf_19_raw_window,42,4,95,94,1,4,1,10,1,0.4266666666666667,0,0.5,
System_Failure,rf_19_raw_window,42,4,95,94,1,4,2,11,1,0.3433333333333333,0,0.5,
System_Failure,rf_19_raw_window,42,4,95,94,1,4,3,12,1,0.54,1,0.5,
System_Failure,rf_19_raw_window,42,4,95,94,1,4,4,13,1,0.5033333333333333,1,0.5,
System_Failure,rf_19_raw_window,42,4,95,94,1,4,5,14,0,0.11666666666666667,0,0.5,
System_Failure,rf_19_raw_window,42,4,95,94,1,4,6,15,0,0.16333333333333333,0,0.5,
System_Failure,rf_19_raw_window,42,4,95,94,1,4,7,16,1,0.22666666666666666,0,0.5,
System_Failure,rf_19_raw_window,42,4,95,94,1,4,8,17,1,0.38,0,0.5,
System_Failure,rf_19_raw_window,42,4,95,94,1,4,9,18,1,0.4533333333333333,0,0.5,
System_Failure,rf_19_raw_window,42,4,95,94,1,4,10,19,1,0.55,1,0.5,
System_Failure,rf_19_raw_window,42,4,95,94,1,4,11,20,1,0.7633333333333333,1,0.5,
System_Failure,rf_19_raw_window,42,4,95,94,1,4,12,21,1,0.8066666666666666,1,0.5,
System_Failure,rf_19_raw_window,42,4,95,94,1,4,13,22,1,0.8966666666666666,1,0.5,
System_Failure,rf_19_raw_window,42,4,95,94,1,4,14,23,1,0.9033333333333333,1,0.5,
System_Failure,rf_19_raw_window,42,4,96,95,1,4,0,9,0,0.4533333333333333,0,0.5,
System_Failure,rf_19_raw_window,42,4,96,95,1,4,1,10,0,0.4266666666666667,0,0.5,
System_Failure,rf_19_raw_window,42,4,96,95,1,4,2,11,1,0.5333333333333333,1,0.5,
System_Failure,rf_19_raw_window,42,4,96,95,1,4,3,12,1,0.7533333333333333,1,0.5,
System_Failure,rf_19_raw_window,42,4,96,95,1,4,4,13,1,0.82,1,0.5,
System_Failure,rf_19_raw_window,42,4,96,95,1,4,5,14,1,0.9033333333333333,1,0.5,
System_Failure,rf_19_raw_window,42,4,96,95,1,4,6,15,1,0.9333333333333333,1,0.5,
System_Failure,rf_19_raw_window,42,4,97,96,1,4,0,9,0,0.12666666666666668,0,0.5,
System_Failure,rf_19_raw_window,42,4,97,96,1,4,1,10,0,0.3566666666666667,0,0.5,
System_Failure,rf_19_raw_window,42,4,97,96,1,4,2,11,0,0.056666666666666664,0,0.5,
System_Failure,rf_19_raw_window,42,4,97,96,1,4,3,12,0,0.0033333333333333335,0,0.5,
System_Failure,rf_19_raw_window,42,4,97,96,1,4,4,13,0,0.56,1,0.5,
System_Failure,rf_19_raw_window,42,4,97,96,1,4,5,14,0,0.19333333333333333,0,0.5,
System_Failure,rf_19_raw_window,42,4,97,96,1,4,6,15,0,0.19,0,0.5,
System_Failure,rf_19_raw_window,42,4,97,96,1,4,7,16,0,0.26,0,0.5,
System_Failure,rf_19_raw_window,42,4,97,96,1,4,8,17,0,0.45,0,0.5,
System_Failure,rf_19_raw_window,42,4,97,96,1,4,9,18,0,0.4866666666666667,0,0.5,
System_Failure,rf_19_raw_window,42,4,97,96,1,4,10,19,1,0.6566666666666666,1,0.5,
System_Failure,rf_19_raw_window,42,4,97,96,1,4,11,20,1,0.7666666666666667,1,0.5,
System_Failure,rf_19_raw_window,42,4,97,96,1,4,12,21,1,0.76,1,0.5,
System_Failure,rf_19_raw_window,42,4,97,96,1,4,13,22,1,0.95,1,0.5,
System_Failure,rf_19_raw_window,42,4,97,96,1,4,14,23,1,0.9633333333333334,1,0.5,
System_Failure,rf_19_raw_window,42,4,98,97,1,4,0,9,0,0.14666666666666667,0,0.5,
System_Failure,rf_19_raw_window,42,4,98,97,1,4,1,10,0,0.18333333333333332,0,0.5,
System_Failure,rf_19_raw_window,42,4,98,97,1,4,2,11,0,0.02,0,0.5,
System_Failure,rf_19_raw_window,42,4,98,97,1,4,3,12,0,0.013333333333333334,0,0.5,
System_Failure,rf_19_raw_window,42,4,98,97,1,4,4,13,0,0.12333333333333334,0,0.5,
System_Failure,rf_19_raw_window,42,4,98,97,1,4,5,14,0,0.07,0,0.5,
System_Failure,rf_19_raw_window,42,4,98,97,1,4,6,15,0,0.04,0,0.5,
System_Failure,rf_19_raw_window,42,4,98,97,1,4,7,16,0,0.09,0,0.5,
System_Failure,rf_19_raw_window,42,4,98,97,1,4,8,17,0,0.03,0,0.5,
System_Failure,rf_19_raw_window,42,4,98,97,1,4,9,18,0,0.01,0,0.5,
System_Failure,rf_19_raw_window,42,4,98,97,1,4,10,19,0,0.0,0,0.5,
System_Failure,rf_19_raw_window,42,4,98,97,1,4,11,20,0,0.0033333333333333335,0,0.5,
System_Failure,rf_19_raw_window,42,4,98,97,1,4,12,21,0,0.01,0,0.5,
System_Failure,rf_19_raw_window,42,4,98,97,1,4,13,22,0,0.006666666666666667,0,0.5,
System_Failure,rf_19_raw_window,42,4,98,97,1,4,14,23,0,0.006666666666666667,0,0.5,
System_Failure,rf_19_raw_window,42,4,99,98,1,4,0,9,1,0.7233333333333334,1,0.5,
System_Failure,rf_19_raw_window,42,4,99,98,1,4,1,10,1,0.7533333333333333,1,0.5,
System_Failure,rf_19_raw_window,42,4,99,98,1,4,2,11,1,0.75,1,0.5,
System_Failure,rf_19_raw_window,42,4,99,98,1,4,3,12,1,0.82,1,0.5,
System_Failure,rf_19_raw_window,42,4,99,98,1,4,4,13,1,0.8633333333333333,1,0.5,
System_Failure,rf_19_raw_window,42,4,99,98,1,4,5,14,1,0.8566666666666667,1,0.5,
System_Failure,rf_19_raw_window,42,4,99,98,1,4,6,15,1,0.82,1,0.5,
System_Failure,rf_19_raw_window,42,4,99,98,1,4,7,16,1,0.8366666666666667,1,0.5,
System_Failure,rf_19_raw_window,42,4,99,98,1,4,8,17,1,0.7933333333333333,1,0.5,
System_Failure,rf_19_raw_window,42,4,99,98,1,4,9,18,0,0.7933333333333333,1,0.5,
System_Failure,rf_19_raw_window,42,4,99,98,1,4,10,19,0,0.7866666666666666,1,0.5,
System_Failure,rf_19_raw_window,42,4,99,98,1,4,11,20,0,0.7766666666666666,1,0.5,
System_Failure,rf_19_raw_window,42,4,99,98,1,4,12,21,0,0.7233333333333334,1,0.5,
System_Failure,rf_19_raw_window,42,4,99,98,1,4,13,22,0,0.7733333333333333,1,0.5,
System_Failure,rf_19_raw_window,42,4,99,98,1,4,14,23,0,0.7966666666666666,1,0.5,
System_Failure,rf_19_raw_window,42,4,99,98,1,4,15,24,0,0.7666666666666667,1,0.5,
System_Failure,rf_19_raw_window,42,4,99,98,1,4,16,25,0,0.7,1,0.5,
System_Failure,rf_19_raw_window,42,4,99,98,1,4,17,26,0,0.65,1,0.5,
System_Failure,rf_19_raw_window,42,4,99,98,1,4,18,27,0,0.6333333333333333,1,0.5,
System_Failure,rf_19_raw_window,42,4,99,98,1,4,19,28,0,0.6133333333333333,1,0.5,
System_Failure,rf_19_raw_window,42,4,99,98,1,4,20,29,0,0.5033333333333333,1,0.5,
System_Failure,rf_19_raw_window,42,4,99,98,1,4,21,30,0,0.41,0,0.5,
System_Failure,rf_19_raw_window,42,4,99,98,1,4,22,31,0,0.4266666666666667,0,0.5,
System_Failure,rf_19_raw_window,42,4,99,98,1,4,23,32,0,0.4533333333333333,0,0.5,
System_Failure,rf_19_raw_window,42,4,99,98,1,4,24,33,0,0.44333333333333336,0,0.5,
System_Failure,rf_19_raw_window,42,4,99,98,1,4,25,34,0,0.4166666666666667,0,0.5,
System_Failure,rf_19_raw_window,42,4,99,98,1,4,26,35,0,0.41333333333333333,0,0.5,
System_Failure,rf_19_raw_window,42,4,99,98,1,4,27,36,0,0.38333333333333336,0,0.5,
System_Failure,rf_19_raw_window,42,4,99,98,1,4,28,37,0,0.37333333333333335,0,0.5,
System_Failure,rf_19_raw_window,42,4,99,98,1,4,29,38,0,0.37,0,0.5,
System_Failure,rf_19_raw_window,42,4,99,98,1,4,30,39,0,0.37,0,0.5,
System_Failure,rf_19_raw_window,42,4,99,98,1,4,31,40,0,0.37,0,0.5,
System_Failure,rf_19_raw_window,42,4,99,98,1,4,32,41,0,0.38666666666666666,0,0.5,
System_Failure,rf_19_raw_window,42,4,99,98,1,4,33,42,0,0.35333333333333333,0,0.5,
System_Failure,rf_19_raw_window,42,4,99,98,1,4,34,43,0,0.36666666666666664,0,0.5,
System_Failure,rf_19_raw_window,42,4,99,98,1,4,35,44,0,0.32666666666666666,0,0.5,
System_Failure,rf_19_raw_window,42,4,99,98,1,4,36,45,0,0.32,0,0.5,
System_Failure,rf_19_raw_window,42,4,99,98,1,4,37,46,0,0.4033333333333333,0,0.5,
System_Failure,rf_19_raw_window,42,4,99,98,1,4,38,47,0,0.5,0,0.5,
System_Failure,rf_19_raw_window,42,4,99,98,1,4,39,48,0,0.6133333333333333,1,0.5,
System_Failure,rf_19_raw_window,42,4,99,98,1,4,40,49,0,0.7166666666666667,1,0.5,
System_Failure,rf_19_raw_window,42,4,99,98,1,4,41,50,0,0.7,1,0.5,
System_Failure,rf_19_raw_window,42,4,99,98,1,4,42,51,0,0.7166666666666667,1,0.5,
System_Failure,rf_19_raw_window,42,4,99,98,1,4,43,52,0,0.7133333333333334,1,0.5,
System_Failure,rf_19_raw_window,42,4,99,98,1,4,44,53,0,0.6733333333333333,1,0.5,
System_Failure,rf_19_raw_window,42,4,99,98,1,4,45,54,0,0.03333333333333333,0,0.5,
System_Failure,rf_19_raw_window,42,4,99,98,1,4,46,55,0,0.016666666666666666,0,0.5,
System_Failure,rf_19_raw_window,42,4,99,98,1,4,47,56,0,0.0033333333333333335,0,0.5,
System_Failure,rf_19_raw_window,42,4,99,98,1,4,48,57,0,0.01,0,0.5,
System_Failure,rf_19_raw_window,42,4,99,98,1,4,49,58,0,0.016666666666666666,0,0.5,
System_Failure,rf_19_raw_window,42,4,99,98,1,4,50,59,0,0.10333333333333333,0,0.5,
System_Failure,rf_19_raw_window,42,4,99,98,1,4,51,60,0,0.03,0,0.5,
System_Failure,rf_19_raw_window,42,4,99,98,1,4,52,61,0,0.06,0,0.5,
System_Failure,rf_19_raw_window,42,4,99,98,1,4,53,62,0,0.05,0,0.5,
System_Failure,rf_19_raw_window,42,4,99,98,1,4,54,63,0,0.06333333333333334,0,0.5,
System_Failure,rf_19_raw_window,42,4,99,98,1,4,55,64,0,0.02,0,0.5,
System_Failure,rf_19_raw_window,42,4,99,98,1,4,56,65,1,0.03,0,0.5,
System_Failure,rf_19_raw_window,42,4,99,98,1,4,57,66,1,0.016666666666666666,0,0.5,
System_Failure,rf_19_raw_window,42,4,99,98,1,4,58,67,1,0.04666666666666667,0,0.5,
System_Failure,rf_19_raw_window,42,4,99,98,1,4,59,68,1,0.06333333333333334,0,0.5,
System_Failure,rf_19_raw_window,42,4,99,98,1,4,60,69,1,0.34,0,0.5,
System_Failure,rf_19_raw_window,42,4,99,98,1,4,61,70,1,0.4033333333333333,0,0.5,
System_Failure,rf_19_raw_window,42,4,99,98,1,4,62,71,1,0.42,0,0.5,
System_Failure,rf_19_raw_window,42,4,99,98,1,4,63,72,1,0.6633333333333333,1,0.5,
System_Failure,rf_19_raw_window,42,4,99,98,1,4,64,73,1,0.7433333333333333,1,0.5,
System_Failure,rf_19_raw_window,42,4,99,98,1,4,65,74,1,0.72,1,0.5,
System_Failure,rf_19_raw_window,42,4,99,98,1,4,66,75,1,0.6666666666666666,1,0.5,
System_Failure,rf_19_raw_window,42,4,99,98,1,4,67,76,1,0.7033333333333334,1,0.5,
System_Failure,rf_19_raw_window,42,4,99,98,1,4,68,77,1,0.6966666666666667,1,0.5,
System_Failure,rf_19_raw_window,42,4,99,98,1,4,69,78,1,0.7066666666666667,1,0.5,
System_Failure,rf_19_raw_window,42,4,99,98,1,4,70,79,1,0.7033333333333334,1,0.5,
System_Failure,rf_19_raw_window,42,4,99,98,1,4,71,80,1,0.71,1,0.5,
System_Failure,rf_19_raw_window,42,4,99,98,1,4,72,81,1,0.6766666666666666,1,0.5,
System_Failure,rf_19_raw_window,42,4,99,98,1,4,73,82,1,0.7733333333333333,1,0.5,
System_Failure,rf_19_raw_window,42,4,99,98,1,4,74,83,1,0.76,1,0.5,
System_Failure,rf_19_raw_window,42,4,99,98,1,4,75,84,1,0.7466666666666667,1,0.5,
System_Failure,rf_19_raw_window,42,4,99,98,1,4,76,85,0,0.7666666666666667,1,0.5,
System_Failure,rf_19_raw_window,42,4,99,98,1,4,77,86,0,0.7133333333333334,1,0.5,
System_Failure,rf_19_raw_window,42,4,99,98,1,4,78,87,0,0.6233333333333333,1,0.5,
System_Failure,rf_19_raw_window,42,4,99,98,1,4,79,88,0,0.6433333333333333,1,0.5,
System_Failure,rf_19_raw_window,42,4,99,98,1,4,80,89,0,0.6166666666666667,1,0.5,
System_Failure,rf_19_raw_window,42,4,99,98,1,4,81,90,0,0.6366666666666667,1,0.5,
System_Failure,rf_19_raw_window,42,4,99,98,1,4,82,91,0,0.5733333333333334,1,0.5,
System_Failure,rf_19_raw_window,42,4,99,98,1,4,83,92,0,0.48333333333333334,0,0.5,
System_Failure,rf_19_raw_window,42,4,99,98,1,4,84,93,0,0.49,0,0.5,
System_Failure,rf_19_raw_window,42,4,99,98,1,4,85,94,0,0.5,0,0.5,
System_Failure,rf_19_raw_window,42,4,99,98,1,4,86,95,0,0.43333333333333335,0,0.5,
System_Failure,rf_19_raw_window,42,4,99,98,1,4,87,96,0,0.51,1,0.5,
System_Failure,rf_19_raw_window,42,4,99,98,1,4,88,97,0,0.3333333333333333,0,0.5,
System_Failure,rf_19_raw_window,42,4,99,98,1,4,89,98,0,0.24666666666666667,0,0.5,
System_Failure,rf_19_raw_window,42,4,99,98,1,4,90,99,0,0.23,0,0.5,
System_Failure,rf_19_raw_window,42,4,99,98,1,4,91,100,0,0.24333333333333335,0,0.5,
System_Failure,rf_19_raw_window,42,4,100,99,1,4,0,9,0,0.03666666666666667,0,0.5,
System_Failure,rf_19_raw_window,42,4,100,99,1,4,1,10,0,0.04666666666666667,0,0.5,
System_Failure,rf_19_raw_window,42,4,100,99,1,4,2,11,0,0.05333333333333334,0,0.5,
System_Failure,rf_19_raw_window,42,4,100,99,1,4,3,12,0,0.03333333333333333,0,0.5,
System_Failure,rf_19_raw_window,42,4,100,99,1,4,4,13,0,0.07666666666666666,0,0.5,
System_Failure,rf_19_raw_window,42,4,100,99,1,4,5,14,0,0.20666666666666667,0,0.5,
System_Failure,rf_19_raw_window,42,4,100,99,1,4,6,15,0,0.21333333333333335,0,0.5,
System_Failure,rf_19_raw_window,42,4,100,99,1,4,7,16,0,0.2733333333333333,0,0.5,
System_Failure,rf_19_raw_window,42,4,100,99,1,4,8,17,0,0.08,0,0.5,
System_Failure,rf_19_raw_window,42,4,100,99,1,4,9,18,0,0.12333333333333334,0,0.5,
System_Failure,rf_19_raw_window,42,4,100,99,1,4,10,19,0,0.21,0,0.5,
System_Failure,rf_19_raw_window,42,4,100,99,1,4,11,20,0,0.29,0,0.5,
System_Failure,rf_19_raw_window,42,4,100,99,1,4,12,21,0,0.22666666666666666,0,0.5,
System_Failure,rf_19_raw_window,42,4,100,99,1,4,13,22,0,0.2,0,0.5,
System_Failure,rf_19_raw_window,42,4,100,99,1,4,14,23,0,0.12666666666666668,0,0.5,
System_Failure,rf_19_raw_window,42,5,101,100,1,5,0,9,0,0.25,0,0.5,
System_Failure,rf_19_raw_window,42,5,101,100,1,5,1,10,0,0.16333333333333333,0,0.5,
System_Failure,rf_19_raw_window,42,5,101,100,1,5,2,11,0,0.13666666666666666,0,0.5,
System_Failure,rf_19_raw_window,42,5,101,100,1,5,3,12,0,0.11666666666666667,0,0.5,
System_Failure,rf_19_raw_window,42,5,101,100,1,5,4,13,0,0.14666666666666667,0,0.5,
System_Failure,rf_19_raw_window,42,5,101,100,1,5,5,14,0,0.09666666666666666,0,0.5,
System_Failure,rf_19_raw_window,42,5,101,100,1,5,6,15,0,0.12,0,0.5,
System_Failure,rf_19_raw_window,42,5,101,100,1,5,7,16,0,0.14,0,0.5,
System_Failure,rf_19_raw_window,42,5,101,100,1,5,8,17,0,0.12,0,0.5,
System_Failure,rf_19_raw_window,42,5,101,100,1,5,9,18,0,0.1,0,0.5,
System_Failure,rf_19_raw_window,42,5,101,100,1,5,10,19,0,0.08,0,0.5,
System_Failure,rf_19_raw_window,42,5,101,100,1,5,11,20,0,0.09666666666666666,0,0.5,
System_Failure,rf_19_raw_window,42,5,101,100,1,5,12,21,0,0.11,0,0.5,
System_Failure,rf_19_raw_window,42,5,101,100,1,5,13,22,0,0.08666666666666667,0,0.5,
System_Failure,rf_19_raw_window,42,5,101,100,1,5,14,23,0,0.09,0,0.5,
System_Failure,rf_19_raw_window,42,5,102,101,1,5,0,9,0,0.36666666666666664,0,0.5,
System_Failure,rf_19_raw_window,42,5,102,101,1,5,1,10,0,0.22,0,0.5,
System_Failure,rf_19_raw_window,42,5,102,101,1,5,2,11,0,0.2,0,0.5,
System_Failure,rf_19_raw_window,42,5,102,101,1,5,3,12,0,0.26666666666666666,0,0.5,
System_Failure,rf_19_raw_window,42,5,102,101,1,5,4,13,0,0.18333333333333332,0,0.5,
System_Failure,rf_19_raw_window,42,5,102,101,1,5,5,14,0,0.08666666666666667,0,0.5,
System_Failure,rf_19_raw_window,42,5,102,101,1,5,6,15,0,0.07666666666666666,0,0.5,
System_Failure,rf_19_raw_window,42,5,102,101,1,5,7,16,0,0.14,0,0.5,
System_Failure,rf_19_raw_window,42,5,102,101,1,5,8,17,0,0.14,0,0.5,
System_Failure,rf_19_raw_window,42,5,102,101,1,5,9,18,0,0.13,0,0.5,
System_Failure,rf_19_raw_window,42,5,102,101,1,5,10,19,0,0.06666666666666667,0,0.5,
System_Failure,rf_19_raw_window,42,5,102,101,1,5,11,20,0,0.11,0,0.5,
System_Failure,rf_19_raw_window,42,5,102,101,1,5,12,21,0,0.11,0,0.5,
System_Failure,rf_19_raw_window,42,5,102,101,1,5,13,22,0,0.15666666666666668,0,0.5,
System_Failure,rf_19_raw_window,42,5,102,101,1,5,14,23,0,0.16,0,0.5,
System_Failure,rf_19_raw_window,42,5,103,102,1,5,0,9,1,0.69,1,0.5,
System_Failure,rf_19_raw_window,42,5,103,102,1,5,1,10,1,0.7,1,0.5,
System_Failure,rf_19_raw_window,42,5,103,102,1,5,2,11,1,0.7533333333333333,1,0.5,
System_Failure,rf_19_raw_window,42,5,103,102,1,5,3,12,1,0.7466666666666667,1,0.5,
System_Failure,rf_19_raw_window,42,5,103,102,1,5,4,13,1,0.71,1,0.5,
System_Failure,rf_19_raw_window,42,5,103,102,1,5,5,14,1,0.7933333333333333,1,0.5,
System_Failure,rf_19_raw_window,42,5,103,102,1,5,6,15,1,0.7533333333333333,1,0.5,
System_Failure,rf_19_raw_window,42,5,103,102,1,5,7,16,0,0.7033333333333334,1,0.5,
System_Failure,rf_19_raw_window,42,5,103,102,1,5,8,17,0,0.6933333333333334,1,0.5,
System_Failure,rf_19_raw_window,42,5,103,102,1,5,9,18,0,0.58,1,0.5,
System_Failure,rf_19_raw_window,42,5,103,102,1,5,10,19,0,0.39,0,0.5,
System_Failure,rf_19_raw_window,42,5,103,102,1,5,11,20,0,0.4066666666666667,0,0.5,
System_Failure,rf_19_raw_window,42,5,103,102,1,5,12,21,0,0.35333333333333333,0,0.5,
System_Failure,rf_19_raw_window,42,5,103,102,1,5,13,22,0,0.3566666666666667,0,0.5,
System_Failure,rf_19_raw_window,42,5,103,102,1,5,14,23,0,0.33666666666666667,0,0.5,
System_Failure,rf_19_raw_window,42,5,103,102,1,5,15,24,0,0.44,0,0.5,
System_Failure,rf_19_raw_window,42,5,103,102,1,5,16,25,1,0.4633333333333333,0,0.5,
System_Failure,rf_19_raw_window,42,5,103,102,1,5,17,26,1,0.4666666666666667,0,0.5,
System_Failure,rf_19_raw_window,42,5,103,102,1,5,18,27,1,0.45,0,0.5,
System_Failure,rf_19_raw_window,42,5,103,102,1,5,19,28,1,0.62,1,0.5,
System_Failure,rf_19_raw_window,42,5,103,102,1,5,20,29,1,0.72,1,0.5,
System_Failure,rf_19_raw_window,42,5,103,102,1,5,21,30,1,0.7533333333333333,1,0.5,
System_Failure,rf_19_raw_window,42,5,103,102,1,5,22,31,1,0.6633333333333333,1,0.5,
System_Failure,rf_19_raw_window,42,5,103,102,1,5,23,32,1,0.61,1,0.5,
System_Failure,rf_19_raw_window,42,5,103,102,1,5,24,33,1,0.5433333333333333,1,0.5,
System_Failure,rf_19_raw_window,42,5,103,102,1,5,25,34,1,0.56,1,0.5,
System_Failure,rf_19_raw_window,42,5,103,102,1,5,26,35,1,0.5366666666666666,1,0.5,
System_Failure,rf_19_raw_window,42,5,103,102,1,5,27,36,1,0.53,1,0.5,
System_Failure,rf_19_raw_window,42,5,103,102,1,5,28,37,1,0.5533333333333333,1,0.5,
System_Failure,rf_19_raw_window,42,5,103,102,1,5,29,38,1,0.5766666666666667,1,0.5,
System_Failure,rf_19_raw_window,42,5,103,102,1,5,30,39,1,0.5866666666666667,1,0.5,
System_Failure,rf_19_raw_window,42,5,103,102,1,5,31,40,1,0.54,1,0.5,
System_Failure,rf_19_raw_window,42,5,103,102,1,5,32,41,1,0.6233333333333333,1,0.5,
System_Failure,rf_19_raw_window,42,5,103,102,1,5,33,42,1,0.64,1,0.5,
System_Failure,rf_19_raw_window,42,5,103,102,1,5,34,43,1,0.6566666666666666,1,0.5,
System_Failure,rf_19_raw_window,42,5,103,102,1,5,35,44,1,0.65,1,0.5,
System_Failure,rf_19_raw_window,42,5,103,102,1,5,36,45,1,0.45666666666666667,0,0.5,
System_Failure,rf_19_raw_window,42,5,103,102,1,5,37,46,1,0.2966666666666667,0,0.5,
System_Failure,rf_19_raw_window,42,5,103,102,1,5,38,47,1,0.12,0,0.5,
System_Failure,rf_19_raw_window,42,5,103,102,1,5,39,48,0,0.12666666666666668,0,0.5,
System_Failure,rf_19_raw_window,42,5,103,102,1,5,40,49,0,0.12,0,0.5,
System_Failure,rf_19_raw_window,42,5,103,102,1,5,41,50,0,0.1,0,0.5,
System_Failure,rf_19_raw_window,42,5,103,102,1,5,42,51,0,0.08,0,0.5,
System_Failure,rf_19_raw_window,42,5,103,102,1,5,43,52,0,0.5,0,0.5,
System_Failure,rf_19_raw_window,42,5,103,102,1,5,44,53,0,0.37,0,0.5,
System_Failure,rf_19_raw_window,42,5,103,102,1,5,45,54,0,0.38666666666666666,0,0.5,
System_Failure,rf_19_raw_window,42,5,103,102,1,5,46,55,0,0.4,0,0.5,
System_Failure,rf_19_raw_window,42,5,103,102,1,5,47,56,0,0.41333333333333333,0,0.5,
System_Failure,rf_19_raw_window,42,5,103,102,1,5,48,57,0,0.4166666666666667,0,0.5,
System_Failure,rf_19_raw_window,42,5,103,102,1,5,49,58,0,0.65,1,0.5,
System_Failure,rf_19_raw_window,42,5,103,102,1,5,50,59,0,0.7666666666666667,1,0.5,
System_Failure,rf_19_raw_window,42,5,103,102,1,5,51,60,0,0.7033333333333334,1,0.5,
System_Failure,rf_19_raw_window,42,5,103,102,1,5,52,61,0,0.59,1,0.5,
System_Failure,rf_19_raw_window,42,5,103,102,1,5,53,62,0,0.43333333333333335,0,0.5,
System_Failure,rf_19_raw_window,42,5,104,103,1,5,0,9,0,0.04666666666666667,0,0.5,
System_Failure,rf_19_raw_window,42,5,104,103,1,5,1,10,0,0.04666666666666667,0,0.5,
System_Failure,rf_19_raw_window,42,5,105,104,1,5,0,9,1,0.5666666666666667,1,0.5,
System_Failure,rf_19_raw_window,42,5,105,104,1,5,1,10,1,0.5166666666666667,1,0.5,
System_Failure,rf_19_raw_window,42,5,105,104,1,5,2,11,1,0.30666666666666664,0,0.5,
System_Failure,rf_19_raw_window,42,5,105,104,1,5,3,12,1,0.2,0,0.5,
System_Failure,rf_19_raw_window,42,5,105,104,1,5,4,13,0,0.056666666666666664,0,0.5,
System_Failure,rf_19_raw_window,42,5,105,104,1,5,5,14,0,0.05,0,0.5,
System_Failure,rf_19_raw_window,42,5,105,104,1,5,6,15,1,0.08333333333333333,0,0.5,
System_Failure,rf_19_raw_window,42,5,105,104,1,5,7,16,1,0.26,0,0.5,
System_Failure,rf_19_raw_window,42,5,105,104,1,5,8,17,1,0.28,0,0.5,
System_Failure,rf_19_raw_window,42,5,105,104,1,5,9,18,1,0.6033333333333334,1,0.5,
System_Failure,rf_19_raw_window,42,5,105,104,1,5,10,19,1,0.6833333333333333,1,0.5,
System_Failure,rf_19_raw_window,42,5,105,104,1,5,11,20,1,0.57,1,0.5,
System_Failure,rf_19_raw_window,42,5,105,104,1,5,12,21,1,0.87,1,0.5,
System_Failure,rf_19_raw_window,42,5,105,104,1,5,13,22,1,0.8666666666666667,1,0.5,
System_Failure,rf_19_raw_window,42,5,106,105,1,5,0,9,0,0.07333333333333333,0,0.5,
System_Failure,rf_19_raw_window,42,5,106,105,1,5,1,10,0,0.10666666666666667,0,0.5,
System_Failure,rf_19_raw_window,42,5,106,105,1,5,2,11,0,0.08333333333333333,0,0.5,
System_Failure,rf_19_raw_window,42,5,106,105,1,5,3,12,0,0.04666666666666667,0,0.5,
System_Failure,rf_19_raw_window,42,5,106,105,1,5,4,13,0,0.06333333333333334,0,0.5,
System_Failure,rf_19_raw_window,42,5,106,105,1,5,5,14,0,0.10666666666666667,0,0.5,
System_Failure,rf_19_raw_window,42,5,106,105,1,5,6,15,0,0.09666666666666666,0,0.5,
System_Failure,rf_19_raw_window,42,5,106,105,1,5,7,16,0,0.16333333333333333,0,0.5,
System_Failure,rf_19_raw_window,42,5,106,105,1,5,8,17,0,0.07,0,0.5,
System_Failure,rf_19_raw_window,42,5,106,105,1,5,9,18,0,0.08333333333333333,0,0.5,
System_Failure,rf_19_raw_window,42,5,106,105,1,5,10,19,0,0.07333333333333333,0,0.5,
System_Failure,rf_19_raw_window,42,5,106,105,1,5,11,20,0,0.08333333333333333,0,0.5,
System_Failure,rf_19_raw_window,42,5,106,105,1,5,12,21,0,0.05,0,0.5,
System_Failure,rf_19_raw_window,42,5,106,105,1,5,13,22,0,0.03333333333333333,0,0.5,
System_Failure,rf_19_raw_window,42,5,106,105,1,5,14,23,0,0.04,0,0.5,
System_Failure,rf_19_raw_window,42,5,107,106,1,5,0,9,0,0.043333333333333335,0,0.5,
System_Failure,rf_19_raw_window,42,5,107,106,1,5,1,10,0,0.043333333333333335,0,0.5,
System_Failure,rf_19_raw_window,42,5,107,106,1,5,2,11,0,0.03,0,0.5,
System_Failure,rf_19_raw_window,42,5,107,106,1,5,3,12,0,0.05333333333333334,0,0.5,
System_Failure,rf_19_raw_window,42,5,107,106,1,5,4,13,0,0.09,0,0.5,
System_Failure,rf_19_raw_window,42,5,107,106,1,5,5,14,0,0.07,0,0.5,
System_Failure,rf_19_raw_window,42,5,107,106,1,5,6,15,0,0.043333333333333335,0,0.5,
System_Failure,rf_19_raw_window,42,5,107,106,1,5,7,16,0,0.06333333333333334,0,0.5,
System_Failure,rf_19_raw_window,42,5,107,106,1,5,8,17,0,0.11666666666666667,0,0.5,
System_Failure,rf_19_raw_window,42,5,107,106,1,5,9,18,0,0.12666666666666668,0,0.5,
System_Failure,rf_19_raw_window,42,5,107,106,1,5,10,19,0,0.13,0,0.5,
System_Failure,rf_19_raw_window,42,5,107,106,1,5,11,20,0,0.07333333333333333,0,0.5,
System_Failure,rf_19_raw_window,42,5,107,106,1,5,12,21,0,0.09,0,0.5,
System_Failure,rf_19_raw_window,42,5,107,106,1,5,13,22,0,0.08666666666666667,0,0.5,
System_Failure,rf_19_raw_window,42,5,107,106,1,5,14,23,0,0.08666666666666667,0,0.5,
System_Failure,rf_19_raw_window,42,5,108,107,1,5,0,9,1,0.8333333333333334,1,0.5,
System_Failure,rf_19_raw_window,42,5,108,107,1,5,1,10,1,0.86,1,0.5,
System_Failure,rf_19_raw_window,42,5,108,107,1,5,2,11,1,0.85,1,0.5,
System_Failure,rf_19_raw_window,42,5,108,107,1,5,3,12,1,0.8133333333333334,1,0.5,
System_Failure,rf_19_raw_window,42,5,108,107,1,5,4,13,1,0.8233333333333334,1,0.5,
System_Failure,rf_19_raw_window,42,5,108,107,1,5,5,14,1,0.7166666666666667,1,0.5,
System_Failure,rf_19_raw_window,42,5,108,107,1,5,6,15,1,0.5766666666666667,1,0.5,
System_Failure,rf_19_raw_window,42,5,108,107,1,5,7,16,1,0.5366666666666666,1,0.5,
System_Failure,rf_19_raw_window,42,5,108,107,1,5,8,17,1,0.56,1,0.5,
System_Failure,rf_19_raw_window,42,5,108,107,1,5,9,18,1,0.51,1,0.5,
System_Failure,rf_19_raw_window,42,5,108,107,1,5,10,19,1,0.5633333333333334,1,0.5,
System_Failure,rf_19_raw_window,42,5,108,107,1,5,11,20,1,0.6266666666666667,1,0.5,
System_Failure,rf_19_raw_window,42,5,108,107,1,5,12,21,1,0.5433333333333333,1,0.5,
System_Failure,rf_19_raw_window,42,5,108,107,1,5,13,22,1,0.53,1,0.5,
System_Failure,rf_19_raw_window,42,5,108,107,1,5,14,23,1,0.5433333333333333,1,0.5,
System_Failure,rf_19_raw_window,42,5,108,107,1,5,15,24,1,0.5033333333333333,1,0.5,
System_Failure,rf_19_raw_window,42,5,108,107,1,5,16,25,1,0.51,1,0.5,
System_Failure,rf_19_raw_window,42,5,108,107,1,5,17,26,1,0.49,0,0.5,
System_Failure,rf_19_raw_window,42,5,108,107,1,5,18,27,1,0.5,0,0.5,
System_Failure,rf_19_raw_window,42,5,108,107,1,5,19,28,1,0.37,0,0.5,
System_Failure,rf_19_raw_window,42,5,108,107,1,5,20,29,1,0.20666666666666667,0,0.5,
System_Failure,rf_19_raw_window,42,5,108,107,1,5,21,30,0,0.14666666666666667,0,0.5,
System_Failure,rf_19_raw_window,42,5,108,107,1,5,22,31,0,0.16666666666666666,0,0.5,
System_Failure,rf_19_raw_window,42,5,108,107,1,5,23,32,0,0.16,0,0.5,
System_Failure,rf_19_raw_window,42,5,108,107,1,5,24,33,0,0.24666666666666667,0,0.5,
System_Failure,rf_19_raw_window,42,5,108,107,1,5,25,34,0,0.07333333333333333,0,0.5,
System_Failure,rf_19_raw_window,42,5,108,107,1,5,26,35,0,0.06,0,0.5,
System_Failure,rf_19_raw_window,42,5,108,107,1,5,27,36,0,0.29333333333333333,0,0.5,
System_Failure,rf_19_raw_window,42,5,108,107,1,5,28,37,0,0.26,0,0.5,
System_Failure,rf_19_raw_window,42,5,108,107,1,5,29,38,0,0.44,0,0.5,
System_Failure,rf_19_raw_window,42,5,108,107,1,5,30,39,0,0.36666666666666664,0,0.5,
System_Failure,rf_19_raw_window,42,5,108,107,1,5,31,40,0,0.21333333333333335,0,0.5,
System_Failure,rf_19_raw_window,42,5,108,107,1,5,32,41,0,0.10333333333333333,0,0.5,
System_Failure,rf_19_raw_window,42,5,108,107,1,5,33,42,0,0.12666666666666668,0,0.5,
System_Failure,rf_19_raw_window,42,5,108,107,1,5,34,43,0,0.056666666666666664,0,0.5,
System_Failure,rf_19_raw_window,42,5,108,107,1,5,35,44,0,0.17,0,0.5,
System_Failure,rf_19_raw_window,42,5,108,107,1,5,36,45,0,0.13,0,0.5,
System_Failure,rf_19_raw_window,42,5,108,107,1,5,37,46,0,0.07,0,0.5,
System_Failure,rf_19_raw_window,42,5,108,107,1,5,38,47,0,0.03,0,0.5,
System_Failure,rf_19_raw_window,42,5,108,107,1,5,39,48,0,0.03333333333333333,0,0.5,
System_Failure,rf_19_raw_window,42,5,108,107,1,5,40,49,0,0.05333333333333334,0,0.5,
System_Failure,rf_19_raw_window,42,5,108,107,1,5,41,50,0,0.056666666666666664,0,0.5,
System_Failure,rf_19_raw_window,42,5,108,107,1,5,42,51,0,0.05,0,0.5,
System_Failure,rf_19_raw_window,42,5,108,107,1,5,43,52,0,0.08,0,0.5,
System_Failure,rf_19_raw_window,42,5,108,107,1,5,44,53,0,0.09,0,0.5,
System_Failure,rf_19_raw_window,42,5,108,107,1,5,45,54,0,0.23,0,0.5,
System_Failure,rf_19_raw_window,42,5,108,107,1,5,46,55,0,0.45,0,0.5,
System_Failure,rf_19_raw_window,42,5,109,108,1,5,0,9,0,0.08666666666666667,0,0.5,
System_Failure,rf_19_raw_window,42,5,109,108,1,5,1,10,0,0.18666666666666668,0,0.5,
System_Failure,rf_19_raw_window,42,5,109,108,1,5,2,11,0,0.11,0,0.5,
System_Failure,rf_19_raw_window,42,5,109,108,1,5,3,12,0,0.06666666666666667,0,0.5,
System_Failure,rf_19_raw_window,42,5,109,108,1,5,4,13,0,0.09,0,0.5,
System_Failure,rf_19_raw_window,42,5,109,108,1,5,5,14,0,0.09666666666666666,0,0.5,
System_Failure,rf_19_raw_window,42,5,109,108,1,5,6,15,0,0.09,0,0.5,
System_Failure,rf_19_raw_window,42,5,109,108,1,5,7,16,0,0.12,0,0.5,
System_Failure,rf_19_raw_window,42,5,109,108,1,5,8,17,0,0.19333333333333333,0,0.5,
System_Failure,rf_19_raw_window,42,5,109,108,1,5,9,18,0,0.12333333333333334,0,0.5,
System_Failure,rf_19_raw_window,42,5,109,108,1,5,10,19,0,0.13333333333333333,0,0.5,
System_Failure,rf_19_raw_window,42,5,109,108,1,5,11,20,0,0.12,0,0.5,
System_Failure,rf_19_raw_window,42,5,109,108,1,5,12,21,0,0.09,0,0.5,
System_Failure,rf_19_raw_window,42,5,109,108,1,5,13,22,0,0.15,0,0.5,
System_Failure,rf_19_raw_window,42,5,109,108,1,5,14,23,0,0.16666666666666666,0,0.5,
System_Failure,rf_19_raw_window,42,5,110,109,1,5,0,9,0,0.17,0,0.5,
System_Failure,rf_19_raw_window,42,5,110,109,1,5,1,10,0,0.22333333333333333,0,0.5,
System_Failure,rf_19_raw_window,42,5,110,109,1,5,2,11,0,0.18,0,0.5,
System_Failure,rf_19_raw_window,42,5,110,109,1,5,3,12,0,0.34,0,0.5,
System_Failure,rf_19_raw_window,42,5,111,110,1,5,0,9,0,0.30333333333333334,0,0.5,
System_Failure,rf_19_raw_window,42,5,111,110,1,5,1,10,0,0.18,0,0.5,
System_Failure,rf_19_raw_window,42,5,111,110,1,5,2,11,0,0.12,0,0.5,
System_Failure,rf_19_raw_window,42,5,111,110,1,5,3,12,0,0.1,0,0.5,
System_Failure,rf_19_raw_window,42,5,111,110,1,5,4,13,0,0.06666666666666667,0,0.5,
System_Failure,rf_19_raw_window,42,5,111,110,1,5,5,14,0,0.06666666666666667,0,0.5,
System_Failure,rf_19_raw_window,42,5,111,110,1,5,6,15,0,0.10666666666666667,0,0.5,
System_Failure,rf_19_raw_window,42,5,111,110,1,5,7,16,0,0.16,0,0.5,
System_Failure,rf_19_raw_window,42,5,111,110,1,5,8,17,0,0.22666666666666666,0,0.5,
System_Failure,rf_19_raw_window,42,5,111,110,1,5,9,18,0,0.18333333333333332,0,0.5,
System_Failure,rf_19_raw_window,42,5,111,110,1,5,10,19,0,0.13333333333333333,0,0.5,
System_Failure,rf_19_raw_window,42,5,111,110,1,5,11,20,0,0.06666666666666667,0,0.5,
System_Failure,rf_19_raw_window,42,5,111,110,1,5,12,21,0,0.15666666666666668,0,0.5,
System_Failure,rf_19_raw_window,42,5,111,110,1,5,13,22,0,0.19666666666666666,0,0.5,
System_Failure,rf_19_raw_window,42,5,111,110,1,5,14,23,0,0.10333333333333333,0,0.5,
System_Failure,rf_19_raw_window,42,5,111,110,1,5,15,24,0,0.10666666666666667,0,0.5,
System_Failure,rf_19_raw_window,42,5,112,111,1,5,0,9,0,0.12666666666666668,0,0.5,
System_Failure,rf_19_raw_window,42,5,112,111,1,5,1,10,0,0.043333333333333335,0,0.5,
System_Failure,rf_19_raw_window,42,5,112,111,1,5,2,11,0,0.03666666666666667,0,0.5,
System_Failure,rf_19_raw_window,42,5,112,111,1,5,3,12,0,0.02666666666666667,0,0.5,
System_Failure,rf_19_raw_window,42,5,112,111,1,5,4,13,0,0.05,0,0.5,
System_Failure,rf_19_raw_window,42,5,112,111,1,5,5,14,0,0.06666666666666667,0,0.5,
System_Failure,rf_19_raw_window,42,5,112,111,1,5,6,15,0,0.06666666666666667,0,0.5,
System_Failure,rf_19_raw_window,42,5,112,111,1,5,7,16,0,0.12666666666666668,0,0.5,
System_Failure,rf_19_raw_window,42,5,112,111,1,5,8,17,0,0.16333333333333333,0,0.5,
System_Failure,rf_19_raw_window,42,5,112,111,1,5,9,18,0,0.043333333333333335,0,0.5,
System_Failure,rf_19_raw_window,42,5,112,111,1,5,10,19,0,0.016666666666666666,0,0.5,
System_Failure,rf_19_raw_window,42,5,112,111,1,5,11,20,0,0.016666666666666666,0,0.5,
System_Failure,rf_19_raw_window,42,5,112,111,1,5,12,21,0,0.016666666666666666,0,0.5,
System_Failure,rf_19_raw_window,42,5,112,111,1,5,13,22,0,0.03333333333333333,0,0.5,
System_Failure,rf_19_raw_window,42,5,112,111,1,5,14,23,0,0.056666666666666664,0,0.5,
System_Failure,rf_19_raw_window,42,5,113,112,1,5,0,9,0,0.15,0,0.5,
System_Failure,rf_19_raw_window,42,5,113,112,1,5,1,10,0,0.30666666666666664,0,0.5,
System_Failure,rf_19_raw_window,42,5,113,112,1,5,2,11,0,0.04666666666666667,0,0.5,
System_Failure,rf_19_raw_window,42,5,113,112,1,5,3,12,0,0.056666666666666664,0,0.5,
System_Failure,rf_19_raw_window,42,5,113,112,1,5,4,13,0,0.07333333333333333,0,0.5,
System_Failure,rf_19_raw_window,42,5,113,112,1,5,5,14,0,0.08333333333333333,0,0.5,
System_Failure,rf_19_raw_window,42,5,113,112,1,5,6,15,0,0.11333333333333333,0,0.5,
System_Failure,rf_19_raw_window,42,5,113,112,1,5,7,16,0,0.16333333333333333,0,0.5,
System_Failure,rf_19_raw_window,42,5,113,112,1,5,8,17,0,0.056666666666666664,0,0.5,
System_Failure,rf_19_raw_window,42,5,113,112,1,5,9,18,0,0.056666666666666664,0,0.5,
System_Failure,rf_19_raw_window,42,5,113,112,1,5,10,19,0,0.09,0,0.5,
System_Failure,rf_19_raw_window,42,5,113,112,1,5,11,20,0,0.07,0,0.5,
System_Failure,rf_19_raw_window,42,5,113,112,1,5,12,21,0,0.07,0,0.5,
System_Failure,rf_19_raw_window,42,5,113,112,1,5,13,22,0,0.06333333333333334,0,0.5,
System_Failure,rf_19_raw_window,42,5,113,112,1,5,14,23,0,0.07333333333333333,0,0.5,
System_Failure,rf_19_raw_window,42,5,114,113,1,5,0,9,0,0.3233333333333333,0,0.5,
System_Failure,rf_19_raw_window,42,5,114,113,1,5,1,10,0,0.19,0,0.5,
System_Failure,rf_19_raw_window,42,5,114,113,1,5,2,11,0,0.20333333333333334,0,0.5,
System_Failure,rf_19_raw_window,42,5,114,113,1,5,3,12,0,0.22666666666666666,0,0.5,
System_Failure,rf_19_raw_window,42,5,114,113,1,5,4,13,0,0.11333333333333333,0,0.5,
System_Failure,rf_19_raw_window,42,5,114,113,1,5,5,14,0,0.20333333333333334,0,0.5,
System_Failure,rf_19_raw_window,42,5,114,113,1,5,6,15,0,0.14,0,0.5,
System_Failure,rf_19_raw_window,42,5,114,113,1,5,7,16,0,0.17,0,0.5,
System_Failure,rf_19_raw_window,42,5,114,113,1,5,8,17,0,0.17333333333333334,0,0.5,
System_Failure,rf_19_raw_window,42,5,114,113,1,5,9,18,0,0.08333333333333333,0,0.5,
System_Failure,rf_19_raw_window,42,5,114,113,1,5,10,19,0,0.05,0,0.5,
System_Failure,rf_19_raw_window,42,5,114,113,1,5,11,20,0,0.03,0,0.5,
System_Failure,rf_19_raw_window,42,5,114,113,1,5,12,21,0,0.056666666666666664,0,0.5,
System_Failure,rf_19_raw_window,42,5,114,113,1,5,13,22,0,0.04666666666666667,0,0.5,
System_Failure,rf_19_raw_window,42,5,114,113,1,5,14,23,0,0.03,0,0.5,
System_Failure,rf_19_raw_window,42,5,114,113,1,5,15,24,0,0.03666666666666667,0,0.5,
System_Failure,rf_19_raw_window,42,5,115,114,1,5,0,9,1,0.8533333333333334,1,0.5,
System_Failure,rf_19_raw_window,42,5,115,114,1,5,1,10,1,0.9066666666666666,1,0.5,
System_Failure,rf_19_raw_window,42,5,115,114,1,5,2,11,1,0.9266666666666666,1,0.5,
System_Failure,rf_19_raw_window,42,5,115,114,1,5,3,12,1,0.8633333333333333,1,0.5,
System_Failure,rf_19_raw_window,42,5,115,114,1,5,4,13,1,0.8166666666666667,1,0.5,
System_Failure,rf_19_raw_window,42,5,115,114,1,5,5,14,1,0.75,1,0.5,
System_Failure,rf_19_raw_window,42,5,115,114,1,5,6,15,0,0.68,1,0.5,
System_Failure,rf_19_raw_window,42,5,115,114,1,5,7,16,0,0.6633333333333333,1,0.5,
System_Failure,rf_19_raw_window,42,5,115,114,1,5,8,17,0,0.6433333333333333,1,0.5,
System_Failure,rf_19_raw_window,42,5,115,114,1,5,9,18,0,0.5433333333333333,1,0.5,
System_Failure,rf_19_raw_window,42,5,115,114,1,5,10,19,0,0.4,0,0.5,
System_Failure,rf_19_raw_window,42,5,115,114,1,5,11,20,0,0.31333333333333335,0,0.5,
System_Failure,rf_19_raw_window,42,5,115,114,1,5,12,21,0,0.3466666666666667,0,0.5,
System_Failure,rf_19_raw_window,42,5,115,114,1,5,13,22,0,0.32666666666666666,0,0.5,
System_Failure,rf_19_raw_window,42,5,115,114,1,5,14,23,0,0.4033333333333333,0,0.5,
System_Failure,rf_19_raw_window,42,5,115,114,1,5,15,24,0,0.39,0,0.5,
System_Failure,rf_19_raw_window,42,5,115,114,1,5,16,25,0,0.38333333333333336,0,0.5,
System_Failure,rf_19_raw_window,42,5,115,114,1,5,17,26,0,0.35333333333333333,0,0.5,
System_Failure,rf_19_raw_window,42,5,115,114,1,5,18,27,0,0.3566666666666667,0,0.5,
System_Failure,rf_19_raw_window,42,5,115,114,1,5,19,28,0,0.37,0,0.5,
System_Failure,rf_19_raw_window,42,5,115,114,1,5,20,29,0,0.5366666666666666,1,0.5,
System_Failure,rf_19_raw_window,42,5,115,114,1,5,21,30,0,0.33666666666666667,0,0.5,
System_Failure,rf_19_raw_window,42,5,115,114,1,5,22,31,0,0.30333333333333334,0,0.5,
System_Failure,rf_19_raw_window,42,5,115,114,1,5,23,32,0,0.37,0,0.5,
System_Failure,rf_19_raw_window,42,5,115,114,1,5,24,33,0,0.28,0,0.5,
System_Failure,rf_19_raw_window,42,5,115,114,1,5,25,34,0,0.24666666666666667,0,0.5,
System_Failure,rf_19_raw_window,42,5,115,114,1,5,26,35,0,0.06666666666666667,0,0.5,
System_Failure,rf_19_raw_window,42,5,115,114,1,5,27,36,0,0.06666666666666667,0,0.5,
System_Failure,rf_19_raw_window,42,5,115,114,1,5,28,37,0,0.08333333333333333,0,0.5,
System_Failure,rf_19_raw_window,42,5,115,114,1,5,29,38,0,0.06666666666666667,0,0.5,
System_Failure,rf_19_raw_window,42,5,115,114,1,5,30,39,0,0.04,0,0.5,
System_Failure,rf_19_raw_window,42,5,115,114,1,5,31,40,0,0.08,0,0.5,
System_Failure,rf_19_raw_window,42,5,115,114,1,5,32,41,0,0.07333333333333333,0,0.5,
System_Failure,rf_19_raw_window,42,5,115,114,1,5,33,42,0,0.13333333333333333,0,0.5,
System_Failure,rf_19_raw_window,42,5,115,114,1,5,34,43,0,0.12333333333333334,0,0.5,
System_Failure,rf_19_raw_window,42,5,115,114,1,5,35,44,0,0.11333333333333333,0,0.5,
System_Failure,rf_19_raw_window,42,5,115,114,1,5,36,45,0,0.18,0,0.5,
System_Failure,rf_19_raw_window,42,5,115,114,1,5,37,46,0,0.20333333333333334,0,0.5,
System_Failure,rf_19_raw_window,42,5,115,114,1,5,38,47,0,0.24,0,0.5,
System_Failure,rf_19_raw_window,42,5,115,114,1,5,39,48,0,0.25,0,0.5,
System_Failure,rf_19_raw_window,42,5,115,114,1,5,40,49,0,0.45666666666666667,0,0.5,
System_Failure,rf_19_raw_window,42,5,115,114,1,5,41,50,0,0.38,0,0.5,
System_Failure,rf_19_raw_window,42,5,115,114,1,5,42,51,0,0.12666666666666668,0,0.5,
System_Failure,rf_19_raw_window,42,5,116,115,1,5,0,9,0,0.21666666666666667,0,0.5,
System_Failure,rf_19_raw_window,42,5,116,115,1,5,1,10,0,0.25,0,0.5,
System_Failure,rf_19_raw_window,42,5,116,115,1,5,2,11,0,0.16333333333333333,0,0.5,
System_Failure,rf_19_raw_window,42,5,116,115,1,5,3,12,0,0.1,0,0.5,
System_Failure,rf_19_raw_window,42,5,116,115,1,5,4,13,0,0.21,0,0.5,
System_Failure,rf_19_raw_window,42,5,116,115,1,5,5,14,0,0.17,0,0.5,
System_Failure,rf_19_raw_window,42,5,116,115,1,5,6,15,0,0.06333333333333334,0,0.5,
System_Failure,rf_19_raw_window,42,5,116,115,1,5,7,16,0,0.09,0,0.5,
System_Failure,rf_19_raw_window,42,5,116,115,1,5,8,17,0,0.16666666666666666,0,0.5,
System_Failure,rf_19_raw_window,42,5,116,115,1,5,9,18,0,0.10333333333333333,0,0.5,
System_Failure,rf_19_raw_window,42,5,116,115,1,5,10,19,0,0.14,0,0.5,
System_Failure,rf_19_raw_window,42,5,116,115,1,5,11,20,0,0.11333333333333333,0,0.5,
System_Failure,rf_19_raw_window,42,5,116,115,1,5,12,21,0,0.09666666666666666,0,0.5,
System_Failure,rf_19_raw_window,42,5,116,115,1,5,13,22,0,0.10333333333333333,0,0.5,
System_Failure,rf_19_raw_window,42,5,116,115,1,5,14,23,0,0.1,0,0.5,
System_Failure,rf_19_raw_window,42,5,117,116,1,5,0,9,1,0.8866666666666667,1,0.5,
System_Failure,rf_19_raw_window,42,5,117,116,1,5,1,10,1,0.8866666666666667,1,0.5,
System_Failure,rf_19_raw_window,42,5,117,116,1,5,2,11,1,0.81,1,0.5,
System_Failure,rf_19_raw_window,42,5,117,116,1,5,3,12,1,0.88,1,0.5,
System_Failure,rf_19_raw_window,42,5,117,116,1,5,4,13,1,0.7533333333333333,1,0.5,
System_Failure,rf_19_raw_window,42,5,117,116,1,5,5,14,0,0.2633333333333333,0,0.5,
System_Failure,rf_19_raw_window,42,5,117,116,1,5,6,15,0,0.16,0,0.5,
System_Failure,rf_19_raw_window,42,5,117,116,1,5,7,16,0,0.023333333333333334,0,0.5,
System_Failure,rf_19_raw_window,42,5,117,116,1,5,8,17,0,0.13,0,0.5,
System_Failure,rf_19_raw_window,42,5,117,116,1,5,9,18,0,0.11333333333333333,0,0.5,
System_Failure,rf_19_raw_window,42,5,117,116,1,5,10,19,0,0.05333333333333334,0,0.5,
System_Failure,rf_19_raw_window,42,5,117,116,1,5,11,20,0,0.13333333333333333,0,0.5,
System_Failure,rf_19_raw_window,42,5,117,116,1,5,12,21,0,0.04666666666666667,0,0.5,
System_Failure,rf_19_raw_window,42,5,117,116,1,5,13,22,0,0.023333333333333334,0,0.5,
System_Failure,rf_19_raw_window,42,5,117,116,1,5,14,23,0,0.023333333333333334,0,0.5,
System_Failure,rf_19_raw_window,42,5,117,116,1,5,15,24,0,0.013333333333333334,0,0.5,
System_Failure,rf_19_raw_window,42,5,117,116,1,5,16,25,0,0.016666666666666666,0,0.5,
System_Failure,rf_19_raw_window,42,5,117,116,1,5,17,26,0,0.01,0,0.5,
System_Failure,rf_19_raw_window,42,5,117,116,1,5,18,27,0,0.016666666666666666,0,0.5,
System_Failure,rf_19_raw_window,42,5,118,117,1,5,0,9,1,0.9066666666666666,1,0.5,
System_Failure,rf_19_raw_window,42,5,118,117,1,5,1,10,1,0.96,1,0.5,
System_Failure,rf_19_raw_window,42,5,118,117,1,5,2,11,1,0.9,1,0.5,
System_Failure,rf_19_raw_window,42,5,118,117,1,5,3,12,1,0.8533333333333334,1,0.5,
System_Failure,rf_19_raw_window,42,5,118,117,1,5,4,13,1,0.8533333333333334,1,0.5,
System_Failure,rf_19_raw_window,42,5,118,117,1,5,5,14,1,0.7433333333333333,1,0.5,
System_Failure,rf_19_raw_window,42,5,118,117,1,5,6,15,1,0.5633333333333334,1,0.5,
System_Failure,rf_19_raw_window,42,5,118,117,1,5,7,16,0,0.5833333333333334,1,0.5,
System_Failure,rf_19_raw_window,42,5,118,117,1,5,8,17,0,0.58,1,0.5,
System_Failure,rf_19_raw_window,42,5,118,117,1,5,9,18,0,0.4866666666666667,0,0.5,
System_Failure,rf_19_raw_window,42,5,118,117,1,5,10,19,0,0.5133333333333333,1,0.5,
System_Failure,rf_19_raw_window,42,5,118,117,1,5,11,20,0,0.4166666666666667,0,0.5,
System_Failure,rf_19_raw_window,42,5,118,117,1,5,12,21,0,0.36,0,0.5,
System_Failure,rf_19_raw_window,42,5,118,117,1,5,13,22,0,0.5033333333333333,1,0.5,
System_Failure,rf_19_raw_window,42,5,118,117,1,5,14,23,0,0.3233333333333333,0,0.5,
System_Failure,rf_19_raw_window,42,5,118,117,1,5,15,24,0,0.16666666666666666,0,0.5,
System_Failure,rf_19_raw_window,42,5,118,117,1,5,16,25,0,0.08666666666666667,0,0.5,
System_Failure,rf_19_raw_window,42,5,118,117,1,5,17,26,0,0.12,0,0.5,
System_Failure,rf_19_raw_window,42,5,118,117,1,5,18,27,0,0.09666666666666666,0,0.5,
System_Failure,rf_19_raw_window,42,5,118,117,1,5,19,28,0,0.15666666666666668,0,0.5,
System_Failure,rf_19_raw_window,42,5,118,117,1,5,20,29,0,0.10333333333333333,0,0.5,
System_Failure,rf_19_raw_window,42,5,118,117,1,5,21,30,0,0.12666666666666668,0,0.5,
System_Failure,rf_19_raw_window,42,5,118,117,1,5,22,31,0,0.016666666666666666,0,0.5,
System_Failure,rf_19_raw_window,42,5,118,117,1,5,23,32,0,0.023333333333333334,0,0.5,
System_Failure,rf_19_raw_window,42,5,118,117,1,5,24,33,0,0.09666666666666666,0,0.5,
System_Failure,rf_19_raw_window,42,5,118,117,1,5,25,34,0,0.07333333333333333,0,0.5,
System_Failure,rf_19_raw_window,42,5,118,117,1,5,26,35,0,0.07,0,0.5,
System_Failure,rf_19_raw_window,42,5,118,117,1,5,27,36,0,0.1,0,0.5,
System_Failure,rf_19_raw_window,42,5,118,117,1,5,28,37,0,0.11333333333333333,0,0.5,
System_Failure,rf_19_raw_window,42,5,118,117,1,5,29,38,0,0.20666666666666667,0,0.5,
System_Failure,rf_19_raw_window,42,5,119,118,1,5,0,9,0,0.10333333333333333,0,0.5,
System_Failure,rf_19_raw_window,42,5,119,118,1,5,1,10,0,0.1,0,0.5,
System_Failure,rf_19_raw_window,42,5,119,118,1,5,2,11,0,0.1,0,0.5,
System_Failure,rf_19_raw_window,42,5,119,118,1,5,3,12,0,0.08666666666666667,0,0.5,
System_Failure,rf_19_raw_window,42,5,119,118,1,5,4,13,0,0.03,0,0.5,
System_Failure,rf_19_raw_window,42,5,119,118,1,5,5,14,0,0.06,0,0.5,
System_Failure,rf_19_raw_window,42,5,119,118,1,5,6,15,0,0.07333333333333333,0,0.5,
System_Failure,rf_19_raw_window,42,5,119,118,1,5,7,16,0,0.056666666666666664,0,0.5,
System_Failure,rf_19_raw_window,42,5,119,118,1,5,8,17,0,0.11,0,0.5,
System_Failure,rf_19_raw_window,42,5,119,118,1,5,9,18,0,0.10333333333333333,0,0.5,
System_Failure,rf_19_raw_window,42,5,119,118,1,5,10,19,0,0.22666666666666666,0,0.5,
System_Failure,rf_19_raw_window,42,5,119,118,1,5,11,20,0,0.25666666666666665,0,0.5,
System_Failure,rf_19_raw_window,42,5,119,118,1,5,12,21,0,0.24333333333333335,0,0.5,
System_Failure,rf_19_raw_window,42,5,119,118,1,5,13,22,0,0.25333333333333335,0,0.5,
System_Failure,rf_19_raw_window,42,5,119,118,1,5,14,23,0,0.26,0,0.5,
System_Failure,rf_19_raw_window,42,5,119,118,1,5,15,24,0,0.2633333333333333,0,0.5,
System_Failure,rf_19_raw_window,42,5,120,119,1,5,0,9,0,0.13333333333333333,0,0.5,
System_Failure,rf_19_raw_window,42,5,120,119,1,5,1,10,0,0.14333333333333334,0,0.5,
System_Failure,rf_19_raw_window,42,5,120,119,1,5,2,11,0,0.02666666666666667,0,0.5,
System_Failure,rf_19_raw_window,42,5,120,119,1,5,3,12,0,0.013333333333333334,0,0.5,
System_Failure,rf_19_raw_window,42,5,120,119,1,5,4,13,0,0.09,0,0.5,
System_Failure,rf_19_raw_window,42,5,120,119,1,5,5,14,0,0.07,0,0.5,
System_Failure,rf_19_raw_window,42,5,120,119,1,5,6,15,0,0.03666666666666667,0,0.5,
System_Failure,rf_19_raw_window,42,5,120,119,1,5,7,16,0,0.08666666666666667,0,0.5,
System_Failure,rf_19_raw_window,42,5,120,119,1,5,8,17,0,0.14,0,0.5,
System_Failure,rf_19_raw_window,42,5,120,119,1,5,9,18,0,0.08666666666666667,0,0.5,
System_Failure,rf_19_raw_window,42,5,120,119,1,5,10,19,0,0.08666666666666667,0,0.5,
System_Failure,rf_19_raw_window,42,5,120,119,1,5,11,20,0,0.07,0,0.5,
System_Failure,rf_19_raw_window,42,5,120,119,1,5,12,21,0,0.06,0,0.5,
System_Failure,rf_19_raw_window,42,5,120,119,1,5,13,22,0,0.21666666666666667,0,0.5,
System_Failure,rf_19_raw_window,42,5,120,119,1,5,14,23,0,0.23666666666666666,0,0.5,
System_Failure,rf_19_raw_window,42,5,121,120,1,5,0,9,0,0.12666666666666668,0,0.5,
System_Failure,rf_19_raw_window,42,5,121,120,1,5,1,10,0,0.06,0,0.5,
System_Failure,rf_19_raw_window,42,5,121,120,1,5,2,11,0,0.07666666666666666,0,0.5,
System_Failure,rf_19_raw_window,42,5,121,120,1,5,3,12,0,0.05333333333333334,0,0.5,
System_Failure,rf_19_raw_window,42,5,121,120,1,5,4,13,0,0.056666666666666664,0,0.5,
System_Failure,rf_19_raw_window,42,5,121,120,1,5,5,14,0,0.08666666666666667,0,0.5,
System_Failure,rf_19_raw_window,42,5,121,120,1,5,6,15,0,0.10333333333333333,0,0.5,
System_Failure,rf_19_raw_window,42,5,121,120,1,5,7,16,0,0.11666666666666667,0,0.5,
System_Failure,rf_19_raw_window,42,5,121,120,1,5,8,17,0,0.18333333333333332,0,0.5,
System_Failure,rf_19_raw_window,42,5,121,120,1,5,9,18,0,0.23333333333333334,0,0.5,
System_Failure,rf_19_raw_window,42,5,121,120,1,5,10,19,0,0.10333333333333333,0,0.5,
System_Failure,rf_19_raw_window,42,5,121,120,1,5,11,20,0,0.08333333333333333,0,0.5,
System_Failure,rf_19_raw_window,42,5,121,120,1,5,12,21,0,0.06666666666666667,0,0.5,
System_Failure,rf_19_raw_window,42,5,121,120,1,5,13,22,0,0.05,0,0.5,
System_Failure,rf_19_raw_window,42,5,121,120,1,5,14,23,0,0.03333333333333333,0,0.5,
System_Failure,rf_19_raw_window,42,5,121,120,1,5,15,24,0,0.07333333333333333,0,0.5,
System_Failure,rf_19_raw_window,42,5,122,121,1,5,0,9,0,0.16,0,0.5,
System_Failure,rf_19_raw_window,42,5,122,121,1,5,1,10,0,0.07333333333333333,0,0.5,
System_Failure,rf_19_raw_window,42,5,122,121,1,5,2,11,0,0.08333333333333333,0,0.5,
System_Failure,rf_19_raw_window,42,5,122,121,1,5,3,12,0,0.03333333333333333,0,0.5,
System_Failure,rf_19_raw_window,42,5,122,121,1,5,4,13,0,0.05333333333333334,0,0.5,
System_Failure,rf_19_raw_window,42,5,122,121,1,5,5,14,0,0.056666666666666664,0,0.5,
System_Failure,rf_19_raw_window,42,5,122,121,1,5,6,15,0,0.05333333333333334,0,0.5,
System_Failure,rf_19_raw_window,42,5,122,121,1,5,7,16,0,0.08333333333333333,0,0.5,
System_Failure,rf_19_raw_window,42,5,122,121,1,5,8,17,0,0.16,0,0.5,
System_Failure,rf_19_raw_window,42,5,122,121,1,5,9,18,0,0.03666666666666667,0,0.5,
System_Failure,rf_19_raw_window,42,5,122,121,1,5,10,19,0,0.02,0,0.5,
System_Failure,rf_19_raw_window,42,5,122,121,1,5,11,20,0,0.02,0,0.5,
System_Failure,rf_19_raw_window,42,5,122,121,1,5,12,21,0,0.02666666666666667,0,0.5,
System_Failure,rf_19_raw_window,42,5,122,121,1,5,13,22,0,0.023333333333333334,0,0.5,
System_Failure,rf_19_raw_window,42,5,122,121,1,5,14,23,0,0.02666666666666667,0,0.5,
System_Failure,rf_19_raw_window,42,5,123,122,1,5,0,9,0,0.2833333333333333,0,0.5,
System_Failure,rf_19_raw_window,42,5,123,122,1,5,1,10,0,0.28,0,0.5,
System_Failure,rf_19_raw_window,42,5,123,122,1,5,2,11,0,0.3333333333333333,0,0.5,
System_Failure,rf_19_raw_window,42,5,123,122,1,5,3,12,0,0.5066666666666667,1,0.5,
System_Failure,rf_19_raw_window,42,5,123,122,1,5,4,13,0,0.29,0,0.5,
System_Failure,rf_19_raw_window,42,5,123,122,1,5,5,14,0,0.21,0,0.5,
System_Failure,rf_19_raw_window,42,5,123,122,1,5,6,15,0,0.18,0,0.5,
System_Failure,rf_19_raw_window,42,5,123,122,1,5,7,16,0,0.25666666666666665,0,0.5,
System_Failure,rf_19_raw_window,42,5,123,122,1,5,8,17,0,0.23666666666666666,0,0.5,
System_Failure,rf_19_raw_window,42,5,123,122,1,5,9,18,0,0.17,0,0.5,
System_Failure,rf_19_raw_window,42,5,123,122,1,5,10,19,0,0.25666666666666665,0,0.5,
System_Failure,rf_19_raw_window,42,5,123,122,1,5,11,20,0,0.2966666666666667,0,0.5,
System_Failure,rf_19_raw_window,42,5,123,122,1,5,12,21,0,0.25,0,0.5,
System_Failure,rf_19_raw_window,42,5,123,122,1,5,13,22,0,0.25,0,0.5,
System_Failure,rf_19_raw_window,42,5,124,123,1,5,0,9,0,0.03666666666666667,0,0.5,
System_Failure,rf_19_raw_window,42,5,124,123,1,5,1,10,0,0.023333333333333334,0,0.5,
System_Failure,rf_19_raw_window,42,5,124,123,1,5,2,11,0,0.04,0,0.5,
System_Failure,rf_19_raw_window,42,5,124,123,1,5,3,12,0,0.05333333333333334,0,0.5,
System_Failure,rf_19_raw_window,42,5,124,123,1,5,4,13,0,0.06,0,0.5,
System_Failure,rf_19_raw_window,42,5,124,123,1,5,5,14,0,0.15,0,0.5,
System_Failure,rf_19_raw_window,42,5,124,123,1,5,6,15,0,0.06,0,0.5,
System_Failure,rf_19_raw_window,42,5,124,123,1,5,7,16,0,0.10333333333333333,0,0.5,
System_Failure,rf_19_raw_window,42,5,124,123,1,5,8,17,0,0.11666666666666667,0,0.5,
System_Failure,rf_19_raw_window,42,5,124,123,1,5,9,18,0,0.19333333333333333,0,0.5,
System_Failure,rf_19_raw_window,42,5,124,123,1,5,10,19,0,0.15,0,0.5,
System_Failure,rf_19_raw_window,42,5,124,123,1,5,11,20,0,0.12666666666666668,0,0.5,
System_Failure,rf_19_raw_window,42,5,124,123,1,5,12,21,0,0.11333333333333333,0,0.5,
System_Failure,rf_19_raw_window,42,5,124,123,1,5,13,22,0,0.12666666666666668,0,0.5,
System_Failure,rf_19_raw_window,42,5,124,123,1,5,14,23,0,0.11666666666666667,0,0.5,
System_Failure,rf_19_raw_window,42,5,124,123,1,5,15,24,0,0.006666666666666667,0,0.5,
System_Failure,rf_19_raw_window,42,5,125,124,1,5,0,9,0,0.13,0,0.5,
System_Failure,rf_19_raw_window,42,5,125,124,1,5,1,10,0,0.05333333333333334,0,0.5,
System_Failure,rf_19_raw_window,42,5,125,124,1,5,2,11,0,0.05333333333333334,0,0.5,
System_Failure,rf_19_raw_window,42,5,125,124,1,5,3,12,0,0.013333333333333334,0,0.5,
System_Failure,rf_19_raw_window,42,5,125,124,1,5,4,13,0,0.05,0,0.5,
System_Failure,rf_19_raw_window,42,5,125,124,1,5,5,14,0,0.08666666666666667,0,0.5,
System_Failure,rf_19_raw_window,42,5,125,124,1,5,6,15,0,0.14,0,0.5,
System_Failure,rf_19_raw_window,42,5,125,124,1,5,7,16,0,0.12,0,0.5,
System_Failure,rf_19_raw_window,42,5,125,124,1,5,8,17,0,0.13666666666666666,0,0.5,
System_Failure,rf_19_raw_window,42,5,125,124,1,5,9,18,0,0.08666666666666667,0,0.5,
System_Failure,rf_19_raw_window,42,5,125,124,1,5,10,19,0,0.11,0,0.5,
System_Failure,rf_19_raw_window,42,5,125,124,1,5,11,20,0,0.05,0,0.5,
System_Failure,rf_19_raw_window,42,5,125,124,1,5,12,21,0,0.10666666666666667,0,0.5,
System_Failure,rf_19_raw_window,42,7,151,129,1,7,0,9,0,0.02666666666666667,0,0.5,
System_Failure,rf_19_raw_window,42,7,151,129,1,7,1,10,0,0.07333333333333333,0,0.5,
System_Failure,rf_19_raw_window,42,7,151,129,1,7,2,11,0,0.04,0,0.5,
System_Failure,rf_19_raw_window,42,7,151,129,1,7,3,12,0,0.01,0,0.5,
System_Failure,rf_19_raw_window,42,7,151,129,1,7,4,13,0,0.043333333333333335,0,0.5,
System_Failure,rf_19_raw_window,42,7,151,129,1,7,5,14,0,0.05,0,0.5,
System_Failure,rf_19_raw_window,42,7,151,129,1,7,6,15,0,0.023333333333333334,0,0.5,
System_Failure,rf_19_raw_window,42,7,151,129,1,7,7,16,0,0.07333333333333333,0,0.5,
System_Failure,rf_19_raw_window,42,7,151,129,1,7,8,17,0,0.04666666666666667,0,0.5,
System_Failure,rf_19_raw_window,42,7,151,129,1,7,9,18,0,0.056666666666666664,0,0.5,
System_Failure,rf_19_raw_window,42,7,151,129,1,7,10,19,0,0.03,0,0.5,
System_Failure,rf_19_raw_window,42,7,151,129,1,7,11,20,0,0.04,0,0.5,
System_Failure,rf_19_raw_window,42,7,151,129,1,7,12,21,0,0.02666666666666667,0,0.5,
System_Failure,rf_19_raw_window,42,7,151,129,1,7,13,22,0,0.01,0,0.5,
System_Failure,rf_19_raw_window,42,7,151,129,1,7,14,23,0,0.023333333333333334,0,0.5,
System_Failure,rf_19_raw_window,42,7,152,130,1,7,0,9,1,0.7866666666666666,1,0.5,
System_Failure,rf_19_raw_window,42,7,152,130,1,7,1,10,1,0.8433333333333334,1,0.5,
System_Failure,rf_19_raw_window,42,7,152,130,1,7,2,11,1,0.8466666666666667,1,0.5,
System_Failure,rf_19_raw_window,42,7,152,130,1,7,3,12,1,0.9066666666666666,1,0.5,
System_Failure,rf_19_raw_window,42,7,152,130,1,7,4,13,1,0.9633333333333334,1,0.5,
System_Failure,rf_19_raw_window,42,7,152,130,1,7,5,14,1,0.8466666666666667,1,0.5,
System_Failure,rf_19_raw_window,42,7,152,130,1,7,6,15,1,0.53,1,0.5,
System_Failure,rf_19_raw_window,42,7,152,130,1,7,7,16,0,0.13333333333333333,0,0.5,
System_Failure,rf_19_raw_window,42,7,152,130,1,7,8,17,0,0.09666666666666666,0,0.5,
System_Failure,rf_19_raw_window,42,7,152,130,1,7,9,18,0,0.08,0,0.5,
System_Failure,rf_19_raw_window,42,7,152,130,1,7,10,19,0,0.06666666666666667,0,0.5,
System_Failure,rf_19_raw_window,42,7,152,130,1,7,11,20,0,0.03666666666666667,0,0.5,
System_Failure,rf_19_raw_window,42,7,152,130,1,7,12,21,0,0.03,0,0.5,
System_Failure,rf_19_raw_window,42,7,152,130,1,7,13,22,0,0.03333333333333333,0,0.5,
System_Failure,rf_19_raw_window,42,7,152,130,1,7,14,23,0,0.006666666666666667,0,0.5,
System_Failure,rf_19_raw_window,42,7,152,130,1,7,15,24,0,0.03,0,0.5,
System_Failure,rf_19_raw_window,42,7,152,130,1,7,16,25,0,0.02,0,0.5,
System_Failure,rf_19_raw_window,42,7,152,130,1,7,17,26,0,0.023333333333333334,0,0.5,
System_Failure,rf_19_raw_window,42,7,152,130,1,7,18,27,0,0.03,0,0.5,
System_Failure,rf_19_raw_window,42,7,152,130,1,7,19,28,0,0.05,0,0.5,
System_Failure,rf_19_raw_window,42,7,152,130,1,7,20,29,0,0.05,0,0.5,
System_Failure,rf_19_raw_window,42,7,153,131,1,7,0,9,0,0.17,0,0.5,
System_Failure,rf_19_raw_window,42,7,153,131,1,7,1,10,0,0.16333333333333333,0,0.5,
System_Failure,rf_19_raw_window,42,7,153,131,1,7,2,11,0,0.05333333333333334,0,0.5,
System_Failure,rf_19_raw_window,42,7,153,131,1,7,3,12,0,0.03,0,0.5,
System_Failure,rf_19_raw_window,42,7,153,131,1,7,4,13,0,0.02,0,0.5,
System_Failure,rf_19_raw_window,42,7,153,131,1,7,5,14,0,0.06333333333333334,0,0.5,
System_Failure,rf_19_raw_window,42,7,153,131,1,7,6,15,0,0.07666666666666666,0,0.5,
System_Failure,rf_19_raw_window,42,7,153,131,1,7,7,16,0,0.06666666666666667,0,0.5,
System_Failure,rf_19_raw_window,42,7,153,131,1,7,8,17,0,0.06333333333333334,0,0.5,
System_Failure,rf_19_raw_window,42,7,153,131,1,7,9,18,0,0.06333333333333334,0,0.5,
System_Failure,rf_19_raw_window,42,7,153,131,1,7,10,19,0,0.04,0,0.5,
System_Failure,rf_19_raw_window,42,7,153,131,1,7,11,20,0,0.03666666666666667,0,0.5,
System_Failure,rf_19_raw_window,42,7,153,131,1,7,12,21,0,0.03333333333333333,0,0.5,
System_Failure,rf_19_raw_window,42,7,153,131,1,7,13,22,0,0.03666666666666667,0,0.5,
System_Failure,rf_19_raw_window,42,7,153,131,1,7,14,23,0,0.03,0,0.5,
System_Failure,rf_19_raw_window,42,7,154,132,1,7,0,9,0,0.11333333333333333,0,0.5,
System_Failure,rf_19_raw_window,42,7,154,132,1,7,1,10,0,0.16,0,0.5,
System_Failure,rf_19_raw_window,42,7,154,132,1,7,2,11,0,0.06666666666666667,0,0.5,
System_Failure,rf_19_raw_window,42,7,154,132,1,7,3,12,0,0.06666666666666667,0,0.5,
System_Failure,rf_19_raw_window,42,7,154,132,1,7,4,13,0,0.06666666666666667,0,0.5,
System_Failure,rf_19_raw_window,42,7,154,132,1,7,5,14,0,0.09666666666666666,0,0.5,
System_Failure,rf_19_raw_window,42,7,154,132,1,7,6,15,0,0.05333333333333334,0,0.5,
System_Failure,rf_19_raw_window,42,7,154,132,1,7,7,16,0,0.09,0,0.5,
System_Failure,rf_19_raw_window,42,7,154,132,1,7,8,17,0,0.06666666666666667,0,0.5,
System_Failure,rf_19_raw_window,42,7,154,132,1,7,9,18,0,0.13,0,0.5,
System_Failure,rf_19_raw_window,42,7,154,132,1,7,10,19,0,0.16666666666666666,0,0.5,
System_Failure,rf_19_raw_window,42,7,154,132,1,7,11,20,0,0.14333333333333334,0,0.5,
System_Failure,rf_19_raw_window,42,7,154,132,1,7,12,21,0,0.12333333333333334,0,0.5,
System_Failure,rf_19_raw_window,42,7,154,132,1,7,13,22,0,0.2733333333333333,0,0.5,
System_Failure,rf_19_raw_window,42,7,154,132,1,7,14,23,0,0.24666666666666667,0,0.5,
System_Failure,rf_19_raw_window,42,7,154,132,1,7,15,24,0,0.24333333333333335,0,0.5,
System_Failure,rf_19_raw_window,42,7,155,133,1,7,0,9,0,0.15666666666666668,0,0.5,
System_Failure,rf_19_raw_window,42,7,155,133,1,7,1,10,0,0.04,0,0.5,
System_Failure,rf_19_raw_window,42,7,155,133,1,7,2,11,0,0.02666666666666667,0,0.5,
System_Failure,rf_19_raw_window,42,7,155,133,1,7,3,12,0,0.03,0,0.5,
System_Failure,rf_19_raw_window,42,7,155,133,1,7,4,13,0,0.04,0,0.5,
System_Failure,rf_19_raw_window,42,7,155,133,1,7,5,14,0,0.05333333333333334,0,0.5,
System_Failure,rf_19_raw_window,42,7,155,133,1,7,6,15,0,0.06333333333333334,0,0.5,
System_Failure,rf_19_raw_window,42,7,155,133,1,7,7,16,0,0.07666666666666666,0,0.5,
System_Failure,rf_19_raw_window,42,7,155,133,1,7,8,17,0,0.09,0,0.5,
System_Failure,rf_19_raw_window,42,7,155,133,1,7,9,18,0,0.09333333333333334,0,0.5,
System_Failure,rf_19_raw_window,42,7,155,133,1,7,10,19,0,0.056666666666666664,0,0.5,
System_Failure,rf_19_raw_window,42,7,155,133,1,7,11,20,0,0.05333333333333334,0,0.5,
System_Failure,rf_19_raw_window,42,7,155,133,1,7,12,21,0,0.03333333333333333,0,0.5,
System_Failure,rf_19_raw_window,42,7,155,133,1,7,13,22,0,0.023333333333333334,0,0.5,
System_Failure,rf_19_raw_window,42,7,155,133,1,7,14,23,0,0.02666666666666667,0,0.5,
System_Failure,rf_19_raw_window,42,7,156,134,1,7,0,9,0,0.25666666666666665,0,0.5,
System_Failure,rf_19_raw_window,42,7,156,134,1,7,1,10,0,0.11333333333333333,0,0.5,
System_Failure,rf_19_raw_window,42,7,156,134,1,7,2,11,0,0.07333333333333333,0,0.5,
System_Failure,rf_19_raw_window,42,7,156,134,1,7,3,12,0,0.04,0,0.5,
System_Failure,rf_19_raw_window,42,7,156,134,1,7,4,13,0,0.04,0,0.5,
System_Failure,rf_19_raw_window,42,7,156,134,1,7,5,14,0,0.09333333333333334,0,0.5,
System_Failure,rf_19_raw_window,42,7,156,134,1,7,6,15,0,0.06333333333333334,0,0.5,
System_Failure,rf_19_raw_window,42,7,156,134,1,7,7,16,0,0.11333333333333333,0,0.5,
System_Failure,rf_19_raw_window,42,7,156,134,1,7,8,17,0,0.04,0,0.5,
System_Failure,rf_19_raw_window,42,7,156,134,1,7,9,18,0,0.03666666666666667,0,0.5,
System_Failure,rf_19_raw_window,42,7,156,134,1,7,10,19,0,0.05,0,0.5,
System_Failure,rf_19_raw_window,42,7,156,134,1,7,11,20,0,0.043333333333333335,0,0.5,
System_Failure,rf_19_raw_window,42,7,156,134,1,7,12,21,0,0.03,0,0.5,
System_Failure,rf_19_raw_window,42,7,156,134,1,7,13,22,0,0.09666666666666666,0,0.5,
System_Failure,rf_19_raw_window,42,7,156,134,1,7,14,23,0,0.11333333333333333,0,0.5,
System_Failure,rf_19_raw_window,42,7,157,135,1,7,0,9,0,0.2,0,0.5,
System_Failure,rf_19_raw_window,42,7,157,135,1,7,1,10,0,0.03666666666666667,0,0.5,
System_Failure,rf_19_raw_window,42,7,157,135,1,7,2,11,0,0.05,0,0.5,
System_Failure,rf_19_raw_window,42,7,157,135,1,7,3,12,0,0.03333333333333333,0,0.5,
System_Failure,rf_19_raw_window,42,7,157,135,1,7,4,13,0,0.03,0,0.5,
System_Failure,rf_19_raw_window,42,7,157,135,1,7,5,14,0,0.09666666666666666,0,0.5,
System_Failure,rf_19_raw_window,42,7,157,135,1,7,6,15,0,0.06,0,0.5,
System_Failure,rf_19_raw_window,42,7,157,135,1,7,7,16,0,0.043333333333333335,0,0.5,
System_Failure,rf_19_raw_window,42,7,157,135,1,7,8,17,0,0.06666666666666667,0,0.5,
System_Failure,rf_19_raw_window,42,7,157,135,1,7,9,18,0,0.06666666666666667,0,0.5,
System_Failure,rf_19_raw_window,42,7,157,135,1,7,10,19,0,0.10333333333333333,0,0.5,
System_Failure,rf_19_raw_window,42,7,157,135,1,7,11,20,0,0.1,0,0.5,
System_Failure,rf_19_raw_window,42,7,157,135,1,7,12,21,0,0.18666666666666668,0,0.5,
System_Failure,rf_19_raw_window,42,7,157,135,1,7,13,22,0,0.26666666666666666,0,0.5,
System_Failure,rf_19_raw_window,42,7,157,135,1,7,14,23,0,0.28,0,0.5,
System_Failure,rf_19_raw_window,42,7,157,135,1,7,15,24,0,0.26666666666666666,0,0.5,
System_Failure,rf_19_raw_window,42,7,159,137,1,7,0,9,1,0.7233333333333334,1,0.5,
System_Failure,rf_19_raw_window,42,7,159,137,1,7,1,10,1,0.84,1,0.5,
System_Failure,rf_19_raw_window,42,7,159,137,1,7,2,11,1,0.7633333333333333,1,0.5,
System_Failure,rf_19_raw_window,42,7,159,137,1,7,3,12,1,0.9333333333333333,1,0.5,
System_Failure,rf_19_raw_window,42,7,159,137,1,7,4,13,1,0.9666666666666667,1,0.5,
System_Failure,rf_19_raw_window,42,7,159,137,1,7,5,14,1,0.98,1,0.5,
System_Failure,rf_19_raw_window,42,7,159,137,1,7,6,15,1,0.9766666666666667,1,0.5,
System_Failure,rf_19_raw_window,42,7,159,137,1,7,7,16,1,0.95,1,0.5,
System_Failure,rf_19_raw_window,42,7,159,137,1,7,8,17,1,0.7166666666666667,1,0.5,
System_Failure,rf_19_raw_window,42,7,159,137,1,7,9,18,1,0.6466666666666666,1,0.5,
System_Failure,rf_19_raw_window,42,7,159,137,1,7,10,19,0,0.05333333333333334,0,0.5,
System_Failure,rf_19_raw_window,42,7,159,137,1,7,11,20,0,0.09666666666666666,0,0.5,
System_Failure,rf_19_raw_window,42,7,159,137,1,7,12,21,0,0.1,0,0.5,
System_Failure,rf_19_raw_window,42,7,159,137,1,7,13,22,0,0.1,0,0.5,
System_Failure,rf_19_raw_window,42,7,159,137,1,7,14,23,0,0.06333333333333334,0,0.5,
System_Failure,rf_19_raw_window,42,7,159,137,1,7,15,24,0,0.07,0,0.5,
System_Failure,rf_19_raw_window,42,7,159,137,1,7,16,25,0,0.11,0,0.5,
System_Failure,rf_19_raw_window,42,7,159,137,1,7,17,26,0,0.06,0,0.5,
System_Failure,rf_19_raw_window,42,7,159,137,1,7,18,27,0,0.08666666666666667,0,0.5,
System_Failure,rf_19_raw_window,42,7,159,137,1,7,19,28,0,0.07666666666666666,0,0.5,
System_Failure,rf_19_raw_window,42,7,159,137,1,7,20,29,0,0.03,0,0.5,
System_Failure,rf_19_raw_window,42,7,159,137,1,7,21,30,0,0.04666666666666667,0,0.5,
System_Failure,rf_19_raw_window,42,7,159,137,1,7,22,31,0,0.05,0,0.5,
System_Failure,rf_19_raw_window,42,7,160,138,1,7,0,9,1,0.25333333333333335,0,0.5,
System_Failure,rf_19_raw_window,42,7,160,138,1,7,1,10,1,0.19666666666666666,0,0.5,
System_Failure,rf_19_raw_window,42,7,160,138,1,7,2,11,1,0.18666666666666668,0,0.5,
System_Failure,rf_19_raw_window,42,7,160,138,1,7,3,12,1,0.2733333333333333,0,0.5,
System_Failure,rf_19_raw_window,42,7,160,138,1,7,4,13,1,0.28,0,0.5,
System_Failure,rf_19_raw_window,42,7,160,138,1,7,5,14,1,0.19666666666666666,0,0.5,
System_Failure,rf_19_raw_window,42,7,160,138,1,7,6,15,0,0.08333333333333333,0,0.5,
System_Failure,rf_19_raw_window,42,7,160,138,1,7,7,16,1,0.07,0,0.5,
System_Failure,rf_19_raw_window,42,7,160,138,1,7,8,17,1,0.08333333333333333,0,0.5,
System_Failure,rf_19_raw_window,42,7,160,138,1,7,9,18,1,0.13666666666666666,0,0.5,
System_Failure,rf_19_raw_window,42,7,160,138,1,7,10,19,1,0.3466666666666667,0,0.5,
System_Failure,rf_19_raw_window,42,7,160,138,1,7,11,20,1,0.4533333333333333,0,0.5,
System_Failure,rf_19_raw_window,42,7,160,138,1,7,12,21,1,0.5333333333333333,1,0.5,
System_Failure,rf_19_raw_window,42,7,160,138,1,7,13,22,1,0.59,1,0.5,
System_Failure,rf_19_raw_window,42,7,160,138,1,7,14,23,1,0.6633333333333333,1,0.5,
System_Failure,rf_19_raw_window,42,7,160,138,1,7,15,24,1,0.61,1,0.5,
System_Failure,rf_19_raw_window,42,7,161,139,1,7,0,9,0,0.13333333333333333,0,0.5,
System_Failure,rf_19_raw_window,42,7,161,139,1,7,1,10,0,0.043333333333333335,0,0.5,
System_Failure,rf_19_raw_window,42,7,161,139,1,7,2,11,0,0.03333333333333333,0,0.5,
System_Failure,rf_19_raw_window,42,7,161,139,1,7,3,12,0,0.03666666666666667,0,0.5,
System_Failure,rf_19_raw_window,42,7,161,139,1,7,4,13,0,0.03333333333333333,0,0.5,
System_Failure,rf_19_raw_window,42,7,161,139,1,7,5,14,0,0.03666666666666667,0,0.5,
System_Failure,rf_19_raw_window,42,7,161,139,1,7,6,15,0,0.03666666666666667,0,0.5,
System_Failure,rf_19_raw_window,42,7,161,139,1,7,7,16,0,0.08333333333333333,0,0.5,
System_Failure,rf_19_raw_window,42,7,161,139,1,7,8,17,0,0.10666666666666667,0,0.5,
System_Failure,rf_19_raw_window,42,7,161,139,1,7,9,18,0,0.1,0,0.5,
System_Failure,rf_19_raw_window,42,7,161,139,1,7,10,19,0,0.1,0,0.5,
System_Failure,rf_19_raw_window,42,7,161,139,1,7,11,20,0,0.09666666666666666,0,0.5,
System_Failure,rf_19_raw_window,42,7,161,139,1,7,12,21,0,0.06,0,0.5,
System_Failure,rf_19_raw_window,42,7,161,139,1,7,13,22,0,0.06666666666666667,0,0.5,
System_Failure,rf_19_raw_window,42,7,161,139,1,7,14,23,0,0.08,0,0.5,
System_Failure,rf_19_raw_window,42,7,162,140,1,7,0,9,0,0.06666666666666667,0,0.5,
System_Failure,rf_19_raw_window,42,7,162,140,1,7,1,10,0,0.03333333333333333,0,0.5,
System_Failure,rf_19_raw_window,42,7,162,140,1,7,2,11,0,0.03,0,0.5,
System_Failure,rf_19_raw_window,42,7,162,140,1,7,3,12,0,0.05333333333333334,0,0.5,
System_Failure,rf_19_raw_window,42,7,162,140,1,7,4,13,0,0.10666666666666667,0,0.5,
System_Failure,rf_19_raw_window,42,7,162,140,1,7,5,14,0,0.056666666666666664,0,0.5,
System_Failure,rf_19_raw_window,42,7,162,140,1,7,6,15,0,0.02,0,0.5,
System_Failure,rf_19_raw_window,42,7,162,140,1,7,7,16,0,0.08333333333333333,0,0.5,
System_Failure,rf_19_raw_window,42,7,162,140,1,7,8,17,0,0.12,0,0.5,
System_Failure,rf_19_raw_window,42,7,162,140,1,7,9,18,0,0.12666666666666668,0,0.5,
System_Failure,rf_19_raw_window,42,7,162,140,1,7,10,19,0,0.15666666666666668,0,0.5,
System_Failure,rf_19_raw_window,42,7,162,140,1,7,11,20,0,0.11333333333333333,0,0.5,
System_Failure,rf_19_raw_window,42,7,162,140,1,7,12,21,0,0.1,0,0.5,
System_Failure,rf_19_raw_window,42,7,162,140,1,7,13,22,0,0.15333333333333332,0,0.5,
System_Failure,rf_19_raw_window,42,7,162,140,1,7,14,23,0,0.19,0,0.5,
System_Failure,rf_19_raw_window,42,7,163,141,1,7,0,9,1,0.7433333333333333,1,0.5,
System_Failure,rf_19_raw_window,42,7,163,141,1,7,1,10,1,0.7833333333333333,1,0.5,
System_Failure,rf_19_raw_window,42,7,163,141,1,7,2,11,1,0.8133333333333334,1,0.5,
System_Failure,rf_19_raw_window,42,7,163,141,1,7,3,12,1,0.88,1,0.5,
System_Failure,rf_19_raw_window,42,7,163,141,1,7,4,13,1,0.7966666666666666,1,0.5,
System_Failure,rf_19_raw_window,42,7,163,141,1,7,5,14,1,0.7866666666666666,1,0.5,
System_Failure,rf_19_raw_window,42,7,163,141,1,7,6,15,1,0.7366666666666667,1,0.5,
System_Failure,rf_19_raw_window,42,7,163,141,1,7,7,16,1,0.7233333333333334,1,0.5,
System_Failure,rf_19_raw_window,42,7,163,141,1,7,8,17,0,0.67,1,0.5,
System_Failure,rf_19_raw_window,42,7,163,141,1,7,9,18,0,0.59,1,0.5,
System_Failure,rf_19_raw_window,42,7,163,141,1,7,10,19,0,0.53,1,0.5,
System_Failure,rf_19_raw_window,42,7,163,141,1,7,11,20,0,0.4633333333333333,0,0.5,
System_Failure,rf_19_raw_window,42,7,163,141,1,7,12,21,0,0.41333333333333333,0,0.5,
System_Failure,rf_19_raw_window,42,7,163,141,1,7,13,22,0,0.13666666666666666,0,0.5,
System_Failure,rf_19_raw_window,42,7,163,141,1,7,14,23,0,0.023333333333333334,0,0.5,
System_Failure,rf_19_raw_window,42,7,163,141,1,7,15,24,0,0.016666666666666666,0,0.5,
System_Failure,rf_19_raw_window,42,7,163,141,1,7,16,25,0,0.016666666666666666,0,0.5,
System_Failure,rf_19_raw_window,42,7,163,141,1,7,17,26,0,0.016666666666666666,0,0.5,
System_Failure,rf_19_raw_window,42,7,163,141,1,7,18,27,0,0.013333333333333334,0,0.5,
System_Failure,rf_19_raw_window,42,7,163,141,1,7,19,28,0,0.01,0,0.5,
System_Failure,rf_19_raw_window,42,7,163,141,1,7,20,29,0,0.016666666666666666,0,0.5,
System_Failure,rf_19_raw_window,42,7,163,141,1,7,21,30,0,0.02,0,0.5,
System_Failure,rf_19_raw_window,42,7,163,141,1,7,22,31,0,0.023333333333333334,0,0.5,
System_Failure,rf_19_raw_window,42,7,163,141,1,7,23,32,0,0.14666666666666667,0,0.5,
System_Failure,rf_19_raw_window,42,7,163,141,1,7,24,33,0,0.14,0,0.5,
System_Failure,rf_19_raw_window,42,7,163,141,1,7,25,34,0,0.16666666666666666,0,0.5,
System_Failure,rf_19_raw_window,42,7,163,141,1,7,26,35,0,0.17666666666666667,0,0.5,
System_Failure,rf_19_raw_window,42,7,163,141,1,7,27,36,0,0.4,0,0.5,
System_Failure,rf_19_raw_window,42,7,163,141,1,7,28,37,0,0.43666666666666665,0,0.5,
System_Failure,rf_19_raw_window,42,7,163,141,1,7,29,38,0,0.31666666666666665,0,0.5,
System_Failure,rf_19_raw_window,42,7,163,141,1,7,30,39,0,0.29,0,0.5,
System_Failure,rf_19_raw_window,42,7,163,141,1,7,31,40,0,0.13,0,0.5,
System_Failure,rf_19_raw_window,42,7,163,141,1,7,32,41,0,0.16,0,0.5,
System_Failure,rf_19_raw_window,42,7,163,141,1,7,33,42,0,0.16666666666666666,0,0.5,
System_Failure,rf_19_raw_window,42,7,163,141,1,7,34,43,0,0.1,0,0.5,
System_Failure,rf_19_raw_window,42,7,163,141,1,7,35,44,0,0.11666666666666667,0,0.5,
System_Failure,rf_19_raw_window,42,7,163,141,1,7,36,45,0,0.11333333333333333,0,0.5,
System_Failure,rf_19_raw_window,42,7,163,141,1,7,37,46,0,0.06666666666666667,0,0.5,
System_Failure,rf_19_raw_window,42,7,163,141,1,7,38,47,0,0.06666666666666667,0,0.5,
System_Failure,rf_19_raw_window,42,7,163,141,1,7,39,48,0,0.07666666666666666,0,0.5,
System_Failure,rf_19_raw_window,42,7,163,141,1,7,40,49,0,0.06333333333333334,0,0.5,
System_Failure,rf_19_raw_window,42,7,163,141,1,7,41,50,0,0.3333333333333333,0,0.5,
System_Failure,rf_19_raw_window,42,7,163,141,1,7,42,51,0,0.33,0,0.5,
System_Failure,rf_19_raw_window,42,7,163,141,1,7,43,52,0,0.33,0,0.5,
System_Failure,rf_19_raw_window,42,7,164,142,1,7,0,9,1,0.7166666666666667,1,0.5,
System_Failure,rf_19_raw_window,42,7,164,142,1,7,1,10,1,0.7833333333333333,1,0.5,
System_Failure,rf_19_raw_window,42,7,164,142,1,7,2,11,1,0.8233333333333334,1,0.5,
System_Failure,rf_19_raw_window,42,7,164,142,1,7,3,12,1,0.89,1,0.5,
System_Failure,rf_19_raw_window,42,7,164,142,1,7,4,13,1,0.8566666666666667,1,0.5,
System_Failure,rf_19_raw_window,42,7,164,142,1,7,5,14,1,0.6233333333333333,1,0.5,
System_Failure,rf_19_raw_window,42,7,164,142,1,7,6,15,1,0.41,0,0.5,
System_Failure,rf_19_raw_window,42,7,164,142,1,7,7,16,0,0.4,0,0.5,
System_Failure,rf_19_raw_window,42,7,164,142,1,7,8,17,0,0.5066666666666667,1,0.5,
System_Failure,rf_19_raw_window,42,7,164,142,1,7,9,18,0,0.3233333333333333,0,0.5,
System_Failure,rf_19_raw_window,42,7,164,142,1,7,10,19,0,0.28,0,0.5,
System_Failure,rf_19_raw_window,42,7,164,142,1,7,11,20,0,0.16333333333333333,0,0.5,
System_Failure,rf_19_raw_window,42,7,164,142,1,7,12,21,0,0.11,0,0.5,
System_Failure,rf_19_raw_window,42,7,164,142,1,7,13,22,0,0.14,0,0.5,
System_Failure,rf_19_raw_window,42,7,164,142,1,7,14,23,0,0.3466666666666667,0,0.5,
System_Failure,rf_19_raw_window,42,7,164,142,1,7,15,24,0,0.4066666666666667,0,0.5,
System_Failure,rf_19_raw_window,42,7,164,142,1,7,16,25,1,0.51,1,0.5,
System_Failure,rf_19_raw_window,42,7,164,142,1,7,17,26,1,0.5733333333333334,1,0.5,
System_Failure,rf_19_raw_window,42,7,164,142,1,7,18,27,1,0.5733333333333334,1,0.5,
System_Failure,rf_19_raw_window,42,7,164,142,1,7,19,28,1,0.65,1,0.5,
System_Failure,rf_19_raw_window,42,7,164,142,1,7,20,29,1,0.6733333333333333,1,0.5,
System_Failure,rf_19_raw_window,42,7,165,143,1,7,0,9,0,0.06333333333333334,0,0.5,
System_Failure,rf_19_raw_window,42,7,165,143,1,7,1,10,0,0.016666666666666666,0,0.5,
System_Failure,rf_19_raw_window,42,7,165,143,1,7,2,11,0,0.023333333333333334,0,0.5,
System_Failure,rf_19_raw_window,42,7,165,143,1,7,3,12,0,0.02,0,0.5,
System_Failure,rf_19_raw_window,42,7,165,143,1,7,4,13,0,0.10333333333333333,0,0.5,
System_Failure,rf_19_raw_window,42,7,165,143,1,7,5,14,0,0.023333333333333334,0,0.5,
System_Failure,rf_19_raw_window,42,7,165,143,1,7,6,15,0,0.04666666666666667,0,0.5,
System_Failure,rf_19_raw_window,42,7,165,143,1,7,7,16,0,0.07666666666666666,0,0.5,
System_Failure,rf_19_raw_window,42,7,165,143,1,7,8,17,0,0.21333333333333335,0,0.5,
System_Failure,rf_19_raw_window,42,7,165,143,1,7,9,18,0,0.18666666666666668,0,0.5,
System_Failure,rf_19_raw_window,42,7,165,143,1,7,10,19,0,0.14333333333333334,0,0.5,
System_Failure,rf_19_raw_window,42,7,165,143,1,7,11,20,0,0.12666666666666668,0,0.5,
System_Failure,rf_19_raw_window,42,7,165,143,1,7,12,21,0,0.13333333333333333,0,0.5,
System_Failure,rf_19_raw_window,42,7,165,143,1,7,13,22,0,0.16666666666666666,0,0.5,
System_Failure,rf_19_raw_window,42,7,165,143,1,7,14,23,0,0.16,0,0.5,
System_Failure,rf_19_raw_window,42,7,166,144,1,7,0,9,0,0.19333333333333333,0,0.5,
System_Failure,rf_19_raw_window,42,7,166,144,1,7,1,10,0,0.05333333333333334,0,0.5,
System_Failure,rf_19_raw_window,42,7,166,144,1,7,2,11,0,0.02666666666666667,0,0.5,
System_Failure,rf_19_raw_window,42,7,166,144,1,7,3,12,0,0.03333333333333333,0,0.5,
System_Failure,rf_19_raw_window,42,7,166,144,1,7,4,13,0,0.016666666666666666,0,0.5,
System_Failure,rf_19_raw_window,42,7,166,144,1,7,5,14,0,0.05,0,0.5,
System_Failure,rf_19_raw_window,42,7,166,144,1,7,6,15,0,0.04,0,0.5,
System_Failure,rf_19_raw_window,42,7,166,144,1,7,7,16,0,0.05,0,0.5,
System_Failure,rf_19_raw_window,42,7,166,144,1,7,8,17,0,0.05333333333333334,0,0.5,
System_Failure,rf_19_raw_window,42,7,166,144,1,7,9,18,0,0.07666666666666666,0,0.5,
System_Failure,rf_19_raw_window,42,7,166,144,1,7,10,19,0,0.10333333333333333,0,0.5,
System_Failure,rf_19_raw_window,42,7,166,144,1,7,11,20,0,0.09666666666666666,0,0.5,
System_Failure,rf_19_raw_window,42,7,166,144,1,7,12,21,0,0.05333333333333334,0,0.5,
System_Failure,rf_19_raw_window,42,7,166,144,1,7,13,22,0,0.08666666666666667,0,0.5,
System_Failure,rf_19_raw_window,42,7,166,144,1,7,14,23,0,0.12,0,0.5,
System_Failure,rf_19_raw_window,42,7,167,145,1,7,0,9,0,0.25666666666666665,0,0.5,
System_Failure,rf_19_raw_window,42,7,167,145,1,7,1,10,0,0.21666666666666667,0,0.5,
System_Failure,rf_19_raw_window,42,7,167,145,1,7,2,11,0,0.16333333333333333,0,0.5,
System_Failure,rf_19_raw_window,42,7,167,145,1,7,3,12,0,0.056666666666666664,0,0.5,
System_Failure,rf_19_raw_window,42,7,167,145,1,7,4,13,0,0.10666666666666667,0,0.5,
System_Failure,rf_19_raw_window,42,7,167,145,1,7,5,14,0,0.17,0,0.5,
System_Failure,rf_19_raw_window,42,7,167,145,1,7,6,15,0,0.16666666666666666,0,0.5,
System_Failure,rf_19_raw_window,42,7,167,145,1,7,7,16,0,0.17333333333333334,0,0.5,
System_Failure,rf_19_raw_window,42,7,167,145,1,7,8,17,0,0.09333333333333334,0,0.5,
System_Failure,rf_19_raw_window,42,7,167,145,1,7,9,18,0,0.10333333333333333,0,0.5,
System_Failure,rf_19_raw_window,42,7,167,145,1,7,10,19,0,0.11,0,0.5,
System_Failure,rf_19_raw_window,42,7,167,145,1,7,11,20,0,0.09,0,0.5,
System_Failure,rf_19_raw_window,42,7,167,145,1,7,12,21,0,0.05333333333333334,0,0.5,
System_Failure,rf_19_raw_window,42,7,167,145,1,7,13,22,0,0.06333333333333334,0,0.5,
System_Failure,rf_19_raw_window,42,7,167,145,1,7,14,23,0,0.09333333333333334,0,0.5,
System_Failure,rf_19_raw_window,42,7,168,146,1,7,0,9,0,0.05333333333333334,0,0.5,
System_Failure,rf_19_raw_window,42,7,168,146,1,7,1,10,0,0.06333333333333334,0,0.5,
System_Failure,rf_19_raw_window,42,7,168,146,1,7,2,11,0,0.08,0,0.5,
System_Failure,rf_19_raw_window,42,7,168,146,1,7,3,12,0,0.06666666666666667,0,0.5,
System_Failure,rf_19_raw_window,42,7,168,146,1,7,4,13,0,0.08,0,0.5,
System_Failure,rf_19_raw_window,42,7,168,146,1,7,5,14,0,0.07666666666666666,0,0.5,
System_Failure,rf_19_raw_window,42,7,168,146,1,7,6,15,0,0.11666666666666667,0,0.5,
System_Failure,rf_19_raw_window,42,7,168,146,1,7,7,16,0,0.15333333333333332,0,0.5,
System_Failure,rf_19_raw_window,42,7,168,146,1,7,8,17,0,0.16,0,0.5,
System_Failure,rf_19_raw_window,42,7,168,146,1,7,9,18,0,0.3433333333333333,0,0.5,
System_Failure,rf_19_raw_window,42,7,168,146,1,7,10,19,0,0.29,0,0.5,
System_Failure,rf_19_raw_window,42,7,168,146,1,7,11,20,0,0.24,0,0.5,
System_Failure,rf_19_raw_window,42,7,168,146,1,7,12,21,0,0.25666666666666665,0,0.5,
System_Failure,rf_19_raw_window,42,7,168,146,1,7,13,22,0,0.15333333333333332,0,0.5,
System_Failure,rf_19_raw_window,42,7,168,146,1,7,14,23,0,0.16666666666666666,0,0.5,
System_Failure,rf_19_raw_window,42,7,168,146,1,7,15,24,0,0.04666666666666667,0,0.5,
System_Failure,rf_19_raw_window,42,7,169,147,1,7,0,9,0,0.14666666666666667,0,0.5,
System_Failure,rf_19_raw_window,42,7,169,147,1,7,1,10,0,0.04666666666666667,0,0.5,
System_Failure,rf_19_raw_window,42,7,169,147,1,7,2,11,0,0.043333333333333335,0,0.5,
System_Failure,rf_19_raw_window,42,7,169,147,1,7,3,12,0,0.056666666666666664,0,0.5,
System_Failure,rf_19_raw_window,42,7,169,147,1,7,4,13,0,0.08,0,0.5,
System_Failure,rf_19_raw_window,42,7,169,147,1,7,5,14,0,0.06666666666666667,0,0.5,
System_Failure,rf_19_raw_window,42,7,169,147,1,7,6,15,0,0.07333333333333333,0,0.5,
System_Failure,rf_19_raw_window,42,7,169,147,1,7,7,16,0,0.11666666666666667,0,0.5,
System_Failure,rf_19_raw_window,42,7,169,147,1,7,8,17,0,0.08333333333333333,0,0.5,
System_Failure,rf_19_raw_window,42,7,169,147,1,7,9,18,0,0.09,0,0.5,
System_Failure,rf_19_raw_window,42,7,169,147,1,7,10,19,0,0.07333333333333333,0,0.5,
System_Failure,rf_19_raw_window,42,7,169,147,1,7,11,20,0,0.043333333333333335,0,0.5,
System_Failure,rf_19_raw_window,42,7,169,147,1,7,12,21,0,0.07333333333333333,0,0.5,
System_Failure,rf_19_raw_window,42,7,169,147,1,7,13,22,0,0.06,0,0.5,
System_Failure,rf_19_raw_window,42,7,169,147,1,7,14,23,0,0.06,0,0.5,
System_Failure,rf_19_raw_window,42,7,170,148,1,7,0,9,1,0.85,1,0.5,
System_Failure,rf_19_raw_window,42,7,170,148,1,7,1,10,1,0.92,1,0.5,
System_Failure,rf_19_raw_window,42,7,170,148,1,7,2,11,1,0.8866666666666667,1,0.5,
System_Failure,rf_19_raw_window,42,7,170,148,1,7,3,12,1,0.8866666666666667,1,0.5,
System_Failure,rf_19_raw_window,42,7,170,148,1,7,4,13,1,0.77,1,0.5,
System_Failure,rf_19_raw_window,42,7,170,148,1,7,5,14,1,0.6933333333333334,1,0.5,
System_Failure,rf_19_raw_window,42,7,170,148,1,7,6,15,0,0.4266666666666667,0,0.5,
System_Failure,rf_19_raw_window,42,7,170,148,1,7,7,16,0,0.38,0,0.5,
System_Failure,rf_19_raw_window,42,7,170,148,1,7,8,17,0,0.39,0,0.5,
System_Failure,rf_19_raw_window,42,7,170,148,1,7,9,18,0,0.30666666666666664,0,0.5,
System_Failure,rf_19_raw_window,42,7,170,148,1,7,10,19,0,0.15,0,0.5,
System_Failure,rf_19_raw_window,42,7,170,148,1,7,11,20,0,0.16,0,0.5,
System_Failure,rf_19_raw_window,42,7,170,148,1,7,12,21,0,0.15333333333333332,0,0.5,
System_Failure,rf_19_raw_window,42,7,170,148,1,7,13,22,0,0.006666666666666667,0,0.5,
System_Failure,rf_19_raw_window,42,7,170,148,1,7,14,23,0,0.29333333333333333,0,0.5,
System_Failure,rf_19_raw_window,42,7,170,148,1,7,15,24,0,0.31,0,0.5,
System_Failure,rf_19_raw_window,42,7,170,148,1,7,16,25,0,0.30333333333333334,0,0.5,
System_Failure,rf_19_raw_window,42,7,170,148,1,7,17,26,0,0.29,0,0.5,
System_Failure,rf_19_raw_window,42,7,170,148,1,7,18,27,0,0.27,0,0.5,
System_Failure,rf_19_raw_window,42,7,170,148,1,7,19,28,0,0.2866666666666667,0,0.5,
System_Failure,rf_19_raw_window,42,7,170,148,1,7,20,29,0,0.27,0,0.5,
System_Failure,rf_19_raw_window,42,7,170,148,1,7,21,30,0,0.25,0,0.5,
System_Failure,rf_19_raw_window,42,7,170,148,1,7,22,31,0,0.21666666666666667,0,0.5,
System_Failure,rf_19_raw_window,42,7,170,148,1,7,23,32,0,0.27666666666666667,0,0.5,
System_Failure,rf_19_raw_window,42,7,170,148,1,7,24,33,0,0.16333333333333333,0,0.5,
System_Failure,rf_19_raw_window,42,7,170,148,1,7,25,34,0,0.13,0,0.5,
System_Failure,rf_19_raw_window,42,7,170,148,1,7,26,35,0,0.18,0,0.5,
System_Failure,rf_19_raw_window,42,7,170,148,1,7,27,36,0,0.12333333333333334,0,0.5,
System_Failure,rf_19_raw_window,42,7,170,148,1,7,28,37,0,0.20666666666666667,0,0.5,
System_Failure,rf_19_raw_window,42,7,170,148,1,7,29,38,0,0.19666666666666666,0,0.5,
System_Failure,rf_19_raw_window,42,7,170,148,1,7,30,39,0,0.08333333333333333,0,0.5,
System_Failure,rf_19_raw_window,42,7,170,148,1,7,31,40,0,0.10333333333333333,0,0.5,
System_Failure,rf_19_raw_window,42,7,170,148,1,7,32,41,0,0.16333333333333333,0,0.5,
System_Failure,rf_19_raw_window,42,7,170,148,1,7,33,42,0,0.16333333333333333,0,0.5,
System_Failure,rf_19_raw_window,42,7,170,148,1,7,34,43,0,0.20333333333333334,0,0.5,
System_Failure,rf_19_raw_window,42,7,170,148,1,7,35,44,0,0.17666666666666667,0,0.5,
System_Failure,rf_19_raw_window,42,7,170,148,1,7,36,45,0,0.28,0,0.5,
System_Failure,rf_19_raw_window,42,7,170,148,1,7,37,46,0,0.28,0,0.5,
System_Failure,rf_19_raw_window,42,7,170,148,1,7,38,47,0,0.31333333333333335,0,0.5,
System_Failure,rf_19_raw_window,42,7,170,148,1,7,39,48,0,0.30333333333333334,0,0.5,
System_Failure,rf_19_raw_window,42,7,170,148,1,7,40,49,0,0.52,1,0.5,
System_Failure,rf_19_raw_window,42,7,170,148,1,7,41,50,0,0.37666666666666665,0,0.5,
System_Failure,rf_19_raw_window,42,7,170,148,1,7,42,51,0,0.11333333333333333,0,0.5,
System_Failure,rf_19_raw_window,42,7,170,148,1,7,43,52,0,0.09666666666666666,0,0.5,
System_Failure,rf_19_raw_window,42,7,170,148,1,7,44,53,0,0.01,0,0.5,
System_Failure,rf_19_raw_window,42,7,170,148,1,7,45,54,0,0.01,0,0.5,
System_Failure,rf_19_raw_window,42,7,170,148,1,7,46,55,0,0.013333333333333334,0,0.5,
System_Failure,rf_19_raw_window,42,7,171,149,1,7,0,9,0,0.056666666666666664,0,0.5,
System_Failure,rf_19_raw_window,42,7,171,149,1,7,1,10,0,0.03666666666666667,0,0.5,
System_Failure,rf_19_raw_window,42,7,171,149,1,7,2,11,0,0.043333333333333335,0,0.5,
System_Failure,rf_19_raw_window,42,7,171,149,1,7,3,12,0,0.08,0,0.5,
System_Failure,rf_19_raw_window,42,7,171,149,1,7,4,13,0,0.08666666666666667,0,0.5,
System_Failure,rf_19_raw_window,42,7,171,149,1,7,5,14,0,0.04,0,0.5,
System_Failure,rf_19_raw_window,42,7,171,149,1,7,6,15,0,0.02666666666666667,0,0.5,
System_Failure,rf_19_raw_window,42,7,171,149,1,7,7,16,0,0.08666666666666667,0,0.5,
System_Failure,rf_19_raw_window,42,7,171,149,1,7,8,17,0,0.11333333333333333,0,0.5,
System_Failure,rf_19_raw_window,42,7,171,149,1,7,9,18,0,0.19666666666666666,0,0.5,
System_Failure,rf_19_raw_window,42,7,171,149,1,7,10,19,0,0.09333333333333334,0,0.5,
System_Failure,rf_19_raw_window,42,7,171,149,1,7,11,20,0,0.13,0,0.5,
System_Failure,rf_19_raw_window,42,7,171,149,1,7,12,21,0,0.22333333333333333,0,0.5,
System_Failure,rf_19_raw_window,42,7,171,149,1,7,13,22,0,0.22333333333333333,0,0.5,
System_Failure,rf_19_raw_window,42,7,171,149,1,7,14,23,0,0.23666666666666666,0,0.5,
System_Failure,rf_19_raw_window,42,7,172,150,1,7,0,9,0,0.16333333333333333,0,0.5,
System_Failure,rf_19_raw_window,42,7,172,150,1,7,1,10,0,0.09333333333333334,0,0.5,
System_Failure,rf_19_raw_window,42,7,172,150,1,7,2,11,0,0.08,0,0.5,
System_Failure,rf_19_raw_window,42,7,172,150,1,7,3,12,0,0.056666666666666664,0,0.5,
System_Failure,rf_19_raw_window,42,7,172,150,1,7,4,13,0,0.07,0,0.5,
System_Failure,rf_19_raw_window,42,7,172,150,1,7,5,14,0,0.02666666666666667,0,0.5,
System_Failure,rf_19_raw_window,42,7,172,150,1,7,6,15,0,0.03,0,0.5,
System_Failure,rf_19_raw_window,42,7,172,150,1,7,7,16,0,0.04666666666666667,0,0.5,
System_Failure,rf_19_raw_window,42,7,172,150,1,7,8,17,0,0.02,0,0.5,
System_Failure,rf_19_raw_window,42,7,172,150,1,7,9,18,0,0.04666666666666667,0,0.5,
System_Failure,rf_19_raw_window,42,7,172,150,1,7,10,19,0,0.03,0,0.5,
System_Failure,rf_19_raw_window,42,7,172,150,1,7,11,20,0,0.05333333333333334,0,0.5,
System_Failure,rf_19_raw_window,42,7,172,150,1,7,12,21,0,0.043333333333333335,0,0.5,
System_Failure,rf_19_raw_window,42,7,172,150,1,7,13,22,0,0.10333333333333333,0,0.5,
System_Failure,rf_19_raw_window,42,7,172,150,1,7,14,23,0,0.11,0,0.5,
System_Failure,rf_19_raw_window,42,7,173,151,1,7,0,9,1,0.5433333333333333,1,0.5,
System_Failure,rf_19_raw_window,42,7,173,151,1,7,1,10,1,0.7833333333333333,1,0.5,
System_Failure,rf_19_raw_window,42,7,173,151,1,7,2,11,1,0.7633333333333333,1,0.5,
System_Failure,rf_19_raw_window,42,7,173,151,1,7,3,12,1,0.8233333333333334,1,0.5,
System_Failure,rf_19_raw_window,42,7,173,151,1,7,4,13,1,0.7633333333333333,1,0.5,
System_Failure,rf_19_raw_window,42,7,173,151,1,7,5,14,1,0.64,1,0.5,
System_Failure,rf_19_raw_window,42,7,173,151,1,7,6,15,1,0.4666666666666667,0,0.5,
System_Failure,rf_19_raw_window,42,7,173,151,1,7,7,16,1,0.48,0,0.5,
System_Failure,rf_19_raw_window,42,7,173,151,1,7,8,17,0,0.27666666666666667,0,0.5,
System_Failure,rf_19_raw_window,42,7,173,151,1,7,9,18,0,0.16,0,0.5,
System_Failure,rf_19_raw_window,42,7,173,151,1,7,10,19,0,0.11666666666666667,0,0.5,
System_Failure,rf_19_raw_window,42,7,173,151,1,7,11,20,0,0.03,0,0.5,
System_Failure,rf_19_raw_window,42,7,173,151,1,7,12,21,0,0.04666666666666667,0,0.5,
System_Failure,rf_19_raw_window,42,7,173,151,1,7,13,22,0,0.04,0,0.5,
System_Failure,rf_19_raw_window,42,7,173,151,1,7,14,23,0,0.056666666666666664,0,0.5,
System_Failure,rf_19_raw_window,42,7,173,151,1,7,15,24,1,0.42333333333333334,0,0.5,
System_Failure,rf_19_raw_window,42,7,173,151,1,7,16,25,1,0.4666666666666667,0,0.5,
System_Failure,rf_19_raw_window,42,7,173,151,1,7,17,26,1,0.6433333333333333,1,0.5,
System_Failure,rf_19_raw_window,42,7,173,151,1,7,18,27,1,0.6266666666666667,1,0.5,
System_Failure,rf_19_raw_window,42,7,173,151,1,7,19,28,1,0.5533333333333333,1,0.5,
System_Failure,rf_19_raw_window,42,7,173,151,1,7,20,29,1,0.5366666666666666,1,0.5,
System_Failure,rf_19_raw_window,42,7,174,152,1,7,0,9,1,0.5166666666666667,1,0.5,
System_Failure,rf_19_raw_window,42,7,174,152,1,7,1,10,1,0.6833333333333333,1,0.5,
System_Failure,rf_19_raw_window,42,7,174,152,1,7,2,11,1,0.83,1,0.5,
System_Failure,rf_19_raw_window,42,7,174,152,1,7,3,12,1,0.75,1,0.5,
System_Failure,rf_19_raw_window,42,7,174,152,1,7,4,13,1,0.19666666666666666,0,0.5,
System_Failure,rf_19_raw_window,42,7,174,152,1,7,5,14,1,0.20333333333333334,0,0.5,
System_Failure,rf_19_raw_window,42,7,174,152,1,7,6,15,1,0.44666666666666666,0,0.5,
System_Failure,rf_19_raw_window,42,7,174,152,1,7,7,16,1,0.4066666666666667,0,0.5,
System_Failure,rf_19_raw_window,42,7,174,152,1,7,8,17,0,0.42333333333333334,0,0.5,
System_Failure,rf_19_raw_window,42,7,174,152,1,7,9,18,0,0.17,0,0.5,
System_Failure,rf_19_raw_window,42,7,174,152,1,7,10,19,0,0.09666666666666666,0,0.5,
System_Failure,rf_19_raw_window,42,7,174,152,1,7,11,20,0,0.14,0,0.5,
System_Failure,rf_19_raw_window,42,7,174,152,1,7,12,21,0,0.4,0,0.5,
System_Failure,rf_19_raw_window,42,7,174,152,1,7,13,22,0,0.4266666666666667,0,0.5,
System_Failure,rf_19_raw_window,42,7,174,152,1,7,14,23,1,0.49333333333333335,0,0.5,
System_Failure,rf_19_raw_window,42,7,174,152,1,7,15,24,1,0.55,1,0.5,
System_Failure,rf_19_raw_window,42,7,174,152,1,7,16,25,1,0.58,1,0.5,
System_Failure,rf_19_raw_window,42,7,174,152,1,7,17,26,1,0.7933333333333333,1,0.5,
System_Failure,rf_19_raw_window,42,7,174,152,1,7,18,27,1,0.7933333333333333,1,0.5,
System_Failure,rf_19_raw_window,42,7,175,153,1,7,0,9,1,0.84,1,0.5,
System_Failure,rf_19_raw_window,42,7,175,153,1,7,1,10,1,0.89,1,0.5,
System_Failure,rf_19_raw_window,42,7,175,153,1,7,2,11,1,0.8933333333333333,1,0.5,
System_Failure,rf_19_raw_window,42,7,175,153,1,7,3,12,1,0.7366666666666667,1,0.5,
System_Failure,rf_19_raw_window,42,7,175,153,1,7,4,13,1,0.5133333333333333,1,0.5,
System_Failure,rf_19_raw_window,42,7,175,153,1,7,5,14,0,0.17333333333333334,0,0.5,
System_Failure,rf_19_raw_window,42,7,175,153,1,7,6,15,0,0.07,0,0.5,
System_Failure,rf_19_raw_window,42,7,175,153,1,7,7,16,0,0.04666666666666667,0,0.5,
System_Failure,rf_19_raw_window,42,7,175,153,1,7,8,17,0,0.04666666666666667,0,0.5,
System_Failure,rf_19_raw_window,42,7,175,153,1,7,9,18,0,0.056666666666666664,0,0.5,
System_Failure,rf_19_raw_window,42,7,175,153,1,7,10,19,0,0.07,0,0.5,
System_Failure,rf_19_raw_window,42,7,175,153,1,7,11,20,0,0.09,0,0.5,
System_Failure,rf_19_raw_window,42,7,175,153,1,7,12,21,0,0.08,0,0.5,
System_Failure,rf_19_raw_window,42,7,175,153,1,7,13,22,0,0.11333333333333333,0,0.5,
System_Failure,rf_19_raw_window,42,7,175,153,1,7,14,23,0,0.18,0,0.5,
System_Failure,rf_19_raw_window,42,7,175,153,1,7,15,24,1,0.18333333333333332,0,0.5,
System_Failure,rf_19_raw_window,42,7,175,153,1,7,16,25,1,0.3233333333333333,0,0.5,
System_Failure,rf_19_raw_window,42,7,175,153,1,7,17,26,1,0.3233333333333333,0,0.5,
System_Failure,rf_19_raw_window,42,7,175,153,1,7,18,27,1,0.35,0,0.5,
System_Failure,rf_19_raw_window,42,7,175,153,1,7,19,28,1,0.37666666666666665,0,0.5,
System_Failure,rf_19_raw_window,42,7,175,153,1,7,20,29,1,0.39,0,0.5,
System_Failure,rf_19_raw_window,42,7,175,153,1,7,21,30,1,0.3566666666666667,0,0.5,
System_Failure,rf_19_raw_window,42,7,175,153,1,7,22,31,1,0.5833333333333334,1,0.5,
System_Failure,rf_19_raw_window,42,7,175,153,1,7,23,32,1,0.6033333333333334,1,0.5,
System_Failure,rf_19_raw_window,42,7,175,153,1,7,24,33,1,0.7266666666666667,1,0.5,
System_Failure,rf_19_raw_window,42,7,175,153,1,7,25,34,0,0.5966666666666667,1,0.5,
System_Failure,rf_19_raw_window,42,7,175,153,1,7,26,35,0,0.44333333333333336,0,0.5,
System_Failure,rf_19_raw_window,42,7,175,153,1,7,27,36,0,0.44,0,0.5,
System_Failure,rf_19_raw_window,42,7,175,153,1,7,28,37,0,0.2833333333333333,0,0.5,
System_Failure,rf_19_raw_window,42,7,175,153,1,7,29,38,0,0.15,0,0.5,
System_Failure,rf_19_raw_window,42,7,175,153,1,7,30,39,0,0.12666666666666668,0,0.5,
System_Failure,rf_19_raw_window,42,7,175,153,1,7,31,40,0,0.12333333333333334,0,0.5,
System_Failure,rf_19_raw_window,42,7,175,153,1,7,32,41,0,0.1,0,0.5,
System_Failure,rf_19_raw_window,42,7,175,153,1,7,33,42,0,0.19,0,0.5,
System_Failure,rf_19_raw_window,42,7,175,153,1,7,34,43,0,0.2,0,0.5,
System_Failure,rf_19_raw_window,42,8,176,154,1,8,0,9,0,0.17333333333333334,0,0.5,
System_Failure,rf_19_raw_window,42,8,176,154,1,8,1,10,0,0.15666666666666668,0,0.5,
System_Failure,rf_19_raw_window,42,8,176,154,1,8,2,11,0,0.15333333333333332,0,0.5,
System_Failure,rf_19_raw_window,42,8,176,154,1,8,3,12,0,0.15333333333333332,0,0.5,
System_Failure,rf_19_raw_window,42,8,176,154,1,8,4,13,0,0.11666666666666667,0,0.5,
System_Failure,rf_19_raw_window,42,8,176,154,1,8,5,14,0,0.15666666666666668,0,0.5,
System_Failure,rf_19_raw_window,42,8,176,154,1,8,6,15,0,0.15666666666666668,0,0.5,
System_Failure,rf_19_raw_window,42,8,176,154,1,8,7,16,0,0.23666666666666666,0,0.5,
System_Failure,rf_19_raw_window,42,8,176,154,1,8,8,17,0,0.22,0,0.5,
System_Failure,rf_19_raw_window,42,8,176,154,1,8,9,18,0,0.17333333333333334,0,0.5,
System_Failure,rf_19_raw_window,42,8,176,154,1,8,10,19,0,0.16,0,0.5,
System_Failure,rf_19_raw_window,42,8,176,154,1,8,11,20,0,0.14,0,0.5,
System_Failure,rf_19_raw_window,42,8,176,154,1,8,12,21,0,0.11333333333333333,0,0.5,
System_Failure,rf_19_raw_window,42,8,176,154,1,8,13,22,0,0.12666666666666668,0,0.5,
System_Failure,rf_19_raw_window,42,8,176,154,1,8,14,23,0,0.14333333333333334,0,0.5,
System_Failure,rf_19_raw_window,42,8,177,155,1,8,0,9,0,0.18333333333333332,0,0.5,
System_Failure,rf_19_raw_window,42,8,177,155,1,8,1,10,0,0.23666666666666666,0,0.5,
System_Failure,rf_19_raw_window,42,8,177,155,1,8,2,11,0,0.19666666666666666,0,0.5,
System_Failure,rf_19_raw_window,42,8,177,155,1,8,3,12,0,0.16333333333333333,0,0.5,
System_Failure,rf_19_raw_window,42,8,177,155,1,8,4,13,0,0.13666666666666666,0,0.5,
System_Failure,rf_19_raw_window,42,8,177,155,1,8,5,14,0,0.19,0,0.5,
System_Failure,rf_19_raw_window,42,8,177,155,1,8,6,15,0,0.14333333333333334,0,0.5,
System_Failure,rf_19_raw_window,42,8,177,155,1,8,7,16,0,0.15333333333333332,0,0.5,
System_Failure,rf_19_raw_window,42,8,177,155,1,8,8,17,0,0.21333333333333335,0,0.5,
System_Failure,rf_19_raw_window,42,8,177,155,1,8,9,18,0,0.16666666666666666,0,0.5,
System_Failure,rf_19_raw_window,42,8,177,155,1,8,10,19,0,0.14333333333333334,0,0.5,
System_Failure,rf_19_raw_window,42,8,177,155,1,8,11,20,0,0.14333333333333334,0,0.5,
System_Failure,rf_19_raw_window,42,8,177,155,1,8,12,21,0,0.12,0,0.5,
System_Failure,rf_19_raw_window,42,8,177,155,1,8,13,22,0,0.13333333333333333,0,0.5,
System_Failure,rf_19_raw_window,42,8,177,155,1,8,14,23,0,0.12333333333333334,0,0.5,
System_Failure,rf_19_raw_window,42,8,178,156,1,8,0,9,0,0.14,0,0.5,
System_Failure,rf_19_raw_window,42,8,178,156,1,8,1,10,0,0.12,0,0.5,
System_Failure,rf_19_raw_window,42,8,178,156,1,8,2,11,0,0.11,0,0.5,
System_Failure,rf_19_raw_window,42,8,178,156,1,8,3,12,0,0.14333333333333334,0,0.5,
System_Failure,rf_19_raw_window,42,8,178,156,1,8,4,13,0,0.14,0,0.5,
System_Failure,rf_19_raw_window,42,8,178,156,1,8,5,14,0,0.18666666666666668,0,0.5,
System_Failure,rf_19_raw_window,42,8,178,156,1,8,6,15,0,0.23,0,0.5,
System_Failure,rf_19_raw_window,42,8,178,156,1,8,7,16,0,0.30666666666666664,0,0.5,
System_Failure,rf_19_raw_window,42,8,178,156,1,8,8,17,0,0.36333333333333334,0,0.5,
System_Failure,rf_19_raw_window,42,8,178,156,1,8,9,18,0,0.31333333333333335,0,0.5,
System_Failure,rf_19_raw_window,42,8,178,156,1,8,10,19,0,0.25666666666666665,0,0.5,
System_Failure,rf_19_raw_window,42,8,178,156,1,8,11,20,0,0.16666666666666666,0,0.5,
System_Failure,rf_19_raw_window,42,8,178,156,1,8,12,21,0,0.15666666666666668,0,0.5,
System_Failure,rf_19_raw_window,42,8,178,156,1,8,13,22,0,0.21333333333333335,0,0.5,
System_Failure,rf_19_raw_window,42,8,178,156,1,8,14,23,0,0.19666666666666666,0,0.5,
System_Failure,rf_19_raw_window,42,8,178,156,1,8,15,24,0,0.34,0,0.5,
System_Failure,rf_19_raw_window,42,8,179,157,1,8,0,9,0,0.17666666666666667,0,0.5,
System_Failure,rf_19_raw_window,42,8,179,157,1,8,1,10,0,0.23666666666666666,0,0.5,
System_Failure,rf_19_raw_window,42,8,179,157,1,8,2,11,0,0.20666666666666667,0,0.5,
System_Failure,rf_19_raw_window,42,8,179,157,1,8,3,12,0,0.18,0,0.5,
System_Failure,rf_19_raw_window,42,8,179,157,1,8,4,13,0,0.14666666666666667,0,0.5,
System_Failure,rf_19_raw_window,42,8,179,157,1,8,5,14,0,0.16333333333333333,0,0.5,
System_Failure,rf_19_raw_window,42,8,179,157,1,8,6,15,0,0.18333333333333332,0,0.5,
System_Failure,rf_19_raw_window,42,8,179,157,1,8,7,16,0,0.30333333333333334,0,0.5,
System_Failure,rf_19_raw_window,42,8,179,157,1,8,8,17,0,0.32,0,0.5,
System_Failure,rf_19_raw_window,42,8,179,157,1,8,9,18,0,0.21666666666666667,0,0.5,
System_Failure,rf_19_raw_window,42,8,179,157,1,8,10,19,0,0.15333333333333332,0,0.5,
System_Failure,rf_19_raw_window,42,8,179,157,1,8,11,20,0,0.17666666666666667,0,0.5,
System_Failure,rf_19_raw_window,42,8,179,157,1,8,12,21,0,0.20666666666666667,0,0.5,
System_Failure,rf_19_raw_window,42,8,179,157,1,8,13,22,0,0.19666666666666666,0,0.5,
System_Failure,rf_19_raw_window,42,8,179,157,1,8,14,23,0,0.38333333333333336,0,0.5,
System_Failure,rf_19_raw_window,42,8,180,158,1,8,0,9,0,0.37,0,0.5,
System_Failure,rf_19_raw_window,42,8,180,158,1,8,1,10,0,0.3333333333333333,0,0.5,
System_Failure,rf_19_raw_window,42,8,180,158,1,8,2,11,0,0.31666666666666665,0,0.5,
System_Failure,rf_19_raw_window,42,8,180,158,1,8,3,12,0,0.36666666666666664,0,0.5,
System_Failure,rf_19_raw_window,42,8,180,158,1,8,4,13,0,0.2733333333333333,0,0.5,
System_Failure,rf_19_raw_window,42,8,180,158,1,8,5,14,0,0.17666666666666667,0,0.5,
System_Failure,rf_19_raw_window,42,8,180,158,1,8,6,15,0,0.12,0,0.5,
System_Failure,rf_19_raw_window,42,8,180,158,1,8,7,16,0,0.11666666666666667,0,0.5,
System_Failure,rf_19_raw_window,42,8,180,158,1,8,8,17,0,0.18,0,0.5,
System_Failure,rf_19_raw_window,42,8,180,158,1,8,9,18,1,0.4666666666666667,0,0.5,
System_Failure,rf_19_raw_window,42,8,180,158,1,8,10,19,1,0.6733333333333333,1,0.5,
System_Failure,rf_19_raw_window,42,8,180,158,1,8,11,20,1,0.6266666666666667,1,0.5,
System_Failure,rf_19_raw_window,42,8,180,158,1,8,12,21,1,0.7133333333333334,1,0.5,
System_Failure,rf_19_raw_window,42,8,180,158,1,8,13,22,1,0.7333333333333333,1,0.5,
System_Failure,rf_19_raw_window,42,8,180,158,1,8,14,23,1,0.7566666666666667,1,0.5,
System_Failure,rf_19_raw_window,42,8,181,159,1,8,0,9,0,0.2,0,0.5,
System_Failure,rf_19_raw_window,42,8,181,159,1,8,1,10,0,0.14333333333333334,0,0.5,
System_Failure,rf_19_raw_window,42,8,181,159,1,8,2,11,0,0.12,0,0.5,
System_Failure,rf_19_raw_window,42,8,181,159,1,8,3,12,0,0.14333333333333334,0,0.5,
System_Failure,rf_19_raw_window,42,8,181,159,1,8,4,13,0,0.13,0,0.5,
System_Failure,rf_19_raw_window,42,8,181,159,1,8,5,14,0,0.08666666666666667,0,0.5,
System_Failure,rf_19_raw_window,42,8,181,159,1,8,6,15,0,0.12333333333333334,0,0.5,
System_Failure,rf_19_raw_window,42,8,181,159,1,8,7,16,0,0.2,0,0.5,
System_Failure,rf_19_raw_window,42,8,181,159,1,8,8,17,0,0.18,0,0.5,
System_Failure,rf_19_raw_window,42,8,181,159,1,8,9,18,0,0.2866666666666667,0,0.5,
System_Failure,rf_19_raw_window,42,8,181,159,1,8,10,19,0,0.38333333333333336,0,0.5,
System_Failure,rf_19_raw_window,42,8,181,159,1,8,11,20,0,0.14666666666666667,0,0.5,
System_Failure,rf_19_raw_window,42,8,181,159,1,8,12,21,0,0.16,0,0.5,
System_Failure,rf_19_raw_window,42,8,181,159,1,8,13,22,0,0.17,0,0.5,
System_Failure,rf_19_raw_window,42,8,182,160,1,8,0,9,1,0.8533333333333334,1,0.5,
System_Failure,rf_19_raw_window,42,8,182,160,1,8,1,10,1,0.84,1,0.5,
System_Failure,rf_19_raw_window,42,8,182,160,1,8,2,11,1,0.9166666666666666,1,0.5,
System_Failure,rf_19_raw_window,42,8,182,160,1,8,3,12,1,0.7133333333333334,1,0.5,
System_Failure,rf_19_raw_window,42,8,182,160,1,8,4,13,1,0.6766666666666666,1,0.5,
System_Failure,rf_19_raw_window,42,8,182,160,1,8,5,14,0,0.12666666666666668,0,0.5,
System_Failure,rf_19_raw_window,42,8,182,160,1,8,6,15,0,0.11,0,0.5,
System_Failure,rf_19_raw_window,42,8,182,160,1,8,7,16,0,0.15666666666666668,0,0.5,
System_Failure,rf_19_raw_window,42,8,182,160,1,8,8,17,0,0.17333333333333334,0,0.5,
System_Failure,rf_19_raw_window,42,8,182,160,1,8,9,18,0,0.12333333333333334,0,0.5,
System_Failure,rf_19_raw_window,42,8,182,160,1,8,10,19,0,0.13666666666666666,0,0.5,
System_Failure,rf_19_raw_window,42,8,182,160,1,8,11,20,0,0.20333333333333334,0,0.5,
System_Failure,rf_19_raw_window,42,8,182,160,1,8,12,21,0,0.22,0,0.5,
System_Failure,rf_19_raw_window,42,8,182,160,1,8,13,22,0,0.24666666666666667,0,0.5,
System_Failure,rf_19_raw_window,42,8,182,160,1,8,14,23,0,0.27666666666666667,0,0.5,
System_Failure,rf_19_raw_window,42,8,182,160,1,8,15,24,0,0.17333333333333334,0,0.5,
System_Failure,rf_19_raw_window,42,8,182,160,1,8,16,25,0,0.18666666666666668,0,0.5,
System_Failure,rf_19_raw_window,42,8,182,160,1,8,17,26,0,0.17666666666666667,0,0.5,
System_Failure,rf_19_raw_window,42,8,183,161,1,8,0,9,1,0.8433333333333334,1,0.5,
System_Failure,rf_19_raw_window,42,8,183,161,1,8,1,10,1,0.9266666666666666,1,0.5,
System_Failure,rf_19_raw_window,42,8,183,161,1,8,2,11,1,0.89,1,0.5,
System_Failure,rf_19_raw_window,42,8,183,161,1,8,3,12,1,0.9333333333333333,1,0.5,
System_Failure,rf_19_raw_window,42,8,183,161,1,8,4,13,1,0.8833333333333333,1,0.5,
System_Failure,rf_19_raw_window,42,8,183,161,1,8,5,14,1,0.5766666666666667,1,0.5,
System_Failure,rf_19_raw_window,42,8,183,161,1,8,6,15,0,0.5733333333333334,1,0.5,
System_Failure,rf_19_raw_window,42,8,183,161,1,8,7,16,0,0.5566666666666666,1,0.5,
System_Failure,rf_19_raw_window,42,8,183,161,1,8,8,17,0,0.44333333333333336,0,0.5,
System_Failure,rf_19_raw_window,42,8,183,161,1,8,9,18,0,0.24333333333333335,0,0.5,
System_Failure,rf_19_raw_window,42,8,183,161,1,8,10,19,0,0.21666666666666667,0,0.5,
System_Failure,rf_19_raw_window,42,8,183,161,1,8,11,20,0,0.19666666666666666,0,0.5,
System_Failure,rf_19_raw_window,42,8,183,161,1,8,12,21,0,0.21,0,0.5,
System_Failure,rf_19_raw_window,42,8,183,161,1,8,13,22,0,0.21333333333333335,0,0.5,
System_Failure,rf_19_raw_window,42,8,183,161,1,8,14,23,0,0.20666666666666667,0,0.5,
System_Failure,rf_19_raw_window,42,8,183,161,1,8,15,24,0,0.26,0,0.5,
System_Failure,rf_19_raw_window,42,8,183,161,1,8,16,25,0,0.14,0,0.5,
System_Failure,rf_19_raw_window,42,8,183,161,1,8,17,26,0,0.06666666666666667,0,0.5,
System_Failure,rf_19_raw_window,42,8,183,161,1,8,18,27,0,0.21666666666666667,0,0.5,
System_Failure,rf_19_raw_window,42,8,183,161,1,8,19,28,0,0.21,0,0.5,
System_Failure,rf_19_raw_window,42,8,183,161,1,8,20,29,0,0.18333333333333332,0,0.5,
System_Failure,rf_19_raw_window,42,8,183,161,1,8,21,30,0,0.10666666666666667,0,0.5,
System_Failure,rf_19_raw_window,42,8,183,161,1,8,22,31,0,0.09,0,0.5,
System_Failure,rf_19_raw_window,42,8,183,161,1,8,23,32,0,0.10666666666666667,0,0.5,
System_Failure,rf_19_raw_window,42,8,183,161,1,8,24,33,0,0.21,0,0.5,
System_Failure,rf_19_raw_window,42,8,183,161,1,8,25,34,0,0.14666666666666667,0,0.5,
System_Failure,rf_19_raw_window,42,8,183,161,1,8,26,35,0,0.19,0,0.5,
System_Failure,rf_19_raw_window,42,8,183,161,1,8,27,36,0,0.1,0,0.5,
System_Failure,rf_19_raw_window,42,8,183,161,1,8,28,37,0,0.14666666666666667,0,0.5,
System_Failure,rf_19_raw_window,42,8,183,161,1,8,29,38,0,0.16,0,0.5,
System_Failure,rf_19_raw_window,42,8,183,161,1,8,30,39,0,0.16666666666666666,0,0.5,
System_Failure,rf_19_raw_window,42,8,183,161,1,8,31,40,0,0.17333333333333334,0,0.5,
System_Failure,rf_19_raw_window,42,8,183,161,1,8,32,41,0,0.16666666666666666,0,0.5,
System_Failure,rf_19_raw_window,42,8,183,161,1,8,33,42,0,0.18333333333333332,0,0.5,
System_Failure,rf_19_raw_window,42,8,183,161,1,8,34,43,0,0.27,0,0.5,
System_Failure,rf_19_raw_window,42,8,183,161,1,8,35,44,0,0.5033333333333333,1,0.5,
System_Failure,rf_19_raw_window,42,8,183,161,1,8,36,45,0,0.53,1,0.5,
System_Failure,rf_19_raw_window,42,8,183,161,1,8,37,46,0,0.17333333333333334,0,0.5,
System_Failure,rf_19_raw_window,42,8,184,162,1,8,0,9,0,0.20333333333333334,0,0.5,
System_Failure,rf_19_raw_window,42,8,184,162,1,8,1,10,0,0.22666666666666666,0,0.5,
System_Failure,rf_19_raw_window,42,8,184,162,1,8,2,11,0,0.19,0,0.5,
System_Failure,rf_19_raw_window,42,8,184,162,1,8,3,12,0,0.18,0,0.5,
System_Failure,rf_19_raw_window,42,8,184,162,1,8,4,13,0,0.13333333333333333,0,0.5,
System_Failure,rf_19_raw_window,42,8,184,162,1,8,5,14,0,0.09,0,0.5,
System_Failure,rf_19_raw_window,42,8,184,162,1,8,6,15,0,0.07666666666666666,0,0.5,
System_Failure,rf_19_raw_window,42,8,184,162,1,8,7,16,0,0.16333333333333333,0,0.5,
System_Failure,rf_19_raw_window,42,8,184,162,1,8,8,17,0,0.18666666666666668,0,0.5,
System_Failure,rf_19_raw_window,42,8,184,162,1,8,9,18,0,0.27,0,0.5,
System_Failure,rf_19_raw_window,42,8,184,162,1,8,10,19,0,0.27,0,0.5,
System_Failure,rf_19_raw_window,42,8,184,162,1,8,11,20,0,0.2833333333333333,0,0.5,
System_Failure,rf_19_raw_window,42,8,184,162,1,8,12,21,0,0.2866666666666667,0,0.5,
System_Failure,rf_19_raw_window,42,8,184,162,1,8,13,22,0,0.2733333333333333,0,0.5,
System_Failure,rf_19_raw_window,42,8,184,162,1,8,14,23,0,0.2866666666666667,0,0.5,
System_Failure,rf_19_raw_window,42,8,185,163,1,8,0,9,1,0.7933333333333333,1,0.5,
System_Failure,rf_19_raw_window,42,8,185,163,1,8,1,10,1,0.93,1,0.5,
System_Failure,rf_19_raw_window,42,8,185,163,1,8,2,11,1,0.9266666666666666,1,0.5,
System_Failure,rf_19_raw_window,42,8,185,163,1,8,3,12,1,0.97,1,0.5,
System_Failure,rf_19_raw_window,42,8,185,163,1,8,4,13,1,0.8833333333333333,1,0.5,
System_Failure,rf_19_raw_window,42,8,185,163,1,8,5,14,1,0.89,1,0.5,
System_Failure,rf_19_raw_window,42,8,199,176,1,8,0,9,0,0.2733333333333333,0,0.5,
System_Failure,rf_19_raw_window,42,8,199,176,1,8,1,10,0,0.17,0,0.5,
System_Failure,rf_19_raw_window,42,8,199,176,1,8,2,11,0,0.21,0,0.5,
System_Failure,rf_19_raw_window,42,8,199,176,1,8,3,12,0,0.21666666666666667,0,0.5,
System_Failure,rf_19_raw_window,42,8,199,176,1,8,4,13,0,0.14333333333333334,0,0.5,
System_Failure,rf_19_raw_window,42,8,199,176,1,8,5,14,0,0.18,0,0.5,
System_Failure,rf_19_raw_window,42,8,199,176,1,8,6,15,0,0.15333333333333332,0,0.5,
System_Failure,rf_19_raw_window,42,8,200,177,1,8,0,9,1,0.5766666666666667,1,0.5,
System_Failure,rf_19_raw_window,42,8,200,177,1,8,1,10,1,0.4866666666666667,0,0.5,
System_Failure,rf_19_raw_window,42,8,200,177,1,8,2,11,1,0.5533333333333333,1,0.5,
System_Failure,rf_19_raw_window,42,8,200,177,1,8,3,12,1,0.57,1,0.5,
System_Failure,rf_19_raw_window,42,8,200,177,1,8,4,13,1,0.5833333333333334,1,0.5,
System_Failure,rf_19_raw_window,42,8,200,177,1,8,5,14,0,0.17333333333333334,0,0.5,
System_Failure,rf_19_raw_window,42,8,200,177,1,8,6,15,0,0.26666666666666666,0,0.5,
System_Failure,rf_19_raw_window,42,8,200,177,1,8,7,16,1,0.30333333333333334,0,0.5,
System_Failure,rf_19_raw_window,42,8,200,177,1,8,8,17,1,0.54,1,0.5,
System_Failure,rf_19_raw_window,42,8,200,177,1,8,9,18,1,0.5133333333333333,1,0.5,
System_Failure,rf_19_raw_window,42,8,200,177,1,8,10,19,1,0.7,1,0.5,
System_Failure,rf_19_raw_window,42,8,200,177,1,8,11,20,1,0.7533333333333333,1,0.5,
System_Failure,rf_19_raw_window,42,8,200,177,1,8,12,21,1,0.7666666666666667,1,0.5,
System_Failure,rf_19_raw_window,42,8,200,177,1,8,13,22,1,0.8933333333333333,1,0.5,
System_Failure,rf_19_raw_window,42,8,200,177,1,8,14,23,1,0.89,1,0.5,
System_Failure,rf_19_raw_window,42,9,201,178,1,9,0,9,0,0.14333333333333334,0,0.5,
System_Failure,rf_19_raw_window,42,9,201,178,1,9,1,10,0,0.12,0,0.5,
System_Failure,rf_19_raw_window,42,9,201,178,1,9,2,11,0,0.05,0,0.5,
System_Failure,rf_19_raw_window,42,9,201,178,1,9,3,12,0,0.03,0,0.5,
System_Failure,rf_19_raw_window,42,9,201,178,1,9,4,13,0,0.16,0,0.5,
System_Failure,rf_19_raw_window,42,9,201,178,1,9,5,14,0,0.07333333333333333,0,0.5,
System_Failure,rf_19_raw_window,42,9,201,178,1,9,6,15,0,0.06666666666666667,0,0.5,
System_Failure,rf_19_raw_window,42,9,201,178,1,9,7,16,0,0.14,0,0.5,
System_Failure,rf_19_raw_window,42,9,201,178,1,9,8,17,0,0.02666666666666667,0,0.5,
System_Failure,rf_19_raw_window,42,9,201,178,1,9,9,18,0,0.04,0,0.5,
System_Failure,rf_19_raw_window,42,9,201,178,1,9,10,19,0,0.023333333333333334,0,0.5,
System_Failure,rf_19_raw_window,42,9,201,178,1,9,11,20,1,0.03,0,0.5,
System_Failure,rf_19_raw_window,42,9,201,178,1,9,12,21,1,0.04666666666666667,0,0.5,
System_Failure,rf_19_raw_window,42,9,201,178,1,9,13,22,1,0.15666666666666668,0,0.5,
System_Failure,rf_19_raw_window,42,9,201,178,1,9,14,23,1,0.26,0,0.5,
System_Failure,rf_19_raw_window,42,9,201,178,1,9,15,24,1,0.47333333333333333,0,0.5,
System_Failure,rf_19_raw_window,42,9,201,178,1,9,16,25,1,0.4766666666666667,0,0.5,
System_Failure,rf_19_raw_window,42,9,201,178,1,9,17,26,1,0.45,0,0.5,
System_Failure,rf_19_raw_window,42,9,201,178,1,9,18,27,1,0.72,1,0.5,
System_Failure,rf_19_raw_window,42,9,201,178,1,9,19,28,1,0.69,1,0.5,
System_Failure,rf_19_raw_window,42,9,201,178,1,9,20,29,1,0.8166666666666667,1,0.5,
System_Failure,rf_19_raw_window,42,9,201,178,1,9,21,30,0,0.6766666666666666,1,0.5,
System_Failure,rf_19_raw_window,42,9,201,178,1,9,22,31,0,0.5933333333333334,1,0.5,
System_Failure,rf_19_raw_window,42,9,201,178,1,9,23,32,0,0.5233333333333333,1,0.5,
System_Failure,rf_19_raw_window,42,9,201,178,1,9,24,33,0,0.4633333333333333,0,0.5,
System_Failure,rf_19_raw_window,42,9,201,178,1,9,25,34,0,0.36333333333333334,0,0.5,
System_Failure,rf_19_raw_window,42,9,201,178,1,9,26,35,0,0.33,0,0.5,
System_Failure,rf_19_raw_window,42,9,201,178,1,9,27,36,0,0.31,0,0.5,
System_Failure,rf_19_raw_window,42,9,201,178,1,9,28,37,0,0.2966666666666667,0,0.5,
System_Failure,rf_19_raw_window,42,9,201,178,1,9,29,38,0,0.18,0,0.5,
System_Failure,rf_19_raw_window,42,9,202,179,1,9,0,9,0,0.38666666666666666,0,0.5,
System_Failure,rf_19_raw_window,42,9,202,179,1,9,1,10,0,0.3566666666666667,0,0.5,
System_Failure,rf_19_raw_window,42,9,202,179,1,9,2,11,0,0.25333333333333335,0,0.5,
System_Failure,rf_19_raw_window,42,9,202,179,1,9,3,12,0,0.3433333333333333,0,0.5,
System_Failure,rf_19_raw_window,42,9,202,179,1,9,4,13,0,0.25666666666666665,0,0.5,
System_Failure,rf_19_raw_window,42,9,202,179,1,9,5,14,0,0.07333333333333333,0,0.5,
System_Failure,rf_19_raw_window,42,9,202,179,1,9,6,15,0,0.06666666666666667,0,0.5,
System_Failure,rf_19_raw_window,42,9,202,179,1,9,7,16,0,0.07666666666666666,0,0.5,
System_Failure,rf_19_raw_window,42,9,202,179,1,9,8,17,0,0.16,0,0.5,
System_Failure,rf_19_raw_window,42,9,202,179,1,9,9,18,1,0.6066666666666667,1,0.5,
System_Failure,rf_19_raw_window,42,9,202,179,1,9,10,19,1,0.6233333333333333,1,0.5,
System_Failure,rf_19_raw_window,42,9,202,179,1,9,11,20,1,0.7766666666666666,1,0.5,
System_Failure,rf_19_raw_window,42,9,202,179,1,9,12,21,1,0.6566666666666666,1,0.5,
System_Failure,rf_19_raw_window,42,9,202,179,1,9,13,22,1,0.6533333333333333,1,0.5,
System_Failure,rf_19_raw_window,42,9,202,179,1,9,14,23,1,0.6233333333333333,1,0.5,
System_Failure,rf_19_raw_window,42,9,203,180,1,9,0,9,0,0.13666666666666666,0,0.5,
System_Failure,rf_19_raw_window,42,9,203,180,1,9,1,10,0,0.07666666666666666,0,0.5,
System_Failure,rf_19_raw_window,42,9,203,180,1,9,2,11,0,0.06,0,0.5,
System_Failure,rf_19_raw_window,42,9,203,180,1,9,3,12,0,0.09666666666666666,0,0.5,
System_Failure,rf_19_raw_window,42,9,203,180,1,9,4,13,0,0.15333333333333332,0,0.5,
System_Failure,rf_19_raw_window,42,9,203,180,1,9,5,14,0,0.06,0,0.5,
System_Failure,rf_19_raw_window,42,9,203,180,1,9,6,15,0,0.08333333333333333,0,0.5,
System_Failure,rf_19_raw_window,42,9,203,180,1,9,7,16,0,0.10333333333333333,0,0.5,
System_Failure,rf_19_raw_window,42,9,203,180,1,9,8,17,0,0.15666666666666668,0,0.5,
System_Failure,rf_19_raw_window,42,9,203,180,1,9,9,18,0,0.056666666666666664,0,0.5,
System_Failure,rf_19_raw_window,42,9,203,180,1,9,10,19,0,0.08333333333333333,0,0.5,
System_Failure,rf_19_raw_window,42,9,203,180,1,9,11,20,0,0.10666666666666667,0,0.5,
System_Failure,rf_19_raw_window,42,9,203,180,1,9,12,21,0,0.16333333333333333,0,0.5,
System_Failure,rf_19_raw_window,42,9,203,180,1,9,13,22,0,0.14666666666666667,0,0.5,
System_Failure,rf_19_raw_window,42,9,203,180,1,9,14,23,0,0.15666666666666668,0,0.5,
System_Failure,rf_19_raw_window,42,9,204,181,1,9,0,9,1,0.9066666666666666,1,0.5,
System_Failure,rf_19_raw_window,42,9,204,181,1,9,1,10,1,0.9266666666666666,1,0.5,
System_Failure,rf_19_raw_window,42,9,204,181,1,9,2,11,1,0.8533333333333334,1,0.5,
System_Failure,rf_19_raw_window,42,9,204,181,1,9,3,12,1,0.8466666666666667,1,0.5,
System_Failure,rf_19_raw_window,42,9,204,181,1,9,4,13,1,0.5833333333333334,1,0.5,
System_Failure,rf_19_raw_window,42,9,204,181,1,9,5,14,1,0.71,1,0.5,
System_Failure,rf_19_raw_window,42,9,204,181,1,9,6,15,1,0.4066666666666667,0,0.5,
System_Failure,rf_19_raw_window,42,9,204,181,1,9,7,16,0,0.36666666666666664,0,0.5,
System_Failure,rf_19_raw_window,42,9,204,181,1,9,8,17,0,0.32,0,0.5,
System_Failure,rf_19_raw_window,42,9,204,181,1,9,9,18,0,0.36333333333333334,0,0.5,
System_Failure,rf_19_raw_window,42,9,204,181,1,9,10,19,0,0.30333333333333334,0,0.5,
System_Failure,rf_19_raw_window,42,9,204,181,1,9,11,20,0,0.18666666666666668,0,0.5,
System_Failure,rf_19_raw_window,42,9,204,181,1,9,12,21,0,0.18666666666666668,0,0.5,
System_Failure,rf_19_raw_window,42,9,204,181,1,9,13,22,0,0.5933333333333334,1,0.5,
System_Failure,rf_19_raw_window,42,9,204,181,1,9,14,23,0,0.47333333333333333,0,0.5,
System_Failure,rf_19_raw_window,42,9,204,181,1,9,15,24,0,0.6033333333333334,1,0.5,
System_Failure,rf_19_raw_window,42,9,204,181,1,9,16,25,0,0.56,1,0.5,
System_Failure,rf_19_raw_window,42,9,204,181,1,9,17,26,0,0.4066666666666667,0,0.5,
System_Failure,rf_19_raw_window,42,9,204,181,1,9,18,27,0,0.39,0,0.5,
System_Failure,rf_19_raw_window,42,9,204,181,1,9,19,28,0,0.13333333333333333,0,0.5,
System_Failure,rf_19_raw_window,42,9,204,181,1,9,20,29,0,0.23666666666666666,0,0.5,
System_Failure,rf_19_raw_window,42,9,204,181,1,9,21,30,0,0.20666666666666667,0,0.5,
System_Failure,rf_19_raw_window,42,9,204,181,1,9,22,31,0,0.13333333333333333,0,0.5,
System_Failure,rf_19_raw_window,42,9,204,181,1,9,23,32,0,0.07333333333333333,0,0.5,
System_Failure,rf_19_raw_window,42,9,204,181,1,9,24,33,0,0.08,0,0.5,
System_Failure,rf_19_raw_window,42,9,204,181,1,9,25,34,0,0.13,0,0.5,
System_Failure,rf_19_raw_window,42,9,204,181,1,9,26,35,0,0.05333333333333334,0,0.5,
System_Failure,rf_19_raw_window,42,9,204,181,1,9,27,36,0,0.023333333333333334,0,0.5,
System_Failure,rf_19_raw_window,42,9,204,181,1,9,28,37,0,0.03333333333333333,0,0.5,
System_Failure,rf_19_raw_window,42,9,204,181,1,9,29,38,0,0.08333333333333333,0,0.5,
System_Failure,rf_19_raw_window,42,9,204,181,1,9,30,39,0,0.18666666666666668,0,0.5,
System_Failure,rf_19_raw_window,42,9,204,181,1,9,31,40,0,0.4266666666666667,0,0.5,
System_Failure,rf_19_raw_window,42,9,204,181,1,9,32,41,0,0.39666666666666667,0,0.5,
System_Failure,rf_19_raw_window,42,9,204,181,1,9,33,42,0,0.33666666666666667,0,0.5,
System_Failure,rf_19_raw_window,42,9,204,181,1,9,34,43,0,0.24,0,0.5,
System_Failure,rf_19_raw_window,42,9,204,181,1,9,35,44,0,0.10333333333333333,0,0.5,
System_Failure,rf_19_raw_window,42,9,204,181,1,9,36,45,0,0.023333333333333334,0,0.5,
System_Failure,rf_19_raw_window,42,9,204,181,1,9,37,46,0,0.03,0,0.5,
System_Failure,rf_19_raw_window,42,9,205,182,1,9,0,9,0,0.2,0,0.5,
System_Failure,rf_19_raw_window,42,9,205,182,1,9,1,10,0,0.12,0,0.5,
System_Failure,rf_19_raw_window,42,9,205,182,1,9,2,11,0,0.06333333333333334,0,0.5,
System_Failure,rf_19_raw_window,42,9,205,182,1,9,3,12,0,0.056666666666666664,0,0.5,
System_Failure,rf_19_raw_window,42,9,205,182,1,9,4,13,0,0.07,0,0.5,
System_Failure,rf_19_raw_window,42,9,205,182,1,9,5,14,0,0.10666666666666667,0,0.5,
System_Failure,rf_19_raw_window,42,9,205,182,1,9,6,15,0,0.1,0,0.5,
System_Failure,rf_19_raw_window,42,9,205,182,1,9,7,16,0,0.08,0,0.5,
System_Failure,rf_19_raw_window,42,9,205,182,1,9,8,17,0,0.15,0,0.5,
System_Failure,rf_19_raw_window,42,9,205,182,1,9,9,18,0,0.17666666666666667,0,0.5,
System_Failure,rf_19_raw_window,42,9,205,182,1,9,10,19,0,0.11666666666666667,0,0.5,
System_Failure,rf_19_raw_window,42,9,205,182,1,9,11,20,0,0.07666666666666666,0,0.5,
System_Failure,rf_19_raw_window,42,9,205,182,1,9,12,21,0,0.07666666666666666,0,0.5,
System_Failure,rf_19_raw_window,42,9,205,182,1,9,13,22,0,0.12666666666666668,0,0.5,
System_Failure,rf_19_raw_window,42,9,205,182,1,9,14,23,0,0.16333333333333333,0,0.5,
System_Failure,rf_19_raw_window,42,9,205,182,1,9,15,24,0,0.26,0,0.5,
System_Failure,rf_19_raw_window,42,9,206,183,1,9,0,9,1,0.8966666666666666,1,0.5,
System_Failure,rf_19_raw_window,42,9,206,183,1,9,1,10,1,0.9266666666666666,1,0.5,
System_Failure,rf_19_raw_window,42,9,206,183,1,9,2,11,1,0.9266666666666666,1,0.5,
System_Failure,rf_19_raw_window,42,9,206,183,1,9,3,12,1,0.84,1,0.5,
System_Failure,rf_19_raw_window,42,9,206,183,1,9,4,13,0,0.43,0,0.5,
System_Failure,rf_19_raw_window,42,9,206,183,1,9,5,14,0,0.29333333333333333,0,0.5,
System_Failure,rf_19_raw_window,42,9,206,183,1,9,6,15,0,0.09666666666666666,0,0.5,
System_Failure,rf_19_raw_window,42,9,206,183,1,9,7,16,0,0.08333333333333333,0,0.5,
System_Failure,rf_19_raw_window,42,9,206,183,1,9,8,17,0,0.11,0,0.5,
System_Failure,rf_19_raw_window,42,9,206,183,1,9,9,18,0,0.07,0,0.5,
System_Failure,rf_19_raw_window,42,9,206,183,1,9,10,19,0,0.07333333333333333,0,0.5,
System_Failure,rf_19_raw_window,42,9,206,183,1,9,11,20,0,0.08666666666666667,0,0.5,
System_Failure,rf_19_raw_window,42,9,206,183,1,9,12,21,0,0.05,0,0.5,
System_Failure,rf_19_raw_window,42,9,206,183,1,9,13,22,0,0.02666666666666667,0,0.5,
System_Failure,rf_19_raw_window,42,9,206,183,1,9,14,23,0,0.02666666666666667,0,0.5,
System_Failure,rf_19_raw_window,42,9,206,183,1,9,15,24,0,0.023333333333333334,0,0.5,
System_Failure,rf_19_raw_window,42,9,206,183,1,9,16,25,0,0.04,0,0.5,
System_Failure,rf_19_raw_window,42,9,206,183,1,9,17,26,0,0.03666666666666667,0,0.5,
System_Failure,rf_19_raw_window,42,9,207,184,1,9,0,9,0,0.17666666666666667,0,0.5,
System_Failure,rf_19_raw_window,42,9,207,184,1,9,1,10,0,0.07333333333333333,0,0.5,
System_Failure,rf_19_raw_window,42,9,207,184,1,9,2,11,0,0.07666666666666666,0,0.5,
System_Failure,rf_19_raw_window,42,9,207,184,1,9,3,12,0,0.05,0,0.5,
System_Failure,rf_19_raw_window,42,9,207,184,1,9,4,13,0,0.05333333333333334,0,0.5,
System_Failure,rf_19_raw_window,42,9,207,184,1,9,5,14,0,0.15,0,0.5,
System_Failure,rf_19_raw_window,42,9,207,184,1,9,6,15,0,0.11,0,0.5,
System_Failure,rf_19_raw_window,42,9,207,184,1,9,7,16,0,0.17666666666666667,0,0.5,
System_Failure,rf_19_raw_window,42,9,207,184,1,9,8,17,0,0.13,0,0.5,
System_Failure,rf_19_raw_window,42,9,207,184,1,9,9,18,0,0.11666666666666667,0,0.5,
System_Failure,rf_19_raw_window,42,9,207,184,1,9,10,19,0,0.043333333333333335,0,0.5,
System_Failure,rf_19_raw_window,42,9,207,184,1,9,11,20,0,0.043333333333333335,0,0.5,
System_Failure,rf_19_raw_window,42,9,207,184,1,9,12,21,0,0.03,0,0.5,
System_Failure,rf_19_raw_window,42,9,207,184,1,9,13,22,0,0.043333333333333335,0,0.5,
System_Failure,rf_19_raw_window,42,9,207,184,1,9,14,23,0,0.04666666666666667,0,0.5,
System_Failure,rf_19_raw_window,42,9,208,185,1,9,0,9,1,0.24333333333333335,0,0.5,
System_Failure,rf_19_raw_window,42,9,208,185,1,9,1,10,1,0.35,0,0.5,
System_Failure,rf_19_raw_window,42,9,208,185,1,9,2,11,1,0.6266666666666667,1,0.5,
System_Failure,rf_19_raw_window,42,9,208,185,1,9,3,12,1,0.64,1,0.5,
System_Failure,rf_19_raw_window,42,9,208,185,1,9,4,13,1,0.59,1,0.5,
System_Failure,rf_19_raw_window,42,9,208,185,1,9,5,14,0,0.18333333333333332,0,0.5,
System_Failure,rf_19_raw_window,42,9,208,185,1,9,6,15,1,0.12666666666666668,0,0.5,
System_Failure,rf_19_raw_window,42,9,208,185,1,9,7,16,1,0.48333333333333334,0,0.5,
System_Failure,rf_19_raw_window,42,9,208,185,1,9,8,17,1,0.5266666666666666,1,0.5,
System_Failure,rf_19_raw_window,42,9,208,185,1,9,9,18,1,0.71,1,0.5,
System_Failure,rf_19_raw_window,42,9,208,185,1,9,10,19,1,0.8,1,0.5,
System_Failure,rf_19_raw_window,42,9,208,185,1,9,11,20,1,0.7333333333333333,1,0.5,
System_Failure,rf_19_raw_window,42,9,208,185,1,9,12,21,1,0.65,1,0.5,
System_Failure,rf_19_raw_window,42,9,208,185,1,9,13,22,1,0.74,1,0.5,
System_Failure,rf_19_raw_window,42,9,209,186,1,9,0,9,0,0.3,0,0.5,
System_Failure,rf_19_raw_window,42,9,209,186,1,9,1,10,0,0.18,0,0.5,
System_Failure,rf_19_raw_window,42,9,209,186,1,9,2,11,0,0.16333333333333333,0,0.5,
System_Failure,rf_19_raw_window,42,9,209,186,1,9,3,12,0,0.09333333333333334,0,0.5,
System_Failure,rf_19_raw_window,42,9,209,186,1,9,4,13,0,0.1,0,0.5,
System_Failure,rf_19_raw_window,42,9,209,186,1,9,5,14,0,0.05,0,0.5,
System_Failure,rf_19_raw_window,42,9,209,186,1,9,6,15,0,0.043333333333333335,0,0.5,
System_Failure,rf_19_raw_window,42,9,209,186,1,9,7,16,0,0.056666666666666664,0,0.5,
System_Failure,rf_19_raw_window,42,9,209,186,1,9,8,17,0,0.05333333333333334,0,0.5,
System_Failure,rf_19_raw_window,42,9,209,186,1,9,9,18,0,0.15333333333333332,0,0.5,
System_Failure,rf_19_raw_window,42,9,209,186,1,9,10,19,0,0.043333333333333335,0,0.5,
System_Failure,rf_19_raw_window,42,9,209,186,1,9,11,20,0,0.04666666666666667,0,0.5,
System_Failure,rf_19_raw_window,42,9,209,186,1,9,12,21,0,0.04666666666666667,0,0.5,
System_Failure,rf_19_raw_window,42,9,209,186,1,9,13,22,0,0.06333333333333334,0,0.5,
System_Failure,rf_19_raw_window,42,9,209,186,1,9,14,23,0,0.08333333333333333,0,0.5,
System_Failure,rf_19_raw_window,42,9,210,187,1,9,0,9,1,0.8466666666666667,1,0.5,
System_Failure,rf_19_raw_window,42,9,210,187,1,9,1,10,1,0.97,1,0.5,
System_Failure,rf_19_raw_window,42,9,210,187,1,9,2,11,1,0.97,1,0.5,
System_Failure,rf_19_raw_window,42,9,210,187,1,9,3,12,1,0.9333333333333333,1,0.5,
System_Failure,rf_19_raw_window,42,9,210,187,1,9,4,13,1,0.8566666666666667,1,0.5,
System_Failure,rf_19_raw_window,42,9,210,187,1,9,5,14,1,0.8033333333333333,1,0.5,
System_Failure,rf_19_raw_window,42,9,210,187,1,9,6,15,1,0.72,1,0.5,
System_Failure,rf_19_raw_window,42,9,210,187,1,9,7,16,1,0.58,1,0.5,
System_Failure,rf_19_raw_window,42,9,210,187,1,9,8,17,1,0.5233333333333333,1,0.5,
System_Failure,rf_19_raw_window,42,9,210,187,1,9,9,18,0,0.38333333333333336,0,0.5,
System_Failure,rf_19_raw_window,42,9,210,187,1,9,10,19,0,0.36,0,0.5,
System_Failure,rf_19_raw_window,42,9,210,187,1,9,11,20,0,0.2966666666666667,0,0.5,
System_Failure,rf_19_raw_window,42,9,210,187,1,9,12,21,0,0.26666666666666666,0,0.5,
System_Failure,rf_19_raw_window,42,9,210,187,1,9,13,22,0,0.07,0,0.5,
System_Failure,rf_19_raw_window,42,9,210,187,1,9,14,23,0,0.04,0,0.5,
System_Failure,rf_19_raw_window,42,9,210,187,1,9,15,24,0,0.03333333333333333,0,0.5,
System_Failure,rf_19_raw_window,42,9,210,187,1,9,16,25,0,0.05,0,0.5,
System_Failure,rf_19_raw_window,42,9,210,187,1,9,17,26,0,0.25333333333333335,0,0.5,
System_Failure,rf_19_raw_window,42,9,210,187,1,9,18,27,0,0.22666666666666666,0,0.5,
System_Failure,rf_19_raw_window,42,9,210,187,1,9,19,28,0,0.25,0,0.5,
System_Failure,rf_19_raw_window,42,9,210,187,1,9,20,29,0,0.23333333333333334,0,0.5,
System_Failure,rf_19_raw_window,42,9,210,187,1,9,21,30,0,0.23,0,0.5,
System_Failure,rf_19_raw_window,42,9,210,187,1,9,22,31,0,0.19,0,0.5,
System_Failure,rf_19_raw_window,42,9,210,187,1,9,23,32,0,0.75,1,0.5,
System_Failure,rf_19_raw_window,42,9,210,187,1,9,24,33,0,0.4633333333333333,0,0.5,
System_Failure,rf_19_raw_window,42,9,210,187,1,9,25,34,0,0.49,0,0.5,
System_Failure,rf_19_raw_window,42,9,210,187,1,9,26,35,0,0.55,1,0.5,
System_Failure,rf_19_raw_window,42,9,210,187,1,9,27,36,0,0.44333333333333336,0,0.5,
System_Failure,rf_19_raw_window,42,9,210,187,1,9,28,37,0,0.34,0,0.5,
System_Failure,rf_19_raw_window,42,9,210,187,1,9,29,38,0,0.10333333333333333,0,0.5,
System_Failure,rf_19_raw_window,42,9,210,187,1,9,30,39,0,0.12333333333333334,0,0.5,
System_Failure,rf_19_raw_window,42,9,210,187,1,9,31,40,0,0.17666666666666667,0,0.5,
System_Failure,rf_19_raw_window,42,9,210,187,1,9,32,41,0,0.24666666666666667,0,0.5,
System_Failure,rf_19_raw_window,42,9,210,187,1,9,33,42,0,0.1,0,0.5,
System_Failure,rf_19_raw_window,42,9,210,187,1,9,34,43,0,0.16,0,0.5,
System_Failure,rf_19_raw_window,42,9,210,187,1,9,35,44,0,0.20666666666666667,0,0.5,
System_Failure,rf_19_raw_window,42,9,210,187,1,9,36,45,0,0.27,0,0.5,
System_Failure,rf_19_raw_window,42,9,210,187,1,9,37,46,0,0.22666666666666666,0,0.5,
System_Failure,rf_19_raw_window,42,9,210,187,1,9,38,47,0,0.26,0,0.5,
System_Failure,rf_19_raw_window,42,9,210,187,1,9,39,48,0,0.33,0,0.5,
System_Failure,rf_19_raw_window,42,9,210,187,1,9,40,49,0,0.32,0,0.5,
System_Failure,rf_19_raw_window,42,9,210,187,1,9,41,50,0,0.38666666666666666,0,0.5,
System_Failure,rf_19_raw_window,42,9,210,187,1,9,42,51,0,0.63,1,0.5,
System_Failure,rf_19_raw_window,42,9,210,187,1,9,43,52,0,0.6,1,0.5,
System_Failure,rf_19_raw_window,42,9,210,187,1,9,44,53,0,0.29,0,0.5,
System_Failure,rf_19_raw_window,42,9,210,187,1,9,45,54,0,0.2966666666666667,0,0.5,
System_Failure,rf_19_raw_window,42,9,210,187,1,9,46,55,0,0.15333333333333332,0,0.5,
System_Failure,rf_19_raw_window,42,9,210,187,1,9,47,56,0,0.04,0,0.5,
System_Failure,rf_19_raw_window,42,9,210,187,1,9,48,57,0,0.01,0,0.5,
System_Failure,rf_19_raw_window,42,9,211,188,1,9,0,9,0,0.21333333333333335,0,0.5,
System_Failure,rf_19_raw_window,42,9,211,188,1,9,1,10,0,0.056666666666666664,0,0.5,
System_Failure,rf_19_raw_window,42,9,211,188,1,9,2,11,0,0.08,0,0.5,
System_Failure,rf_19_raw_window,42,9,211,188,1,9,3,12,0,0.06666666666666667,0,0.5,
System_Failure,rf_19_raw_window,42,9,211,188,1,9,4,13,0,0.07666666666666666,0,0.5,
System_Failure,rf_19_raw_window,42,9,211,188,1,9,5,14,0,0.09333333333333334,0,0.5,
System_Failure,rf_19_raw_window,42,9,211,188,1,9,6,15,0,0.06666666666666667,0,0.5,
System_Failure,rf_19_raw_window,42,9,211,188,1,9,7,16,0,0.13666666666666666,0,0.5,
System_Failure,rf_19_raw_window,42,9,211,188,1,9,8,17,0,0.07666666666666666,0,0.5,
System_Failure,rf_19_raw_window,42,9,211,188,1,9,9,18,0,0.06666666666666667,0,0.5,
System_Failure,rf_19_raw_window,42,9,211,188,1,9,10,19,0,0.04666666666666667,0,0.5,
System_Failure,rf_19_raw_window,42,9,211,188,1,9,11,20,0,0.03333333333333333,0,0.5,
System_Failure,rf_19_raw_window,42,9,211,188,1,9,12,21,0,0.01,0,0.5,
System_Failure,rf_19_raw_window,42,9,211,188,1,9,13,22,0,0.016666666666666666,0,0.5,
System_Failure,rf_19_raw_window,42,9,211,188,1,9,14,23,0,0.013333333333333334,0,0.5,
System_Failure,rf_19_raw_window,42,9,212,189,1,9,0,9,1,0.8166666666666667,1,0.5,
System_Failure,rf_19_raw_window,42,9,212,189,1,9,1,10,1,0.8966666666666666,1,0.5,
System_Failure,rf_19_raw_window,42,9,212,189,1,9,2,11,1,0.87,1,0.5,
System_Failure,rf_19_raw_window,42,9,212,189,1,9,3,12,1,0.9366666666666666,1,0.5,
System_Failure,rf_19_raw_window,42,9,212,189,1,9,4,13,1,0.7266666666666667,1,0.5,
System_Failure,rf_19_raw_window,42,9,212,189,1,9,5,14,0,0.6766666666666666,1,0.5,
System_Failure,rf_19_raw_window,42,9,212,189,1,9,6,15,0,0.14666666666666667,0,0.5,
System_Failure,rf_19_raw_window,42,9,212,189,1,9,7,16,0,0.09666666666666666,0,0.5,
System_Failure,rf_19_raw_window,42,9,212,189,1,9,8,17,0,0.18333333333333332,0,0.5,
System_Failure,rf_19_raw_window,42,9,212,189,1,9,9,18,0,0.10666666666666667,0,0.5,
System_Failure,rf_19_raw_window,42,9,212,189,1,9,10,19,0,0.14333333333333334,0,0.5,
System_Failure,rf_19_raw_window,42,9,212,189,1,9,11,20,0,0.20666666666666667,0,0.5,
System_Failure,rf_19_raw_window,42,9,212,189,1,9,12,21,0,0.05,0,0.5,
System_Failure,rf_19_raw_window,42,9,212,189,1,9,13,22,0,0.03666666666666667,0,0.5,
System_Failure,rf_19_raw_window,42,9,212,189,1,9,14,23,0,0.04666666666666667,0,0.5,
System_Failure,rf_19_raw_window,42,9,212,189,1,9,15,24,0,0.05,0,0.5,
System_Failure,rf_19_raw_window,42,9,212,189,1,9,16,25,0,0.06,0,0.5,
System_Failure,rf_19_raw_window,42,9,212,189,1,9,17,26,0,0.02666666666666667,0,0.5,
System_Failure,rf_19_raw_window,42,9,212,189,1,9,18,27,0,0.03666666666666667,0,0.5,
System_Failure,rf_19_raw_window,42,9,213,190,1,9,0,9,0,0.20666666666666667,0,0.5,
System_Failure,rf_19_raw_window,42,9,213,190,1,9,1,10,0,0.2733333333333333,0,0.5,
System_Failure,rf_19_raw_window,42,9,213,190,1,9,2,11,0,0.20666666666666667,0,0.5,
System_Failure,rf_19_raw_window,42,9,213,190,1,9,3,12,0,0.10666666666666667,0,0.5,
System_Failure,rf_19_raw_window,42,9,213,190,1,9,4,13,0,0.21,0,0.5,
System_Failure,rf_19_raw_window,42,9,213,190,1,9,5,14,0,0.13,0,0.5,
System_Failure,rf_19_raw_window,42,9,213,190,1,9,6,15,0,0.09666666666666666,0,0.5,
System_Failure,rf_19_raw_window,42,9,213,190,1,9,7,16,0,0.10666666666666667,0,0.5,
System_Failure,rf_19_raw_window,42,9,213,190,1,9,8,17,0,0.07,0,0.5,
System_Failure,rf_19_raw_window,42,9,213,190,1,9,9,18,0,0.04666666666666667,0,0.5,
System_Failure,rf_19_raw_window,42,9,213,190,1,9,10,19,0,0.03666666666666667,0,0.5,
System_Failure,rf_19_raw_window,42,9,213,190,1,9,11,20,0,0.03666666666666667,0,0.5,
System_Failure,rf_19_raw_window,42,9,213,190,1,9,12,21,0,0.03333333333333333,0,0.5,
System_Failure,rf_19_raw_window,42,9,213,190,1,9,13,22,0,0.03333333333333333,0,0.5,
System_Failure,rf_19_raw_window,42,9,213,190,1,9,14,23,0,0.056666666666666664,0,0.5,
System_Failure,rf_19_raw_window,42,9,214,191,1,9,0,9,1,0.79,1,0.5,
System_Failure,rf_19_raw_window,42,9,214,191,1,9,1,10,1,0.7933333333333333,1,0.5,
System_Failure,rf_19_raw_window,42,9,214,191,1,9,2,11,1,0.8,1,0.5,
System_Failure,rf_19_raw_window,42,9,214,191,1,9,3,12,1,0.84,1,0.5,
System_Failure,rf_19_raw_window,42,9,214,191,1,9,4,13,1,0.7566666666666667,1,0.5,
System_Failure,rf_19_raw_window,42,9,214,191,1,9,5,14,1,0.67,1,0.5,
System_Failure,rf_19_raw_window,42,9,214,191,1,9,6,15,1,0.6766666666666666,1,0.5,
System_Failure,rf_19_raw_window,42,9,214,191,1,9,7,16,1,0.5433333333333333,1,0.5,
System_Failure,rf_19_raw_window,42,9,214,191,1,9,8,17,0,0.49666666666666665,0,0.5,
System_Failure,rf_19_raw_window,42,9,214,191,1,9,9,18,0,0.44,0,0.5,
System_Failure,rf_19_raw_window,42,9,214,191,1,9,10,19,0,0.44333333333333336,0,0.5,
System_Failure,rf_19_raw_window,42,9,214,191,1,9,11,20,0,0.39,0,0.5,
System_Failure,rf_19_raw_window,42,9,214,191,1,9,12,21,0,0.07,0,0.5,
System_Failure,rf_19_raw_window,42,9,214,191,1,9,13,22,0,0.08,0,0.5,
System_Failure,rf_19_raw_window,42,9,214,191,1,9,14,23,0,0.09,0,0.5,
System_Failure,rf_19_raw_window,42,9,214,191,1,9,15,24,0,0.07666666666666666,0,0.5,
System_Failure,rf_19_raw_window,42,9,214,191,1,9,16,25,0,0.23,0,0.5,
System_Failure,rf_19_raw_window,42,9,214,191,1,9,17,26,0,0.16666666666666666,0,0.5,
System_Failure,rf_19_raw_window,42,9,214,191,1,9,18,27,0,0.41333333333333333,0,0.5,
System_Failure,rf_19_raw_window,42,9,214,191,1,9,19,28,0,0.34,0,0.5,
System_Failure,rf_19_raw_window,42,9,214,191,1,9,20,29,0,0.24333333333333335,0,0.5,
System_Failure,rf_19_raw_window,42,9,214,191,1,9,21,30,0,0.20666666666666667,0,0.5,
System_Failure,rf_19_raw_window,42,9,214,191,1,9,22,31,0,0.09666666666666666,0,0.5,
System_Failure,rf_19_raw_window,42,9,214,191,1,9,23,32,0,0.11666666666666667,0,0.5,
System_Failure,rf_19_raw_window,42,9,214,191,1,9,24,33,0,0.18666666666666668,0,0.5,
System_Failure,rf_19_raw_window,42,9,214,191,1,9,25,34,0,0.52,1,0.5,
System_Failure,rf_19_raw_window,42,9,214,191,1,9,26,35,0,0.5433333333333333,1,0.5,
System_Failure,rf_19_raw_window,42,9,214,191,1,9,27,36,1,0.6433333333333333,1,0.5,
System_Failure,rf_19_raw_window,42,9,214,191,1,9,28,37,1,0.74,1,0.5,
System_Failure,rf_19_raw_window,42,9,214,191,1,9,29,38,1,0.7333333333333333,1,0.5,
System_Failure,rf_19_raw_window,42,9,214,191,1,9,30,39,1,0.9133333333333333,1,0.5,
System_Failure,rf_19_raw_window,42,9,214,191,1,9,31,40,1,0.91,1,0.5,
System_Failure,rf_19_raw_window,42,9,214,191,1,9,32,41,1,0.8333333333333334,1,0.5,
System_Failure,rf_19_raw_window,42,9,214,191,1,9,33,42,1,0.7966666666666666,1,0.5,
System_Failure,rf_19_raw_window,42,9,214,191,1,9,34,43,1,0.6966666666666667,1,0.5,
System_Failure,rf_19_raw_window,42,9,214,191,1,9,35,44,1,0.8233333333333334,1,0.5,
System_Failure,rf_19_raw_window,42,9,214,191,1,9,36,45,1,0.75,1,0.5,
System_Failure,rf_19_raw_window,42,9,214,191,1,9,37,46,0,0.43,0,0.5,
System_Failure,rf_19_raw_window,42,9,214,191,1,9,38,47,0,0.27666666666666667,0,0.5,
System_Failure,rf_19_raw_window,42,9,214,191,1,9,39,48,0,0.043333333333333335,0,0.5,
System_Failure,rf_19_raw_window,42,9,215,192,1,9,0,9,0,0.19666666666666666,0,0.5,
System_Failure,rf_19_raw_window,42,9,215,192,1,9,1,10,0,0.4,0,0.5,
System_Failure,rf_19_raw_window,42,9,215,192,1,9,2,11,0,0.18,0,0.5,
System_Failure,rf_19_raw_window,42,9,215,192,1,9,3,12,0,0.08333333333333333,0,0.5,
System_Failure,rf_19_raw_window,42,9,215,192,1,9,4,13,0,0.10333333333333333,0,0.5,
System_Failure,rf_19_raw_window,42,9,215,192,1,9,5,14,0,0.06666666666666667,0,0.5,
System_Failure,rf_19_raw_window,42,9,215,192,1,9,6,15,0,0.06333333333333334,0,0.5,
System_Failure,rf_19_raw_window,42,9,215,192,1,9,7,16,0,0.09333333333333334,0,0.5,
System_Failure,rf_19_raw_window,42,9,215,192,1,9,8,17,0,0.07666666666666666,0,0.5,
System_Failure,rf_19_raw_window,42,9,215,192,1,9,9,18,0,0.06666666666666667,0,0.5,
System_Failure,rf_19_raw_window,42,9,215,192,1,9,10,19,0,0.056666666666666664,0,0.5,
System_Failure,rf_19_raw_window,42,9,215,192,1,9,11,20,1,0.07666666666666666,0,0.5,
System_Failure,rf_19_raw_window,42,9,215,192,1,9,12,21,1,0.05,0,0.5,
System_Failure,rf_19_raw_window,42,9,215,192,1,9,13,22,1,0.03333333333333333,0,0.5,
System_Failure,rf_19_raw_window,42,9,215,192,1,9,14,23,1,0.03666666666666667,0,0.5,
System_Failure,rf_19_raw_window,42,9,215,192,1,9,15,24,1,0.18333333333333332,0,0.5,
System_Failure,rf_19_raw_window,42,9,215,192,1,9,16,25,1,0.19666666666666666,0,0.5,
System_Failure,rf_19_raw_window,42,9,215,192,1,9,17,26,1,0.2,0,0.5,
System_Failure,rf_19_raw_window,42,9,215,192,1,9,18,27,1,0.5233333333333333,1,0.5,
System_Failure,rf_19_raw_window,42,9,215,192,1,9,19,28,1,0.5933333333333334,1,0.5,
System_Failure,rf_19_raw_window,42,9,215,192,1,9,20,29,1,0.66,1,0.5,
System_Failure,rf_19_raw_window,42,9,215,192,1,9,21,30,1,0.5866666666666667,1,0.5,
System_Failure,rf_19_raw_window,42,9,215,192,1,9,22,31,1,0.4666666666666667,0,0.5,
System_Failure,rf_19_raw_window,42,9,215,192,1,9,23,32,0,0.4266666666666667,0,0.5,
System_Failure,rf_19_raw_window,42,9,215,192,1,9,24,33,0,0.36666666666666664,0,0.5,
System_Failure,rf_19_raw_window,42,9,215,192,1,9,25,34,0,0.3566666666666667,0,0.5,
System_Failure,rf_19_raw_window,42,9,215,192,1,9,26,35,0,0.3566666666666667,0,0.5,
System_Failure,rf_19_raw_window,42,9,215,192,1,9,27,36,0,0.36,0,0.5,
System_Failure,rf_19_raw_window,42,9,215,192,1,9,28,37,0,0.30666666666666664,0,0.5,
System_Failure,rf_19_raw_window,42,9,215,192,1,9,29,38,0,0.23333333333333334,0,0.5,
System_Failure,rf_19_raw_window,42,9,215,192,1,9,30,39,0,0.22333333333333333,0,0.5,
System_Failure,rf_19_raw_window,42,9,216,193,1,9,0,9,1,0.41333333333333333,0,0.5,
System_Failure,rf_19_raw_window,42,9,216,193,1,9,1,10,1,0.41333333333333333,0,0.5,
System_Failure,rf_19_raw_window,42,9,216,193,1,9,2,11,1,0.5,0,0.5,
System_Failure,rf_19_raw_window,42,9,216,193,1,9,3,12,1,0.43666666666666665,0,0.5,
System_Failure,rf_19_raw_window,42,9,216,193,1,9,4,13,1,0.5,0,0.5,
System_Failure,rf_19_raw_window,42,9,216,193,1,9,5,14,1,0.21666666666666667,0,0.5,
System_Failure,rf_19_raw_window,42,9,216,193,1,9,6,15,0,0.2,0,0.5,
System_Failure,rf_19_raw_window,42,9,216,193,1,9,7,16,1,0.20666666666666667,0,0.5,
System_Failure,rf_19_raw_window,42,9,216,193,1,9,8,17,1,0.24333333333333335,0,0.5,
System_Failure,rf_19_raw_window,42,9,216,193,1,9,9,18,1,0.23333333333333334,0,0.5,
System_Failure,rf_19_raw_window,42,9,216,193,1,9,10,19,1,0.29,0,0.5,
System_Failure,rf_19_raw_window,42,9,216,193,1,9,11,20,1,0.24666666666666667,0,0.5,
System_Failure,rf_19_raw_window,42,9,216,193,1,9,12,21,1,0.23666666666666666,0,0.5,
System_Failure,rf_19_raw_window,42,9,216,193,1,9,13,22,1,0.18,0,0.5,
System_Failure,rf_19_raw_window,42,9,216,193,1,9,14,23,1,0.2,0,0.5,
System_Failure,rf_19_raw_window,42,9,216,193,1,9,15,24,1,0.37,0,0.5,
System_Failure,rf_19_raw_window,42,9,217,194,1,9,0,9,1,0.7833333333333333,1,0.5,
System_Failure,rf_19_raw_window,42,9,217,194,1,9,1,10,1,0.67,1,0.5,
System_Failure,rf_19_raw_window,42,9,217,194,1,9,2,11,1,0.6933333333333334,1,0.5,
System_Failure,rf_19_raw_window,42,9,217,194,1,9,3,12,1,0.6666666666666666,1,0.5,
System_Failure,rf_19_raw_window,42,9,217,194,1,9,4,13,0,0.37666666666666665,0,0.5,
System_Failure,rf_19_raw_window,42,9,217,194,1,9,5,14,0,0.3566666666666667,0,0.5,
System_Failure,rf_19_raw_window,42,9,217,194,1,9,6,15,0,0.12333333333333334,0,0.5,
System_Failure,rf_19_raw_window,42,9,217,194,1,9,7,16,0,0.06666666666666667,0,0.5,
System_Failure,rf_19_raw_window,42,9,217,194,1,9,8,17,0,0.08333333333333333,0,0.5,
System_Failure,rf_19_raw_window,42,9,217,194,1,9,9,18,0,0.07333333333333333,0,0.5,
System_Failure,rf_19_raw_window,42,9,217,194,1,9,10,19,0,0.12,0,0.5,
System_Failure,rf_19_raw_window,42,9,217,194,1,9,11,20,0,0.3233333333333333,0,0.5,
System_Failure,rf_19_raw_window,42,9,217,194,1,9,12,21,0,0.3233333333333333,0,0.5,
System_Failure,rf_19_raw_window,42,9,217,194,1,9,13,22,0,0.42333333333333334,0,0.5,
System_Failure,rf_19_raw_window,42,9,217,194,1,9,14,23,0,0.46,0,0.5,
System_Failure,rf_19_raw_window,42,9,217,194,1,9,15,24,0,0.4033333333333333,0,0.5,
System_Failure,rf_19_raw_window,42,9,217,194,1,9,16,25,0,0.2966666666666667,0,0.5,
System_Failure,rf_19_raw_window,42,9,218,195,1,9,0,9,1,0.58,1,0.5,
System_Failure,rf_19_raw_window,42,9,218,195,1,9,1,10,1,0.57,1,0.5,
System_Failure,rf_19_raw_window,42,9,218,195,1,9,2,11,1,0.5633333333333334,1,0.5,
System_Failure,rf_19_raw_window,42,9,218,195,1,9,3,12,1,0.8533333333333334,1,0.5,
System_Failure,rf_19_raw_window,42,9,218,195,1,9,4,13,1,0.6133333333333333,1,0.5,
System_Failure,rf_19_raw_window,42,9,218,195,1,9,5,14,0,0.07666666666666666,0,0.5,
System_Failure,rf_19_raw_window,42,9,218,195,1,9,6,15,0,0.1,0,0.5,
System_Failure,rf_19_raw_window,42,9,218,195,1,9,7,16,0,0.36666666666666664,0,0.5,
System_Failure,rf_19_raw_window,42,9,218,195,1,9,8,17,0,0.13666666666666666,0,0.5,
System_Failure,rf_19_raw_window,42,9,218,195,1,9,9,18,0,0.12666666666666668,0,0.5,
System_Failure,rf_19_raw_window,42,9,218,195,1,9,10,19,0,0.16,0,0.5,
System_Failure,rf_19_raw_window,42,9,218,195,1,9,11,20,0,0.12666666666666668,0,0.5,
System_Failure,rf_19_raw_window,42,9,218,195,1,9,12,21,0,0.04,0,0.5,
System_Failure,rf_19_raw_window,42,9,218,195,1,9,13,22,0,0.03,0,0.5,
System_Failure,rf_19_raw_window,42,9,218,195,1,9,14,23,0,0.016666666666666666,0,0.5,
System_Failure,rf_19_raw_window,42,9,218,195,1,9,15,24,0,0.013333333333333334,0,0.5,
System_Failure,rf_19_raw_window,42,9,218,195,1,9,16,25,0,0.03666666666666667,0,0.5,
System_Failure,rf_19_raw_window,42,9,218,195,1,9,17,26,0,0.04666666666666667,0,0.5,
System_Failure,rf_19_raw_window,42,9,219,196,1,9,0,9,1,0.6333333333333333,1,0.5,
System_Failure,rf_19_raw_window,42,9,219,196,1,9,1,10,1,0.66,1,0.5,
System_Failure,rf_19_raw_window,42,9,219,196,1,9,2,11,1,0.7066666666666667,1,0.5,
System_Failure,rf_19_raw_window,42,9,219,196,1,9,3,12,1,0.8166666666666667,1,0.5,
System_Failure,rf_19_raw_window,42,9,219,196,1,9,4,13,1,0.8366666666666667,1,0.5,
System_Failure,rf_19_raw_window,42,9,219,196,1,9,5,14,1,0.82,1,0.5,
System_Failure,rf_19_raw_window,42,9,219,196,1,9,6,15,1,0.8233333333333334,1,0.5,
System_Failure,rf_19_raw_window,42,9,219,196,1,9,7,16,1,0.8666666666666667,1,0.5,
System_Failure,rf_19_raw_window,42,9,219,196,1,9,8,17,1,0.6266666666666667,1,0.5,
System_Failure,rf_19_raw_window,42,9,219,196,1,9,9,18,1,0.61,1,0.5,
System_Failure,rf_19_raw_window,42,9,219,196,1,9,10,19,1,0.7066666666666667,1,0.5,
System_Failure,rf_19_raw_window,42,9,219,196,1,9,11,20,1,0.4266666666666667,0,0.5,
System_Failure,rf_19_raw_window,42,9,219,196,1,9,12,21,1,0.51,1,0.5,
System_Failure,rf_19_raw_window,42,9,219,196,1,9,13,22,0,0.17333333333333334,0,0.5,
System_Failure,rf_19_raw_window,42,9,219,196,1,9,14,23,0,0.12,0,0.5,
System_Failure,rf_19_raw_window,42,9,219,196,1,9,15,24,1,0.20333333333333334,0,0.5,
System_Failure,rf_19_raw_window,42,9,219,196,1,9,16,25,1,0.30333333333333334,0,0.5,
System_Failure,rf_19_raw_window,42,9,219,196,1,9,17,26,1,0.11333333333333333,0,0.5,
System_Failure,rf_19_raw_window,42,9,219,196,1,9,18,27,1,0.10666666666666667,0,0.5,
System_Failure,rf_19_raw_window,42,9,219,196,1,9,19,28,1,0.11666666666666667,0,0.5,
System_Failure,rf_19_raw_window,42,9,219,196,1,9,20,29,1,0.08,0,0.5,
System_Failure,rf_19_raw_window,42,9,219,196,1,9,21,30,1,0.10333333333333333,0,0.5,
System_Failure,rf_19_raw_window,42,9,219,196,1,9,22,31,1,0.09333333333333334,0,0.5,
System_Failure,rf_19_raw_window,42,9,220,197,1,9,0,9,0,0.30333333333333334,0,0.5,
System_Failure,rf_19_raw_window,42,9,220,197,1,9,1,10,0,0.36333333333333334,0,0.5,
System_Failure,rf_19_raw_window,42,9,220,197,1,9,2,11,0,0.16,0,0.5,
System_Failure,rf_19_raw_window,42,9,220,197,1,9,3,12,0,0.11666666666666667,0,0.5,
System_Failure,rf_19_raw_window,42,9,220,197,1,9,4,13,0,0.13333333333333333,0,0.5,
System_Failure,rf_19_raw_window,42,9,220,197,1,9,5,14,0,0.08,0,0.5,
System_Failure,rf_19_raw_window,42,9,220,197,1,9,6,15,0,0.03,0,0.5,
System_Failure,rf_19_raw_window,42,9,220,197,1,9,7,16,0,0.06333333333333334,0,0.5,
System_Failure,rf_19_raw_window,42,9,220,197,1,9,8,17,0,0.12,0,0.5,
System_Failure,rf_19_raw_window,42,9,220,197,1,9,9,18,0,0.14,0,0.5,
System_Failure,rf_19_raw_window,42,9,220,197,1,9,10,19,0,0.12666666666666668,0,0.5,
System_Failure,rf_19_raw_window,42,9,220,197,1,9,11,20,1,0.12666666666666668,0,0.5,
System_Failure,rf_19_raw_window,42,9,220,197,1,9,12,21,1,0.10333333333333333,0,0.5,
System_Failure,rf_19_raw_window,42,9,220,197,1,9,13,22,1,0.08666666666666667,0,0.5,
System_Failure,rf_19_raw_window,42,9,220,197,1,9,14,23,1,0.25333333333333335,0,0.5,
System_Failure,rf_19_raw_window,42,9,220,197,1,9,15,24,1,0.44333333333333336,0,0.5,
System_Failure,rf_19_raw_window,42,9,220,197,1,9,16,25,1,0.4766666666666667,0,0.5,
System_Failure,rf_19_raw_window,42,9,220,197,1,9,17,26,1,0.44666666666666666,0,0.5,
System_Failure,rf_19_raw_window,42,9,220,197,1,9,18,27,1,0.7233333333333334,1,0.5,
System_Failure,rf_19_raw_window,42,9,220,197,1,9,19,28,1,0.7066666666666667,1,0.5,
System_Failure,rf_19_raw_window,42,9,220,197,1,9,20,29,1,0.48333333333333334,0,0.5,
System_Failure,rf_19_raw_window,42,9,220,197,1,9,21,30,1,0.42333333333333334,0,0.5,
System_Failure,rf_19_raw_window,42,9,220,197,1,9,22,31,0,0.44,0,0.5,
System_Failure,rf_19_raw_window,42,9,220,197,1,9,23,32,0,0.44333333333333336,0,0.5,
System_Failure,rf_19_raw_window,42,9,220,197,1,9,24,33,0,0.27,0,0.5,
System_Failure,rf_19_raw_window,42,9,220,197,1,9,25,34,0,0.24,0,0.5,
System_Failure,rf_19_raw_window,42,9,220,197,1,9,26,35,0,0.23333333333333334,0,0.5,
System_Failure,rf_19_raw_window,42,9,220,197,1,9,27,36,0,0.24333333333333335,0,0.5,
System_Failure,rf_19_raw_window,42,9,220,197,1,9,28,37,0,0.20333333333333334,0,0.5,
System_Failure,rf_19_raw_window,42,9,220,197,1,9,29,38,0,0.43333333333333335,0,0.5,
System_Failure,rf_19_raw_window,42,9,220,197,1,9,30,39,0,0.44666666666666666,0,0.5,
System_Failure,rf_19_raw_window,42,9,220,197,1,9,31,40,0,0.46,0,0.5,
System_Failure,rf_19_raw_window,42,9,221,198,1,9,0,9,1,0.42,0,0.5,
System_Failure,rf_19_raw_window,42,9,221,198,1,9,1,10,1,0.32666666666666666,0,0.5,
System_Failure,rf_19_raw_window,42,9,221,198,1,9,2,11,0,0.15,0,0.5,
System_Failure,rf_19_raw_window,42,9,221,198,1,9,3,12,0,0.13333333333333333,0,0.5,
System_Failure,rf_19_raw_window,42,9,221,198,1,9,4,13,1,0.10666666666666667,0,0.5,
System_Failure,rf_19_raw_window,42,9,221,198,1,9,5,14,1,0.04666666666666667,0,0.5,
System_Failure,rf_19_raw_window,42,9,221,198,1,9,6,15,1,0.02666666666666667,0,0.5,
System_Failure,rf_19_raw_window,42,9,221,198,1,9,7,16,1,0.05,0,0.5,
System_Failure,rf_19_raw_window,42,9,221,198,1,9,8,17,1,0.07333333333333333,0,0.5,
System_Failure,rf_19_raw_window,42,9,221,198,1,9,9,18,1,0.06333333333333334,0,0.5,
System_Failure,rf_19_raw_window,42,9,221,198,1,9,10,19,1,0.15666666666666668,0,0.5,
System_Failure,rf_19_raw_window,42,9,221,198,1,9,11,20,1,0.18,0,0.5,
System_Failure,rf_19_raw_window,42,9,221,198,1,9,12,21,1,0.2866666666666667,0,0.5,
System_Failure,rf_19_raw_window,42,9,221,198,1,9,13,22,1,0.33,0,0.5,
System_Failure,rf_19_raw_window,42,9,221,198,1,9,14,23,1,0.38,0,0.5,
System_Failure,rf_19_raw_window,42,9,221,198,1,9,15,24,1,0.39666666666666667,0,0.5,
System_Failure,rf_19_raw_window,42,9,221,198,1,9,16,25,1,0.44333333333333336,0,0.5,
System_Failure,rf_19_raw_window,42,9,221,198,1,9,17,26,1,0.7933333333333333,1,0.5,
System_Failure,rf_19_raw_window,42,9,221,198,1,9,18,27,1,0.7633333333333333,1,0.5,
System_Failure,rf_19_raw_window,42,9,222,199,1,9,0,9,1,0.9133333333333333,1,0.5,
System_Failure,rf_19_raw_window,42,9,222,199,1,9,1,10,1,0.9566666666666667,1,0.5,
System_Failure,rf_19_raw_window,42,9,222,199,1,9,2,11,1,0.9566666666666667,1,0.5,
System_Failure,rf_19_raw_window,42,9,222,199,1,9,3,12,1,0.6933333333333334,1,0.5,
System_Failure,rf_19_raw_window,42,9,222,199,1,9,4,13,0,0.16,0,0.5,
System_Failure,rf_19_raw_window,42,9,222,199,1,9,5,14,0,0.06666666666666667,0,0.5,
System_Failure,rf_19_raw_window,42,9,222,199,1,9,6,15,0,0.05333333333333334,0,0.5,
System_Failure,rf_19_raw_window,42,9,222,199,1,9,7,16,0,0.07333333333333333,0,0.5,
System_Failure,rf_19_raw_window,42,9,222,199,1,9,8,17,0,0.27,0,0.5,
System_Failure,rf_19_raw_window,42,9,222,199,1,9,9,18,0,0.12333333333333334,0,0.5,
System_Failure,rf_19_raw_window,42,9,222,199,1,9,10,19,0,0.2733333333333333,0,0.5,
System_Failure,rf_19_raw_window,42,9,222,199,1,9,11,20,0,0.22666666666666666,0,0.5,
System_Failure,rf_19_raw_window,42,9,222,199,1,9,12,21,0,0.15333333333333332,0,0.5,
System_Failure,rf_19_raw_window,42,9,222,199,1,9,13,22,0,0.06666666666666667,0,0.5,
System_Failure,rf_19_raw_window,42,9,222,199,1,9,14,23,0,0.07666666666666666,0,0.5,
System_Failure,rf_19_raw_window,42,9,222,199,1,9,15,24,0,0.06333333333333334,0,0.5,
System_Failure,rf_19_raw_window,42,9,222,199,1,9,16,25,0,0.04,0,0.5,
System_Failure,rf_19_raw_window,42,9,222,199,1,9,17,26,0,0.06,0,0.5,
System_Failure,rf_19_raw_window,42,9,223,200,1,9,0,9,1,0.7733333333333333,1,0.5,
System_Failure,rf_19_raw_window,42,9,223,200,1,9,1,10,1,0.84,1,0.5,
System_Failure,rf_19_raw_window,42,9,223,200,1,9,2,11,1,0.8166666666666667,1,0.5,
System_Failure,rf_19_raw_window,42,9,223,200,1,9,3,12,1,0.95,1,0.5,
System_Failure,rf_19_raw_window,42,9,223,200,1,9,4,13,1,0.8333333333333334,1,0.5,
System_Failure,rf_19_raw_window,42,9,223,200,1,9,5,14,1,0.49,0,0.5,
System_Failure,rf_19_raw_window,42,9,223,200,1,9,6,15,0,0.14666666666666667,0,0.5,
System_Failure,rf_19_raw_window,42,9,223,200,1,9,7,16,0,0.02666666666666667,0,0.5,
System_Failure,rf_19_raw_window,42,9,223,200,1,9,8,17,0,0.056666666666666664,0,0.5,
System_Failure,rf_19_raw_window,42,9,223,200,1,9,9,18,0,0.09666666666666666,0,0.5,
System_Failure,rf_19_raw_window,42,9,223,200,1,9,10,19,0,0.043333333333333335,0,0.5,
System_Failure,rf_19_raw_window,42,9,223,200,1,9,11,20,0,0.09333333333333334,0,0.5,
System_Failure,rf_19_raw_window,42,9,223,200,1,9,12,21,0,0.11666666666666667,0,0.5,
System_Failure,rf_19_raw_window,42,9,223,200,1,9,13,22,0,0.07,0,0.5,
System_Failure,rf_19_raw_window,42,9,223,200,1,9,14,23,0,0.04666666666666667,0,0.5,
System_Failure,rf_19_raw_window,42,9,223,200,1,9,15,24,0,0.043333333333333335,0,0.5,
System_Failure,rf_19_raw_window,42,9,223,200,1,9,16,25,0,0.03,0,0.5,
System_Failure,rf_19_raw_window,42,9,223,200,1,9,17,26,0,0.043333333333333335,0,0.5,
System_Failure,rf_19_raw_window,42,9,223,200,1,9,18,27,0,0.04666666666666667,0,0.5,
System_Failure,rf_19_raw_window,42,9,224,201,1,9,0,9,1,0.8533333333333334,1,0.5,
System_Failure,rf_19_raw_window,42,9,224,201,1,9,1,10,1,0.94,1,0.5,
System_Failure,rf_19_raw_window,42,9,224,201,1,9,2,11,1,0.9366666666666666,1,0.5,
System_Failure,rf_19_raw_window,42,9,224,201,1,9,3,12,1,0.9466666666666667,1,0.5,
System_Failure,rf_19_raw_window,42,9,224,201,1,9,4,13,1,0.7766666666666666,1,0.5,
System_Failure,rf_19_raw_window,42,9,224,201,1,9,5,14,1,0.6666666666666666,1,0.5,
System_Failure,rf_19_raw_window,42,9,224,201,1,9,6,15,0,0.10333333333333333,0,0.5,
System_Failure,rf_19_raw_window,42,9,224,201,1,9,7,16,0,0.056666666666666664,0,0.5,
System_Failure,rf_19_raw_window,42,9,224,201,1,9,8,17,0,0.06333333333333334,0,0.5,
System_Failure,rf_19_raw_window,42,9,224,201,1,9,9,18,0,0.09,0,0.5,
System_Failure,rf_19_raw_window,42,9,224,201,1,9,10,19,0,0.04666666666666667,0,0.5,
System_Failure,rf_19_raw_window,42,9,224,201,1,9,11,20,0,0.06,0,0.5,
System_Failure,rf_19_raw_window,42,9,224,201,1,9,12,21,0,0.02,0,0.5,
System_Failure,rf_19_raw_window,42,9,224,201,1,9,13,22,0,0.013333333333333334,0,0.5,
System_Failure,rf_19_raw_window,42,9,224,201,1,9,14,23,0,0.013333333333333334,0,0.5,
System_Failure,rf_19_raw_window,42,9,224,201,1,9,15,24,0,0.02,0,0.5,
System_Failure,rf_19_raw_window,42,9,224,201,1,9,16,25,0,0.013333333333333334,0,0.5,
System_Failure,rf_19_raw_window,42,9,224,201,1,9,17,26,0,0.01,0,0.5,
System_Failure,rf_19_raw_window,42,9,224,201,1,9,18,27,0,0.023333333333333334,0,0.5,
System_Failure,rf_19_raw_window,42,9,225,202,1,9,0,9,1,0.7866666666666666,1,0.5,
System_Failure,rf_19_raw_window,42,9,225,202,1,9,1,10,1,0.8,1,0.5,
System_Failure,rf_19_raw_window,42,9,225,202,1,9,2,11,1,0.8166666666666667,1,0.5,
System_Failure,rf_19_raw_window,42,9,225,202,1,9,3,12,1,0.8833333333333333,1,0.5,
System_Failure,rf_19_raw_window,42,9,225,202,1,9,4,13,1,0.65,1,0.5,
System_Failure,rf_19_raw_window,42,9,225,202,1,9,5,14,1,0.4633333333333333,0,0.5,
System_Failure,rf_19_raw_window,42,9,225,202,1,9,6,15,0,0.06666666666666667,0,0.5,
System_Failure,rf_19_raw_window,42,9,225,202,1,9,7,16,0,0.04666666666666667,0,0.5,
System_Failure,rf_19_raw_window,42,9,225,202,1,9,8,17,0,0.08,0,0.5,
System_Failure,rf_19_raw_window,42,9,225,202,1,9,9,18,0,0.07,0,0.5,
System_Failure,rf_19_raw_window,42,9,225,202,1,9,10,19,0,0.07666666666666666,0,0.5,
System_Failure,rf_19_raw_window,42,9,225,202,1,9,11,20,0,0.12,0,0.5,
System_Failure,rf_19_raw_window,42,9,225,202,1,9,12,21,0,0.12,0,0.5,
System_Failure,rf_19_raw_window,42,9,225,202,1,9,13,22,0,0.1,0,0.5,
System_Failure,rf_19_raw_window,42,9,225,202,1,9,14,23,0,0.04666666666666667,0,0.5,
System_Failure,rf_19_raw_window,42,9,225,202,1,9,15,24,0,0.04,0,0.5,
System_Failure,rf_19_raw_window,42,9,225,202,1,9,16,25,0,0.02,0,0.5,
System_Failure,rf_19_raw_window,42,9,225,202,1,9,17,26,0,0.01,0,0.5,
System_Failure,rf_19_raw_window,42,9,225,202,1,9,18,27,0,0.013333333333333334,0,0.5,
System_Failure,rf_19_raw_window,42,9,224,210,2,9,0,9,1,0.8566666666666667,1,0.5,
System_Failure,rf_19_raw_window,42,9,224,210,2,9,1,10,1,0.87,1,0.5,
System_Failure,rf_19_raw_window,42,9,224,210,2,9,2,11,1,0.87,1,0.5,
System_Failure,rf_19_raw_window,42,9,224,210,2,9,3,12,1,0.8633333333333333,1,0.5,
System_Failure,rf_19_raw_window,42,9,224,210,2,9,4,13,1,0.8933333333333333,1,0.5,
System_Failure,rf_19_raw_window,42,9,224,210,2,9,5,14,0,0.53,1,0.5,
System_Failure,rf_19_raw_window,42,9,224,210,2,9,6,15,0,0.4266666666666667,0,0.5,
System_Failure,rf_19_raw_window,42,9,224,210,2,9,7,16,0,0.07,0,0.5,
System_Failure,rf_19_raw_window,42,9,224,210,2,9,8,17,0,0.07,0,0.5,
System_Failure,rf_19_raw_window,42,9,224,210,2,9,9,18,0,0.05333333333333334,0,0.5,
System_Failure,rf_19_raw_window,42,9,224,210,2,9,10,19,0,0.06333333333333334,0,0.5,
System_Failure,rf_19_raw_window,42,9,224,210,2,9,11,20,0,0.08,0,0.5,
System_Failure,rf_19_raw_window,42,9,224,210,2,9,12,21,0,0.11,0,0.5,
System_Failure,rf_19_raw_window,42,9,224,210,2,9,13,22,0,0.18333333333333332,0,0.5,
System_Failure,rf_19_raw_window,42,9,224,210,2,9,14,23,0,0.05333333333333334,0,0.5,
System_Failure,rf_19_raw_window,42,9,224,210,2,9,15,24,0,0.15666666666666668,0,0.5,
System_Failure,rf_19_raw_window,42,10,226,203,1,10,0,9,1,0.8,1,0.5,
System_Failure,rf_19_raw_window,42,10,226,203,1,10,1,10,1,0.8533333333333334,1,0.5,
System_Failure,rf_19_raw_window,42,10,226,203,1,10,2,11,1,0.8566666666666667,1,0.5,
System_Failure,rf_19_raw_window,42,10,226,203,1,10,3,12,1,0.8433333333333334,1,0.5,
System_Failure,rf_19_raw_window,42,10,226,203,1,10,4,13,1,0.83,1,0.5,
System_Failure,rf_19_raw_window,42,10,226,203,1,10,5,14,0,0.7633333333333333,1,0.5,
System_Failure,rf_19_raw_window,42,10,226,203,1,10,6,15,0,0.23666666666666666,0,0.5,
System_Failure,rf_19_raw_window,42,10,226,203,1,10,7,16,0,0.18666666666666668,0,0.5,
System_Failure,rf_19_raw_window,42,10,226,203,1,10,8,17,0,0.15333333333333332,0,0.5,
System_Failure,rf_19_raw_window,42,10,226,203,1,10,9,18,0,0.13666666666666666,0,0.5,
System_Failure,rf_19_raw_window,42,10,226,203,1,10,10,19,0,0.13666666666666666,0,0.5,
System_Failure,rf_19_raw_window,42,10,226,203,1,10,11,20,0,0.17666666666666667,0,0.5,
System_Failure,rf_19_raw_window,42,10,226,203,1,10,12,21,0,0.15666666666666668,0,0.5,
System_Failure,rf_19_raw_window,42,10,226,203,1,10,13,22,0,0.14,0,0.5,
System_Failure,rf_19_raw_window,42,10,226,203,1,10,14,23,0,0.15,0,0.5,
System_Failure,rf_19_raw_window,42,10,226,203,1,10,15,24,0,0.21,0,0.5,
System_Failure,rf_19_raw_window,42,10,226,203,1,10,16,25,0,0.22,0,0.5,
System_Failure,rf_19_raw_window,42,10,226,203,1,10,17,26,0,0.23,0,0.5,
System_Failure,rf_19_raw_window,42,10,226,203,1,10,18,27,0,0.17,0,0.5,
System_Failure,rf_19_raw_window,42,10,227,204,1,10,0,9,1,0.47,0,0.5,
System_Failure,rf_19_raw_window,42,10,227,204,1,10,1,10,1,0.4666666666666667,0,0.5,
System_Failure,rf_19_raw_window,42,10,227,204,1,10,2,11,1,0.5,0,0.5,
System_Failure,rf_19_raw_window,42,10,227,204,1,10,3,12,1,0.38666666666666666,0,0.5,
System_Failure,rf_19_raw_window,42,10,227,204,1,10,4,13,1,0.49666666666666665,0,0.5,
System_Failure,rf_19_raw_window,42,10,227,204,1,10,5,14,0,0.2866666666666667,0,0.5,
System_Failure,rf_19_raw_window,42,10,227,204,1,10,6,15,0,0.25,0,0.5,
System_Failure,rf_19_raw_window,42,10,227,204,1,10,7,16,0,0.2633333333333333,0,0.5,
System_Failure,rf_19_raw_window,42,10,227,204,1,10,8,17,0,0.22,0,0.5,
System_Failure,rf_19_raw_window,42,10,227,204,1,10,9,18,0,0.25666666666666665,0,0.5,
System_Failure,rf_19_raw_window,42,10,227,204,1,10,10,19,0,0.36666666666666664,0,0.5,
System_Failure,rf_19_raw_window,42,10,227,204,1,10,11,20,0,0.28,0,0.5,
System_Failure,rf_19_raw_window,42,10,227,204,1,10,12,21,0,0.31666666666666665,0,0.5,
System_Failure,rf_19_raw_window,42,10,227,204,1,10,13,22,0,0.25666666666666665,0,0.5,
System_Failure,rf_19_raw_window,42,10,227,204,1,10,14,23,0,0.22666666666666666,0,0.5,
System_Failure,rf_19_raw_window,42,10,227,204,1,10,15,24,0,0.24333333333333335,0,0.5,
System_Failure,rf_19_raw_window,42,10,227,204,1,10,16,25,0,0.3433333333333333,0,0.5,
System_Failure,rf_19_raw_window,42,10,227,204,1,10,17,26,0,0.30666666666666664,0,0.5,
System_Failure,rf_19_raw_window,42,10,229,205,1,10,0,9,1,0.8933333333333333,1,0.5,
System_Failure,rf_19_raw_window,42,10,229,205,1,10,1,10,1,0.91,1,0.5,
System_Failure,rf_19_raw_window,42,10,229,205,1,10,2,11,1,0.8866666666666667,1,0.5,
System_Failure,rf_19_raw_window,42,10,229,205,1,10,3,12,1,0.8933333333333333,1,0.5,
System_Failure,rf_19_raw_window,42,10,229,205,1,10,4,13,1,0.96,1,0.5,
System_Failure,rf_19_raw_window,42,10,229,205,1,10,5,14,1,0.96,1,0.5,
System_Failure,rf_19_raw_window,42,10,229,205,1,10,6,15,1,0.9566666666666667,1,0.5,
System_Failure,rf_19_raw_window,42,10,229,205,1,10,7,16,1,0.8966666666666666,1,0.5,
System_Failure,rf_19_raw_window,42,10,229,205,1,10,8,17,1,0.7166666666666667,1,0.5,
System_Failure,rf_19_raw_window,42,10,229,205,1,10,9,18,1,0.67,1,0.5,
System_Failure,rf_19_raw_window,42,10,229,205,1,10,10,19,1,0.5566666666666666,1,0.5,
System_Failure,rf_19_raw_window,42,10,229,205,1,10,11,20,1,0.43333333333333335,0,0.5,
System_Failure,rf_19_raw_window,42,10,229,205,1,10,12,21,1,0.43,0,0.5,
System_Failure,rf_19_raw_window,42,10,229,205,1,10,13,22,1,0.36,0,0.5,
System_Failure,rf_19_raw_window,42,10,229,205,1,10,14,23,1,0.24666666666666667,0,0.5,
System_Failure,rf_19_raw_window,42,10,229,205,1,10,15,24,0,0.29333333333333333,0,0.5,
System_Failure,rf_19_raw_window,42,10,229,205,1,10,16,25,0,0.28,0,0.5,
System_Failure,rf_19_raw_window,42,10,229,205,1,10,17,26,0,0.21666666666666667,0,0.5,
System_Failure,rf_19_raw_window,42,10,229,205,1,10,18,27,0,0.09,0,0.5,
System_Failure,rf_19_raw_window,42,10,229,205,1,10,19,28,0,0.05333333333333334,0,0.5,
System_Failure,rf_19_raw_window,42,10,229,205,1,10,20,29,0,0.06,0,0.5,
System_Failure,rf_19_raw_window,42,10,229,205,1,10,21,30,0,0.04666666666666667,0,0.5,
System_Failure,rf_19_raw_window,42,10,229,205,1,10,22,31,0,0.05333333333333334,0,0.5,
System_Failure,rf_19_raw_window,42,10,229,205,1,10,23,32,0,0.18,0,0.5,
System_Failure,rf_19_raw_window,42,10,229,205,1,10,24,33,0,0.14666666666666667,0,0.5,
System_Failure,rf_19_raw_window,42,10,229,205,1,10,25,34,0,0.3233333333333333,0,0.5,
System_Failure,rf_19_raw_window,42,10,229,205,1,10,26,35,0,0.42,0,0.5,
System_Failure,rf_19_raw_window,42,10,229,205,1,10,27,36,0,0.3,0,0.5,
System_Failure,rf_19_raw_window,42,10,229,205,1,10,28,37,0,0.22,0,0.5,
System_Failure,rf_19_raw_window,42,10,229,205,1,10,29,38,0,0.21,0,0.5,
System_Failure,rf_19_raw_window,42,10,229,205,1,10,30,39,0,0.20666666666666667,0,0.5,
System_Failure,rf_19_raw_window,42,10,229,205,1,10,31,40,0,0.31666666666666665,0,0.5,
System_Failure,rf_19_raw_window,42,10,229,205,1,10,32,41,0,0.25,0,0.5,
System_Failure,rf_19_raw_window,42,10,229,205,1,10,33,42,0,0.21,0,0.5,
System_Failure,rf_19_raw_window,42,10,229,205,1,10,34,43,0,0.18333333333333332,0,0.5,
System_Failure,rf_19_raw_window,42,10,229,205,1,10,35,44,0,0.19333333333333333,0,0.5,
System_Failure,rf_19_raw_window,42,10,229,205,1,10,36,45,0,0.16,0,0.5,
System_Failure,rf_19_raw_window,42,10,229,205,1,10,37,46,0,0.21,0,0.5,
System_Failure,rf_19_raw_window,42,10,229,205,1,10,38,47,0,0.19,0,0.5,
System_Failure,rf_19_raw_window,42,10,229,205,1,10,39,48,0,0.3466666666666667,0,0.5,
System_Failure,rf_19_raw_window,42,10,229,205,1,10,40,49,0,0.3433333333333333,0,0.5,
System_Failure,rf_19_raw_window,42,10,229,205,1,10,41,50,0,0.37,0,0.5,
System_Failure,rf_19_raw_window,42,10,230,206,1,10,0,9,1,0.86,1,0.5,
System_Failure,rf_19_raw_window,42,10,230,206,1,10,1,10,1,0.85,1,0.5,
System_Failure,rf_19_raw_window,42,10,230,206,1,10,2,11,1,0.8033333333333333,1,0.5,
System_Failure,rf_19_raw_window,42,10,230,206,1,10,3,12,1,0.7833333333333333,1,0.5,
System_Failure,rf_19_raw_window,42,10,230,206,1,10,4,13,1,0.6233333333333333,1,0.5,
System_Failure,rf_19_raw_window,42,10,230,206,1,10,5,14,0,0.38666666666666666,0,0.5,
System_Failure,rf_19_raw_window,42,10,230,206,1,10,6,15,0,0.26666666666666666,0,0.5,
System_Failure,rf_19_raw_window,42,10,230,206,1,10,7,16,0,0.26666666666666666,0,0.5,
System_Failure,rf_19_raw_window,42,10,230,206,1,10,8,17,0,0.12666666666666668,0,0.5,
System_Failure,rf_19_raw_window,42,10,230,206,1,10,9,18,0,0.07333333333333333,0,0.5,
System_Failure,rf_19_raw_window,42,10,230,206,1,10,10,19,0,0.1,0,0.5,
System_Failure,rf_19_raw_window,42,10,230,206,1,10,11,20,0,0.21,0,0.5,
System_Failure,rf_19_raw_window,42,10,230,206,1,10,12,21,0,0.23,0,0.5,
System_Failure,rf_19_raw_window,42,10,230,206,1,10,13,22,0,0.3433333333333333,0,0.5,
System_Failure,rf_19_raw_window,42,10,230,206,1,10,14,23,0,0.44333333333333336,0,0.5,
System_Failure,rf_19_raw_window,42,10,230,206,1,10,15,24,0,0.38,0,0.5,
System_Failure,rf_19_raw_window,42,10,230,206,1,10,16,25,0,0.4166666666666667,0,0.5,
System_Failure,rf_19_raw_window,42,10,230,206,1,10,17,26,0,0.47,0,0.5,
System_Failure,rf_19_raw_window,42,10,231,207,1,10,0,9,1,0.7233333333333334,1,0.5,
System_Failure,rf_19_raw_window,42,10,231,207,1,10,1,10,1,0.91,1,0.5,
System_Failure,rf_19_raw_window,42,10,231,207,1,10,2,11,1,0.8733333333333333,1,0.5,
System_Failure,rf_19_raw_window,42,10,231,207,1,10,3,12,1,0.89,1,0.5,
System_Failure,rf_19_raw_window,42,10,231,207,1,10,4,13,1,0.87,1,0.5,
System_Failure,rf_19_raw_window,42,10,231,207,1,10,5,14,1,0.8366666666666667,1,0.5,
System_Failure,rf_19_raw_window,42,10,231,207,1,10,6,15,1,0.8633333333333333,1,0.5,
System_Failure,rf_19_raw_window,42,10,231,207,1,10,7,16,1,0.69,1,0.5,
System_Failure,rf_19_raw_window,42,10,231,207,1,10,8,17,1,0.39666666666666667,0,0.5,
System_Failure,rf_19_raw_window,42,10,231,207,1,10,9,18,1,0.23,0,0.5,
System_Failure,rf_19_raw_window,42,10,231,207,1,10,10,19,0,0.22666666666666666,0,0.5,
System_Failure,rf_19_raw_window,42,10,231,207,1,10,11,20,0,0.18,0,0.5,
System_Failure,rf_19_raw_window,42,10,231,207,1,10,12,21,0,0.10333333333333333,0,0.5,
System_Failure,rf_19_raw_window,42,10,231,207,1,10,13,22,0,0.04666666666666667,0,0.5,
System_Failure,rf_19_raw_window,42,10,231,207,1,10,14,23,0,0.17666666666666667,0,0.5,
System_Failure,rf_19_raw_window,42,10,231,207,1,10,15,24,0,0.19333333333333333,0,0.5,
System_Failure,rf_19_raw_window,42,10,231,207,1,10,16,25,0,0.39,0,0.5,
System_Failure,rf_19_raw_window,42,10,231,207,1,10,17,26,0,0.22,0,0.5,
System_Failure,rf_19_raw_window,42,10,231,207,1,10,18,27,0,0.2,0,0.5,
System_Failure,rf_19_raw_window,42,10,231,207,1,10,19,28,0,0.15333333333333332,0,0.5,
System_Failure,rf_19_raw_window,42,10,231,207,1,10,20,29,0,0.12,0,0.5,
System_Failure,rf_19_raw_window,42,10,231,207,1,10,21,30,0,0.11,0,0.5,
System_Failure,rf_19_raw_window,42,10,231,207,1,10,22,31,0,0.16666666666666666,0,0.5,
System_Failure,rf_19_raw_window,42,10,231,207,1,10,23,32,0,0.2,0,0.5,
System_Failure,rf_19_raw_window,42,10,231,207,1,10,24,33,0,0.2,0,0.5,
System_Failure,rf_19_raw_window,42,10,231,207,1,10,25,34,0,0.20333333333333334,0,0.5,
System_Failure,rf_19_raw_window,42,10,231,207,1,10,26,35,0,0.43666666666666665,0,0.5,
System_Failure,rf_19_raw_window,42,10,231,207,1,10,27,36,0,0.5466666666666666,1,0.5,
System_Failure,rf_19_raw_window,42,10,231,207,1,10,28,37,0,0.5566666666666666,1,0.5,
System_Failure,rf_19_raw_window,42,10,231,207,1,10,29,38,0,0.5166666666666667,1,0.5,
System_Failure,rf_19_raw_window,42,10,231,207,1,10,30,39,0,0.5566666666666666,1,0.5,
System_Failure,rf_19_raw_window,42,10,231,207,1,10,31,40,0,0.58,1,0.5,
System_Failure,rf_19_raw_window,42,10,231,207,1,10,32,41,0,0.5866666666666667,1,0.5,
System_Failure,rf_19_raw_window,42,10,231,207,1,10,33,42,0,0.5833333333333334,1,0.5,
System_Failure,rf_19_raw_window,42,10,231,207,1,10,34,43,0,0.58,1,0.5,
System_Failure,rf_19_raw_window,42,10,232,208,1,10,0,9,0,0.3566666666666667,0,0.5,
System_Failure,rf_19_raw_window,42,10,232,208,1,10,1,10,0,0.2833333333333333,0,0.5,
System_Failure,rf_19_raw_window,42,10,232,208,1,10,2,11,0,0.25666666666666665,0,0.5,
System_Failure,rf_19_raw_window,42,10,232,208,1,10,3,12,0,0.22,0,0.5,
System_Failure,rf_19_raw_window,42,10,232,208,1,10,4,13,0,0.29,0,0.5,
System_Failure,rf_19_raw_window,42,10,232,208,1,10,5,14,0,0.23,0,0.5,
System_Failure,rf_19_raw_window,42,10,232,208,1,10,6,15,0,0.22666666666666666,0,0.5,
System_Failure,rf_19_raw_window,42,10,232,208,1,10,7,16,0,0.2866666666666667,0,0.5,
System_Failure,rf_19_raw_window,42,10,232,208,1,10,8,17,0,0.21666666666666667,0,0.5,
System_Failure,rf_19_raw_window,42,10,232,208,1,10,9,18,0,0.16333333333333333,0,0.5,
System_Failure,rf_19_raw_window,42,10,232,208,1,10,10,19,0,0.15666666666666668,0,0.5,
System_Failure,rf_19_raw_window,42,10,232,208,1,10,11,20,0,0.18666666666666668,0,0.5,
System_Failure,rf_19_raw_window,42,10,232,208,1,10,12,21,0,0.22,0,0.5,
System_Failure,rf_19_raw_window,42,10,232,208,1,10,13,22,0,0.20333333333333334,0,0.5,
System_Failure,rf_19_raw_window,42,10,232,208,1,10,14,23,0,0.25,0,0.5,
System_Failure,rf_19_raw_window,42,10,233,209,1,10,0,9,0,0.44,0,0.5,
System_Failure,rf_19_raw_window,42,10,233,209,1,10,1,10,0,0.33,0,0.5,
System_Failure,rf_19_raw_window,42,10,233,209,1,10,2,11,0,0.22333333333333333,0,0.5,
System_Failure,rf_19_raw_window,42,10,233,209,1,10,3,12,0,0.18,0,0.5,
System_Failure,rf_19_raw_window,42,10,233,209,1,10,4,13,0,0.19,0,0.5,
System_Failure,rf_19_raw_window,42,10,233,209,1,10,5,14,0,0.12333333333333334,0,0.5,
System_Failure,rf_19_raw_window,42,10,233,209,1,10,6,15,0,0.12,0,0.5,
System_Failure,rf_19_raw_window,42,10,233,209,1,10,7,16,0,0.13333333333333333,0,0.5,
System_Failure,rf_19_raw_window,42,10,233,209,1,10,8,17,0,0.17333333333333334,0,0.5,
System_Failure,rf_19_raw_window,42,10,233,209,1,10,9,18,1,0.14666666666666667,0,0.5,
System_Failure,rf_19_raw_window,42,10,233,209,1,10,10,19,1,0.19,0,0.5,
System_Failure,rf_19_raw_window,42,10,233,209,1,10,11,20,1,0.25666666666666665,0,0.5,
System_Failure,rf_19_raw_window,42,10,233,209,1,10,12,21,1,0.4633333333333333,0,0.5,
System_Failure,rf_19_raw_window,42,10,233,209,1,10,13,22,1,0.4766666666666667,0,0.5,
System_Failure,rf_19_raw_window,42,10,233,209,1,10,14,23,1,0.38666666666666666,0,0.5,
System_Failure,rf_19_raw_window,42,10,233,209,1,10,15,24,1,0.42,0,0.5,
System_Failure,rf_19_raw_window,42,10,233,209,1,10,16,25,1,0.42,0,0.5,
System_Failure,rf_19_raw_window,42,10,233,209,1,10,17,26,1,0.42,0,0.5,
System_Failure,rf_19_raw_window,42,10,233,209,1,10,18,27,1,0.8233333333333334,1,0.5,
System_Failure,rf_19_raw_window,42,10,233,209,1,10,19,28,1,0.8133333333333334,1,0.5,
System_Failure,rf_19_raw_window,42,10,233,209,1,10,20,29,1,0.8033333333333333,1,0.5,
System_Failure,rf_19_raw_window,42,10,233,209,1,10,21,30,1,0.7866666666666666,1,0.5,
System_Failure,rf_19_raw_window,42,10,233,209,1,10,22,31,1,0.81,1,0.5,
System_Failure,rf_19_raw_window,42,10,233,209,1,10,23,32,1,0.7666666666666667,1,0.5,
System_Failure,rf_19_raw_window,42,10,233,209,1,10,24,33,1,0.8066666666666666,1,0.5,
System_Failure,rf_19_raw_window,42,10,233,209,1,10,25,34,1,0.6266666666666667,1,0.5,
System_Failure,rf_19_raw_window,42,10,233,209,1,10,26,35,0,0.6666666666666666,1,0.5,
System_Failure,rf_19_raw_window,42,10,233,209,1,10,27,36,0,0.5733333333333334,1,0.5,
System_Failure,rf_19_raw_window,42,10,233,209,1,10,28,37,0,0.5666666666666667,1,0.5,
System_Failure,rf_19_raw_window,42,10,233,209,1,10,29,38,0,0.5633333333333334,1,0.5,
System_Failure,rf_19_raw_window,42,10,233,209,1,10,30,39,0,0.4,0,0.5,
System_Failure,rf_19_raw_window,42,10,230,216,2,10,0,9,1,0.58,1,0.5,
System_Failure,rf_19_raw_window,42,10,230,216,2,10,1,10,1,0.5766666666666667,1,0.5,
System_Failure,rf_19_raw_window,42,10,230,216,2,10,2,11,1,0.5733333333333334,1,0.5,
System_Failure,rf_19_raw_window,42,10,230,216,2,10,3,12,1,0.62,1,0.5,
System_Failure,rf_19_raw_window,42,10,230,216,2,10,4,13,1,0.6466666666666666,1,0.5,
System_Failure,rf_19_raw_window,42,10,230,216,2,10,5,14,1,0.6133333333333333,1,0.5,
System_Failure,rf_19_raw_window,42,10,230,216,2,10,6,15,0,0.38666666666666666,0,0.5,
System_Failure,rf_19_raw_window,42,10,230,216,2,10,7,16,0,0.2866666666666667,0,0.5,
System_Failure,rf_19_raw_window,42,10,230,216,2,10,8,17,0,0.22666666666666666,0,0.5,
System_Failure,rf_19_raw_window,42,10,230,216,2,10,9,18,0,0.20666666666666667,0,0.5,
System_Failure,rf_19_raw_window,42,10,230,216,2,10,10,19,0,0.13666666666666666,0,0.5,
System_Failure,rf_19_raw_window,42,10,230,216,2,10,11,20,0,0.12666666666666668,0,0.5,
System_Failure,rf_19_raw_window,42,10,230,216,2,10,12,21,0,0.14,0,0.5,
System_Failure,rf_19_raw_window,42,10,230,216,2,10,13,22,0,0.1,0,0.5,
System_Failure,rf_19_raw_window,42,10,230,216,2,10,14,23,0,0.15,0,0.5,
System_Failure,rf_19_raw_window,42,10,230,216,2,10,15,24,0,0.14333333333333334,0,0.5,
System_Failure,rf_19_raw_window,42,10,230,216,2,10,16,25,0,0.13,0,0.5,
System_Failure,rf_19_raw_window,42,10,230,216,2,10,17,26,0,0.18,0,0.5,
System_Failure,rf_19_raw_window,42,10,230,216,2,10,18,27,0,0.16666666666666666,0,0.5,
System_Failure,rf_19_raw_window,42,10,230,216,2,10,19,28,0,0.16,0,0.5,
System_Failure,rf_19_raw_window,42,10,231,217,2,10,0,9,1,0.88,1,0.5,
System_Failure,rf_19_raw_window,42,10,231,217,2,10,1,10,1,0.9,1,0.5,
System_Failure,rf_19_raw_window,42,10,231,217,2,10,2,11,1,0.89,1,0.5,
System_Failure,rf_19_raw_window,42,10,231,217,2,10,3,12,1,0.7,1,0.5,
System_Failure,rf_19_raw_window,42,10,231,217,2,10,4,13,0,0.37333333333333335,0,0.5,
System_Failure,rf_19_raw_window,42,10,231,217,2,10,5,14,0,0.3466666666666667,0,0.5,
System_Failure,rf_19_raw_window,42,10,231,217,2,10,6,15,0,0.18333333333333332,0,0.5,
System_Failure,rf_19_raw_window,42,10,231,217,2,10,7,16,0,0.22333333333333333,0,0.5,
System_Failure,rf_19_raw_window,42,10,231,217,2,10,8,17,0,0.14666666666666667,0,0.5,
System_Failure,rf_19_raw_window,42,10,231,217,2,10,9,18,0,0.16333333333333333,0,0.5,
System_Failure,rf_19_raw_window,42,10,231,217,2,10,10,19,0,0.23,0,0.5,
System_Failure,rf_19_raw_window,42,10,231,217,2,10,11,20,0,0.2866666666666667,0,0.5,
System_Failure,rf_19_raw_window,42,10,231,217,2,10,12,21,0,0.27,0,0.5,
System_Failure,rf_19_raw_window,42,10,231,217,2,10,13,22,0,0.3,0,0.5,
System_Failure,rf_19_raw_window,42,10,231,217,2,10,14,23,0,0.2733333333333333,0,0.5,
System_Failure,rf_19_raw_window,42,10,231,217,2,10,15,24,0,0.20666666666666667,0,0.5,
System_Failure,rf_19_raw_window,42,10,231,217,2,10,16,25,0,0.2833333333333333,0,0.5,
System_Failure,rf_19_raw_window,42,10,231,217,2,10,17,26,0,0.3,0,0.5,
System_Failure,rf_19_raw_window,42,10,232,218,2,10,0,9,1,0.76,1,0.5,
System_Failure,rf_19_raw_window,42,10,232,218,2,10,1,10,1,0.8366666666666667,1,0.5,
System_Failure,rf_19_raw_window,42,10,232,218,2,10,2,11,1,0.85,1,0.5,
System_Failure,rf_19_raw_window,42,10,232,218,2,10,3,12,1,0.7933333333333333,1,0.5,
System_Failure,rf_19_raw_window,42,10,232,218,2,10,4,13,1,0.8166666666666667,1,0.5,
System_Failure,rf_19_raw_window,42,10,232,218,2,10,5,14,1,0.7233333333333334,1,0.5,
System_Failure,rf_19_raw_window,42,10,232,218,2,10,6,15,1,0.6166666666666667,1,0.5,
System_Failure,rf_19_raw_window,42,10,232,218,2,10,7,16,1,0.47333333333333333,0,0.5,
System_Failure,rf_19_raw_window,42,10,232,218,2,10,8,17,1,0.37333333333333335,0,0.5,
System_Failure,rf_19_raw_window,42,10,232,218,2,10,9,18,1,0.31,0,0.5,
System_Failure,rf_19_raw_window,42,10,232,218,2,10,10,19,0,0.17,0,0.5,
System_Failure,rf_19_raw_window,42,10,232,218,2,10,11,20,0,0.12,0,0.5,
System_Failure,rf_19_raw_window,42,10,232,218,2,10,12,21,1,0.10666666666666667,0,0.5,
System_Failure,rf_19_raw_window,42,10,232,218,2,10,13,22,1,0.26,0,0.5,
System_Failure,rf_19_raw_window,42,10,232,218,2,10,14,23,1,0.2633333333333333,0,0.5,
System_Failure,rf_19_raw_window,42,10,232,218,2,10,15,24,1,0.44666666666666666,0,0.5,
System_Failure,rf_19_raw_window,42,10,232,218,2,10,16,25,1,0.5133333333333333,1,0.5,
System_Failure,rf_19_raw_window,42,10,232,218,2,10,17,26,1,0.49333333333333335,0,0.5,
System_Failure,rf_19_raw_window,42,10,232,218,2,10,18,27,1,0.7266666666666667,1,0.5,
System_Failure,rf_19_raw_window,42,10,232,218,2,10,19,28,1,0.7233333333333334,1,0.5,
System_Failure,rf_19_raw_window,42,10,233,219,2,10,0,9,0,0.37,0,0.5,
System_Failure,rf_19_raw_window,42,10,233,219,2,10,1,10,0,0.22333333333333333,0,0.5,
System_Failure,rf_19_raw_window,42,10,233,219,2,10,2,11,0,0.19333333333333333,0,0.5,
System_Failure,rf_19_raw_window,42,10,233,219,2,10,3,12,0,0.30666666666666664,0,0.5,
System_Failure,rf_19_raw_window,42,10,233,219,2,10,4,13,0,0.32,0,0.5,
System_Failure,rf_19_raw_window,42,10,233,219,2,10,5,14,0,0.16666666666666666,0,0.5,
System_Failure,rf_19_raw_window,42,10,233,219,2,10,6,15,0,0.14,0,0.5,
System_Failure,rf_19_raw_window,42,10,233,219,2,10,7,16,0,0.15,0,0.5,
System_Failure,rf_19_raw_window,42,10,233,219,2,10,8,17,0,0.18666666666666668,0,0.5,
System_Failure,rf_19_raw_window,42,10,233,219,2,10,9,18,1,0.4066666666666667,0,0.5,
System_Failure,rf_19_raw_window,42,10,233,219,2,10,10,19,1,0.47,0,0.5,
System_Failure,rf_19_raw_window,42,10,233,219,2,10,11,20,1,0.6666666666666666,1,0.5,
System_Failure,rf_19_raw_window,42,10,233,219,2,10,12,21,1,0.66,1,0.5,
System_Failure,rf_19_raw_window,42,10,233,219,2,10,13,22,1,0.6833333333333333,1,0.5,
System_Failure,rf_19_raw_window,42,10,233,219,2,10,14,23,1,0.6766666666666666,1,0.5,
System_Failure,rf_19_raw_window,42,10,234,220,1,10,0,9,1,0.7966666666666666,1,0.5,
System_Failure,rf_19_raw_window,42,10,234,220,1,10,1,10,1,0.8466666666666667,1,0.5,
System_Failure,rf_19_raw_window,42,10,234,220,1,10,2,11,1,0.8766666666666667,1,0.5,
System_Failure,rf_19_raw_window,42,10,234,220,1,10,3,12,1,0.7333333333333333,1,0.5,
System_Failure,rf_19_raw_window,42,10,234,220,1,10,4,13,1,0.55,1,0.5,
System_Failure,rf_19_raw_window,42,10,234,220,1,10,5,14,1,0.33666666666666667,0,0.5,
System_Failure,rf_19_raw_window,42,10,234,220,1,10,6,15,0,0.31666666666666665,0,0.5,
System_Failure,rf_19_raw_window,42,10,234,220,1,10,7,16,0,0.17333333333333334,0,0.5,
System_Failure,rf_19_raw_window,42,10,234,220,1,10,8,17,0,0.07,0,0.5,
System_Failure,rf_19_raw_window,42,10,234,220,1,10,9,18,0,0.04,0,0.5,
System_Failure,rf_19_raw_window,42,10,234,220,1,10,10,19,0,0.16,0,0.5,
System_Failure,rf_19_raw_window,42,10,234,220,1,10,11,20,1,0.12,0,0.5,
System_Failure,rf_19_raw_window,42,10,234,220,1,10,12,21,1,0.15666666666666668,0,0.5,
System_Failure,rf_19_raw_window,42,10,234,220,1,10,13,22,1,0.14666666666666667,0,0.5,
System_Failure,rf_19_raw_window,42,10,234,220,1,10,14,23,1,0.22333333333333333,0,0.5,
System_Failure,rf_19_raw_window,42,10,234,220,1,10,15,24,1,0.31,0,0.5,
System_Failure,rf_19_raw_window,42,10,234,220,1,10,16,25,1,0.29,0,0.5,
System_Failure,rf_19_raw_window,42,10,234,220,1,10,17,26,1,0.3,0,0.5,
System_Failure,rf_19_raw_window,42,10,234,220,1,10,18,27,1,0.29,0,0.5,
System_Failure,rf_19_raw_window,42,10,234,220,1,10,19,28,1,0.3466666666666667,0,0.5,
System_Failure,rf_19_raw_window,42,10,234,220,1,10,20,29,1,0.2866666666666667,0,0.5,
System_Failure,rf_19_raw_window,42,10,234,220,1,10,21,30,1,0.33,0,0.5,
System_Failure,rf_19_raw_window,42,10,234,220,1,10,22,31,1,0.23,0,0.5,
System_Failure,rf_19_raw_window,42,10,234,220,1,10,23,32,1,0.24,0,0.5,
System_Failure,rf_19_raw_window,42,10,234,220,1,10,24,33,0,0.2,0,0.5,
System_Failure,rf_19_raw_window,42,10,234,220,1,10,25,34,0,0.14333333333333334,0,0.5,
System_Failure,rf_19_raw_window,42,10,234,220,1,10,26,35,0,0.1,0,0.5,
System_Failure,rf_19_raw_window,42,10,234,220,1,10,27,36,0,0.09666666666666666,0,0.5,
System_Failure,rf_19_raw_window,42,10,234,220,1,10,28,37,0,0.09333333333333334,0,0.5,
System_Failure,rf_19_raw_window,42,10,234,220,1,10,29,38,0,0.17666666666666667,0,0.5,
System_Failure,rf_19_raw_window,42,10,234,220,1,10,30,39,0,0.16333333333333333,0,0.5,
System_Failure,rf_19_raw_window,42,10,234,220,1,10,31,40,0,0.19,0,0.5,
System_Failure,rf_19_raw_window,42,10,234,220,1,10,32,41,0,0.38,0,0.5,
System_Failure,rf_19_raw_window,42,10,234,220,1,10,33,42,0,0.3433333333333333,0,0.5,
System_Failure,rf_19_raw_window,42,10,234,220,1,10,34,43,0,0.27666666666666667,0,0.5,
System_Failure,rf_19_raw_window,42,10,234,220,1,10,35,44,0,0.18333333333333332,0,0.5,
System_Failure,rf_19_raw_window,42,10,234,220,1,10,36,45,0,0.16666666666666666,0,0.5,
System_Failure,rf_19_raw_window,42,10,234,220,1,10,37,46,0,0.17333333333333334,0,0.5,
System_Failure,rf_19_raw_window,42,10,234,220,1,10,38,47,0,0.16666666666666666,0,0.5,
System_Failure,rf_19_raw_window,42,10,234,220,1,10,39,48,0,0.29,0,0.5,
System_Failure,rf_19_raw_window,42,10,234,220,1,10,40,49,0,0.30666666666666664,0,0.5,
System_Failure,rf_19_raw_window,42,10,234,220,1,10,41,50,0,0.2833333333333333,0,0.5,
System_Failure,rf_19_raw_window,42,10,234,220,1,10,42,51,0,0.29,0,0.5,
System_Failure,rf_19_raw_window,42,10,234,220,1,10,43,52,0,0.24333333333333335,0,0.5,
System_Failure,rf_19_raw_window,42,10,234,220,1,10,44,53,0,0.24333333333333335,0,0.5,
System_Failure,rf_19_raw_window,42,10,234,220,1,10,45,54,0,0.6066666666666667,1,0.5,
System_Failure,rf_19_raw_window,42,10,234,220,1,10,46,55,0,0.62,1,0.5,
System_Failure,rf_19_raw_window,42,10,234,220,1,10,47,56,0,0.58,1,0.5,
System_Failure,rf_19_raw_window,42,10,234,220,1,10,48,57,0,0.5966666666666667,1,0.5,
System_Failure,rf_19_raw_window,42,10,234,220,1,10,49,58,0,0.5333333333333333,1,0.5,
System_Failure,rf_19_raw_window,42,10,234,220,1,10,50,59,0,0.32,0,0.5,
System_Failure,rf_19_raw_window,42,10,234,220,1,10,51,60,0,0.16,0,0.5,
System_Failure,rf_19_raw_window,42,10,235,221,1,10,0,9,1,0.9166666666666666,1,0.5,
System_Failure,rf_19_raw_window,42,10,235,221,1,10,1,10,1,0.93,1,0.5,
System_Failure,rf_19_raw_window,42,10,235,221,1,10,2,11,1,0.9233333333333333,1,0.5,
System_Failure,rf_19_raw_window,42,10,235,221,1,10,3,12,1,0.8166666666666667,1,0.5,
System_Failure,rf_19_raw_window,42,10,235,221,1,10,4,13,1,0.48333333333333334,0,0.5,
System_Failure,rf_19_raw_window,42,10,235,221,1,10,5,14,0,0.21666666666666667,0,0.5,
System_Failure,rf_19_raw_window,42,10,235,221,1,10,6,15,0,0.14,0,0.5,
System_Failure,rf_19_raw_window,42,10,235,221,1,10,7,16,0,0.14666666666666667,0,0.5,
System_Failure,rf_19_raw_window,42,10,235,221,1,10,8,17,0,0.13333333333333333,0,0.5,
System_Failure,rf_19_raw_window,42,10,235,221,1,10,9,18,0,0.10666666666666667,0,0.5,
System_Failure,rf_19_raw_window,42,10,235,221,1,10,10,19,0,0.21333333333333335,0,0.5,
System_Failure,rf_19_raw_window,42,10,235,221,1,10,11,20,0,0.26666666666666666,0,0.5,
System_Failure,rf_19_raw_window,42,10,235,221,1,10,12,21,0,0.25,0,0.5,
System_Failure,rf_19_raw_window,42,10,235,221,1,10,13,22,0,0.21666666666666667,0,0.5,
System_Failure,rf_19_raw_window,42,10,235,221,1,10,14,23,0,0.25333333333333335,0,0.5,
System_Failure,rf_19_raw_window,42,10,235,221,1,10,15,24,0,0.19,0,0.5,
System_Failure,rf_19_raw_window,42,10,235,221,1,10,16,25,0,0.23666666666666666,0,0.5,
System_Failure,rf_19_raw_window,42,10,235,221,1,10,17,26,0,0.24333333333333335,0,0.5,
System_Failure,rf_19_raw_window,42,10,236,222,1,10,0,9,0,0.3233333333333333,0,0.5,
System_Failure,rf_19_raw_window,42,10,236,222,1,10,1,10,0,0.29333333333333333,0,0.5,
System_Failure,rf_19_raw_window,42,10,236,222,1,10,2,11,0,0.20666666666666667,0,0.5,
System_Failure,rf_19_raw_window,42,10,236,222,1,10,3,12,0,0.13666666666666666,0,0.5,
System_Failure,rf_19_raw_window,42,10,236,222,1,10,4,13,0,0.16,0,0.5,
System_Failure,rf_19_raw_window,42,10,236,222,1,10,5,14,0,0.20333333333333334,0,0.5,
System_Failure,rf_19_raw_window,42,10,236,222,1,10,6,15,0,0.22333333333333333,0,0.5,
System_Failure,rf_19_raw_window,42,10,236,222,1,10,7,16,0,0.2733333333333333,0,0.5,
System_Failure,rf_19_raw_window,42,10,236,222,1,10,8,17,0,0.23333333333333334,0,0.5,
System_Failure,rf_19_raw_window,42,10,236,222,1,10,9,18,0,0.21333333333333335,0,0.5,
System_Failure,rf_19_raw_window,42,10,236,222,1,10,10,19,0,0.26,0,0.5,
System_Failure,rf_19_raw_window,42,10,236,222,1,10,11,20,0,0.2733333333333333,0,0.5,
System_Failure,rf_19_raw_window,42,10,236,222,1,10,12,21,0,0.24666666666666667,0,0.5,
System_Failure,rf_19_raw_window,42,10,236,222,1,10,13,22,0,0.24,0,0.5,
System_Failure,rf_19_raw_window,42,10,236,222,1,10,14,23,0,0.26,0,0.5,
System_Failure,rf_19_raw_window,42,10,237,223,1,10,0,9,1,0.8,1,0.5,
System_Failure,rf_19_raw_window,42,10,237,223,1,10,1,10,1,0.8533333333333334,1,0.5,
System_Failure,rf_19_raw_window,42,10,237,223,1,10,2,11,1,0.8466666666666667,1,0.5,
System_Failure,rf_19_raw_window,42,10,237,223,1,10,3,12,1,0.8833333333333333,1,0.5,
System_Failure,rf_19_raw_window,42,10,237,223,1,10,4,13,1,0.8733333333333333,1,0.5,
System_Failure,rf_19_raw_window,42,10,237,223,1,10,5,14,1,0.75,1,0.5,
System_Failure,rf_19_raw_window,42,10,237,223,1,10,6,15,1,0.68,1,0.5,
System_Failure,rf_19_raw_window,42,10,237,223,1,10,7,16,1,0.59,1,0.5,
System_Failure,rf_19_raw_window,42,10,237,223,1,10,8,17,1,0.44,0,0.5,
System_Failure,rf_19_raw_window,42,10,237,223,1,10,9,18,0,0.29333333333333333,0,0.5,
System_Failure,rf_19_raw_window,42,10,237,223,1,10,10,19,0,0.32,0,0.5,
System_Failure,rf_19_raw_window,42,10,237,223,1,10,11,20,0,0.26,0,0.5,
System_Failure,rf_19_raw_window,42,10,237,223,1,10,12,21,0,0.2866666666666667,0,0.5,
System_Failure,rf_19_raw_window,42,10,237,223,1,10,13,22,0,0.12666666666666668,0,0.5,
System_Failure,rf_19_raw_window,42,10,237,223,1,10,14,23,0,0.05333333333333334,0,0.5,
System_Failure,rf_19_raw_window,42,10,237,223,1,10,15,24,0,0.06,0,0.5,
System_Failure,rf_19_raw_window,42,10,237,223,1,10,16,25,0,0.2866666666666667,0,0.5,
System_Failure,rf_19_raw_window,42,10,237,223,1,10,17,26,0,0.23,0,0.5,
System_Failure,rf_19_raw_window,42,10,237,223,1,10,18,27,0,0.38,0,0.5,
System_Failure,rf_19_raw_window,42,10,237,223,1,10,19,28,0,0.36,0,0.5,
System_Failure,rf_19_raw_window,42,10,237,223,1,10,20,29,0,0.2,0,0.5,
System_Failure,rf_19_raw_window,42,10,237,223,1,10,21,30,0,0.15666666666666668,0,0.5,
System_Failure,rf_19_raw_window,42,10,237,223,1,10,22,31,0,0.15333333333333332,0,0.5,
System_Failure,rf_19_raw_window,42,10,237,223,1,10,23,32,0,0.2,0,0.5,
System_Failure,rf_19_raw_window,42,10,237,223,1,10,24,33,0,0.18666666666666668,0,0.5,
System_Failure,rf_19_raw_window,42,10,237,223,1,10,25,34,0,0.19666666666666666,0,0.5,
System_Failure,rf_19_raw_window,42,10,237,223,1,10,26,35,1,0.43666666666666665,0,0.5,
System_Failure,rf_19_raw_window,42,10,237,223,1,10,27,36,1,0.5466666666666666,1,0.5,
System_Failure,rf_19_raw_window,42,10,237,223,1,10,28,37,1,0.5433333333333333,1,0.5,
System_Failure,rf_19_raw_window,42,10,237,223,1,10,29,38,1,0.6033333333333334,1,0.5,
System_Failure,rf_19_raw_window,42,10,237,223,1,10,30,39,1,0.6033333333333334,1,0.5,
System_Failure,rf_19_raw_window,42,10,237,223,1,10,31,40,1,0.5933333333333334,1,0.5,
System_Failure,rf_19_raw_window,42,10,237,223,1,10,32,41,1,0.53,1,0.5,
System_Failure,rf_19_raw_window,42,10,237,223,1,10,33,42,1,0.53,1,0.5,
System_Failure,rf_19_raw_window,42,10,237,223,1,10,34,43,1,0.44,0,0.5,
System_Failure,rf_19_raw_window,42,10,237,223,1,10,35,44,1,0.44,0,0.5,
System_Failure,rf_19_raw_window,42,10,237,223,1,10,36,45,1,0.41333333333333333,0,0.5,
System_Failure,rf_19_raw_window,42,10,237,223,1,10,37,46,1,0.10666666666666667,0,0.5,
System_Failure,rf_19_raw_window,42,10,237,223,1,10,38,47,1,0.16666666666666666,0,0.5,
System_Failure,rf_19_raw_window,42,10,237,223,1,10,39,48,0,0.04,0,0.5,
System_Failure,rf_19_raw_window,42,10,237,223,1,10,40,49,0,0.04,0,0.5,
System_Failure,rf_19_raw_window,42,10,237,223,1,10,41,50,0,0.05,0,0.5,
System_Failure,rf_19_raw_window,42,10,237,223,1,10,42,51,0,0.06333333333333334,0,0.5,
System_Failure,rf_19_raw_window,42,10,238,224,1,10,0,9,0,0.35,0,0.5,
System_Failure,rf_19_raw_window,42,10,238,224,1,10,1,10,0,0.21,0,0.5,
System_Failure,rf_19_raw_window,42,10,238,224,1,10,2,11,0,0.24333333333333335,0,0.5,
System_Failure,rf_19_raw_window,42,10,238,224,1,10,3,12,0,0.17333333333333334,0,0.5,
System_Failure,rf_19_raw_window,42,10,238,224,1,10,4,13,0,0.16,0,0.5,
System_Failure,rf_19_raw_window,42,10,238,224,1,10,5,14,0,0.15666666666666668,0,0.5,
System_Failure,rf_19_raw_window,42,10,238,224,1,10,6,15,0,0.18333333333333332,0,0.5,
System_Failure,rf_19_raw_window,42,10,238,224,1,10,7,16,0,0.22,0,0.5,
System_Failure,rf_19_raw_window,42,10,238,224,1,10,8,17,0,0.21,0,0.5,
System_Failure,rf_19_raw_window,42,10,238,224,1,10,9,18,0,0.24,0,0.5,
System_Failure,rf_19_raw_window,42,10,238,224,1,10,10,19,0,0.27,0,0.5,
System_Failure,rf_19_raw_window,42,10,238,224,1,10,11,20,0,0.2633333333333333,0,0.5,
System_Failure,rf_19_raw_window,42,10,238,224,1,10,12,21,0,0.2833333333333333,0,0.5,
System_Failure,rf_19_raw_window,42,10,238,224,1,10,13,22,0,0.3433333333333333,0,0.5,
System_Failure,rf_19_raw_window,42,10,238,224,1,10,14,23,0,0.36333333333333334,0,0.5,
System_Failure,rf_19_raw_window,42,10,239,225,1,10,0,9,1,0.89,1,0.5,
System_Failure,rf_19_raw_window,42,10,239,225,1,10,1,10,1,0.8833333333333333,1,0.5,
System_Failure,rf_19_raw_window,42,10,239,225,1,10,2,11,1,0.83,1,0.5,
System_Failure,rf_19_raw_window,42,10,239,225,1,10,3,12,1,0.8166666666666667,1,0.5,
System_Failure,rf_19_raw_window,42,10,239,225,1,10,4,13,1,0.6733333333333333,1,0.5,
System_Failure,rf_19_raw_window,42,10,239,225,1,10,5,14,1,0.5666666666666667,1,0.5,
System_Failure,rf_19_raw_window,42,10,239,225,1,10,6,15,1,0.36666666666666664,0,0.5,
System_Failure,rf_19_raw_window,42,10,239,225,1,10,7,16,0,0.30666666666666664,0,0.5,
System_Failure,rf_19_raw_window,42,10,239,225,1,10,8,17,0,0.5433333333333333,1,0.5,
System_Failure,rf_19_raw_window,42,10,239,225,1,10,9,18,0,0.5233333333333333,1,0.5,
System_Failure,rf_19_raw_window,42,10,239,225,1,10,10,19,0,0.5233333333333333,1,0.5,
System_Failure,rf_19_raw_window,42,10,239,225,1,10,11,20,0,0.2633333333333333,0,0.5,
System_Failure,rf_19_raw_window,42,10,239,225,1,10,12,21,0,0.25,0,0.5,
System_Failure,rf_19_raw_window,42,10,239,225,1,10,13,22,0,0.25666666666666665,0,0.5,
System_Failure,rf_19_raw_window,42,10,239,225,1,10,14,23,0,0.56,1,0.5,
System_Failure,rf_19_raw_window,42,10,239,225,1,10,15,24,0,0.55,1,0.5,
System_Failure,rf_19_raw_window,42,10,239,225,1,10,16,25,0,0.67,1,0.5,
System_Failure,rf_19_raw_window,42,10,239,225,1,10,17,26,0,0.5733333333333334,1,0.5,
System_Failure,rf_19_raw_window,42,10,239,225,1,10,18,27,0,0.4533333333333333,0,0.5,
System_Failure,rf_19_raw_window,42,10,239,225,1,10,19,28,0,0.37666666666666665,0,0.5,
System_Failure,rf_19_raw_window,42,10,239,225,1,10,20,29,0,0.3233333333333333,0,0.5,
System_Failure,rf_19_raw_window,42,10,239,225,1,10,21,30,0,0.30666666666666664,0,0.5,
System_Failure,rf_19_raw_window,42,10,239,225,1,10,22,31,0,0.38666666666666666,0,0.5,
System_Failure,rf_19_raw_window,42,10,239,225,1,10,23,32,0,0.24333333333333335,0,0.5,
System_Failure,rf_19_raw_window,42,10,239,225,1,10,24,33,0,0.23333333333333334,0,0.5,
System_Failure,rf_19_raw_window,42,10,239,225,1,10,25,34,0,0.2866666666666667,0,0.5,
System_Failure,rf_19_raw_window,42,10,239,225,1,10,26,35,0,0.26666666666666666,0,0.5,
System_Failure,rf_19_raw_window,42,10,239,225,1,10,27,36,0,0.26666666666666666,0,0.5,
System_Failure,rf_19_raw_window,42,10,239,225,1,10,28,37,0,0.24666666666666667,0,0.5,
System_Failure,rf_19_raw_window,42,10,239,225,1,10,29,38,0,0.38333333333333336,0,0.5,
System_Failure,rf_19_raw_window,42,10,239,225,1,10,30,39,0,0.36,0,0.5,
System_Failure,rf_19_raw_window,42,10,239,225,1,10,31,40,0,0.39,0,0.5,
System_Failure,rf_19_raw_window,42,10,239,225,1,10,32,41,0,0.43333333333333335,0,0.5,
System_Failure,rf_19_raw_window,42,10,239,225,1,10,33,42,0,0.4866666666666667,0,0.5,
System_Failure,rf_19_raw_window,42,10,240,226,1,10,0,9,1,0.8033333333333333,1,0.5,
System_Failure,rf_19_raw_window,42,10,240,226,1,10,1,10,1,0.8833333333333333,1,0.5,
System_Failure,rf_19_raw_window,42,10,240,226,1,10,2,11,1,0.8433333333333334,1,0.5,
System_Failure,rf_19_raw_window,42,10,240,226,1,10,3,12,1,0.8633333333333333,1,0.5,
System_Failure,rf_19_raw_window,42,10,240,226,1,10,4,13,1,0.75,1,0.5,
System_Failure,rf_19_raw_window,42,10,240,226,1,10,5,14,1,0.5233333333333333,1,0.5,
System_Failure,rf_19_raw_window,42,10,240,226,1,10,6,15,0,0.14666666666666667,0,0.5,
System_Failure,rf_19_raw_window,42,10,240,226,1,10,7,16,0,0.16333333333333333,0,0.5,
System_Failure,rf_19_raw_window,42,10,240,226,1,10,8,17,0,0.12666666666666668,0,0.5,
System_Failure,rf_19_raw_window,42,10,240,226,1,10,9,18,0,0.08666666666666667,0,0.5,
System_Failure,rf_19_raw_window,42,10,240,226,1,10,10,19,0,0.06333333333333334,0,0.5,
System_Failure,rf_19_raw_window,42,10,240,226,1,10,11,20,0,0.04,0,0.5,
System_Failure,rf_19_raw_window,42,10,240,226,1,10,12,21,0,0.11666666666666667,0,0.5,
System_Failure,rf_19_raw_window,42,10,240,226,1,10,13,22,0,0.08666666666666667,0,0.5,
System_Failure,rf_19_raw_window,42,10,240,226,1,10,14,23,0,0.08,0,0.5,
System_Failure,rf_19_raw_window,42,10,240,226,1,10,15,24,0,0.08666666666666667,0,0.5,
System_Failure,rf_19_raw_window,42,10,240,226,1,10,16,25,0,0.08666666666666667,0,0.5,
System_Failure,rf_19_raw_window,42,10,240,226,1,10,17,26,0,0.3333333333333333,0,0.5,
System_Failure,rf_19_raw_window,42,10,240,226,1,10,18,27,0,0.33,0,0.5,
System_Failure,rf_19_raw_window,42,10,240,226,1,10,19,28,0,0.41,0,0.5,
System_Failure,rf_19_raw_window,42,10,240,226,1,10,20,29,0,0.2633333333333333,0,0.5,
System_Failure,rf_19_raw_window,42,10,240,226,1,10,21,30,0,0.27666666666666667,0,0.5,
System_Failure,rf_19_raw_window,42,10,240,226,1,10,22,31,0,0.21,0,0.5,
System_Failure,rf_19_raw_window,42,10,240,226,1,10,23,32,0,0.14333333333333334,0,0.5,
System_Failure,rf_19_raw_window,42,10,240,226,1,10,24,33,0,0.16,0,0.5,
System_Failure,rf_19_raw_window,42,10,240,226,1,10,25,34,0,0.23,0,0.5,
System_Failure,rf_19_raw_window,42,10,240,226,1,10,26,35,0,0.16333333333333333,0,0.5,
System_Failure,rf_19_raw_window,42,10,240,226,1,10,27,36,0,0.19666666666666666,0,0.5,
System_Failure,rf_19_raw_window,42,10,240,226,1,10,28,37,0,0.24666666666666667,0,0.5,
System_Failure,rf_19_raw_window,42,10,240,226,1,10,29,38,0,0.3466666666666667,0,0.5,
System_Failure,rf_19_raw_window,42,10,240,226,1,10,30,39,0,0.26666666666666666,0,0.5,
System_Failure,rf_19_raw_window,42,10,240,226,1,10,31,40,0,0.24,0,0.5,
System_Failure,rf_19_raw_window,42,10,240,226,1,10,32,41,0,0.25333333333333335,0,0.5,
System_Failure,rf_19_raw_window,42,10,240,226,1,10,33,42,0,0.26,0,0.5,
System_Failure,rf_19_raw_window,42,10,240,226,1,10,34,43,0,0.30666666666666664,0,0.5,
System_Failure,rf_19_raw_window,42,10,240,226,1,10,35,44,0,0.3566666666666667,0,0.5,
System_Failure,rf_19_raw_window,42,10,240,226,1,10,36,45,0,0.49666666666666665,0,0.5,
System_Failure,rf_19_raw_window,42,10,241,227,1,10,0,9,0,0.30333333333333334,0,0.5,
System_Failure,rf_19_raw_window,42,10,241,227,1,10,1,10,0,0.18666666666666668,0,0.5,
System_Failure,rf_19_raw_window,42,10,241,227,1,10,2,11,0,0.22666666666666666,0,0.5,
System_Failure,rf_19_raw_window,42,10,241,227,1,10,3,12,0,0.24333333333333335,0,0.5,
System_Failure,rf_19_raw_window,42,10,241,227,1,10,4,13,0,0.22,0,0.5,
System_Failure,rf_19_raw_window,42,10,241,227,1,10,5,14,0,0.24333333333333335,0,0.5,
System_Failure,rf_19_raw_window,42,10,241,227,1,10,6,15,0,0.28,0,0.5,
System_Failure,rf_19_raw_window,42,10,241,227,1,10,7,16,0,0.37333333333333335,0,0.5,
System_Failure,rf_19_raw_window,42,10,241,227,1,10,8,17,0,0.27666666666666667,0,0.5,
System_Failure,rf_19_raw_window,42,10,241,227,1,10,9,18,0,0.32,0,0.5,
System_Failure,rf_19_raw_window,42,10,241,227,1,10,10,19,0,0.36333333333333334,0,0.5,
System_Failure,rf_19_raw_window,42,10,241,227,1,10,11,20,0,0.2733333333333333,0,0.5,
System_Failure,rf_19_raw_window,42,10,241,227,1,10,12,21,0,0.3933333333333333,0,0.5,
System_Failure,rf_19_raw_window,42,10,241,227,1,10,13,22,0,0.35333333333333333,0,0.5,
System_Failure,rf_19_raw_window,42,10,241,227,1,10,14,23,0,0.36666666666666664,0,0.5,
System_Failure,rf_19_raw_window,42,10,242,228,1,10,0,9,1,0.5966666666666667,1,0.5,
System_Failure,rf_19_raw_window,42,10,242,228,1,10,1,10,1,0.59,1,0.5,
System_Failure,rf_19_raw_window,42,10,242,228,1,10,2,11,1,0.6666666666666666,1,0.5,
System_Failure,rf_19_raw_window,42,10,242,228,1,10,3,12,1,0.7233333333333334,1,0.5,
System_Failure,rf_19_raw_window,42,10,242,228,1,10,4,13,1,0.5766666666666667,1,0.5,
System_Failure,rf_19_raw_window,42,10,242,228,1,10,5,14,1,0.3,0,0.5,
System_Failure,rf_19_raw_window,42,10,242,228,1,10,6,15,0,0.31,0,0.5,
System_Failure,rf_19_raw_window,42,10,242,228,1,10,7,16,0,0.27666666666666667,0,0.5,
System_Failure,rf_19_raw_window,42,10,242,228,1,10,8,17,0,0.23,0,0.5,
System_Failure,rf_19_raw_window,42,10,242,228,1,10,9,18,0,0.1,0,0.5,
System_Failure,rf_19_raw_window,42,10,242,228,1,10,10,19,0,0.03,0,0.5,
System_Failure,rf_19_raw_window,42,10,242,228,1,10,11,20,0,0.18333333333333332,0,0.5,
System_Failure,rf_19_raw_window,42,10,242,228,1,10,12,21,0,0.21,0,0.5,
System_Failure,rf_19_raw_window,42,10,242,228,1,10,13,22,0,0.26666666666666666,0,0.5,
System_Failure,rf_19_raw_window,42,10,242,228,1,10,14,23,0,0.41,0,0.5,
System_Failure,rf_19_raw_window,42,10,242,228,1,10,15,24,0,0.29333333333333333,0,0.5,
System_Failure,rf_19_raw_window,42,10,242,228,1,10,16,25,0,0.31666666666666665,0,0.5,
System_Failure,rf_19_raw_window,42,10,242,228,1,10,17,26,0,0.32666666666666666,0,0.5,
System_Failure,rf_19_raw_window,42,10,242,228,1,10,18,27,0,0.3466666666666667,0,0.5,
System_Failure,rf_19_raw_window,42,10,242,228,1,10,19,28,0,0.39,0,0.5,
System_Failure,rf_19_raw_window,42,10,242,228,1,10,20,29,0,0.4866666666666667,0,0.5,
System_Failure,rf_19_raw_window,42,10,242,228,1,10,21,30,0,0.23,0,0.5,
System_Failure,rf_19_raw_window,42,10,242,228,1,10,22,31,0,0.11666666666666667,0,0.5,
System_Failure,rf_19_raw_window,42,10,242,228,1,10,23,32,0,0.11333333333333333,0,0.5,
System_Failure,rf_19_raw_window,42,10,242,228,1,10,24,33,0,0.12333333333333334,0,0.5,
System_Failure,rf_19_raw_window,42,10,242,228,1,10,25,34,0,0.18,0,0.5,
System_Failure,rf_19_raw_window,42,10,242,228,1,10,26,35,0,0.20666666666666667,0,0.5,
System_Failure,rf_19_raw_window,42,10,242,228,1,10,27,36,0,0.19,0,0.5,
System_Failure,rf_19_raw_window,42,10,242,228,1,10,28,37,0,0.23,0,0.5,
System_Failure,rf_19_raw_window,42,10,242,228,1,10,29,38,0,0.22666666666666666,0,0.5,
System_Failure,rf_19_raw_window,42,10,242,228,1,10,30,39,0,0.2833333333333333,0,0.5,
System_Failure,rf_19_raw_window,42,10,242,228,1,10,31,40,0,0.41333333333333333,0,0.5,
System_Failure,rf_19_raw_window,42,10,242,228,1,10,32,41,0,0.5333333333333333,1,0.5,
System_Failure,rf_19_raw_window,42,10,242,228,1,10,33,42,0,0.12,0,0.5,
System_Failure,rf_19_raw_window,42,10,242,228,1,10,34,43,0,0.08333333333333333,0,0.5,
System_Failure,rf_19_raw_window,42,10,242,228,1,10,35,44,0,0.03666666666666667,0,0.5,
System_Failure,rf_19_raw_window,42,10,242,228,1,10,36,45,0,0.023333333333333334,0,0.5,
System_Failure,rf_19_raw_window,42,10,242,228,1,10,37,46,0,0.02,0,0.5,
System_Failure,rf_19_raw_window,42,10,242,228,1,10,38,47,0,0.02,0,0.5,
System_Failure,rf_19_raw_window,42,10,242,228,1,10,39,48,0,0.02,0,0.5,
System_Failure,rf_19_raw_window,42,10,242,228,1,10,40,49,0,0.023333333333333334,0,0.5,
System_Failure,rf_19_raw_window,42,10,242,228,1,10,41,50,0,0.02,0,0.5,
System_Failure,rf_19_raw_window,42,10,242,228,1,10,42,51,0,0.02,0,0.5,
System_Failure,rf_19_raw_window,42,10,243,229,1,10,0,9,0,0.4666666666666667,0,0.5,
System_Failure,rf_19_raw_window,42,10,243,229,1,10,1,10,0,0.37666666666666665,0,0.5,
System_Failure,rf_19_raw_window,42,10,243,229,1,10,2,11,0,0.23333333333333334,0,0.5,
System_Failure,rf_19_raw_window,42,10,243,229,1,10,3,12,0,0.24666666666666667,0,0.5,
System_Failure,rf_19_raw_window,42,10,243,229,1,10,4,13,0,0.23333333333333334,0,0.5,
System_Failure,rf_19_raw_window,42,10,243,229,1,10,5,14,0,0.25,0,0.5,
System_Failure,rf_19_raw_window,42,10,243,229,1,10,6,15,0,0.18333333333333332,0,0.5,
System_Failure,rf_19_raw_window,42,10,243,229,1,10,7,16,0,0.21333333333333335,0,0.5,
System_Failure,rf_19_raw_window,42,10,243,229,1,10,8,17,0,0.24,0,0.5,
System_Failure,rf_19_raw_window,42,10,243,229,1,10,9,18,0,0.16666666666666666,0,0.5,
System_Failure,rf_19_raw_window,42,10,243,229,1,10,10,19,0,0.12,0,0.5,
System_Failure,rf_19_raw_window,42,10,243,229,1,10,11,20,0,0.11666666666666667,0,0.5,
System_Failure,rf_19_raw_window,42,10,243,229,1,10,12,21,0,0.18666666666666668,0,0.5,
System_Failure,rf_19_raw_window,42,10,243,229,1,10,13,22,0,0.24,0,0.5,
System_Failure,rf_19_raw_window,42,10,243,229,1,10,14,23,0,0.25,0,0.5,
System_Failure,rf_19_raw_window,42,10,243,229,1,10,15,24,0,0.2633333333333333,0,0.5,
System_Failure,rf_19_raw_window,42,10,245,230,1,10,0,9,0,0.43,0,0.5,
System_Failure,rf_19_raw_window,42,10,245,230,1,10,1,10,0,0.24666666666666667,0,0.5,
System_Failure,rf_19_raw_window,42,10,245,230,1,10,2,11,0,0.23333333333333334,0,0.5,
System_Failure,rf_19_raw_window,42,10,245,230,1,10,3,12,0,0.18666666666666668,0,0.5,
System_Failure,rf_19_raw_window,42,10,245,230,1,10,4,13,0,0.16666666666666666,0,0.5,
System_Failure,rf_19_raw_window,42,10,245,230,1,10,5,14,0,0.18333333333333332,0,0.5,
System_Failure,rf_19_raw_window,42,10,245,230,1,10,6,15,0,0.19333333333333333,0,0.5,
System_Failure,rf_19_raw_window,42,10,245,230,1,10,7,16,0,0.20333333333333334,0,0.5,
System_Failure,rf_19_raw_window,42,10,245,230,1,10,8,17,0,0.22666666666666666,0,0.5,
System_Failure,rf_19_raw_window,42,10,245,230,1,10,9,18,0,0.20666666666666667,0,0.5,
System_Failure,rf_19_raw_window,42,10,245,230,1,10,10,19,0,0.18333333333333332,0,0.5,
System_Failure,rf_19_raw_window,42,10,245,230,1,10,11,20,0,0.18666666666666668,0,0.5,
System_Failure,rf_19_raw_window,42,10,245,230,1,10,12,21,0,0.24666666666666667,0,0.5,
System_Failure,rf_19_raw_window,42,10,245,230,1,10,13,22,0,0.2833333333333333,0,0.5,
System_Failure,rf_19_raw_window,42,10,245,230,1,10,14,23,0,0.26666666666666666,0,0.5,
System_Failure,rf_19_raw_window,42,10,246,231,1,10,0,9,1,0.9266666666666666,1,0.5,
System_Failure,rf_19_raw_window,42,10,246,231,1,10,1,10,1,0.83,1,0.5,
System_Failure,rf_19_raw_window,42,10,246,231,1,10,2,11,1,0.8866666666666667,1,0.5,
System_Failure,rf_19_raw_window,42,10,246,231,1,10,3,12,1,0.8533333333333334,1,0.5,
System_Failure,rf_19_raw_window,42,10,246,231,1,10,4,13,1,0.82,1,0.5,
System_Failure,rf_19_raw_window,42,10,246,231,1,10,5,14,1,0.79,1,0.5,
System_Failure,rf_19_raw_window,42,10,246,231,1,10,6,15,0,0.78,1,0.5,
System_Failure,rf_19_raw_window,42,10,246,231,1,10,7,16,0,0.8066666666666666,1,0.5,
System_Failure,rf_19_raw_window,42,10,246,231,1,10,8,17,0,0.7833333333333333,1,0.5,
System_Failure,rf_19_raw_window,42,10,246,231,1,10,9,18,0,0.77,1,0.5,
System_Failure,rf_19_raw_window,42,10,246,231,1,10,10,19,0,0.7466666666666667,1,0.5,
System_Failure,rf_19_raw_window,42,10,246,231,1,10,11,20,0,0.56,1,0.5,
System_Failure,rf_19_raw_window,42,10,246,231,1,10,12,21,0,0.4633333333333333,0,0.5,
System_Failure,rf_19_raw_window,42,10,246,231,1,10,13,22,0,0.37333333333333335,0,0.5,
System_Failure,rf_19_raw_window,42,10,246,231,1,10,14,23,0,0.09,0,0.5,
System_Failure,rf_19_raw_window,42,10,246,231,1,10,15,24,0,0.07333333333333333,0,0.5,
System_Failure,rf_19_raw_window,42,10,246,231,1,10,16,25,0,0.07,0,0.5,
System_Failure,rf_19_raw_window,42,10,246,231,1,10,17,26,0,0.2733333333333333,0,0.5,
System_Failure,rf_19_raw_window,42,10,246,231,1,10,18,27,0,0.22666666666666666,0,0.5,
System_Failure,rf_19_raw_window,42,10,246,231,1,10,19,28,0,0.31666666666666665,0,0.5,
System_Failure,rf_19_raw_window,42,10,246,231,1,10,20,29,0,0.26666666666666666,0,0.5,
System_Failure,rf_19_raw_window,42,10,246,231,1,10,21,30,0,0.23333333333333334,0,0.5,
System_Failure,rf_19_raw_window,42,10,246,231,1,10,22,31,0,0.25666666666666665,0,0.5,
System_Failure,rf_19_raw_window,42,10,246,231,1,10,23,32,0,0.15666666666666668,0,0.5,
System_Failure,rf_19_raw_window,42,10,246,231,1,10,24,33,0,0.22,0,0.5,
System_Failure,rf_19_raw_window,42,10,246,231,1,10,25,34,0,0.31333333333333335,0,0.5,
System_Failure,rf_19_raw_window,42,10,246,231,1,10,26,35,0,0.3233333333333333,0,0.5,
System_Failure,rf_19_raw_window,42,10,246,231,1,10,27,36,0,0.2833333333333333,0,0.5,
System_Failure,rf_19_raw_window,42,10,246,231,1,10,28,37,0,0.4633333333333333,0,0.5,
System_Failure,rf_19_raw_window,42,10,246,231,1,10,29,38,0,0.5166666666666667,1,0.5,
System_Failure,rf_19_raw_window,42,10,246,231,1,10,30,39,0,0.5466666666666666,1,0.5,
System_Failure,rf_19_raw_window,42,10,246,231,1,10,31,40,0,0.57,1,0.5,
System_Failure,rf_19_raw_window,42,10,246,231,1,10,32,41,0,0.5066666666666667,1,0.5,
System_Failure,rf_19_raw_window,42,10,246,231,1,10,33,42,0,0.5233333333333333,1,0.5,
System_Failure,rf_19_raw_window,42,10,246,231,1,10,34,43,0,0.48,0,0.5,
System_Failure,rf_19_raw_window,42,10,246,231,1,10,35,44,0,0.43333333333333335,0,0.5,
System_Failure,rf_19_raw_window,42,10,246,231,1,10,36,45,0,0.37333333333333335,0,0.5,
System_Failure,rf_19_raw_window,42,10,246,231,1,10,37,46,0,0.2866666666666667,0,0.5,
System_Failure,rf_19_raw_window,42,10,246,231,1,10,38,47,0,0.08,0,0.5,
System_Failure,rf_19_raw_window,42,10,246,231,1,10,39,48,0,0.14666666666666667,0,0.5,
System_Failure,rf_19_raw_window,42,10,247,232,1,10,0,9,1,0.85,1,0.5,
System_Failure,rf_19_raw_window,42,10,247,232,1,10,1,10,1,0.8733333333333333,1,0.5,
System_Failure,rf_19_raw_window,42,10,247,232,1,10,2,11,1,0.89,1,0.5,
System_Failure,rf_19_raw_window,42,10,247,232,1,10,3,12,1,0.9,1,0.5,
System_Failure,rf_19_raw_window,42,10,247,232,1,10,4,13,1,0.6666666666666666,1,0.5,
System_Failure,rf_19_raw_window,42,10,247,232,1,10,5,14,1,0.5633333333333334,1,0.5,
System_Failure,rf_19_raw_window,42,10,247,232,1,10,6,15,0,0.4533333333333333,0,0.5,
System_Failure,rf_19_raw_window,42,10,247,232,1,10,7,16,0,0.3566666666666667,0,0.5,
System_Failure,rf_19_raw_window,42,10,247,232,1,10,8,17,1,0.26666666666666666,0,0.5,
System_Failure,rf_19_raw_window,42,10,247,232,1,10,9,18,1,0.5933333333333334,1,0.5,
System_Failure,rf_19_raw_window,42,10,247,232,1,10,10,19,1,0.5066666666666667,1,0.5,
System_Failure,rf_19_raw_window,42,10,247,232,1,10,11,20,1,0.36333333333333334,0,0.5,
System_Failure,rf_19_raw_window,42,10,247,232,1,10,12,21,1,0.33666666666666667,0,0.5,
System_Failure,rf_19_raw_window,42,10,247,232,1,10,13,22,1,0.3466666666666667,0,0.5,
System_Failure,rf_19_raw_window,42,10,247,232,1,10,14,23,1,0.33,0,0.5,
System_Failure,rf_19_raw_window,42,10,247,232,1,10,15,24,1,0.33,0,0.5,
System_Failure,rf_19_raw_window,42,10,247,232,1,10,16,25,1,0.33666666666666667,0,0.5,
System_Failure,rf_19_raw_window,42,10,247,232,1,10,17,26,1,0.3433333333333333,0,0.5,
System_Failure,rf_19_raw_window,42,10,247,232,1,10,18,27,0,0.37333333333333335,0,0.5,
System_Failure,rf_19_raw_window,42,10,247,232,1,10,19,28,0,0.05333333333333334,0,0.5,
System_Failure,rf_19_raw_window,42,10,247,232,1,10,20,29,0,0.03333333333333333,0,0.5,
System_Failure,rf_19_raw_window,42,10,247,232,1,10,21,30,0,0.03333333333333333,0,0.5,
System_Failure,rf_19_raw_window,42,10,247,232,1,10,22,31,0,0.03,0,0.5,
System_Failure,rf_19_raw_window,42,10,247,232,1,10,23,32,0,0.03,0,0.5,
System_Failure,rf_19_raw_window,42,10,247,232,1,10,24,33,0,0.03,0,0.5,
System_Failure,rf_19_raw_window,42,10,247,232,1,10,25,34,0,0.03,0,0.5,
System_Failure,rf_19_raw_window,42,10,247,232,1,10,26,35,0,0.02666666666666667,0,0.5,
System_Failure,rf_19_raw_window,42,10,247,232,1,10,27,36,0,0.10333333333333333,0,0.5,
System_Failure,rf_19_raw_window,42,10,247,232,1,10,28,37,0,0.17333333333333334,0,0.5,
System_Failure,rf_19_raw_window,42,10,247,232,1,10,29,38,0,0.3233333333333333,0,0.5,
System_Failure,rf_19_raw_window,42,10,247,232,1,10,30,39,0,0.38666666666666666,0,0.5,
System_Failure,rf_19_raw_window,42,10,247,232,1,10,31,40,0,0.25666666666666665,0,0.5,
System_Failure,rf_19_raw_window,42,10,247,232,1,10,32,41,0,0.16666666666666666,0,0.5,
System_Failure,rf_19_raw_window,42,10,247,232,1,10,33,42,0,0.17,0,0.5,
System_Failure,rf_19_raw_window,42,10,247,232,1,10,34,43,0,0.20666666666666667,0,0.5,
System_Failure,rf_19_raw_window,42,10,247,232,1,10,35,44,0,0.23333333333333334,0,0.5,
System_Failure,rf_19_raw_window,42,10,247,232,1,10,36,45,0,0.21333333333333335,0,0.5,
System_Failure,rf_19_raw_window,42,10,247,232,1,10,37,46,0,0.21,0,0.5,
System_Failure,rf_19_raw_window,42,10,247,232,1,10,38,47,0,0.23333333333333334,0,0.5,
System_Failure,rf_19_raw_window,42,10,247,232,1,10,39,48,0,0.33,0,0.5,
System_Failure,rf_19_raw_window,42,10,247,232,1,10,40,49,0,0.25,0,0.5,
System_Failure,rf_19_raw_window,42,10,247,232,1,10,41,50,0,0.38,0,0.5,
System_Failure,rf_19_raw_window,42,10,247,232,1,10,42,51,0,0.37666666666666665,0,0.5,
System_Failure,rf_19_raw_window,42,10,247,232,1,10,43,52,0,0.45,0,0.5,
System_Failure,rf_19_raw_window,42,10,247,232,1,10,44,53,0,0.4166666666666667,0,0.5,
System_Failure,rf_19_raw_window,42,10,247,232,1,10,45,54,0,0.41,0,0.5,
System_Failure,rf_19_raw_window,42,10,248,233,1,10,0,9,0,0.3,0,0.5,
System_Failure,rf_19_raw_window,42,10,248,233,1,10,1,10,0,0.18,0,0.5,
System_Failure,rf_19_raw_window,42,10,248,233,1,10,2,11,0,0.19,0,0.5,
System_Failure,rf_19_raw_window,42,10,248,233,1,10,3,12,0,0.14,0,0.5,
System_Failure,rf_19_raw_window,42,10,248,233,1,10,4,13,0,0.19666666666666666,0,0.5,
System_Failure,rf_19_raw_window,42,10,248,233,1,10,5,14,0,0.17666666666666667,0,0.5,
System_Failure,rf_19_raw_window,42,10,248,233,1,10,6,15,0,0.16333333333333333,0,0.5,
System_Failure,rf_19_raw_window,42,10,248,233,1,10,7,16,0,0.18,0,0.5,
System_Failure,rf_19_raw_window,42,10,248,233,1,10,8,17,0,0.21666666666666667,0,0.5,
System_Failure,rf_19_raw_window,42,10,248,233,1,10,9,18,0,0.16333333333333333,0,0.5,
System_Failure,rf_19_raw_window,42,10,248,233,1,10,10,19,0,0.22666666666666666,0,0.5,
System_Failure,rf_19_raw_window,42,10,248,233,1,10,11,20,0,0.23666666666666666,0,0.5,
System_Failure,rf_19_raw_window,42,10,248,233,1,10,12,21,0,0.28,0,0.5,
System_Failure,rf_19_raw_window,42,10,248,233,1,10,13,22,0,0.31333333333333335,0,0.5,
System_Failure,rf_19_raw_window,42,10,248,233,1,10,14,23,0,0.30666666666666664,0,0.5,
System_Failure,rf_19_raw_window,42,10,249,234,1,10,0,9,1,0.71,1,0.5,
System_Failure,rf_19_raw_window,42,10,249,234,1,10,1,10,1,0.8133333333333334,1,0.5,
System_Failure,rf_19_raw_window,42,10,249,234,1,10,2,11,1,0.7966666666666666,1,0.5,
System_Failure,rf_19_raw_window,42,10,249,234,1,10,3,12,1,0.8366666666666667,1,0.5,
System_Failure,rf_19_raw_window,42,10,249,234,1,10,4,13,1,0.81,1,0.5,
System_Failure,rf_19_raw_window,42,10,249,234,1,10,5,14,1,0.7433333333333333,1,0.5,
System_Failure,rf_19_raw_window,42,10,249,234,1,10,6,15,1,0.77,1,0.5,
System_Failure,rf_19_raw_window,42,10,249,234,1,10,7,16,1,0.66,1,0.5,
System_Failure,rf_19_raw_window,42,10,249,234,1,10,8,17,0,0.56,1,0.5,
System_Failure,rf_19_raw_window,42,10,249,234,1,10,9,18,0,0.19,0,0.5,
System_Failure,rf_19_raw_window,42,10,249,234,1,10,10,19,0,0.05,0,0.5,
System_Failure,rf_19_raw_window,42,10,249,234,1,10,11,20,0,0.03333333333333333,0,0.5,
System_Failure,rf_19_raw_window,42,10,249,234,1,10,12,21,0,0.03,0,0.5,
System_Failure,rf_19_raw_window,42,10,249,234,1,10,13,22,0,0.13,0,0.5,
System_Failure,rf_19_raw_window,42,10,249,234,1,10,14,23,0,0.24333333333333335,0,0.5,
System_Failure,rf_19_raw_window,42,10,249,234,1,10,15,24,0,0.21666666666666667,0,0.5,
System_Failure,rf_19_raw_window,42,10,249,234,1,10,16,25,0,0.36666666666666664,0,0.5,
System_Failure,rf_19_raw_window,42,10,249,234,1,10,17,26,0,0.38,0,0.5,
System_Failure,rf_19_raw_window,42,10,249,234,1,10,18,27,0,0.3333333333333333,0,0.5,
System_Failure,rf_19_raw_window,42,10,249,234,1,10,19,28,0,0.26,0,0.5,
System_Failure,rf_19_raw_window,42,10,249,234,1,10,20,29,0,0.22,0,0.5,
System_Failure,rf_19_raw_window,42,10,249,234,1,10,21,30,0,0.28,0,0.5,
System_Failure,rf_19_raw_window,42,10,249,234,1,10,22,31,0,0.23666666666666666,0,0.5,
System_Failure,rf_19_raw_window,42,10,249,234,1,10,23,32,0,0.21666666666666667,0,0.5,
System_Failure,rf_19_raw_window,42,10,249,234,1,10,24,33,0,0.22333333333333333,0,0.5,
System_Failure,rf_19_raw_window,42,10,249,234,1,10,25,34,0,0.21,0,0.5,
System_Failure,rf_19_raw_window,42,10,249,234,1,10,26,35,0,0.23666666666666666,0,0.5,
System_Failure,rf_19_raw_window,42,10,249,234,1,10,27,36,0,0.2966666666666667,0,0.5,
System_Failure,rf_19_raw_window,42,10,249,234,1,10,28,37,0,0.27666666666666667,0,0.5,
System_Failure,rf_19_raw_window,42,10,249,234,1,10,29,38,0,0.43,0,0.5,
System_Failure,rf_19_raw_window,42,10,249,234,1,10,30,39,0,0.41333333333333333,0,0.5,
System_Failure,rf_19_raw_window,42,10,249,234,1,10,31,40,0,0.44333333333333336,0,0.5,
System_Failure,rf_19_raw_window,42,10,249,234,1,10,32,41,0,0.43666666666666665,0,0.5,
System_Failure,rf_19_raw_window,42,10,249,234,1,10,33,42,0,0.4533333333333333,0,0.5,
System_Failure,rf_19_raw_window,42,10,249,234,1,10,34,43,0,0.52,1,0.5,
System_Failure,rf_19_raw_window,42,10,249,234,1,10,35,44,0,0.1,0,0.5,
System_Failure,rf_19_raw_window,42,10,249,234,1,10,36,45,0,0.15333333333333332,0,0.5,
System_Failure,rf_19_raw_window,42,10,250,235,1,10,0,9,1,0.7833333333333333,1,0.5,
System_Failure,rf_19_raw_window,42,10,250,235,1,10,1,10,1,0.81,1,0.5,
System_Failure,rf_19_raw_window,42,10,250,235,1,10,2,11,1,0.8333333333333334,1,0.5,
System_Failure,rf_19_raw_window,42,10,250,235,1,10,3,12,1,0.7766666666666666,1,0.5,
System_Failure,rf_19_raw_window,42,10,250,235,1,10,4,13,1,0.7,1,0.5,
System_Failure,rf_19_raw_window,42,10,250,235,1,10,5,14,1,0.5766666666666667,1,0.5,
System_Failure,rf_19_raw_window,42,10,250,235,1,10,6,15,1,0.5233333333333333,1,0.5,
System_Failure,rf_19_raw_window,42,10,250,235,1,10,7,16,1,0.56,1,0.5,
System_Failure,rf_19_raw_window,42,10,250,235,1,10,8,17,1,0.5266666666666666,1,0.5,
System_Failure,rf_19_raw_window,42,10,250,235,1,10,9,18,1,0.14666666666666667,0,0.5,
System_Failure,rf_19_raw_window,42,10,250,235,1,10,10,19,1,0.11666666666666667,0,0.5,
System_Failure,rf_19_raw_window,42,10,250,235,1,10,11,20,0,0.14333333333333334,0,0.5,
System_Failure,rf_19_raw_window,42,10,250,235,1,10,12,21,0,0.13666666666666666,0,0.5,
System_Failure,rf_19_raw_window,42,10,250,235,1,10,13,22,0,0.14,0,0.5,
System_Failure,rf_19_raw_window,42,10,250,235,1,10,14,23,0,0.4766666666666667,0,0.5,
System_Failure,rf_19_raw_window,42,10,250,235,1,10,15,24,0,0.48333333333333334,0,0.5,
System_Failure,rf_19_raw_window,42,10,250,235,1,10,16,25,0,0.5166666666666667,1,0.5,
System_Failure,rf_19_raw_window,42,10,250,235,1,10,17,26,0,0.29,0,0.5,
System_Failure,rf_19_raw_window,42,10,250,235,1,10,18,27,0,0.24666666666666667,0,0.5,
System_Failure,rf_19_raw_window,42,10,250,235,1,10,19,28,0,0.18333333333333332,0,0.5,
System_Failure,rf_19_raw_window,42,10,250,235,1,10,20,29,0,0.14333333333333334,0,0.5,
System_Failure,rf_19_raw_window,42,10,250,235,1,10,21,30,0,0.12666666666666668,0,0.5,
System_Failure,rf_19_raw_window,42,10,250,235,1,10,22,31,0,0.24333333333333335,0,0.5,
System_Failure,rf_19_raw_window,42,10,250,235,1,10,23,32,0,0.25,0,0.5,
System_Failure,rf_19_raw_window,42,10,250,235,1,10,24,33,1,0.42333333333333334,0,0.5,
System_Failure,rf_19_raw_window,42,10,250,235,1,10,25,34,1,0.4066666666666667,0,0.5,
System_Failure,rf_19_raw_window,42,10,250,235,1,10,26,35,1,0.5066666666666667,1,0.5,
System_Failure,rf_19_raw_window,42,10,250,235,1,10,27,36,1,0.57,1,0.5,
System_Failure,rf_19_raw_window,42,10,250,235,1,10,28,37,1,0.6266666666666667,1,0.5,
System_Failure,rf_19_raw_window,42,10,250,235,1,10,29,38,1,0.5466666666666666,1,0.5,
System_Failure,rf_19_raw_window,42,10,250,235,1,10,30,39,1,0.5433333333333333,1,0.5,
System_Failure,rf_19_raw_window,42,10,250,235,1,10,31,40,1,0.49,0,0.5,
System_Failure,rf_19_raw_window,42,10,250,235,1,10,32,41,1,0.6866666666666666,1,0.5,
ProtectiveStop,rf_19_raw_window,42,1,1,1,1,1,0,9,0,0.07333333333333333,0,0.5,
ProtectiveStop,rf_19_raw_window,42,1,1,1,1,1,1,10,0,0.13,0,0.5,
ProtectiveStop,rf_19_raw_window,42,1,1,1,1,1,2,11,0,0.14,0,0.5,
ProtectiveStop,rf_19_raw_window,42,1,1,1,1,1,3,12,0,0.11333333333333333,0,0.5,
ProtectiveStop,rf_19_raw_window,42,1,1,1,1,1,4,13,0,0.08333333333333333,0,0.5,
ProtectiveStop,rf_19_raw_window,42,1,1,1,1,1,5,14,0,0.0,0,0.5,
ProtectiveStop,rf_19_raw_window,42,1,1,1,1,1,6,15,0,0.0,0,0.5,
ProtectiveStop,rf_19_raw_window,42,1,1,1,1,1,7,16,0,0.0,0,0.5,
ProtectiveStop,rf_19_raw_window,42,1,1,1,1,1,8,17,0,0.023333333333333334,0,0.5,
ProtectiveStop,rf_19_raw_window,42,1,1,1,1,1,9,18,0,0.01,0,0.5,
ProtectiveStop,rf_19_raw_window,42,1,1,1,1,1,10,19,1,0.03,0,0.5,
ProtectiveStop,rf_19_raw_window,42,1,1,1,1,1,11,20,1,0.02666666666666667,0,0.5,
ProtectiveStop,rf_19_raw_window,42,1,1,1,1,1,12,21,1,0.06,0,0.5,
ProtectiveStop,rf_19_raw_window,42,1,1,1,1,1,13,22,1,0.12666666666666668,0,0.5,
ProtectiveStop,rf_19_raw_window,42,1,1,1,1,1,14,23,1,0.11666666666666667,0,0.5,
ProtectiveStop,rf_19_raw_window,42,1,1,1,1,1,15,24,1,0.20333333333333334,0,0.5,
ProtectiveStop,rf_19_raw_window,42,1,1,1,1,1,16,25,1,0.24333333333333335,0,0.5,
ProtectiveStop,rf_19_raw_window,42,1,1,1,1,1,17,26,1,0.26666666666666666,0,0.5,
ProtectiveStop,rf_19_raw_window,42,1,1,1,1,1,18,27,1,0.4033333333333333,0,0.5,
ProtectiveStop,rf_19_raw_window,42,1,1,1,1,1,19,28,1,0.35333333333333333,0,0.5,
ProtectiveStop,rf_19_raw_window,42,1,1,1,1,1,20,29,1,0.18666666666666668,0,0.5,
ProtectiveStop,rf_19_raw_window,42,1,1,1,1,1,21,30,1,0.22666666666666666,0,0.5,
ProtectiveStop,rf_19_raw_window,42,1,1,1,1,1,22,31,1,0.22,0,0.5,
ProtectiveStop,rf_19_raw_window,42,1,1,1,1,1,23,32,1,0.20666666666666667,0,0.5,
ProtectiveStop,rf_19_raw_window,42,1,1,1,1,1,24,33,1,0.2,0,0.5,
ProtectiveStop,rf_19_raw_window,42,1,1,1,1,1,25,34,1,0.3566666666666667,0,0.5,
ProtectiveStop,rf_19_raw_window,42,1,1,1,1,1,26,35,1,0.42,0,0.5,
ProtectiveStop,rf_19_raw_window,42,1,1,1,1,1,27,36,1,0.4,0,0.5,
ProtectiveStop,rf_19_raw_window,42,1,1,1,1,1,28,37,1,0.2966666666666667,0,0.5,
ProtectiveStop,rf_19_raw_window,42,1,1,1,1,1,29,38,1,0.26666666666666666,0,0.5,
ProtectiveStop,rf_19_raw_window,42,1,2,2,1,1,0,9,0,0.33,0,0.5,
ProtectiveStop,rf_19_raw_window,42,1,2,2,1,1,1,10,0,0.34,0,0.5,
ProtectiveStop,rf_19_raw_window,42,1,2,2,1,1,2,11,0,0.043333333333333335,0,0.5,
ProtectiveStop,rf_19_raw_window,42,1,2,2,1,1,3,12,0,0.15,0,0.5,
ProtectiveStop,rf_19_raw_window,42,1,2,2,1,1,4,13,0,0.32666666666666666,0,0.5,
ProtectiveStop,rf_19_raw_window,42,1,2,2,1,1,5,14,0,0.15333333333333332,0,0.5,
ProtectiveStop,rf_19_raw_window,42,1,2,2,1,1,6,15,0,0.19333333333333333,0,0.5,
ProtectiveStop,rf_19_raw_window,42,1,2,2,1,1,7,16,0,0.0033333333333333335,0,0.5,
ProtectiveStop,rf_19_raw_window,42,1,2,2,1,1,8,17,0,0.0033333333333333335,0,0.5,
ProtectiveStop,rf_19_raw_window,42,1,2,2,1,1,9,18,0,0.006666666666666667,0,0.5,
ProtectiveStop,rf_19_raw_window,42,1,2,2,1,1,10,19,0,0.03666666666666667,0,0.5,
ProtectiveStop,rf_19_raw_window,42,1,2,2,1,1,11,20,0,0.0033333333333333335,0,0.5,
ProtectiveStop,rf_19_raw_window,42,1,2,2,1,1,12,21,0,0.02,0,0.5,
ProtectiveStop,rf_19_raw_window,42,1,2,2,1,1,13,22,0,0.07,0,0.5,
ProtectiveStop,rf_19_raw_window,42,1,2,2,1,1,14,23,0,0.26,0,0.5,
ProtectiveStop,rf_19_raw_window,42,1,2,2,1,1,15,24,0,0.38,0,0.5,
ProtectiveStop,rf_19_raw_window,42,1,2,2,1,1,16,25,0,0.4033333333333333,0,0.5,
ProtectiveStop,rf_19_raw_window,42,1,2,2,1,1,17,26,0,0.16666666666666666,0,0.5,
ProtectiveStop,rf_19_raw_window,42,1,2,2,1,1,18,27,0,0.15333333333333332,0,0.5,
ProtectiveStop,rf_19_raw_window,42,1,2,2,1,1,19,28,0,0.14666666666666667,0,0.5,
ProtectiveStop,rf_19_raw_window,42,1,2,2,1,1,20,29,0,0.14666666666666667,0,0.5,
ProtectiveStop,rf_19_raw_window,42,1,2,2,1,1,21,30,0,0.15,0,0.5,
ProtectiveStop,rf_19_raw_window,42,1,2,2,1,1,22,31,0,0.15,0,0.5,
ProtectiveStop,rf_19_raw_window,42,1,2,2,1,1,23,32,0,0.14,0,0.5,
ProtectiveStop,rf_19_raw_window,42,1,2,2,1,1,24,33,0,0.14333333333333334,0,0.5,
ProtectiveStop,rf_19_raw_window,42,1,2,2,1,1,25,34,0,0.20666666666666667,0,0.5,
ProtectiveStop,rf_19_raw_window,42,1,2,2,1,1,26,35,0,0.23,0,0.5,
ProtectiveStop,rf_19_raw_window,42,1,2,2,1,1,27,36,0,0.25,0,0.5,
ProtectiveStop,rf_19_raw_window,42,1,2,2,1,1,28,37,0,0.22,0,0.5,
ProtectiveStop,rf_19_raw_window,42,1,2,2,1,1,29,38,0,0.17,0,0.5,
ProtectiveStop,rf_19_raw_window,42,1,2,2,1,1,30,39,0,0.13666666666666666,0,0.5,
ProtectiveStop,rf_19_raw_window,42,1,2,2,1,1,31,40,0,0.13333333333333333,0,0.5,
ProtectiveStop,rf_19_raw_window,42,1,2,2,1,1,32,41,0,0.13333333333333333,0,0.5,
ProtectiveStop,rf_19_raw_window,42,1,2,2,1,1,33,42,0,0.12333333333333334,0,0.5,
ProtectiveStop,rf_19_raw_window,42,1,2,2,1,1,34,43,0,0.22,0,0.5,
ProtectiveStop,rf_19_raw_window,42,1,2,2,1,1,35,44,0,0.16666666666666666,0,0.5,
ProtectiveStop,rf_19_raw_window,42,1,2,2,1,1,36,45,0,0.15,0,0.5,
ProtectiveStop,rf_19_raw_window,42,1,3,3,1,1,0,9,0,0.41333333333333333,0,0.5,
ProtectiveStop,rf_19_raw_window,42,1,3,3,1,1,1,10,0,0.03,0,0.5,
ProtectiveStop,rf_19_raw_window,42,1,3,3,1,1,2,11,0,0.13333333333333333,0,0.5,
ProtectiveStop,rf_19_raw_window,42,1,3,3,1,1,3,12,0,0.01,0,0.5,
ProtectiveStop,rf_19_raw_window,42,1,3,3,1,1,4,13,0,0.0,0,0.5,
ProtectiveStop,rf_19_raw_window,42,1,3,3,1,1,5,14,0,0.0,0,0.5,
ProtectiveStop,rf_19_raw_window,42,1,3,3,1,1,6,15,0,0.0,0,0.5,
ProtectiveStop,rf_19_raw_window,42,1,3,3,1,1,7,16,0,0.0,0,0.5,
ProtectiveStop,rf_19_raw_window,42,1,3,3,1,1,8,17,0,0.0,0,0.5,
ProtectiveStop,rf_19_raw_window,42,1,3,3,1,1,9,18,0,0.0,0,0.5,
ProtectiveStop,rf_19_raw_window,42,1,3,3,1,1,10,19,0,0.016666666666666666,0,0.5,
ProtectiveStop,rf_19_raw_window,42,1,3,3,1,1,11,20,0,0.016666666666666666,0,0.5,
ProtectiveStop,rf_19_raw_window,42,1,3,3,1,1,12,21,0,0.03333333333333333,0,0.5,
ProtectiveStop,rf_19_raw_window,42,1,3,3,1,1,13,22,0,0.023333333333333334,0,0.5,
ProtectiveStop,rf_19_raw_window,42,1,3,3,1,1,14,23,0,0.023333333333333334,0,0.5,
ProtectiveStop,rf_19_raw_window,42,1,3,3,1,1,15,24,0,0.02666666666666667,0,0.5,
ProtectiveStop,rf_19_raw_window,42,1,3,3,1,1,16,25,0,0.15,0,0.5,
ProtectiveStop,rf_19_raw_window,42,1,4,4,1,1,0,9,0,0.02,0,0.5,
ProtectiveStop,rf_19_raw_window,42,1,4,4,1,1,1,10,0,0.0033333333333333335,0,0.5,
ProtectiveStop,rf_19_raw_window,42,1,4,4,1,1,2,11,0,0.0033333333333333335,0,0.5,
ProtectiveStop,rf_19_raw_window,42,1,4,4,1,1,3,12,0,0.006666666666666667,0,0.5,
ProtectiveStop,rf_19_raw_window,42,1,4,4,1,1,4,13,0,0.01,0,0.5,
ProtectiveStop,rf_19_raw_window,42,1,4,4,1,1,5,14,0,0.03333333333333333,0,0.5,
ProtectiveStop,rf_19_raw_window,42,1,4,4,1,1,6,15,0,0.02666666666666667,0,0.5,
ProtectiveStop,rf_19_raw_window,42,1,4,4,1,1,7,16,0,0.0,0,0.5,
ProtectiveStop,rf_19_raw_window,42,1,4,4,1,1,8,17,0,0.04,0,0.5,
ProtectiveStop,rf_19_raw_window,42,1,4,4,1,1,9,18,0,0.023333333333333334,0,0.5,
ProtectiveStop,rf_19_raw_window,42,1,4,4,1,1,10,19,0,0.016666666666666666,0,0.5,
ProtectiveStop,rf_19_raw_window,42,1,4,4,1,1,11,20,0,0.013333333333333334,0,0.5,
ProtectiveStop,rf_19_raw_window,42,1,4,4,1,1,12,21,0,0.02666666666666667,0,0.5,
ProtectiveStop,rf_19_raw_window,42,1,4,4,1,1,13,22,0,0.016666666666666666,0,0.5,
ProtectiveStop,rf_19_raw_window,42,1,4,4,1,1,14,23,0,0.013333333333333334,0,0.5,
ProtectiveStop,rf_19_raw_window,42,1,5,5,1,1,0,9,0,0.04666666666666667,0,0.5,
ProtectiveStop,rf_19_raw_window,42,1,5,5,1,1,1,10,0,0.38,0,0.5,
ProtectiveStop,rf_19_raw_window,42,1,5,5,1,1,2,11,0,0.01,0,0.5,
ProtectiveStop,rf_19_raw_window,42,1,5,5,1,1,3,12,0,0.013333333333333334,0,0.5,
ProtectiveStop,rf_19_raw_window,42,1,5,5,1,1,4,13,0,0.01,0,0.5,
ProtectiveStop,rf_19_raw_window,42,1,5,5,1,1,5,14,0,0.0,0,0.5,
ProtectiveStop,rf_19_raw_window,42,1,5,5,1,1,6,15,0,0.0,0,0.5,
ProtectiveStop,rf_19_raw_window,42,1,5,5,1,1,7,16,0,0.0,0,0.5,
ProtectiveStop,rf_19_raw_window,42,1,5,5,1,1,8,17,0,0.0033333333333333335,0,0.5,
ProtectiveStop,rf_19_raw_window,42,1,5,5,1,1,9,18,0,0.0,0,0.5,
ProtectiveStop,rf_19_raw_window,42,1,5,5,1,1,10,19,0,0.0,0,0.5,
ProtectiveStop,rf_19_raw_window,42,1,5,5,1,1,11,20,0,0.006666666666666667,0,0.5,
ProtectiveStop,rf_19_raw_window,42,1,5,5,1,1,12,21,0,0.0,0,0.5,
ProtectiveStop,rf_19_raw_window,42,1,5,5,1,1,13,22,0,0.0,0,0.5,
ProtectiveStop,rf_19_raw_window,42,1,5,5,1,1,14,23,0,0.0,0,0.5,
ProtectiveStop,rf_19_raw_window,42,1,5,5,1,1,15,24,0,0.0,0,0.5,
ProtectiveStop,rf_19_raw_window,42,1,5,5,1,1,16,25,0,0.0,0,0.5,
ProtectiveStop,rf_19_raw_window,42,1,5,5,1,1,17,26,0,0.02666666666666667,0,0.5,
ProtectiveStop,rf_19_raw_window,42,1,6,6,1,1,0,9,0,0.31333333333333335,0,0.5,
ProtectiveStop,rf_19_raw_window,42,1,6,6,1,1,1,10,0,0.33,0,0.5,
ProtectiveStop,rf_19_raw_window,42,1,6,6,1,1,2,11,0,0.31333333333333335,0,0.5,
ProtectiveStop,rf_19_raw_window,42,1,6,6,1,1,3,12,0,0.3333333333333333,0,0.5,
ProtectiveStop,rf_19_raw_window,42,1,6,6,1,1,4,13,0,0.3933333333333333,0,0.5,
ProtectiveStop,rf_19_raw_window,42,1,6,6,1,1,5,14,0,0.37666666666666665,0,0.5,
ProtectiveStop,rf_19_raw_window,42,1,6,6,1,1,6,15,0,0.38666666666666666,0,0.5,
ProtectiveStop,rf_19_raw_window,42,1,6,6,1,1,7,16,0,0.39,0,0.5,
ProtectiveStop,rf_19_raw_window,42,1,6,6,1,1,8,17,0,0.36333333333333334,0,0.5,
ProtectiveStop,rf_19_raw_window,42,1,6,6,1,1,9,18,0,0.013333333333333334,0,0.5,
ProtectiveStop,rf_19_raw_window,42,1,6,6,1,1,10,19,0,0.01,0,0.5,
ProtectiveStop,rf_19_raw_window,42,1,6,6,1,1,11,20,0,0.013333333333333334,0,0.5,
ProtectiveStop,rf_19_raw_window,42,1,6,6,1,1,12,21,0,0.03666666666666667,0,0.5,
ProtectiveStop,rf_19_raw_window,42,1,6,6,1,1,13,22,0,0.02666666666666667,0,0.5,
ProtectiveStop,rf_19_raw_window,42,1,6,6,1,1,14,23,0,0.006666666666666667,0,0.5,
ProtectiveStop,rf_19_raw_window,42,1,6,6,1,1,15,24,0,0.04666666666666667,0,0.5,
ProtectiveStop,rf_19_raw_window,42,1,6,6,1,1,16,25,0,0.006666666666666667,0,0.5,
ProtectiveStop,rf_19_raw_window,42,1,6,6,1,1,17,26,0,0.006666666666666667,0,0.5,
ProtectiveStop,rf_19_raw_window,42,1,6,6,1,1,18,27,0,0.01,0,0.5,
ProtectiveStop,rf_19_raw_window,42,1,6,6,1,1,19,28,0,0.006666666666666667,0,0.5,
ProtectiveStop,rf_19_raw_window,42,1,6,6,1,1,20,29,0,0.006666666666666667,0,0.5,
ProtectiveStop,rf_19_raw_window,42,1,6,6,1,1,21,30,0,0.0033333333333333335,0,0.5,
ProtectiveStop,rf_19_raw_window,42,1,8,8,1,1,0,9,0,0.006666666666666667,0,0.5,
ProtectiveStop,rf_19_raw_window,42,1,8,8,1,1,1,10,0,0.0,0,0.5,
ProtectiveStop,rf_19_raw_window,42,1,8,8,1,1,2,11,0,0.006666666666666667,0,0.5,
ProtectiveStop,rf_19_raw_window,42,1,8,8,1,1,3,12,0,0.0,0,0.5,
ProtectiveStop,rf_19_raw_window,42,1,8,8,1,1,4,13,0,0.016666666666666666,0,0.5,
ProtectiveStop,rf_19_raw_window,42,1,8,8,1,1,5,14,0,0.0,0,0.5,
ProtectiveStop,rf_19_raw_window,42,1,8,8,1,1,6,15,0,0.0,0,0.5,
ProtectiveStop,rf_19_raw_window,42,1,8,8,1,1,7,16,0,0.0,0,0.5,
ProtectiveStop,rf_19_raw_window,42,1,8,8,1,1,8,17,0,0.01,0,0.5,
ProtectiveStop,rf_19_raw_window,42,1,8,8,1,1,9,18,0,0.0,0,0.5,
ProtectiveStop,rf_19_raw_window,42,1,8,8,1,1,10,19,0,0.013333333333333334,0,0.5,
ProtectiveStop,rf_19_raw_window,42,1,8,8,1,1,11,20,0,0.0033333333333333335,0,0.5,
ProtectiveStop,rf_19_raw_window,42,1,8,8,1,1,12,21,0,0.03333333333333333,0,0.5,
ProtectiveStop,rf_19_raw_window,42,1,8,8,1,1,13,22,0,0.03333333333333333,0,0.5,
ProtectiveStop,rf_19_raw_window,42,1,8,8,1,1,14,23,0,0.03333333333333333,0,0.5,
ProtectiveStop,rf_19_raw_window,42,1,9,9,1,1,0,9,0,0.043333333333333335,0,0.5,
ProtectiveStop,rf_19_raw_window,42,1,9,9,1,1,1,10,0,0.016666666666666666,0,0.5,
ProtectiveStop,rf_19_raw_window,42,1,9,9,1,1,2,11,0,0.03,0,0.5,
ProtectiveStop,rf_19_raw_window,42,1,9,9,1,1,3,12,0,0.006666666666666667,0,0.5,
ProtectiveStop,rf_19_raw_window,42,1,9,9,1,1,4,13,0,0.006666666666666667,0,0.5,
ProtectiveStop,rf_19_raw_window,42,1,9,9,1,1,5,14,0,0.0,0,0.5,
ProtectiveStop,rf_19_raw_window,42,1,9,9,1,1,6,15,0,0.0,0,0.5,
ProtectiveStop,rf_19_raw_window,42,1,9,9,1,1,7,16,0,0.0,0,0.5,
ProtectiveStop,rf_19_raw_window,42,1,9,9,1,1,8,17,0,0.0,0,0.5,
ProtectiveStop,rf_19_raw_window,42,1,9,9,1,1,9,18,0,0.023333333333333334,0,0.5,
ProtectiveStop,rf_19_raw_window,42,1,9,9,1,1,10,19,0,0.0033333333333333335,0,0.5,
ProtectiveStop,rf_19_raw_window,42,1,9,9,1,1,11,20,0,0.0033333333333333335,0,0.5,
ProtectiveStop,rf_19_raw_window,42,1,9,9,1,1,12,21,0,0.0,0,0.5,
ProtectiveStop,rf_19_raw_window,42,1,9,9,1,1,13,22,0,0.0,0,0.5,
ProtectiveStop,rf_19_raw_window,42,1,9,9,1,1,14,23,0,0.0,0,0.5,
ProtectiveStop,rf_19_raw_window,42,1,10,10,1,1,0,9,0,0.02666666666666667,0,0.5,
ProtectiveStop,rf_19_raw_window,42,1,10,10,1,1,1,10,0,0.09333333333333334,0,0.5,
ProtectiveStop,rf_19_raw_window,42,1,10,10,1,1,2,11,0,0.013333333333333334,0,0.5,
ProtectiveStop,rf_19_raw_window,42,1,10,10,1,1,3,12,0,0.006666666666666667,0,0.5,
ProtectiveStop,rf_19_raw_window,42,1,10,10,1,1,4,13,0,0.0,0,0.5,
ProtectiveStop,rf_19_raw_window,42,1,10,10,1,1,5,14,0,0.0033333333333333335,0,0.5,
ProtectiveStop,rf_19_raw_window,42,1,10,10,1,1,6,15,0,0.0,0,0.5,
ProtectiveStop,rf_19_raw_window,42,1,10,10,1,1,7,16,0,0.0033333333333333335,0,0.5,
ProtectiveStop,rf_19_raw_window,42,1,10,10,1,1,8,17,0,0.01,0,0.5,
ProtectiveStop,rf_19_raw_window,42,1,10,10,1,1,9,18,0,0.01,0,0.5,
ProtectiveStop,rf_19_raw_window,42,1,10,10,1,1,10,19,0,0.02,0,0.5,
ProtectiveStop,rf_19_raw_window,42,1,10,10,1,1,11,20,0,0.013333333333333334,0,0.5,
ProtectiveStop,rf_19_raw_window,42,1,10,10,1,1,12,21,0,0.02,0,0.5,
ProtectiveStop,rf_19_raw_window,42,1,10,10,1,1,13,22,0,0.02,0,0.5,
ProtectiveStop,rf_19_raw_window,42,1,10,10,1,1,14,23,0,0.02,0,0.5,
ProtectiveStop,rf_19_raw_window,42,1,11,11,1,1,0,9,0,0.14666666666666667,0,0.5,
ProtectiveStop,rf_19_raw_window,42,1,11,11,1,1,1,10,0,0.043333333333333335,0,0.5,
ProtectiveStop,rf_19_raw_window,42,1,11,11,1,1,2,11,0,0.043333333333333335,0,0.5,
ProtectiveStop,rf_19_raw_window,42,1,11,11,1,1,3,12,0,0.043333333333333335,0,0.5,
ProtectiveStop,rf_19_raw_window,42,1,11,11,1,1,4,13,0,0.043333333333333335,0,0.5,
ProtectiveStop,rf_19_raw_window,42,1,11,11,1,1,5,14,0,0.02666666666666667,0,0.5,
ProtectiveStop,rf_19_raw_window,42,1,11,11,1,1,6,15,0,0.016666666666666666,0,0.5,
ProtectiveStop,rf_19_raw_window,42,1,11,11,1,1,7,16,0,0.013333333333333334,0,0.5,
ProtectiveStop,rf_19_raw_window,42,1,11,11,1,1,8,17,0,0.02,0,0.5,
ProtectiveStop,rf_19_raw_window,42,1,11,11,1,1,9,18,0,0.013333333333333334,0,0.5,
ProtectiveStop,rf_19_raw_window,42,1,11,11,1,1,10,19,0,0.03666666666666667,0,0.5,
ProtectiveStop,rf_19_raw_window,42,1,11,11,1,1,11,20,0,0.03,0,0.5,
ProtectiveStop,rf_19_raw_window,42,1,11,11,1,1,12,21,0,0.04,0,0.5,
ProtectiveStop,rf_19_raw_window,42,1,11,11,1,1,13,22,0,0.07333333333333333,0,0.5,
ProtectiveStop,rf_19_raw_window,42,1,11,11,1,1,14,23,0,0.07,0,0.5,
ProtectiveStop,rf_19_raw_window,42,1,11,11,1,1,15,24,0,0.06333333333333334,0,0.5,
ProtectiveStop,rf_19_raw_window,42,1,12,12,1,1,0,9,0,0.02666666666666667,0,0.5,
ProtectiveStop,rf_19_raw_window,42,1,12,12,1,1,1,10,0,0.0,0,0.5,
ProtectiveStop,rf_19_raw_window,42,1,12,12,1,1,2,11,0,0.016666666666666666,0,0.5,
ProtectiveStop,rf_19_raw_window,42,1,12,12,1,1,3,12,0,0.0,0,0.5,
ProtectiveStop,rf_19_raw_window,42,1,12,12,1,1,4,13,0,0.03,0,0.5,
ProtectiveStop,rf_19_raw_window,42,1,12,12,1,1,5,14,0,0.0033333333333333335,0,0.5,
ProtectiveStop,rf_19_raw_window,42,1,12,12,1,1,6,15,0,0.0,0,0.5,
ProtectiveStop,rf_19_raw_window,42,1,12,12,1,1,7,16,0,0.0,0,0.5,
ProtectiveStop,rf_19_raw_window,42,1,12,12,1,1,8,17,0,0.016666666666666666,0,0.5,
ProtectiveStop,rf_19_raw_window,42,1,12,12,1,1,9,18,0,0.02,0,0.5,
ProtectiveStop,rf_19_raw_window,42,1,12,12,1,1,10,19,0,0.03,0,0.5,
ProtectiveStop,rf_19_raw_window,42,1,12,12,1,1,11,20,0,0.006666666666666667,0,0.5,
ProtectiveStop,rf_19_raw_window,42,1,12,12,1,1,12,21,0,0.0,0,0.5,
ProtectiveStop,rf_19_raw_window,42,1,12,12,1,1,13,22,0,0.01,0,0.5,
ProtectiveStop,rf_19_raw_window,42,1,12,12,1,1,14,23,0,0.016666666666666666,0,0.5,
ProtectiveStop,rf_19_raw_window,42,1,13,13,1,1,0,9,0,0.02666666666666667,0,0.5,
ProtectiveStop,rf_19_raw_window,42,1,13,13,1,1,1,10,0,0.006666666666666667,0,0.5,
ProtectiveStop,rf_19_raw_window,42,1,13,13,1,1,2,11,0,0.013333333333333334,0,0.5,
ProtectiveStop,rf_19_raw_window,42,1,13,13,1,1,3,12,0,0.013333333333333334,0,0.5,
ProtectiveStop,rf_19_raw_window,42,1,13,13,1,1,4,13,0,0.0,0,0.5,
ProtectiveStop,rf_19_raw_window,42,1,13,13,1,1,5,14,0,0.006666666666666667,0,0.5,
ProtectiveStop,rf_19_raw_window,42,1,13,13,1,1,6,15,0,0.006666666666666667,0,0.5,
ProtectiveStop,rf_19_raw_window,42,1,13,13,1,1,7,16,0,0.0033333333333333335,0,0.5,
ProtectiveStop,rf_19_raw_window,42,1,13,13,1,1,8,17,0,0.02,0,0.5,
ProtectiveStop,rf_19_raw_window,42,1,13,13,1,1,9,18,0,0.02,0,0.5,
ProtectiveStop,rf_19_raw_window,42,1,13,13,1,1,10,19,0,0.023333333333333334,0,0.5,
ProtectiveStop,rf_19_raw_window,42,1,13,13,1,1,11,20,0,0.04666666666666667,0,0.5,
ProtectiveStop,rf_19_raw_window,42,1,13,13,1,1,12,21,0,0.07333333333333333,0,0.5,
ProtectiveStop,rf_19_raw_window,42,1,13,13,1,1,13,22,0,0.03,0,0.5,
ProtectiveStop,rf_19_raw_window,42,1,13,13,1,1,14,23,0,0.02666666666666667,0,0.5,
ProtectiveStop,rf_19_raw_window,42,1,14,14,1,1,0,9,0,0.03333333333333333,0,0.5,
ProtectiveStop,rf_19_raw_window,42,1,14,14,1,1,1,10,0,0.03,0,0.5,
ProtectiveStop,rf_19_raw_window,42,1,14,14,1,1,2,11,0,0.023333333333333334,0,0.5,
ProtectiveStop,rf_19_raw_window,42,1,14,14,1,1,3,12,0,0.02,0,0.5,
ProtectiveStop,rf_19_raw_window,42,1,14,14,1,1,4,13,0,0.013333333333333334,0,0.5,
ProtectiveStop,rf_19_raw_window,42,1,14,14,1,1,5,14,0,0.01,0,0.5,
ProtectiveStop,rf_19_raw_window,42,1,14,14,1,1,6,15,0,0.01,0,0.5,
ProtectiveStop,rf_19_raw_window,42,1,14,14,1,1,7,16,0,0.006666666666666667,0,0.5,
ProtectiveStop,rf_19_raw_window,42,1,14,14,1,1,8,17,0,0.0033333333333333335,0,0.5,
ProtectiveStop,rf_19_raw_window,42,1,14,14,1,1,9,18,0,0.013333333333333334,0,0.5,
ProtectiveStop,rf_19_raw_window,42,1,14,14,1,1,10,19,0,0.006666666666666667,0,0.5,
ProtectiveStop,rf_19_raw_window,42,1,14,14,1,1,11,20,0,0.04666666666666667,0,0.5,
ProtectiveStop,rf_19_raw_window,42,1,14,14,1,1,12,21,0,0.023333333333333334,0,0.5,
ProtectiveStop,rf_19_raw_window,42,1,14,14,1,1,13,22,0,0.09666666666666666,0,0.5,
ProtectiveStop,rf_19_raw_window,42,1,14,14,1,1,14,23,0,0.09,0,0.5,
ProtectiveStop,rf_19_raw_window,42,1,14,14,1,1,15,24,0,0.13333333333333333,0,0.5,
ProtectiveStop,rf_19_raw_window,42,1,14,14,1,1,16,25,0,0.11666666666666667,0,0.5,
ProtectiveStop,rf_19_raw_window,42,1,14,14,1,1,17,26,0,0.15333333333333332,0,0.5,
ProtectiveStop,rf_19_raw_window,42,1,14,14,1,1,18,27,0,0.21333333333333335,0,0.5,
ProtectiveStop,rf_19_raw_window,42,1,15,15,1,1,0,9,0,0.06,0,0.5,
ProtectiveStop,rf_19_raw_window,42,1,15,15,1,1,1,10,0,0.006666666666666667,0,0.5,
ProtectiveStop,rf_19_raw_window,42,1,15,15,1,1,2,11,0,0.013333333333333334,0,0.5,
ProtectiveStop,rf_19_raw_window,42,1,15,15,1,1,3,12,0,0.01,0,0.5,
ProtectiveStop,rf_19_raw_window,42,1,15,15,1,1,4,13,0,0.01,0,0.5,
ProtectiveStop,rf_19_raw_window,42,1,15,15,1,1,5,14,0,0.006666666666666667,0,0.5,
ProtectiveStop,rf_19_raw_window,42,1,15,15,1,1,6,15,0,0.006666666666666667,0,0.5,
ProtectiveStop,rf_19_raw_window,42,1,15,15,1,1,7,16,0,0.006666666666666667,0,0.5,
ProtectiveStop,rf_19_raw_window,42,1,15,15,1,1,8,17,0,0.0,0,0.5,
ProtectiveStop,rf_19_raw_window,42,1,15,15,1,1,9,18,0,0.0,0,0.5,
ProtectiveStop,rf_19_raw_window,42,1,15,15,1,1,10,19,0,0.0033333333333333335,0,0.5,
ProtectiveStop,rf_19_raw_window,42,1,15,15,1,1,11,20,0,0.013333333333333334,0,0.5,
ProtectiveStop,rf_19_raw_window,42,1,15,15,1,1,12,21,0,0.016666666666666666,0,0.5,
ProtectiveStop,rf_19_raw_window,42,1,15,15,1,1,13,22,0,0.013333333333333334,0,0.5,
ProtectiveStop,rf_19_raw_window,42,1,16,16,1,1,0,9,0,0.38,0,0.5,
ProtectiveStop,rf_19_raw_window,42,1,16,16,1,1,1,10,0,0.06,0,0.5,
ProtectiveStop,rf_19_raw_window,42,1,16,16,1,1,2,11,0,0.03,0,0.5,
ProtectiveStop,rf_19_raw_window,42,1,16,16,1,1,3,12,0,0.006666666666666667,0,0.5,
ProtectiveStop,rf_19_raw_window,42,1,16,16,1,1,4,13,0,0.0,0,0.5,
ProtectiveStop,rf_19_raw_window,42,1,16,16,1,1,5,14,0,0.0,0,0.5,
ProtectiveStop,rf_19_raw_window,42,1,16,16,1,1,6,15,0,0.0,0,0.5,
ProtectiveStop,rf_19_raw_window,42,1,16,16,1,1,7,16,0,0.0,0,0.5,
ProtectiveStop,rf_19_raw_window,42,1,16,16,1,1,8,17,0,0.0033333333333333335,0,0.5,
ProtectiveStop,rf_19_raw_window,42,1,16,16,1,1,9,18,0,0.02,0,0.5,
ProtectiveStop,rf_19_raw_window,42,1,16,16,1,1,10,19,0,0.006666666666666667,0,0.5,
ProtectiveStop,rf_19_raw_window,42,1,16,16,1,1,11,20,0,0.006666666666666667,0,0.5,
ProtectiveStop,rf_19_raw_window,42,1,16,16,1,1,12,21,0,0.03333333333333333,0,0.5,
ProtectiveStop,rf_19_raw_window,42,1,16,16,1,1,13,22,0,0.01,0,0.5,
ProtectiveStop,rf_19_raw_window,42,1,16,16,1,1,14,23,0,0.03,0,0.5,
ProtectiveStop,rf_19_raw_window,42,1,16,16,1,1,15,24,0,0.04,0,0.5,
ProtectiveStop,rf_19_raw_window,42,1,17,17,1,1,0,9,0,0.12,0,0.5,
ProtectiveStop,rf_19_raw_window,42,1,17,17,1,1,1,10,0,0.37333333333333335,0,0.5,
ProtectiveStop,rf_19_raw_window,42,1,17,17,1,1,2,11,0,0.013333333333333334,0,0.5,
ProtectiveStop,rf_19_raw_window,42,1,17,17,1,1,3,12,0,0.016666666666666666,0,0.5,
ProtectiveStop,rf_19_raw_window,42,1,17,17,1,1,4,13,0,0.0033333333333333335,0,0.5,
ProtectiveStop,rf_19_raw_window,42,1,17,17,1,1,5,14,0,0.0033333333333333335,0,0.5,
ProtectiveStop,rf_19_raw_window,42,1,17,17,1,1,6,15,0,0.0,0,0.5,
ProtectiveStop,rf_19_raw_window,42,1,17,17,1,1,7,16,0,0.0,0,0.5,
ProtectiveStop,rf_19_raw_window,42,1,17,17,1,1,8,17,0,0.016666666666666666,0,0.5,
ProtectiveStop,rf_19_raw_window,42,1,17,17,1,1,9,18,0,0.006666666666666667,0,0.5,
ProtectiveStop,rf_19_raw_window,42,1,17,17,1,1,10,19,0,0.01,0,0.5,
ProtectiveStop,rf_19_raw_window,42,1,17,17,1,1,11,20,0,0.006666666666666667,0,0.5,
ProtectiveStop,rf_19_raw_window,42,1,17,17,1,1,12,21,0,0.006666666666666667,0,0.5,
ProtectiveStop,rf_19_raw_window,42,1,17,17,1,1,13,22,0,0.016666666666666666,0,0.5,
ProtectiveStop,rf_19_raw_window,42,1,17,17,1,1,14,23,0,0.023333333333333334,0,0.5,
ProtectiveStop,rf_19_raw_window,42,1,18,18,1,1,0,9,0,0.03333333333333333,0,0.5,
ProtectiveStop,rf_19_raw_window,42,1,18,18,1,1,1,10,0,0.03666666666666667,0,0.5,
ProtectiveStop,rf_19_raw_window,42,1,18,18,1,1,2,11,0,0.02,0,0.5,
ProtectiveStop,rf_19_raw_window,42,1,18,18,1,1,3,12,0,0.023333333333333334,0,0.5,
ProtectiveStop,rf_19_raw_window,42,1,18,18,1,1,4,13,0,0.01,0,0.5,
ProtectiveStop,rf_19_raw_window,42,1,18,18,1,1,5,14,0,0.01,0,0.5,
ProtectiveStop,rf_19_raw_window,42,1,18,18,1,1,6,15,0,0.0,0,0.5,
ProtectiveStop,rf_19_raw_window,42,1,18,18,1,1,7,16,0,0.0,0,0.5,
ProtectiveStop,rf_19_raw_window,42,1,18,18,1,1,8,17,0,0.0,0,0.5,
ProtectiveStop,rf_19_raw_window,42,1,18,18,1,1,9,18,0,0.006666666666666667,0,0.5,
ProtectiveStop,rf_19_raw_window,42,1,18,18,1,1,10,19,0,0.03,0,0.5,
ProtectiveStop,rf_19_raw_window,42,1,18,18,1,1,11,20,0,0.04,0,0.5,
ProtectiveStop,rf_19_raw_window,42,1,18,18,1,1,12,21,0,0.03666666666666667,0,0.5,
ProtectiveStop,rf_19_raw_window,42,1,18,18,1,1,13,22,0,0.13333333333333333,0,0.5,
ProtectiveStop,rf_19_raw_window,42,1,18,18,1,1,14,23,0,0.15333333333333332,0,0.5,
ProtectiveStop,rf_19_raw_window,42,1,18,18,1,1,15,24,0,0.20666666666666667,0,0.5,
ProtectiveStop,rf_19_raw_window,42,1,19,19,1,1,0,9,0,0.11666666666666667,0,0.5,
ProtectiveStop,rf_19_raw_window,42,1,19,19,1,1,1,10,0,0.16333333333333333,0,0.5,
ProtectiveStop,rf_19_raw_window,42,1,19,19,1,1,2,11,0,0.07,0,0.5,
ProtectiveStop,rf_19_raw_window,42,1,19,19,1,1,3,12,0,0.07666666666666666,0,0.5,
ProtectiveStop,rf_19_raw_window,42,1,19,19,1,1,4,13,0,0.12,0,0.5,
ProtectiveStop,rf_19_raw_window,42,1,19,19,1,1,5,14,0,0.10666666666666667,0,0.5,
ProtectiveStop,rf_19_raw_window,42,1,19,19,1,1,6,15,0,0.0,0,0.5,
ProtectiveStop,rf_19_raw_window,42,1,19,19,1,1,7,16,0,0.0033333333333333335,0,0.5,
ProtectiveStop,rf_19_raw_window,42,1,19,19,1,1,8,17,0,0.01,0,0.5,
ProtectiveStop,rf_19_raw_window,42,1,19,19,1,1,9,18,0,0.016666666666666666,0,0.5,
ProtectiveStop,rf_19_raw_window,42,1,19,19,1,1,10,19,0,0.023333333333333334,0,0.5,
ProtectiveStop,rf_19_raw_window,42,1,19,19,1,1,11,20,0,0.03,0,0.5,
ProtectiveStop,rf_19_raw_window,42,1,19,19,1,1,12,21,0,0.016666666666666666,0,0.5,
ProtectiveStop,rf_19_raw_window,42,1,19,19,1,1,13,22,0,0.006666666666666667,0,0.5,
ProtectiveStop,rf_19_raw_window,42,1,19,19,1,1,14,23,0,0.006666666666666667,0,0.5,
ProtectiveStop,rf_19_raw_window,42,1,20,20,1,1,0,9,0,0.03,0,0.5,
ProtectiveStop,rf_19_raw_window,42,1,20,20,1,1,1,10,0,0.03,0,0.5,
ProtectiveStop,rf_19_raw_window,42,1,20,20,1,1,2,11,0,0.023333333333333334,0,0.5,
ProtectiveStop,rf_19_raw_window,42,1,20,20,1,1,3,12,0,0.02,0,0.5,
ProtectiveStop,rf_19_raw_window,42,1,20,20,1,1,4,13,0,0.03333333333333333,0,0.5,
ProtectiveStop,rf_19_raw_window,42,1,20,20,1,1,5,14,0,0.0,0,0.5,
ProtectiveStop,rf_19_raw_window,42,1,20,20,1,1,6,15,0,0.0,0,0.5,
ProtectiveStop,rf_19_raw_window,42,1,20,20,1,1,7,16,0,0.0,0,0.5,
ProtectiveStop,rf_19_raw_window,42,1,20,20,1,1,8,17,0,0.0,0,0.5,
ProtectiveStop,rf_19_raw_window,42,1,20,20,1,1,9,18,0,0.006666666666666667,0,0.5,
ProtectiveStop,rf_19_raw_window,42,1,20,20,1,1,10,19,0,0.0033333333333333335,0,0.5,
ProtectiveStop,rf_19_raw_window,42,1,20,20,1,1,11,20,0,0.0033333333333333335,0,0.5,
ProtectiveStop,rf_19_raw_window,42,1,20,20,1,1,12,21,0,0.0,0,0.5,
ProtectiveStop,rf_19_raw_window,42,1,20,20,1,1,13,22,0,0.0033333333333333335,0,0.5,
ProtectiveStop,rf_19_raw_window,42,1,20,20,1,1,14,23,0,0.006666666666666667,0,0.5,
ProtectiveStop,rf_19_raw_window,42,1,21,21,1,1,0,9,0,0.08,0,0.5,
ProtectiveStop,rf_19_raw_window,42,1,21,21,1,1,1,10,0,0.21666666666666667,0,0.5,
ProtectiveStop,rf_19_raw_window,42,1,21,21,1,1,2,11,0,0.013333333333333334,0,0.5,
ProtectiveStop,rf_19_raw_window,42,1,21,21,1,1,3,12,0,0.006666666666666667,0,0.5,
ProtectiveStop,rf_19_raw_window,42,1,21,21,1,1,4,13,0,0.0033333333333333335,0,0.5,
ProtectiveStop,rf_19_raw_window,42,1,21,21,1,1,5,14,0,0.0033333333333333335,0,0.5,
ProtectiveStop,rf_19_raw_window,42,1,21,21,1,1,6,15,0,0.0,0,0.5,
ProtectiveStop,rf_19_raw_window,42,1,21,21,1,1,7,16,0,0.0,0,0.5,
ProtectiveStop,rf_19_raw_window,42,1,21,21,1,1,8,17,0,0.0,0,0.5,
ProtectiveStop,rf_19_raw_window,42,1,21,21,1,1,9,18,0,0.0033333333333333335,0,0.5,
ProtectiveStop,rf_19_raw_window,42,1,21,21,1,1,10,19,0,0.016666666666666666,0,0.5,
ProtectiveStop,rf_19_raw_window,42,1,21,21,1,1,11,20,0,0.02,0,0.5,
ProtectiveStop,rf_19_raw_window,42,1,21,21,1,1,12,21,0,0.04,0,0.5,
ProtectiveStop,rf_19_raw_window,42,1,21,21,1,1,13,22,0,0.043333333333333335,0,0.5,
ProtectiveStop,rf_19_raw_window,42,1,21,21,1,1,14,23,0,0.05333333333333334,0,0.5,
ProtectiveStop,rf_19_raw_window,42,1,21,21,1,1,15,24,0,0.07666666666666666,0,0.5,
ProtectiveStop,rf_19_raw_window,42,1,22,22,1,1,0,9,1,0.64,1,0.5,
ProtectiveStop,rf_19_raw_window,42,1,22,22,1,1,1,10,1,0.6733333333333333,1,0.5,
ProtectiveStop,rf_19_raw_window,42,1,22,22,1,1,2,11,1,0.6866666666666666,1,0.5,
ProtectiveStop,rf_19_raw_window,42,1,22,22,1,1,3,12,1,0.7133333333333334,1,0.5,
ProtectiveStop,rf_19_raw_window,42,1,22,22,1,1,4,13,1,0.6766666666666666,1,0.5,
ProtectiveStop,rf_19_raw_window,42,1,22,22,1,1,5,14,1,0.64,1,0.5,
ProtectiveStop,rf_19_raw_window,42,1,22,22,1,1,6,15,1,0.6666666666666666,1,0.5,
ProtectiveStop,rf_19_raw_window,42,1,22,22,1,1,7,16,0,0.7066666666666667,1,0.5,
ProtectiveStop,rf_19_raw_window,42,1,22,22,1,1,8,17,0,0.69,1,0.5,
ProtectiveStop,rf_19_raw_window,42,1,22,22,1,1,9,18,0,0.7233333333333334,1,0.5,
ProtectiveStop,rf_19_raw_window,42,1,22,22,1,1,10,19,0,0.74,1,0.5,
ProtectiveStop,rf_19_raw_window,42,1,22,22,1,1,11,20,0,0.57,1,0.5,
ProtectiveStop,rf_19_raw_window,42,1,22,22,1,1,12,21,0,0.4066666666666667,0,0.5,
ProtectiveStop,rf_19_raw_window,42,1,22,22,1,1,13,22,0,0.2966666666666667,0,0.5,
ProtectiveStop,rf_19_raw_window,42,1,22,22,1,1,14,23,0,0.18666666666666668,0,0.5,
ProtectiveStop,rf_19_raw_window,42,1,22,22,1,1,15,24,0,0.03,0,0.5,
ProtectiveStop,rf_19_raw_window,42,1,22,22,1,1,16,25,0,0.023333333333333334,0,0.5,
ProtectiveStop,rf_19_raw_window,42,1,22,22,1,1,17,26,0,0.0033333333333333335,0,0.5,
ProtectiveStop,rf_19_raw_window,42,1,22,22,1,1,18,27,0,0.0033333333333333335,0,0.5,
ProtectiveStop,rf_19_raw_window,42,1,22,22,1,1,19,28,0,0.0033333333333333335,0,0.5,
ProtectiveStop,rf_19_raw_window,42,1,22,22,1,1,20,29,0,0.013333333333333334,0,0.5,
ProtectiveStop,rf_19_raw_window,42,1,22,22,1,1,21,30,0,0.04,0,0.5,
ProtectiveStop,rf_19_raw_window,42,1,22,22,1,1,22,31,0,0.023333333333333334,0,0.5,
ProtectiveStop,rf_19_raw_window,42,1,22,22,1,1,23,32,0,0.013333333333333334,0,0.5,
ProtectiveStop,rf_19_raw_window,42,1,22,22,1,1,24,33,0,0.03333333333333333,0,0.5,
ProtectiveStop,rf_19_raw_window,42,1,22,22,1,1,25,34,0,0.006666666666666667,0,0.5,
ProtectiveStop,rf_19_raw_window,42,1,22,22,1,1,26,35,0,0.01,0,0.5,
ProtectiveStop,rf_19_raw_window,42,1,23,23,1,1,0,9,0,0.03333333333333333,0,0.5,
ProtectiveStop,rf_19_raw_window,42,1,23,23,1,1,1,10,0,0.06,0,0.5,
ProtectiveStop,rf_19_raw_window,42,1,23,23,1,1,2,11,0,0.016666666666666666,0,0.5,
ProtectiveStop,rf_19_raw_window,42,1,23,23,1,1,3,12,0,0.006666666666666667,0,0.5,
ProtectiveStop,rf_19_raw_window,42,1,23,23,1,1,4,13,0,0.006666666666666667,0,0.5,
ProtectiveStop,rf_19_raw_window,42,1,23,23,1,1,5,14,0,0.0033333333333333335,0,0.5,
ProtectiveStop,rf_19_raw_window,42,1,23,23,1,1,6,15,0,0.0,0,0.5,
ProtectiveStop,rf_19_raw_window,42,1,23,23,1,1,7,16,0,0.0,0,0.5,
ProtectiveStop,rf_19_raw_window,42,1,23,23,1,1,8,17,0,0.0,0,0.5,
ProtectiveStop,rf_19_raw_window,42,1,23,23,1,1,9,18,0,0.02,0,0.5,
ProtectiveStop,rf_19_raw_window,42,1,23,23,1,1,10,19,0,0.006666666666666667,0,0.5,
ProtectiveStop,rf_19_raw_window,42,1,23,23,1,1,11,20,0,0.0033333333333333335,0,0.5,
ProtectiveStop,rf_19_raw_window,42,1,23,23,1,1,12,21,0,0.0033333333333333335,0,0.5,
ProtectiveStop,rf_19_raw_window,42,1,23,23,1,1,13,22,0,0.01,0,0.5,
ProtectiveStop,rf_19_raw_window,42,1,23,23,1,1,14,23,0,0.013333333333333334,0,0.5,
ProtectiveStop,rf_19_raw_window,42,1,24,24,1,1,0,9,0,0.04,0,0.5,
ProtectiveStop,rf_19_raw_window,42,1,24,24,1,1,1,10,0,0.13666666666666666,0,0.5,
ProtectiveStop,rf_19_raw_window,42,1,24,24,1,1,2,11,0,0.05,0,0.5,
ProtectiveStop,rf_19_raw_window,42,1,24,24,1,1,3,12,0,0.06,0,0.5,
ProtectiveStop,rf_19_raw_window,42,1,24,24,1,1,4,13,0,0.06666666666666667,0,0.5,
ProtectiveStop,rf_19_raw_window,42,1,24,24,1,1,5,14,0,0.0,0,0.5,
ProtectiveStop,rf_19_raw_window,42,1,24,24,1,1,6,15,0,0.01,0,0.5,
ProtectiveStop,rf_19_raw_window,42,1,24,24,1,1,7,16,0,0.0033333333333333335,0,0.5,
ProtectiveStop,rf_19_raw_window,42,1,24,24,1,1,8,17,0,0.02666666666666667,0,0.5,
ProtectiveStop,rf_19_raw_window,42,1,24,24,1,1,9,18,0,0.023333333333333334,0,0.5,
ProtectiveStop,rf_19_raw_window,42,1,24,24,1,1,10,19,0,0.023333333333333334,0,0.5,
ProtectiveStop,rf_19_raw_window,42,1,24,24,1,1,11,20,0,0.03333333333333333,0,0.5,
ProtectiveStop,rf_19_raw_window,42,1,24,24,1,1,12,21,0,0.02,0,0.5,
ProtectiveStop,rf_19_raw_window,42,1,24,24,1,1,13,22,0,0.01,0,0.5,
ProtectiveStop,rf_19_raw_window,42,1,24,24,1,1,14,23,0,0.01,0,0.5,
ProtectiveStop,rf_19_raw_window,42,1,25,25,1,1,0,9,0,0.04,0,0.5,
ProtectiveStop,rf_19_raw_window,42,1,25,25,1,1,1,10,0,0.03333333333333333,0,0.5,
ProtectiveStop,rf_19_raw_window,42,1,25,25,1,1,2,11,0,0.02666666666666667,0,0.5,
ProtectiveStop,rf_19_raw_window,42,1,25,25,1,1,3,12,0,0.02666666666666667,0,0.5,
ProtectiveStop,rf_19_raw_window,42,1,25,25,1,1,4,13,0,0.016666666666666666,0,0.5,
ProtectiveStop,rf_19_raw_window,42,1,25,25,1,1,5,14,0,0.03,0,0.5,
ProtectiveStop,rf_19_raw_window,42,1,25,25,1,1,6,15,0,0.016666666666666666,0,0.5,
ProtectiveStop,rf_19_raw_window,42,1,25,25,1,1,7,16,0,0.016666666666666666,0,0.5,
ProtectiveStop,rf_19_raw_window,42,1,25,25,1,1,8,17,0,0.016666666666666666,0,0.5,
ProtectiveStop,rf_19_raw_window,42,1,25,25,1,1,9,18,0,0.0033333333333333335,0,0.5,
ProtectiveStop,rf_19_raw_window,42,1,25,25,1,1,10,19,0,0.013333333333333334,0,0.5,
ProtectiveStop,rf_19_raw_window,42,1,25,25,1,1,11,20,0,0.0,0,0.5,
ProtectiveStop,rf_19_raw_window,42,1,25,25,1,1,12,21,0,0.01,0,0.5,
ProtectiveStop,rf_19_raw_window,42,1,25,25,1,1,13,22,0,0.03333333333333333,0,0.5,
ProtectiveStop,rf_19_raw_window,42,1,25,25,1,1,14,23,0,0.02666666666666667,0,0.5,
ProtectiveStop,rf_19_raw_window,42,1,25,25,1,1,15,24,0,0.07,0,0.5,
ProtectiveStop,rf_19_raw_window,42,2,26,26,1,2,0,9,0,0.03333333333333333,0,0.5,
ProtectiveStop,rf_19_raw_window,42,2,26,26,1,2,1,10,0,0.0033333333333333335,0,0.5,
ProtectiveStop,rf_19_raw_window,42,2,26,26,1,2,2,11,0,0.01,0,0.5,
ProtectiveStop,rf_19_raw_window,42,2,26,26,1,2,3,12,0,0.006666666666666667,0,0.5,
ProtectiveStop,rf_19_raw_window,42,2,26,26,1,2,4,13,0,0.01,0,0.5,
ProtectiveStop,rf_19_raw_window,42,2,26,26,1,2,5,14,0,0.006666666666666667,0,0.5,
ProtectiveStop,rf_19_raw_window,42,2,26,26,1,2,6,15,0,0.01,0,0.5,
ProtectiveStop,rf_19_raw_window,42,2,26,26,1,2,7,16,0,0.01,0,0.5,
ProtectiveStop,rf_19_raw_window,42,2,26,26,1,2,8,17,0,0.0,0,0.5,
ProtectiveStop,rf_19_raw_window,42,2,26,26,1,2,9,18,0,0.043333333333333335,0,0.5,
ProtectiveStop,rf_19_raw_window,42,2,26,26,1,2,10,19,0,0.013333333333333334,0,0.5,
ProtectiveStop,rf_19_raw_window,42,2,26,26,1,2,11,20,0,0.006666666666666667,0,0.5,
ProtectiveStop,rf_19_raw_window,42,2,26,26,1,2,12,21,0,0.0033333333333333335,0,0.5,
ProtectiveStop,rf_19_raw_window,42,2,26,26,1,2,13,22,0,0.006666666666666667,0,0.5,
ProtectiveStop,rf_19_raw_window,42,2,26,26,1,2,14,23,0,0.07666666666666666,0,0.5,
ProtectiveStop,rf_19_raw_window,42,2,27,27,1,2,0,9,0,0.07,0,0.5,
ProtectiveStop,rf_19_raw_window,42,2,27,27,1,2,1,10,0,0.07666666666666666,0,0.5,
ProtectiveStop,rf_19_raw_window,42,2,27,27,1,2,2,11,0,0.02,0,0.5,
ProtectiveStop,rf_19_raw_window,42,2,27,27,1,2,3,12,0,0.0,0,0.5,
ProtectiveStop,rf_19_raw_window,42,2,27,27,1,2,4,13,0,0.0,0,0.5,
ProtectiveStop,rf_19_raw_window,42,2,27,27,1,2,5,14,0,0.0,0,0.5,
ProtectiveStop,rf_19_raw_window,42,2,27,27,1,2,6,15,0,0.0,0,0.5,
ProtectiveStop,rf_19_raw_window,42,2,27,27,1,2,7,16,0,0.0,0,0.5,
ProtectiveStop,rf_19_raw_window,42,2,27,27,1,2,8,17,0,0.0,0,0.5,
ProtectiveStop,rf_19_raw_window,42,2,27,27,1,2,9,18,0,0.0033333333333333335,0,0.5,
ProtectiveStop,rf_19_raw_window,42,2,27,27,1,2,10,19,0,0.006666666666666667,0,0.5,
ProtectiveStop,rf_19_raw_window,42,2,27,27,1,2,11,20,0,0.0033333333333333335,0,0.5,
ProtectiveStop,rf_19_raw_window,42,2,27,27,1,2,12,21,0,0.0033333333333333335,0,0.5,
ProtectiveStop,rf_19_raw_window,42,2,27,27,1,2,13,22,0,0.0,0,0.5,
ProtectiveStop,rf_19_raw_window,42,2,27,27,1,2,14,23,0,0.0,0,0.5,
ProtectiveStop,rf_19_raw_window,42,2,28,28,1,2,0,9,0,0.02666666666666667,0,0.5,
ProtectiveStop,rf_19_raw_window,42,2,28,28,1,2,1,10,0,0.04666666666666667,0,0.5,
ProtectiveStop,rf_19_raw_window,42,2,28,28,1,2,2,11,0,0.02,0,0.5,
ProtectiveStop,rf_19_raw_window,42,2,28,28,1,2,3,12,0,0.013333333333333334,0,0.5,
ProtectiveStop,rf_19_raw_window,42,2,28,28,1,2,4,13,0,0.006666666666666667,0,0.5,
ProtectiveStop,rf_19_raw_window,42,2,28,28,1,2,5,14,0,0.0,0,0.5,
ProtectiveStop,rf_19_raw_window,42,2,28,28,1,2,6,15,0,0.006666666666666667,0,0.5,
ProtectiveStop,rf_19_raw_window,42,2,28,28,1,2,7,16,0,0.02,0,0.5,
ProtectiveStop,rf_19_raw_window,42,2,28,28,1,2,8,17,0,0.013333333333333334,0,0.5,
ProtectiveStop,rf_19_raw_window,42,2,28,28,1,2,9,18,0,0.0033333333333333335,0,0.5,
ProtectiveStop,rf_19_raw_window,42,2,28,28,1,2,10,19,0,0.016666666666666666,0,0.5,
ProtectiveStop,rf_19_raw_window,42,2,28,28,1,2,11,20,0,0.043333333333333335,0,0.5,
ProtectiveStop,rf_19_raw_window,42,2,28,28,1,2,12,21,0,0.04,0,0.5,
ProtectiveStop,rf_19_raw_window,42,2,28,28,1,2,13,22,0,0.11666666666666667,0,0.5,
ProtectiveStop,rf_19_raw_window,42,2,28,28,1,2,14,23,0,0.11666666666666667,0,0.5,
ProtectiveStop,rf_19_raw_window,42,2,28,28,1,2,15,24,0,0.20666666666666667,0,0.5,
ProtectiveStop,rf_19_raw_window,42,2,29,29,1,2,0,9,0,0.02666666666666667,0,0.5,
ProtectiveStop,rf_19_raw_window,42,2,29,29,1,2,1,10,0,0.0,0,0.5,
ProtectiveStop,rf_19_raw_window,42,2,29,29,1,2,2,11,0,0.01,0,0.5,
ProtectiveStop,rf_19_raw_window,42,2,29,29,1,2,3,12,0,0.01,0,0.5,
ProtectiveStop,rf_19_raw_window,42,2,29,29,1,2,4,13,0,0.0,0,0.5,
ProtectiveStop,rf_19_raw_window,42,2,29,29,1,2,5,14,0,0.0033333333333333335,0,0.5,
ProtectiveStop,rf_19_raw_window,42,2,29,29,1,2,6,15,0,0.0,0,0.5,
ProtectiveStop,rf_19_raw_window,42,2,29,29,1,2,7,16,0,0.0033333333333333335,0,0.5,
ProtectiveStop,rf_19_raw_window,42,2,29,29,1,2,8,17,0,0.013333333333333334,0,0.5,
ProtectiveStop,rf_19_raw_window,42,2,29,29,1,2,9,18,0,0.006666666666666667,0,0.5,
ProtectiveStop,rf_19_raw_window,42,2,29,29,1,2,10,19,0,0.0033333333333333335,0,0.5,
ProtectiveStop,rf_19_raw_window,42,2,29,29,1,2,11,20,0,0.006666666666666667,0,0.5,
ProtectiveStop,rf_19_raw_window,42,2,29,29,1,2,12,21,0,0.013333333333333334,0,0.5,
ProtectiveStop,rf_19_raw_window,42,2,29,29,1,2,13,22,0,0.03333333333333333,0,0.5,
ProtectiveStop,rf_19_raw_window,42,2,29,29,1,2,14,23,0,0.03,0,0.5,
ProtectiveStop,rf_19_raw_window,42,2,30,30,1,2,0,9,0,0.02,0,0.5,
ProtectiveStop,rf_19_raw_window,42,2,30,30,1,2,1,10,0,0.006666666666666667,0,0.5,
ProtectiveStop,rf_19_raw_window,42,2,30,30,1,2,2,11,0,0.01,0,0.5,
ProtectiveStop,rf_19_raw_window,42,2,30,30,1,2,3,12,0,0.006666666666666667,0,0.5,
ProtectiveStop,rf_19_raw_window,42,2,30,30,1,2,4,13,0,0.0033333333333333335,0,0.5,
ProtectiveStop,rf_19_raw_window,42,2,30,30,1,2,5,14,0,0.0033333333333333335,0,0.5,
ProtectiveStop,rf_19_raw_window,42,2,30,30,1,2,6,15,0,0.0033333333333333335,0,0.5,
ProtectiveStop,rf_19_raw_window,42,2,30,30,1,2,7,16,0,0.0,0,0.5,
ProtectiveStop,rf_19_raw_window,42,2,30,30,1,2,8,17,0,0.013333333333333334,0,0.5,
ProtectiveStop,rf_19_raw_window,42,2,30,30,1,2,9,18,0,0.0,0,0.5,
ProtectiveStop,rf_19_raw_window,42,2,30,30,1,2,10,19,0,0.0033333333333333335,0,0.5,
ProtectiveStop,rf_19_raw_window,42,2,30,30,1,2,11,20,0,0.006666666666666667,0,0.5,
ProtectiveStop,rf_19_raw_window,42,2,30,30,1,2,12,21,0,0.0033333333333333335,0,0.5,
ProtectiveStop,rf_19_raw_window,42,2,30,30,1,2,13,22,0,0.0033333333333333335,0,0.5,
ProtectiveStop,rf_19_raw_window,42,2,30,30,1,2,14,23,0,0.013333333333333334,0,0.5,
ProtectiveStop,rf_19_raw_window,42,2,31,31,1,2,0,9,0,0.21333333333333335,0,0.5,
ProtectiveStop,rf_19_raw_window,42,2,31,31,1,2,1,10,0,0.2966666666666667,0,0.5,
ProtectiveStop,rf_19_raw_window,42,2,31,31,1,2,2,11,0,0.01,0,0.5,
ProtectiveStop,rf_19_raw_window,42,2,31,31,1,2,3,12,0,0.0033333333333333335,0,0.5,
ProtectiveStop,rf_19_raw_window,42,2,31,31,1,2,4,13,0,0.0,0,0.5,
ProtectiveStop,rf_19_raw_window,42,2,31,31,1,2,5,14,0,0.04666666666666667,0,0.5,
ProtectiveStop,rf_19_raw_window,42,2,31,31,1,2,6,15,0,0.05333333333333334,0,0.5,
ProtectiveStop,rf_19_raw_window,42,2,31,31,1,2,7,16,0,0.13666666666666666,0,0.5,
ProtectiveStop,rf_19_raw_window,42,2,31,31,1,2,8,17,0,0.15333333333333332,0,0.5,
ProtectiveStop,rf_19_raw_window,42,2,31,31,1,2,9,18,0,0.16666666666666666,0,0.5,
ProtectiveStop,rf_19_raw_window,42,2,31,31,1,2,10,19,0,0.15666666666666668,0,0.5,
ProtectiveStop,rf_19_raw_window,42,2,31,31,1,2,11,20,0,0.056666666666666664,0,0.5,
ProtectiveStop,rf_19_raw_window,42,2,31,31,1,2,12,21,0,0.043333333333333335,0,0.5,
ProtectiveStop,rf_19_raw_window,42,2,31,31,1,2,13,22,0,0.04,0,0.5,
ProtectiveStop,rf_19_raw_window,42,2,32,32,1,2,0,9,0,0.03333333333333333,0,0.5,
ProtectiveStop,rf_19_raw_window,42,2,32,32,1,2,1,10,0,0.03666666666666667,0,0.5,
ProtectiveStop,rf_19_raw_window,42,2,32,32,1,2,2,11,0,0.02666666666666667,0,0.5,
ProtectiveStop,rf_19_raw_window,42,2,32,32,1,2,3,12,0,0.0,0,0.5,
ProtectiveStop,rf_19_raw_window,42,2,32,32,1,2,4,13,0,0.0,0,0.5,
ProtectiveStop,rf_19_raw_window,42,2,32,32,1,2,5,14,0,0.0,0,0.5,
ProtectiveStop,rf_19_raw_window,42,2,32,32,1,2,6,15,0,0.0,0,0.5,
ProtectiveStop,rf_19_raw_window,42,2,32,32,1,2,7,16,0,0.0,0,0.5,
ProtectiveStop,rf_19_raw_window,42,2,32,32,1,2,8,17,0,0.0033333333333333335,0,0.5,
ProtectiveStop,rf_19_raw_window,42,2,32,32,1,2,9,18,0,0.013333333333333334,0,0.5,
ProtectiveStop,rf_19_raw_window,42,2,32,32,1,2,10,19,0,0.006666666666666667,0,0.5,
ProtectiveStop,rf_19_raw_window,42,2,32,32,1,2,11,20,0,0.07333333333333333,0,0.5,
ProtectiveStop,rf_19_raw_window,42,2,32,32,1,2,12,21,0,0.06,0,0.5,
ProtectiveStop,rf_19_raw_window,42,2,32,32,1,2,13,22,0,0.06,0,0.5,
ProtectiveStop,rf_19_raw_window,42,2,32,32,1,2,14,23,0,0.056666666666666664,0,0.5,
ProtectiveStop,rf_19_raw_window,42,2,33,33,1,2,0,9,0,0.11,0,0.5,
ProtectiveStop,rf_19_raw_window,42,2,33,33,1,2,1,10,0,0.11,0,0.5,
ProtectiveStop,rf_19_raw_window,42,2,33,33,1,2,2,11,0,0.05,0,0.5,
ProtectiveStop,rf_19_raw_window,42,2,33,33,1,2,3,12,0,0.11333333333333333,0,0.5,
ProtectiveStop,rf_19_raw_window,42,2,33,33,1,2,4,13,0,0.06333333333333334,0,0.5,
ProtectiveStop,rf_19_raw_window,42,2,33,33,1,2,5,14,0,0.03333333333333333,0,0.5,
ProtectiveStop,rf_19_raw_window,42,2,33,33,1,2,6,15,0,0.023333333333333334,0,0.5,
ProtectiveStop,rf_19_raw_window,42,2,33,33,1,2,7,16,0,0.02,0,0.5,
ProtectiveStop,rf_19_raw_window,42,2,33,33,1,2,8,17,0,0.02,0,0.5,
ProtectiveStop,rf_19_raw_window,42,2,33,33,1,2,9,18,0,0.0033333333333333335,0,0.5,
ProtectiveStop,rf_19_raw_window,42,2,33,33,1,2,10,19,0,0.006666666666666667,0,0.5,
ProtectiveStop,rf_19_raw_window,42,2,33,33,1,2,11,20,0,0.006666666666666667,0,0.5,
ProtectiveStop,rf_19_raw_window,42,2,33,33,1,2,12,21,0,0.016666666666666666,0,0.5,
ProtectiveStop,rf_19_raw_window,42,2,33,33,1,2,13,22,0,0.05333333333333334,0,0.5,
ProtectiveStop,rf_19_raw_window,42,2,33,33,1,2,14,23,0,0.07666666666666666,0,0.5,
ProtectiveStop,rf_19_raw_window,42,2,33,33,1,2,15,24,0,0.18333333333333332,0,0.5,
ProtectiveStop,rf_19_raw_window,42,2,34,34,1,2,0,9,0,0.31,0,0.5,
ProtectiveStop,rf_19_raw_window,42,2,34,34,1,2,1,10,0,0.13,0,0.5,
ProtectiveStop,rf_19_raw_window,42,2,34,34,1,2,2,11,0,0.07333333333333333,0,0.5,
ProtectiveStop,rf_19_raw_window,42,2,34,34,1,2,3,12,0,0.013333333333333334,0,0.5,
ProtectiveStop,rf_19_raw_window,42,2,34,34,1,2,4,13,0,0.03333333333333333,0,0.5,
ProtectiveStop,rf_19_raw_window,42,2,34,34,1,2,5,14,0,0.016666666666666666,0,0.5,
ProtectiveStop,rf_19_raw_window,42,2,34,34,1,2,6,15,0,0.03333333333333333,0,0.5,
ProtectiveStop,rf_19_raw_window,42,2,34,34,1,2,7,16,0,0.006666666666666667,0,0.5,
ProtectiveStop,rf_19_raw_window,42,2,34,34,1,2,8,17,0,0.006666666666666667,0,0.5,
ProtectiveStop,rf_19_raw_window,42,2,34,34,1,2,9,18,0,0.01,0,0.5,
ProtectiveStop,rf_19_raw_window,42,2,34,34,1,2,10,19,0,0.006666666666666667,0,0.5,
ProtectiveStop,rf_19_raw_window,42,2,34,34,1,2,11,20,0,0.01,0,0.5,
ProtectiveStop,rf_19_raw_window,42,2,34,34,1,2,12,21,0,0.02,0,0.5,
ProtectiveStop,rf_19_raw_window,42,2,34,34,1,2,13,22,0,0.0,0,0.5,
ProtectiveStop,rf_19_raw_window,42,2,34,34,1,2,14,23,0,0.0,0,0.5,
ProtectiveStop,rf_19_raw_window,42,2,35,35,1,2,0,9,1,0.54,1,0.5,
ProtectiveStop,rf_19_raw_window,42,2,35,35,1,2,1,10,1,0.6366666666666667,1,0.5,
ProtectiveStop,rf_19_raw_window,42,2,35,35,1,2,2,11,1,0.6766666666666666,1,0.5,
ProtectiveStop,rf_19_raw_window,42,2,35,35,1,2,3,12,1,0.7666666666666667,1,0.5,
ProtectiveStop,rf_19_raw_window,42,2,35,35,1,2,4,13,1,0.41,0,0.5,
ProtectiveStop,rf_19_raw_window,42,2,35,35,1,2,5,14,1,0.31666666666666665,0,0.5,
ProtectiveStop,rf_19_raw_window,42,2,35,35,1,2,6,15,0,0.18333333333333332,0,0.5,
ProtectiveStop,rf_19_raw_window,42,2,35,35,1,2,7,16,0,0.02,0,0.5,
ProtectiveStop,rf_19_raw_window,42,2,35,35,1,2,8,17,0,0.03,0,0.5,
ProtectiveStop,rf_19_raw_window,42,2,35,35,1,2,9,18,0,0.01,0,0.5,
ProtectiveStop,rf_19_raw_window,42,2,35,35,1,2,10,19,0,0.0033333333333333335,0,0.5,
ProtectiveStop,rf_19_raw_window,42,2,35,35,1,2,11,20,0,0.0033333333333333335,0,0.5,
ProtectiveStop,rf_19_raw_window,42,2,35,35,1,2,12,21,0,0.0033333333333333335,0,0.5,
ProtectiveStop,rf_19_raw_window,42,2,35,35,1,2,13,22,0,0.01,0,0.5,
ProtectiveStop,rf_19_raw_window,42,2,35,35,1,2,14,23,0,0.07666666666666666,0,0.5,
ProtectiveStop,rf_19_raw_window,42,2,35,35,1,2,15,24,0,0.07666666666666666,0,0.5,
ProtectiveStop,rf_19_raw_window,42,2,35,35,1,2,16,25,0,0.11666666666666667,0,0.5,
ProtectiveStop,rf_19_raw_window,42,2,35,35,1,2,17,26,0,0.19333333333333333,0,0.5,
ProtectiveStop,rf_19_raw_window,42,2,35,35,1,2,18,27,0,0.18333333333333332,0,0.5,
ProtectiveStop,rf_19_raw_window,42,2,35,35,1,2,19,28,0,0.14666666666666667,0,0.5,
ProtectiveStop,rf_19_raw_window,42,2,36,36,1,2,0,9,0,0.05,0,0.5,
ProtectiveStop,rf_19_raw_window,42,2,36,36,1,2,1,10,0,0.0033333333333333335,0,0.5,
ProtectiveStop,rf_19_raw_window,42,2,36,36,1,2,2,11,0,0.0,0,0.5,
ProtectiveStop,rf_19_raw_window,42,2,36,36,1,2,3,12,0,0.0,0,0.5,
ProtectiveStop,rf_19_raw_window,42,2,36,36,1,2,4,13,0,0.0,0,0.5,
ProtectiveStop,rf_19_raw_window,42,2,36,36,1,2,5,14,0,0.013333333333333334,0,0.5,
ProtectiveStop,rf_19_raw_window,42,2,36,36,1,2,6,15,0,0.0,0,0.5,
ProtectiveStop,rf_19_raw_window,42,2,36,36,1,2,7,16,0,0.0,0,0.5,
ProtectiveStop,rf_19_raw_window,42,2,36,36,1,2,8,17,0,0.0,0,0.5,
ProtectiveStop,rf_19_raw_window,42,2,36,36,1,2,9,18,0,0.04,0,0.5,
ProtectiveStop,rf_19_raw_window,42,2,36,36,1,2,10,19,0,0.22666666666666666,0,0.5,
ProtectiveStop,rf_19_raw_window,42,2,36,36,1,2,11,20,0,0.31,0,0.5,
ProtectiveStop,rf_19_raw_window,42,2,36,36,1,2,12,21,0,0.26,0,0.5,
ProtectiveStop,rf_19_raw_window,42,2,36,36,1,2,13,22,0,0.19,0,0.5,
ProtectiveStop,rf_19_raw_window,42,2,36,36,1,2,14,23,0,0.13333333333333333,0,0.5,
ProtectiveStop,rf_19_raw_window,42,2,36,36,1,2,15,24,0,0.1,0,0.5,
ProtectiveStop,rf_19_raw_window,42,2,36,36,1,2,16,25,0,0.05,0,0.5,
ProtectiveStop,rf_19_raw_window,42,2,36,36,1,2,17,26,0,0.043333333333333335,0,0.5,
ProtectiveStop,rf_19_raw_window,42,2,36,36,1,2,18,27,0,0.043333333333333335,0,0.5,
ProtectiveStop,rf_19_raw_window,42,2,36,36,1,2,19,28,0,0.03666666666666667,0,0.5,
ProtectiveStop,rf_19_raw_window,42,2,36,36,1,2,20,29,0,0.043333333333333335,0,0.5,
ProtectiveStop,rf_19_raw_window,42,2,36,36,1,2,21,30,0,0.08,0,0.5,
ProtectiveStop,rf_19_raw_window,42,2,36,36,1,2,22,31,0,0.14666666666666667,0,0.5,
ProtectiveStop,rf_19_raw_window,42,2,36,36,1,2,23,32,0,0.16333333333333333,0,0.5,
ProtectiveStop,rf_19_raw_window,42,2,37,37,1,2,0,9,0,0.09666666666666666,0,0.5,
ProtectiveStop,rf_19_raw_window,42,2,37,37,1,2,1,10,0,0.07,0,0.5,
ProtectiveStop,rf_19_raw_window,42,2,37,37,1,2,2,11,0,0.08666666666666667,0,0.5,
ProtectiveStop,rf_19_raw_window,42,2,37,37,1,2,3,12,0,0.04666666666666667,0,0.5,
ProtectiveStop,rf_19_raw_window,42,2,37,37,1,2,4,13,0,0.03,0,0.5,
ProtectiveStop,rf_19_raw_window,42,2,37,37,1,2,5,14,0,0.016666666666666666,0,0.5,
ProtectiveStop,rf_19_raw_window,42,2,37,37,1,2,6,15,0,0.0033333333333333335,0,0.5,
ProtectiveStop,rf_19_raw_window,42,2,37,37,1,2,7,16,0,0.0033333333333333335,0,0.5,
ProtectiveStop,rf_19_raw_window,42,2,37,37,1,2,8,17,0,0.0033333333333333335,0,0.5,
ProtectiveStop,rf_19_raw_window,42,2,37,37,1,2,9,18,0,0.03666666666666667,0,0.5,
ProtectiveStop,rf_19_raw_window,42,2,37,37,1,2,10,19,0,0.05,0,0.5,
ProtectiveStop,rf_19_raw_window,42,2,37,37,1,2,11,20,0,0.006666666666666667,0,0.5,
ProtectiveStop,rf_19_raw_window,42,2,37,37,1,2,12,21,0,0.0,0,0.5,
ProtectiveStop,rf_19_raw_window,42,2,37,37,1,2,13,22,0,0.006666666666666667,0,0.5,
ProtectiveStop,rf_19_raw_window,42,2,37,37,1,2,14,23,0,0.01,0,0.5,
ProtectiveStop,rf_19_raw_window,42,2,38,38,1,2,0,9,0,0.013333333333333334,0,0.5,
ProtectiveStop,rf_19_raw_window,42,2,38,38,1,2,1,10,0,0.006666666666666667,0,0.5,
ProtectiveStop,rf_19_raw_window,42,2,38,38,1,2,2,11,0,0.006666666666666667,0,0.5,
ProtectiveStop,rf_19_raw_window,42,2,38,38,1,2,3,12,0,0.0,0,0.5,
ProtectiveStop,rf_19_raw_window,42,2,38,38,1,2,4,13,0,0.01,0,0.5,
ProtectiveStop,rf_19_raw_window,42,2,38,38,1,2,5,14,0,0.0033333333333333335,0,0.5,
ProtectiveStop,rf_19_raw_window,42,2,38,38,1,2,6,15,0,0.0033333333333333335,0,0.5,
ProtectiveStop,rf_19_raw_window,42,2,38,38,1,2,7,16,0,0.0033333333333333335,0,0.5,
ProtectiveStop,rf_19_raw_window,42,2,38,38,1,2,8,17,0,0.0,0,0.5,
ProtectiveStop,rf_19_raw_window,42,2,38,38,1,2,9,18,0,0.013333333333333334,0,0.5,
ProtectiveStop,rf_19_raw_window,42,2,38,38,1,2,10,19,0,0.03333333333333333,0,0.5,
ProtectiveStop,rf_19_raw_window,42,2,38,38,1,2,11,20,0,0.0033333333333333335,0,0.5,
ProtectiveStop,rf_19_raw_window,42,2,38,38,1,2,12,21,0,0.0,0,0.5,
ProtectiveStop,rf_19_raw_window,42,2,38,38,1,2,13,22,0,0.0,0,0.5,
ProtectiveStop,rf_19_raw_window,42,2,38,38,1,2,14,23,0,0.0,0,0.5,
ProtectiveStop,rf_19_raw_window,42,2,39,39,1,2,0,9,0,0.016666666666666666,0,0.5,
ProtectiveStop,rf_19_raw_window,42,2,39,39,1,2,1,10,0,0.016666666666666666,0,0.5,
ProtectiveStop,rf_19_raw_window,42,2,39,39,1,2,2,11,0,0.0,0,0.5,
ProtectiveStop,rf_19_raw_window,42,2,39,39,1,2,3,12,0,0.0033333333333333335,0,0.5,
ProtectiveStop,rf_19_raw_window,42,2,39,39,1,2,4,13,0,0.0,0,0.5,
ProtectiveStop,rf_19_raw_window,42,2,39,39,1,2,5,14,0,0.0033333333333333335,0,0.5,
ProtectiveStop,rf_19_raw_window,42,2,39,39,1,2,6,15,0,0.0,0,0.5,
ProtectiveStop,rf_19_raw_window,42,2,39,39,1,2,7,16,0,0.0,0,0.5,
ProtectiveStop,rf_19_raw_window,42,2,39,39,1,2,8,17,0,0.0,0,0.5,
ProtectiveStop,rf_19_raw_window,42,2,39,39,1,2,9,18,0,0.0033333333333333335,0,0.5,
ProtectiveStop,rf_19_raw_window,42,2,39,39,1,2,10,19,0,0.0033333333333333335,0,0.5,
ProtectiveStop,rf_19_raw_window,42,2,39,39,1,2,11,20,0,0.016666666666666666,0,0.5,
ProtectiveStop,rf_19_raw_window,42,2,39,39,1,2,12,21,0,0.0,0,0.5,
ProtectiveStop,rf_19_raw_window,42,2,39,39,1,2,13,22,0,0.0,0,0.5,
ProtectiveStop,rf_19_raw_window,42,2,39,39,1,2,14,23,0,0.0033333333333333335,0,0.5,
ProtectiveStop,rf_19_raw_window,42,2,40,40,1,2,0,9,0,0.03333333333333333,0,0.5,
ProtectiveStop,rf_19_raw_window,42,2,40,40,1,2,1,10,0,0.02,0,0.5,
ProtectiveStop,rf_19_raw_window,42,2,40,40,1,2,2,11,0,0.03333333333333333,0,0.5,
ProtectiveStop,rf_19_raw_window,42,2,40,40,1,2,3,12,0,0.03,0,0.5,
ProtectiveStop,rf_19_raw_window,42,2,40,40,1,2,4,13,0,0.05333333333333334,0,0.5,
ProtectiveStop,rf_19_raw_window,42,2,40,40,1,2,5,14,0,0.15666666666666668,0,0.5,
ProtectiveStop,rf_19_raw_window,42,2,40,40,1,2,6,15,0,0.16,0,0.5,
ProtectiveStop,rf_19_raw_window,42,2,40,40,1,2,7,16,0,0.10666666666666667,0,0.5,
ProtectiveStop,rf_19_raw_window,42,2,40,40,1,2,8,17,0,0.10666666666666667,0,0.5,
ProtectiveStop,rf_19_raw_window,42,2,40,40,1,2,9,18,0,0.15666666666666668,0,0.5,
ProtectiveStop,rf_19_raw_window,42,2,40,40,1,2,10,19,0,0.11,0,0.5,
ProtectiveStop,rf_19_raw_window,42,2,40,40,1,2,11,20,0,0.15666666666666668,0,0.5,
ProtectiveStop,rf_19_raw_window,42,2,40,40,1,2,12,21,0,0.17666666666666667,0,0.5,
ProtectiveStop,rf_19_raw_window,42,2,40,40,1,2,13,22,0,0.18,0,0.5,
ProtectiveStop,rf_19_raw_window,42,2,40,40,1,2,14,23,0,0.16666666666666666,0,0.5,
ProtectiveStop,rf_19_raw_window,42,2,40,40,1,2,15,24,0,0.16,0,0.5,
ProtectiveStop,rf_19_raw_window,42,2,40,40,1,2,16,25,0,0.18666666666666668,0,0.5,
ProtectiveStop,rf_19_raw_window,42,2,40,40,1,2,17,26,0,0.18333333333333332,0,0.5,
ProtectiveStop,rf_19_raw_window,42,2,40,40,1,2,18,27,0,0.14,0,0.5,
ProtectiveStop,rf_19_raw_window,42,2,40,40,1,2,19,28,0,0.13666666666666666,0,0.5,
ProtectiveStop,rf_19_raw_window,42,2,41,41,1,2,0,9,0,0.016666666666666666,0,0.5,
ProtectiveStop,rf_19_raw_window,42,2,41,41,1,2,1,10,0,0.08333333333333333,0,0.5,
ProtectiveStop,rf_19_raw_window,42,2,41,41,1,2,2,11,0,0.013333333333333334,0,0.5,
ProtectiveStop,rf_19_raw_window,42,2,41,41,1,2,3,12,0,0.02666666666666667,0,0.5,
ProtectiveStop,rf_19_raw_window,42,2,41,41,1,2,4,13,0,0.013333333333333334,0,0.5,
ProtectiveStop,rf_19_raw_window,42,2,41,41,1,2,5,14,0,0.0,0,0.5,
ProtectiveStop,rf_19_raw_window,42,2,41,41,1,2,6,15,0,0.0,0,0.5,
ProtectiveStop,rf_19_raw_window,42,2,41,41,1,2,7,16,0,0.0,0,0.5,
ProtectiveStop,rf_19_raw_window,42,2,41,41,1,2,8,17,0,0.0,0,0.5,
ProtectiveStop,rf_19_raw_window,42,2,41,41,1,2,9,18,0,0.0033333333333333335,0,0.5,
ProtectiveStop,rf_19_raw_window,42,2,41,41,1,2,10,19,0,0.0033333333333333335,0,0.5,
ProtectiveStop,rf_19_raw_window,42,2,41,41,1,2,11,20,0,0.023333333333333334,0,0.5,
ProtectiveStop,rf_19_raw_window,42,2,41,41,1,2,12,21,0,0.006666666666666667,0,0.5,
ProtectiveStop,rf_19_raw_window,42,2,41,41,1,2,13,22,0,0.0033333333333333335,0,0.5,
ProtectiveStop,rf_19_raw_window,42,2,41,41,1,2,14,23,0,0.0033333333333333335,0,0.5,
ProtectiveStop,rf_19_raw_window,42,2,42,42,1,2,0,9,1,0.7933333333333333,1,0.5,
ProtectiveStop,rf_19_raw_window,42,2,42,42,1,2,1,10,1,0.8,1,0.5,
ProtectiveStop,rf_19_raw_window,42,2,42,42,1,2,2,11,1,0.7366666666666667,1,0.5,
ProtectiveStop,rf_19_raw_window,42,2,42,42,1,2,3,12,1,0.7566666666666667,1,0.5,
ProtectiveStop,rf_19_raw_window,42,2,42,42,1,2,4,13,1,0.7466666666666667,1,0.5,
ProtectiveStop,rf_19_raw_window,42,2,42,42,1,2,5,14,1,0.4866666666666667,0,0.5,
ProtectiveStop,rf_19_raw_window,42,2,42,42,1,2,6,15,1,0.43,0,0.5,
ProtectiveStop,rf_19_raw_window,42,2,42,42,1,2,7,16,1,0.5266666666666666,1,0.5,
ProtectiveStop,rf_19_raw_window,42,2,42,42,1,2,8,17,1,0.7033333333333334,1,0.5,
ProtectiveStop,rf_19_raw_window,42,2,42,42,1,2,9,18,1,0.6733333333333333,1,0.5,
ProtectiveStop,rf_19_raw_window,42,2,42,42,1,2,10,19,1,0.6966666666666667,1,0.5,
ProtectiveStop,rf_19_raw_window,42,2,42,42,1,2,11,20,1,0.6733333333333333,1,0.5,
ProtectiveStop,rf_19_raw_window,42,2,42,42,1,2,12,21,1,0.6433333333333333,1,0.5,
ProtectiveStop,rf_19_raw_window,42,2,42,42,1,2,13,22,1,0.7066666666666667,1,0.5,
ProtectiveStop,rf_19_raw_window,42,2,42,42,1,2,14,23,1,0.68,1,0.5,
ProtectiveStop,rf_19_raw_window,42,2,42,42,1,2,15,24,1,0.65,1,0.5,
ProtectiveStop,rf_19_raw_window,42,2,42,42,1,2,16,25,1,0.6966666666666667,1,0.5,
ProtectiveStop,rf_19_raw_window,42,2,42,42,1,2,17,26,1,0.5766666666666667,1,0.5,
ProtectiveStop,rf_19_raw_window,42,2,42,42,1,2,18,27,1,0.6,1,0.5,
ProtectiveStop,rf_19_raw_window,42,2,42,42,1,2,19,28,1,0.6,1,0.5,
ProtectiveStop,rf_19_raw_window,42,2,42,42,1,2,20,29,1,0.6,1,0.5,
ProtectiveStop,rf_19_raw_window,42,2,42,42,1,2,21,30,1,0.6033333333333334,1,0.5,
ProtectiveStop,rf_19_raw_window,42,2,42,42,1,2,22,31,1,0.6266666666666667,1,0.5,
ProtectiveStop,rf_19_raw_window,42,2,42,42,1,2,23,32,1,0.6266666666666667,1,0.5,
ProtectiveStop,rf_19_raw_window,42,2,42,42,1,2,24,33,1,0.6266666666666667,1,0.5,
ProtectiveStop,rf_19_raw_window,42,2,42,42,1,2,25,34,1,0.6133333333333333,1,0.5,
ProtectiveStop,rf_19_raw_window,42,2,42,42,1,2,26,35,1,0.5833333333333334,1,0.5,
ProtectiveStop,rf_19_raw_window,42,2,42,42,1,2,27,36,1,0.5,0,0.5,
ProtectiveStop,rf_19_raw_window,42,2,42,42,1,2,28,37,1,0.38666666666666666,0,0.5,
ProtectiveStop,rf_19_raw_window,42,2,42,42,1,2,29,38,0,0.34,0,0.5,
ProtectiveStop,rf_19_raw_window,42,2,42,42,1,2,30,39,0,0.2633333333333333,0,0.5,
ProtectiveStop,rf_19_raw_window,42,2,42,42,1,2,31,40,0,0.24666666666666667,0,0.5,
ProtectiveStop,rf_19_raw_window,42,2,42,42,1,2,32,41,0,0.24333333333333335,0,0.5,
ProtectiveStop,rf_19_raw_window,42,2,42,42,1,2,33,42,0,0.23666666666666666,0,0.5,
ProtectiveStop,rf_19_raw_window,42,2,42,42,1,2,34,43,0,0.41,0,0.5,
ProtectiveStop,rf_19_raw_window,42,2,42,42,1,2,35,44,0,0.4066666666666667,0,0.5,
ProtectiveStop,rf_19_raw_window,42,2,42,42,1,2,36,45,0,0.42,0,0.5,
ProtectiveStop,rf_19_raw_window,42,2,42,42,1,2,37,46,0,0.41,0,0.5,
ProtectiveStop,rf_19_raw_window,42,2,42,42,1,2,38,47,0,0.41,0,0.5,
ProtectiveStop,rf_19_raw_window,42,2,42,42,1,2,39,48,0,0.42,0,0.5,
ProtectiveStop,rf_19_raw_window,42,2,42,42,1,2,40,49,0,0.3933333333333333,0,0.5,
ProtectiveStop,rf_19_raw_window,42,2,42,42,1,2,41,50,0,0.39,0,0.5,
ProtectiveStop,rf_19_raw_window,42,2,42,42,1,2,42,51,0,0.35333333333333333,0,0.5,
ProtectiveStop,rf_19_raw_window,42,2,42,42,1,2,43,52,0,0.38333333333333336,0,0.5,
ProtectiveStop,rf_19_raw_window,42,2,42,42,1,2,44,53,0,0.19,0,0.5,
ProtectiveStop,rf_19_raw_window,42,2,42,42,1,2,45,54,0,0.18333333333333332,0,0.5,
ProtectiveStop,rf_19_raw_window,42,2,42,42,1,2,46,55,0,0.20333333333333334,0,0.5,
ProtectiveStop,rf_19_raw_window,42,2,42,42,1,2,47,56,0,0.19666666666666666,0,0.5,
ProtectiveStop,rf_19_raw_window,42,2,42,42,1,2,48,57,0,0.24,0,0.5,
ProtectiveStop,rf_19_raw_window,42,2,42,42,1,2,49,58,0,0.22333333333333333,0,0.5,
ProtectiveStop,rf_19_raw_window,42,2,42,42,1,2,50,59,0,0.19,0,0.5,
ProtectiveStop,rf_19_raw_window,42,2,42,42,1,2,51,60,0,0.13333333333333333,0,0.5,
ProtectiveStop,rf_19_raw_window,42,2,42,42,1,2,52,61,0,0.11333333333333333,0,0.5,
ProtectiveStop,rf_19_raw_window,42,2,42,42,1,2,53,62,0,0.11666666666666667,0,0.5,
ProtectiveStop,rf_19_raw_window,42,2,42,42,1,2,54,63,0,0.12333333333333334,0,0.5,
ProtectiveStop,rf_19_raw_window,42,2,42,42,1,2,55,64,0,0.12333333333333334,0,0.5,
ProtectiveStop,rf_19_raw_window,42,2,42,42,1,2,56,65,0,0.13,0,0.5,
ProtectiveStop,rf_19_raw_window,42,2,42,42,1,2,57,66,0,0.12333333333333334,0,0.5,
ProtectiveStop,rf_19_raw_window,42,2,42,42,1,2,58,67,0,0.12333333333333334,0,0.5,
ProtectiveStop,rf_19_raw_window,42,2,42,42,1,2,59,68,0,0.17333333333333334,0,0.5,
ProtectiveStop,rf_19_raw_window,42,2,42,42,1,2,60,69,0,0.31666666666666665,0,0.5,
ProtectiveStop,rf_19_raw_window,42,2,42,42,1,2,61,70,0,0.33,0,0.5,
ProtectiveStop,rf_19_raw_window,42,2,42,42,1,2,62,71,0,0.34,0,0.5,
ProtectiveStop,rf_19_raw_window,42,2,42,42,1,2,63,72,0,0.3433333333333333,0,0.5,
ProtectiveStop,rf_19_raw_window,42,2,42,42,1,2,64,73,0,0.34,0,0.5,
ProtectiveStop,rf_19_raw_window,42,2,42,42,1,2,65,74,0,0.33,0,0.5,
ProtectiveStop,rf_19_raw_window,42,2,42,42,1,2,66,75,0,0.2633333333333333,0,0.5,
ProtectiveStop,rf_19_raw_window,42,2,42,42,1,2,67,76,0,0.22,0,0.5,
ProtectiveStop,rf_19_raw_window,42,2,42,42,1,2,68,77,0,0.23,0,0.5,
ProtectiveStop,rf_19_raw_window,42,2,42,42,1,2,69,78,0,0.2733333333333333,0,0.5,
ProtectiveStop,rf_19_raw_window,42,2,42,42,1,2,70,79,0,0.24,0,0.5,
ProtectiveStop,rf_19_raw_window,42,2,43,43,1,2,0,9,0,0.013333333333333334,0,0.5,
ProtectiveStop,rf_19_raw_window,42,2,43,43,1,2,1,10,0,0.02666666666666667,0,0.5,
ProtectiveStop,rf_19_raw_window,42,2,43,43,1,2,2,11,0,0.02666666666666667,0,0.5,
ProtectiveStop,rf_19_raw_window,42,2,43,43,1,2,3,12,0,0.01,0,0.5,
ProtectiveStop,rf_19_raw_window,42,2,43,43,1,2,4,13,0,0.023333333333333334,0,0.5,
ProtectiveStop,rf_19_raw_window,42,2,43,43,1,2,5,14,0,0.006666666666666667,0,0.5,
ProtectiveStop,rf_19_raw_window,42,2,43,43,1,2,6,15,0,0.0033333333333333335,0,0.5,
ProtectiveStop,rf_19_raw_window,42,2,43,43,1,2,7,16,0,0.01,0,0.5,
ProtectiveStop,rf_19_raw_window,42,2,43,43,1,2,8,17,0,0.01,0,0.5,
ProtectiveStop,rf_19_raw_window,42,2,43,43,1,2,9,18,0,0.013333333333333334,0,0.5,
ProtectiveStop,rf_19_raw_window,42,2,43,43,1,2,10,19,0,0.013333333333333334,0,0.5,
ProtectiveStop,rf_19_raw_window,42,2,43,43,1,2,11,20,0,0.02666666666666667,0,0.5,
ProtectiveStop,rf_19_raw_window,42,2,43,43,1,2,12,21,0,0.04,0,0.5,
ProtectiveStop,rf_19_raw_window,42,2,43,43,1,2,13,22,0,0.02666666666666667,0,0.5,
ProtectiveStop,rf_19_raw_window,42,2,43,43,1,2,14,23,0,0.03666666666666667,0,0.5,
ProtectiveStop,rf_19_raw_window,42,2,44,44,1,2,0,9,0,0.06333333333333334,0,0.5,
ProtectiveStop,rf_19_raw_window,42,2,44,44,1,2,1,10,0,0.01,0,0.5,
ProtectiveStop,rf_19_raw_window,42,2,44,44,1,2,2,11,0,0.03333333333333333,0,0.5,
ProtectiveStop,rf_19_raw_window,42,2,44,44,1,2,3,12,0,0.013333333333333334,0,0.5,
ProtectiveStop,rf_19_raw_window,42,2,44,44,1,2,4,13,0,0.0033333333333333335,0,0.5,
ProtectiveStop,rf_19_raw_window,42,2,44,44,1,2,5,14,0,0.0033333333333333335,0,0.5,
ProtectiveStop,rf_19_raw_window,42,2,44,44,1,2,6,15,0,0.0,0,0.5,
ProtectiveStop,rf_19_raw_window,42,2,44,44,1,2,7,16,0,0.0,0,0.5,
ProtectiveStop,rf_19_raw_window,42,2,44,44,1,2,8,17,0,0.006666666666666667,0,0.5,
ProtectiveStop,rf_19_raw_window,42,2,44,44,1,2,9,18,0,0.07666666666666666,0,0.5,
ProtectiveStop,rf_19_raw_window,42,2,44,44,1,2,10,19,0,0.01,0,0.5,
ProtectiveStop,rf_19_raw_window,42,2,44,44,1,2,11,20,0,0.02666666666666667,0,0.5,
ProtectiveStop,rf_19_raw_window,42,2,44,44,1,2,12,21,0,0.09666666666666666,0,0.5,
ProtectiveStop,rf_19_raw_window,42,2,44,44,1,2,13,22,0,0.08666666666666667,0,0.5,
ProtectiveStop,rf_19_raw_window,42,2,44,44,1,2,14,23,0,0.04666666666666667,0,0.5,
ProtectiveStop,rf_19_raw_window,42,2,45,45,1,2,0,9,0,0.04666666666666667,0,0.5,
ProtectiveStop,rf_19_raw_window,42,2,45,45,1,2,1,10,0,0.27,0,0.5,
ProtectiveStop,rf_19_raw_window,42,2,45,45,1,2,2,11,0,0.0033333333333333335,0,0.5,
ProtectiveStop,rf_19_raw_window,42,2,45,45,1,2,3,12,0,0.0,0,0.5,
ProtectiveStop,rf_19_raw_window,42,2,45,45,1,2,4,13,0,0.0033333333333333335,0,0.5,
ProtectiveStop,rf_19_raw_window,42,2,45,45,1,2,5,14,0,0.006666666666666667,0,0.5,
ProtectiveStop,rf_19_raw_window,42,2,45,45,1,2,6,15,0,0.0,0,0.5,
ProtectiveStop,rf_19_raw_window,42,2,45,45,1,2,7,16,0,0.0,0,0.5,
ProtectiveStop,rf_19_raw_window,42,2,45,45,1,2,8,17,0,0.013333333333333334,0,0.5,
ProtectiveStop,rf_19_raw_window,42,2,45,45,1,2,9,18,0,0.02666666666666667,0,0.5,
ProtectiveStop,rf_19_raw_window,42,2,45,45,1,2,10,19,0,0.03333333333333333,0,0.5,
ProtectiveStop,rf_19_raw_window,42,2,45,45,1,2,11,20,0,0.03666666666666667,0,0.5,
ProtectiveStop,rf_19_raw_window,42,2,45,45,1,2,12,21,0,0.03,0,0.5,
ProtectiveStop,rf_19_raw_window,42,2,45,45,1,2,13,22,0,0.043333333333333335,0,0.5,
ProtectiveStop,rf_19_raw_window,42,2,45,45,1,2,14,23,0,0.05,0,0.5,
ProtectiveStop,rf_19_raw_window,42,2,48,48,1,2,0,9,0,0.08333333333333333,0,0.5,
ProtectiveStop,rf_19_raw_window,42,2,48,48,1,2,1,10,0,0.01,0,0.5,
ProtectiveStop,rf_19_raw_window,42,2,48,48,1,2,2,11,0,0.02,0,0.5,
ProtectiveStop,rf_19_raw_window,42,2,48,48,1,2,3,12,0,0.0033333333333333335,0,0.5,
ProtectiveStop,rf_19_raw_window,42,2,48,48,1,2,4,13,0,0.0,0,0.5,
ProtectiveStop,rf_19_raw_window,42,2,48,48,1,2,5,14,0,0.0,0,0.5,
ProtectiveStop,rf_19_raw_window,42,2,48,48,1,2,6,15,0,0.0,0,0.5,
ProtectiveStop,rf_19_raw_window,42,2,48,48,1,2,7,16,0,0.0,0,0.5,
ProtectiveStop,rf_19_raw_window,42,2,48,48,1,2,8,17,0,0.016666666666666666,0,0.5,
ProtectiveStop,rf_19_raw_window,42,2,48,48,1,2,9,18,0,0.04,0,0.5,
ProtectiveStop,rf_19_raw_window,42,2,48,48,1,2,10,19,0,0.013333333333333334,0,0.5,
ProtectiveStop,rf_19_raw_window,42,2,48,48,1,2,11,20,0,0.01,0,0.5,
ProtectiveStop,rf_19_raw_window,42,2,48,48,1,2,12,21,0,0.01,0,0.5,
ProtectiveStop,rf_19_raw_window,42,2,48,48,1,2,13,22,0,0.013333333333333334,0,0.5,
ProtectiveStop,rf_19_raw_window,42,2,48,48,1,2,14,23,0,0.006666666666666667,0,0.5,
ProtectiveStop,rf_19_raw_window,42,2,49,49,1,2,0,9,0,0.06333333333333334,0,0.5,
ProtectiveStop,rf_19_raw_window,42,2,49,49,1,2,1,10,0,0.17666666666666667,0,0.5,
ProtectiveStop,rf_19_raw_window,42,2,49,49,1,2,2,11,0,0.04666666666666667,0,0.5,
ProtectiveStop,rf_19_raw_window,42,2,49,49,1,2,3,12,0,0.013333333333333334,0,0.5,
ProtectiveStop,rf_19_raw_window,42,2,49,49,1,2,4,13,0,0.006666666666666667,0,0.5,
ProtectiveStop,rf_19_raw_window,42,2,49,49,1,2,5,14,0,0.0,0,0.5,
ProtectiveStop,rf_19_raw_window,42,2,49,49,1,2,6,15,0,0.0,0,0.5,
ProtectiveStop,rf_19_raw_window,42,2,49,49,1,2,7,16,0,0.0,0,0.5,
ProtectiveStop,rf_19_raw_window,42,2,49,49,1,2,8,17,0,0.0,0,0.5,
ProtectiveStop,rf_19_raw_window,42,2,49,49,1,2,9,18,0,0.0,0,0.5,
ProtectiveStop,rf_19_raw_window,42,2,49,49,1,2,10,19,0,0.0033333333333333335,0,0.5,
ProtectiveStop,rf_19_raw_window,42,2,49,49,1,2,11,20,0,0.01,0,0.5,
ProtectiveStop,rf_19_raw_window,42,2,49,49,1,2,12,21,0,0.016666666666666666,0,0.5,
ProtectiveStop,rf_19_raw_window,42,2,49,49,1,2,13,22,0,0.01,0,0.5,
ProtectiveStop,rf_19_raw_window,42,2,49,49,1,2,14,23,0,0.013333333333333334,0,0.5,
ProtectiveStop,rf_19_raw_window,42,2,50,50,1,2,0,9,0,0.12,0,0.5,
ProtectiveStop,rf_19_raw_window,42,2,50,50,1,2,1,10,0,0.09,0,0.5,
ProtectiveStop,rf_19_raw_window,42,2,50,50,1,2,2,11,0,0.03,0,0.5,
ProtectiveStop,rf_19_raw_window,42,2,50,50,1,2,3,12,0,0.03,0,0.5,
ProtectiveStop,rf_19_raw_window,42,2,50,50,1,2,4,13,0,0.013333333333333334,0,0.5,
ProtectiveStop,rf_19_raw_window,42,2,50,50,1,2,5,14,0,0.01,0,0.5,
ProtectiveStop,rf_19_raw_window,42,2,50,50,1,2,6,15,0,0.0033333333333333335,0,0.5,
ProtectiveStop,rf_19_raw_window,42,2,50,50,1,2,7,16,0,0.006666666666666667,0,0.5,
ProtectiveStop,rf_19_raw_window,42,2,50,50,1,2,8,17,0,0.023333333333333334,0,0.5,
ProtectiveStop,rf_19_raw_window,42,2,50,50,1,2,9,18,0,0.006666666666666667,0,0.5,
ProtectiveStop,rf_19_raw_window,42,2,50,50,1,2,10,19,0,0.01,0,0.5,
ProtectiveStop,rf_19_raw_window,42,2,50,50,1,2,11,20,0,0.006666666666666667,0,0.5,
ProtectiveStop,rf_19_raw_window,42,2,50,50,1,2,12,21,0,0.0,0,0.5,
ProtectiveStop,rf_19_raw_window,42,2,50,50,1,2,13,22,0,0.0,0,0.5,
ProtectiveStop,rf_19_raw_window,42,2,50,50,1,2,14,23,0,0.006666666666666667,0,0.5,
ProtectiveStop,rf_19_raw_window,42,3,51,51,1,3,0,9,0,0.08333333333333333,0,0.5,
ProtectiveStop,rf_19_raw_window,42,3,51,51,1,3,1,10,0,0.03333333333333333,0,0.5,
ProtectiveStop,rf_19_raw_window,42,3,51,51,1,3,2,11,0,0.023333333333333334,0,0.5,
ProtectiveStop,rf_19_raw_window,42,3,51,51,1,3,3,12,0,0.02,0,0.5,
ProtectiveStop,rf_19_raw_window,42,3,51,51,1,3,4,13,0,0.016666666666666666,0,0.5,
ProtectiveStop,rf_19_raw_window,42,3,51,51,1,3,5,14,0,0.006666666666666667,0,0.5,
ProtectiveStop,rf_19_raw_window,42,3,51,51,1,3,6,15,0,0.0,0,0.5,
ProtectiveStop,rf_19_raw_window,42,3,51,51,1,3,7,16,0,0.0,0,0.5,
ProtectiveStop,rf_19_raw_window,42,3,51,51,1,3,8,17,0,0.01,0,0.5,
ProtectiveStop,rf_19_raw_window,42,3,51,51,1,3,9,18,0,0.02,0,0.5,
ProtectiveStop,rf_19_raw_window,42,3,51,51,1,3,10,19,0,0.0033333333333333335,0,0.5,
ProtectiveStop,rf_19_raw_window,42,3,51,51,1,3,11,20,0,0.02,0,0.5,
ProtectiveStop,rf_19_raw_window,42,3,51,51,1,3,12,21,0,0.02,0,0.5,
ProtectiveStop,rf_19_raw_window,42,3,51,51,1,3,13,22,0,0.02,0,0.5,
ProtectiveStop,rf_19_raw_window,42,3,51,51,1,3,14,23,0,0.04666666666666667,0,0.5,
ProtectiveStop,rf_19_raw_window,42,3,52,52,1,3,0,9,0,0.013333333333333334,0,0.5,
ProtectiveStop,rf_19_raw_window,42,3,52,52,1,3,1,10,0,0.01,0,0.5,
ProtectiveStop,rf_19_raw_window,42,3,52,52,1,3,2,11,0,0.01,0,0.5,
ProtectiveStop,rf_19_raw_window,42,3,52,52,1,3,3,12,0,0.0033333333333333335,0,0.5,
ProtectiveStop,rf_19_raw_window,42,3,52,52,1,3,4,13,0,0.01,0,0.5,
ProtectiveStop,rf_19_raw_window,42,3,52,52,1,3,5,14,0,0.006666666666666667,0,0.5,
ProtectiveStop,rf_19_raw_window,42,3,52,52,1,3,6,15,0,0.0,0,0.5,
ProtectiveStop,rf_19_raw_window,42,3,52,52,1,3,7,16,0,0.0,0,0.5,
ProtectiveStop,rf_19_raw_window,42,3,52,52,1,3,8,17,0,0.0033333333333333335,0,0.5,
ProtectiveStop,rf_19_raw_window,42,3,52,52,1,3,9,18,0,0.006666666666666667,0,0.5,
ProtectiveStop,rf_19_raw_window,42,3,52,52,1,3,10,19,0,0.006666666666666667,0,0.5,
ProtectiveStop,rf_19_raw_window,42,3,52,52,1,3,11,20,0,0.03333333333333333,0,0.5,
ProtectiveStop,rf_19_raw_window,42,3,52,52,1,3,12,21,0,0.01,0,0.5,
ProtectiveStop,rf_19_raw_window,42,3,52,52,1,3,13,22,0,0.016666666666666666,0,0.5,
ProtectiveStop,rf_19_raw_window,42,3,52,52,1,3,14,23,0,0.02,0,0.5,
ProtectiveStop,rf_19_raw_window,42,3,53,53,1,3,0,9,1,0.46,0,0.5,
ProtectiveStop,rf_19_raw_window,42,3,53,53,1,3,1,10,1,0.48,0,0.5,
ProtectiveStop,rf_19_raw_window,42,3,53,53,1,3,2,11,1,0.4666666666666667,0,0.5,
ProtectiveStop,rf_19_raw_window,42,3,53,53,1,3,3,12,1,0.74,1,0.5,
ProtectiveStop,rf_19_raw_window,42,3,53,53,1,3,4,13,1,0.7433333333333333,1,0.5,
ProtectiveStop,rf_19_raw_window,42,3,53,53,1,3,5,14,1,0.6533333333333333,1,0.5,
ProtectiveStop,rf_19_raw_window,42,3,53,53,1,3,6,15,1,0.69,1,0.5,
ProtectiveStop,rf_19_raw_window,42,3,53,53,1,3,7,16,1,0.6033333333333334,1,0.5,
ProtectiveStop,rf_19_raw_window,42,3,53,53,1,3,8,17,1,0.59,1,0.5,
ProtectiveStop,rf_19_raw_window,42,3,53,53,1,3,9,18,1,0.59,1,0.5,
ProtectiveStop,rf_19_raw_window,42,3,53,53,1,3,10,19,1,0.5966666666666667,1,0.5,
ProtectiveStop,rf_19_raw_window,42,3,53,53,1,3,11,20,1,0.5966666666666667,1,0.5,
ProtectiveStop,rf_19_raw_window,42,3,53,53,1,3,12,21,1,0.6333333333333333,1,0.5,
ProtectiveStop,rf_19_raw_window,42,3,53,53,1,3,13,22,1,0.6533333333333333,1,0.5,
ProtectiveStop,rf_19_raw_window,42,3,53,53,1,3,14,23,1,0.6633333333333333,1,0.5,
ProtectiveStop,rf_19_raw_window,42,3,53,53,1,3,15,24,0,0.6333333333333333,1,0.5,
ProtectiveStop,rf_19_raw_window,42,3,53,53,1,3,16,25,0,0.6533333333333333,1,0.5,
ProtectiveStop,rf_19_raw_window,42,3,53,53,1,3,17,26,0,0.61,1,0.5,
ProtectiveStop,rf_19_raw_window,42,3,53,53,1,3,18,27,0,0.64,1,0.5,
ProtectiveStop,rf_19_raw_window,42,3,53,53,1,3,19,28,0,0.62,1,0.5,
ProtectiveStop,rf_19_raw_window,42,3,53,53,1,3,20,29,0,0.6666666666666666,1,0.5,
ProtectiveStop,rf_19_raw_window,42,3,53,53,1,3,21,30,0,0.64,1,0.5,
ProtectiveStop,rf_19_raw_window,42,3,53,53,1,3,22,31,0,0.62,1,0.5,
ProtectiveStop,rf_19_raw_window,42,3,53,53,1,3,23,32,0,0.6033333333333334,1,0.5,
ProtectiveStop,rf_19_raw_window,42,3,53,53,1,3,24,33,0,0.5733333333333334,1,0.5,
ProtectiveStop,rf_19_raw_window,42,3,53,53,1,3,25,34,0,0.6533333333333333,1,0.5,
ProtectiveStop,rf_19_raw_window,42,3,53,53,1,3,26,35,0,0.6533333333333333,1,0.5,
ProtectiveStop,rf_19_raw_window,42,3,53,53,1,3,27,36,0,0.63,1,0.5,
ProtectiveStop,rf_19_raw_window,42,3,53,53,1,3,28,37,0,0.2733333333333333,0,0.5,
ProtectiveStop,rf_19_raw_window,42,3,53,53,1,3,29,38,0,0.23,0,0.5,
ProtectiveStop,rf_19_raw_window,42,3,53,53,1,3,30,39,0,0.05,0,0.5,
ProtectiveStop,rf_19_raw_window,42,3,53,53,1,3,31,40,0,0.013333333333333334,0,0.5,
ProtectiveStop,rf_19_raw_window,42,3,53,53,1,3,32,41,0,0.013333333333333334,0,0.5,
ProtectiveStop,rf_19_raw_window,42,3,53,53,1,3,33,42,0,0.0,0,0.5,
ProtectiveStop,rf_19_raw_window,42,3,53,53,1,3,34,43,0,0.0,0,0.5,
ProtectiveStop,rf_19_raw_window,42,3,53,53,1,3,35,44,0,0.0,0,0.5,
ProtectiveStop,rf_19_raw_window,42,3,53,53,1,3,36,45,0,0.023333333333333334,0,0.5,
ProtectiveStop,rf_19_raw_window,42,3,53,53,1,3,37,46,0,0.03666666666666667,0,0.5,
ProtectiveStop,rf_19_raw_window,42,3,53,53,1,3,38,47,0,0.03,0,0.5,
ProtectiveStop,rf_19_raw_window,42,3,53,53,1,3,39,48,0,0.043333333333333335,0,0.5,
ProtectiveStop,rf_19_raw_window,42,3,53,53,1,3,40,49,0,0.023333333333333334,0,0.5,
ProtectiveStop,rf_19_raw_window,42,3,53,53,1,3,41,50,0,0.013333333333333334,0,0.5,
ProtectiveStop,rf_19_raw_window,42,3,53,53,1,3,42,51,0,0.02,0,0.5,
ProtectiveStop,rf_19_raw_window,42,3,54,54,1,3,0,9,0,0.12333333333333334,0,0.5,
ProtectiveStop,rf_19_raw_window,42,3,54,54,1,3,1,10,0,0.08666666666666667,0,0.5,
ProtectiveStop,rf_19_raw_window,42,3,54,54,1,3,2,11,0,0.03333333333333333,0,0.5,
ProtectiveStop,rf_19_raw_window,42,3,54,54,1,3,3,12,0,0.006666666666666667,0,0.5,
ProtectiveStop,rf_19_raw_window,42,3,54,54,1,3,4,13,0,0.0033333333333333335,0,0.5,
ProtectiveStop,rf_19_raw_window,42,3,54,54,1,3,5,14,0,0.0,0,0.5,
ProtectiveStop,rf_19_raw_window,42,3,54,54,1,3,6,15,0,0.0,0,0.5,
ProtectiveStop,rf_19_raw_window,42,3,54,54,1,3,7,16,0,0.0033333333333333335,0,0.5,
ProtectiveStop,rf_19_raw_window,42,3,54,54,1,3,8,17,0,0.01,0,0.5,
ProtectiveStop,rf_19_raw_window,42,3,54,54,1,3,9,18,0,0.03666666666666667,0,0.5,
ProtectiveStop,rf_19_raw_window,42,3,54,54,1,3,10,19,0,0.0033333333333333335,0,0.5,
ProtectiveStop,rf_19_raw_window,42,3,54,54,1,3,11,20,0,0.006666666666666667,0,0.5,
ProtectiveStop,rf_19_raw_window,42,3,54,54,1,3,12,21,0,0.0033333333333333335,0,0.5,
ProtectiveStop,rf_19_raw_window,42,3,54,54,1,3,13,22,0,0.0033333333333333335,0,0.5,
ProtectiveStop,rf_19_raw_window,42,3,54,54,1,3,14,23,0,0.0033333333333333335,0,0.5,
ProtectiveStop,rf_19_raw_window,42,3,55,55,1,3,0,9,0,0.023333333333333334,0,0.5,
ProtectiveStop,rf_19_raw_window,42,3,55,55,1,3,1,10,0,0.01,0,0.5,
ProtectiveStop,rf_19_raw_window,42,3,55,55,1,3,2,11,0,0.02666666666666667,0,0.5,
ProtectiveStop,rf_19_raw_window,42,3,55,55,1,3,3,12,0,0.006666666666666667,0,0.5,
ProtectiveStop,rf_19_raw_window,42,3,55,55,1,3,4,13,0,0.006666666666666667,0,0.5,
ProtectiveStop,rf_19_raw_window,42,3,55,55,1,3,5,14,0,0.016666666666666666,0,0.5,
ProtectiveStop,rf_19_raw_window,42,3,55,55,1,3,6,15,0,0.013333333333333334,0,0.5,
ProtectiveStop,rf_19_raw_window,42,3,55,55,1,3,7,16,0,0.013333333333333334,0,0.5,
ProtectiveStop,rf_19_raw_window,42,3,55,55,1,3,8,17,0,0.006666666666666667,0,0.5,
ProtectiveStop,rf_19_raw_window,42,3,55,55,1,3,9,18,0,0.05333333333333334,0,0.5,
ProtectiveStop,rf_19_raw_window,42,3,55,55,1,3,10,19,0,0.01,0,0.5,
ProtectiveStop,rf_19_raw_window,42,3,55,55,1,3,11,20,0,0.0033333333333333335,0,0.5,
ProtectiveStop,rf_19_raw_window,42,3,55,55,1,3,12,21,0,0.0033333333333333335,0,0.5,
ProtectiveStop,rf_19_raw_window,42,3,55,55,1,3,13,22,0,0.01,0,0.5,
ProtectiveStop,rf_19_raw_window,42,3,55,55,1,3,14,23,0,0.01,0,0.5,
ProtectiveStop,rf_19_raw_window,42,3,56,56,1,3,0,9,0,0.02,0,0.5,
ProtectiveStop,rf_19_raw_window,42,3,56,56,1,3,1,10,0,0.043333333333333335,0,0.5,
ProtectiveStop,rf_19_raw_window,42,3,56,56,1,3,2,11,0,0.02,0,0.5,
ProtectiveStop,rf_19_raw_window,42,3,56,56,1,3,3,12,0,0.006666666666666667,0,0.5,
ProtectiveStop,rf_19_raw_window,42,3,56,56,1,3,4,13,0,0.0,0,0.5,
ProtectiveStop,rf_19_raw_window,42,3,56,56,1,3,5,14,0,0.0,0,0.5,
ProtectiveStop,rf_19_raw_window,42,3,56,56,1,3,6,15,0,0.0,0,0.5,
ProtectiveStop,rf_19_raw_window,42,3,56,56,1,3,7,16,0,0.0,0,0.5,
ProtectiveStop,rf_19_raw_window,42,3,56,56,1,3,8,17,0,0.0,0,0.5,
ProtectiveStop,rf_19_raw_window,42,3,56,56,1,3,9,18,0,0.0033333333333333335,0,0.5,
ProtectiveStop,rf_19_raw_window,42,3,56,56,1,3,10,19,0,0.0,0,0.5,
ProtectiveStop,rf_19_raw_window,42,3,56,56,1,3,11,20,0,0.013333333333333334,0,0.5,
ProtectiveStop,rf_19_raw_window,42,3,56,56,1,3,12,21,0,0.013333333333333334,0,0.5,
ProtectiveStop,rf_19_raw_window,42,3,56,56,1,3,13,22,0,0.006666666666666667,0,0.5,
ProtectiveStop,rf_19_raw_window,42,3,56,56,1,3,14,23,0,0.013333333333333334,0,0.5,
ProtectiveStop,rf_19_raw_window,42,3,57,57,1,3,0,9,0,0.09666666666666666,0,0.5,
ProtectiveStop,rf_19_raw_window,42,3,57,57,1,3,1,10,0,0.04666666666666667,0,0.5,
ProtectiveStop,rf_19_raw_window,42,3,57,57,1,3,2,11,0,0.056666666666666664,0,0.5,
ProtectiveStop,rf_19_raw_window,42,3,57,57,1,3,3,12,0,0.02666666666666667,0,0.5,
ProtectiveStop,rf_19_raw_window,42,3,57,57,1,3,4,13,0,0.006666666666666667,0,0.5,
ProtectiveStop,rf_19_raw_window,42,3,57,57,1,3,5,14,0,0.013333333333333334,0,0.5,
ProtectiveStop,rf_19_raw_window,42,3,57,57,1,3,6,15,0,0.0033333333333333335,0,0.5,
ProtectiveStop,rf_19_raw_window,42,3,57,57,1,3,7,16,0,0.0033333333333333335,0,0.5,
ProtectiveStop,rf_19_raw_window,42,3,57,57,1,3,8,17,0,0.01,0,0.5,
ProtectiveStop,rf_19_raw_window,42,3,57,57,1,3,9,18,0,0.01,0,0.5,
ProtectiveStop,rf_19_raw_window,42,3,57,57,1,3,10,19,0,0.03333333333333333,0,0.5,
ProtectiveStop,rf_19_raw_window,42,3,57,57,1,3,11,20,0,0.013333333333333334,0,0.5,
ProtectiveStop,rf_19_raw_window,42,3,57,57,1,3,12,21,0,0.016666666666666666,0,0.5,
ProtectiveStop,rf_19_raw_window,42,3,57,57,1,3,13,22,0,0.03333333333333333,0,0.5,
ProtectiveStop,rf_19_raw_window,42,3,57,57,1,3,14,23,0,0.10666666666666667,0,0.5,
ProtectiveStop,rf_19_raw_window,42,3,57,57,1,3,15,24,0,0.16,0,0.5,
ProtectiveStop,rf_19_raw_window,42,3,57,57,1,3,16,25,0,0.4066666666666667,0,0.5,
ProtectiveStop,rf_19_raw_window,42,3,57,57,1,3,17,26,0,0.4166666666666667,0,0.5,
ProtectiveStop,rf_19_raw_window,42,3,57,57,1,3,18,27,0,0.42,0,0.5,
ProtectiveStop,rf_19_raw_window,42,3,57,57,1,3,19,28,0,0.5566666666666666,1,0.5,
ProtectiveStop,rf_19_raw_window,42,3,57,57,1,3,20,29,0,0.5666666666666667,1,0.5,
ProtectiveStop,rf_19_raw_window,42,3,57,57,1,3,21,30,0,0.5766666666666667,1,0.5,
ProtectiveStop,rf_19_raw_window,42,3,57,57,1,3,22,31,0,0.5833333333333334,1,0.5,
ProtectiveStop,rf_19_raw_window,42,3,57,57,1,3,23,32,0,0.19666666666666666,0,0.5,
ProtectiveStop,rf_19_raw_window,42,3,57,57,1,3,24,33,0,0.07,0,0.5,
ProtectiveStop,rf_19_raw_window,42,3,57,57,1,3,25,34,0,0.02,0,0.5,
ProtectiveStop,rf_19_raw_window,42,3,57,57,1,3,26,35,0,0.006666666666666667,0,0.5,
ProtectiveStop,rf_19_raw_window,42,3,57,57,1,3,27,36,0,0.01,0,0.5,
ProtectiveStop,rf_19_raw_window,42,3,57,57,1,3,28,37,0,0.0,0,0.5,
ProtectiveStop,rf_19_raw_window,42,3,57,57,1,3,29,38,0,0.0033333333333333335,0,0.5,
ProtectiveStop,rf_19_raw_window,42,3,57,57,1,3,30,39,0,0.013333333333333334,0,0.5,
ProtectiveStop,rf_19_raw_window,42,3,57,57,1,3,31,40,0,0.013333333333333334,0,0.5,
ProtectiveStop,rf_19_raw_window,42,3,58,58,1,3,0,9,0,0.10333333333333333,0,0.5,
ProtectiveStop,rf_19_raw_window,42,3,58,58,1,3,1,10,0,0.013333333333333334,0,0.5,
ProtectiveStop,rf_19_raw_window,42,3,58,58,1,3,2,11,0,0.04666666666666667,0,0.5,
ProtectiveStop,rf_19_raw_window,42,3,58,58,1,3,3,12,0,0.01,0,0.5,
ProtectiveStop,rf_19_raw_window,42,3,58,58,1,3,4,13,0,0.03666666666666667,0,0.5,
ProtectiveStop,rf_19_raw_window,42,3,58,58,1,3,5,14,0,0.0033333333333333335,0,0.5,
ProtectiveStop,rf_19_raw_window,42,3,58,58,1,3,6,15,0,0.0033333333333333335,0,0.5,
ProtectiveStop,rf_19_raw_window,42,3,58,58,1,3,7,16,0,0.0,0,0.5,
ProtectiveStop,rf_19_raw_window,42,3,58,58,1,3,8,17,0,0.0,0,0.5,
ProtectiveStop,rf_19_raw_window,42,3,58,58,1,3,9,18,0,0.016666666666666666,0,0.5,
ProtectiveStop,rf_19_raw_window,42,3,58,58,1,3,10,19,0,0.0033333333333333335,0,0.5,
ProtectiveStop,rf_19_raw_window,42,3,58,58,1,3,11,20,0,0.0,0,0.5,
ProtectiveStop,rf_19_raw_window,42,3,58,58,1,3,12,21,0,0.0,0,0.5,
ProtectiveStop,rf_19_raw_window,42,3,58,58,1,3,13,22,0,0.0,0,0.5,
ProtectiveStop,rf_19_raw_window,42,3,58,58,1,3,14,23,0,0.0,0,0.5,
ProtectiveStop,rf_19_raw_window,42,3,59,59,1,3,0,9,0,0.07333333333333333,0,0.5,
ProtectiveStop,rf_19_raw_window,42,3,59,59,1,3,1,10,0,0.19666666666666666,0,0.5,
ProtectiveStop,rf_19_raw_window,42,3,59,59,1,3,2,11,0,0.016666666666666666,0,0.5,
ProtectiveStop,rf_19_raw_window,42,3,59,59,1,3,3,12,0,0.0033333333333333335,0,0.5,
ProtectiveStop,rf_19_raw_window,42,3,59,59,1,3,4,13,0,0.0,0,0.5,
ProtectiveStop,rf_19_raw_window,42,3,59,59,1,3,5,14,0,0.0,0,0.5,
ProtectiveStop,rf_19_raw_window,42,3,59,59,1,3,6,15,0,0.0,0,0.5,
ProtectiveStop,rf_19_raw_window,42,3,59,59,1,3,7,16,0,0.0,0,0.5,
ProtectiveStop,rf_19_raw_window,42,3,59,59,1,3,8,17,0,0.02,0,0.5,
ProtectiveStop,rf_19_raw_window,42,3,59,59,1,3,9,18,0,0.0,0,0.5,
ProtectiveStop,rf_19_raw_window,42,3,59,59,1,3,10,19,0,0.013333333333333334,0,0.5,
ProtectiveStop,rf_19_raw_window,42,3,59,59,1,3,11,20,0,0.006666666666666667,0,0.5,
ProtectiveStop,rf_19_raw_window,42,3,59,59,1,3,12,21,0,0.006666666666666667,0,0.5,
ProtectiveStop,rf_19_raw_window,42,3,59,59,1,3,13,22,0,0.0033333333333333335,0,0.5,
ProtectiveStop,rf_19_raw_window,42,3,59,59,1,3,14,23,0,0.006666666666666667,0,0.5,
ProtectiveStop,rf_19_raw_window,42,3,60,60,1,3,0,9,0,0.04666666666666667,0,0.5,
ProtectiveStop,rf_19_raw_window,42,3,60,60,1,3,1,10,0,0.07,0,0.5,
ProtectiveStop,rf_19_raw_window,42,3,60,60,1,3,2,11,0,0.02666666666666667,0,0.5,
ProtectiveStop,rf_19_raw_window,42,3,60,60,1,3,3,12,0,0.03,0,0.5,
ProtectiveStop,rf_19_raw_window,42,3,60,60,1,3,4,13,0,0.05,0,0.5,
ProtectiveStop,rf_19_raw_window,42,3,60,60,1,3,5,14,0,0.013333333333333334,0,0.5,
ProtectiveStop,rf_19_raw_window,42,3,60,60,1,3,6,15,0,0.006666666666666667,0,0.5,
ProtectiveStop,rf_19_raw_window,42,3,60,60,1,3,7,16,0,0.0033333333333333335,0,0.5,
ProtectiveStop,rf_19_raw_window,42,3,60,60,1,3,8,17,0,0.006666666666666667,0,0.5,
ProtectiveStop,rf_19_raw_window,42,3,60,60,1,3,9,18,0,0.0,0,0.5,
ProtectiveStop,rf_19_raw_window,42,3,60,60,1,3,10,19,0,0.006666666666666667,0,0.5,
ProtectiveStop,rf_19_raw_window,42,3,60,60,1,3,11,20,0,0.013333333333333334,0,0.5,
ProtectiveStop,rf_19_raw_window,42,3,60,60,1,3,12,21,0,0.056666666666666664,0,0.5,
ProtectiveStop,rf_19_raw_window,42,3,60,60,1,3,13,22,0,0.02666666666666667,0,0.5,
ProtectiveStop,rf_19_raw_window,42,3,60,60,1,3,14,23,0,0.03,0,0.5,
ProtectiveStop,rf_19_raw_window,42,3,60,60,1,3,15,24,0,0.09666666666666666,0,0.5,
ProtectiveStop,rf_19_raw_window,42,3,61,61,1,3,0,9,0,0.04,0,0.5,
ProtectiveStop,rf_19_raw_window,42,3,61,61,1,3,1,10,0,0.03333333333333333,0,0.5,
ProtectiveStop,rf_19_raw_window,42,3,61,61,1,3,2,11,0,0.056666666666666664,0,0.5,
ProtectiveStop,rf_19_raw_window,42,3,61,61,1,3,3,12,0,0.0,0,0.5,
ProtectiveStop,rf_19_raw_window,42,3,61,61,1,3,4,13,0,0.0033333333333333335,0,0.5,
ProtectiveStop,rf_19_raw_window,42,3,61,61,1,3,5,14,0,0.0,0,0.5,
ProtectiveStop,rf_19_raw_window,42,3,61,61,1,3,6,15,0,0.0,0,0.5,
ProtectiveStop,rf_19_raw_window,42,3,61,61,1,3,7,16,0,0.02666666666666667,0,0.5,
ProtectiveStop,rf_19_raw_window,42,3,61,61,1,3,8,17,0,0.056666666666666664,0,0.5,
ProtectiveStop,rf_19_raw_window,42,3,61,61,1,3,9,18,0,0.05333333333333334,0,0.5,
ProtectiveStop,rf_19_raw_window,42,3,61,61,1,3,10,19,0,0.08,0,0.5,
ProtectiveStop,rf_19_raw_window,42,3,61,61,1,3,11,20,0,0.09666666666666666,0,0.5,
ProtectiveStop,rf_19_raw_window,42,3,61,61,1,3,12,21,0,0.09666666666666666,0,0.5,
ProtectiveStop,rf_19_raw_window,42,3,62,62,1,3,0,9,0,0.59,1,0.5,
ProtectiveStop,rf_19_raw_window,42,3,62,62,1,3,1,10,0,0.14666666666666667,0,0.5,
ProtectiveStop,rf_19_raw_window,42,3,62,62,1,3,2,11,0,0.15,0,0.5,
ProtectiveStop,rf_19_raw_window,42,3,62,62,1,3,3,12,0,0.01,0,0.5,
ProtectiveStop,rf_19_raw_window,42,3,62,62,1,3,4,13,0,0.0033333333333333335,0,0.5,
ProtectiveStop,rf_19_raw_window,42,3,62,62,1,3,5,14,0,0.0033333333333333335,0,0.5,
ProtectiveStop,rf_19_raw_window,42,3,62,62,1,3,6,15,0,0.006666666666666667,0,0.5,
ProtectiveStop,rf_19_raw_window,42,3,62,62,1,3,7,16,0,0.0,0,0.5,
ProtectiveStop,rf_19_raw_window,42,3,62,62,1,3,8,17,0,0.0,0,0.5,
ProtectiveStop,rf_19_raw_window,42,3,62,62,1,3,9,18,0,0.006666666666666667,0,0.5,
ProtectiveStop,rf_19_raw_window,42,3,62,62,1,3,10,19,0,0.01,0,0.5,
ProtectiveStop,rf_19_raw_window,42,3,62,62,1,3,11,20,0,0.006666666666666667,0,0.5,
ProtectiveStop,rf_19_raw_window,42,3,62,62,1,3,12,21,0,0.02,0,0.5,
ProtectiveStop,rf_19_raw_window,42,3,62,62,1,3,13,22,0,0.0033333333333333335,0,0.5,
ProtectiveStop,rf_19_raw_window,42,3,62,62,1,3,14,23,0,0.0033333333333333335,0,0.5,
ProtectiveStop,rf_19_raw_window,42,3,62,62,1,3,15,24,0,0.0033333333333333335,0,0.5,
ProtectiveStop,rf_19_raw_window,42,3,63,63,1,3,0,9,1,0.56,1,0.5,
ProtectiveStop,rf_19_raw_window,42,3,63,63,1,3,1,10,1,0.49666666666666665,0,0.5,
ProtectiveStop,rf_19_raw_window,42,3,63,63,1,3,2,11,1,0.5366666666666666,1,0.5,
ProtectiveStop,rf_19_raw_window,42,3,63,63,1,3,3,12,1,0.72,1,0.5,
ProtectiveStop,rf_19_raw_window,42,3,63,63,1,3,4,13,1,0.6366666666666667,1,0.5,
ProtectiveStop,rf_19_raw_window,42,3,63,63,1,3,5,14,1,0.42333333333333334,0,0.5,
ProtectiveStop,rf_19_raw_window,42,3,63,63,1,3,6,15,1,0.3233333333333333,0,0.5,
ProtectiveStop,rf_19_raw_window,42,3,63,63,1,3,7,16,1,0.7733333333333333,1,0.5,
ProtectiveStop,rf_19_raw_window,42,3,63,63,1,3,8,17,1,0.6033333333333334,1,0.5,
ProtectiveStop,rf_19_raw_window,42,3,63,63,1,3,9,18,1,0.38,0,0.5,
ProtectiveStop,rf_19_raw_window,42,3,63,63,1,3,10,19,0,0.01,0,0.5,
ProtectiveStop,rf_19_raw_window,42,3,63,63,1,3,11,20,0,0.0,0,0.5,
ProtectiveStop,rf_19_raw_window,42,3,63,63,1,3,12,21,0,0.0,0,0.5,
ProtectiveStop,rf_19_raw_window,42,3,63,63,1,3,13,22,0,0.0,0,0.5,
ProtectiveStop,rf_19_raw_window,42,3,63,63,1,3,14,23,0,0.0,0,0.5,
ProtectiveStop,rf_19_raw_window,42,3,63,63,1,3,15,24,0,0.0033333333333333335,0,0.5,
ProtectiveStop,rf_19_raw_window,42,3,63,63,1,3,16,25,0,0.0,0,0.5,
ProtectiveStop,rf_19_raw_window,42,3,63,63,1,3,17,26,0,0.0,0,0.5,
ProtectiveStop,rf_19_raw_window,42,3,63,63,1,3,18,27,0,0.0033333333333333335,0,0.5,
ProtectiveStop,rf_19_raw_window,42,3,63,63,1,3,19,28,0,0.023333333333333334,0,0.5,
ProtectiveStop,rf_19_raw_window,42,3,63,63,1,3,20,29,0,0.1,0,0.5,
ProtectiveStop,rf_19_raw_window,42,3,63,63,1,3,21,30,0,0.09666666666666666,0,0.5,
ProtectiveStop,rf_19_raw_window,42,3,63,63,1,3,22,31,0,0.12666666666666668,0,0.5,
ProtectiveStop,rf_19_raw_window,42,3,63,63,1,3,23,32,0,0.09,0,0.5,
ProtectiveStop,rf_19_raw_window,42,3,63,63,1,3,24,33,0,0.12333333333333334,0,0.5,
ProtectiveStop,rf_19_raw_window,42,3,63,63,1,3,25,34,0,0.16333333333333333,0,0.5,
ProtectiveStop,rf_19_raw_window,42,3,63,63,1,3,26,35,0,0.11,0,0.5,
ProtectiveStop,rf_19_raw_window,42,3,63,63,1,3,27,36,0,0.12,0,0.5,
ProtectiveStop,rf_19_raw_window,42,3,63,63,1,3,28,37,0,0.09333333333333334,0,0.5,
ProtectiveStop,rf_19_raw_window,42,3,63,63,1,3,29,38,0,0.11,0,0.5,
ProtectiveStop,rf_19_raw_window,42,3,63,63,1,3,30,39,0,0.056666666666666664,0,0.5,
ProtectiveStop,rf_19_raw_window,42,3,64,64,1,3,0,9,0,0.45666666666666667,0,0.5,
ProtectiveStop,rf_19_raw_window,42,3,64,64,1,3,1,10,0,0.07,0,0.5,
ProtectiveStop,rf_19_raw_window,42,3,64,64,1,3,2,11,0,0.03666666666666667,0,0.5,
ProtectiveStop,rf_19_raw_window,42,3,64,64,1,3,3,12,0,0.01,0,0.5,
ProtectiveStop,rf_19_raw_window,42,3,64,64,1,3,4,13,0,0.01,0,0.5,
ProtectiveStop,rf_19_raw_window,42,3,64,64,1,3,5,14,0,0.0,0,0.5,
ProtectiveStop,rf_19_raw_window,42,3,64,64,1,3,6,15,0,0.0,0,0.5,
ProtectiveStop,rf_19_raw_window,42,3,64,64,1,3,7,16,0,0.006666666666666667,0,0.5,
ProtectiveStop,rf_19_raw_window,42,3,64,64,1,3,8,17,0,0.02666666666666667,0,0.5,
ProtectiveStop,rf_19_raw_window,42,3,64,64,1,3,9,18,0,0.01,0,0.5,
ProtectiveStop,rf_19_raw_window,42,3,64,64,1,3,10,19,0,0.02666666666666667,0,0.5,
ProtectiveStop,rf_19_raw_window,42,3,64,64,1,3,11,20,0,0.03333333333333333,0,0.5,
ProtectiveStop,rf_19_raw_window,42,3,64,64,1,3,12,21,0,0.0033333333333333335,0,0.5,
ProtectiveStop,rf_19_raw_window,42,3,64,64,1,3,13,22,0,0.0033333333333333335,0,0.5,
ProtectiveStop,rf_19_raw_window,42,3,64,64,1,3,14,23,0,0.0,0,0.5,
ProtectiveStop,rf_19_raw_window,42,3,64,64,1,3,15,24,0,0.0,0,0.5,
ProtectiveStop,rf_19_raw_window,42,3,65,65,1,3,0,9,0,0.04666666666666667,0,0.5,
ProtectiveStop,rf_19_raw_window,42,3,65,65,1,3,1,10,0,0.023333333333333334,0,0.5,
ProtectiveStop,rf_19_raw_window,42,3,65,65,1,3,2,11,0,0.016666666666666666,0,0.5,
ProtectiveStop,rf_19_raw_window,42,3,65,65,1,3,3,12,0,0.0,0,0.5,
ProtectiveStop,rf_19_raw_window,42,3,65,65,1,3,4,13,0,0.0,0,0.5,
ProtectiveStop,rf_19_raw_window,42,3,65,65,1,3,5,14,0,0.0,0,0.5,
ProtectiveStop,rf_19_raw_window,42,3,65,65,1,3,6,15,0,0.0,0,0.5,
ProtectiveStop,rf_19_raw_window,42,3,65,65,1,3,7,16,0,0.0033333333333333335,0,0.5,
ProtectiveStop,rf_19_raw_window,42,3,65,65,1,3,8,17,0,0.0033333333333333335,0,0.5,
ProtectiveStop,rf_19_raw_window,42,3,65,65,1,3,9,18,0,0.0,0,0.5,
ProtectiveStop,rf_19_raw_window,42,3,65,65,1,3,10,19,0,0.0033333333333333335,0,0.5,
ProtectiveStop,rf_19_raw_window,42,3,65,65,1,3,11,20,0,0.08666666666666667,0,0.5,
ProtectiveStop,rf_19_raw_window,42,3,65,65,1,3,12,21,0,0.18333333333333332,0,0.5,
ProtectiveStop,rf_19_raw_window,42,3,66,66,1,3,0,9,0,0.4033333333333333,0,0.5,
ProtectiveStop,rf_19_raw_window,42,3,66,66,1,3,1,10,0,0.056666666666666664,0,0.5,
ProtectiveStop,rf_19_raw_window,42,3,66,66,1,3,2,11,0,0.023333333333333334,0,0.5,
ProtectiveStop,rf_19_raw_window,42,3,66,66,1,3,3,12,0,0.02666666666666667,0,0.5,
ProtectiveStop,rf_19_raw_window,42,3,66,66,1,3,4,13,0,0.013333333333333334,0,0.5,
ProtectiveStop,rf_19_raw_window,42,3,66,66,1,3,5,14,0,0.03333333333333333,0,0.5,
ProtectiveStop,rf_19_raw_window,42,3,66,66,1,3,6,15,0,0.05,0,0.5,
ProtectiveStop,rf_19_raw_window,42,3,66,66,1,3,7,16,0,0.006666666666666667,0,0.5,
ProtectiveStop,rf_19_raw_window,42,3,66,66,1,3,8,17,0,0.0033333333333333335,0,0.5,
ProtectiveStop,rf_19_raw_window,42,3,66,66,1,3,9,18,0,0.01,0,0.5,
ProtectiveStop,rf_19_raw_window,42,3,66,66,1,3,10,19,0,0.006666666666666667,0,0.5,
ProtectiveStop,rf_19_raw_window,42,3,66,66,1,3,11,20,0,0.0,0,0.5,
ProtectiveStop,rf_19_raw_window,42,3,66,66,1,3,12,21,0,0.01,0,0.5,
ProtectiveStop,rf_19_raw_window,42,3,66,66,1,3,13,22,0,0.023333333333333334,0,0.5,
ProtectiveStop,rf_19_raw_window,42,3,66,66,1,3,14,23,0,0.05,0,0.5,
ProtectiveStop,rf_19_raw_window,42,3,66,66,1,3,15,24,0,0.08,0,0.5,
ProtectiveStop,rf_19_raw_window,42,3,66,66,1,3,16,25,0,0.12,0,0.5,
ProtectiveStop,rf_19_raw_window,42,3,67,67,1,3,0,9,0,0.07,0,0.5,
ProtectiveStop,rf_19_raw_window,42,3,67,67,1,3,1,10,0,0.02,0,0.5,
ProtectiveStop,rf_19_raw_window,42,3,67,67,1,3,2,11,0,0.05,0,0.5,
ProtectiveStop,rf_19_raw_window,42,3,67,67,1,3,3,12,0,0.023333333333333334,0,0.5,
ProtectiveStop,rf_19_raw_window,42,3,67,67,1,3,4,13,0,0.04666666666666667,0,0.5,
ProtectiveStop,rf_19_raw_window,42,3,67,67,1,3,5,14,0,0.043333333333333335,0,0.5,
ProtectiveStop,rf_19_raw_window,42,3,67,67,1,3,6,15,0,0.04,0,0.5,
ProtectiveStop,rf_19_raw_window,42,3,67,67,1,3,7,16,0,0.02666666666666667,0,0.5,
ProtectiveStop,rf_19_raw_window,42,3,67,67,1,3,8,17,0,0.02,0,0.5,
ProtectiveStop,rf_19_raw_window,42,3,67,67,1,3,9,18,0,0.03333333333333333,0,0.5,
ProtectiveStop,rf_19_raw_window,42,3,67,67,1,3,10,19,0,0.02666666666666667,0,0.5,
ProtectiveStop,rf_19_raw_window,42,3,67,67,1,3,11,20,0,0.08333333333333333,0,0.5,
ProtectiveStop,rf_19_raw_window,42,3,67,67,1,3,12,21,0,0.056666666666666664,0,0.5,
ProtectiveStop,rf_19_raw_window,42,3,67,67,1,3,13,22,0,0.11,0,0.5,
ProtectiveStop,rf_19_raw_window,42,3,67,67,1,3,14,23,0,0.11333333333333333,0,0.5,
ProtectiveStop,rf_19_raw_window,42,3,68,68,1,3,0,9,0,0.13,0,0.5,
ProtectiveStop,rf_19_raw_window,42,3,68,68,1,3,1,10,0,0.14333333333333334,0,0.5,
ProtectiveStop,rf_19_raw_window,42,3,68,68,1,3,2,11,0,0.02666666666666667,0,0.5,
ProtectiveStop,rf_19_raw_window,42,3,68,68,1,3,3,12,0,0.016666666666666666,0,0.5,
ProtectiveStop,rf_19_raw_window,42,3,68,68,1,3,4,13,0,0.006666666666666667,0,0.5,
ProtectiveStop,rf_19_raw_window,42,3,68,68,1,3,5,14,0,0.0,0,0.5,
ProtectiveStop,rf_19_raw_window,42,3,68,68,1,3,6,15,0,0.02666666666666667,0,0.5,
ProtectiveStop,rf_19_raw_window,42,3,68,68,1,3,7,16,0,0.006666666666666667,0,0.5,
ProtectiveStop,rf_19_raw_window,42,3,68,68,1,3,8,17,0,0.06,0,0.5,
ProtectiveStop,rf_19_raw_window,42,3,68,68,1,3,9,18,0,0.06666666666666667,0,0.5,
ProtectiveStop,rf_19_raw_window,42,3,68,68,1,3,10,19,0,0.03666666666666667,0,0.5,
ProtectiveStop,rf_19_raw_window,42,3,68,68,1,3,11,20,0,0.05333333333333334,0,0.5,
ProtectiveStop,rf_19_raw_window,42,3,68,68,1,3,12,21,0,0.10333333333333333,0,0.5,
ProtectiveStop,rf_19_raw_window,42,3,68,68,1,3,13,22,0,0.07666666666666666,0,0.5,
ProtectiveStop,rf_19_raw_window,42,3,68,68,1,3,14,23,0,0.14,0,0.5,
ProtectiveStop,rf_19_raw_window,42,3,69,69,1,3,0,9,1,0.44333333333333336,0,0.5,
ProtectiveStop,rf_19_raw_window,42,3,69,69,1,3,1,10,1,0.47,0,0.5,
ProtectiveStop,rf_19_raw_window,42,3,69,69,1,3,2,11,1,0.5666666666666667,1,0.5,
ProtectiveStop,rf_19_raw_window,42,3,69,69,1,3,3,12,1,0.52,1,0.5,
ProtectiveStop,rf_19_raw_window,42,3,69,69,1,3,4,13,1,0.47333333333333333,0,0.5,
ProtectiveStop,rf_19_raw_window,42,3,69,69,1,3,5,14,1,0.45666666666666667,0,0.5,
ProtectiveStop,rf_19_raw_window,42,3,69,69,1,3,6,15,1,0.47333333333333333,0,0.5,
ProtectiveStop,rf_19_raw_window,42,3,69,69,1,3,7,16,1,0.3466666666666667,0,0.5,
ProtectiveStop,rf_19_raw_window,42,3,69,69,1,3,8,17,1,0.3333333333333333,0,0.5,
ProtectiveStop,rf_19_raw_window,42,3,69,69,1,3,9,18,1,0.25333333333333335,0,0.5,
ProtectiveStop,rf_19_raw_window,42,3,69,69,1,3,10,19,1,0.26666666666666666,0,0.5,
ProtectiveStop,rf_19_raw_window,42,3,69,69,1,3,11,20,1,0.26666666666666666,0,0.5,
ProtectiveStop,rf_19_raw_window,42,3,69,69,1,3,12,21,0,0.18333333333333332,0,0.5,
ProtectiveStop,rf_19_raw_window,42,3,69,69,1,3,13,22,0,0.14666666666666667,0,0.5,
ProtectiveStop,rf_19_raw_window,42,3,69,69,1,3,14,23,0,0.0,0,0.5,
ProtectiveStop,rf_19_raw_window,42,3,69,69,1,3,15,24,0,0.0,0,0.5,
ProtectiveStop,rf_19_raw_window,42,3,69,69,1,3,16,25,0,0.01,0,0.5,
ProtectiveStop,rf_19_raw_window,42,3,69,69,1,3,17,26,0,0.01,0,0.5,
ProtectiveStop,rf_19_raw_window,42,3,69,69,1,3,18,27,0,0.03333333333333333,0,0.5,
ProtectiveStop,rf_19_raw_window,42,3,69,69,1,3,19,28,0,0.02666666666666667,0,0.5,
ProtectiveStop,rf_19_raw_window,42,3,69,69,1,3,20,29,0,0.006666666666666667,0,0.5,
ProtectiveStop,rf_19_raw_window,42,3,69,69,1,3,21,30,0,0.0,0,0.5,
ProtectiveStop,rf_19_raw_window,42,3,69,69,1,3,22,31,0,0.0033333333333333335,0,0.5,
ProtectiveStop,rf_19_raw_window,42,3,69,69,1,3,23,32,0,0.01,0,0.5,
ProtectiveStop,rf_19_raw_window,42,3,70,70,1,3,0,9,0,0.13666666666666666,0,0.5,
ProtectiveStop,rf_19_raw_window,42,3,70,70,1,3,1,10,0,0.15666666666666668,0,0.5,
ProtectiveStop,rf_19_raw_window,42,3,70,70,1,3,2,11,0,0.006666666666666667,0,0.5,
ProtectiveStop,rf_19_raw_window,42,3,70,70,1,3,3,12,0,0.0,0,0.5,
ProtectiveStop,rf_19_raw_window,42,3,70,70,1,3,4,13,0,0.0,0,0.5,
ProtectiveStop,rf_19_raw_window,42,3,70,70,1,3,5,14,0,0.0,0,0.5,
ProtectiveStop,rf_19_raw_window,42,3,70,70,1,3,6,15,0,0.0,0,0.5,
ProtectiveStop,rf_19_raw_window,42,3,70,70,1,3,7,16,0,0.0,0,0.5,
ProtectiveStop,rf_19_raw_window,42,3,70,70,1,3,8,17,0,0.03,0,0.5,
ProtectiveStop,rf_19_raw_window,42,3,70,70,1,3,9,18,0,0.023333333333333334,0,0.5,
ProtectiveStop,rf_19_raw_window,42,3,70,70,1,3,10,19,0,0.023333333333333334,0,0.5,
ProtectiveStop,rf_19_raw_window,42,3,70,70,1,3,11,20,0,0.043333333333333335,0,0.5,
ProtectiveStop,rf_19_raw_window,42,3,70,70,1,3,12,21,0,0.03,0,0.5,
ProtectiveStop,rf_19_raw_window,42,3,70,70,1,3,13,22,0,0.023333333333333334,0,0.5,
ProtectiveStop,rf_19_raw_window,42,3,70,70,1,3,14,23,0,0.03333333333333333,0,0.5,
ProtectiveStop,rf_19_raw_window,42,3,71,71,1,3,0,9,0,0.34,0,0.5,
ProtectiveStop,rf_19_raw_window,42,3,71,71,1,3,1,10,0,0.5133333333333333,1,0.5,
ProtectiveStop,rf_19_raw_window,42,3,71,71,1,3,2,11,0,0.20333333333333334,0,0.5,
ProtectiveStop,rf_19_raw_window,42,3,71,71,1,3,3,12,0,0.16,0,0.5,
ProtectiveStop,rf_19_raw_window,42,3,71,71,1,3,4,13,0,0.02666666666666667,0,0.5,
ProtectiveStop,rf_19_raw_window,42,3,71,71,1,3,5,14,0,0.03666666666666667,0,0.5,
ProtectiveStop,rf_19_raw_window,42,3,71,71,1,3,6,15,0,0.0,0,0.5,
ProtectiveStop,rf_19_raw_window,42,3,71,71,1,3,7,16,0,0.0,0,0.5,
ProtectiveStop,rf_19_raw_window,42,3,71,71,1,3,8,17,0,0.0,0,0.5,
ProtectiveStop,rf_19_raw_window,42,3,72,72,1,3,0,9,0,0.08666666666666667,0,0.5,
ProtectiveStop,rf_19_raw_window,42,3,72,72,1,3,1,10,0,0.13,0,0.5,
ProtectiveStop,rf_19_raw_window,42,3,72,72,1,3,2,11,0,0.013333333333333334,0,0.5,
ProtectiveStop,rf_19_raw_window,42,3,72,72,1,3,3,12,0,0.016666666666666666,0,0.5,
ProtectiveStop,rf_19_raw_window,42,3,72,72,1,3,4,13,0,0.0033333333333333335,0,0.5,
ProtectiveStop,rf_19_raw_window,42,3,72,72,1,3,5,14,0,0.0,0,0.5,
ProtectiveStop,rf_19_raw_window,42,3,72,72,1,3,6,15,0,0.0033333333333333335,0,0.5,
ProtectiveStop,rf_19_raw_window,42,3,72,72,1,3,7,16,0,0.0033333333333333335,0,0.5,
ProtectiveStop,rf_19_raw_window,42,3,72,72,1,3,8,17,0,0.01,0,0.5,
ProtectiveStop,rf_19_raw_window,42,3,72,72,1,3,9,18,0,0.013333333333333334,0,0.5,
ProtectiveStop,rf_19_raw_window,42,3,72,72,1,3,10,19,0,0.016666666666666666,0,0.5,
ProtectiveStop,rf_19_raw_window,42,3,72,72,1,3,11,20,0,0.013333333333333334,0,0.5,
ProtectiveStop,rf_19_raw_window,42,3,72,72,1,3,12,21,0,0.01,0,0.5,
ProtectiveStop,rf_19_raw_window,42,3,72,72,1,3,13,22,0,0.043333333333333335,0,0.5,
ProtectiveStop,rf_19_raw_window,42,3,72,72,1,3,14,23,0,0.03666666666666667,0,0.5,
ProtectiveStop,rf_19_raw_window,42,3,73,73,1,3,0,9,0,0.013333333333333334,0,0.5,
ProtectiveStop,rf_19_raw_window,42,3,73,73,1,3,1,10,0,0.043333333333333335,0,0.5,
ProtectiveStop,rf_19_raw_window,42,3,73,73,1,3,2,11,0,0.03333333333333333,0,0.5,
ProtectiveStop,rf_19_raw_window,42,3,73,73,1,3,3,12,0,0.03333333333333333,0,0.5,
ProtectiveStop,rf_19_raw_window,42,3,73,73,1,3,4,13,0,0.02666666666666667,0,0.5,
ProtectiveStop,rf_19_raw_window,42,3,73,73,1,3,5,14,0,0.023333333333333334,0,0.5,
ProtectiveStop,rf_19_raw_window,42,3,73,73,1,3,6,15,0,0.016666666666666666,0,0.5,
ProtectiveStop,rf_19_raw_window,42,3,73,73,1,3,7,16,0,0.013333333333333334,0,0.5,
ProtectiveStop,rf_19_raw_window,42,3,73,73,1,3,8,17,0,0.016666666666666666,0,0.5,
ProtectiveStop,rf_19_raw_window,42,3,73,73,1,3,9,18,0,0.0,0,0.5,
ProtectiveStop,rf_19_raw_window,42,3,73,73,1,3,10,19,0,0.023333333333333334,0,0.5,
ProtectiveStop,rf_19_raw_window,42,3,73,73,1,3,11,20,0,0.05,0,0.5,
ProtectiveStop,rf_19_raw_window,42,3,73,73,1,3,12,21,0,0.03666666666666667,0,0.5,
ProtectiveStop,rf_19_raw_window,42,3,73,73,1,3,13,22,0,0.03666666666666667,0,0.5,
ProtectiveStop,rf_19_raw_window,42,3,73,73,1,3,14,23,0,0.03333333333333333,0,0.5,
ProtectiveStop,rf_19_raw_window,42,3,73,73,1,3,15,24,0,0.14333333333333334,0,0.5,
ProtectiveStop,rf_19_raw_window,42,3,75,74,1,3,0,9,0,0.04,0,0.5,
ProtectiveStop,rf_19_raw_window,42,3,75,74,1,3,1,10,0,0.043333333333333335,0,0.5,
ProtectiveStop,rf_19_raw_window,42,3,75,74,1,3,2,11,0,0.03,0,0.5,
ProtectiveStop,rf_19_raw_window,42,3,75,74,1,3,3,12,0,0.03333333333333333,0,0.5,
ProtectiveStop,rf_19_raw_window,42,3,75,74,1,3,4,13,0,0.006666666666666667,0,0.5,
ProtectiveStop,rf_19_raw_window,42,3,75,74,1,3,5,14,0,0.0,0,0.5,
ProtectiveStop,rf_19_raw_window,42,3,75,74,1,3,6,15,0,0.0,0,0.5,
ProtectiveStop,rf_19_raw_window,42,3,75,74,1,3,7,16,0,0.0,0,0.5,
ProtectiveStop,rf_19_raw_window,42,3,75,74,1,3,8,17,0,0.01,0,0.5,
ProtectiveStop,rf_19_raw_window,42,3,75,74,1,3,9,18,0,0.01,0,0.5,
ProtectiveStop,rf_19_raw_window,42,3,75,74,1,3,10,19,0,0.006666666666666667,0,0.5,
ProtectiveStop,rf_19_raw_window,42,3,75,74,1,3,11,20,0,0.006666666666666667,0,0.5,
ProtectiveStop,rf_19_raw_window,42,3,75,74,1,3,12,21,0,0.01,0,0.5,
ProtectiveStop,rf_19_raw_window,42,3,75,74,1,3,13,22,0,0.016666666666666666,0,0.5,
ProtectiveStop,rf_19_raw_window,42,3,75,74,1,3,14,23,0,0.16,0,0.5,
ProtectiveStop,rf_19_raw_window,42,4,76,75,1,4,0,9,0,0.04,0,0.5,
ProtectiveStop,rf_19_raw_window,42,4,76,75,1,4,1,10,0,0.013333333333333334,0,0.5,
ProtectiveStop,rf_19_raw_window,42,4,76,75,1,4,2,11,0,0.013333333333333334,0,0.5,
ProtectiveStop,rf_19_raw_window,42,4,76,75,1,4,3,12,0,0.006666666666666667,0,0.5,
ProtectiveStop,rf_19_raw_window,42,4,76,75,1,4,4,13,0,0.01,0,0.5,
ProtectiveStop,rf_19_raw_window,42,4,76,75,1,4,5,14,0,0.0,0,0.5,
ProtectiveStop,rf_19_raw_window,42,4,76,75,1,4,6,15,0,0.0,0,0.5,
ProtectiveStop,rf_19_raw_window,42,4,76,75,1,4,7,16,0,0.0,0,0.5,
ProtectiveStop,rf_19_raw_window,42,4,76,75,1,4,8,17,0,0.0,0,0.5,
ProtectiveStop,rf_19_raw_window,42,4,76,75,1,4,9,18,0,0.0,0,0.5,
ProtectiveStop,rf_19_raw_window,42,4,76,75,1,4,10,19,0,0.0,0,0.5,
ProtectiveStop,rf_19_raw_window,42,4,76,75,1,4,11,20,0,0.0033333333333333335,0,0.5,
ProtectiveStop,rf_19_raw_window,42,4,76,75,1,4,12,21,0,0.01,0,0.5,
ProtectiveStop,rf_19_raw_window,42,4,76,75,1,4,13,22,0,0.0033333333333333335,0,0.5,
ProtectiveStop,rf_19_raw_window,42,4,76,75,1,4,14,23,0,0.0033333333333333335,0,0.5,
ProtectiveStop,rf_19_raw_window,42,4,85,84,1,4,0,9,0,0.8133333333333334,1,0.5,
ProtectiveStop,rf_19_raw_window,42,4,85,84,1,4,1,10,0,0.79,1,0.5,
ProtectiveStop,rf_19_raw_window,42,4,85,84,1,4,2,11,0,0.7666666666666667,1,0.5,
ProtectiveStop,rf_19_raw_window,42,4,85,84,1,4,3,12,0,0.73,1,0.5,
ProtectiveStop,rf_19_raw_window,42,4,85,84,1,4,4,13,0,0.6033333333333334,1,0.5,
ProtectiveStop,rf_19_raw_window,42,4,85,84,1,4,5,14,0,0.5166666666666667,1,0.5,
ProtectiveStop,rf_19_raw_window,42,4,85,84,1,4,6,15,0,0.37333333333333335,0,0.5,
ProtectiveStop,rf_19_raw_window,42,4,85,84,1,4,7,16,0,0.023333333333333334,0,0.5,
ProtectiveStop,rf_19_raw_window,42,4,85,84,1,4,8,17,0,0.006666666666666667,0,0.5,
ProtectiveStop,rf_19_raw_window,42,4,85,84,1,4,9,18,0,0.0033333333333333335,0,0.5,
ProtectiveStop,rf_19_raw_window,42,4,85,84,1,4,10,19,0,0.01,0,0.5,
ProtectiveStop,rf_19_raw_window,42,4,85,84,1,4,11,20,0,0.0033333333333333335,0,0.5,
ProtectiveStop,rf_19_raw_window,42,4,85,84,1,4,12,21,0,0.0033333333333333335,0,0.5,
ProtectiveStop,rf_19_raw_window,42,4,85,84,1,4,13,22,0,0.013333333333333334,0,0.5,
ProtectiveStop,rf_19_raw_window,42,4,85,84,1,4,14,23,0,0.0033333333333333335,0,0.5,
ProtectiveStop,rf_19_raw_window,42,4,85,84,1,4,15,24,0,0.006666666666666667,0,0.5,
ProtectiveStop,rf_19_raw_window,42,4,85,84,1,4,16,25,0,0.01,0,0.5,
ProtectiveStop,rf_19_raw_window,42,4,85,84,1,4,17,26,0,0.013333333333333334,0,0.5,
ProtectiveStop,rf_19_raw_window,42,4,85,84,1,4,18,27,0,0.013333333333333334,0,0.5,
ProtectiveStop,rf_19_raw_window,42,4,85,84,1,4,19,28,0,0.02,0,0.5,
ProtectiveStop,rf_19_raw_window,42,4,86,85,1,4,0,9,1,0.6466666666666666,1,0.5,
ProtectiveStop,rf_19_raw_window,42,4,86,85,1,4,1,10,1,0.8233333333333334,1,0.5,
ProtectiveStop,rf_19_raw_window,42,4,86,85,1,4,2,11,1,0.8366666666666667,1,0.5,
ProtectiveStop,rf_19_raw_window,42,4,86,85,1,4,3,12,1,0.8,1,0.5,
ProtectiveStop,rf_19_raw_window,42,4,86,85,1,4,4,13,1,0.63,1,0.5,
ProtectiveStop,rf_19_raw_window,42,4,86,85,1,4,5,14,1,0.8633333333333333,1,0.5,
ProtectiveStop,rf_19_raw_window,42,4,86,85,1,4,6,15,1,0.6466666666666666,1,0.5,
ProtectiveStop,rf_19_raw_window,42,4,86,85,1,4,7,16,1,0.25333333333333335,0,0.5,
ProtectiveStop,rf_19_raw_window,42,4,86,85,1,4,8,17,0,0.0033333333333333335,0,0.5,
ProtectiveStop,rf_19_raw_window,42,4,86,85,1,4,9,18,0,0.0,0,0.5,
ProtectiveStop,rf_19_raw_window,42,4,86,85,1,4,10,19,0,0.0,0,0.5,
ProtectiveStop,rf_19_raw_window,42,4,86,85,1,4,11,20,0,0.0,0,0.5,
ProtectiveStop,rf_19_raw_window,42,4,86,85,1,4,12,21,0,0.0,0,0.5,
ProtectiveStop,rf_19_raw_window,42,4,86,85,1,4,13,22,0,0.0,0,0.5,
ProtectiveStop,rf_19_raw_window,42,4,86,85,1,4,14,23,0,0.0,0,0.5,
ProtectiveStop,rf_19_raw_window,42,4,86,85,1,4,15,24,0,0.0,0,0.5,
ProtectiveStop,rf_19_raw_window,42,4,86,85,1,4,16,25,0,0.006666666666666667,0,0.5,
ProtectiveStop,rf_19_raw_window,42,4,86,85,1,4,17,26,0,0.14333333333333334,0,0.5,
ProtectiveStop,rf_19_raw_window,42,4,86,85,1,4,18,27,0,0.23,0,0.5,
ProtectiveStop,rf_19_raw_window,42,4,86,85,1,4,19,28,0,0.26666666666666666,0,0.5,
ProtectiveStop,rf_19_raw_window,42,4,87,86,1,4,0,9,1,0.8366666666666667,1,0.5,
ProtectiveStop,rf_19_raw_window,42,4,87,86,1,4,1,10,1,0.8766666666666667,1,0.5,
ProtectiveStop,rf_19_raw_window,42,4,87,86,1,4,2,11,1,0.9,1,0.5,
ProtectiveStop,rf_19_raw_window,42,4,87,86,1,4,3,12,1,0.9133333333333333,1,0.5,
ProtectiveStop,rf_19_raw_window,42,4,87,86,1,4,4,13,1,0.9033333333333333,1,0.5,
ProtectiveStop,rf_19_raw_window,42,4,87,86,1,4,5,14,1,0.74,1,0.5,
ProtectiveStop,rf_19_raw_window,42,4,87,86,1,4,6,15,0,0.19333333333333333,0,0.5,
ProtectiveStop,rf_19_raw_window,42,4,87,86,1,4,7,16,0,0.14666666666666667,0,0.5,
ProtectiveStop,rf_19_raw_window,42,4,87,86,1,4,8,17,0,0.006666666666666667,0,0.5,
ProtectiveStop,rf_19_raw_window,42,4,87,86,1,4,9,18,0,0.0033333333333333335,0,0.5,
ProtectiveStop,rf_19_raw_window,42,4,87,86,1,4,10,19,0,0.013333333333333334,0,0.5,
ProtectiveStop,rf_19_raw_window,42,4,87,86,1,4,11,20,0,0.006666666666666667,0,0.5,
ProtectiveStop,rf_19_raw_window,42,4,87,86,1,4,12,21,0,0.07333333333333333,0,0.5,
ProtectiveStop,rf_19_raw_window,42,4,87,86,1,4,13,22,0,0.1,0,0.5,
ProtectiveStop,rf_19_raw_window,42,4,87,86,1,4,14,23,0,0.10333333333333333,0,0.5,
ProtectiveStop,rf_19_raw_window,42,4,87,86,1,4,15,24,0,0.1,0,0.5,
ProtectiveStop,rf_19_raw_window,42,4,87,86,1,4,16,25,0,0.12333333333333334,0,0.5,
ProtectiveStop,rf_19_raw_window,42,4,87,86,1,4,17,26,0,0.12,0,0.5,
ProtectiveStop,rf_19_raw_window,42,4,87,86,1,4,18,27,0,0.17666666666666667,0,0.5,
ProtectiveStop,rf_19_raw_window,42,4,87,86,1,4,19,28,0,0.17333333333333334,0,0.5,
ProtectiveStop,rf_19_raw_window,42,4,88,87,1,4,0,9,0,0.02,0,0.5,
ProtectiveStop,rf_19_raw_window,42,4,88,87,1,4,1,10,0,0.0033333333333333335,0,0.5,
ProtectiveStop,rf_19_raw_window,42,4,88,87,1,4,2,11,0,0.0033333333333333335,0,0.5,
ProtectiveStop,rf_19_raw_window,42,4,88,87,1,4,3,12,0,0.006666666666666667,0,0.5,
ProtectiveStop,rf_19_raw_window,42,4,88,87,1,4,4,13,0,0.006666666666666667,0,0.5,
ProtectiveStop,rf_19_raw_window,42,4,88,87,1,4,5,14,0,0.013333333333333334,0,0.5,
ProtectiveStop,rf_19_raw_window,42,4,88,87,1,4,6,15,0,0.013333333333333334,0,0.5,
ProtectiveStop,rf_19_raw_window,42,4,88,87,1,4,7,16,0,0.0033333333333333335,0,0.5,
ProtectiveStop,rf_19_raw_window,42,4,88,87,1,4,8,17,0,0.043333333333333335,0,0.5,
ProtectiveStop,rf_19_raw_window,42,4,88,87,1,4,9,18,0,0.016666666666666666,0,0.5,
ProtectiveStop,rf_19_raw_window,42,4,88,87,1,4,10,19,0,0.0033333333333333335,0,0.5,
ProtectiveStop,rf_19_raw_window,42,4,88,87,1,4,11,20,0,0.023333333333333334,0,0.5,
ProtectiveStop,rf_19_raw_window,42,4,88,87,1,4,12,21,0,0.013333333333333334,0,0.5,
ProtectiveStop,rf_19_raw_window,42,4,88,87,1,4,13,22,0,0.013333333333333334,0,0.5,
ProtectiveStop,rf_19_raw_window,42,4,88,87,1,4,14,23,0,0.016666666666666666,0,0.5,
ProtectiveStop,rf_19_raw_window,42,4,89,88,1,4,0,9,0,0.05,0,0.5,
ProtectiveStop,rf_19_raw_window,42,4,89,88,1,4,1,10,0,0.006666666666666667,0,0.5,
ProtectiveStop,rf_19_raw_window,42,4,89,88,1,4,2,11,0,0.0033333333333333335,0,0.5,
ProtectiveStop,rf_19_raw_window,42,4,89,88,1,4,3,12,0,0.0,0,0.5,
ProtectiveStop,rf_19_raw_window,42,4,89,88,1,4,4,13,0,0.0,0,0.5,
ProtectiveStop,rf_19_raw_window,42,4,89,88,1,4,5,14,0,0.0,0,0.5,
ProtectiveStop,rf_19_raw_window,42,4,89,88,1,4,6,15,0,0.0,0,0.5,
ProtectiveStop,rf_19_raw_window,42,4,89,88,1,4,7,16,0,0.0,0,0.5,
ProtectiveStop,rf_19_raw_window,42,4,89,88,1,4,8,17,0,0.0,0,0.5,
ProtectiveStop,rf_19_raw_window,42,4,89,88,1,4,9,18,0,0.0,0,0.5,
ProtectiveStop,rf_19_raw_window,42,4,89,88,1,4,10,19,0,0.0,0,0.5,
ProtectiveStop,rf_19_raw_window,42,4,89,88,1,4,11,20,0,0.0033333333333333335,0,0.5,
ProtectiveStop,rf_19_raw_window,42,4,89,88,1,4,12,21,0,0.01,0,0.5,
ProtectiveStop,rf_19_raw_window,42,4,89,88,1,4,13,22,0,0.023333333333333334,0,0.5,
ProtectiveStop,rf_19_raw_window,42,4,89,88,1,4,14,23,0,0.013333333333333334,0,0.5,
ProtectiveStop,rf_19_raw_window,42,4,90,89,1,4,0,9,0,0.09,0,0.5,
ProtectiveStop,rf_19_raw_window,42,4,90,89,1,4,1,10,0,0.1,0,0.5,
ProtectiveStop,rf_19_raw_window,42,4,90,89,1,4,2,11,0,0.0,0,0.5,
ProtectiveStop,rf_19_raw_window,42,4,90,89,1,4,3,12,0,0.0,0,0.5,
ProtectiveStop,rf_19_raw_window,42,4,90,89,1,4,4,13,0,0.0,0,0.5,
ProtectiveStop,rf_19_raw_window,42,4,90,89,1,4,5,14,0,0.0,0,0.5,
ProtectiveStop,rf_19_raw_window,42,4,90,89,1,4,6,15,0,0.0,0,0.5,
ProtectiveStop,rf_19_raw_window,42,4,90,89,1,4,7,16,0,0.0,0,0.5,
ProtectiveStop,rf_19_raw_window,42,4,90,89,1,4,8,17,0,0.0,0,0.5,
ProtectiveStop,rf_19_raw_window,42,4,90,89,1,4,9,18,0,0.0033333333333333335,0,0.5,
ProtectiveStop,rf_19_raw_window,42,4,90,89,1,4,10,19,0,0.0,0,0.5,
ProtectiveStop,rf_19_raw_window,42,4,90,89,1,4,11,20,0,0.006666666666666667,0,0.5,
ProtectiveStop,rf_19_raw_window,42,4,90,89,1,4,12,21,0,0.0033333333333333335,0,0.5,
ProtectiveStop,rf_19_raw_window,42,4,90,89,1,4,13,22,0,0.0033333333333333335,0,0.5,
ProtectiveStop,rf_19_raw_window,42,4,90,89,1,4,14,23,0,0.0033333333333333335,0,0.5,
ProtectiveStop,rf_19_raw_window,42,4,91,90,1,4,0,9,0,0.28,0,0.5,
ProtectiveStop,rf_19_raw_window,42,4,91,90,1,4,1,10,0,0.023333333333333334,0,0.5,
ProtectiveStop,rf_19_raw_window,42,4,91,90,1,4,2,11,0,0.01,0,0.5,
ProtectiveStop,rf_19_raw_window,42,4,91,90,1,4,3,12,0,0.0,0,0.5,
ProtectiveStop,rf_19_raw_window,42,4,91,90,1,4,4,13,0,0.0033333333333333335,0,0.5,
ProtectiveStop,rf_19_raw_window,42,4,91,90,1,4,5,14,0,0.0,0,0.5,
ProtectiveStop,rf_19_raw_window,42,4,91,90,1,4,6,15,0,0.0,0,0.5,
ProtectiveStop,rf_19_raw_window,42,4,91,90,1,4,7,16,0,0.0,0,0.5,
ProtectiveStop,rf_19_raw_window,42,4,91,90,1,4,8,17,0,0.0033333333333333335,0,0.5,
ProtectiveStop,rf_19_raw_window,42,4,91,90,1,4,9,18,0,0.013333333333333334,0,0.5,
ProtectiveStop,rf_19_raw_window,42,4,91,90,1,4,10,19,0,0.006666666666666667,0,0.5,
ProtectiveStop,rf_19_raw_window,42,4,91,90,1,4,11,20,0,0.016666666666666666,0,0.5,
ProtectiveStop,rf_19_raw_window,42,4,91,90,1,4,12,21,0,0.07666666666666666,0,0.5,
ProtectiveStop,rf_19_raw_window,42,4,91,90,1,4,13,22,0,0.15,0,0.5,
ProtectiveStop,rf_19_raw_window,42,4,91,90,1,4,14,23,0,0.15,0,0.5,
ProtectiveStop,rf_19_raw_window,42,4,92,91,1,4,0,9,0,0.14666666666666667,0,0.5,
ProtectiveStop,rf_19_raw_window,42,4,92,91,1,4,1,10,0,0.08,0,0.5,
ProtectiveStop,rf_19_raw_window,42,4,92,91,1,4,2,11,0,0.09,0,0.5,
ProtectiveStop,rf_19_raw_window,42,4,92,91,1,4,3,12,0,0.04666666666666667,0,0.5,
ProtectiveStop,rf_19_raw_window,42,4,92,91,1,4,4,13,0,0.19,0,0.5,
ProtectiveStop,rf_19_raw_window,42,4,92,91,1,4,5,14,0,0.02666666666666667,0,0.5,
ProtectiveStop,rf_19_raw_window,42,4,92,91,1,4,6,15,0,0.02666666666666667,0,0.5,
ProtectiveStop,rf_19_raw_window,42,4,92,91,1,4,7,16,0,0.02666666666666667,0,0.5,
ProtectiveStop,rf_19_raw_window,42,4,92,91,1,4,8,17,0,0.023333333333333334,0,0.5,
ProtectiveStop,rf_19_raw_window,42,4,92,91,1,4,9,18,0,0.023333333333333334,0,0.5,
ProtectiveStop,rf_19_raw_window,42,4,92,91,1,4,10,19,0,0.0033333333333333335,0,0.5,
ProtectiveStop,rf_19_raw_window,42,4,92,91,1,4,11,20,0,0.0033333333333333335,0,0.5,
ProtectiveStop,rf_19_raw_window,42,4,92,91,1,4,12,21,0,0.006666666666666667,0,0.5,
ProtectiveStop,rf_19_raw_window,42,4,92,91,1,4,13,22,0,0.0033333333333333335,0,0.5,
ProtectiveStop,rf_19_raw_window,42,4,92,91,1,4,14,23,0,0.006666666666666667,0,0.5,
ProtectiveStop,rf_19_raw_window,42,4,93,92,1,4,0,9,0,0.07333333333333333,0,0.5,
ProtectiveStop,rf_19_raw_window,42,4,93,92,1,4,1,10,0,0.03666666666666667,0,0.5,
ProtectiveStop,rf_19_raw_window,42,4,93,92,1,4,2,11,0,0.01,0,0.5,
ProtectiveStop,rf_19_raw_window,42,4,93,92,1,4,3,12,0,0.0033333333333333335,0,0.5,
ProtectiveStop,rf_19_raw_window,42,4,93,92,1,4,4,13,0,0.0,0,0.5,
ProtectiveStop,rf_19_raw_window,42,4,93,92,1,4,5,14,0,0.0033333333333333335,0,0.5,
ProtectiveStop,rf_19_raw_window,42,4,93,92,1,4,6,15,0,0.0033333333333333335,0,0.5,
ProtectiveStop,rf_19_raw_window,42,4,93,92,1,4,7,16,0,0.0033333333333333335,0,0.5,
ProtectiveStop,rf_19_raw_window,42,4,93,92,1,4,8,17,0,0.02,0,0.5,
ProtectiveStop,rf_19_raw_window,42,4,93,92,1,4,9,18,0,0.02,0,0.5,
ProtectiveStop,rf_19_raw_window,42,4,93,92,1,4,10,19,0,0.023333333333333334,0,0.5,
ProtectiveStop,rf_19_raw_window,42,4,93,92,1,4,11,20,0,0.016666666666666666,0,0.5,
ProtectiveStop,rf_19_raw_window,42,4,93,92,1,4,12,21,0,0.02,0,0.5,
ProtectiveStop,rf_19_raw_window,42,4,93,92,1,4,13,22,0,0.01,0,0.5,
ProtectiveStop,rf_19_raw_window,42,4,93,92,1,4,14,23,0,0.006666666666666667,0,0.5,
ProtectiveStop,rf_19_raw_window,42,4,94,93,1,4,0,9,0,0.03333333333333333,0,0.5,
ProtectiveStop,rf_19_raw_window,42,4,94,93,1,4,1,10,0,0.03,0,0.5,
ProtectiveStop,rf_19_raw_window,42,4,94,93,1,4,2,11,0,0.016666666666666666,0,0.5,
ProtectiveStop,rf_19_raw_window,42,4,94,93,1,4,3,12,0,0.0,0,0.5,
ProtectiveStop,rf_19_raw_window,42,4,94,93,1,4,4,13,0,0.0,0,0.5,
ProtectiveStop,rf_19_raw_window,42,4,94,93,1,4,5,14,0,0.006666666666666667,0,0.5,
ProtectiveStop,rf_19_raw_window,42,4,94,93,1,4,6,15,0,0.0,0,0.5,
ProtectiveStop,rf_19_raw_window,42,4,94,93,1,4,7,16,0,0.0,0,0.5,
ProtectiveStop,rf_19_raw_window,42,4,94,93,1,4,8,17,0,0.0,0,0.5,
ProtectiveStop,rf_19_raw_window,42,4,94,93,1,4,9,18,0,0.0033333333333333335,0,0.5,
ProtectiveStop,rf_19_raw_window,42,4,94,93,1,4,10,19,0,0.006666666666666667,0,0.5,
ProtectiveStop,rf_19_raw_window,42,4,94,93,1,4,11,20,0,0.016666666666666666,0,0.5,
ProtectiveStop,rf_19_raw_window,42,4,94,93,1,4,12,21,0,0.01,0,0.5,
ProtectiveStop,rf_19_raw_window,42,4,94,93,1,4,13,22,0,0.0,0,0.5,
ProtectiveStop,rf_19_raw_window,42,4,94,93,1,4,14,23,0,0.0033333333333333335,0,0.5,
ProtectiveStop,rf_19_raw_window,42,4,95,94,1,4,0,9,0,0.15666666666666668,0,0.5,
ProtectiveStop,rf_19_raw_window,42,4,95,94,1,4,1,10,0,0.18,0,0.5,
ProtectiveStop,rf_19_raw_window,42,4,95,94,1,4,2,11,0,0.03666666666666667,0,0.5,
ProtectiveStop,rf_19_raw_window,42,4,95,94,1,4,3,12,0,0.0033333333333333335,0,0.5,
ProtectiveStop,rf_19_raw_window,42,4,95,94,1,4,4,13,0,0.0,0,0.5,
ProtectiveStop,rf_19_raw_window,42,4,95,94,1,4,5,14,0,0.0,0,0.5,
ProtectiveStop,rf_19_raw_window,42,4,95,94,1,4,6,15,0,0.0,0,0.5,
ProtectiveStop,rf_19_raw_window,42,4,95,94,1,4,7,16,0,0.0,0,0.5,
ProtectiveStop,rf_19_raw_window,42,4,95,94,1,4,8,17,0,0.0,0,0.5,
ProtectiveStop,rf_19_raw_window,42,4,95,94,1,4,9,18,0,0.0,0,0.5,
ProtectiveStop,rf_19_raw_window,42,4,95,94,1,4,10,19,0,0.0033333333333333335,0,0.5,
ProtectiveStop,rf_19_raw_window,42,4,95,94,1,4,11,20,0,0.006666666666666667,0,0.5,
ProtectiveStop,rf_19_raw_window,42,4,95,94,1,4,12,21,0,0.0033333333333333335,0,0.5,
ProtectiveStop,rf_19_raw_window,42,4,95,94,1,4,13,22,0,0.0,0,0.5,
ProtectiveStop,rf_19_raw_window,42,4,95,94,1,4,14,23,0,0.0,0,0.5,
ProtectiveStop,rf_19_raw_window,42,4,96,95,1,4,0,9,0,0.013333333333333334,0,0.5,
ProtectiveStop,rf_19_raw_window,42,4,96,95,1,4,1,10,0,0.0,0,0.5,
ProtectiveStop,rf_19_raw_window,42,4,96,95,1,4,2,11,0,0.0,0,0.5,
ProtectiveStop,rf_19_raw_window,42,4,96,95,1,4,3,12,0,0.0,0,0.5,
ProtectiveStop,rf_19_raw_window,42,4,96,95,1,4,4,13,0,0.0,0,0.5,
ProtectiveStop,rf_19_raw_window,42,4,96,95,1,4,5,14,0,0.0,0,0.5,
ProtectiveStop,rf_19_raw_window,42,4,96,95,1,4,6,15,0,0.0,0,0.5,
ProtectiveStop,rf_19_raw_window,42,4,97,96,1,4,0,9,0,0.11,0,0.5,
ProtectiveStop,rf_19_raw_window,42,4,97,96,1,4,1,10,0,0.36333333333333334,0,0.5,
ProtectiveStop,rf_19_raw_window,42,4,97,96,1,4,2,11,0,0.0033333333333333335,0,0.5,
ProtectiveStop,rf_19_raw_window,42,4,97,96,1,4,3,12,0,0.0,0,0.5,
ProtectiveStop,rf_19_raw_window,42,4,97,96,1,4,4,13,0,0.0,0,0.5,
ProtectiveStop,rf_19_raw_window,42,4,97,96,1,4,5,14,0,0.0,0,0.5,
ProtectiveStop,rf_19_raw_window,42,4,97,96,1,4,6,15,0,0.0,0,0.5,
ProtectiveStop,rf_19_raw_window,42,4,97,96,1,4,7,16,0,0.0,0,0.5,
ProtectiveStop,rf_19_raw_window,42,4,97,96,1,4,8,17,0,0.01,0,0.5,
ProtectiveStop,rf_19_raw_window,42,4,97,96,1,4,9,18,0,0.0,0,0.5,
ProtectiveStop,rf_19_raw_window,42,4,97,96,1,4,10,19,0,0.0,0,0.5,
ProtectiveStop,rf_19_raw_window,42,4,97,96,1,4,11,20,0,0.01,0,0.5,
ProtectiveStop,rf_19_raw_window,42,4,97,96,1,4,12,21,0,0.0033333333333333335,0,0.5,
ProtectiveStop,rf_19_raw_window,42,4,97,96,1,4,13,22,0,0.0,0,0.5,
ProtectiveStop,rf_19_raw_window,42,4,97,96,1,4,14,23,0,0.0,0,0.5,
ProtectiveStop,rf_19_raw_window,42,4,98,97,1,4,0,9,0,0.18,0,0.5,
ProtectiveStop,rf_19_raw_window,42,4,98,97,1,4,1,10,0,0.2,0,0.5,
ProtectiveStop,rf_19_raw_window,42,4,98,97,1,4,2,11,0,0.01,0,0.5,
ProtectiveStop,rf_19_raw_window,42,4,98,97,1,4,3,12,0,0.0,0,0.5,
ProtectiveStop,rf_19_raw_window,42,4,98,97,1,4,4,13,0,0.0,0,0.5,
ProtectiveStop,rf_19_raw_window,42,4,98,97,1,4,5,14,0,0.0,0,0.5,
ProtectiveStop,rf_19_raw_window,42,4,98,97,1,4,6,15,0,0.0,0,0.5,
ProtectiveStop,rf_19_raw_window,42,4,98,97,1,4,7,16,0,0.0,0,0.5,
ProtectiveStop,rf_19_raw_window,42,4,98,97,1,4,8,17,0,0.0033333333333333335,0,0.5,
ProtectiveStop,rf_19_raw_window,42,4,98,97,1,4,9,18,0,0.0,0,0.5,
ProtectiveStop,rf_19_raw_window,42,4,98,97,1,4,10,19,0,0.0,0,0.5,
ProtectiveStop,rf_19_raw_window,42,4,98,97,1,4,11,20,0,0.0,0,0.5,
ProtectiveStop,rf_19_raw_window,42,4,98,97,1,4,12,21,0,0.0,0,0.5,
ProtectiveStop,rf_19_raw_window,42,4,98,97,1,4,13,22,0,0.0,0,0.5,
ProtectiveStop,rf_19_raw_window,42,4,98,97,1,4,14,23,0,0.0033333333333333335,0,0.5,
ProtectiveStop,rf_19_raw_window,42,4,99,98,1,4,0,9,1,0.6666666666666666,1,0.5,
ProtectiveStop,rf_19_raw_window,42,4,99,98,1,4,1,10,1,0.7033333333333334,1,0.5,
ProtectiveStop,rf_19_raw_window,42,4,99,98,1,4,2,11,1,0.7233333333333334,1,0.5,
ProtectiveStop,rf_19_raw_window,42,4,99,98,1,4,3,12,1,0.76,1,0.5,
ProtectiveStop,rf_19_raw_window,42,4,99,98,1,4,4,13,1,0.8,1,0.5,
ProtectiveStop,rf_19_raw_window,42,4,99,98,1,4,5,14,1,0.8066666666666666,1,0.5,
ProtectiveStop,rf_19_raw_window,42,4,99,98,1,4,6,15,1,0.84,1,0.5,
ProtectiveStop,rf_19_raw_window,42,4,99,98,1,4,7,16,1,0.8133333333333334,1,0.5,
ProtectiveStop,rf_19_raw_window,42,4,99,98,1,4,8,17,1,0.8066666666666666,1,0.5,
ProtectiveStop,rf_19_raw_window,42,4,99,98,1,4,9,18,0,0.82,1,0.5,
ProtectiveStop,rf_19_raw_window,42,4,99,98,1,4,10,19,0,0.8033333333333333,1,0.5,
ProtectiveStop,rf_19_raw_window,42,4,99,98,1,4,11,20,0,0.83,1,0.5,
ProtectiveStop,rf_19_raw_window,42,4,99,98,1,4,12,21,0,0.81,1,0.5,
ProtectiveStop,rf_19_raw_window,42,4,99,98,1,4,13,22,0,0.81,1,0.5,
ProtectiveStop,rf_19_raw_window,42,4,99,98,1,4,14,23,0,0.81,1,0.5,
ProtectiveStop,rf_19_raw_window,42,4,99,98,1,4,15,24,0,0.75,1,0.5,
ProtectiveStop,rf_19_raw_window,42,4,99,98,1,4,16,25,0,0.7233333333333334,1,0.5,
ProtectiveStop,rf_19_raw_window,42,4,99,98,1,4,17,26,0,0.6433333333333333,1,0.5,
ProtectiveStop,rf_19_raw_window,42,4,99,98,1,4,18,27,0,0.6133333333333333,1,0.5,
ProtectiveStop,rf_19_raw_window,42,4,99,98,1,4,19,28,0,0.5566666666666666,1,0.5,
ProtectiveStop,rf_19_raw_window,42,4,99,98,1,4,20,29,0,0.4633333333333333,0,0.5,
ProtectiveStop,rf_19_raw_window,42,4,99,98,1,4,21,30,0,0.39,0,0.5,
ProtectiveStop,rf_19_raw_window,42,4,99,98,1,4,22,31,0,0.2633333333333333,0,0.5,
ProtectiveStop,rf_19_raw_window,42,4,99,98,1,4,23,32,0,0.29,0,0.5,
ProtectiveStop,rf_19_raw_window,42,4,99,98,1,4,24,33,0,0.2866666666666667,0,0.5,
ProtectiveStop,rf_19_raw_window,42,4,99,98,1,4,25,34,0,0.29333333333333333,0,0.5,
ProtectiveStop,rf_19_raw_window,42,4,99,98,1,4,26,35,0,0.31333333333333335,0,0.5,
ProtectiveStop,rf_19_raw_window,42,4,99,98,1,4,27,36,0,0.30666666666666664,0,0.5,
ProtectiveStop,rf_19_raw_window,42,4,99,98,1,4,28,37,0,0.31666666666666665,0,0.5,
ProtectiveStop,rf_19_raw_window,42,4,99,98,1,4,29,38,0,0.34,0,0.5,
ProtectiveStop,rf_19_raw_window,42,4,99,98,1,4,30,39,0,0.35,0,0.5,
ProtectiveStop,rf_19_raw_window,42,4,99,98,1,4,31,40,0,0.35,0,0.5,
ProtectiveStop,rf_19_raw_window,42,4,99,98,1,4,32,41,0,0.3466666666666667,0,0.5,
ProtectiveStop,rf_19_raw_window,42,4,99,98,1,4,33,42,0,0.36666666666666664,0,0.5,
ProtectiveStop,rf_19_raw_window,42,4,99,98,1,4,34,43,0,0.4866666666666667,0,0.5,
ProtectiveStop,rf_19_raw_window,42,4,99,98,1,4,35,44,0,0.41333333333333333,0,0.5,
ProtectiveStop,rf_19_raw_window,42,4,99,98,1,4,36,45,0,0.4033333333333333,0,0.5,
ProtectiveStop,rf_19_raw_window,42,4,99,98,1,4,37,46,0,0.42,0,0.5,
ProtectiveStop,rf_19_raw_window,42,4,99,98,1,4,38,47,0,0.4066666666666667,0,0.5,
ProtectiveStop,rf_19_raw_window,42,4,99,98,1,4,39,48,0,0.5333333333333333,1,0.5,
ProtectiveStop,rf_19_raw_window,42,4,99,98,1,4,40,49,0,0.7233333333333334,1,0.5,
ProtectiveStop,rf_19_raw_window,42,4,99,98,1,4,41,50,0,0.7033333333333334,1,0.5,
ProtectiveStop,rf_19_raw_window,42,4,99,98,1,4,42,51,0,0.6833333333333333,1,0.5,
ProtectiveStop,rf_19_raw_window,42,4,99,98,1,4,43,52,0,0.69,1,0.5,
ProtectiveStop,rf_19_raw_window,42,4,99,98,1,4,44,53,0,0.63,1,0.5,
ProtectiveStop,rf_19_raw_window,42,4,99,98,1,4,45,54,0,0.04666666666666667,0,0.5,
ProtectiveStop,rf_19_raw_window,42,4,99,98,1,4,46,55,0,0.023333333333333334,0,0.5,
ProtectiveStop,rf_19_raw_window,42,4,99,98,1,4,47,56,0,0.0033333333333333335,0,0.5,
ProtectiveStop,rf_19_raw_window,42,4,99,98,1,4,48,57,0,0.0033333333333333335,0,0.5,
ProtectiveStop,rf_19_raw_window,42,4,99,98,1,4,49,58,0,0.0,0,0.5,
ProtectiveStop,rf_19_raw_window,42,4,99,98,1,4,50,59,0,0.0,0,0.5,
ProtectiveStop,rf_19_raw_window,42,4,99,98,1,4,51,60,0,0.0,0,0.5,
ProtectiveStop,rf_19_raw_window,42,4,99,98,1,4,52,61,0,0.0,0,0.5,
ProtectiveStop,rf_19_raw_window,42,4,99,98,1,4,53,62,0,0.0033333333333333335,0,0.5,
ProtectiveStop,rf_19_raw_window,42,4,99,98,1,4,54,63,0,0.0033333333333333335,0,0.5,
ProtectiveStop,rf_19_raw_window,42,4,99,98,1,4,55,64,0,0.0033333333333333335,0,0.5,
ProtectiveStop,rf_19_raw_window,42,4,99,98,1,4,56,65,1,0.03333333333333333,0,0.5,
ProtectiveStop,rf_19_raw_window,42,4,99,98,1,4,57,66,1,0.03666666666666667,0,0.5,
ProtectiveStop,rf_19_raw_window,42,4,99,98,1,4,58,67,1,0.07666666666666666,0,0.5,
ProtectiveStop,rf_19_raw_window,42,4,99,98,1,4,59,68,1,0.14333333333333334,0,0.5,
ProtectiveStop,rf_19_raw_window,42,4,99,98,1,4,60,69,1,0.37,0,0.5,
ProtectiveStop,rf_19_raw_window,42,4,99,98,1,4,61,70,1,0.39,0,0.5,
ProtectiveStop,rf_19_raw_window,42,4,99,98,1,4,62,71,1,0.44666666666666666,0,0.5,
ProtectiveStop,rf_19_raw_window,42,4,99,98,1,4,63,72,1,0.6333333333333333,1,0.5,
ProtectiveStop,rf_19_raw_window,42,4,99,98,1,4,64,73,1,0.6766666666666666,1,0.5,
ProtectiveStop,rf_19_raw_window,42,4,99,98,1,4,65,74,1,0.7866666666666666,1,0.5,
ProtectiveStop,rf_19_raw_window,42,4,99,98,1,4,66,75,1,0.7033333333333334,1,0.5,
ProtectiveStop,rf_19_raw_window,42,4,99,98,1,4,67,76,1,0.74,1,0.5,
ProtectiveStop,rf_19_raw_window,42,4,99,98,1,4,68,77,1,0.75,1,0.5,
ProtectiveStop,rf_19_raw_window,42,4,99,98,1,4,69,78,1,0.72,1,0.5,
ProtectiveStop,rf_19_raw_window,42,4,99,98,1,4,70,79,1,0.73,1,0.5,
ProtectiveStop,rf_19_raw_window,42,4,99,98,1,4,71,80,1,0.7266666666666667,1,0.5,
ProtectiveStop,rf_19_raw_window,42,4,99,98,1,4,72,81,1,0.73,1,0.5,
ProtectiveStop,rf_19_raw_window,42,4,99,98,1,4,73,82,1,0.7266666666666667,1,0.5,
ProtectiveStop,rf_19_raw_window,42,4,99,98,1,4,74,83,1,0.6866666666666666,1,0.5,
ProtectiveStop,rf_19_raw_window,42,4,99,98,1,4,75,84,1,0.6766666666666666,1,0.5,
ProtectiveStop,rf_19_raw_window,42,4,99,98,1,4,76,85,0,0.66,1,0.5,
ProtectiveStop,rf_19_raw_window,42,4,99,98,1,4,77,86,0,0.6766666666666666,1,0.5,
ProtectiveStop,rf_19_raw_window,42,4,99,98,1,4,78,87,0,0.5466666666666666,1,0.5,
ProtectiveStop,rf_19_raw_window,42,4,99,98,1,4,79,88,0,0.42,0,0.5,
ProtectiveStop,rf_19_raw_window,42,4,99,98,1,4,80,89,0,0.43333333333333335,0,0.5,
ProtectiveStop,rf_19_raw_window,42,4,99,98,1,4,81,90,0,0.39666666666666667,0,0.5,
ProtectiveStop,rf_19_raw_window,42,4,99,98,1,4,82,91,0,0.31666666666666665,0,0.5,
ProtectiveStop,rf_19_raw_window,42,4,99,98,1,4,83,92,0,0.2,0,0.5,
ProtectiveStop,rf_19_raw_window,42,4,99,98,1,4,84,93,0,0.17666666666666667,0,0.5,
ProtectiveStop,rf_19_raw_window,42,4,99,98,1,4,85,94,0,0.16333333333333333,0,0.5,
ProtectiveStop,rf_19_raw_window,42,4,99,98,1,4,86,95,0,0.15333333333333332,0,0.5,
ProtectiveStop,rf_19_raw_window,42,4,99,98,1,4,87,96,0,0.18333333333333332,0,0.5,
ProtectiveStop,rf_19_raw_window,42,4,99,98,1,4,88,97,0,0.21,0,0.5,
ProtectiveStop,rf_19_raw_window,42,4,99,98,1,4,89,98,0,0.13,0,0.5,
ProtectiveStop,rf_19_raw_window,42,4,99,98,1,4,90,99,0,0.13666666666666666,0,0.5,
ProtectiveStop,rf_19_raw_window,42,4,99,98,1,4,91,100,0,0.15,0,0.5,
ProtectiveStop,rf_19_raw_window,42,4,100,99,1,4,0,9,0,0.01,0,0.5,
ProtectiveStop,rf_19_raw_window,42,4,100,99,1,4,1,10,0,0.0033333333333333335,0,0.5,
ProtectiveStop,rf_19_raw_window,42,4,100,99,1,4,2,11,0,0.0033333333333333335,0,0.5,
ProtectiveStop,rf_19_raw_window,42,4,100,99,1,4,3,12,0,0.013333333333333334,0,0.5,
ProtectiveStop,rf_19_raw_window,42,4,100,99,1,4,4,13,0,0.016666666666666666,0,0.5,
ProtectiveStop,rf_19_raw_window,42,4,100,99,1,4,5,14,0,0.0033333333333333335,0,0.5,
ProtectiveStop,rf_19_raw_window,42,4,100,99,1,4,6,15,0,0.006666666666666667,0,0.5,
ProtectiveStop,rf_19_raw_window,42,4,100,99,1,4,7,16,0,0.013333333333333334,0,0.5,
ProtectiveStop,rf_19_raw_window,42,4,100,99,1,4,8,17,0,0.02666666666666667,0,0.5,
ProtectiveStop,rf_19_raw_window,42,4,100,99,1,4,9,18,0,0.10666666666666667,0,0.5,
ProtectiveStop,rf_19_raw_window,42,4,100,99,1,4,10,19,0,0.12666666666666668,0,0.5,
ProtectiveStop,rf_19_raw_window,42,4,100,99,1,4,11,20,0,0.16,0,0.5,
ProtectiveStop,rf_19_raw_window,42,4,100,99,1,4,12,21,0,0.17,0,0.5,
ProtectiveStop,rf_19_raw_window,42,4,100,99,1,4,13,22,0,0.18666666666666668,0,0.5,
ProtectiveStop,rf_19_raw_window,42,4,100,99,1,4,14,23,0,0.09666666666666666,0,0.5,
ProtectiveStop,rf_19_raw_window,42,5,101,100,1,5,0,9,0,0.19666666666666666,0,0.5,
ProtectiveStop,rf_19_raw_window,42,5,101,100,1,5,1,10,0,0.10666666666666667,0,0.5,
ProtectiveStop,rf_19_raw_window,42,5,101,100,1,5,2,11,0,0.07666666666666666,0,0.5,
ProtectiveStop,rf_19_raw_window,42,5,101,100,1,5,3,12,0,0.056666666666666664,0,0.5,
ProtectiveStop,rf_19_raw_window,42,5,101,100,1,5,4,13,0,0.006666666666666667,0,0.5,
ProtectiveStop,rf_19_raw_window,42,5,101,100,1,5,5,14,0,0.006666666666666667,0,0.5,
ProtectiveStop,rf_19_raw_window,42,5,101,100,1,5,6,15,0,0.0033333333333333335,0,0.5,
ProtectiveStop,rf_19_raw_window,42,5,101,100,1,5,7,16,0,0.006666666666666667,0,0.5,
ProtectiveStop,rf_19_raw_window,42,5,101,100,1,5,8,17,0,0.02,0,0.5,
ProtectiveStop,rf_19_raw_window,42,5,101,100,1,5,9,18,0,0.043333333333333335,0,0.5,
ProtectiveStop,rf_19_raw_window,42,5,101,100,1,5,10,19,0,0.03333333333333333,0,0.5,
ProtectiveStop,rf_19_raw_window,42,5,101,100,1,5,11,20,0,0.02666666666666667,0,0.5,
ProtectiveStop,rf_19_raw_window,42,5,101,100,1,5,12,21,0,0.056666666666666664,0,0.5,
ProtectiveStop,rf_19_raw_window,42,5,101,100,1,5,13,22,0,0.08333333333333333,0,0.5,
ProtectiveStop,rf_19_raw_window,42,5,101,100,1,5,14,23,0,0.08333333333333333,0,0.5,
ProtectiveStop,rf_19_raw_window,42,5,102,101,1,5,0,9,0,0.2,0,0.5,
ProtectiveStop,rf_19_raw_window,42,5,102,101,1,5,1,10,0,0.10333333333333333,0,0.5,
ProtectiveStop,rf_19_raw_window,42,5,102,101,1,5,2,11,0,0.04,0,0.5,
ProtectiveStop,rf_19_raw_window,42,5,102,101,1,5,3,12,0,0.02666666666666667,0,0.5,
ProtectiveStop,rf_19_raw_window,42,5,102,101,1,5,4,13,0,0.01,0,0.5,
ProtectiveStop,rf_19_raw_window,42,5,102,101,1,5,5,14,0,0.0,0,0.5,
ProtectiveStop,rf_19_raw_window,42,5,102,101,1,5,6,15,0,0.0033333333333333335,0,0.5,
ProtectiveStop,rf_19_raw_window,42,5,102,101,1,5,7,16,0,0.0,0,0.5,
ProtectiveStop,rf_19_raw_window,42,5,102,101,1,5,8,17,0,0.02666666666666667,0,0.5,
ProtectiveStop,rf_19_raw_window,42,5,102,101,1,5,9,18,0,0.05333333333333334,0,0.5,
ProtectiveStop,rf_19_raw_window,42,5,102,101,1,5,10,19,0,0.05,0,0.5,
ProtectiveStop,rf_19_raw_window,42,5,102,101,1,5,11,20,0,0.08,0,0.5,
ProtectiveStop,rf_19_raw_window,42,5,102,101,1,5,12,21,0,0.19,0,0.5,
ProtectiveStop,rf_19_raw_window,42,5,102,101,1,5,13,22,0,0.14,0,0.5,
ProtectiveStop,rf_19_raw_window,42,5,102,101,1,5,14,23,0,0.1,0,0.5,
ProtectiveStop,rf_19_raw_window,42,5,103,102,1,5,0,9,1,0.7,1,0.5,
ProtectiveStop,rf_19_raw_window,42,5,103,102,1,5,1,10,1,0.7266666666666667,1,0.5,
ProtectiveStop,rf_19_raw_window,42,5,103,102,1,5,2,11,1,0.7633333333333333,1,0.5,
ProtectiveStop,rf_19_raw_window,42,5,103,102,1,5,3,12,1,0.71,1,0.5,
ProtectiveStop,rf_19_raw_window,42,5,103,102,1,5,4,13,1,0.7166666666666667,1,0.5,
ProtectiveStop,rf_19_raw_window,42,5,103,102,1,5,5,14,1,0.8,1,0.5,
ProtectiveStop,rf_19_raw_window,42,5,103,102,1,5,6,15,1,0.7333333333333333,1,0.5,
ProtectiveStop,rf_19_raw_window,42,5,103,102,1,5,7,16,0,0.7533333333333333,1,0.5,
ProtectiveStop,rf_19_raw_window,42,5,103,102,1,5,8,17,0,0.7266666666666667,1,0.5,
ProtectiveStop,rf_19_raw_window,42,5,103,102,1,5,9,18,0,0.6366666666666667,1,0.5,
ProtectiveStop,rf_19_raw_window,42,5,103,102,1,5,10,19,0,0.4766666666666667,0,0.5,
ProtectiveStop,rf_19_raw_window,42,5,103,102,1,5,11,20,0,0.44333333333333336,0,0.5,
ProtectiveStop,rf_19_raw_window,42,5,103,102,1,5,12,21,0,0.44666666666666666,0,0.5,
ProtectiveStop,rf_19_raw_window,42,5,103,102,1,5,13,22,0,0.38333333333333336,0,0.5,
ProtectiveStop,rf_19_raw_window,42,5,103,102,1,5,14,23,0,0.37666666666666665,0,0.5,
ProtectiveStop,rf_19_raw_window,42,5,103,102,1,5,15,24,0,0.4166666666666667,0,0.5,
ProtectiveStop,rf_19_raw_window,42,5,103,102,1,5,16,25,1,0.5,0,0.5,
ProtectiveStop,rf_19_raw_window,42,5,103,102,1,5,17,26,1,0.5133333333333333,1,0.5,
ProtectiveStop,rf_19_raw_window,42,5,103,102,1,5,18,27,1,0.5466666666666666,1,0.5,
ProtectiveStop,rf_19_raw_window,42,5,103,102,1,5,19,28,1,0.6166666666666667,1,0.5,
ProtectiveStop,rf_19_raw_window,42,5,103,102,1,5,20,29,1,0.76,1,0.5,
ProtectiveStop,rf_19_raw_window,42,5,103,102,1,5,21,30,1,0.7766666666666666,1,0.5,
ProtectiveStop,rf_19_raw_window,42,5,103,102,1,5,22,31,1,0.7566666666666667,1,0.5,
ProtectiveStop,rf_19_raw_window,42,5,103,102,1,5,23,32,1,0.7333333333333333,1,0.5,
ProtectiveStop,rf_19_raw_window,42,5,103,102,1,5,24,33,1,0.7233333333333334,1,0.5,
ProtectiveStop,rf_19_raw_window,42,5,103,102,1,5,25,34,1,0.6566666666666666,1,0.5,
ProtectiveStop,rf_19_raw_window,42,5,103,102,1,5,26,35,1,0.5933333333333334,1,0.5,
ProtectiveStop,rf_19_raw_window,42,5,103,102,1,5,27,36,1,0.6666666666666666,1,0.5,
ProtectiveStop,rf_19_raw_window,42,5,103,102,1,5,28,37,1,0.7033333333333334,1,0.5,
ProtectiveStop,rf_19_raw_window,42,5,103,102,1,5,29,38,1,0.7166666666666667,1,0.5,
ProtectiveStop,rf_19_raw_window,42,5,103,102,1,5,30,39,1,0.7366666666666667,1,0.5,
ProtectiveStop,rf_19_raw_window,42,5,103,102,1,5,31,40,1,0.67,1,0.5,
ProtectiveStop,rf_19_raw_window,42,5,103,102,1,5,32,41,1,0.7266666666666667,1,0.5,
ProtectiveStop,rf_19_raw_window,42,5,103,102,1,5,33,42,1,0.76,1,0.5,
ProtectiveStop,rf_19_raw_window,42,5,103,102,1,5,34,43,1,0.7633333333333333,1,0.5,
ProtectiveStop,rf_19_raw_window,42,5,103,102,1,5,35,44,1,0.7,1,0.5,
ProtectiveStop,rf_19_raw_window,42,5,103,102,1,5,36,45,1,0.5866666666666667,1,0.5,
ProtectiveStop,rf_19_raw_window,42,5,103,102,1,5,37,46,1,0.54,1,0.5,
ProtectiveStop,rf_19_raw_window,42,5,103,102,1,5,38,47,1,0.3,0,0.5,
ProtectiveStop,rf_19_raw_window,42,5,103,102,1,5,39,48,0,0.31666666666666665,0,0.5,
ProtectiveStop,rf_19_raw_window,42,5,103,102,1,5,40,49,0,0.30666666666666664,0,0.5,
ProtectiveStop,rf_19_raw_window,42,5,103,102,1,5,41,50,0,0.3,0,0.5,
ProtectiveStop,rf_19_raw_window,42,5,103,102,1,5,42,51,0,0.25333333333333335,0,0.5,
ProtectiveStop,rf_19_raw_window,42,5,103,102,1,5,43,52,0,0.6233333333333333,1,0.5,
ProtectiveStop,rf_19_raw_window,42,5,103,102,1,5,44,53,0,0.4533333333333333,0,0.5,
ProtectiveStop,rf_19_raw_window,42,5,103,102,1,5,45,54,0,0.43666666666666665,0,0.5,
ProtectiveStop,rf_19_raw_window,42,5,103,102,1,5,46,55,0,0.41,0,0.5,
ProtectiveStop,rf_19_raw_window,42,5,103,102,1,5,47,56,0,0.44333333333333336,0,0.5,
ProtectiveStop,rf_19_raw_window,42,5,103,102,1,5,48,57,0,0.49333333333333335,0,0.5,
ProtectiveStop,rf_19_raw_window,42,5,103,102,1,5,49,58,0,0.7033333333333334,1,0.5,
ProtectiveStop,rf_19_raw_window,42,5,103,102,1,5,50,59,0,0.79,1,0.5,
ProtectiveStop,rf_19_raw_window,42,5,103,102,1,5,51,60,0,0.7266666666666667,1,0.5,
ProtectiveStop,rf_19_raw_window,42,5,103,102,1,5,52,61,0,0.4866666666666667,0,0.5,
ProtectiveStop,rf_19_raw_window,42,5,103,102,1,5,53,62,0,0.44333333333333336,0,0.5,
ProtectiveStop,rf_19_raw_window,42,5,104,103,1,5,0,9,0,0.06,0,0.5,
ProtectiveStop,rf_19_raw_window,42,5,104,103,1,5,1,10,0,0.02666666666666667,0,0.5,
ProtectiveStop,rf_19_raw_window,42,5,105,104,1,5,0,9,0,0.31666666666666665,0,0.5,
ProtectiveStop,rf_19_raw_window,42,5,105,104,1,5,1,10,0,0.1,0,0.5,
ProtectiveStop,rf_19_raw_window,42,5,105,104,1,5,2,11,0,0.09,0,0.5,
ProtectiveStop,rf_19_raw_window,42,5,105,104,1,5,3,12,0,0.0033333333333333335,0,0.5,
ProtectiveStop,rf_19_raw_window,42,5,105,104,1,5,4,13,0,0.0033333333333333335,0,0.5,
ProtectiveStop,rf_19_raw_window,42,5,105,104,1,5,5,14,0,0.0033333333333333335,0,0.5,
ProtectiveStop,rf_19_raw_window,42,5,105,104,1,5,6,15,0,0.01,0,0.5,
ProtectiveStop,rf_19_raw_window,42,5,105,104,1,5,7,16,0,0.013333333333333334,0,0.5,
ProtectiveStop,rf_19_raw_window,42,5,105,104,1,5,8,17,0,0.0033333333333333335,0,0.5,
ProtectiveStop,rf_19_raw_window,42,5,105,104,1,5,9,18,0,0.0033333333333333335,0,0.5,
ProtectiveStop,rf_19_raw_window,42,5,105,104,1,5,10,19,0,0.01,0,0.5,
ProtectiveStop,rf_19_raw_window,42,5,105,104,1,5,11,20,0,0.0033333333333333335,0,0.5,
ProtectiveStop,rf_19_raw_window,42,5,105,104,1,5,12,21,0,0.006666666666666667,0,0.5,
ProtectiveStop,rf_19_raw_window,42,5,105,104,1,5,13,22,0,0.02,0,0.5,
ProtectiveStop,rf_19_raw_window,42,5,106,105,1,5,0,9,0,0.03666666666666667,0,0.5,
ProtectiveStop,rf_19_raw_window,42,5,106,105,1,5,1,10,0,0.05,0,0.5,
ProtectiveStop,rf_19_raw_window,42,5,106,105,1,5,2,11,0,0.03666666666666667,0,0.5,
ProtectiveStop,rf_19_raw_window,42,5,106,105,1,5,3,12,0,0.01,0,0.5,
ProtectiveStop,rf_19_raw_window,42,5,106,105,1,5,4,13,0,0.01,0,0.5,
ProtectiveStop,rf_19_raw_window,42,5,106,105,1,5,5,14,0,0.006666666666666667,0,0.5,
ProtectiveStop,rf_19_raw_window,42,5,106,105,1,5,6,15,0,0.006666666666666667,0,0.5,
ProtectiveStop,rf_19_raw_window,42,5,106,105,1,5,7,16,0,0.006666666666666667,0,0.5,
ProtectiveStop,rf_19_raw_window,42,5,106,105,1,5,8,17,0,0.04666666666666667,0,0.5,
ProtectiveStop,rf_19_raw_window,42,5,106,105,1,5,9,18,0,0.043333333333333335,0,0.5,
ProtectiveStop,rf_19_raw_window,42,5,106,105,1,5,10,19,0,0.043333333333333335,0,0.5,
ProtectiveStop,rf_19_raw_window,42,5,106,105,1,5,11,20,0,0.09,0,0.5,
ProtectiveStop,rf_19_raw_window,42,5,106,105,1,5,12,21,0,0.08,0,0.5,
ProtectiveStop,rf_19_raw_window,42,5,106,105,1,5,13,22,0,0.06,0,0.5,
ProtectiveStop,rf_19_raw_window,42,5,106,105,1,5,14,23,0,0.05333333333333334,0,0.5,
ProtectiveStop,rf_19_raw_window,42,5,107,106,1,5,0,9,0,0.07333333333333333,0,0.5,
ProtectiveStop,rf_19_raw_window,42,5,107,106,1,5,1,10,0,0.07,0,0.5,
ProtectiveStop,rf_19_raw_window,42,5,107,106,1,5,2,11,0,0.07333333333333333,0,0.5,
ProtectiveStop,rf_19_raw_window,42,5,107,106,1,5,3,12,0,0.07666666666666666,0,0.5,
ProtectiveStop,rf_19_raw_window,42,5,107,106,1,5,4,13,0,0.056666666666666664,0,0.5,
ProtectiveStop,rf_19_raw_window,42,5,107,106,1,5,5,14,0,0.023333333333333334,0,0.5,
ProtectiveStop,rf_19_raw_window,42,5,107,106,1,5,6,15,0,0.0033333333333333335,0,0.5,
ProtectiveStop,rf_19_raw_window,42,5,107,106,1,5,7,16,0,0.0033333333333333335,0,0.5,
ProtectiveStop,rf_19_raw_window,42,5,107,106,1,5,8,17,0,0.01,0,0.5,
ProtectiveStop,rf_19_raw_window,42,5,107,106,1,5,9,18,0,0.056666666666666664,0,0.5,
ProtectiveStop,rf_19_raw_window,42,5,107,106,1,5,10,19,0,0.04,0,0.5,
ProtectiveStop,rf_19_raw_window,42,5,107,106,1,5,11,20,0,0.04,0,0.5,
ProtectiveStop,rf_19_raw_window,42,5,107,106,1,5,12,21,0,0.03666666666666667,0,0.5,
ProtectiveStop,rf_19_raw_window,42,5,107,106,1,5,13,22,0,0.03666666666666667,0,0.5,
ProtectiveStop,rf_19_raw_window,42,5,107,106,1,5,14,23,0,0.043333333333333335,0,0.5,
ProtectiveStop,rf_19_raw_window,42,5,108,107,1,5,0,9,1,0.9233333333333333,1,0.5,
ProtectiveStop,rf_19_raw_window,42,5,108,107,1,5,1,10,1,0.9333333333333333,1,0.5,
ProtectiveStop,rf_19_raw_window,42,5,108,107,1,5,2,11,1,0.9433333333333334,1,0.5,
ProtectiveStop,rf_19_raw_window,42,5,108,107,1,5,3,12,1,0.8866666666666667,1,0.5,
ProtectiveStop,rf_19_raw_window,42,5,108,107,1,5,4,13,1,0.8633333333333333,1,0.5,
ProtectiveStop,rf_19_raw_window,42,5,108,107,1,5,5,14,1,0.7766666666666666,1,0.5,
ProtectiveStop,rf_19_raw_window,42,5,108,107,1,5,6,15,1,0.61,1,0.5,
ProtectiveStop,rf_19_raw_window,42,5,108,107,1,5,7,16,1,0.6066666666666667,1,0.5,
ProtectiveStop,rf_19_raw_window,42,5,108,107,1,5,8,17,1,0.6666666666666666,1,0.5,
ProtectiveStop,rf_19_raw_window,42,5,108,107,1,5,9,18,1,0.65,1,0.5,
ProtectiveStop,rf_19_raw_window,42,5,108,107,1,5,10,19,1,0.7,1,0.5,
ProtectiveStop,rf_19_raw_window,42,5,108,107,1,5,11,20,1,0.7833333333333333,1,0.5,
ProtectiveStop,rf_19_raw_window,42,5,108,107,1,5,12,21,1,0.6933333333333334,1,0.5,
ProtectiveStop,rf_19_raw_window,42,5,108,107,1,5,13,22,1,0.63,1,0.5,
ProtectiveStop,rf_19_raw_window,42,5,108,107,1,5,14,23,1,0.6633333333333333,1,0.5,
ProtectiveStop,rf_19_raw_window,42,5,108,107,1,5,15,24,1,0.6466666666666666,1,0.5,
ProtectiveStop,rf_19_raw_window,42,5,108,107,1,5,16,25,1,0.6433333333333333,1,0.5,
ProtectiveStop,rf_19_raw_window,42,5,108,107,1,5,17,26,1,0.6133333333333333,1,0.5,
ProtectiveStop,rf_19_raw_window,42,5,108,107,1,5,18,27,1,0.61,1,0.5,
ProtectiveStop,rf_19_raw_window,42,5,108,107,1,5,19,28,1,0.49333333333333335,0,0.5,
ProtectiveStop,rf_19_raw_window,42,5,108,107,1,5,20,29,1,0.33666666666666667,0,0.5,
ProtectiveStop,rf_19_raw_window,42,5,108,107,1,5,21,30,0,0.25,0,0.5,
ProtectiveStop,rf_19_raw_window,42,5,108,107,1,5,22,31,0,0.21333333333333335,0,0.5,
ProtectiveStop,rf_19_raw_window,42,5,108,107,1,5,23,32,0,0.21666666666666667,0,0.5,
ProtectiveStop,rf_19_raw_window,42,5,108,107,1,5,24,33,0,0.21,0,0.5,
ProtectiveStop,rf_19_raw_window,42,5,108,107,1,5,25,34,0,0.043333333333333335,0,0.5,
ProtectiveStop,rf_19_raw_window,42,5,108,107,1,5,26,35,0,0.016666666666666666,0,0.5,
ProtectiveStop,rf_19_raw_window,42,5,108,107,1,5,27,36,0,0.18,0,0.5,
ProtectiveStop,rf_19_raw_window,42,5,108,107,1,5,28,37,0,0.25,0,0.5,
ProtectiveStop,rf_19_raw_window,42,5,108,107,1,5,29,38,0,0.22666666666666666,0,0.5,
ProtectiveStop,rf_19_raw_window,42,5,108,107,1,5,30,39,0,0.04666666666666667,0,0.5,
ProtectiveStop,rf_19_raw_window,42,5,108,107,1,5,31,40,0,0.016666666666666666,0,0.5,
ProtectiveStop,rf_19_raw_window,42,5,108,107,1,5,32,41,0,0.006666666666666667,0,0.5,
ProtectiveStop,rf_19_raw_window,42,5,108,107,1,5,33,42,0,0.0,0,0.5,
ProtectiveStop,rf_19_raw_window,42,5,108,107,1,5,34,43,0,0.0033333333333333335,0,0.5,
ProtectiveStop,rf_19_raw_window,42,5,108,107,1,5,35,44,0,0.0033333333333333335,0,0.5,
ProtectiveStop,rf_19_raw_window,42,5,108,107,1,5,36,45,0,0.023333333333333334,0,0.5,
ProtectiveStop,rf_19_raw_window,42,5,108,107,1,5,37,46,0,0.1,0,0.5,
ProtectiveStop,rf_19_raw_window,42,5,108,107,1,5,38,47,0,0.03666666666666667,0,0.5,
ProtectiveStop,rf_19_raw_window,42,5,108,107,1,5,39,48,0,0.07666666666666666,0,0.5,
ProtectiveStop,rf_19_raw_window,42,5,108,107,1,5,40,49,0,0.08,0,0.5,
ProtectiveStop,rf_19_raw_window,42,5,108,107,1,5,41,50,0,0.08333333333333333,0,0.5,
ProtectiveStop,rf_19_raw_window,42,5,108,107,1,5,42,51,0,0.08,0,0.5,
ProtectiveStop,rf_19_raw_window,42,5,108,107,1,5,43,52,0,0.14666666666666667,0,0.5,
ProtectiveStop,rf_19_raw_window,42,5,108,107,1,5,44,53,0,0.19333333333333333,0,0.5,
ProtectiveStop,rf_19_raw_window,42,5,108,107,1,5,45,54,0,0.25666666666666665,0,0.5,
ProtectiveStop,rf_19_raw_window,42,5,108,107,1,5,46,55,0,0.37,0,0.5,
ProtectiveStop,rf_19_raw_window,42,5,109,108,1,5,0,9,0,0.05,0,0.5,
ProtectiveStop,rf_19_raw_window,42,5,109,108,1,5,1,10,0,0.10333333333333333,0,0.5,
ProtectiveStop,rf_19_raw_window,42,5,109,108,1,5,2,11,0,0.04666666666666667,0,0.5,
ProtectiveStop,rf_19_raw_window,42,5,109,108,1,5,3,12,0,0.013333333333333334,0,0.5,
ProtectiveStop,rf_19_raw_window,42,5,109,108,1,5,4,13,0,0.006666666666666667,0,0.5,
ProtectiveStop,rf_19_raw_window,42,5,109,108,1,5,5,14,0,0.006666666666666667,0,0.5,
ProtectiveStop,rf_19_raw_window,42,5,109,108,1,5,6,15,0,0.0033333333333333335,0,0.5,
ProtectiveStop,rf_19_raw_window,42,5,109,108,1,5,7,16,0,0.0033333333333333335,0,0.5,
ProtectiveStop,rf_19_raw_window,42,5,109,108,1,5,8,17,0,0.0033333333333333335,0,0.5,
ProtectiveStop,rf_19_raw_window,42,5,109,108,1,5,9,18,0,0.016666666666666666,0,0.5,
ProtectiveStop,rf_19_raw_window,42,5,109,108,1,5,10,19,0,0.0033333333333333335,0,0.5,
ProtectiveStop,rf_19_raw_window,42,5,109,108,1,5,11,20,0,0.013333333333333334,0,0.5,
ProtectiveStop,rf_19_raw_window,42,5,109,108,1,5,12,21,0,0.006666666666666667,0,0.5,
ProtectiveStop,rf_19_raw_window,42,5,109,108,1,5,13,22,0,0.013333333333333334,0,0.5,
ProtectiveStop,rf_19_raw_window,42,5,109,108,1,5,14,23,0,0.023333333333333334,0,0.5,
ProtectiveStop,rf_19_raw_window,42,5,110,109,1,5,0,9,0,0.15333333333333332,0,0.5,
ProtectiveStop,rf_19_raw_window,42,5,110,109,1,5,1,10,0,0.17,0,0.5,
ProtectiveStop,rf_19_raw_window,42,5,110,109,1,5,2,11,0,0.19,0,0.5,
ProtectiveStop,rf_19_raw_window,42,5,110,109,1,5,3,12,0,0.29333333333333333,0,0.5,
ProtectiveStop,rf_19_raw_window,42,5,111,110,1,5,0,9,0,0.2833333333333333,0,0.5,
ProtectiveStop,rf_19_raw_window,42,5,111,110,1,5,1,10,0,0.13333333333333333,0,0.5,
ProtectiveStop,rf_19_raw_window,42,5,111,110,1,5,2,11,0,0.09333333333333334,0,0.5,
ProtectiveStop,rf_19_raw_window,42,5,111,110,1,5,3,12,0,0.03,0,0.5,
ProtectiveStop,rf_19_raw_window,42,5,111,110,1,5,4,13,0,0.016666666666666666,0,0.5,
ProtectiveStop,rf_19_raw_window,42,5,111,110,1,5,5,14,0,0.02666666666666667,0,0.5,
ProtectiveStop,rf_19_raw_window,42,5,111,110,1,5,6,15,0,0.0033333333333333335,0,0.5,
ProtectiveStop,rf_19_raw_window,42,5,111,110,1,5,7,16,0,0.0033333333333333335,0,0.5,
ProtectiveStop,rf_19_raw_window,42,5,111,110,1,5,8,17,0,0.016666666666666666,0,0.5,
ProtectiveStop,rf_19_raw_window,42,5,111,110,1,5,9,18,0,0.05333333333333334,0,0.5,
ProtectiveStop,rf_19_raw_window,42,5,111,110,1,5,10,19,0,0.08333333333333333,0,0.5,
ProtectiveStop,rf_19_raw_window,42,5,111,110,1,5,11,20,0,0.06666666666666667,0,0.5,
ProtectiveStop,rf_19_raw_window,42,5,111,110,1,5,12,21,0,0.11333333333333333,0,0.5,
ProtectiveStop,rf_19_raw_window,42,5,111,110,1,5,13,22,0,0.19666666666666666,0,0.5,
ProtectiveStop,rf_19_raw_window,42,5,111,110,1,5,14,23,0,0.17666666666666667,0,0.5,
ProtectiveStop,rf_19_raw_window,42,5,111,110,1,5,15,24,0,0.15,0,0.5,
ProtectiveStop,rf_19_raw_window,42,5,112,111,1,5,0,9,0,0.08333333333333333,0,0.5,
ProtectiveStop,rf_19_raw_window,42,5,112,111,1,5,1,10,0,0.043333333333333335,0,0.5,
ProtectiveStop,rf_19_raw_window,42,5,112,111,1,5,2,11,0,0.02666666666666667,0,0.5,
ProtectiveStop,rf_19_raw_window,42,5,112,111,1,5,3,12,0,0.006666666666666667,0,0.5,
ProtectiveStop,rf_19_raw_window,42,5,112,111,1,5,4,13,0,0.006666666666666667,0,0.5,
ProtectiveStop,rf_19_raw_window,42,5,112,111,1,5,5,14,0,0.0033333333333333335,0,0.5,
ProtectiveStop,rf_19_raw_window,42,5,112,111,1,5,6,15,0,0.0033333333333333335,0,0.5,
ProtectiveStop,rf_19_raw_window,42,5,112,111,1,5,7,16,0,0.0,0,0.5,
ProtectiveStop,rf_19_raw_window,42,5,112,111,1,5,8,17,0,0.01,0,0.5,
ProtectiveStop,rf_19_raw_window,42,5,112,111,1,5,9,18,0,0.03333333333333333,0,0.5,
ProtectiveStop,rf_19_raw_window,42,5,112,111,1,5,10,19,0,0.0033333333333333335,0,0.5,
ProtectiveStop,rf_19_raw_window,42,5,112,111,1,5,11,20,0,0.013333333333333334,0,0.5,
ProtectiveStop,rf_19_raw_window,42,5,112,111,1,5,12,21,0,0.006666666666666667,0,0.5,
ProtectiveStop,rf_19_raw_window,42,5,112,111,1,5,13,22,0,0.013333333333333334,0,0.5,
ProtectiveStop,rf_19_raw_window,42,5,112,111,1,5,14,23,0,0.006666666666666667,0,0.5,
ProtectiveStop,rf_19_raw_window,42,5,113,112,1,5,0,9,0,0.19666666666666666,0,0.5,
ProtectiveStop,rf_19_raw_window,42,5,113,112,1,5,1,10,0,0.39,0,0.5,
ProtectiveStop,rf_19_raw_window,42,5,113,112,1,5,2,11,0,0.07,0,0.5,
ProtectiveStop,rf_19_raw_window,42,5,113,112,1,5,3,12,0,0.02,0,0.5,
ProtectiveStop,rf_19_raw_window,42,5,113,112,1,5,4,13,0,0.0033333333333333335,0,0.5,
ProtectiveStop,rf_19_raw_window,42,5,113,112,1,5,5,14,0,0.0,0,0.5,
ProtectiveStop,rf_19_raw_window,42,5,113,112,1,5,6,15,0,0.0,0,0.5,
ProtectiveStop,rf_19_raw_window,42,5,113,112,1,5,7,16,0,0.0,0,0.5,
ProtectiveStop,rf_19_raw_window,42,5,113,112,1,5,8,17,0,0.03333333333333333,0,0.5,
ProtectiveStop,rf_19_raw_window,42,5,113,112,1,5,9,18,0,0.023333333333333334,0,0.5,
ProtectiveStop,rf_19_raw_window,42,5,113,112,1,5,10,19,0,0.06333333333333334,0,0.5,
ProtectiveStop,rf_19_raw_window,42,5,113,112,1,5,11,20,0,0.03,0,0.5,
ProtectiveStop,rf_19_raw_window,42,5,113,112,1,5,12,21,0,0.03666666666666667,0,0.5,
ProtectiveStop,rf_19_raw_window,42,5,113,112,1,5,13,22,0,0.04666666666666667,0,0.5,
ProtectiveStop,rf_19_raw_window,42,5,113,112,1,5,14,23,0,0.04666666666666667,0,0.5,
ProtectiveStop,rf_19_raw_window,42,5,114,113,1,5,0,9,0,0.27,0,0.5,
ProtectiveStop,rf_19_raw_window,42,5,114,113,1,5,1,10,0,0.10666666666666667,0,0.5,
ProtectiveStop,rf_19_raw_window,42,5,114,113,1,5,2,11,0,0.03666666666666667,0,0.5,
ProtectiveStop,rf_19_raw_window,42,5,114,113,1,5,3,12,0,0.023333333333333334,0,0.5,
ProtectiveStop,rf_19_raw_window,42,5,114,113,1,5,4,13,0,0.013333333333333334,0,0.5,
ProtectiveStop,rf_19_raw_window,42,5,114,113,1,5,5,14,0,0.0033333333333333335,0,0.5,
ProtectiveStop,rf_19_raw_window,42,5,114,113,1,5,6,15,0,0.0033333333333333335,0,0.5,
ProtectiveStop,rf_19_raw_window,42,5,114,113,1,5,7,16,0,0.0033333333333333335,0,0.5,
ProtectiveStop,rf_19_raw_window,42,5,114,113,1,5,8,17,0,0.006666666666666667,0,0.5,
ProtectiveStop,rf_19_raw_window,42,5,114,113,1,5,9,18,0,0.01,0,0.5,
ProtectiveStop,rf_19_raw_window,42,5,114,113,1,5,10,19,0,0.016666666666666666,0,0.5,
ProtectiveStop,rf_19_raw_window,42,5,114,113,1,5,11,20,0,0.016666666666666666,0,0.5,
ProtectiveStop,rf_19_raw_window,42,5,114,113,1,5,12,21,0,0.023333333333333334,0,0.5,
ProtectiveStop,rf_19_raw_window,42,5,114,113,1,5,13,22,0,0.013333333333333334,0,0.5,
ProtectiveStop,rf_19_raw_window,42,5,114,113,1,5,14,23,0,0.01,0,0.5,
ProtectiveStop,rf_19_raw_window,42,5,114,113,1,5,15,24,0,0.01,0,0.5,
ProtectiveStop,rf_19_raw_window,42,5,115,114,1,5,0,9,1,0.91,1,0.5,
ProtectiveStop,rf_19_raw_window,42,5,115,114,1,5,1,10,1,0.9566666666666667,1,0.5,
ProtectiveStop,rf_19_raw_window,42,5,115,114,1,5,2,11,1,0.96,1,0.5,
ProtectiveStop,rf_19_raw_window,42,5,115,114,1,5,3,12,1,0.9133333333333333,1,0.5,
ProtectiveStop,rf_19_raw_window,42,5,115,114,1,5,4,13,1,0.8733333333333333,1,0.5,
ProtectiveStop,rf_19_raw_window,42,5,115,114,1,5,5,14,1,0.7833333333333333,1,0.5,
ProtectiveStop,rf_19_raw_window,42,5,115,114,1,5,6,15,0,0.68,1,0.5,
ProtectiveStop,rf_19_raw_window,42,5,115,114,1,5,7,16,0,0.6566666666666666,1,0.5,
ProtectiveStop,rf_19_raw_window,42,5,115,114,1,5,8,17,0,0.6333333333333333,1,0.5,
ProtectiveStop,rf_19_raw_window,42,5,115,114,1,5,9,18,0,0.6066666666666667,1,0.5,
ProtectiveStop,rf_19_raw_window,42,5,115,114,1,5,10,19,0,0.48333333333333334,0,0.5,
ProtectiveStop,rf_19_raw_window,42,5,115,114,1,5,11,20,0,0.38333333333333336,0,0.5,
ProtectiveStop,rf_19_raw_window,42,5,115,114,1,5,12,21,0,0.43,0,0.5,
ProtectiveStop,rf_19_raw_window,42,5,115,114,1,5,13,22,0,0.25666666666666665,0,0.5,
ProtectiveStop,rf_19_raw_window,42,5,115,114,1,5,14,23,0,0.4266666666666667,0,0.5,
ProtectiveStop,rf_19_raw_window,42,5,115,114,1,5,15,24,0,0.42333333333333334,0,0.5,
ProtectiveStop,rf_19_raw_window,42,5,115,114,1,5,16,25,0,0.4166666666666667,0,0.5,
ProtectiveStop,rf_19_raw_window,42,5,115,114,1,5,17,26,0,0.39666666666666667,0,0.5,
ProtectiveStop,rf_19_raw_window,42,5,115,114,1,5,18,27,0,0.41333333333333333,0,0.5,
ProtectiveStop,rf_19_raw_window,42,5,115,114,1,5,19,28,0,0.41333333333333333,0,0.5,
ProtectiveStop,rf_19_raw_window,42,5,115,114,1,5,20,29,0,0.6433333333333333,1,0.5,
ProtectiveStop,rf_19_raw_window,42,5,115,114,1,5,21,30,0,0.43666666666666665,0,0.5,
ProtectiveStop,rf_19_raw_window,42,5,115,114,1,5,22,31,0,0.36,0,0.5,
ProtectiveStop,rf_19_raw_window,42,5,115,114,1,5,23,32,0,0.26666666666666666,0,0.5,
ProtectiveStop,rf_19_raw_window,42,5,115,114,1,5,24,33,0,0.14333333333333334,0,0.5,
ProtectiveStop,rf_19_raw_window,42,5,115,114,1,5,25,34,0,0.09666666666666666,0,0.5,
ProtectiveStop,rf_19_raw_window,42,5,115,114,1,5,26,35,0,0.0,0,0.5,
ProtectiveStop,rf_19_raw_window,42,5,115,114,1,5,27,36,0,0.0033333333333333335,0,0.5,
ProtectiveStop,rf_19_raw_window,42,5,115,114,1,5,28,37,0,0.006666666666666667,0,0.5,
ProtectiveStop,rf_19_raw_window,42,5,115,114,1,5,29,38,0,0.0,0,0.5,
ProtectiveStop,rf_19_raw_window,42,5,115,114,1,5,30,39,0,0.013333333333333334,0,0.5,
ProtectiveStop,rf_19_raw_window,42,5,115,114,1,5,31,40,0,0.03,0,0.5,
ProtectiveStop,rf_19_raw_window,42,5,115,114,1,5,32,41,0,0.05333333333333334,0,0.5,
ProtectiveStop,rf_19_raw_window,42,5,115,114,1,5,33,42,0,0.1,0,0.5,
ProtectiveStop,rf_19_raw_window,42,5,115,114,1,5,34,43,0,0.09333333333333334,0,0.5,
ProtectiveStop,rf_19_raw_window,42,5,115,114,1,5,35,44,0,0.09666666666666666,0,0.5,
ProtectiveStop,rf_19_raw_window,42,5,115,114,1,5,36,45,0,0.20666666666666667,0,0.5,
ProtectiveStop,rf_19_raw_window,42,5,115,114,1,5,37,46,0,0.24,0,0.5,
ProtectiveStop,rf_19_raw_window,42,5,115,114,1,5,38,47,0,0.27,0,0.5,
ProtectiveStop,rf_19_raw_window,42,5,115,114,1,5,39,48,0,0.28,0,0.5,
ProtectiveStop,rf_19_raw_window,42,5,115,114,1,5,40,49,0,0.37666666666666665,0,0.5,
ProtectiveStop,rf_19_raw_window,42,5,115,114,1,5,41,50,0,0.22333333333333333,0,0.5,
ProtectiveStop,rf_19_raw_window,42,5,115,114,1,5,42,51,0,0.03,0,0.5,
ProtectiveStop,rf_19_raw_window,42,5,116,115,1,5,0,9,0,0.20666666666666667,0,0.5,
ProtectiveStop,rf_19_raw_window,42,5,116,115,1,5,1,10,0,0.26666666666666666,0,0.5,
ProtectiveStop,rf_19_raw_window,42,5,116,115,1,5,2,11,0,0.04,0,0.5,
ProtectiveStop,rf_19_raw_window,42,5,116,115,1,5,3,12,0,0.023333333333333334,0,0.5,
ProtectiveStop,rf_19_raw_window,42,5,116,115,1,5,4,13,0,0.03666666666666667,0,0.5,
ProtectiveStop,rf_19_raw_window,42,5,116,115,1,5,5,14,0,0.016666666666666666,0,0.5,
ProtectiveStop,rf_19_raw_window,42,5,116,115,1,5,6,15,0,0.01,0,0.5,
ProtectiveStop,rf_19_raw_window,42,5,116,115,1,5,7,16,0,0.006666666666666667,0,0.5,
ProtectiveStop,rf_19_raw_window,42,5,116,115,1,5,8,17,0,0.07,0,0.5,
ProtectiveStop,rf_19_raw_window,42,5,116,115,1,5,9,18,0,0.07666666666666666,0,0.5,
ProtectiveStop,rf_19_raw_window,42,5,116,115,1,5,10,19,0,0.1,0,0.5,
ProtectiveStop,rf_19_raw_window,42,5,116,115,1,5,11,20,0,0.07666666666666666,0,0.5,
ProtectiveStop,rf_19_raw_window,42,5,116,115,1,5,12,21,0,0.06,0,0.5,
ProtectiveStop,rf_19_raw_window,42,5,116,115,1,5,13,22,0,0.05333333333333334,0,0.5,
ProtectiveStop,rf_19_raw_window,42,5,116,115,1,5,14,23,0,0.06,0,0.5,
ProtectiveStop,rf_19_raw_window,42,5,117,116,1,5,0,9,1,0.8233333333333334,1,0.5,
ProtectiveStop,rf_19_raw_window,42,5,117,116,1,5,1,10,1,0.8366666666666667,1,0.5,
ProtectiveStop,rf_19_raw_window,42,5,117,116,1,5,2,11,1,0.78,1,0.5,
ProtectiveStop,rf_19_raw_window,42,5,117,116,1,5,3,12,1,0.9033333333333333,1,0.5,
ProtectiveStop,rf_19_raw_window,42,5,117,116,1,5,4,13,1,0.7833333333333333,1,0.5,
ProtectiveStop,rf_19_raw_window,42,5,117,116,1,5,5,14,0,0.2866666666666667,0,0.5,
ProtectiveStop,rf_19_raw_window,42,5,117,116,1,5,6,15,0,0.17,0,0.5,
ProtectiveStop,rf_19_raw_window,42,5,117,116,1,5,7,16,0,0.02666666666666667,0,0.5,
ProtectiveStop,rf_19_raw_window,42,5,117,116,1,5,8,17,0,0.016666666666666666,0,0.5,
ProtectiveStop,rf_19_raw_window,42,5,117,116,1,5,9,18,0,0.0,0,0.5,
ProtectiveStop,rf_19_raw_window,42,5,117,116,1,5,10,19,0,0.006666666666666667,0,0.5,
ProtectiveStop,rf_19_raw_window,42,5,117,116,1,5,11,20,0,0.01,0,0.5,
ProtectiveStop,rf_19_raw_window,42,5,117,116,1,5,12,21,0,0.15,0,0.5,
ProtectiveStop,rf_19_raw_window,42,5,117,116,1,5,13,22,0,0.06333333333333334,0,0.5,
ProtectiveStop,rf_19_raw_window,42,5,117,116,1,5,14,23,0,0.02666666666666667,0,0.5,
ProtectiveStop,rf_19_raw_window,42,5,117,116,1,5,15,24,0,0.06,0,0.5,
ProtectiveStop,rf_19_raw_window,42,5,117,116,1,5,16,25,0,0.02666666666666667,0,0.5,
ProtectiveStop,rf_19_raw_window,42,5,117,116,1,5,17,26,0,0.02666666666666667,0,0.5,
ProtectiveStop,rf_19_raw_window,42,5,117,116,1,5,18,27,0,0.043333333333333335,0,0.5,
ProtectiveStop,rf_19_raw_window,42,5,118,117,1,5,0,9,1,0.91,1,0.5,
ProtectiveStop,rf_19_raw_window,42,5,118,117,1,5,1,10,1,0.9266666666666666,1,0.5,
ProtectiveStop,rf_19_raw_window,42,5,118,117,1,5,2,11,1,0.9333333333333333,1,0.5,
ProtectiveStop,rf_19_raw_window,42,5,118,117,1,5,3,12,1,0.87,1,0.5,
ProtectiveStop,rf_19_raw_window,42,5,118,117,1,5,4,13,1,0.88,1,0.5,
ProtectiveStop,rf_19_raw_window,42,5,118,117,1,5,5,14,1,0.7766666666666666,1,0.5,
ProtectiveStop,rf_19_raw_window,42,5,118,117,1,5,6,15,1,0.7366666666666667,1,0.5,
ProtectiveStop,rf_19_raw_window,42,5,118,117,1,5,7,16,0,0.7533333333333333,1,0.5,
ProtectiveStop,rf_19_raw_window,42,5,118,117,1,5,8,17,0,0.7033333333333334,1,0.5,
ProtectiveStop,rf_19_raw_window,42,5,118,117,1,5,9,18,0,0.6566666666666666,1,0.5,
ProtectiveStop,rf_19_raw_window,42,5,118,117,1,5,10,19,0,0.5533333333333333,1,0.5,
ProtectiveStop,rf_19_raw_window,42,5,118,117,1,5,11,20,0,0.44,0,0.5,
ProtectiveStop,rf_19_raw_window,42,5,118,117,1,5,12,21,0,0.3433333333333333,0,0.5,
ProtectiveStop,rf_19_raw_window,42,5,118,117,1,5,13,22,0,0.33,0,0.5,
ProtectiveStop,rf_19_raw_window,42,5,118,117,1,5,14,23,0,0.04,0,0.5,
ProtectiveStop,rf_19_raw_window,42,5,118,117,1,5,15,24,0,0.016666666666666666,0,0.5,
ProtectiveStop,rf_19_raw_window,42,5,118,117,1,5,16,25,0,0.006666666666666667,0,0.5,
ProtectiveStop,rf_19_raw_window,42,5,118,117,1,5,17,26,0,0.01,0,0.5,
ProtectiveStop,rf_19_raw_window,42,5,118,117,1,5,18,27,0,0.006666666666666667,0,0.5,
ProtectiveStop,rf_19_raw_window,42,5,118,117,1,5,19,28,0,0.0033333333333333335,0,0.5,
ProtectiveStop,rf_19_raw_window,42,5,118,117,1,5,20,29,0,0.05,0,0.5,
ProtectiveStop,rf_19_raw_window,42,5,118,117,1,5,21,30,0,0.12,0,0.5,
ProtectiveStop,rf_19_raw_window,42,5,118,117,1,5,22,31,0,0.03,0,0.5,
ProtectiveStop,rf_19_raw_window,42,5,118,117,1,5,23,32,0,0.12333333333333334,0,0.5,
ProtectiveStop,rf_19_raw_window,42,5,118,117,1,5,24,33,0,0.2,0,0.5,
ProtectiveStop,rf_19_raw_window,42,5,118,117,1,5,25,34,0,0.21666666666666667,0,0.5,
ProtectiveStop,rf_19_raw_window,42,5,118,117,1,5,26,35,0,0.18666666666666668,0,0.5,
ProtectiveStop,rf_19_raw_window,42,5,118,117,1,5,27,36,0,0.23333333333333334,0,0.5,
ProtectiveStop,rf_19_raw_window,42,5,118,117,1,5,28,37,0,0.25333333333333335,0,0.5,
ProtectiveStop,rf_19_raw_window,42,5,118,117,1,5,29,38,0,0.25333333333333335,0,0.5,
ProtectiveStop,rf_19_raw_window,42,5,119,118,1,5,0,9,0,0.15,0,0.5,
ProtectiveStop,rf_19_raw_window,42,5,119,118,1,5,1,10,0,0.08333333333333333,0,0.5,
ProtectiveStop,rf_19_raw_window,42,5,119,118,1,5,2,11,0,0.03666666666666667,0,0.5,
ProtectiveStop,rf_19_raw_window,42,5,119,118,1,5,3,12,0,0.023333333333333334,0,0.5,
ProtectiveStop,rf_19_raw_window,42,5,119,118,1,5,4,13,0,0.006666666666666667,0,0.5,
ProtectiveStop,rf_19_raw_window,42,5,119,118,1,5,5,14,0,0.04,0,0.5,
ProtectiveStop,rf_19_raw_window,42,5,119,118,1,5,6,15,0,0.01,0,0.5,
ProtectiveStop,rf_19_raw_window,42,5,119,118,1,5,7,16,0,0.01,0,0.5,
ProtectiveStop,rf_19_raw_window,42,5,119,118,1,5,8,17,0,0.02666666666666667,0,0.5,
ProtectiveStop,rf_19_raw_window,42,5,119,118,1,5,9,18,0,0.02,0,0.5,
ProtectiveStop,rf_19_raw_window,42,5,119,118,1,5,10,19,0,0.03666666666666667,0,0.5,
ProtectiveStop,rf_19_raw_window,42,5,119,118,1,5,11,20,0,0.02666666666666667,0,0.5,
ProtectiveStop,rf_19_raw_window,42,5,119,118,1,5,12,21,0,0.02666666666666667,0,0.5,
ProtectiveStop,rf_19_raw_window,42,5,119,118,1,5,13,22,0,0.043333333333333335,0,0.5,
ProtectiveStop,rf_19_raw_window,42,5,119,118,1,5,14,23,0,0.03333333333333333,0,0.5,
ProtectiveStop,rf_19_raw_window,42,5,119,118,1,5,15,24,0,0.09,0,0.5,
ProtectiveStop,rf_19_raw_window,42,5,120,119,1,5,0,9,0,0.14,0,0.5,
ProtectiveStop,rf_19_raw_window,42,5,120,119,1,5,1,10,0,0.1,0,0.5,
ProtectiveStop,rf_19_raw_window,42,5,120,119,1,5,2,11,0,0.02666666666666667,0,0.5,
ProtectiveStop,rf_19_raw_window,42,5,120,119,1,5,3,12,0,0.01,0,0.5,
ProtectiveStop,rf_19_raw_window,42,5,120,119,1,5,4,13,0,0.01,0,0.5,
ProtectiveStop,rf_19_raw_window,42,5,120,119,1,5,5,14,0,0.0033333333333333335,0,0.5,
ProtectiveStop,rf_19_raw_window,42,5,120,119,1,5,6,15,0,0.006666666666666667,0,0.5,
ProtectiveStop,rf_19_raw_window,42,5,120,119,1,5,7,16,0,0.006666666666666667,0,0.5,
ProtectiveStop,rf_19_raw_window,42,5,120,119,1,5,8,17,0,0.0,0,0.5,
ProtectiveStop,rf_19_raw_window,42,5,120,119,1,5,9,18,0,0.03,0,0.5,
ProtectiveStop,rf_19_raw_window,42,5,120,119,1,5,10,19,0,0.02,0,0.5,
ProtectiveStop,rf_19_raw_window,42,5,120,119,1,5,11,20,0,0.02666666666666667,0,0.5,
ProtectiveStop,rf_19_raw_window,42,5,120,119,1,5,12,21,0,0.02666666666666667,0,0.5,
ProtectiveStop,rf_19_raw_window,42,5,120,119,1,5,13,22,0,0.056666666666666664,0,0.5,
ProtectiveStop,rf_19_raw_window,42,5,120,119,1,5,14,23,0,0.05333333333333334,0,0.5,
ProtectiveStop,rf_19_raw_window,42,5,121,120,1,5,0,9,0,0.08666666666666667,0,0.5,
ProtectiveStop,rf_19_raw_window,42,5,121,120,1,5,1,10,0,0.05333333333333334,0,0.5,
ProtectiveStop,rf_19_raw_window,42,5,121,120,1,5,2,11,0,0.043333333333333335,0,0.5,
ProtectiveStop,rf_19_raw_window,42,5,121,120,1,5,3,12,0,0.04,0,0.5,
ProtectiveStop,rf_19_raw_window,42,5,121,120,1,5,4,13,0,0.0033333333333333335,0,0.5,
ProtectiveStop,rf_19_raw_window,42,5,121,120,1,5,5,14,0,0.023333333333333334,0,0.5,
ProtectiveStop,rf_19_raw_window,42,5,121,120,1,5,6,15,0,0.016666666666666666,0,0.5,
ProtectiveStop,rf_19_raw_window,42,5,121,120,1,5,7,16,0,0.006666666666666667,0,0.5,
ProtectiveStop,rf_19_raw_window,42,5,121,120,1,5,8,17,0,0.01,0,0.5,
ProtectiveStop,rf_19_raw_window,42,5,121,120,1,5,9,18,0,0.10666666666666667,0,0.5,
ProtectiveStop,rf_19_raw_window,42,5,121,120,1,5,10,19,0,0.10333333333333333,0,0.5,
ProtectiveStop,rf_19_raw_window,42,5,121,120,1,5,11,20,0,0.10666666666666667,0,0.5,
ProtectiveStop,rf_19_raw_window,42,5,121,120,1,5,12,21,0,0.14,0,0.5,
ProtectiveStop,rf_19_raw_window,42,5,121,120,1,5,13,22,0,0.10333333333333333,0,0.5,
ProtectiveStop,rf_19_raw_window,42,5,121,120,1,5,14,23,0,0.1,0,0.5,
ProtectiveStop,rf_19_raw_window,42,5,121,120,1,5,15,24,0,0.18666666666666668,0,0.5,
ProtectiveStop,rf_19_raw_window,42,5,122,121,1,5,0,9,0,0.05,0,0.5,
ProtectiveStop,rf_19_raw_window,42,5,122,121,1,5,1,10,0,0.013333333333333334,0,0.5,
ProtectiveStop,rf_19_raw_window,42,5,122,121,1,5,2,11,0,0.05,0,0.5,
ProtectiveStop,rf_19_raw_window,42,5,122,121,1,5,3,12,0,0.01,0,0.5,
ProtectiveStop,rf_19_raw_window,42,5,122,121,1,5,4,13,0,0.023333333333333334,0,0.5,
ProtectiveStop,rf_19_raw_window,42,5,122,121,1,5,5,14,0,0.0033333333333333335,0,0.5,
ProtectiveStop,rf_19_raw_window,42,5,122,121,1,5,6,15,0,0.0033333333333333335,0,0.5,
ProtectiveStop,rf_19_raw_window,42,5,122,121,1,5,7,16,0,0.0,0,0.5,
ProtectiveStop,rf_19_raw_window,42,5,122,121,1,5,8,17,0,0.0033333333333333335,0,0.5,
ProtectiveStop,rf_19_raw_window,42,5,122,121,1,5,9,18,0,0.023333333333333334,0,0.5,
ProtectiveStop,rf_19_raw_window,42,5,122,121,1,5,10,19,0,0.01,0,0.5,
ProtectiveStop,rf_19_raw_window,42,5,122,121,1,5,11,20,0,0.013333333333333334,0,0.5,
ProtectiveStop,rf_19_raw_window,42,5,122,121,1,5,12,21,0,0.006666666666666667,0,0.5,
ProtectiveStop,rf_19_raw_window,42,5,122,121,1,5,13,22,0,0.016666666666666666,0,0.5,
ProtectiveStop,rf_19_raw_window,42,5,122,121,1,5,14,23,0,0.013333333333333334,0,0.5,
ProtectiveStop,rf_19_raw_window,42,5,123,122,1,5,0,9,0,0.15,0,0.5,
ProtectiveStop,rf_19_raw_window,42,5,123,122,1,5,1,10,0,0.28,0,0.5,
ProtectiveStop,rf_19_raw_window,42,5,123,122,1,5,2,11,0,0.2633333333333333,0,0.5,
ProtectiveStop,rf_19_raw_window,42,5,123,122,1,5,3,12,0,0.48,0,0.5,
ProtectiveStop,rf_19_raw_window,42,5,123,122,1,5,4,13,0,0.12333333333333334,0,0.5,
ProtectiveStop,rf_19_raw_window,42,5,123,122,1,5,5,14,0,0.16333333333333333,0,0.5,
ProtectiveStop,rf_19_raw_window,42,5,123,122,1,5,6,15,0,0.16333333333333333,0,0.5,
ProtectiveStop,rf_19_raw_window,42,5,123,122,1,5,7,16,0,0.19333333333333333,0,0.5,
ProtectiveStop,rf_19_raw_window,42,5,123,122,1,5,8,17,0,0.17666666666666667,0,0.5,
ProtectiveStop,rf_19_raw_window,42,5,123,122,1,5,9,18,0,0.08666666666666667,0,0.5,
ProtectiveStop,rf_19_raw_window,42,5,123,122,1,5,10,19,0,0.06,0,0.5,
ProtectiveStop,rf_19_raw_window,42,5,123,122,1,5,11,20,0,0.10333333333333333,0,0.5,
ProtectiveStop,rf_19_raw_window,42,5,123,122,1,5,12,21,0,0.09666666666666666,0,0.5,
ProtectiveStop,rf_19_raw_window,42,5,123,122,1,5,13,22,0,0.1,0,0.5,
ProtectiveStop,rf_19_raw_window,42,5,124,123,1,5,0,9,0,0.06,0,0.5,
ProtectiveStop,rf_19_raw_window,42,5,124,123,1,5,1,10,0,0.06666666666666667,0,0.5,
ProtectiveStop,rf_19_raw_window,42,5,124,123,1,5,2,11,0,0.05333333333333334,0,0.5,
ProtectiveStop,rf_19_raw_window,42,5,124,123,1,5,3,12,0,0.06333333333333334,0,0.5,
ProtectiveStop,rf_19_raw_window,42,5,124,123,1,5,4,13,0,0.043333333333333335,0,0.5,
ProtectiveStop,rf_19_raw_window,42,5,124,123,1,5,5,14,0,0.013333333333333334,0,0.5,
ProtectiveStop,rf_19_raw_window,42,5,124,123,1,5,6,15,0,0.006666666666666667,0,0.5,
ProtectiveStop,rf_19_raw_window,42,5,124,123,1,5,7,16,0,0.0033333333333333335,0,0.5,
ProtectiveStop,rf_19_raw_window,42,5,124,123,1,5,8,17,0,0.023333333333333334,0,0.5,
ProtectiveStop,rf_19_raw_window,42,5,124,123,1,5,9,18,0,0.01,0,0.5,
ProtectiveStop,rf_19_raw_window,42,5,124,123,1,5,10,19,0,0.05,0,0.5,
ProtectiveStop,rf_19_raw_window,42,5,124,123,1,5,11,20,0,0.023333333333333334,0,0.5,
ProtectiveStop,rf_19_raw_window,42,5,124,123,1,5,12,21,0,0.02,0,0.5,
ProtectiveStop,rf_19_raw_window,42,5,124,123,1,5,13,22,0,0.01,0,0.5,
ProtectiveStop,rf_19_raw_window,42,5,124,123,1,5,14,23,0,0.016666666666666666,0,0.5,
ProtectiveStop,rf_19_raw_window,42,5,124,123,1,5,15,24,0,0.02,0,0.5,
ProtectiveStop,rf_19_raw_window,42,5,125,124,1,5,0,9,0,0.15,0,0.5,
ProtectiveStop,rf_19_raw_window,42,5,125,124,1,5,1,10,0,0.056666666666666664,0,0.5,
ProtectiveStop,rf_19_raw_window,42,5,125,124,1,5,2,11,0,0.08,0,0.5,
ProtectiveStop,rf_19_raw_window,42,5,125,124,1,5,3,12,0,0.023333333333333334,0,0.5,
ProtectiveStop,rf_19_raw_window,42,5,125,124,1,5,4,13,0,0.043333333333333335,0,0.5,
ProtectiveStop,rf_19_raw_window,42,5,125,124,1,5,5,14,0,0.056666666666666664,0,0.5,
ProtectiveStop,rf_19_raw_window,42,5,125,124,1,5,6,15,0,0.06,0,0.5,
ProtectiveStop,rf_19_raw_window,42,5,125,124,1,5,7,16,0,0.06333333333333334,0,0.5,
ProtectiveStop,rf_19_raw_window,42,5,125,124,1,5,8,17,0,0.19666666666666666,0,0.5,
ProtectiveStop,rf_19_raw_window,42,5,125,124,1,5,9,18,0,0.22,0,0.5,
ProtectiveStop,rf_19_raw_window,42,5,125,124,1,5,10,19,0,0.2,0,0.5,
ProtectiveStop,rf_19_raw_window,42,5,125,124,1,5,11,20,0,0.20666666666666667,0,0.5,
ProtectiveStop,rf_19_raw_window,42,5,125,124,1,5,12,21,0,0.29333333333333333,0,0.5,
ProtectiveStop,rf_19_raw_window,42,7,151,129,1,7,0,9,0,0.04,0,0.5,
ProtectiveStop,rf_19_raw_window,42,7,151,129,1,7,1,10,0,0.07,0,0.5,
ProtectiveStop,rf_19_raw_window,42,7,151,129,1,7,2,11,0,0.006666666666666667,0,0.5,
ProtectiveStop,rf_19_raw_window,42,7,151,129,1,7,3,12,0,0.006666666666666667,0,0.5,
ProtectiveStop,rf_19_raw_window,42,7,151,129,1,7,4,13,0,0.0033333333333333335,0,0.5,
ProtectiveStop,rf_19_raw_window,42,7,151,129,1,7,5,14,0,0.0,0,0.5,
ProtectiveStop,rf_19_raw_window,42,7,151,129,1,7,6,15,0,0.0,0,0.5,
ProtectiveStop,rf_19_raw_window,42,7,151,129,1,7,7,16,0,0.0,0,0.5,
ProtectiveStop,rf_19_raw_window,42,7,151,129,1,7,8,17,0,0.0033333333333333335,0,0.5,
ProtectiveStop,rf_19_raw_window,42,7,151,129,1,7,9,18,0,0.013333333333333334,0,0.5,
ProtectiveStop,rf_19_raw_window,42,7,151,129,1,7,10,19,0,0.023333333333333334,0,0.5,
ProtectiveStop,rf_19_raw_window,42,7,151,129,1,7,11,20,0,0.02666666666666667,0,0.5,
ProtectiveStop,rf_19_raw_window,42,7,151,129,1,7,12,21,0,0.023333333333333334,0,0.5,
ProtectiveStop,rf_19_raw_window,42,7,151,129,1,7,13,22,0,0.016666666666666666,0,0.5,
ProtectiveStop,rf_19_raw_window,42,7,151,129,1,7,14,23,0,0.02666666666666667,0,0.5,
ProtectiveStop,rf_19_raw_window,42,7,152,130,1,7,0,9,1,0.8466666666666667,1,0.5,
ProtectiveStop,rf_19_raw_window,42,7,152,130,1,7,1,10,1,0.8833333333333333,1,0.5,
ProtectiveStop,rf_19_raw_window,42,7,152,130,1,7,2,11,1,0.8733333333333333,1,0.5,
ProtectiveStop,rf_19_raw_window,42,7,152,130,1,7,3,12,1,0.9433333333333334,1,0.5,
ProtectiveStop,rf_19_raw_window,42,7,152,130,1,7,4,13,1,0.9833333333333333,1,0.5,
ProtectiveStop,rf_19_raw_window,42,7,152,130,1,7,5,14,1,0.94,1,0.5,
ProtectiveStop,rf_19_raw_window,42,7,152,130,1,7,6,15,1,0.6,1,0.5,
ProtectiveStop,rf_19_raw_window,42,7,152,130,1,7,7,16,0,0.11333333333333333,0,0.5,
ProtectiveStop,rf_19_raw_window,42,7,152,130,1,7,8,17,0,0.09666666666666666,0,0.5,
ProtectiveStop,rf_19_raw_window,42,7,152,130,1,7,9,18,0,0.01,0,0.5,
ProtectiveStop,rf_19_raw_window,42,7,152,130,1,7,10,19,0,0.0,0,0.5,
ProtectiveStop,rf_19_raw_window,42,7,152,130,1,7,11,20,0,0.0033333333333333335,0,0.5,
ProtectiveStop,rf_19_raw_window,42,7,152,130,1,7,12,21,0,0.0,0,0.5,
ProtectiveStop,rf_19_raw_window,42,7,152,130,1,7,13,22,0,0.0,0,0.5,
ProtectiveStop,rf_19_raw_window,42,7,152,130,1,7,14,23,0,0.016666666666666666,0,0.5,
ProtectiveStop,rf_19_raw_window,42,7,152,130,1,7,15,24,0,0.02,0,0.5,
ProtectiveStop,rf_19_raw_window,42,7,152,130,1,7,16,25,0,0.03333333333333333,0,0.5,
ProtectiveStop,rf_19_raw_window,42,7,152,130,1,7,17,26,0,0.04,0,0.5,
ProtectiveStop,rf_19_raw_window,42,7,152,130,1,7,18,27,0,0.03666666666666667,0,0.5,
ProtectiveStop,rf_19_raw_window,42,7,152,130,1,7,19,28,0,0.056666666666666664,0,0.5,
ProtectiveStop,rf_19_raw_window,42,7,152,130,1,7,20,29,0,0.04666666666666667,0,0.5,
ProtectiveStop,rf_19_raw_window,42,7,153,131,1,7,0,9,0,0.16333333333333333,0,0.5,
ProtectiveStop,rf_19_raw_window,42,7,153,131,1,7,1,10,0,0.22333333333333333,0,0.5,
ProtectiveStop,rf_19_raw_window,42,7,153,131,1,7,2,11,0,0.03,0,0.5,
ProtectiveStop,rf_19_raw_window,42,7,153,131,1,7,3,12,0,0.02666666666666667,0,0.5,
ProtectiveStop,rf_19_raw_window,42,7,153,131,1,7,4,13,0,0.006666666666666667,0,0.5,
ProtectiveStop,rf_19_raw_window,42,7,153,131,1,7,5,14,0,0.0033333333333333335,0,0.5,
ProtectiveStop,rf_19_raw_window,42,7,153,131,1,7,6,15,0,0.0033333333333333335,0,0.5,
ProtectiveStop,rf_19_raw_window,42,7,153,131,1,7,7,16,0,0.0033333333333333335,0,0.5,
ProtectiveStop,rf_19_raw_window,42,7,153,131,1,7,8,17,0,0.08333333333333333,0,0.5,
ProtectiveStop,rf_19_raw_window,42,7,153,131,1,7,9,18,0,0.04666666666666667,0,0.5,
ProtectiveStop,rf_19_raw_window,42,7,153,131,1,7,10,19,0,0.03,0,0.5,
ProtectiveStop,rf_19_raw_window,42,7,153,131,1,7,11,20,0,0.05333333333333334,0,0.5,
ProtectiveStop,rf_19_raw_window,42,7,153,131,1,7,12,21,0,0.02,0,0.5,
ProtectiveStop,rf_19_raw_window,42,7,153,131,1,7,13,22,0,0.013333333333333334,0,0.5,
ProtectiveStop,rf_19_raw_window,42,7,153,131,1,7,14,23,0,0.023333333333333334,0,0.5,
ProtectiveStop,rf_19_raw_window,42,7,154,132,1,7,0,9,0,0.10666666666666667,0,0.5,
ProtectiveStop,rf_19_raw_window,42,7,154,132,1,7,1,10,0,0.09333333333333334,0,0.5,
ProtectiveStop,rf_19_raw_window,42,7,154,132,1,7,2,11,0,0.08,0,0.5,
ProtectiveStop,rf_19_raw_window,42,7,154,132,1,7,3,12,0,0.04666666666666667,0,0.5,
ProtectiveStop,rf_19_raw_window,42,7,154,132,1,7,4,13,0,0.023333333333333334,0,0.5,
ProtectiveStop,rf_19_raw_window,42,7,154,132,1,7,5,14,0,0.03,0,0.5,
ProtectiveStop,rf_19_raw_window,42,7,154,132,1,7,6,15,0,0.013333333333333334,0,0.5,
ProtectiveStop,rf_19_raw_window,42,7,154,132,1,7,7,16,0,0.01,0,0.5,
ProtectiveStop,rf_19_raw_window,42,7,154,132,1,7,8,17,0,0.006666666666666667,0,0.5,
ProtectiveStop,rf_19_raw_window,42,7,154,132,1,7,9,18,0,0.006666666666666667,0,0.5,
ProtectiveStop,rf_19_raw_window,42,7,154,132,1,7,10,19,0,0.016666666666666666,0,0.5,
ProtectiveStop,rf_19_raw_window,42,7,154,132,1,7,11,20,0,0.02,0,0.5,
ProtectiveStop,rf_19_raw_window,42,7,154,132,1,7,12,21,0,0.05,0,0.5,
ProtectiveStop,rf_19_raw_window,42,7,154,132,1,7,13,22,0,0.14666666666666667,0,0.5,
ProtectiveStop,rf_19_raw_window,42,7,154,132,1,7,14,23,0,0.13666666666666666,0,0.5,
ProtectiveStop,rf_19_raw_window,42,7,154,132,1,7,15,24,0,0.17,0,0.5,
ProtectiveStop,rf_19_raw_window,42,7,155,133,1,7,0,9,0,0.1,0,0.5,
ProtectiveStop,rf_19_raw_window,42,7,155,133,1,7,1,10,0,0.02,0,0.5,
ProtectiveStop,rf_19_raw_window,42,7,155,133,1,7,2,11,0,0.013333333333333334,0,0.5,
ProtectiveStop,rf_19_raw_window,42,7,155,133,1,7,3,12,0,0.02,0,0.5,
ProtectiveStop,rf_19_raw_window,42,7,155,133,1,7,4,13,0,0.023333333333333334,0,0.5,
ProtectiveStop,rf_19_raw_window,42,7,155,133,1,7,5,14,0,0.0,0,0.5,
ProtectiveStop,rf_19_raw_window,42,7,155,133,1,7,6,15,0,0.0,0,0.5,
ProtectiveStop,rf_19_raw_window,42,7,155,133,1,7,7,16,0,0.0,0,0.5,
ProtectiveStop,rf_19_raw_window,42,7,155,133,1,7,8,17,0,0.0,0,0.5,
ProtectiveStop,rf_19_raw_window,42,7,155,133,1,7,9,18,0,0.016666666666666666,0,0.5,
ProtectiveStop,rf_19_raw_window,42,7,155,133,1,7,10,19,0,0.013333333333333334,0,0.5,
ProtectiveStop,rf_19_raw_window,42,7,155,133,1,7,11,20,0,0.006666666666666667,0,0.5,
ProtectiveStop,rf_19_raw_window,42,7,155,133,1,7,12,21,0,0.013333333333333334,0,0.5,
ProtectiveStop,rf_19_raw_window,42,7,155,133,1,7,13,22,0,0.006666666666666667,0,0.5,
ProtectiveStop,rf_19_raw_window,42,7,155,133,1,7,14,23,0,0.01,0,0.5,
ProtectiveStop,rf_19_raw_window,42,7,156,134,1,7,0,9,0,0.17666666666666667,0,0.5,
ProtectiveStop,rf_19_raw_window,42,7,156,134,1,7,1,10,0,0.08333333333333333,0,0.5,
ProtectiveStop,rf_19_raw_window,42,7,156,134,1,7,2,11,0,0.04666666666666667,0,0.5,
ProtectiveStop,rf_19_raw_window,42,7,156,134,1,7,3,12,0,0.013333333333333334,0,0.5,
ProtectiveStop,rf_19_raw_window,42,7,156,134,1,7,4,13,0,0.0033333333333333335,0,0.5,
ProtectiveStop,rf_19_raw_window,42,7,156,134,1,7,5,14,0,0.0,0,0.5,
ProtectiveStop,rf_19_raw_window,42,7,156,134,1,7,6,15,0,0.0033333333333333335,0,0.5,
ProtectiveStop,rf_19_raw_window,42,7,156,134,1,7,7,16,0,0.0033333333333333335,0,0.5,
ProtectiveStop,rf_19_raw_window,42,7,156,134,1,7,8,17,0,0.03333333333333333,0,0.5,
ProtectiveStop,rf_19_raw_window,42,7,156,134,1,7,9,18,0,0.02,0,0.5,
ProtectiveStop,rf_19_raw_window,42,7,156,134,1,7,10,19,0,0.016666666666666666,0,0.5,
ProtectiveStop,rf_19_raw_window,42,7,156,134,1,7,11,20,0,0.02666666666666667,0,0.5,
ProtectiveStop,rf_19_raw_window,42,7,156,134,1,7,12,21,0,0.013333333333333334,0,0.5,
ProtectiveStop,rf_19_raw_window,42,7,156,134,1,7,13,22,0,0.013333333333333334,0,0.5,
ProtectiveStop,rf_19_raw_window,42,7,156,134,1,7,14,23,0,0.02,0,0.5,
ProtectiveStop,rf_19_raw_window,42,7,157,135,1,7,0,9,0,0.11,0,0.5,
ProtectiveStop,rf_19_raw_window,42,7,157,135,1,7,1,10,0,0.02666666666666667,0,0.5,
ProtectiveStop,rf_19_raw_window,42,7,157,135,1,7,2,11,0,0.016666666666666666,0,0.5,
ProtectiveStop,rf_19_raw_window,42,7,157,135,1,7,3,12,0,0.02666666666666667,0,0.5,
ProtectiveStop,rf_19_raw_window,42,7,157,135,1,7,4,13,0,0.013333333333333334,0,0.5,
ProtectiveStop,rf_19_raw_window,42,7,157,135,1,7,5,14,0,0.03666666666666667,0,0.5,
ProtectiveStop,rf_19_raw_window,42,7,157,135,1,7,6,15,0,0.016666666666666666,0,0.5,
ProtectiveStop,rf_19_raw_window,42,7,157,135,1,7,7,16,0,0.02,0,0.5,
ProtectiveStop,rf_19_raw_window,42,7,157,135,1,7,8,17,0,0.04,0,0.5,
ProtectiveStop,rf_19_raw_window,42,7,157,135,1,7,9,18,0,0.023333333333333334,0,0.5,
ProtectiveStop,rf_19_raw_window,42,7,157,135,1,7,10,19,0,0.043333333333333335,0,0.5,
ProtectiveStop,rf_19_raw_window,42,7,157,135,1,7,11,20,0,0.06333333333333334,0,0.5,
ProtectiveStop,rf_19_raw_window,42,7,157,135,1,7,12,21,0,0.05333333333333334,0,0.5,
ProtectiveStop,rf_19_raw_window,42,7,157,135,1,7,13,22,0,0.07333333333333333,0,0.5,
ProtectiveStop,rf_19_raw_window,42,7,157,135,1,7,14,23,0,0.06666666666666667,0,0.5,
ProtectiveStop,rf_19_raw_window,42,7,157,135,1,7,15,24,0,0.07666666666666666,0,0.5,
ProtectiveStop,rf_19_raw_window,42,7,159,137,1,7,0,9,1,0.6966666666666667,1,0.5,
ProtectiveStop,rf_19_raw_window,42,7,159,137,1,7,1,10,1,0.86,1,0.5,
ProtectiveStop,rf_19_raw_window,42,7,159,137,1,7,2,11,1,0.7733333333333333,1,0.5,
ProtectiveStop,rf_19_raw_window,42,7,159,137,1,7,3,12,1,0.89,1,0.5,
ProtectiveStop,rf_19_raw_window,42,7,159,137,1,7,4,13,1,0.97,1,0.5,
ProtectiveStop,rf_19_raw_window,42,7,159,137,1,7,5,14,1,0.97,1,0.5,
ProtectiveStop,rf_19_raw_window,42,7,159,137,1,7,6,15,1,0.9733333333333334,1,0.5,
ProtectiveStop,rf_19_raw_window,42,7,159,137,1,7,7,16,1,0.9633333333333334,1,0.5,
ProtectiveStop,rf_19_raw_window,42,7,159,137,1,7,8,17,1,0.7566666666666667,1,0.5,
ProtectiveStop,rf_19_raw_window,42,7,159,137,1,7,9,18,1,0.7166666666666667,1,0.5,
ProtectiveStop,rf_19_raw_window,42,7,159,137,1,7,10,19,0,0.09333333333333334,0,0.5,
ProtectiveStop,rf_19_raw_window,42,7,159,137,1,7,11,20,0,0.013333333333333334,0,0.5,
ProtectiveStop,rf_19_raw_window,42,7,159,137,1,7,12,21,0,0.006666666666666667,0,0.5,
ProtectiveStop,rf_19_raw_window,42,7,159,137,1,7,13,22,0,0.0033333333333333335,0,0.5,
ProtectiveStop,rf_19_raw_window,42,7,159,137,1,7,14,23,0,0.0,0,0.5,
ProtectiveStop,rf_19_raw_window,42,7,159,137,1,7,15,24,0,0.0,0,0.5,
ProtectiveStop,rf_19_raw_window,42,7,159,137,1,7,16,25,0,0.0,0,0.5,
ProtectiveStop,rf_19_raw_window,42,7,159,137,1,7,17,26,0,0.043333333333333335,0,0.5,
ProtectiveStop,rf_19_raw_window,42,7,159,137,1,7,18,27,0,0.07,0,0.5,
ProtectiveStop,rf_19_raw_window,42,7,159,137,1,7,19,28,0,0.06,0,0.5,
ProtectiveStop,rf_19_raw_window,42,7,159,137,1,7,20,29,0,0.02,0,0.5,
ProtectiveStop,rf_19_raw_window,42,7,159,137,1,7,21,30,0,0.023333333333333334,0,0.5,
ProtectiveStop,rf_19_raw_window,42,7,159,137,1,7,22,31,0,0.03333333333333333,0,0.5,
ProtectiveStop,rf_19_raw_window,42,7,160,138,1,7,0,9,0,0.12333333333333334,0,0.5,
ProtectiveStop,rf_19_raw_window,42,7,160,138,1,7,1,10,0,0.03666666666666667,0,0.5,
ProtectiveStop,rf_19_raw_window,42,7,160,138,1,7,2,11,0,0.013333333333333334,0,0.5,
ProtectiveStop,rf_19_raw_window,42,7,160,138,1,7,3,12,0,0.013333333333333334,0,0.5,
ProtectiveStop,rf_19_raw_window,42,7,160,138,1,7,4,13,0,0.0,0,0.5,
ProtectiveStop,rf_19_raw_window,42,7,160,138,1,7,5,14,0,0.0,0,0.5,
ProtectiveStop,rf_19_raw_window,42,7,160,138,1,7,6,15,0,0.0,0,0.5,
ProtectiveStop,rf_19_raw_window,42,7,160,138,1,7,7,16,0,0.0,0,0.5,
ProtectiveStop,rf_19_raw_window,42,7,160,138,1,7,8,17,0,0.0033333333333333335,0,0.5,
ProtectiveStop,rf_19_raw_window,42,7,160,138,1,7,9,18,0,0.0,0,0.5,
ProtectiveStop,rf_19_raw_window,42,7,160,138,1,7,10,19,0,0.006666666666666667,0,0.5,
ProtectiveStop,rf_19_raw_window,42,7,160,138,1,7,11,20,0,0.04,0,0.5,
ProtectiveStop,rf_19_raw_window,42,7,160,138,1,7,12,21,0,0.04,0,0.5,
ProtectiveStop,rf_19_raw_window,42,7,160,138,1,7,13,22,0,0.14666666666666667,0,0.5,
ProtectiveStop,rf_19_raw_window,42,7,160,138,1,7,14,23,0,0.15,0,0.5,
ProtectiveStop,rf_19_raw_window,42,7,160,138,1,7,15,24,0,0.14333333333333334,0,0.5,
ProtectiveStop,rf_19_raw_window,42,7,161,139,1,7,0,9,0,0.07,0,0.5,
ProtectiveStop,rf_19_raw_window,42,7,161,139,1,7,1,10,0,0.023333333333333334,0,0.5,
ProtectiveStop,rf_19_raw_window,42,7,161,139,1,7,2,11,0,0.03333333333333333,0,0.5,
ProtectiveStop,rf_19_raw_window,42,7,161,139,1,7,3,12,0,0.03,0,0.5,
ProtectiveStop,rf_19_raw_window,42,7,161,139,1,7,4,13,0,0.006666666666666667,0,0.5,
ProtectiveStop,rf_19_raw_window,42,7,161,139,1,7,5,14,0,0.0,0,0.5,
ProtectiveStop,rf_19_raw_window,42,7,161,139,1,7,6,15,0,0.0,0,0.5,
ProtectiveStop,rf_19_raw_window,42,7,161,139,1,7,7,16,0,0.01,0,0.5,
ProtectiveStop,rf_19_raw_window,42,7,161,139,1,7,8,17,0,0.01,0,0.5,
ProtectiveStop,rf_19_raw_window,42,7,161,139,1,7,9,18,0,0.023333333333333334,0,0.5,
ProtectiveStop,rf_19_raw_window,42,7,161,139,1,7,10,19,0,0.02666666666666667,0,0.5,
ProtectiveStop,rf_19_raw_window,42,7,161,139,1,7,11,20,0,0.02,0,0.5,
ProtectiveStop,rf_19_raw_window,42,7,161,139,1,7,12,21,0,0.02666666666666667,0,0.5,
ProtectiveStop,rf_19_raw_window,42,7,161,139,1,7,13,22,0,0.02,0,0.5,
ProtectiveStop,rf_19_raw_window,42,7,161,139,1,7,14,23,0,0.013333333333333334,0,0.5,
ProtectiveStop,rf_19_raw_window,42,7,162,140,1,7,0,9,0,0.04666666666666667,0,0.5,
ProtectiveStop,rf_19_raw_window,42,7,162,140,1,7,1,10,0,0.023333333333333334,0,0.5,
ProtectiveStop,rf_19_raw_window,42,7,162,140,1,7,2,11,0,0.023333333333333334,0,0.5,
ProtectiveStop,rf_19_raw_window,42,7,162,140,1,7,3,12,0,0.016666666666666666,0,0.5,
ProtectiveStop,rf_19_raw_window,42,7,162,140,1,7,4,13,0,0.0,0,0.5,
ProtectiveStop,rf_19_raw_window,42,7,162,140,1,7,5,14,0,0.01,0,0.5,
ProtectiveStop,rf_19_raw_window,42,7,162,140,1,7,6,15,0,0.0,0,0.5,
ProtectiveStop,rf_19_raw_window,42,7,162,140,1,7,7,16,0,0.0,0,0.5,
ProtectiveStop,rf_19_raw_window,42,7,162,140,1,7,8,17,0,0.0,0,0.5,
ProtectiveStop,rf_19_raw_window,42,7,162,140,1,7,9,18,0,0.013333333333333334,0,0.5,
ProtectiveStop,rf_19_raw_window,42,7,162,140,1,7,10,19,0,0.006666666666666667,0,0.5,
ProtectiveStop,rf_19_raw_window,42,7,162,140,1,7,11,20,0,0.02,0,0.5,
ProtectiveStop,rf_19_raw_window,42,7,162,140,1,7,12,21,0,0.0033333333333333335,0,0.5,
ProtectiveStop,rf_19_raw_window,42,7,162,140,1,7,13,22,0,0.006666666666666667,0,0.5,
ProtectiveStop,rf_19_raw_window,42,7,162,140,1,7,14,23,0,0.0033333333333333335,0,0.5,
ProtectiveStop,rf_19_raw_window,42,7,163,141,1,7,0,9,1,0.8266666666666667,1,0.5,
ProtectiveStop,rf_19_raw_window,42,7,163,141,1,7,1,10,1,0.81,1,0.5,
ProtectiveStop,rf_19_raw_window,42,7,163,141,1,7,2,11,1,0.8066666666666666,1,0.5,
ProtectiveStop,rf_19_raw_window,42,7,163,141,1,7,3,12,1,0.8766666666666667,1,0.5,
ProtectiveStop,rf_19_raw_window,42,7,163,141,1,7,4,13,1,0.77,1,0.5,
ProtectiveStop,rf_19_raw_window,42,7,163,141,1,7,5,14,1,0.82,1,0.5,
ProtectiveStop,rf_19_raw_window,42,7,163,141,1,7,6,15,1,0.83,1,0.5,
ProtectiveStop,rf_19_raw_window,42,7,163,141,1,7,7,16,1,0.8033333333333333,1,0.5,
ProtectiveStop,rf_19_raw_window,42,7,163,141,1,7,8,17,0,0.7633333333333333,1,0.5,
ProtectiveStop,rf_19_raw_window,42,7,163,141,1,7,9,18,0,0.65,1,0.5,
ProtectiveStop,rf_19_raw_window,42,7,163,141,1,7,10,19,0,0.5766666666666667,1,0.5,
ProtectiveStop,rf_19_raw_window,42,7,163,141,1,7,11,20,0,0.47333333333333333,0,0.5,
ProtectiveStop,rf_19_raw_window,42,7,163,141,1,7,12,21,0,0.38333333333333336,0,0.5,
ProtectiveStop,rf_19_raw_window,42,7,163,141,1,7,13,22,0,0.056666666666666664,0,0.5,
ProtectiveStop,rf_19_raw_window,42,7,163,141,1,7,14,23,0,0.0033333333333333335,0,0.5,
ProtectiveStop,rf_19_raw_window,42,7,163,141,1,7,15,24,0,0.016666666666666666,0,0.5,
ProtectiveStop,rf_19_raw_window,42,7,163,141,1,7,16,25,0,0.013333333333333334,0,0.5,
ProtectiveStop,rf_19_raw_window,42,7,163,141,1,7,17,26,0,0.01,0,0.5,
ProtectiveStop,rf_19_raw_window,42,7,163,141,1,7,18,27,0,0.0,0,0.5,
ProtectiveStop,rf_19_raw_window,42,7,163,141,1,7,19,28,0,0.01,0,0.5,
ProtectiveStop,rf_19_raw_window,42,7,163,141,1,7,20,29,0,0.01,0,0.5,
ProtectiveStop,rf_19_raw_window,42,7,163,141,1,7,21,30,0,0.02,0,0.5,
ProtectiveStop,rf_19_raw_window,42,7,163,141,1,7,22,31,0,0.01,0,0.5,
ProtectiveStop,rf_19_raw_window,42,7,163,141,1,7,23,32,0,0.16666666666666666,0,0.5,
ProtectiveStop,rf_19_raw_window,42,7,163,141,1,7,24,33,0,0.17333333333333334,0,0.5,
ProtectiveStop,rf_19_raw_window,42,7,163,141,1,7,25,34,0,0.2,0,0.5,
ProtectiveStop,rf_19_raw_window,42,7,163,141,1,7,26,35,0,0.19666666666666666,0,0.5,
ProtectiveStop,rf_19_raw_window,42,7,163,141,1,7,27,36,0,0.3933333333333333,0,0.5,
ProtectiveStop,rf_19_raw_window,42,7,163,141,1,7,28,37,0,0.23,0,0.5,
ProtectiveStop,rf_19_raw_window,42,7,163,141,1,7,29,38,0,0.15666666666666668,0,0.5,
ProtectiveStop,rf_19_raw_window,42,7,163,141,1,7,30,39,0,0.18333333333333332,0,0.5,
ProtectiveStop,rf_19_raw_window,42,7,163,141,1,7,31,40,0,0.03,0,0.5,
ProtectiveStop,rf_19_raw_window,42,7,163,141,1,7,32,41,0,0.043333333333333335,0,0.5,
ProtectiveStop,rf_19_raw_window,42,7,163,141,1,7,33,42,0,0.03333333333333333,0,0.5,
ProtectiveStop,rf_19_raw_window,42,7,163,141,1,7,34,43,0,0.05333333333333334,0,0.5,
ProtectiveStop,rf_19_raw_window,42,7,163,141,1,7,35,44,0,0.08333333333333333,0,0.5,
ProtectiveStop,rf_19_raw_window,42,7,163,141,1,7,36,45,0,0.08,0,0.5,
ProtectiveStop,rf_19_raw_window,42,7,163,141,1,7,37,46,0,0.06666666666666667,0,0.5,
ProtectiveStop,rf_19_raw_window,42,7,163,141,1,7,38,47,0,0.056666666666666664,0,0.5,
ProtectiveStop,rf_19_raw_window,42,7,163,141,1,7,39,48,0,0.03666666666666667,0,0.5,
ProtectiveStop,rf_19_raw_window,42,7,163,141,1,7,40,49,0,0.056666666666666664,0,0.5,
ProtectiveStop,rf_19_raw_window,42,7,163,141,1,7,41,50,0,0.2833333333333333,0,0.5,
ProtectiveStop,rf_19_raw_window,42,7,163,141,1,7,42,51,0,0.2966666666666667,0,0.5,
ProtectiveStop,rf_19_raw_window,42,7,163,141,1,7,43,52,0,0.32,0,0.5,
ProtectiveStop,rf_19_raw_window,42,7,164,142,1,7,0,9,1,0.8033333333333333,1,0.5,
ProtectiveStop,rf_19_raw_window,42,7,164,142,1,7,1,10,1,0.8466666666666667,1,0.5,
ProtectiveStop,rf_19_raw_window,42,7,164,142,1,7,2,11,1,0.8933333333333333,1,0.5,
ProtectiveStop,rf_19_raw_window,42,7,164,142,1,7,3,12,1,0.93,1,0.5,
ProtectiveStop,rf_19_raw_window,42,7,164,142,1,7,4,13,1,0.7933333333333333,1,0.5,
ProtectiveStop,rf_19_raw_window,42,7,164,142,1,7,5,14,1,0.5466666666666666,1,0.5,
ProtectiveStop,rf_19_raw_window,42,7,164,142,1,7,6,15,1,0.2966666666666667,0,0.5,
ProtectiveStop,rf_19_raw_window,42,7,164,142,1,7,7,16,0,0.2733333333333333,0,0.5,
ProtectiveStop,rf_19_raw_window,42,7,164,142,1,7,8,17,0,0.07,0,0.5,
ProtectiveStop,rf_19_raw_window,42,7,164,142,1,7,9,18,0,0.01,0,0.5,
ProtectiveStop,rf_19_raw_window,42,7,164,142,1,7,10,19,0,0.013333333333333334,0,0.5,
ProtectiveStop,rf_19_raw_window,42,7,164,142,1,7,11,20,0,0.006666666666666667,0,0.5,
ProtectiveStop,rf_19_raw_window,42,7,164,142,1,7,12,21,0,0.0,0,0.5,
ProtectiveStop,rf_19_raw_window,42,7,164,142,1,7,13,22,0,0.0,0,0.5,
ProtectiveStop,rf_19_raw_window,42,7,164,142,1,7,14,23,0,0.006666666666666667,0,0.5,
ProtectiveStop,rf_19_raw_window,42,7,164,142,1,7,15,24,0,0.006666666666666667,0,0.5,
ProtectiveStop,rf_19_raw_window,42,7,164,142,1,7,16,25,0,0.0033333333333333335,0,0.5,
ProtectiveStop,rf_19_raw_window,42,7,164,142,1,7,17,26,0,0.006666666666666667,0,0.5,
ProtectiveStop,rf_19_raw_window,42,7,164,142,1,7,18,27,0,0.016666666666666666,0,0.5,
ProtectiveStop,rf_19_raw_window,42,7,164,142,1,7,19,28,0,0.0,0,0.5,
ProtectiveStop,rf_19_raw_window,42,7,164,142,1,7,20,29,0,0.0,0,0.5,
ProtectiveStop,rf_19_raw_window,42,7,165,143,1,7,0,9,0,0.013333333333333334,0,0.5,
ProtectiveStop,rf_19_raw_window,42,7,165,143,1,7,1,10,0,0.01,0,0.5,
ProtectiveStop,rf_19_raw_window,42,7,165,143,1,7,2,11,0,0.0033333333333333335,0,0.5,
ProtectiveStop,rf_19_raw_window,42,7,165,143,1,7,3,12,0,0.0033333333333333335,0,0.5,
ProtectiveStop,rf_19_raw_window,42,7,165,143,1,7,4,13,0,0.0,0,0.5,
ProtectiveStop,rf_19_raw_window,42,7,165,143,1,7,5,14,0,0.0,0,0.5,
ProtectiveStop,rf_19_raw_window,42,7,165,143,1,7,6,15,0,0.0,0,0.5,
ProtectiveStop,rf_19_raw_window,42,7,165,143,1,7,7,16,0,0.0,0,0.5,
ProtectiveStop,rf_19_raw_window,42,7,165,143,1,7,8,17,0,0.0,0,0.5,
ProtectiveStop,rf_19_raw_window,42,7,165,143,1,7,9,18,0,0.01,0,0.5,
ProtectiveStop,rf_19_raw_window,42,7,165,143,1,7,10,19,0,0.006666666666666667,0,0.5,
ProtectiveStop,rf_19_raw_window,42,7,165,143,1,7,11,20,0,0.02666666666666667,0,0.5,
ProtectiveStop,rf_19_raw_window,42,7,165,143,1,7,12,21,0,0.01,0,0.5,
ProtectiveStop,rf_19_raw_window,42,7,165,143,1,7,13,22,0,0.013333333333333334,0,0.5,
ProtectiveStop,rf_19_raw_window,42,7,165,143,1,7,14,23,0,0.013333333333333334,0,0.5,
ProtectiveStop,rf_19_raw_window,42,7,166,144,1,7,0,9,0,0.15666666666666668,0,0.5,
ProtectiveStop,rf_19_raw_window,42,7,166,144,1,7,1,10,0,0.10666666666666667,0,0.5,
ProtectiveStop,rf_19_raw_window,42,7,166,144,1,7,2,11,0,0.06666666666666667,0,0.5,
ProtectiveStop,rf_19_raw_window,42,7,166,144,1,7,3,12,0,0.03,0,0.5,
ProtectiveStop,rf_19_raw_window,42,7,166,144,1,7,4,13,0,0.013333333333333334,0,0.5,
ProtectiveStop,rf_19_raw_window,42,7,166,144,1,7,5,14,0,0.0,0,0.5,
ProtectiveStop,rf_19_raw_window,42,7,166,144,1,7,6,15,0,0.0,0,0.5,
ProtectiveStop,rf_19_raw_window,42,7,166,144,1,7,7,16,0,0.0,0,0.5,
ProtectiveStop,rf_19_raw_window,42,7,166,144,1,7,8,17,0,0.0,0,0.5,
ProtectiveStop,rf_19_raw_window,42,7,166,144,1,7,9,18,0,0.006666666666666667,0,0.5,
ProtectiveStop,rf_19_raw_window,42,7,166,144,1,7,10,19,0,0.0033333333333333335,0,0.5,
ProtectiveStop,rf_19_raw_window,42,7,166,144,1,7,11,20,0,0.0033333333333333335,0,0.5,
ProtectiveStop,rf_19_raw_window,42,7,166,144,1,7,12,21,0,0.0,0,0.5,
ProtectiveStop,rf_19_raw_window,42,7,166,144,1,7,13,22,0,0.0,0,0.5,
ProtectiveStop,rf_19_raw_window,42,7,166,144,1,7,14,23,0,0.0,0,0.5,
ProtectiveStop,rf_19_raw_window,42,7,167,145,1,7,0,9,0,0.15,0,0.5,
ProtectiveStop,rf_19_raw_window,42,7,167,145,1,7,1,10,0,0.16333333333333333,0,0.5,
ProtectiveStop,rf_19_raw_window,42,7,167,145,1,7,2,11,0,0.023333333333333334,0,0.5,
ProtectiveStop,rf_19_raw_window,42,7,167,145,1,7,3,12,0,0.01,0,0.5,
ProtectiveStop,rf_19_raw_window,42,7,167,145,1,7,4,13,0,0.0,0,0.5,
ProtectiveStop,rf_19_raw_window,42,7,167,145,1,7,5,14,0,0.0033333333333333335,0,0.5,
ProtectiveStop,rf_19_raw_window,42,7,167,145,1,7,6,15,0,0.0,0,0.5,
ProtectiveStop,rf_19_raw_window,42,7,167,145,1,7,7,16,0,0.0,0,0.5,
ProtectiveStop,rf_19_raw_window,42,7,167,145,1,7,8,17,0,0.0,0,0.5,
ProtectiveStop,rf_19_raw_window,42,7,167,145,1,7,9,18,0,0.013333333333333334,0,0.5,
ProtectiveStop,rf_19_raw_window,42,7,167,145,1,7,10,19,0,0.0,0,0.5,
ProtectiveStop,rf_19_raw_window,42,7,167,145,1,7,11,20,0,0.0033333333333333335,0,0.5,
ProtectiveStop,rf_19_raw_window,42,7,167,145,1,7,12,21,0,0.006666666666666667,0,0.5,
ProtectiveStop,rf_19_raw_window,42,7,167,145,1,7,13,22,0,0.0,0,0.5,
ProtectiveStop,rf_19_raw_window,42,7,167,145,1,7,14,23,0,0.0033333333333333335,0,0.5,
ProtectiveStop,rf_19_raw_window,42,7,168,146,1,7,0,9,0,0.016666666666666666,0,0.5,
ProtectiveStop,rf_19_raw_window,42,7,168,146,1,7,1,10,0,0.013333333333333334,0,0.5,
ProtectiveStop,rf_19_raw_window,42,7,168,146,1,7,2,11,0,0.016666666666666666,0,0.5,
ProtectiveStop,rf_19_raw_window,42,7,168,146,1,7,3,12,0,0.013333333333333334,0,0.5,
ProtectiveStop,rf_19_raw_window,42,7,168,146,1,7,4,13,0,0.0033333333333333335,0,0.5,
ProtectiveStop,rf_19_raw_window,42,7,168,146,1,7,5,14,0,0.013333333333333334,0,0.5,
ProtectiveStop,rf_19_raw_window,42,7,168,146,1,7,6,15,0,0.0033333333333333335,0,0.5,
ProtectiveStop,rf_19_raw_window,42,7,168,146,1,7,7,16,0,0.0033333333333333335,0,0.5,
ProtectiveStop,rf_19_raw_window,42,7,168,146,1,7,8,17,0,0.0,0,0.5,
ProtectiveStop,rf_19_raw_window,42,7,168,146,1,7,9,18,0,0.02,0,0.5,
ProtectiveStop,rf_19_raw_window,42,7,168,146,1,7,10,19,0,0.04,0,0.5,
ProtectiveStop,rf_19_raw_window,42,7,168,146,1,7,11,20,0,0.03333333333333333,0,0.5,
ProtectiveStop,rf_19_raw_window,42,7,168,146,1,7,12,21,0,0.04666666666666667,0,0.5,
ProtectiveStop,rf_19_raw_window,42,7,168,146,1,7,13,22,0,0.02,0,0.5,
ProtectiveStop,rf_19_raw_window,42,7,168,146,1,7,14,23,0,0.02,0,0.5,
ProtectiveStop,rf_19_raw_window,42,7,168,146,1,7,15,24,0,0.0033333333333333335,0,0.5,
ProtectiveStop,rf_19_raw_window,42,7,169,147,1,7,0,9,0,0.12,0,0.5,
ProtectiveStop,rf_19_raw_window,42,7,169,147,1,7,1,10,0,0.04,0,0.5,
ProtectiveStop,rf_19_raw_window,42,7,169,147,1,7,2,11,0,0.05,0,0.5,
ProtectiveStop,rf_19_raw_window,42,7,169,147,1,7,3,12,0,0.03333333333333333,0,0.5,
ProtectiveStop,rf_19_raw_window,42,7,169,147,1,7,4,13,0,0.06666666666666667,0,0.5,
ProtectiveStop,rf_19_raw_window,42,7,169,147,1,7,5,14,0,0.01,0,0.5,
ProtectiveStop,rf_19_raw_window,42,7,169,147,1,7,6,15,0,0.006666666666666667,0,0.5,
ProtectiveStop,rf_19_raw_window,42,7,169,147,1,7,7,16,0,0.013333333333333334,0,0.5,
ProtectiveStop,rf_19_raw_window,42,7,169,147,1,7,8,17,0,0.0033333333333333335,0,0.5,
ProtectiveStop,rf_19_raw_window,42,7,169,147,1,7,9,18,0,0.023333333333333334,0,0.5,
ProtectiveStop,rf_19_raw_window,42,7,169,147,1,7,10,19,0,0.016666666666666666,0,0.5,
ProtectiveStop,rf_19_raw_window,42,7,169,147,1,7,11,20,0,0.013333333333333334,0,0.5,
ProtectiveStop,rf_19_raw_window,42,7,169,147,1,7,12,21,0,0.03333333333333333,0,0.5,
ProtectiveStop,rf_19_raw_window,42,7,169,147,1,7,13,22,0,0.013333333333333334,0,0.5,
ProtectiveStop,rf_19_raw_window,42,7,169,147,1,7,14,23,0,0.013333333333333334,0,0.5,
ProtectiveStop,rf_19_raw_window,42,7,170,148,1,7,0,9,1,0.8933333333333333,1,0.5,
ProtectiveStop,rf_19_raw_window,42,7,170,148,1,7,1,10,1,0.9533333333333334,1,0.5,
ProtectiveStop,rf_19_raw_window,42,7,170,148,1,7,2,11,1,0.95,1,0.5,
ProtectiveStop,rf_19_raw_window,42,7,170,148,1,7,3,12,1,0.9533333333333334,1,0.5,
ProtectiveStop,rf_19_raw_window,42,7,170,148,1,7,4,13,1,0.81,1,0.5,
ProtectiveStop,rf_19_raw_window,42,7,170,148,1,7,5,14,1,0.78,1,0.5,
ProtectiveStop,rf_19_raw_window,42,7,170,148,1,7,6,15,0,0.53,1,0.5,
ProtectiveStop,rf_19_raw_window,42,7,170,148,1,7,7,16,0,0.43,0,0.5,
ProtectiveStop,rf_19_raw_window,42,7,170,148,1,7,8,17,0,0.4033333333333333,0,0.5,
ProtectiveStop,rf_19_raw_window,42,7,170,148,1,7,9,18,0,0.35,0,0.5,
ProtectiveStop,rf_19_raw_window,42,7,170,148,1,7,10,19,0,0.23,0,0.5,
ProtectiveStop,rf_19_raw_window,42,7,170,148,1,7,11,20,0,0.21333333333333335,0,0.5,
ProtectiveStop,rf_19_raw_window,42,7,170,148,1,7,12,21,0,0.16666666666666666,0,0.5,
ProtectiveStop,rf_19_raw_window,42,7,170,148,1,7,13,22,0,0.0033333333333333335,0,0.5,
ProtectiveStop,rf_19_raw_window,42,7,170,148,1,7,14,23,0,0.10333333333333333,0,0.5,
ProtectiveStop,rf_19_raw_window,42,7,170,148,1,7,15,24,0,0.11333333333333333,0,0.5,
ProtectiveStop,rf_19_raw_window,42,7,170,148,1,7,16,25,0,0.10333333333333333,0,0.5,
ProtectiveStop,rf_19_raw_window,42,7,170,148,1,7,17,26,0,0.09666666666666666,0,0.5,
ProtectiveStop,rf_19_raw_window,42,7,170,148,1,7,18,27,0,0.11333333333333333,0,0.5,
ProtectiveStop,rf_19_raw_window,42,7,170,148,1,7,19,28,0,0.12,0,0.5,
ProtectiveStop,rf_19_raw_window,42,7,170,148,1,7,20,29,0,0.10333333333333333,0,0.5,
ProtectiveStop,rf_19_raw_window,42,7,170,148,1,7,21,30,0,0.14333333333333334,0,0.5,
ProtectiveStop,rf_19_raw_window,42,7,170,148,1,7,22,31,0,0.15333333333333332,0,0.5,
ProtectiveStop,rf_19_raw_window,42,7,170,148,1,7,23,32,0,0.16333333333333333,0,0.5,
ProtectiveStop,rf_19_raw_window,42,7,170,148,1,7,24,33,0,0.02666666666666667,0,0.5,
ProtectiveStop,rf_19_raw_window,42,7,170,148,1,7,25,34,0,0.023333333333333334,0,0.5,
ProtectiveStop,rf_19_raw_window,42,7,170,148,1,7,26,35,0,0.0,0,0.5,
ProtectiveStop,rf_19_raw_window,42,7,170,148,1,7,27,36,0,0.0,0,0.5,
ProtectiveStop,rf_19_raw_window,42,7,170,148,1,7,28,37,0,0.0,0,0.5,
ProtectiveStop,rf_19_raw_window,42,7,170,148,1,7,29,38,0,0.0,0,0.5,
ProtectiveStop,rf_19_raw_window,42,7,170,148,1,7,30,39,0,0.02666666666666667,0,0.5,
ProtectiveStop,rf_19_raw_window,42,7,170,148,1,7,31,40,0,0.04,0,0.5,
ProtectiveStop,rf_19_raw_window,42,7,170,148,1,7,32,41,0,0.11,0,0.5,
ProtectiveStop,rf_19_raw_window,42,7,170,148,1,7,33,42,0,0.11333333333333333,0,0.5,
ProtectiveStop,rf_19_raw_window,42,7,170,148,1,7,34,43,0,0.13,0,0.5,
ProtectiveStop,rf_19_raw_window,42,7,170,148,1,7,35,44,0,0.12333333333333334,0,0.5,
ProtectiveStop,rf_19_raw_window,42,7,170,148,1,7,36,45,0,0.20666666666666667,0,0.5,
ProtectiveStop,rf_19_raw_window,42,7,170,148,1,7,37,46,0,0.22,0,0.5,
ProtectiveStop,rf_19_raw_window,42,7,170,148,1,7,38,47,0,0.24666666666666667,0,0.5,
ProtectiveStop,rf_19_raw_window,42,7,170,148,1,7,39,48,0,0.28,0,0.5,
ProtectiveStop,rf_19_raw_window,42,7,170,148,1,7,40,49,0,0.4,0,0.5,
ProtectiveStop,rf_19_raw_window,42,7,170,148,1,7,41,50,0,0.42333333333333334,0,0.5,
ProtectiveStop,rf_19_raw_window,42,7,170,148,1,7,42,51,0,0.02666666666666667,0,0.5,
ProtectiveStop,rf_19_raw_window,42,7,170,148,1,7,43,52,0,0.03666666666666667,0,0.5,
ProtectiveStop,rf_19_raw_window,42,7,170,148,1,7,44,53,0,0.013333333333333334,0,0.5,
ProtectiveStop,rf_19_raw_window,42,7,170,148,1,7,45,54,0,0.006666666666666667,0,0.5,
ProtectiveStop,rf_19_raw_window,42,7,170,148,1,7,46,55,0,0.0033333333333333335,0,0.5,
ProtectiveStop,rf_19_raw_window,42,7,171,149,1,7,0,9,0,0.05333333333333334,0,0.5,
ProtectiveStop,rf_19_raw_window,42,7,171,149,1,7,1,10,0,0.04,0,0.5,
ProtectiveStop,rf_19_raw_window,42,7,171,149,1,7,2,11,0,0.006666666666666667,0,0.5,
ProtectiveStop,rf_19_raw_window,42,7,171,149,1,7,3,12,0,0.023333333333333334,0,0.5,
ProtectiveStop,rf_19_raw_window,42,7,171,149,1,7,4,13,0,0.006666666666666667,0,0.5,
ProtectiveStop,rf_19_raw_window,42,7,171,149,1,7,5,14,0,0.0,0,0.5,
ProtectiveStop,rf_19_raw_window,42,7,171,149,1,7,6,15,0,0.0,0,0.5,
ProtectiveStop,rf_19_raw_window,42,7,171,149,1,7,7,16,0,0.02,0,0.5,
ProtectiveStop,rf_19_raw_window,42,7,171,149,1,7,8,17,0,0.0033333333333333335,0,0.5,
ProtectiveStop,rf_19_raw_window,42,7,171,149,1,7,9,18,0,0.02,0,0.5,
ProtectiveStop,rf_19_raw_window,42,7,171,149,1,7,10,19,0,0.04666666666666667,0,0.5,
ProtectiveStop,rf_19_raw_window,42,7,171,149,1,7,11,20,0,0.04666666666666667,0,0.5,
ProtectiveStop,rf_19_raw_window,42,7,171,149,1,7,12,21,0,0.09333333333333334,0,0.5,
ProtectiveStop,rf_19_raw_window,42,7,171,149,1,7,13,22,0,0.09,0,0.5,
ProtectiveStop,rf_19_raw_window,42,7,171,149,1,7,14,23,0,0.09,0,0.5,
ProtectiveStop,rf_19_raw_window,42,7,172,150,1,7,0,9,0,0.12666666666666668,0,0.5,
ProtectiveStop,rf_19_raw_window,42,7,172,150,1,7,1,10,0,0.03666666666666667,0,0.5,
ProtectiveStop,rf_19_raw_window,42,7,172,150,1,7,2,11,0,0.04666666666666667,0,0.5,
ProtectiveStop,rf_19_raw_window,42,7,172,150,1,7,3,12,0,0.03333333333333333,0,0.5,
ProtectiveStop,rf_19_raw_window,42,7,172,150,1,7,4,13,0,0.04,0,0.5,
ProtectiveStop,rf_19_raw_window,42,7,172,150,1,7,5,14,0,0.006666666666666667,0,0.5,
ProtectiveStop,rf_19_raw_window,42,7,172,150,1,7,6,15,0,0.0033333333333333335,0,0.5,
ProtectiveStop,rf_19_raw_window,42,7,172,150,1,7,7,16,0,0.01,0,0.5,
ProtectiveStop,rf_19_raw_window,42,7,172,150,1,7,8,17,0,0.023333333333333334,0,0.5,
ProtectiveStop,rf_19_raw_window,42,7,172,150,1,7,9,18,0,0.01,0,0.5,
ProtectiveStop,rf_19_raw_window,42,7,172,150,1,7,10,19,0,0.02,0,0.5,
ProtectiveStop,rf_19_raw_window,42,7,172,150,1,7,11,20,0,0.03333333333333333,0,0.5,
ProtectiveStop,rf_19_raw_window,42,7,172,150,1,7,12,21,0,0.05,0,0.5,
ProtectiveStop,rf_19_raw_window,42,7,172,150,1,7,13,22,0,0.06,0,0.5,
ProtectiveStop,rf_19_raw_window,42,7,172,150,1,7,14,23,0,0.07,0,0.5,
ProtectiveStop,rf_19_raw_window,42,7,173,151,1,7,0,9,1,0.5533333333333333,1,0.5,
ProtectiveStop,rf_19_raw_window,42,7,173,151,1,7,1,10,1,0.8233333333333334,1,0.5,
ProtectiveStop,rf_19_raw_window,42,7,173,151,1,7,2,11,1,0.7533333333333333,1,0.5,
ProtectiveStop,rf_19_raw_window,42,7,173,151,1,7,3,12,1,0.7633333333333333,1,0.5,
ProtectiveStop,rf_19_raw_window,42,7,173,151,1,7,4,13,1,0.53,1,0.5,
ProtectiveStop,rf_19_raw_window,42,7,173,151,1,7,5,14,1,0.5933333333333334,1,0.5,
ProtectiveStop,rf_19_raw_window,42,7,173,151,1,7,6,15,1,0.42333333333333334,0,0.5,
ProtectiveStop,rf_19_raw_window,42,7,173,151,1,7,7,16,1,0.28,0,0.5,
ProtectiveStop,rf_19_raw_window,42,7,173,151,1,7,8,17,0,0.023333333333333334,0,0.5,
ProtectiveStop,rf_19_raw_window,42,7,173,151,1,7,9,18,0,0.016666666666666666,0,0.5,
ProtectiveStop,rf_19_raw_window,42,7,173,151,1,7,10,19,0,0.0033333333333333335,0,0.5,
ProtectiveStop,rf_19_raw_window,42,7,173,151,1,7,11,20,0,0.013333333333333334,0,0.5,
ProtectiveStop,rf_19_raw_window,42,7,173,151,1,7,12,21,0,0.016666666666666666,0,0.5,
ProtectiveStop,rf_19_raw_window,42,7,173,151,1,7,13,22,0,0.016666666666666666,0,0.5,
ProtectiveStop,rf_19_raw_window,42,7,173,151,1,7,14,23,0,0.013333333333333334,0,0.5,
ProtectiveStop,rf_19_raw_window,42,7,173,151,1,7,15,24,0,0.0033333333333333335,0,0.5,
ProtectiveStop,rf_19_raw_window,42,7,173,151,1,7,16,25,0,0.013333333333333334,0,0.5,
ProtectiveStop,rf_19_raw_window,42,7,173,151,1,7,17,26,0,0.08666666666666667,0,0.5,
ProtectiveStop,rf_19_raw_window,42,7,173,151,1,7,18,27,0,0.17333333333333334,0,0.5,
ProtectiveStop,rf_19_raw_window,42,7,173,151,1,7,19,28,0,0.2,0,0.5,
ProtectiveStop,rf_19_raw_window,42,7,173,151,1,7,20,29,0,0.17333333333333334,0,0.5,
ProtectiveStop,rf_19_raw_window,42,7,174,152,1,7,0,9,1,0.49,0,0.5,
ProtectiveStop,rf_19_raw_window,42,7,174,152,1,7,1,10,1,0.6433333333333333,1,0.5,
ProtectiveStop,rf_19_raw_window,42,7,174,152,1,7,2,11,1,0.8066666666666666,1,0.5,
ProtectiveStop,rf_19_raw_window,42,7,174,152,1,7,3,12,1,0.7766666666666666,1,0.5,
ProtectiveStop,rf_19_raw_window,42,7,174,152,1,7,4,13,1,0.11666666666666667,0,0.5,
ProtectiveStop,rf_19_raw_window,42,7,174,152,1,7,5,14,1,0.10666666666666667,0,0.5,
ProtectiveStop,rf_19_raw_window,42,7,174,152,1,7,6,15,1,0.08333333333333333,0,0.5,
ProtectiveStop,rf_19_raw_window,42,7,174,152,1,7,7,16,1,0.043333333333333335,0,0.5,
ProtectiveStop,rf_19_raw_window,42,7,174,152,1,7,8,17,0,0.02666666666666667,0,0.5,
ProtectiveStop,rf_19_raw_window,42,7,174,152,1,7,9,18,0,0.006666666666666667,0,0.5,
ProtectiveStop,rf_19_raw_window,42,7,174,152,1,7,10,19,0,0.0033333333333333335,0,0.5,
ProtectiveStop,rf_19_raw_window,42,7,174,152,1,7,11,20,0,0.0,0,0.5,
ProtectiveStop,rf_19_raw_window,42,7,174,152,1,7,12,21,0,0.0,0,0.5,
ProtectiveStop,rf_19_raw_window,42,7,174,152,1,7,13,22,0,0.01,0,0.5,
ProtectiveStop,rf_19_raw_window,42,7,174,152,1,7,14,23,0,0.0033333333333333335,0,0.5,
ProtectiveStop,rf_19_raw_window,42,7,174,152,1,7,15,24,0,0.01,0,0.5,
ProtectiveStop,rf_19_raw_window,42,7,174,152,1,7,16,25,0,0.0,0,0.5,
ProtectiveStop,rf_19_raw_window,42,7,174,152,1,7,17,26,0,0.006666666666666667,0,0.5,
ProtectiveStop,rf_19_raw_window,42,7,174,152,1,7,18,27,0,0.0033333333333333335,0,0.5,
ProtectiveStop,rf_19_raw_window,42,7,175,153,1,7,0,9,1,0.8666666666666667,1,0.5,
ProtectiveStop,rf_19_raw_window,42,7,175,153,1,7,1,10,1,0.9633333333333334,1,0.5,
ProtectiveStop,rf_19_raw_window,42,7,175,153,1,7,2,11,1,0.9333333333333333,1,0.5,
ProtectiveStop,rf_19_raw_window,42,7,175,153,1,7,3,12,1,0.8666666666666667,1,0.5,
ProtectiveStop,rf_19_raw_window,42,7,175,153,1,7,4,13,1,0.7033333333333334,1,0.5,
ProtectiveStop,rf_19_raw_window,42,7,175,153,1,7,5,14,0,0.21,0,0.5,
ProtectiveStop,rf_19_raw_window,42,7,175,153,1,7,6,15,0,0.043333333333333335,0,0.5,
ProtectiveStop,rf_19_raw_window,42,7,175,153,1,7,7,16,0,0.013333333333333334,0,0.5,
ProtectiveStop,rf_19_raw_window,42,7,175,153,1,7,8,17,0,0.0033333333333333335,0,0.5,
ProtectiveStop,rf_19_raw_window,42,7,175,153,1,7,9,18,0,0.0,0,0.5,
ProtectiveStop,rf_19_raw_window,42,7,175,153,1,7,10,19,0,0.0,0,0.5,
ProtectiveStop,rf_19_raw_window,42,7,175,153,1,7,11,20,0,0.0033333333333333335,0,0.5,
ProtectiveStop,rf_19_raw_window,42,7,175,153,1,7,12,21,0,0.0033333333333333335,0,0.5,
ProtectiveStop,rf_19_raw_window,42,7,175,153,1,7,13,22,0,0.016666666666666666,0,0.5,
ProtectiveStop,rf_19_raw_window,42,7,175,153,1,7,14,23,0,0.12,0,0.5,
ProtectiveStop,rf_19_raw_window,42,7,175,153,1,7,15,24,1,0.15,0,0.5,
ProtectiveStop,rf_19_raw_window,42,7,175,153,1,7,16,25,1,0.22666666666666666,0,0.5,
ProtectiveStop,rf_19_raw_window,42,7,175,153,1,7,17,26,1,0.25,0,0.5,
ProtectiveStop,rf_19_raw_window,42,7,175,153,1,7,18,27,1,0.25333333333333335,0,0.5,
ProtectiveStop,rf_19_raw_window,42,7,175,153,1,7,19,28,1,0.29,0,0.5,
ProtectiveStop,rf_19_raw_window,42,7,175,153,1,7,20,29,1,0.2833333333333333,0,0.5,
ProtectiveStop,rf_19_raw_window,42,7,175,153,1,7,21,30,1,0.25333333333333335,0,0.5,
ProtectiveStop,rf_19_raw_window,42,7,175,153,1,7,22,31,1,0.63,1,0.5,
ProtectiveStop,rf_19_raw_window,42,7,175,153,1,7,23,32,1,0.7033333333333334,1,0.5,
ProtectiveStop,rf_19_raw_window,42,7,175,153,1,7,24,33,1,0.7566666666666667,1,0.5,
ProtectiveStop,rf_19_raw_window,42,7,175,153,1,7,25,34,0,0.65,1,0.5,
ProtectiveStop,rf_19_raw_window,42,7,175,153,1,7,26,35,0,0.55,1,0.5,
ProtectiveStop,rf_19_raw_window,42,7,175,153,1,7,27,36,0,0.4866666666666667,0,0.5,
ProtectiveStop,rf_19_raw_window,42,7,175,153,1,7,28,37,0,0.14666666666666667,0,0.5,
ProtectiveStop,rf_19_raw_window,42,7,175,153,1,7,29,38,0,0.05333333333333334,0,0.5,
ProtectiveStop,rf_19_raw_window,42,7,175,153,1,7,30,39,0,0.04,0,0.5,
ProtectiveStop,rf_19_raw_window,42,7,175,153,1,7,31,40,0,0.04666666666666667,0,0.5,
ProtectiveStop,rf_19_raw_window,42,7,175,153,1,7,32,41,0,0.04666666666666667,0,0.5,
ProtectiveStop,rf_19_raw_window,42,7,175,153,1,7,33,42,0,0.07666666666666666,0,0.5,
ProtectiveStop,rf_19_raw_window,42,7,175,153,1,7,34,43,0,0.08,0,0.5,
ProtectiveStop,rf_19_raw_window,42,8,176,154,1,8,0,9,0,0.16,0,0.5,
ProtectiveStop,rf_19_raw_window,42,8,176,154,1,8,1,10,0,0.1,0,0.5,
ProtectiveStop,rf_19_raw_window,42,8,176,154,1,8,2,11,0,0.09,0,0.5,
ProtectiveStop,rf_19_raw_window,42,8,176,154,1,8,3,12,0,0.04666666666666667,0,0.5,
ProtectiveStop,rf_19_raw_window,42,8,176,154,1,8,4,13,0,0.023333333333333334,0,0.5,
ProtectiveStop,rf_19_raw_window,42,8,176,154,1,8,5,14,0,0.016666666666666666,0,0.5,
ProtectiveStop,rf_19_raw_window,42,8,176,154,1,8,6,15,0,0.013333333333333334,0,0.5,
ProtectiveStop,rf_19_raw_window,42,8,176,154,1,8,7,16,0,0.013333333333333334,0,0.5,
ProtectiveStop,rf_19_raw_window,42,8,176,154,1,8,8,17,0,0.016666666666666666,0,0.5,
ProtectiveStop,rf_19_raw_window,42,8,176,154,1,8,9,18,0,0.013333333333333334,0,0.5,
ProtectiveStop,rf_19_raw_window,42,8,176,154,1,8,10,19,0,0.023333333333333334,0,0.5,
ProtectiveStop,rf_19_raw_window,42,8,176,154,1,8,11,20,0,0.02,0,0.5,
ProtectiveStop,rf_19_raw_window,42,8,176,154,1,8,12,21,0,0.0033333333333333335,0,0.5,
ProtectiveStop,rf_19_raw_window,42,8,176,154,1,8,13,22,0,0.02,0,0.5,
ProtectiveStop,rf_19_raw_window,42,8,176,154,1,8,14,23,0,0.03333333333333333,0,0.5,
ProtectiveStop,rf_19_raw_window,42,8,177,155,1,8,0,9,0,0.14666666666666667,0,0.5,
ProtectiveStop,rf_19_raw_window,42,8,177,155,1,8,1,10,0,0.18666666666666668,0,0.5,
ProtectiveStop,rf_19_raw_window,42,8,177,155,1,8,2,11,0,0.07666666666666666,0,0.5,
ProtectiveStop,rf_19_raw_window,42,8,177,155,1,8,3,12,0,0.03,0,0.5,
ProtectiveStop,rf_19_raw_window,42,8,177,155,1,8,4,13,0,0.02666666666666667,0,0.5,
ProtectiveStop,rf_19_raw_window,42,8,177,155,1,8,5,14,0,0.016666666666666666,0,0.5,
ProtectiveStop,rf_19_raw_window,42,8,177,155,1,8,6,15,0,0.01,0,0.5,
ProtectiveStop,rf_19_raw_window,42,8,177,155,1,8,7,16,0,0.013333333333333334,0,0.5,
ProtectiveStop,rf_19_raw_window,42,8,177,155,1,8,8,17,0,0.10666666666666667,0,0.5,
ProtectiveStop,rf_19_raw_window,42,8,177,155,1,8,9,18,0,0.05,0,0.5,
ProtectiveStop,rf_19_raw_window,42,8,177,155,1,8,10,19,0,0.07666666666666666,0,0.5,
ProtectiveStop,rf_19_raw_window,42,8,177,155,1,8,11,20,0,0.07666666666666666,0,0.5,
ProtectiveStop,rf_19_raw_window,42,8,177,155,1,8,12,21,0,0.07333333333333333,0,0.5,
ProtectiveStop,rf_19_raw_window,42,8,177,155,1,8,13,22,0,0.07333333333333333,0,0.5,
ProtectiveStop,rf_19_raw_window,42,8,177,155,1,8,14,23,0,0.07,0,0.5,
ProtectiveStop,rf_19_raw_window,42,8,178,156,1,8,0,9,0,0.15,0,0.5,
ProtectiveStop,rf_19_raw_window,42,8,178,156,1,8,1,10,0,0.08666666666666667,0,0.5,
ProtectiveStop,rf_19_raw_window,42,8,178,156,1,8,2,11,0,0.07333333333333333,0,0.5,
ProtectiveStop,rf_19_raw_window,42,8,178,156,1,8,3,12,0,0.14666666666666667,0,0.5,
ProtectiveStop,rf_19_raw_window,42,8,178,156,1,8,4,13,0,0.12,0,0.5,
ProtectiveStop,rf_19_raw_window,42,8,178,156,1,8,5,14,0,0.05,0,0.5,
ProtectiveStop,rf_19_raw_window,42,8,178,156,1,8,6,15,0,0.02,0,0.5,
ProtectiveStop,rf_19_raw_window,42,8,178,156,1,8,7,16,0,0.016666666666666666,0,0.5,
ProtectiveStop,rf_19_raw_window,42,8,178,156,1,8,8,17,0,0.03,0,0.5,
ProtectiveStop,rf_19_raw_window,42,8,178,156,1,8,9,18,0,0.02,0,0.5,
ProtectiveStop,rf_19_raw_window,42,8,178,156,1,8,10,19,0,0.03666666666666667,0,0.5,
ProtectiveStop,rf_19_raw_window,42,8,178,156,1,8,11,20,0,0.043333333333333335,0,0.5,
ProtectiveStop,rf_19_raw_window,42,8,178,156,1,8,12,21,0,0.04,0,0.5,
ProtectiveStop,rf_19_raw_window,42,8,178,156,1,8,13,22,0,0.056666666666666664,0,0.5,
ProtectiveStop,rf_19_raw_window,42,8,178,156,1,8,14,23,0,0.056666666666666664,0,0.5,
ProtectiveStop,rf_19_raw_window,42,8,178,156,1,8,15,24,0,0.26,0,0.5,
ProtectiveStop,rf_19_raw_window,42,8,179,157,1,8,0,9,0,0.11666666666666667,0,0.5,
ProtectiveStop,rf_19_raw_window,42,8,179,157,1,8,1,10,0,0.11,0,0.5,
ProtectiveStop,rf_19_raw_window,42,8,179,157,1,8,2,11,0,0.15333333333333332,0,0.5,
ProtectiveStop,rf_19_raw_window,42,8,179,157,1,8,3,12,0,0.18,0,0.5,
ProtectiveStop,rf_19_raw_window,42,8,179,157,1,8,4,13,0,0.07333333333333333,0,0.5,
ProtectiveStop,rf_19_raw_window,42,8,179,157,1,8,5,14,0,0.023333333333333334,0,0.5,
ProtectiveStop,rf_19_raw_window,42,8,179,157,1,8,6,15,0,0.02,0,0.5,
ProtectiveStop,rf_19_raw_window,42,8,179,157,1,8,7,16,0,0.02,0,0.5,
ProtectiveStop,rf_19_raw_window,42,8,179,157,1,8,8,17,0,0.02,0,0.5,
ProtectiveStop,rf_19_raw_window,42,8,179,157,1,8,9,18,0,0.02666666666666667,0,0.5,
ProtectiveStop,rf_19_raw_window,42,8,179,157,1,8,10,19,0,0.05,0,0.5,
ProtectiveStop,rf_19_raw_window,42,8,179,157,1,8,11,20,0,0.05333333333333334,0,0.5,
ProtectiveStop,rf_19_raw_window,42,8,179,157,1,8,12,21,0,0.06333333333333334,0,0.5,
ProtectiveStop,rf_19_raw_window,42,8,179,157,1,8,13,22,0,0.06333333333333334,0,0.5,
ProtectiveStop,rf_19_raw_window,42,8,179,157,1,8,14,23,0,0.16333333333333333,0,0.5,
ProtectiveStop,rf_19_raw_window,42,8,180,158,1,8,0,9,0,0.13666666666666666,0,0.5,
ProtectiveStop,rf_19_raw_window,42,8,180,158,1,8,1,10,0,0.03333333333333333,0,0.5,
ProtectiveStop,rf_19_raw_window,42,8,180,158,1,8,2,11,0,0.03333333333333333,0,0.5,
ProtectiveStop,rf_19_raw_window,42,8,180,158,1,8,3,12,0,0.02666666666666667,0,0.5,
ProtectiveStop,rf_19_raw_window,42,8,180,158,1,8,4,13,0,0.03666666666666667,0,0.5,
ProtectiveStop,rf_19_raw_window,42,8,180,158,1,8,5,14,0,0.03666666666666667,0,0.5,
ProtectiveStop,rf_19_raw_window,42,8,180,158,1,8,6,15,0,0.023333333333333334,0,0.5,
ProtectiveStop,rf_19_raw_window,42,8,180,158,1,8,7,16,0,0.03,0,0.5,
ProtectiveStop,rf_19_raw_window,42,8,180,158,1,8,8,17,0,0.01,0,0.5,
ProtectiveStop,rf_19_raw_window,42,8,180,158,1,8,9,18,0,0.013333333333333334,0,0.5,
ProtectiveStop,rf_19_raw_window,42,8,180,158,1,8,10,19,0,0.013333333333333334,0,0.5,
ProtectiveStop,rf_19_raw_window,42,8,180,158,1,8,11,20,0,0.06333333333333334,0,0.5,
ProtectiveStop,rf_19_raw_window,42,8,180,158,1,8,12,21,0,0.06,0,0.5,
ProtectiveStop,rf_19_raw_window,42,8,180,158,1,8,13,22,0,0.12,0,0.5,
ProtectiveStop,rf_19_raw_window,42,8,180,158,1,8,14,23,0,0.09666666666666666,0,0.5,
ProtectiveStop,rf_19_raw_window,42,8,181,159,1,8,0,9,0,0.14666666666666667,0,0.5,
ProtectiveStop,rf_19_raw_window,42,8,181,159,1,8,1,10,0,0.09,0,0.5,
ProtectiveStop,rf_19_raw_window,42,8,181,159,1,8,2,11,0,0.07333333333333333,0,0.5,
ProtectiveStop,rf_19_raw_window,42,8,181,159,1,8,3,12,0,0.06333333333333334,0,0.5,
ProtectiveStop,rf_19_raw_window,42,8,181,159,1,8,4,13,0,0.15333333333333332,0,0.5,
ProtectiveStop,rf_19_raw_window,42,8,181,159,1,8,5,14,0,0.12333333333333334,0,0.5,
ProtectiveStop,rf_19_raw_window,42,8,181,159,1,8,6,15,0,0.12,0,0.5,
ProtectiveStop,rf_19_raw_window,42,8,181,159,1,8,7,16,0,0.08666666666666667,0,0.5,
ProtectiveStop,rf_19_raw_window,42,8,181,159,1,8,8,17,0,0.11333333333333333,0,0.5,
ProtectiveStop,rf_19_raw_window,42,8,181,159,1,8,9,18,0,0.23666666666666666,0,0.5,
ProtectiveStop,rf_19_raw_window,42,8,181,159,1,8,10,19,0,0.2966666666666667,0,0.5,
ProtectiveStop,rf_19_raw_window,42,8,181,159,1,8,11,20,0,0.15666666666666668,0,0.5,
ProtectiveStop,rf_19_raw_window,42,8,181,159,1,8,12,21,0,0.16666666666666666,0,0.5,
ProtectiveStop,rf_19_raw_window,42,8,181,159,1,8,13,22,0,0.14666666666666667,0,0.5,
ProtectiveStop,rf_19_raw_window,42,8,182,160,1,8,0,9,1,0.86,1,0.5,
ProtectiveStop,rf_19_raw_window,42,8,182,160,1,8,1,10,1,0.8533333333333334,1,0.5,
ProtectiveStop,rf_19_raw_window,42,8,182,160,1,8,2,11,1,0.9633333333333334,1,0.5,
ProtectiveStop,rf_19_raw_window,42,8,182,160,1,8,3,12,1,0.8766666666666667,1,0.5,
ProtectiveStop,rf_19_raw_window,42,8,182,160,1,8,4,13,1,0.77,1,0.5,
ProtectiveStop,rf_19_raw_window,42,8,182,160,1,8,5,14,0,0.05,0,0.5,
ProtectiveStop,rf_19_raw_window,42,8,182,160,1,8,6,15,0,0.04666666666666667,0,0.5,
ProtectiveStop,rf_19_raw_window,42,8,182,160,1,8,7,16,0,0.02666666666666667,0,0.5,
ProtectiveStop,rf_19_raw_window,42,8,182,160,1,8,8,17,0,0.02666666666666667,0,0.5,
ProtectiveStop,rf_19_raw_window,42,8,182,160,1,8,9,18,0,0.016666666666666666,0,0.5,
ProtectiveStop,rf_19_raw_window,42,8,182,160,1,8,10,19,0,0.016666666666666666,0,0.5,
ProtectiveStop,rf_19_raw_window,42,8,182,160,1,8,11,20,0,0.006666666666666667,0,0.5,
ProtectiveStop,rf_19_raw_window,42,8,182,160,1,8,12,21,0,0.0033333333333333335,0,0.5,
ProtectiveStop,rf_19_raw_window,42,8,182,160,1,8,13,22,0,0.01,0,0.5,
ProtectiveStop,rf_19_raw_window,42,8,182,160,1,8,14,23,0,0.03666666666666667,0,0.5,
ProtectiveStop,rf_19_raw_window,42,8,182,160,1,8,15,24,0,0.016666666666666666,0,0.5,
ProtectiveStop,rf_19_raw_window,42,8,182,160,1,8,16,25,0,0.013333333333333334,0,0.5,
ProtectiveStop,rf_19_raw_window,42,8,182,160,1,8,17,26,0,0.016666666666666666,0,0.5,
ProtectiveStop,rf_19_raw_window,42,8,183,161,1,8,0,9,1,0.82,1,0.5,
ProtectiveStop,rf_19_raw_window,42,8,183,161,1,8,1,10,1,0.92,1,0.5,
ProtectiveStop,rf_19_raw_window,42,8,183,161,1,8,2,11,1,0.9166666666666666,1,0.5,
ProtectiveStop,rf_19_raw_window,42,8,183,161,1,8,3,12,1,0.92,1,0.5,
ProtectiveStop,rf_19_raw_window,42,8,183,161,1,8,4,13,1,0.8733333333333333,1,0.5,
ProtectiveStop,rf_19_raw_window,42,8,183,161,1,8,5,14,1,0.58,1,0.5,
ProtectiveStop,rf_19_raw_window,42,8,183,161,1,8,6,15,0,0.64,1,0.5,
ProtectiveStop,rf_19_raw_window,42,8,183,161,1,8,7,16,0,0.4033333333333333,0,0.5,
ProtectiveStop,rf_19_raw_window,42,8,183,161,1,8,8,17,0,0.32666666666666666,0,0.5,
ProtectiveStop,rf_19_raw_window,42,8,183,161,1,8,9,18,0,0.11666666666666667,0,0.5,
ProtectiveStop,rf_19_raw_window,42,8,183,161,1,8,10,19,0,0.08666666666666667,0,0.5,
ProtectiveStop,rf_19_raw_window,42,8,183,161,1,8,11,20,0,0.08333333333333333,0,0.5,
ProtectiveStop,rf_19_raw_window,42,8,183,161,1,8,12,21,0,0.09333333333333334,0,0.5,
ProtectiveStop,rf_19_raw_window,42,8,183,161,1,8,13,22,0,0.09,0,0.5,
ProtectiveStop,rf_19_raw_window,42,8,183,161,1,8,14,23,0,0.08333333333333333,0,0.5,
ProtectiveStop,rf_19_raw_window,42,8,183,161,1,8,15,24,0,0.15333333333333332,0,0.5,
ProtectiveStop,rf_19_raw_window,42,8,183,161,1,8,16,25,0,0.13,0,0.5,
ProtectiveStop,rf_19_raw_window,42,8,183,161,1,8,17,26,0,0.13,0,0.5,
ProtectiveStop,rf_19_raw_window,42,8,183,161,1,8,18,27,0,0.18333333333333332,0,0.5,
ProtectiveStop,rf_19_raw_window,42,8,183,161,1,8,19,28,0,0.02,0,0.5,
ProtectiveStop,rf_19_raw_window,42,8,183,161,1,8,20,29,0,0.01,0,0.5,
ProtectiveStop,rf_19_raw_window,42,8,183,161,1,8,21,30,0,0.01,0,0.5,
ProtectiveStop,rf_19_raw_window,42,8,183,161,1,8,22,31,0,0.01,0,0.5,
ProtectiveStop,rf_19_raw_window,42,8,183,161,1,8,23,32,0,0.01,0,0.5,
ProtectiveStop,rf_19_raw_window,42,8,183,161,1,8,24,33,0,0.02,0,0.5,
ProtectiveStop,rf_19_raw_window,42,8,183,161,1,8,25,34,0,0.03666666666666667,0,0.5,
ProtectiveStop,rf_19_raw_window,42,8,183,161,1,8,26,35,0,0.06333333333333334,0,0.5,
ProtectiveStop,rf_19_raw_window,42,8,183,161,1,8,27,36,0,0.06,0,0.5,
ProtectiveStop,rf_19_raw_window,42,8,183,161,1,8,28,37,0,0.08333333333333333,0,0.5,
ProtectiveStop,rf_19_raw_window,42,8,183,161,1,8,29,38,0,0.07333333333333333,0,0.5,
ProtectiveStop,rf_19_raw_window,42,8,183,161,1,8,30,39,0,0.06333333333333334,0,0.5,
ProtectiveStop,rf_19_raw_window,42,8,183,161,1,8,31,40,0,0.07,0,0.5,
ProtectiveStop,rf_19_raw_window,42,8,183,161,1,8,32,41,0,0.07333333333333333,0,0.5,
ProtectiveStop,rf_19_raw_window,42,8,183,161,1,8,33,42,0,0.07,0,0.5,
ProtectiveStop,rf_19_raw_window,42,8,183,161,1,8,34,43,0,0.10333333333333333,0,0.5,
ProtectiveStop,rf_19_raw_window,42,8,183,161,1,8,35,44,0,0.35333333333333333,0,0.5,
ProtectiveStop,rf_19_raw_window,42,8,183,161,1,8,36,45,0,0.45666666666666667,0,0.5,
ProtectiveStop,rf_19_raw_window,42,8,183,161,1,8,37,46,0,0.07,0,0.5,
ProtectiveStop,rf_19_raw_window,42,8,184,162,1,8,0,9,0,0.18333333333333332,0,0.5,
ProtectiveStop,rf_19_raw_window,42,8,184,162,1,8,1,10,0,0.16333333333333333,0,0.5,
ProtectiveStop,rf_19_raw_window,42,8,184,162,1,8,2,11,0,0.09333333333333334,0,0.5,
ProtectiveStop,rf_19_raw_window,42,8,184,162,1,8,3,12,0,0.07333333333333333,0,0.5,
ProtectiveStop,rf_19_raw_window,42,8,184,162,1,8,4,13,0,0.04666666666666667,0,0.5,
ProtectiveStop,rf_19_raw_window,42,8,184,162,1,8,5,14,0,0.013333333333333334,0,0.5,
ProtectiveStop,rf_19_raw_window,42,8,184,162,1,8,6,15,0,0.006666666666666667,0,0.5,
ProtectiveStop,rf_19_raw_window,42,8,184,162,1,8,7,16,0,0.006666666666666667,0,0.5,
ProtectiveStop,rf_19_raw_window,42,8,184,162,1,8,8,17,0,0.006666666666666667,0,0.5,
ProtectiveStop,rf_19_raw_window,42,8,184,162,1,8,9,18,0,0.05,0,0.5,
ProtectiveStop,rf_19_raw_window,42,8,184,162,1,8,10,19,0,0.04,0,0.5,
ProtectiveStop,rf_19_raw_window,42,8,184,162,1,8,11,20,0,0.05,0,0.5,
ProtectiveStop,rf_19_raw_window,42,8,184,162,1,8,12,21,0,0.07333333333333333,0,0.5,
ProtectiveStop,rf_19_raw_window,42,8,184,162,1,8,13,22,0,0.08,0,0.5,
ProtectiveStop,rf_19_raw_window,42,8,184,162,1,8,14,23,0,0.06333333333333334,0,0.5,
ProtectiveStop,rf_19_raw_window,42,8,185,163,1,8,0,9,1,0.77,1,0.5,
ProtectiveStop,rf_19_raw_window,42,8,185,163,1,8,1,10,1,0.94,1,0.5,
ProtectiveStop,rf_19_raw_window,42,8,185,163,1,8,2,11,1,0.9333333333333333,1,0.5,
ProtectiveStop,rf_19_raw_window,42,8,185,163,1,8,3,12,1,0.9733333333333334,1,0.5,
ProtectiveStop,rf_19_raw_window,42,8,185,163,1,8,4,13,1,0.91,1,0.5,
ProtectiveStop,rf_19_raw_window,42,8,185,163,1,8,5,14,1,0.8866666666666667,1,0.5,
ProtectiveStop,rf_19_raw_window,42,8,199,176,1,8,0,9,0,0.11,0,0.5,
ProtectiveStop,rf_19_raw_window,42,8,199,176,1,8,1,10,0,0.1,0,0.5,
ProtectiveStop,rf_19_raw_window,42,8,199,176,1,8,2,11,0,0.08333333333333333,0,0.5,
ProtectiveStop,rf_19_raw_window,42,8,199,176,1,8,3,12,0,0.13333333333333333,0,0.5,
ProtectiveStop,rf_19_raw_window,42,8,199,176,1,8,4,13,0,0.06666666666666667,0,0.5,
ProtectiveStop,rf_19_raw_window,42,8,199,176,1,8,5,14,0,0.09,0,0.5,
ProtectiveStop,rf_19_raw_window,42,8,199,176,1,8,6,15,0,0.08333333333333333,0,0.5,
ProtectiveStop,rf_19_raw_window,42,8,200,177,1,8,0,9,0,0.12,0,0.5,
ProtectiveStop,rf_19_raw_window,42,8,200,177,1,8,1,10,0,0.10333333333333333,0,0.5,
ProtectiveStop,rf_19_raw_window,42,8,200,177,1,8,2,11,0,0.05,0,0.5,
ProtectiveStop,rf_19_raw_window,42,8,200,177,1,8,3,12,0,0.013333333333333334,0,0.5,
ProtectiveStop,rf_19_raw_window,42,8,200,177,1,8,4,13,0,0.013333333333333334,0,0.5,
ProtectiveStop,rf_19_raw_window,42,8,200,177,1,8,5,14,0,0.006666666666666667,0,0.5,
ProtectiveStop,rf_19_raw_window,42,8,200,177,1,8,6,15,0,0.006666666666666667,0,0.5,
ProtectiveStop,rf_19_raw_window,42,8,200,177,1,8,7,16,0,0.006666666666666667,0,0.5,
ProtectiveStop,rf_19_raw_window,42,8,200,177,1,8,8,17,0,0.02,0,0.5,
ProtectiveStop,rf_19_raw_window,42,8,200,177,1,8,9,18,0,0.013333333333333334,0,0.5,
ProtectiveStop,rf_19_raw_window,42,8,200,177,1,8,10,19,0,0.03,0,0.5,
ProtectiveStop,rf_19_raw_window,42,8,200,177,1,8,11,20,0,0.023333333333333334,0,0.5,
ProtectiveStop,rf_19_raw_window,42,8,200,177,1,8,12,21,0,0.0033333333333333335,0,0.5,
ProtectiveStop,rf_19_raw_window,42,8,200,177,1,8,13,22,0,0.01,0,0.5,
ProtectiveStop,rf_19_raw_window,42,8,200,177,1,8,14,23,0,0.016666666666666666,0,0.5,
ProtectiveStop,rf_19_raw_window,42,9,201,178,1,9,0,9,0,0.06333333333333334,0,0.5,
ProtectiveStop,rf_19_raw_window,42,9,201,178,1,9,1,10,0,0.05333333333333334,0,0.5,
ProtectiveStop,rf_19_raw_window,42,9,201,178,1,9,2,11,0,0.0,0,0.5,
ProtectiveStop,rf_19_raw_window,42,9,201,178,1,9,3,12,0,0.0033333333333333335,0,0.5,
ProtectiveStop,rf_19_raw_window,42,9,201,178,1,9,4,13,0,0.0033333333333333335,0,0.5,
ProtectiveStop,rf_19_raw_window,42,9,201,178,1,9,5,14,0,0.0033333333333333335,0,0.5,
ProtectiveStop,rf_19_raw_window,42,9,201,178,1,9,6,15,0,0.0,0,0.5,
ProtectiveStop,rf_19_raw_window,42,9,201,178,1,9,7,16,0,0.0,0,0.5,
ProtectiveStop,rf_19_raw_window,42,9,201,178,1,9,8,17,0,0.0033333333333333335,0,0.5,
ProtectiveStop,rf_19_raw_window,42,9,201,178,1,9,9,18,0,0.0,0,0.5,
ProtectiveStop,rf_19_raw_window,42,9,201,178,1,9,10,19,0,0.0033333333333333335,0,0.5,
ProtectiveStop,rf_19_raw_window,42,9,201,178,1,9,11,20,1,0.0,0,0.5,
ProtectiveStop,rf_19_raw_window,42,9,201,178,1,9,12,21,1,0.07,0,0.5,
ProtectiveStop,rf_19_raw_window,42,9,201,178,1,9,13,22,1,0.25,0,0.5,
ProtectiveStop,rf_19_raw_window,42,9,201,178,1,9,14,23,1,0.29333333333333333,0,0.5,
ProtectiveStop,rf_19_raw_window,42,9,201,178,1,9,15,24,1,0.5066666666666667,1,0.5,
ProtectiveStop,rf_19_raw_window,42,9,201,178,1,9,16,25,1,0.5166666666666667,1,0.5,
ProtectiveStop,rf_19_raw_window,42,9,201,178,1,9,17,26,1,0.48333333333333334,0,0.5,
ProtectiveStop,rf_19_raw_window,42,9,201,178,1,9,18,27,1,0.77,1,0.5,
ProtectiveStop,rf_19_raw_window,42,9,201,178,1,9,19,28,1,0.7233333333333334,1,0.5,
ProtectiveStop,rf_19_raw_window,42,9,201,178,1,9,20,29,1,0.8566666666666667,1,0.5,
ProtectiveStop,rf_19_raw_window,42,9,201,178,1,9,21,30,0,0.7033333333333334,1,0.5,
ProtectiveStop,rf_19_raw_window,42,9,201,178,1,9,22,31,0,0.6433333333333333,1,0.5,
ProtectiveStop,rf_19_raw_window,42,9,201,178,1,9,23,32,0,0.5266666666666666,1,0.5,
ProtectiveStop,rf_19_raw_window,42,9,201,178,1,9,24,33,0,0.3433333333333333,0,0.5,
ProtectiveStop,rf_19_raw_window,42,9,201,178,1,9,25,34,0,0.24666666666666667,0,0.5,
ProtectiveStop,rf_19_raw_window,42,9,201,178,1,9,26,35,0,0.24333333333333335,0,0.5,
ProtectiveStop,rf_19_raw_window,42,9,201,178,1,9,27,36,0,0.19666666666666666,0,0.5,
ProtectiveStop,rf_19_raw_window,42,9,201,178,1,9,28,37,0,0.16333333333333333,0,0.5,
ProtectiveStop,rf_19_raw_window,42,9,201,178,1,9,29,38,0,0.12333333333333334,0,0.5,
ProtectiveStop,rf_19_raw_window,42,9,202,179,1,9,0,9,0,0.2633333333333333,0,0.5,
ProtectiveStop,rf_19_raw_window,42,9,202,179,1,9,1,10,0,0.09,0,0.5,
ProtectiveStop,rf_19_raw_window,42,9,202,179,1,9,2,11,0,0.043333333333333335,0,0.5,
ProtectiveStop,rf_19_raw_window,42,9,202,179,1,9,3,12,0,0.03666666666666667,0,0.5,
ProtectiveStop,rf_19_raw_window,42,9,202,179,1,9,4,13,0,0.043333333333333335,0,0.5,
ProtectiveStop,rf_19_raw_window,42,9,202,179,1,9,5,14,0,0.016666666666666666,0,0.5,
ProtectiveStop,rf_19_raw_window,42,9,202,179,1,9,6,15,0,0.02,0,0.5,
ProtectiveStop,rf_19_raw_window,42,9,202,179,1,9,7,16,0,0.02,0,0.5,
ProtectiveStop,rf_19_raw_window,42,9,202,179,1,9,8,17,0,0.02,0,0.5,
ProtectiveStop,rf_19_raw_window,42,9,202,179,1,9,9,18,0,0.016666666666666666,0,0.5,
ProtectiveStop,rf_19_raw_window,42,9,202,179,1,9,10,19,0,0.016666666666666666,0,0.5,
ProtectiveStop,rf_19_raw_window,42,9,202,179,1,9,11,20,0,0.14,0,0.5,
ProtectiveStop,rf_19_raw_window,42,9,202,179,1,9,12,21,0,0.13,0,0.5,
ProtectiveStop,rf_19_raw_window,42,9,202,179,1,9,13,22,0,0.18,0,0.5,
ProtectiveStop,rf_19_raw_window,42,9,202,179,1,9,14,23,0,0.18333333333333332,0,0.5,
ProtectiveStop,rf_19_raw_window,42,9,203,180,1,9,0,9,0,0.08,0,0.5,
ProtectiveStop,rf_19_raw_window,42,9,203,180,1,9,1,10,0,0.03333333333333333,0,0.5,
ProtectiveStop,rf_19_raw_window,42,9,203,180,1,9,2,11,0,0.023333333333333334,0,0.5,
ProtectiveStop,rf_19_raw_window,42,9,203,180,1,9,3,12,0,0.02666666666666667,0,0.5,
ProtectiveStop,rf_19_raw_window,42,9,203,180,1,9,4,13,0,0.03,0,0.5,
ProtectiveStop,rf_19_raw_window,42,9,203,180,1,9,5,14,0,0.02666666666666667,0,0.5,
ProtectiveStop,rf_19_raw_window,42,9,203,180,1,9,6,15,0,0.023333333333333334,0,0.5,
ProtectiveStop,rf_19_raw_window,42,9,203,180,1,9,7,16,0,0.043333333333333335,0,0.5,
ProtectiveStop,rf_19_raw_window,42,9,203,180,1,9,8,17,0,0.04666666666666667,0,0.5,
ProtectiveStop,rf_19_raw_window,42,9,203,180,1,9,9,18,0,0.07,0,0.5,
ProtectiveStop,rf_19_raw_window,42,9,203,180,1,9,10,19,0,0.043333333333333335,0,0.5,
ProtectiveStop,rf_19_raw_window,42,9,203,180,1,9,11,20,0,0.07,0,0.5,
ProtectiveStop,rf_19_raw_window,42,9,203,180,1,9,12,21,0,0.11333333333333333,0,0.5,
ProtectiveStop,rf_19_raw_window,42,9,203,180,1,9,13,22,0,0.1,0,0.5,
ProtectiveStop,rf_19_raw_window,42,9,203,180,1,9,14,23,0,0.14333333333333334,0,0.5,
ProtectiveStop,rf_19_raw_window,42,9,204,181,1,9,0,9,1,0.98,1,0.5,
ProtectiveStop,rf_19_raw_window,42,9,204,181,1,9,1,10,1,0.9733333333333334,1,0.5,
ProtectiveStop,rf_19_raw_window,42,9,204,181,1,9,2,11,1,0.94,1,0.5,
ProtectiveStop,rf_19_raw_window,42,9,204,181,1,9,3,12,1,0.91,1,0.5,
ProtectiveStop,rf_19_raw_window,42,9,204,181,1,9,4,13,1,0.6733333333333333,1,0.5,
ProtectiveStop,rf_19_raw_window,42,9,204,181,1,9,5,14,1,0.7033333333333334,1,0.5,
ProtectiveStop,rf_19_raw_window,42,9,204,181,1,9,6,15,1,0.36,0,0.5,
ProtectiveStop,rf_19_raw_window,42,9,204,181,1,9,7,16,0,0.3233333333333333,0,0.5,
ProtectiveStop,rf_19_raw_window,42,9,204,181,1,9,8,17,0,0.25333333333333335,0,0.5,
ProtectiveStop,rf_19_raw_window,42,9,204,181,1,9,9,18,0,0.47,0,0.5,
ProtectiveStop,rf_19_raw_window,42,9,204,181,1,9,10,19,0,0.38,0,0.5,
ProtectiveStop,rf_19_raw_window,42,9,204,181,1,9,11,20,0,0.07333333333333333,0,0.5,
ProtectiveStop,rf_19_raw_window,42,9,204,181,1,9,12,21,0,0.11,0,0.5,
ProtectiveStop,rf_19_raw_window,42,9,204,181,1,9,13,22,0,0.52,1,0.5,
ProtectiveStop,rf_19_raw_window,42,9,204,181,1,9,14,23,0,0.4066666666666667,0,0.5,
ProtectiveStop,rf_19_raw_window,42,9,204,181,1,9,15,24,0,0.3,0,0.5,
ProtectiveStop,rf_19_raw_window,42,9,204,181,1,9,16,25,0,0.16333333333333333,0,0.5,
ProtectiveStop,rf_19_raw_window,42,9,204,181,1,9,17,26,0,0.06,0,0.5,
ProtectiveStop,rf_19_raw_window,42,9,204,181,1,9,18,27,0,0.056666666666666664,0,0.5,
ProtectiveStop,rf_19_raw_window,42,9,204,181,1,9,19,28,0,0.03,0,0.5,
ProtectiveStop,rf_19_raw_window,42,9,204,181,1,9,20,29,0,0.03333333333333333,0,0.5,
ProtectiveStop,rf_19_raw_window,42,9,204,181,1,9,21,30,0,0.03666666666666667,0,0.5,
ProtectiveStop,rf_19_raw_window,42,9,204,181,1,9,22,31,0,0.03333333333333333,0,0.5,
ProtectiveStop,rf_19_raw_window,42,9,204,181,1,9,23,32,0,0.02666666666666667,0,0.5,
ProtectiveStop,rf_19_raw_window,42,9,204,181,1,9,24,33,0,0.03333333333333333,0,0.5,
ProtectiveStop,rf_19_raw_window,42,9,204,181,1,9,25,34,0,0.06333333333333334,0,0.5,
ProtectiveStop,rf_19_raw_window,42,9,204,181,1,9,26,35,0,0.01,0,0.5,
ProtectiveStop,rf_19_raw_window,42,9,204,181,1,9,27,36,0,0.03,0,0.5,
ProtectiveStop,rf_19_raw_window,42,9,204,181,1,9,28,37,0,0.043333333333333335,0,0.5,
ProtectiveStop,rf_19_raw_window,42,9,204,181,1,9,29,38,0,0.1,0,0.5,
ProtectiveStop,rf_19_raw_window,42,9,204,181,1,9,30,39,0,0.14666666666666667,0,0.5,
ProtectiveStop,rf_19_raw_window,42,9,204,181,1,9,31,40,0,0.21666666666666667,0,0.5,
ProtectiveStop,rf_19_raw_window,42,9,204,181,1,9,32,41,0,0.16333333333333333,0,0.5,
ProtectiveStop,rf_19_raw_window,42,9,204,181,1,9,33,42,0,0.09,0,0.5,
ProtectiveStop,rf_19_raw_window,42,9,204,181,1,9,34,43,0,0.05,0,0.5,
ProtectiveStop,rf_19_raw_window,42,9,204,181,1,9,35,44,0,0.03,0,0.5,
ProtectiveStop,rf_19_raw_window,42,9,204,181,1,9,36,45,0,0.01,0,0.5,
ProtectiveStop,rf_19_raw_window,42,9,204,181,1,9,37,46,0,0.02,0,0.5,
ProtectiveStop,rf_19_raw_window,42,9,205,182,1,9,0,9,0,0.27,0,0.5,
ProtectiveStop,rf_19_raw_window,42,9,205,182,1,9,1,10,0,0.1,0,0.5,
ProtectiveStop,rf_19_raw_window,42,9,205,182,1,9,2,11,0,0.07333333333333333,0,0.5,
ProtectiveStop,rf_19_raw_window,42,9,205,182,1,9,3,12,0,0.06333333333333334,0,0.5,
ProtectiveStop,rf_19_raw_window,42,9,205,182,1,9,4,13,0,0.04,0,0.5,
ProtectiveStop,rf_19_raw_window,42,9,205,182,1,9,5,14,0,0.02666666666666667,0,0.5,
ProtectiveStop,rf_19_raw_window,42,9,205,182,1,9,6,15,0,0.023333333333333334,0,0.5,
ProtectiveStop,rf_19_raw_window,42,9,205,182,1,9,7,16,0,0.023333333333333334,0,0.5,
ProtectiveStop,rf_19_raw_window,42,9,205,182,1,9,8,17,0,0.023333333333333334,0,0.5,
ProtectiveStop,rf_19_raw_window,42,9,205,182,1,9,9,18,0,0.03333333333333333,0,0.5,
ProtectiveStop,rf_19_raw_window,42,9,205,182,1,9,10,19,0,0.02666666666666667,0,0.5,
ProtectiveStop,rf_19_raw_window,42,9,205,182,1,9,11,20,0,0.02,0,0.5,
ProtectiveStop,rf_19_raw_window,42,9,205,182,1,9,12,21,0,0.02666666666666667,0,0.5,
ProtectiveStop,rf_19_raw_window,42,9,205,182,1,9,13,22,0,0.04666666666666667,0,0.5,
ProtectiveStop,rf_19_raw_window,42,9,205,182,1,9,14,23,0,0.06333333333333334,0,0.5,
ProtectiveStop,rf_19_raw_window,42,9,205,182,1,9,15,24,0,0.16333333333333333,0,0.5,
ProtectiveStop,rf_19_raw_window,42,9,206,183,1,9,0,9,1,0.9633333333333334,1,0.5,
ProtectiveStop,rf_19_raw_window,42,9,206,183,1,9,1,10,1,0.97,1,0.5,
ProtectiveStop,rf_19_raw_window,42,9,206,183,1,9,2,11,1,0.9633333333333334,1,0.5,
ProtectiveStop,rf_19_raw_window,42,9,206,183,1,9,3,12,1,0.83,1,0.5,
ProtectiveStop,rf_19_raw_window,42,9,206,183,1,9,4,13,0,0.44333333333333336,0,0.5,
ProtectiveStop,rf_19_raw_window,42,9,206,183,1,9,5,14,0,0.3466666666666667,0,0.5,
ProtectiveStop,rf_19_raw_window,42,9,206,183,1,9,6,15,0,0.043333333333333335,0,0.5,
ProtectiveStop,rf_19_raw_window,42,9,206,183,1,9,7,16,0,0.03666666666666667,0,0.5,
ProtectiveStop,rf_19_raw_window,42,9,206,183,1,9,8,17,0,0.03666666666666667,0,0.5,
ProtectiveStop,rf_19_raw_window,42,9,206,183,1,9,9,18,0,0.04,0,0.5,
ProtectiveStop,rf_19_raw_window,42,9,206,183,1,9,10,19,0,0.04,0,0.5,
ProtectiveStop,rf_19_raw_window,42,9,206,183,1,9,11,20,0,0.023333333333333334,0,0.5,
ProtectiveStop,rf_19_raw_window,42,9,206,183,1,9,12,21,0,0.023333333333333334,0,0.5,
ProtectiveStop,rf_19_raw_window,42,9,206,183,1,9,13,22,0,0.016666666666666666,0,0.5,
ProtectiveStop,rf_19_raw_window,42,9,206,183,1,9,14,23,0,0.043333333333333335,0,0.5,
ProtectiveStop,rf_19_raw_window,42,9,206,183,1,9,15,24,0,0.043333333333333335,0,0.5,
ProtectiveStop,rf_19_raw_window,42,9,206,183,1,9,16,25,0,0.04666666666666667,0,0.5,
ProtectiveStop,rf_19_raw_window,42,9,206,183,1,9,17,26,0,0.04666666666666667,0,0.5,
ProtectiveStop,rf_19_raw_window,42,9,207,184,1,9,0,9,0,0.13666666666666666,0,0.5,
ProtectiveStop,rf_19_raw_window,42,9,207,184,1,9,1,10,0,0.03,0,0.5,
ProtectiveStop,rf_19_raw_window,42,9,207,184,1,9,2,11,0,0.03,0,0.5,
ProtectiveStop,rf_19_raw_window,42,9,207,184,1,9,3,12,0,0.023333333333333334,0,0.5,
ProtectiveStop,rf_19_raw_window,42,9,207,184,1,9,4,13,0,0.023333333333333334,0,0.5,
ProtectiveStop,rf_19_raw_window,42,9,207,184,1,9,5,14,0,0.023333333333333334,0,0.5,
ProtectiveStop,rf_19_raw_window,42,9,207,184,1,9,6,15,0,0.02,0,0.5,
ProtectiveStop,rf_19_raw_window,42,9,207,184,1,9,7,16,0,0.02,0,0.5,
ProtectiveStop,rf_19_raw_window,42,9,207,184,1,9,8,17,0,0.04,0,0.5,
ProtectiveStop,rf_19_raw_window,42,9,207,184,1,9,9,18,0,0.043333333333333335,0,0.5,
ProtectiveStop,rf_19_raw_window,42,9,207,184,1,9,10,19,0,0.05,0,0.5,
ProtectiveStop,rf_19_raw_window,42,9,207,184,1,9,11,20,0,0.03666666666666667,0,0.5,
ProtectiveStop,rf_19_raw_window,42,9,207,184,1,9,12,21,0,0.04,0,0.5,
ProtectiveStop,rf_19_raw_window,42,9,207,184,1,9,13,22,0,0.043333333333333335,0,0.5,
ProtectiveStop,rf_19_raw_window,42,9,207,184,1,9,14,23,0,0.04,0,0.5,
ProtectiveStop,rf_19_raw_window,42,9,208,185,1,9,0,9,0,0.09,0,0.5,
ProtectiveStop,rf_19_raw_window,42,9,208,185,1,9,1,10,0,0.07,0,0.5,
ProtectiveStop,rf_19_raw_window,42,9,208,185,1,9,2,11,0,0.03666666666666667,0,0.5,
ProtectiveStop,rf_19_raw_window,42,9,208,185,1,9,3,12,0,0.04,0,0.5,
ProtectiveStop,rf_19_raw_window,42,9,208,185,1,9,4,13,0,0.043333333333333335,0,0.5,
ProtectiveStop,rf_19_raw_window,42,9,208,185,1,9,5,14,0,0.03666666666666667,0,0.5,
ProtectiveStop,rf_19_raw_window,42,9,208,185,1,9,6,15,0,0.03666666666666667,0,0.5,
ProtectiveStop,rf_19_raw_window,42,9,208,185,1,9,7,16,0,0.03666666666666667,0,0.5,
ProtectiveStop,rf_19_raw_window,42,9,208,185,1,9,8,17,0,0.03666666666666667,0,0.5,
ProtectiveStop,rf_19_raw_window,42,9,208,185,1,9,9,18,0,0.08,0,0.5,
ProtectiveStop,rf_19_raw_window,42,9,208,185,1,9,10,19,0,0.07,0,0.5,
ProtectiveStop,rf_19_raw_window,42,9,208,185,1,9,11,20,0,0.04,0,0.5,
ProtectiveStop,rf_19_raw_window,42,9,208,185,1,9,12,21,0,0.043333333333333335,0,0.5,
ProtectiveStop,rf_19_raw_window,42,9,208,185,1,9,13,22,0,0.043333333333333335,0,0.5,
ProtectiveStop,rf_19_raw_window,42,9,209,186,1,9,0,9,0,0.19333333333333333,0,0.5,
ProtectiveStop,rf_19_raw_window,42,9,209,186,1,9,1,10,0,0.04666666666666667,0,0.5,
ProtectiveStop,rf_19_raw_window,42,9,209,186,1,9,2,11,0,0.04666666666666667,0,0.5,
ProtectiveStop,rf_19_raw_window,42,9,209,186,1,9,3,12,0,0.04666666666666667,0,0.5,
ProtectiveStop,rf_19_raw_window,42,9,209,186,1,9,4,13,0,0.04666666666666667,0,0.5,
ProtectiveStop,rf_19_raw_window,42,9,209,186,1,9,5,14,0,0.03666666666666667,0,0.5,
ProtectiveStop,rf_19_raw_window,42,9,209,186,1,9,6,15,0,0.04666666666666667,0,0.5,
ProtectiveStop,rf_19_raw_window,42,9,209,186,1,9,7,16,0,0.043333333333333335,0,0.5,
ProtectiveStop,rf_19_raw_window,42,9,209,186,1,9,8,17,0,0.04,0,0.5,
ProtectiveStop,rf_19_raw_window,42,9,209,186,1,9,9,18,0,0.043333333333333335,0,0.5,
ProtectiveStop,rf_19_raw_window,42,9,209,186,1,9,10,19,0,0.03666666666666667,0,0.5,
ProtectiveStop,rf_19_raw_window,42,9,209,186,1,9,11,20,0,0.03333333333333333,0,0.5,
ProtectiveStop,rf_19_raw_window,42,9,209,186,1,9,12,21,0,0.03666666666666667,0,0.5,
ProtectiveStop,rf_19_raw_window,42,9,209,186,1,9,13,22,0,0.03666666666666667,0,0.5,
ProtectiveStop,rf_19_raw_window,42,9,209,186,1,9,14,23,0,0.03666666666666667,0,0.5,
ProtectiveStop,rf_19_raw_window,42,9,210,187,1,9,0,9,1,0.91,1,0.5,
ProtectiveStop,rf_19_raw_window,42,9,210,187,1,9,1,10,1,0.9566666666666667,1,0.5,
ProtectiveStop,rf_19_raw_window,42,9,210,187,1,9,2,11,1,0.9833333333333333,1,0.5,
ProtectiveStop,rf_19_raw_window,42,9,210,187,1,9,3,12,1,0.9666666666666667,1,0.5,
ProtectiveStop,rf_19_raw_window,42,9,210,187,1,9,4,13,1,0.92,1,0.5,
ProtectiveStop,rf_19_raw_window,42,9,210,187,1,9,5,14,1,0.9033333333333333,1,0.5,
ProtectiveStop,rf_19_raw_window,42,9,210,187,1,9,6,15,1,0.7233333333333334,1,0.5,
ProtectiveStop,rf_19_raw_window,42,9,210,187,1,9,7,16,1,0.5133333333333333,1,0.5,
ProtectiveStop,rf_19_raw_window,42,9,210,187,1,9,8,17,1,0.5033333333333333,1,0.5,
ProtectiveStop,rf_19_raw_window,42,9,210,187,1,9,9,18,0,0.38333333333333336,0,0.5,
ProtectiveStop,rf_19_raw_window,42,9,210,187,1,9,10,19,0,0.33666666666666667,0,0.5,
ProtectiveStop,rf_19_raw_window,42,9,210,187,1,9,11,20,0,0.27666666666666667,0,0.5,
ProtectiveStop,rf_19_raw_window,42,9,210,187,1,9,12,21,0,0.23,0,0.5,
ProtectiveStop,rf_19_raw_window,42,9,210,187,1,9,13,22,0,0.016666666666666666,0,0.5,
ProtectiveStop,rf_19_raw_window,42,9,210,187,1,9,14,23,0,0.013333333333333334,0,0.5,
ProtectiveStop,rf_19_raw_window,42,9,210,187,1,9,15,24,0,0.02,0,0.5,
ProtectiveStop,rf_19_raw_window,42,9,210,187,1,9,16,25,0,0.013333333333333334,0,0.5,
ProtectiveStop,rf_19_raw_window,42,9,210,187,1,9,17,26,0,0.14,0,0.5,
ProtectiveStop,rf_19_raw_window,42,9,210,187,1,9,18,27,0,0.11666666666666667,0,0.5,
ProtectiveStop,rf_19_raw_window,42,9,210,187,1,9,19,28,0,0.1,0,0.5,
ProtectiveStop,rf_19_raw_window,42,9,210,187,1,9,20,29,0,0.09333333333333334,0,0.5,
ProtectiveStop,rf_19_raw_window,42,9,210,187,1,9,21,30,0,0.11,0,0.5,
ProtectiveStop,rf_19_raw_window,42,9,210,187,1,9,22,31,0,0.12,0,0.5,
ProtectiveStop,rf_19_raw_window,42,9,210,187,1,9,23,32,0,0.4766666666666667,0,0.5,
ProtectiveStop,rf_19_raw_window,42,9,210,187,1,9,24,33,0,0.41,0,0.5,
ProtectiveStop,rf_19_raw_window,42,9,210,187,1,9,25,34,0,0.45,0,0.5,
ProtectiveStop,rf_19_raw_window,42,9,210,187,1,9,26,35,0,0.47333333333333333,0,0.5,
ProtectiveStop,rf_19_raw_window,42,9,210,187,1,9,27,36,0,0.2733333333333333,0,0.5,
ProtectiveStop,rf_19_raw_window,42,9,210,187,1,9,28,37,0,0.27,0,0.5,
ProtectiveStop,rf_19_raw_window,42,9,210,187,1,9,29,38,0,0.043333333333333335,0,0.5,
ProtectiveStop,rf_19_raw_window,42,9,210,187,1,9,30,39,0,0.03666666666666667,0,0.5,
ProtectiveStop,rf_19_raw_window,42,9,210,187,1,9,31,40,0,0.04,0,0.5,
ProtectiveStop,rf_19_raw_window,42,9,210,187,1,9,32,41,0,0.03,0,0.5,
ProtectiveStop,rf_19_raw_window,42,9,210,187,1,9,33,42,0,0.02,0,0.5,
ProtectiveStop,rf_19_raw_window,42,9,210,187,1,9,34,43,0,0.02666666666666667,0,0.5,
ProtectiveStop,rf_19_raw_window,42,9,210,187,1,9,35,44,0,0.013333333333333334,0,0.5,
ProtectiveStop,rf_19_raw_window,42,9,210,187,1,9,36,45,0,0.02,0,0.5,
ProtectiveStop,rf_19_raw_window,42,9,210,187,1,9,37,46,0,0.023333333333333334,0,0.5,
ProtectiveStop,rf_19_raw_window,42,9,210,187,1,9,38,47,0,0.03,0,0.5,
ProtectiveStop,rf_19_raw_window,42,9,210,187,1,9,39,48,0,0.03666666666666667,0,0.5,
ProtectiveStop,rf_19_raw_window,42,9,210,187,1,9,40,49,0,0.07666666666666666,0,0.5,
ProtectiveStop,rf_19_raw_window,42,9,210,187,1,9,41,50,0,0.12333333333333334,0,0.5,
ProtectiveStop,rf_19_raw_window,42,9,210,187,1,9,42,51,0,0.21333333333333335,0,0.5,
ProtectiveStop,rf_19_raw_window,42,9,210,187,1,9,43,52,0,0.15,0,0.5,
ProtectiveStop,rf_19_raw_window,42,9,210,187,1,9,44,53,0,0.10666666666666667,0,0.5,
ProtectiveStop,rf_19_raw_window,42,9,210,187,1,9,45,54,0,0.07,0,0.5,
ProtectiveStop,rf_19_raw_window,42,9,210,187,1,9,46,55,0,0.043333333333333335,0,0.5,
ProtectiveStop,rf_19_raw_window,42,9,210,187,1,9,47,56,0,0.01,0,0.5,
ProtectiveStop,rf_19_raw_window,42,9,210,187,1,9,48,57,0,0.016666666666666666,0,0.5,
ProtectiveStop,rf_19_raw_window,42,9,211,188,1,9,0,9,0,0.22333333333333333,0,0.5,
ProtectiveStop,rf_19_raw_window,42,9,211,188,1,9,1,10,0,0.06333333333333334,0,0.5,
ProtectiveStop,rf_19_raw_window,42,9,211,188,1,9,2,11,0,0.04,0,0.5,
ProtectiveStop,rf_19_raw_window,42,9,211,188,1,9,3,12,0,0.03666666666666667,0,0.5,
ProtectiveStop,rf_19_raw_window,42,9,211,188,1,9,4,13,0,0.03666666666666667,0,0.5,
ProtectiveStop,rf_19_raw_window,42,9,211,188,1,9,5,14,0,0.03333333333333333,0,0.5,
ProtectiveStop,rf_19_raw_window,42,9,211,188,1,9,6,15,0,0.03333333333333333,0,0.5,
ProtectiveStop,rf_19_raw_window,42,9,211,188,1,9,7,16,0,0.03333333333333333,0,0.5,
ProtectiveStop,rf_19_raw_window,42,9,211,188,1,9,8,17,0,0.03,0,0.5,
ProtectiveStop,rf_19_raw_window,42,9,211,188,1,9,9,18,0,0.05333333333333334,0,0.5,
ProtectiveStop,rf_19_raw_window,42,9,211,188,1,9,10,19,0,0.056666666666666664,0,0.5,
ProtectiveStop,rf_19_raw_window,42,9,211,188,1,9,11,20,0,0.04666666666666667,0,0.5,
ProtectiveStop,rf_19_raw_window,42,9,211,188,1,9,12,21,0,0.02666666666666667,0,0.5,
ProtectiveStop,rf_19_raw_window,42,9,211,188,1,9,13,22,0,0.03333333333333333,0,0.5,
ProtectiveStop,rf_19_raw_window,42,9,211,188,1,9,14,23,0,0.03,0,0.5,
ProtectiveStop,rf_19_raw_window,42,9,212,189,1,9,0,9,1,0.85,1,0.5,
ProtectiveStop,rf_19_raw_window,42,9,212,189,1,9,1,10,1,0.9133333333333333,1,0.5,
ProtectiveStop,rf_19_raw_window,42,9,212,189,1,9,2,11,1,0.91,1,0.5,
ProtectiveStop,rf_19_raw_window,42,9,212,189,1,9,3,12,1,0.9633333333333334,1,0.5,
ProtectiveStop,rf_19_raw_window,42,9,212,189,1,9,4,13,1,0.8566666666666667,1,0.5,
ProtectiveStop,rf_19_raw_window,42,9,212,189,1,9,5,14,0,0.67,1,0.5,
ProtectiveStop,rf_19_raw_window,42,9,212,189,1,9,6,15,0,0.07666666666666666,0,0.5,
ProtectiveStop,rf_19_raw_window,42,9,212,189,1,9,7,16,0,0.06,0,0.5,
ProtectiveStop,rf_19_raw_window,42,9,212,189,1,9,8,17,0,0.043333333333333335,0,0.5,
ProtectiveStop,rf_19_raw_window,42,9,212,189,1,9,9,18,0,0.02666666666666667,0,0.5,
ProtectiveStop,rf_19_raw_window,42,9,212,189,1,9,10,19,0,0.02666666666666667,0,0.5,
ProtectiveStop,rf_19_raw_window,42,9,212,189,1,9,11,20,0,0.02666666666666667,0,0.5,
ProtectiveStop,rf_19_raw_window,42,9,212,189,1,9,12,21,0,0.02666666666666667,0,0.5,
ProtectiveStop,rf_19_raw_window,42,9,212,189,1,9,13,22,0,0.02666666666666667,0,0.5,
ProtectiveStop,rf_19_raw_window,42,9,212,189,1,9,14,23,0,0.03,0,0.5,
ProtectiveStop,rf_19_raw_window,42,9,212,189,1,9,15,24,0,0.02666666666666667,0,0.5,
ProtectiveStop,rf_19_raw_window,42,9,212,189,1,9,16,25,0,0.02666666666666667,0,0.5,
ProtectiveStop,rf_19_raw_window,42,9,212,189,1,9,17,26,0,0.02666666666666667,0,0.5,
ProtectiveStop,rf_19_raw_window,42,9,212,189,1,9,18,27,0,0.02666666666666667,0,0.5,
ProtectiveStop,rf_19_raw_window,42,9,213,190,1,9,0,9,0,0.23,0,0.5,
ProtectiveStop,rf_19_raw_window,42,9,213,190,1,9,1,10,0,0.27666666666666667,0,0.5,
ProtectiveStop,rf_19_raw_window,42,9,213,190,1,9,2,11,0,0.20333333333333334,0,0.5,
ProtectiveStop,rf_19_raw_window,42,9,213,190,1,9,3,12,0,0.15333333333333332,0,0.5,
ProtectiveStop,rf_19_raw_window,42,9,213,190,1,9,4,13,0,0.06,0,0.5,
ProtectiveStop,rf_19_raw_window,42,9,213,190,1,9,5,14,0,0.03666666666666667,0,0.5,
ProtectiveStop,rf_19_raw_window,42,9,213,190,1,9,6,15,0,0.02666666666666667,0,0.5,
ProtectiveStop,rf_19_raw_window,42,9,213,190,1,9,7,16,0,0.03333333333333333,0,0.5,
ProtectiveStop,rf_19_raw_window,42,9,213,190,1,9,8,17,0,0.08333333333333333,0,0.5,
ProtectiveStop,rf_19_raw_window,42,9,213,190,1,9,9,18,0,0.06333333333333334,0,0.5,
ProtectiveStop,rf_19_raw_window,42,9,213,190,1,9,10,19,0,0.06,0,0.5,
ProtectiveStop,rf_19_raw_window,42,9,213,190,1,9,11,20,0,0.04,0,0.5,
ProtectiveStop,rf_19_raw_window,42,9,213,190,1,9,12,21,0,0.03666666666666667,0,0.5,
ProtectiveStop,rf_19_raw_window,42,9,213,190,1,9,13,22,0,0.023333333333333334,0,0.5,
ProtectiveStop,rf_19_raw_window,42,9,213,190,1,9,14,23,0,0.05,0,0.5,
ProtectiveStop,rf_19_raw_window,42,9,214,191,1,9,0,9,1,0.8433333333333334,1,0.5,
ProtectiveStop,rf_19_raw_window,42,9,214,191,1,9,1,10,1,0.85,1,0.5,
ProtectiveStop,rf_19_raw_window,42,9,214,191,1,9,2,11,1,0.8733333333333333,1,0.5,
ProtectiveStop,rf_19_raw_window,42,9,214,191,1,9,3,12,1,0.8866666666666667,1,0.5,
ProtectiveStop,rf_19_raw_window,42,9,214,191,1,9,4,13,1,0.8433333333333334,1,0.5,
ProtectiveStop,rf_19_raw_window,42,9,214,191,1,9,5,14,1,0.6366666666666667,1,0.5,
ProtectiveStop,rf_19_raw_window,42,9,214,191,1,9,6,15,1,0.7066666666666667,1,0.5,
ProtectiveStop,rf_19_raw_window,42,9,214,191,1,9,7,16,1,0.6033333333333334,1,0.5,
ProtectiveStop,rf_19_raw_window,42,9,214,191,1,9,8,17,0,0.5533333333333333,1,0.5,
ProtectiveStop,rf_19_raw_window,42,9,214,191,1,9,9,18,0,0.52,1,0.5,
ProtectiveStop,rf_19_raw_window,42,9,214,191,1,9,10,19,0,0.44333333333333336,0,0.5,
ProtectiveStop,rf_19_raw_window,42,9,214,191,1,9,11,20,0,0.42333333333333334,0,0.5,
ProtectiveStop,rf_19_raw_window,42,9,214,191,1,9,12,21,0,0.08333333333333333,0,0.5,
ProtectiveStop,rf_19_raw_window,42,9,214,191,1,9,13,22,0,0.08666666666666667,0,0.5,
ProtectiveStop,rf_19_raw_window,42,9,214,191,1,9,14,23,0,0.08333333333333333,0,0.5,
ProtectiveStop,rf_19_raw_window,42,9,214,191,1,9,15,24,0,0.07666666666666666,0,0.5,
ProtectiveStop,rf_19_raw_window,42,9,214,191,1,9,16,25,0,0.14333333333333334,0,0.5,
ProtectiveStop,rf_19_raw_window,42,9,214,191,1,9,17,26,0,0.13333333333333333,0,0.5,
ProtectiveStop,rf_19_raw_window,42,9,214,191,1,9,18,27,0,0.18,0,0.5,
ProtectiveStop,rf_19_raw_window,42,9,214,191,1,9,19,28,0,0.07333333333333333,0,0.5,
ProtectiveStop,rf_19_raw_window,42,9,214,191,1,9,20,29,0,0.016666666666666666,0,0.5,
ProtectiveStop,rf_19_raw_window,42,9,214,191,1,9,21,30,0,0.03666666666666667,0,0.5,
ProtectiveStop,rf_19_raw_window,42,9,214,191,1,9,22,31,0,0.013333333333333334,0,0.5,
ProtectiveStop,rf_19_raw_window,42,9,214,191,1,9,23,32,0,0.013333333333333334,0,0.5,
ProtectiveStop,rf_19_raw_window,42,9,214,191,1,9,24,33,0,0.013333333333333334,0,0.5,
ProtectiveStop,rf_19_raw_window,42,9,214,191,1,9,25,34,0,0.01,0,0.5,
ProtectiveStop,rf_19_raw_window,42,9,214,191,1,9,26,35,0,0.013333333333333334,0,0.5,
ProtectiveStop,rf_19_raw_window,42,9,214,191,1,9,27,36,0,0.023333333333333334,0,0.5,
ProtectiveStop,rf_19_raw_window,42,9,214,191,1,9,28,37,0,0.01,0,0.5,
ProtectiveStop,rf_19_raw_window,42,9,214,191,1,9,29,38,0,0.01,0,0.5,
ProtectiveStop,rf_19_raw_window,42,9,214,191,1,9,30,39,0,0.01,0,0.5,
ProtectiveStop,rf_19_raw_window,42,9,214,191,1,9,31,40,0,0.013333333333333334,0,0.5,
ProtectiveStop,rf_19_raw_window,42,9,214,191,1,9,32,41,0,0.02,0,0.5,
ProtectiveStop,rf_19_raw_window,42,9,214,191,1,9,33,42,0,0.02666666666666667,0,0.5,
ProtectiveStop,rf_19_raw_window,42,9,214,191,1,9,34,43,0,0.03,0,0.5,
ProtectiveStop,rf_19_raw_window,42,9,214,191,1,9,35,44,0,0.15333333333333332,0,0.5,
ProtectiveStop,rf_19_raw_window,42,9,214,191,1,9,36,45,0,0.13,0,0.5,
ProtectiveStop,rf_19_raw_window,42,9,214,191,1,9,37,46,0,0.08666666666666667,0,0.5,
ProtectiveStop,rf_19_raw_window,42,9,214,191,1,9,38,47,0,0.06666666666666667,0,0.5,
ProtectiveStop,rf_19_raw_window,42,9,214,191,1,9,39,48,0,0.02,0,0.5,
ProtectiveStop,rf_19_raw_window,42,9,215,192,1,9,0,9,0,0.18666666666666668,0,0.5,
ProtectiveStop,rf_19_raw_window,42,9,215,192,1,9,1,10,0,0.20666666666666667,0,0.5,
ProtectiveStop,rf_19_raw_window,42,9,215,192,1,9,2,11,0,0.08666666666666667,0,0.5,
ProtectiveStop,rf_19_raw_window,42,9,215,192,1,9,3,12,0,0.03,0,0.5,
ProtectiveStop,rf_19_raw_window,42,9,215,192,1,9,4,13,0,0.03333333333333333,0,0.5,
ProtectiveStop,rf_19_raw_window,42,9,215,192,1,9,5,14,0,0.023333333333333334,0,0.5,
ProtectiveStop,rf_19_raw_window,42,9,215,192,1,9,6,15,0,0.016666666666666666,0,0.5,
ProtectiveStop,rf_19_raw_window,42,9,215,192,1,9,7,16,0,0.016666666666666666,0,0.5,
ProtectiveStop,rf_19_raw_window,42,9,215,192,1,9,8,17,0,0.02,0,0.5,
ProtectiveStop,rf_19_raw_window,42,9,215,192,1,9,9,18,0,0.023333333333333334,0,0.5,
ProtectiveStop,rf_19_raw_window,42,9,215,192,1,9,10,19,0,0.023333333333333334,0,0.5,
ProtectiveStop,rf_19_raw_window,42,9,215,192,1,9,11,20,1,0.06333333333333334,0,0.5,
ProtectiveStop,rf_19_raw_window,42,9,215,192,1,9,12,21,1,0.03,0,0.5,
ProtectiveStop,rf_19_raw_window,42,9,215,192,1,9,13,22,1,0.02,0,0.5,
ProtectiveStop,rf_19_raw_window,42,9,215,192,1,9,14,23,1,0.02,0,0.5,
ProtectiveStop,rf_19_raw_window,42,9,215,192,1,9,15,24,1,0.09666666666666666,0,0.5,
ProtectiveStop,rf_19_raw_window,42,9,215,192,1,9,16,25,1,0.1,0,0.5,
ProtectiveStop,rf_19_raw_window,42,9,215,192,1,9,17,26,1,0.10666666666666667,0,0.5,
ProtectiveStop,rf_19_raw_window,42,9,215,192,1,9,18,27,1,0.5,0,0.5,
ProtectiveStop,rf_19_raw_window,42,9,215,192,1,9,19,28,1,0.53,1,0.5,
ProtectiveStop,rf_19_raw_window,42,9,215,192,1,9,20,29,1,0.5833333333333334,1,0.5,
ProtectiveStop,rf_19_raw_window,42,9,215,192,1,9,21,30,1,0.51,1,0.5,
ProtectiveStop,rf_19_raw_window,42,9,215,192,1,9,22,31,1,0.37,0,0.5,
ProtectiveStop,rf_19_raw_window,42,9,215,192,1,9,23,32,0,0.34,0,0.5,
ProtectiveStop,rf_19_raw_window,42,9,215,192,1,9,24,33,0,0.21,0,0.5,
ProtectiveStop,rf_19_raw_window,42,9,215,192,1,9,25,34,0,0.19333333333333333,0,0.5,
ProtectiveStop,rf_19_raw_window,42,9,215,192,1,9,26,35,0,0.18666666666666668,0,0.5,
ProtectiveStop,rf_19_raw_window,42,9,215,192,1,9,27,36,0,0.19666666666666666,0,0.5,
ProtectiveStop,rf_19_raw_window,42,9,215,192,1,9,28,37,0,0.12333333333333334,0,0.5,
ProtectiveStop,rf_19_raw_window,42,9,215,192,1,9,29,38,0,0.09666666666666666,0,0.5,
ProtectiveStop,rf_19_raw_window,42,9,215,192,1,9,30,39,0,0.08333333333333333,0,0.5,
ProtectiveStop,rf_19_raw_window,42,9,216,193,1,9,0,9,0,0.07666666666666666,0,0.5,
ProtectiveStop,rf_19_raw_window,42,9,216,193,1,9,1,10,0,0.07666666666666666,0,0.5,
ProtectiveStop,rf_19_raw_window,42,9,216,193,1,9,2,11,0,0.07333333333333333,0,0.5,
ProtectiveStop,rf_19_raw_window,42,9,216,193,1,9,3,12,0,0.08,0,0.5,
ProtectiveStop,rf_19_raw_window,42,9,216,193,1,9,4,13,0,0.1,0,0.5,
ProtectiveStop,rf_19_raw_window,42,9,216,193,1,9,5,14,0,0.07333333333333333,0,0.5,
ProtectiveStop,rf_19_raw_window,42,9,216,193,1,9,6,15,0,0.05,0,0.5,
ProtectiveStop,rf_19_raw_window,42,9,216,193,1,9,7,16,0,0.05,0,0.5,
ProtectiveStop,rf_19_raw_window,42,9,216,193,1,9,8,17,0,0.05,0,0.5,
ProtectiveStop,rf_19_raw_window,42,9,216,193,1,9,9,18,0,0.03666666666666667,0,0.5,
ProtectiveStop,rf_19_raw_window,42,9,216,193,1,9,10,19,0,0.14,0,0.5,
ProtectiveStop,rf_19_raw_window,42,9,216,193,1,9,11,20,0,0.15666666666666668,0,0.5,
ProtectiveStop,rf_19_raw_window,42,9,216,193,1,9,12,21,0,0.05333333333333334,0,0.5,
ProtectiveStop,rf_19_raw_window,42,9,216,193,1,9,13,22,0,0.07,0,0.5,
ProtectiveStop,rf_19_raw_window,42,9,216,193,1,9,14,23,0,0.07666666666666666,0,0.5,
ProtectiveStop,rf_19_raw_window,42,9,216,193,1,9,15,24,0,0.20666666666666667,0,0.5,
ProtectiveStop,rf_19_raw_window,42,9,217,194,1,9,0,9,1,0.72,1,0.5,
ProtectiveStop,rf_19_raw_window,42,9,217,194,1,9,1,10,1,0.59,1,0.5,
ProtectiveStop,rf_19_raw_window,42,9,217,194,1,9,2,11,1,0.65,1,0.5,
ProtectiveStop,rf_19_raw_window,42,9,217,194,1,9,3,12,1,0.5966666666666667,1,0.5,
ProtectiveStop,rf_19_raw_window,42,9,217,194,1,9,4,13,0,0.3466666666666667,0,0.5,
ProtectiveStop,rf_19_raw_window,42,9,217,194,1,9,5,14,0,0.34,0,0.5,
ProtectiveStop,rf_19_raw_window,42,9,217,194,1,9,6,15,0,0.04,0,0.5,
ProtectiveStop,rf_19_raw_window,42,9,217,194,1,9,7,16,0,0.05,0,0.5,
ProtectiveStop,rf_19_raw_window,42,9,217,194,1,9,8,17,0,0.04,0,0.5,
ProtectiveStop,rf_19_raw_window,42,9,217,194,1,9,9,18,0,0.07333333333333333,0,0.5,
ProtectiveStop,rf_19_raw_window,42,9,217,194,1,9,10,19,0,0.08,0,0.5,
ProtectiveStop,rf_19_raw_window,42,9,217,194,1,9,11,20,0,0.16333333333333333,0,0.5,
ProtectiveStop,rf_19_raw_window,42,9,217,194,1,9,12,21,0,0.15333333333333332,0,0.5,
ProtectiveStop,rf_19_raw_window,42,9,217,194,1,9,13,22,0,0.25333333333333335,0,0.5,
ProtectiveStop,rf_19_raw_window,42,9,217,194,1,9,14,23,0,0.31666666666666665,0,0.5,
ProtectiveStop,rf_19_raw_window,42,9,217,194,1,9,15,24,0,0.31666666666666665,0,0.5,
ProtectiveStop,rf_19_raw_window,42,9,217,194,1,9,16,25,0,0.19333333333333333,0,0.5,
ProtectiveStop,rf_19_raw_window,42,9,218,195,1,9,0,9,1,0.6766666666666666,1,0.5,
ProtectiveStop,rf_19_raw_window,42,9,218,195,1,9,1,10,1,0.64,1,0.5,
ProtectiveStop,rf_19_raw_window,42,9,218,195,1,9,2,11,1,0.65,1,0.5,
ProtectiveStop,rf_19_raw_window,42,9,218,195,1,9,3,12,1,0.8366666666666667,1,0.5,
ProtectiveStop,rf_19_raw_window,42,9,218,195,1,9,4,13,1,0.5466666666666666,1,0.5,
ProtectiveStop,rf_19_raw_window,42,9,218,195,1,9,5,14,0,0.08,0,0.5,
ProtectiveStop,rf_19_raw_window,42,9,218,195,1,9,6,15,0,0.03,0,0.5,
ProtectiveStop,rf_19_raw_window,42,9,218,195,1,9,7,16,0,0.043333333333333335,0,0.5,
ProtectiveStop,rf_19_raw_window,42,9,218,195,1,9,8,17,0,0.016666666666666666,0,0.5,
ProtectiveStop,rf_19_raw_window,42,9,218,195,1,9,9,18,0,0.016666666666666666,0,0.5,
ProtectiveStop,rf_19_raw_window,42,9,218,195,1,9,10,19,0,0.013333333333333334,0,0.5,
ProtectiveStop,rf_19_raw_window,42,9,218,195,1,9,11,20,0,0.013333333333333334,0,0.5,
ProtectiveStop,rf_19_raw_window,42,9,218,195,1,9,12,21,0,0.016666666666666666,0,0.5,
ProtectiveStop,rf_19_raw_window,42,9,218,195,1,9,13,22,0,0.02666666666666667,0,0.5,
ProtectiveStop,rf_19_raw_window,42,9,218,195,1,9,14,23,0,0.023333333333333334,0,0.5,
ProtectiveStop,rf_19_raw_window,42,9,218,195,1,9,15,24,0,0.02,0,0.5,
ProtectiveStop,rf_19_raw_window,42,9,218,195,1,9,16,25,0,0.016666666666666666,0,0.5,
ProtectiveStop,rf_19_raw_window,42,9,218,195,1,9,17,26,0,0.023333333333333334,0,0.5,
ProtectiveStop,rf_19_raw_window,42,9,219,196,1,9,0,9,1,0.5466666666666666,1,0.5,
ProtectiveStop,rf_19_raw_window,42,9,219,196,1,9,1,10,1,0.69,1,0.5,
ProtectiveStop,rf_19_raw_window,42,9,219,196,1,9,2,11,1,0.6766666666666666,1,0.5,
ProtectiveStop,rf_19_raw_window,42,9,219,196,1,9,3,12,1,0.79,1,0.5,
ProtectiveStop,rf_19_raw_window,42,9,219,196,1,9,4,13,1,0.7166666666666667,1,0.5,
ProtectiveStop,rf_19_raw_window,42,9,219,196,1,9,5,14,1,0.6733333333333333,1,0.5,
ProtectiveStop,rf_19_raw_window,42,9,219,196,1,9,6,15,1,0.67,1,0.5,
ProtectiveStop,rf_19_raw_window,42,9,219,196,1,9,7,16,1,0.7733333333333333,1,0.5,
ProtectiveStop,rf_19_raw_window,42,9,219,196,1,9,8,17,1,0.3566666666666667,0,0.5,
ProtectiveStop,rf_19_raw_window,42,9,219,196,1,9,9,18,0,0.22666666666666666,0,0.5,
ProtectiveStop,rf_19_raw_window,42,9,219,196,1,9,10,19,0,0.06666666666666667,0,0.5,
ProtectiveStop,rf_19_raw_window,42,9,219,196,1,9,11,20,0,0.04666666666666667,0,0.5,
ProtectiveStop,rf_19_raw_window,42,9,219,196,1,9,12,21,0,0.04,0,0.5,
ProtectiveStop,rf_19_raw_window,42,9,219,196,1,9,13,22,0,0.02666666666666667,0,0.5,
ProtectiveStop,rf_19_raw_window,42,9,219,196,1,9,14,23,0,0.023333333333333334,0,0.5,
ProtectiveStop,rf_19_raw_window,42,9,219,196,1,9,15,24,0,0.023333333333333334,0,0.5,
ProtectiveStop,rf_19_raw_window,42,9,219,196,1,9,16,25,0,0.02,0,0.5,
ProtectiveStop,rf_19_raw_window,42,9,219,196,1,9,17,26,0,0.03333333333333333,0,0.5,
ProtectiveStop,rf_19_raw_window,42,9,219,196,1,9,18,27,0,0.02,0,0.5,
ProtectiveStop,rf_19_raw_window,42,9,219,196,1,9,19,28,0,0.02666666666666667,0,0.5,
ProtectiveStop,rf_19_raw_window,42,9,219,196,1,9,20,29,0,0.01,0,0.5,
ProtectiveStop,rf_19_raw_window,42,9,219,196,1,9,21,30,0,0.013333333333333334,0,0.5,
ProtectiveStop,rf_19_raw_window,42,9,219,196,1,9,22,31,0,0.016666666666666666,0,0.5,
ProtectiveStop,rf_19_raw_window,42,9,220,197,1,9,0,9,0,0.23333333333333334,0,0.5,
ProtectiveStop,rf_19_raw_window,42,9,220,197,1,9,1,10,0,0.36333333333333334,0,0.5,
ProtectiveStop,rf_19_raw_window,42,9,220,197,1,9,2,11,0,0.09333333333333334,0,0.5,
ProtectiveStop,rf_19_raw_window,42,9,220,197,1,9,3,12,0,0.06666666666666667,0,0.5,
ProtectiveStop,rf_19_raw_window,42,9,220,197,1,9,4,13,0,0.05333333333333334,0,0.5,
ProtectiveStop,rf_19_raw_window,42,9,220,197,1,9,5,14,0,0.023333333333333334,0,0.5,
ProtectiveStop,rf_19_raw_window,42,9,220,197,1,9,6,15,0,0.03,0,0.5,
ProtectiveStop,rf_19_raw_window,42,9,220,197,1,9,7,16,0,0.03333333333333333,0,0.5,
ProtectiveStop,rf_19_raw_window,42,9,220,197,1,9,8,17,0,0.02,0,0.5,
ProtectiveStop,rf_19_raw_window,42,9,220,197,1,9,9,18,0,0.016666666666666666,0,0.5,
ProtectiveStop,rf_19_raw_window,42,9,220,197,1,9,10,19,0,0.01,0,0.5,
ProtectiveStop,rf_19_raw_window,42,9,220,197,1,9,11,20,1,0.05,0,0.5,
ProtectiveStop,rf_19_raw_window,42,9,220,197,1,9,12,21,1,0.03,0,0.5,
ProtectiveStop,rf_19_raw_window,42,9,220,197,1,9,13,22,1,0.05333333333333334,0,0.5,
ProtectiveStop,rf_19_raw_window,42,9,220,197,1,9,14,23,1,0.16666666666666666,0,0.5,
ProtectiveStop,rf_19_raw_window,42,9,220,197,1,9,15,24,1,0.31333333333333335,0,0.5,
ProtectiveStop,rf_19_raw_window,42,9,220,197,1,9,16,25,1,0.37666666666666665,0,0.5,
ProtectiveStop,rf_19_raw_window,42,9,220,197,1,9,17,26,1,0.4166666666666667,0,0.5,
ProtectiveStop,rf_19_raw_window,42,9,220,197,1,9,18,27,1,0.7066666666666667,1,0.5,
ProtectiveStop,rf_19_raw_window,42,9,220,197,1,9,19,28,1,0.7766666666666666,1,0.5,
ProtectiveStop,rf_19_raw_window,42,9,220,197,1,9,20,29,1,0.4666666666666667,0,0.5,
ProtectiveStop,rf_19_raw_window,42,9,220,197,1,9,21,30,1,0.4166666666666667,0,0.5,
ProtectiveStop,rf_19_raw_window,42,9,220,197,1,9,22,31,0,0.4033333333333333,0,0.5,
ProtectiveStop,rf_19_raw_window,42,9,220,197,1,9,23,32,0,0.34,0,0.5,
ProtectiveStop,rf_19_raw_window,42,9,220,197,1,9,24,33,0,0.12666666666666668,0,0.5,
ProtectiveStop,rf_19_raw_window,42,9,220,197,1,9,25,34,0,0.12,0,0.5,
ProtectiveStop,rf_19_raw_window,42,9,220,197,1,9,26,35,0,0.10666666666666667,0,0.5,
ProtectiveStop,rf_19_raw_window,42,9,220,197,1,9,27,36,0,0.12333333333333334,0,0.5,
ProtectiveStop,rf_19_raw_window,42,9,220,197,1,9,28,37,0,0.09666666666666666,0,0.5,
ProtectiveStop,rf_19_raw_window,42,9,220,197,1,9,29,38,0,0.15666666666666668,0,0.5,
ProtectiveStop,rf_19_raw_window,42,9,220,197,1,9,30,39,0,0.3566666666666667,0,0.5,
ProtectiveStop,rf_19_raw_window,42,9,220,197,1,9,31,40,0,0.37666666666666665,0,0.5,
ProtectiveStop,rf_19_raw_window,42,9,221,198,1,9,0,9,0,0.01,0,0.5,
ProtectiveStop,rf_19_raw_window,42,9,221,198,1,9,1,10,0,0.01,0,0.5,
ProtectiveStop,rf_19_raw_window,42,9,221,198,1,9,2,11,0,0.01,0,0.5,
ProtectiveStop,rf_19_raw_window,42,9,221,198,1,9,3,12,0,0.013333333333333334,0,0.5,
ProtectiveStop,rf_19_raw_window,42,9,221,198,1,9,4,13,0,0.01,0,0.5,
ProtectiveStop,rf_19_raw_window,42,9,221,198,1,9,5,14,0,0.016666666666666666,0,0.5,
ProtectiveStop,rf_19_raw_window,42,9,221,198,1,9,6,15,0,0.013333333333333334,0,0.5,
ProtectiveStop,rf_19_raw_window,42,9,221,198,1,9,7,16,0,0.02666666666666667,0,0.5,
ProtectiveStop,rf_19_raw_window,42,9,221,198,1,9,8,17,1,0.04,0,0.5,
ProtectiveStop,rf_19_raw_window,42,9,221,198,1,9,9,18,1,0.09666666666666666,0,0.5,
ProtectiveStop,rf_19_raw_window,42,9,221,198,1,9,10,19,1,0.15333333333333332,0,0.5,
ProtectiveStop,rf_19_raw_window,42,9,221,198,1,9,11,20,1,0.14333333333333334,0,0.5,
ProtectiveStop,rf_19_raw_window,42,9,221,198,1,9,12,21,1,0.2866666666666667,0,0.5,
ProtectiveStop,rf_19_raw_window,42,9,221,198,1,9,13,22,1,0.3233333333333333,0,0.5,
ProtectiveStop,rf_19_raw_window,42,9,221,198,1,9,14,23,1,0.42333333333333334,0,0.5,
ProtectiveStop,rf_19_raw_window,42,9,221,198,1,9,15,24,1,0.45666666666666667,0,0.5,
ProtectiveStop,rf_19_raw_window,42,9,221,198,1,9,16,25,1,0.36333333333333334,0,0.5,
ProtectiveStop,rf_19_raw_window,42,9,221,198,1,9,17,26,1,0.2966666666666667,0,0.5,
ProtectiveStop,rf_19_raw_window,42,9,221,198,1,9,18,27,1,0.2833333333333333,0,0.5,
ProtectiveStop,rf_19_raw_window,42,9,222,199,1,9,0,9,1,0.96,1,0.5,
ProtectiveStop,rf_19_raw_window,42,9,222,199,1,9,1,10,1,0.92,1,0.5,
ProtectiveStop,rf_19_raw_window,42,9,222,199,1,9,2,11,1,0.9466666666666667,1,0.5,
ProtectiveStop,rf_19_raw_window,42,9,222,199,1,9,3,12,1,0.82,1,0.5,
ProtectiveStop,rf_19_raw_window,42,9,222,199,1,9,4,13,0,0.22666666666666666,0,0.5,
ProtectiveStop,rf_19_raw_window,42,9,222,199,1,9,5,14,0,0.04666666666666667,0,0.5,
ProtectiveStop,rf_19_raw_window,42,9,222,199,1,9,6,15,0,0.02,0,0.5,
ProtectiveStop,rf_19_raw_window,42,9,222,199,1,9,7,16,0,0.016666666666666666,0,0.5,
ProtectiveStop,rf_19_raw_window,42,9,222,199,1,9,8,17,0,0.02,0,0.5,
ProtectiveStop,rf_19_raw_window,42,9,222,199,1,9,9,18,0,0.016666666666666666,0,0.5,
ProtectiveStop,rf_19_raw_window,42,9,222,199,1,9,10,19,0,0.016666666666666666,0,0.5,
ProtectiveStop,rf_19_raw_window,42,9,222,199,1,9,11,20,0,0.01,0,0.5,
ProtectiveStop,rf_19_raw_window,42,9,222,199,1,9,12,21,0,0.01,0,0.5,
ProtectiveStop,rf_19_raw_window,42,9,222,199,1,9,13,22,0,0.01,0,0.5,
ProtectiveStop,rf_19_raw_window,42,9,222,199,1,9,14,23,0,0.01,0,0.5,
ProtectiveStop,rf_19_raw_window,42,9,222,199,1,9,15,24,0,0.01,0,0.5,
ProtectiveStop,rf_19_raw_window,42,9,222,199,1,9,16,25,0,0.01,0,0.5,
ProtectiveStop,rf_19_raw_window,42,9,222,199,1,9,17,26,0,0.013333333333333334,0,0.5,
ProtectiveStop,rf_19_raw_window,42,9,223,200,1,9,0,9,1,0.8233333333333334,1,0.5,
ProtectiveStop,rf_19_raw_window,42,9,223,200,1,9,1,10,1,0.8266666666666667,1,0.5,
ProtectiveStop,rf_19_raw_window,42,9,223,200,1,9,2,11,1,0.8066666666666666,1,0.5,
ProtectiveStop,rf_19_raw_window,42,9,223,200,1,9,3,12,1,0.97,1,0.5,
ProtectiveStop,rf_19_raw_window,42,9,223,200,1,9,4,13,1,0.8933333333333333,1,0.5,
ProtectiveStop,rf_19_raw_window,42,9,223,200,1,9,5,14,1,0.47333333333333333,0,0.5,
ProtectiveStop,rf_19_raw_window,42,9,223,200,1,9,6,15,0,0.14333333333333334,0,0.5,
ProtectiveStop,rf_19_raw_window,42,9,223,200,1,9,7,16,0,0.02666666666666667,0,0.5,
ProtectiveStop,rf_19_raw_window,42,9,223,200,1,9,8,17,0,0.03,0,0.5,
ProtectiveStop,rf_19_raw_window,42,9,223,200,1,9,9,18,0,0.013333333333333334,0,0.5,
ProtectiveStop,rf_19_raw_window,42,9,223,200,1,9,10,19,0,0.013333333333333334,0,0.5,
ProtectiveStop,rf_19_raw_window,42,9,223,200,1,9,11,20,0,0.013333333333333334,0,0.5,
ProtectiveStop,rf_19_raw_window,42,9,223,200,1,9,12,21,0,0.013333333333333334,0,0.5,
ProtectiveStop,rf_19_raw_window,42,9,223,200,1,9,13,22,0,0.023333333333333334,0,0.5,
ProtectiveStop,rf_19_raw_window,42,9,223,200,1,9,14,23,0,0.023333333333333334,0,0.5,
ProtectiveStop,rf_19_raw_window,42,9,223,200,1,9,15,24,0,0.02,0,0.5,
ProtectiveStop,rf_19_raw_window,42,9,223,200,1,9,16,25,0,0.01,0,0.5,
ProtectiveStop,rf_19_raw_window,42,9,223,200,1,9,17,26,0,0.013333333333333334,0,0.5,
ProtectiveStop,rf_19_raw_window,42,9,223,200,1,9,18,27,0,0.013333333333333334,0,0.5,
ProtectiveStop,rf_19_raw_window,42,9,224,201,1,9,0,9,1,0.9266666666666666,1,0.5,
ProtectiveStop,rf_19_raw_window,42,9,224,201,1,9,1,10,1,0.9533333333333334,1,0.5,
ProtectiveStop,rf_19_raw_window,42,9,224,201,1,9,2,11,1,0.9466666666666667,1,0.5,
ProtectiveStop,rf_19_raw_window,42,9,224,201,1,9,3,12,1,0.9333333333333333,1,0.5,
ProtectiveStop,rf_19_raw_window,42,9,224,201,1,9,4,13,1,0.8133333333333334,1,0.5,
ProtectiveStop,rf_19_raw_window,42,9,224,201,1,9,5,14,1,0.7666666666666667,1,0.5,
ProtectiveStop,rf_19_raw_window,42,9,224,201,1,9,6,15,0,0.06333333333333334,0,0.5,
ProtectiveStop,rf_19_raw_window,42,9,224,201,1,9,7,16,0,0.03666666666666667,0,0.5,
ProtectiveStop,rf_19_raw_window,42,9,224,201,1,9,8,17,0,0.023333333333333334,0,0.5,
ProtectiveStop,rf_19_raw_window,42,9,224,201,1,9,9,18,0,0.03,0,0.5,
ProtectiveStop,rf_19_raw_window,42,9,224,201,1,9,10,19,0,0.02,0,0.5,
ProtectiveStop,rf_19_raw_window,42,9,224,201,1,9,11,20,0,0.03,0,0.5,
ProtectiveStop,rf_19_raw_window,42,9,224,201,1,9,12,21,0,0.016666666666666666,0,0.5,
ProtectiveStop,rf_19_raw_window,42,9,224,201,1,9,13,22,0,0.006666666666666667,0,0.5,
ProtectiveStop,rf_19_raw_window,42,9,224,201,1,9,14,23,0,0.013333333333333334,0,0.5,
ProtectiveStop,rf_19_raw_window,42,9,224,201,1,9,15,24,0,0.016666666666666666,0,0.5,
ProtectiveStop,rf_19_raw_window,42,9,224,201,1,9,16,25,0,0.016666666666666666,0,0.5,
ProtectiveStop,rf_19_raw_window,42,9,224,201,1,9,17,26,0,0.016666666666666666,0,0.5,
ProtectiveStop,rf_19_raw_window,42,9,224,201,1,9,18,27,0,0.023333333333333334,0,0.5,
ProtectiveStop,rf_19_raw_window,42,9,225,202,1,9,0,9,1,0.8433333333333334,1,0.5,
ProtectiveStop,rf_19_raw_window,42,9,225,202,1,9,1,10,1,0.8566666666666667,1,0.5,
ProtectiveStop,rf_19_raw_window,42,9,225,202,1,9,2,11,1,0.8433333333333334,1,0.5,
ProtectiveStop,rf_19_raw_window,42,9,225,202,1,9,3,12,1,0.9333333333333333,1,0.5,
ProtectiveStop,rf_19_raw_window,42,9,225,202,1,9,4,13,1,0.7933333333333333,1,0.5,
ProtectiveStop,rf_19_raw_window,42,9,225,202,1,9,5,14,1,0.5366666666666666,1,0.5,
ProtectiveStop,rf_19_raw_window,42,9,225,202,1,9,6,15,0,0.056666666666666664,0,0.5,
ProtectiveStop,rf_19_raw_window,42,9,225,202,1,9,7,16,0,0.04666666666666667,0,0.5,
ProtectiveStop,rf_19_raw_window,42,9,225,202,1,9,8,17,0,0.04,0,0.5,
ProtectiveStop,rf_19_raw_window,42,9,225,202,1,9,9,18,0,0.03,0,0.5,
ProtectiveStop,rf_19_raw_window,42,9,225,202,1,9,10,19,0,0.006666666666666667,0,0.5,
ProtectiveStop,rf_19_raw_window,42,9,225,202,1,9,11,20,0,0.01,0,0.5,
ProtectiveStop,rf_19_raw_window,42,9,225,202,1,9,12,21,0,0.02,0,0.5,
ProtectiveStop,rf_19_raw_window,42,9,225,202,1,9,13,22,0,0.023333333333333334,0,0.5,
ProtectiveStop,rf_19_raw_window,42,9,225,202,1,9,14,23,0,0.03333333333333333,0,0.5,
ProtectiveStop,rf_19_raw_window,42,9,225,202,1,9,15,24,0,0.043333333333333335,0,0.5,
ProtectiveStop,rf_19_raw_window,42,9,225,202,1,9,16,25,0,0.023333333333333334,0,0.5,
ProtectiveStop,rf_19_raw_window,42,9,225,202,1,9,17,26,0,0.023333333333333334,0,0.5,
ProtectiveStop,rf_19_raw_window,42,9,225,202,1,9,18,27,0,0.02666666666666667,0,0.5,
ProtectiveStop,rf_19_raw_window,42,9,224,210,2,9,0,9,1,0.8766666666666667,1,0.5,
ProtectiveStop,rf_19_raw_window,42,9,224,210,2,9,1,10,1,0.9066666666666666,1,0.5,
ProtectiveStop,rf_19_raw_window,42,9,224,210,2,9,2,11,1,0.9133333333333333,1,0.5,
ProtectiveStop,rf_19_raw_window,42,9,224,210,2,9,3,12,1,0.9,1,0.5,
ProtectiveStop,rf_19_raw_window,42,9,224,210,2,9,4,13,1,0.9133333333333333,1,0.5,
ProtectiveStop,rf_19_raw_window,42,9,224,210,2,9,5,14,0,0.5266666666666666,1,0.5,
ProtectiveStop,rf_19_raw_window,42,9,224,210,2,9,6,15,0,0.4166666666666667,0,0.5,
ProtectiveStop,rf_19_raw_window,42,9,224,210,2,9,7,16,0,0.09666666666666666,0,0.5,
ProtectiveStop,rf_19_raw_window,42,9,224,210,2,9,8,17,0,0.04,0,0.5,
ProtectiveStop,rf_19_raw_window,42,9,224,210,2,9,9,18,0,0.03333333333333333,0,0.5,
ProtectiveStop,rf_19_raw_window,42,9,224,210,2,9,10,19,0,0.03,0,0.5,
ProtectiveStop,rf_19_raw_window,42,9,224,210,2,9,11,20,0,0.023333333333333334,0,0.5,
ProtectiveStop,rf_19_raw_window,42,9,224,210,2,9,12,21,0,0.006666666666666667,0,0.5,
ProtectiveStop,rf_19_raw_window,42,9,224,210,2,9,13,22,0,0.013333333333333334,0,0.5,
ProtectiveStop,rf_19_raw_window,42,9,224,210,2,9,14,23,0,0.013333333333333334,0,0.5,
ProtectiveStop,rf_19_raw_window,42,9,224,210,2,9,15,24,0,0.07,0,0.5,
ProtectiveStop,rf_19_raw_window,42,10,226,203,1,10,0,9,1,0.8266666666666667,1,0.5,
ProtectiveStop,rf_19_raw_window,42,10,226,203,1,10,1,10,1,0.88,1,0.5,
ProtectiveStop,rf_19_raw_window,42,10,226,203,1,10,2,11,1,0.8766666666666667,1,0.5,
ProtectiveStop,rf_19_raw_window,42,10,226,203,1,10,3,12,1,0.9166666666666666,1,0.5,
ProtectiveStop,rf_19_raw_window,42,10,226,203,1,10,4,13,1,0.8433333333333334,1,0.5,
ProtectiveStop,rf_19_raw_window,42,10,226,203,1,10,5,14,0,0.7266666666666667,1,0.5,
ProtectiveStop,rf_19_raw_window,42,10,226,203,1,10,6,15,0,0.16,0,0.5,
ProtectiveStop,rf_19_raw_window,42,10,226,203,1,10,7,16,0,0.08333333333333333,0,0.5,
ProtectiveStop,rf_19_raw_window,42,10,226,203,1,10,8,17,0,0.03666666666666667,0,0.5,
ProtectiveStop,rf_19_raw_window,42,10,226,203,1,10,9,18,0,0.043333333333333335,0,0.5,
ProtectiveStop,rf_19_raw_window,42,10,226,203,1,10,10,19,0,0.0033333333333333335,0,0.5,
ProtectiveStop,rf_19_raw_window,42,10,226,203,1,10,11,20,0,0.02,0,0.5,
ProtectiveStop,rf_19_raw_window,42,10,226,203,1,10,12,21,0,0.07333333333333333,0,0.5,
ProtectiveStop,rf_19_raw_window,42,10,226,203,1,10,13,22,0,0.07666666666666666,0,0.5,
ProtectiveStop,rf_19_raw_window,42,10,226,203,1,10,14,23,0,0.16666666666666666,0,0.5,
ProtectiveStop,rf_19_raw_window,42,10,226,203,1,10,15,24,0,0.17333333333333334,0,0.5,
ProtectiveStop,rf_19_raw_window,42,10,226,203,1,10,16,25,0,0.14,0,0.5,
ProtectiveStop,rf_19_raw_window,42,10,226,203,1,10,17,26,0,0.21666666666666667,0,0.5,
ProtectiveStop,rf_19_raw_window,42,10,226,203,1,10,18,27,0,0.20333333333333334,0,0.5,
ProtectiveStop,rf_19_raw_window,42,10,227,204,1,10,0,9,1,0.38,0,0.5,
ProtectiveStop,rf_19_raw_window,42,10,227,204,1,10,1,10,1,0.36333333333333334,0,0.5,
ProtectiveStop,rf_19_raw_window,42,10,227,204,1,10,2,11,1,0.41333333333333333,0,0.5,
ProtectiveStop,rf_19_raw_window,42,10,227,204,1,10,3,12,1,0.31333333333333335,0,0.5,
ProtectiveStop,rf_19_raw_window,42,10,227,204,1,10,4,13,1,0.49333333333333335,0,0.5,
ProtectiveStop,rf_19_raw_window,42,10,227,204,1,10,5,14,0,0.23666666666666666,0,0.5,
ProtectiveStop,rf_19_raw_window,42,10,227,204,1,10,6,15,0,0.17666666666666667,0,0.5,
ProtectiveStop,rf_19_raw_window,42,10,227,204,1,10,7,16,0,0.11666666666666667,0,0.5,
ProtectiveStop,rf_19_raw_window,42,10,227,204,1,10,8,17,0,0.12,0,0.5,
ProtectiveStop,rf_19_raw_window,42,10,227,204,1,10,9,18,0,0.043333333333333335,0,0.5,
ProtectiveStop,rf_19_raw_window,42,10,227,204,1,10,10,19,0,0.043333333333333335,0,0.5,
ProtectiveStop,rf_19_raw_window,42,10,227,204,1,10,11,20,0,0.18,0,0.5,
ProtectiveStop,rf_19_raw_window,42,10,227,204,1,10,12,21,0,0.19333333333333333,0,0.5,
ProtectiveStop,rf_19_raw_window,42,10,227,204,1,10,13,22,0,0.25333333333333335,0,0.5,
ProtectiveStop,rf_19_raw_window,42,10,227,204,1,10,14,23,0,0.25666666666666665,0,0.5,
ProtectiveStop,rf_19_raw_window,42,10,227,204,1,10,15,24,0,0.25666666666666665,0,0.5,
ProtectiveStop,rf_19_raw_window,42,10,227,204,1,10,16,25,0,0.3333333333333333,0,0.5,
ProtectiveStop,rf_19_raw_window,42,10,227,204,1,10,17,26,0,0.3333333333333333,0,0.5,
ProtectiveStop,rf_19_raw_window,42,10,229,205,1,10,0,9,1,0.9,1,0.5,
ProtectiveStop,rf_19_raw_window,42,10,229,205,1,10,1,10,1,0.9266666666666666,1,0.5,
ProtectiveStop,rf_19_raw_window,42,10,229,205,1,10,2,11,1,0.9366666666666666,1,0.5,
ProtectiveStop,rf_19_raw_window,42,10,229,205,1,10,3,12,1,0.9233333333333333,1,0.5,
ProtectiveStop,rf_19_raw_window,42,10,229,205,1,10,4,13,1,0.98,1,0.5,
ProtectiveStop,rf_19_raw_window,42,10,229,205,1,10,5,14,1,0.98,1,0.5,
ProtectiveStop,rf_19_raw_window,42,10,229,205,1,10,6,15,1,0.98,1,0.5,
ProtectiveStop,rf_19_raw_window,42,10,229,205,1,10,7,16,1,0.9366666666666666,1,0.5,
ProtectiveStop,rf_19_raw_window,42,10,229,205,1,10,8,17,1,0.8133333333333334,1,0.5,
ProtectiveStop,rf_19_raw_window,42,10,229,205,1,10,9,18,1,0.7233333333333334,1,0.5,
ProtectiveStop,rf_19_raw_window,42,10,229,205,1,10,10,19,1,0.5633333333333334,1,0.5,
ProtectiveStop,rf_19_raw_window,42,10,229,205,1,10,11,20,1,0.45,0,0.5,
ProtectiveStop,rf_19_raw_window,42,10,229,205,1,10,12,21,1,0.42,0,0.5,
ProtectiveStop,rf_19_raw_window,42,10,229,205,1,10,13,22,1,0.44333333333333336,0,0.5,
ProtectiveStop,rf_19_raw_window,42,10,229,205,1,10,14,23,1,0.34,0,0.5,
ProtectiveStop,rf_19_raw_window,42,10,229,205,1,10,15,24,0,0.29333333333333333,0,0.5,
ProtectiveStop,rf_19_raw_window,42,10,229,205,1,10,16,25,0,0.2833333333333333,0,0.5,
ProtectiveStop,rf_19_raw_window,42,10,229,205,1,10,17,26,0,0.25333333333333335,0,0.5,
ProtectiveStop,rf_19_raw_window,42,10,229,205,1,10,18,27,0,0.056666666666666664,0,0.5,
ProtectiveStop,rf_19_raw_window,42,10,229,205,1,10,19,28,0,0.03,0,0.5,
ProtectiveStop,rf_19_raw_window,42,10,229,205,1,10,20,29,0,0.03666666666666667,0,0.5,
ProtectiveStop,rf_19_raw_window,42,10,229,205,1,10,21,30,0,0.03,0,0.5,
ProtectiveStop,rf_19_raw_window,42,10,229,205,1,10,22,31,0,0.03666666666666667,0,0.5,
ProtectiveStop,rf_19_raw_window,42,10,229,205,1,10,23,32,0,0.24333333333333335,0,0.5,
ProtectiveStop,rf_19_raw_window,42,10,229,205,1,10,24,33,0,0.16333333333333333,0,0.5,
ProtectiveStop,rf_19_raw_window,42,10,229,205,1,10,25,34,0,0.26666666666666666,0,0.5,
ProtectiveStop,rf_19_raw_window,42,10,229,205,1,10,26,35,0,0.2733333333333333,0,0.5,
ProtectiveStop,rf_19_raw_window,42,10,229,205,1,10,27,36,0,0.18,0,0.5,
ProtectiveStop,rf_19_raw_window,42,10,229,205,1,10,28,37,0,0.17,0,0.5,
ProtectiveStop,rf_19_raw_window,42,10,229,205,1,10,29,38,0,0.07,0,0.5,
ProtectiveStop,rf_19_raw_window,42,10,229,205,1,10,30,39,0,0.06,0,0.5,
ProtectiveStop,rf_19_raw_window,42,10,229,205,1,10,31,40,0,0.06333333333333334,0,0.5,
ProtectiveStop,rf_19_raw_window,42,10,229,205,1,10,32,41,0,0.05,0,0.5,
ProtectiveStop,rf_19_raw_window,42,10,229,205,1,10,33,42,0,0.06333333333333334,0,0.5,
ProtectiveStop,rf_19_raw_window,42,10,229,205,1,10,34,43,0,0.05,0,0.5,
ProtectiveStop,rf_19_raw_window,42,10,229,205,1,10,35,44,0,0.043333333333333335,0,0.5,
ProtectiveStop,rf_19_raw_window,42,10,229,205,1,10,36,45,0,0.03666666666666667,0,0.5,
ProtectiveStop,rf_19_raw_window,42,10,229,205,1,10,37,46,0,0.07666666666666666,0,0.5,
ProtectiveStop,rf_19_raw_window,42,10,229,205,1,10,38,47,0,0.08666666666666667,0,0.5,
ProtectiveStop,rf_19_raw_window,42,10,229,205,1,10,39,48,0,0.26,0,0.5,
ProtectiveStop,rf_19_raw_window,42,10,229,205,1,10,40,49,0,0.22333333333333333,0,0.5,
ProtectiveStop,rf_19_raw_window,42,10,229,205,1,10,41,50,0,0.2866666666666667,0,0.5,
ProtectiveStop,rf_19_raw_window,42,10,230,206,1,10,0,9,1,0.8633333333333333,1,0.5,
ProtectiveStop,rf_19_raw_window,42,10,230,206,1,10,1,10,1,0.8733333333333333,1,0.5,
ProtectiveStop,rf_19_raw_window,42,10,230,206,1,10,2,11,1,0.7633333333333333,1,0.5,
ProtectiveStop,rf_19_raw_window,42,10,230,206,1,10,3,12,1,0.8133333333333334,1,0.5,
ProtectiveStop,rf_19_raw_window,42,10,230,206,1,10,4,13,1,0.56,1,0.5,
ProtectiveStop,rf_19_raw_window,42,10,230,206,1,10,5,14,0,0.31,0,0.5,
ProtectiveStop,rf_19_raw_window,42,10,230,206,1,10,6,15,0,0.15666666666666668,0,0.5,
ProtectiveStop,rf_19_raw_window,42,10,230,206,1,10,7,16,0,0.056666666666666664,0,0.5,
ProtectiveStop,rf_19_raw_window,42,10,230,206,1,10,8,17,0,0.0,0,0.5,
ProtectiveStop,rf_19_raw_window,42,10,230,206,1,10,9,18,0,0.0,0,0.5,
ProtectiveStop,rf_19_raw_window,42,10,230,206,1,10,10,19,0,0.0,0,0.5,
ProtectiveStop,rf_19_raw_window,42,10,230,206,1,10,11,20,0,0.03,0,0.5,
ProtectiveStop,rf_19_raw_window,42,10,230,206,1,10,12,21,0,0.03666666666666667,0,0.5,
ProtectiveStop,rf_19_raw_window,42,10,230,206,1,10,13,22,0,0.05,0,0.5,
ProtectiveStop,rf_19_raw_window,42,10,230,206,1,10,14,23,0,0.09333333333333334,0,0.5,
ProtectiveStop,rf_19_raw_window,42,10,230,206,1,10,15,24,0,0.06333333333333334,0,0.5,
ProtectiveStop,rf_19_raw_window,42,10,230,206,1,10,16,25,0,0.06666666666666667,0,0.5,
ProtectiveStop,rf_19_raw_window,42,10,230,206,1,10,17,26,0,0.06333333333333334,0,0.5,
ProtectiveStop,rf_19_raw_window,42,10,231,207,1,10,0,9,1,0.7766666666666666,1,0.5,
ProtectiveStop,rf_19_raw_window,42,10,231,207,1,10,1,10,1,0.9333333333333333,1,0.5,
ProtectiveStop,rf_19_raw_window,42,10,231,207,1,10,2,11,1,0.9166666666666666,1,0.5,
ProtectiveStop,rf_19_raw_window,42,10,231,207,1,10,3,12,1,0.9466666666666667,1,0.5,
ProtectiveStop,rf_19_raw_window,42,10,231,207,1,10,4,13,1,0.9433333333333334,1,0.5,
ProtectiveStop,rf_19_raw_window,42,10,231,207,1,10,5,14,1,0.9066666666666666,1,0.5,
ProtectiveStop,rf_19_raw_window,42,10,231,207,1,10,6,15,1,0.8666666666666667,1,0.5,
ProtectiveStop,rf_19_raw_window,42,10,231,207,1,10,7,16,1,0.7433333333333333,1,0.5,
ProtectiveStop,rf_19_raw_window,42,10,231,207,1,10,8,17,1,0.44666666666666666,0,0.5,
ProtectiveStop,rf_19_raw_window,42,10,231,207,1,10,9,18,1,0.29333333333333333,0,0.5,
ProtectiveStop,rf_19_raw_window,42,10,231,207,1,10,10,19,0,0.25333333333333335,0,0.5,
ProtectiveStop,rf_19_raw_window,42,10,231,207,1,10,11,20,0,0.21333333333333335,0,0.5,
ProtectiveStop,rf_19_raw_window,42,10,231,207,1,10,12,21,0,0.09666666666666666,0,0.5,
ProtectiveStop,rf_19_raw_window,42,10,231,207,1,10,13,22,0,0.02666666666666667,0,0.5,
ProtectiveStop,rf_19_raw_window,42,10,231,207,1,10,14,23,0,0.16333333333333333,0,0.5,
ProtectiveStop,rf_19_raw_window,42,10,231,207,1,10,15,24,0,0.15666666666666668,0,0.5,
ProtectiveStop,rf_19_raw_window,42,10,231,207,1,10,16,25,0,0.2966666666666667,0,0.5,
ProtectiveStop,rf_19_raw_window,42,10,231,207,1,10,17,26,0,0.06333333333333334,0,0.5,
ProtectiveStop,rf_19_raw_window,42,10,231,207,1,10,18,27,0,0.06666666666666667,0,0.5,
ProtectiveStop,rf_19_raw_window,42,10,231,207,1,10,19,28,0,0.06,0,0.5,
ProtectiveStop,rf_19_raw_window,42,10,231,207,1,10,20,29,0,0.05,0,0.5,
ProtectiveStop,rf_19_raw_window,42,10,231,207,1,10,21,30,0,0.05,0,0.5,
ProtectiveStop,rf_19_raw_window,42,10,231,207,1,10,22,31,0,0.04666666666666667,0,0.5,
ProtectiveStop,rf_19_raw_window,42,10,231,207,1,10,23,32,0,0.03333333333333333,0,0.5,
ProtectiveStop,rf_19_raw_window,42,10,231,207,1,10,24,33,0,0.04,0,0.5,
ProtectiveStop,rf_19_raw_window,42,10,231,207,1,10,25,34,0,0.11666666666666667,0,0.5,
ProtectiveStop,rf_19_raw_window,42,10,231,207,1,10,26,35,0,0.25666666666666665,0,0.5,
ProtectiveStop,rf_19_raw_window,42,10,231,207,1,10,27,36,0,0.32666666666666666,0,0.5,
ProtectiveStop,rf_19_raw_window,42,10,231,207,1,10,28,37,0,0.3466666666666667,0,0.5,
ProtectiveStop,rf_19_raw_window,42,10,231,207,1,10,29,38,0,0.2966666666666667,0,0.5,
ProtectiveStop,rf_19_raw_window,42,10,231,207,1,10,30,39,0,0.3333333333333333,0,0.5,
ProtectiveStop,rf_19_raw_window,42,10,231,207,1,10,31,40,0,0.36,0,0.5,
ProtectiveStop,rf_19_raw_window,42,10,231,207,1,10,32,41,0,0.47,0,0.5,
ProtectiveStop,rf_19_raw_window,42,10,231,207,1,10,33,42,0,0.5033333333333333,1,0.5,
ProtectiveStop,rf_19_raw_window,42,10,231,207,1,10,34,43,0,0.4266666666666667,0,0.5,
ProtectiveStop,rf_19_raw_window,42,10,232,208,1,10,0,9,0,0.18666666666666668,0,0.5,
ProtectiveStop,rf_19_raw_window,42,10,232,208,1,10,1,10,0,0.16,0,0.5,
ProtectiveStop,rf_19_raw_window,42,10,232,208,1,10,2,11,0,0.17333333333333334,0,0.5,
ProtectiveStop,rf_19_raw_window,42,10,232,208,1,10,3,12,0,0.12333333333333334,0,0.5,
ProtectiveStop,rf_19_raw_window,42,10,232,208,1,10,4,13,0,0.016666666666666666,0,0.5,
ProtectiveStop,rf_19_raw_window,42,10,232,208,1,10,5,14,0,0.023333333333333334,0,0.5,
ProtectiveStop,rf_19_raw_window,42,10,232,208,1,10,6,15,0,0.016666666666666666,0,0.5,
ProtectiveStop,rf_19_raw_window,42,10,232,208,1,10,7,16,0,0.02,0,0.5,
ProtectiveStop,rf_19_raw_window,42,10,232,208,1,10,8,17,0,0.02,0,0.5,
ProtectiveStop,rf_19_raw_window,42,10,232,208,1,10,9,18,0,0.06666666666666667,0,0.5,
ProtectiveStop,rf_19_raw_window,42,10,232,208,1,10,10,19,0,0.06,0,0.5,
ProtectiveStop,rf_19_raw_window,42,10,232,208,1,10,11,20,0,0.07666666666666666,0,0.5,
ProtectiveStop,rf_19_raw_window,42,10,232,208,1,10,12,21,0,0.11,0,0.5,
ProtectiveStop,rf_19_raw_window,42,10,232,208,1,10,13,22,0,0.14,0,0.5,
ProtectiveStop,rf_19_raw_window,42,10,232,208,1,10,14,23,0,0.17333333333333334,0,0.5,
ProtectiveStop,rf_19_raw_window,42,10,233,209,1,10,0,9,0,0.26,0,0.5,
ProtectiveStop,rf_19_raw_window,42,10,233,209,1,10,1,10,0,0.25666666666666665,0,0.5,
ProtectiveStop,rf_19_raw_window,42,10,233,209,1,10,2,11,0,0.1,0,0.5,
ProtectiveStop,rf_19_raw_window,42,10,233,209,1,10,3,12,0,0.09333333333333334,0,0.5,
ProtectiveStop,rf_19_raw_window,42,10,233,209,1,10,4,13,0,0.10333333333333333,0,0.5,
ProtectiveStop,rf_19_raw_window,42,10,233,209,1,10,5,14,0,0.10666666666666667,0,0.5,
ProtectiveStop,rf_19_raw_window,42,10,233,209,1,10,6,15,0,0.10333333333333333,0,0.5,
ProtectiveStop,rf_19_raw_window,42,10,233,209,1,10,7,16,0,0.11666666666666667,0,0.5,
ProtectiveStop,rf_19_raw_window,42,10,233,209,1,10,8,17,0,0.08666666666666667,0,0.5,
ProtectiveStop,rf_19_raw_window,42,10,233,209,1,10,9,18,1,0.08333333333333333,0,0.5,
ProtectiveStop,rf_19_raw_window,42,10,233,209,1,10,10,19,1,0.15666666666666668,0,0.5,
ProtectiveStop,rf_19_raw_window,42,10,233,209,1,10,11,20,1,0.19666666666666666,0,0.5,
ProtectiveStop,rf_19_raw_window,42,10,233,209,1,10,12,21,1,0.3933333333333333,0,0.5,
ProtectiveStop,rf_19_raw_window,42,10,233,209,1,10,13,22,1,0.4266666666666667,0,0.5,
ProtectiveStop,rf_19_raw_window,42,10,233,209,1,10,14,23,1,0.3433333333333333,0,0.5,
ProtectiveStop,rf_19_raw_window,42,10,233,209,1,10,15,24,1,0.30333333333333334,0,0.5,
ProtectiveStop,rf_19_raw_window,42,10,233,209,1,10,16,25,1,0.3233333333333333,0,0.5,
ProtectiveStop,rf_19_raw_window,42,10,233,209,1,10,17,26,1,0.37,0,0.5,
ProtectiveStop,rf_19_raw_window,42,10,233,209,1,10,18,27,1,0.8066666666666666,1,0.5,
ProtectiveStop,rf_19_raw_window,42,10,233,209,1,10,19,28,1,0.7966666666666666,1,0.5,
ProtectiveStop,rf_19_raw_window,42,10,233,209,1,10,20,29,1,0.7666666666666667,1,0.5,
ProtectiveStop,rf_19_raw_window,42,10,233,209,1,10,21,30,1,0.72,1,0.5,
ProtectiveStop,rf_19_raw_window,42,10,233,209,1,10,22,31,1,0.7366666666666667,1,0.5,
ProtectiveStop,rf_19_raw_window,42,10,233,209,1,10,23,32,1,0.69,1,0.5,
ProtectiveStop,rf_19_raw_window,42,10,233,209,1,10,24,33,1,0.7433333333333333,1,0.5,
ProtectiveStop,rf_19_raw_window,42,10,233,209,1,10,25,34,1,0.7033333333333334,1,0.5,
ProtectiveStop,rf_19_raw_window,42,10,233,209,1,10,26,35,0,0.7266666666666667,1,0.5,
ProtectiveStop,rf_19_raw_window,42,10,233,209,1,10,27,36,0,0.61,1,0.5,
ProtectiveStop,rf_19_raw_window,42,10,233,209,1,10,28,37,0,0.5833333333333334,1,0.5,
ProtectiveStop,rf_19_raw_window,42,10,233,209,1,10,29,38,0,0.5133333333333333,1,0.5,
ProtectiveStop,rf_19_raw_window,42,10,233,209,1,10,30,39,0,0.37333333333333335,0,0.5,
ProtectiveStop,rf_19_raw_window,42,10,230,216,2,10,0,9,1,0.5366666666666666,1,0.5,
ProtectiveStop,rf_19_raw_window,42,10,230,216,2,10,1,10,1,0.49333333333333335,0,0.5,
ProtectiveStop,rf_19_raw_window,42,10,230,216,2,10,2,11,1,0.5166666666666667,1,0.5,
ProtectiveStop,rf_19_raw_window,42,10,230,216,2,10,3,12,1,0.5766666666666667,1,0.5,
ProtectiveStop,rf_19_raw_window,42,10,230,216,2,10,4,13,1,0.6433333333333333,1,0.5,
ProtectiveStop,rf_19_raw_window,42,10,230,216,2,10,5,14,1,0.7033333333333334,1,0.5,
ProtectiveStop,rf_19_raw_window,42,10,230,216,2,10,6,15,0,0.41333333333333333,0,0.5,
ProtectiveStop,rf_19_raw_window,42,10,230,216,2,10,7,16,0,0.22333333333333333,0,0.5,
ProtectiveStop,rf_19_raw_window,42,10,230,216,2,10,8,17,0,0.16333333333333333,0,0.5,
ProtectiveStop,rf_19_raw_window,42,10,230,216,2,10,9,18,0,0.15,0,0.5,
ProtectiveStop,rf_19_raw_window,42,10,230,216,2,10,10,19,0,0.07666666666666666,0,0.5,
ProtectiveStop,rf_19_raw_window,42,10,230,216,2,10,11,20,0,0.08,0,0.5,
ProtectiveStop,rf_19_raw_window,42,10,230,216,2,10,12,21,0,0.09,0,0.5,
ProtectiveStop,rf_19_raw_window,42,10,230,216,2,10,13,22,0,0.05333333333333334,0,0.5,
ProtectiveStop,rf_19_raw_window,42,10,230,216,2,10,14,23,0,0.07333333333333333,0,0.5,
ProtectiveStop,rf_19_raw_window,42,10,230,216,2,10,15,24,0,0.06333333333333334,0,0.5,
ProtectiveStop,rf_19_raw_window,42,10,230,216,2,10,16,25,0,0.056666666666666664,0,0.5,
ProtectiveStop,rf_19_raw_window,42,10,230,216,2,10,17,26,0,0.13666666666666666,0,0.5,
ProtectiveStop,rf_19_raw_window,42,10,230,216,2,10,18,27,0,0.13666666666666666,0,0.5,
ProtectiveStop,rf_19_raw_window,42,10,230,216,2,10,19,28,0,0.14,0,0.5,
ProtectiveStop,rf_19_raw_window,42,10,231,217,2,10,0,9,1,0.9,1,0.5,
ProtectiveStop,rf_19_raw_window,42,10,231,217,2,10,1,10,1,0.95,1,0.5,
ProtectiveStop,rf_19_raw_window,42,10,231,217,2,10,2,11,1,0.93,1,0.5,
ProtectiveStop,rf_19_raw_window,42,10,231,217,2,10,3,12,1,0.7966666666666666,1,0.5,
ProtectiveStop,rf_19_raw_window,42,10,231,217,2,10,4,13,0,0.39,0,0.5,
ProtectiveStop,rf_19_raw_window,42,10,231,217,2,10,5,14,0,0.3333333333333333,0,0.5,
ProtectiveStop,rf_19_raw_window,42,10,231,217,2,10,6,15,0,0.13,0,0.5,
ProtectiveStop,rf_19_raw_window,42,10,231,217,2,10,7,16,0,0.12333333333333334,0,0.5,
ProtectiveStop,rf_19_raw_window,42,10,231,217,2,10,8,17,0,0.10333333333333333,0,0.5,
ProtectiveStop,rf_19_raw_window,42,10,231,217,2,10,9,18,0,0.10666666666666667,0,0.5,
ProtectiveStop,rf_19_raw_window,42,10,231,217,2,10,10,19,0,0.11666666666666667,0,0.5,
ProtectiveStop,rf_19_raw_window,42,10,231,217,2,10,11,20,0,0.10333333333333333,0,0.5,
ProtectiveStop,rf_19_raw_window,42,10,231,217,2,10,12,21,0,0.17333333333333334,0,0.5,
ProtectiveStop,rf_19_raw_window,42,10,231,217,2,10,13,22,0,0.14,0,0.5,
ProtectiveStop,rf_19_raw_window,42,10,231,217,2,10,14,23,0,0.18333333333333332,0,0.5,
ProtectiveStop,rf_19_raw_window,42,10,231,217,2,10,15,24,0,0.12333333333333334,0,0.5,
ProtectiveStop,rf_19_raw_window,42,10,231,217,2,10,16,25,0,0.14666666666666667,0,0.5,
ProtectiveStop,rf_19_raw_window,42,10,231,217,2,10,17,26,0,0.12666666666666668,0,0.5,
ProtectiveStop,rf_19_raw_window,42,10,232,218,2,10,0,9,1,0.75,1,0.5,
ProtectiveStop,rf_19_raw_window,42,10,232,218,2,10,1,10,1,0.88,1,0.5,
ProtectiveStop,rf_19_raw_window,42,10,232,218,2,10,2,11,1,0.8366666666666667,1,0.5,
ProtectiveStop,rf_19_raw_window,42,10,232,218,2,10,3,12,1,0.6866666666666666,1,0.5,
ProtectiveStop,rf_19_raw_window,42,10,232,218,2,10,4,13,1,0.7866666666666666,1,0.5,
ProtectiveStop,rf_19_raw_window,42,10,232,218,2,10,5,14,1,0.6166666666666667,1,0.5,
ProtectiveStop,rf_19_raw_window,42,10,232,218,2,10,6,15,1,0.5566666666666666,1,0.5,
ProtectiveStop,rf_19_raw_window,42,10,232,218,2,10,7,16,0,0.04,0,0.5,
ProtectiveStop,rf_19_raw_window,42,10,232,218,2,10,8,17,0,0.03333333333333333,0,0.5,
ProtectiveStop,rf_19_raw_window,42,10,232,218,2,10,9,18,0,0.02,0,0.5,
ProtectiveStop,rf_19_raw_window,42,10,232,218,2,10,10,19,0,0.01,0,0.5,
ProtectiveStop,rf_19_raw_window,42,10,232,218,2,10,11,20,0,0.0033333333333333335,0,0.5,
ProtectiveStop,rf_19_raw_window,42,10,232,218,2,10,12,21,0,0.0033333333333333335,0,0.5,
ProtectiveStop,rf_19_raw_window,42,10,232,218,2,10,13,22,0,0.0,0,0.5,
ProtectiveStop,rf_19_raw_window,42,10,232,218,2,10,14,23,0,0.0033333333333333335,0,0.5,
ProtectiveStop,rf_19_raw_window,42,10,232,218,2,10,15,24,0,0.0033333333333333335,0,0.5,
ProtectiveStop,rf_19_raw_window,42,10,232,218,2,10,16,25,0,0.006666666666666667,0,0.5,
ProtectiveStop,rf_19_raw_window,42,10,232,218,2,10,17,26,0,0.0,0,0.5,
ProtectiveStop,rf_19_raw_window,42,10,232,218,2,10,18,27,0,0.006666666666666667,0,0.5,
ProtectiveStop,rf_19_raw_window,42,10,232,218,2,10,19,28,0,0.01,0,0.5,
ProtectiveStop,rf_19_raw_window,42,10,233,219,2,10,0,9,0,0.13666666666666666,0,0.5,
ProtectiveStop,rf_19_raw_window,42,10,233,219,2,10,1,10,0,0.08,0,0.5,
ProtectiveStop,rf_19_raw_window,42,10,233,219,2,10,2,11,0,0.08,0,0.5,
ProtectiveStop,rf_19_raw_window,42,10,233,219,2,10,3,12,0,0.056666666666666664,0,0.5,
ProtectiveStop,rf_19_raw_window,42,10,233,219,2,10,4,13,0,0.07333333333333333,0,0.5,
ProtectiveStop,rf_19_raw_window,42,10,233,219,2,10,5,14,0,0.05333333333333334,0,0.5,
ProtectiveStop,rf_19_raw_window,42,10,233,219,2,10,6,15,0,0.05333333333333334,0,0.5,
ProtectiveStop,rf_19_raw_window,42,10,233,219,2,10,7,16,0,0.056666666666666664,0,0.5,
ProtectiveStop,rf_19_raw_window,42,10,233,219,2,10,8,17,0,0.04,0,0.5,
ProtectiveStop,rf_19_raw_window,42,10,233,219,2,10,9,18,0,0.03333333333333333,0,0.5,
ProtectiveStop,rf_19_raw_window,42,10,233,219,2,10,10,19,0,0.11666666666666667,0,0.5,
ProtectiveStop,rf_19_raw_window,42,10,233,219,2,10,11,20,0,0.29333333333333333,0,0.5,
ProtectiveStop,rf_19_raw_window,42,10,233,219,2,10,12,21,0,0.27666666666666667,0,0.5,
ProtectiveStop,rf_19_raw_window,42,10,233,219,2,10,13,22,0,0.49666666666666665,0,0.5,
ProtectiveStop,rf_19_raw_window,42,10,233,219,2,10,14,23,0,0.35,0,0.5,
ProtectiveStop,rf_19_raw_window,42,10,234,220,1,10,0,9,1,0.82,1,0.5,
ProtectiveStop,rf_19_raw_window,42,10,234,220,1,10,1,10,1,0.8733333333333333,1,0.5,
ProtectiveStop,rf_19_raw_window,42,10,234,220,1,10,2,11,1,0.8933333333333333,1,0.5,
ProtectiveStop,rf_19_raw_window,42,10,234,220,1,10,3,12,1,0.81,1,0.5,
ProtectiveStop,rf_19_raw_window,42,10,234,220,1,10,4,13,1,0.5866666666666667,1,0.5,
ProtectiveStop,rf_19_raw_window,42,10,234,220,1,10,5,14,1,0.39,0,0.5,
ProtectiveStop,rf_19_raw_window,42,10,234,220,1,10,6,15,0,0.38,0,0.5,
ProtectiveStop,rf_19_raw_window,42,10,234,220,1,10,7,16,0,0.08666666666666667,0,0.5,
ProtectiveStop,rf_19_raw_window,42,10,234,220,1,10,8,17,0,0.02,0,0.5,
ProtectiveStop,rf_19_raw_window,42,10,234,220,1,10,9,18,0,0.013333333333333334,0,0.5,
ProtectiveStop,rf_19_raw_window,42,10,234,220,1,10,10,19,0,0.15333333333333332,0,0.5,
ProtectiveStop,rf_19_raw_window,42,10,234,220,1,10,11,20,0,0.15333333333333332,0,0.5,
ProtectiveStop,rf_19_raw_window,42,10,234,220,1,10,12,21,0,0.16333333333333333,0,0.5,
ProtectiveStop,rf_19_raw_window,42,10,234,220,1,10,13,22,0,0.16,0,0.5,
ProtectiveStop,rf_19_raw_window,42,10,234,220,1,10,14,23,0,0.22666666666666666,0,0.5,
ProtectiveStop,rf_19_raw_window,42,10,234,220,1,10,15,24,0,0.27666666666666667,0,0.5,
ProtectiveStop,rf_19_raw_window,42,10,234,220,1,10,16,25,0,0.2733333333333333,0,0.5,
ProtectiveStop,rf_19_raw_window,42,10,234,220,1,10,17,26,0,0.26,0,0.5,
ProtectiveStop,rf_19_raw_window,42,10,234,220,1,10,18,27,0,0.2733333333333333,0,0.5,
ProtectiveStop,rf_19_raw_window,42,10,234,220,1,10,19,28,0,0.2866666666666667,0,0.5,
ProtectiveStop,rf_19_raw_window,42,10,234,220,1,10,20,29,0,0.26666666666666666,0,0.5,
ProtectiveStop,rf_19_raw_window,42,10,234,220,1,10,21,30,0,0.27666666666666667,0,0.5,
ProtectiveStop,rf_19_raw_window,42,10,234,220,1,10,22,31,0,0.31,0,0.5,
ProtectiveStop,rf_19_raw_window,42,10,234,220,1,10,23,32,0,0.24333333333333335,0,0.5,
ProtectiveStop,rf_19_raw_window,42,10,234,220,1,10,24,33,0,0.12666666666666668,0,0.5,
ProtectiveStop,rf_19_raw_window,42,10,234,220,1,10,25,34,0,0.05,0,0.5,
ProtectiveStop,rf_19_raw_window,42,10,234,220,1,10,26,35,0,0.02,0,0.5,
ProtectiveStop,rf_19_raw_window,42,10,234,220,1,10,27,36,0,0.03,0,0.5,
ProtectiveStop,rf_19_raw_window,42,10,234,220,1,10,28,37,0,0.013333333333333334,0,0.5,
ProtectiveStop,rf_19_raw_window,42,10,234,220,1,10,29,38,0,0.11666666666666667,0,0.5,
ProtectiveStop,rf_19_raw_window,42,10,234,220,1,10,30,39,0,0.18,0,0.5,
ProtectiveStop,rf_19_raw_window,42,10,234,220,1,10,31,40,0,0.21,0,0.5,
ProtectiveStop,rf_19_raw_window,42,10,234,220,1,10,32,41,0,0.37333333333333335,0,0.5,
ProtectiveStop,rf_19_raw_window,42,10,234,220,1,10,33,42,0,0.29,0,0.5,
ProtectiveStop,rf_19_raw_window,42,10,234,220,1,10,34,43,0,0.2733333333333333,0,0.5,
ProtectiveStop,rf_19_raw_window,42,10,234,220,1,10,35,44,0,0.013333333333333334,0,0.5,
ProtectiveStop,rf_19_raw_window,42,10,234,220,1,10,36,45,0,0.016666666666666666,0,0.5,
ProtectiveStop,rf_19_raw_window,42,10,234,220,1,10,37,46,0,0.013333333333333334,0,0.5,
ProtectiveStop,rf_19_raw_window,42,10,234,220,1,10,38,47,0,0.11,0,0.5,
ProtectiveStop,rf_19_raw_window,42,10,234,220,1,10,39,48,0,0.14666666666666667,0,0.5,
ProtectiveStop,rf_19_raw_window,42,10,234,220,1,10,40,49,0,0.21333333333333335,0,0.5,
ProtectiveStop,rf_19_raw_window,42,10,234,220,1,10,41,50,0,0.23,0,0.5,
ProtectiveStop,rf_19_raw_window,42,10,234,220,1,10,42,51,0,0.21,0,0.5,
ProtectiveStop,rf_19_raw_window,42,10,234,220,1,10,43,52,0,0.18333333333333332,0,0.5,
ProtectiveStop,rf_19_raw_window,42,10,234,220,1,10,44,53,0,0.18,0,0.5,
ProtectiveStop,rf_19_raw_window,42,10,234,220,1,10,45,54,0,0.5633333333333334,1,0.5,
ProtectiveStop,rf_19_raw_window,42,10,234,220,1,10,46,55,0,0.5766666666666667,1,0.5,
ProtectiveStop,rf_19_raw_window,42,10,234,220,1,10,47,56,0,0.5966666666666667,1,0.5,
ProtectiveStop,rf_19_raw_window,42,10,234,220,1,10,48,57,0,0.44333333333333336,0,0.5,
ProtectiveStop,rf_19_raw_window,42,10,234,220,1,10,49,58,0,0.42,0,0.5,
ProtectiveStop,rf_19_raw_window,42,10,234,220,1,10,50,59,0,0.2,0,0.5,
ProtectiveStop,rf_19_raw_window,42,10,234,220,1,10,51,60,0,0.056666666666666664,0,0.5,
ProtectiveStop,rf_19_raw_window,42,10,235,221,1,10,0,9,1,0.91,1,0.5,
ProtectiveStop,rf_19_raw_window,42,10,235,221,1,10,1,10,1,0.8966666666666666,1,0.5,
ProtectiveStop,rf_19_raw_window,42,10,235,221,1,10,2,11,1,0.9,1,0.5,
ProtectiveStop,rf_19_raw_window,42,10,235,221,1,10,3,12,1,0.84,1,0.5,
ProtectiveStop,rf_19_raw_window,42,10,235,221,1,10,4,13,1,0.54,1,0.5,
ProtectiveStop,rf_19_raw_window,42,10,235,221,1,10,5,14,0,0.21,0,0.5,
ProtectiveStop,rf_19_raw_window,42,10,235,221,1,10,6,15,0,0.06,0,0.5,
ProtectiveStop,rf_19_raw_window,42,10,235,221,1,10,7,16,0,0.016666666666666666,0,0.5,
ProtectiveStop,rf_19_raw_window,42,10,235,221,1,10,8,17,0,0.016666666666666666,0,0.5,
ProtectiveStop,rf_19_raw_window,42,10,235,221,1,10,9,18,0,0.01,0,0.5,
ProtectiveStop,rf_19_raw_window,42,10,235,221,1,10,10,19,0,0.01,0,0.5,
ProtectiveStop,rf_19_raw_window,42,10,235,221,1,10,11,20,0,0.006666666666666667,0,0.5,
ProtectiveStop,rf_19_raw_window,42,10,235,221,1,10,12,21,0,0.04,0,0.5,
ProtectiveStop,rf_19_raw_window,42,10,235,221,1,10,13,22,0,0.04,0,0.5,
ProtectiveStop,rf_19_raw_window,42,10,235,221,1,10,14,23,0,0.08,0,0.5,
ProtectiveStop,rf_19_raw_window,42,10,235,221,1,10,15,24,0,0.06666666666666667,0,0.5,
ProtectiveStop,rf_19_raw_window,42,10,235,221,1,10,16,25,0,0.08,0,0.5,
ProtectiveStop,rf_19_raw_window,42,10,235,221,1,10,17,26,0,0.08,0,0.5,
ProtectiveStop,rf_19_raw_window,42,10,236,222,1,10,0,9,0,0.30333333333333334,0,0.5,
ProtectiveStop,rf_19_raw_window,42,10,236,222,1,10,1,10,0,0.25333333333333335,0,0.5,
ProtectiveStop,rf_19_raw_window,42,10,236,222,1,10,2,11,0,0.1,0,0.5,
ProtectiveStop,rf_19_raw_window,42,10,236,222,1,10,3,12,0,0.06333333333333334,0,0.5,
ProtectiveStop,rf_19_raw_window,42,10,236,222,1,10,4,13,0,0.01,0,0.5,
ProtectiveStop,rf_19_raw_window,42,10,236,222,1,10,5,14,0,0.006666666666666667,0,0.5,
ProtectiveStop,rf_19_raw_window,42,10,236,222,1,10,6,15,0,0.01,0,0.5,
ProtectiveStop,rf_19_raw_window,42,10,236,222,1,10,7,16,0,0.013333333333333334,0,0.5,
ProtectiveStop,rf_19_raw_window,42,10,236,222,1,10,8,17,0,0.013333333333333334,0,0.5,
ProtectiveStop,rf_19_raw_window,42,10,236,222,1,10,9,18,0,0.04,0,0.5,
ProtectiveStop,rf_19_raw_window,42,10,236,222,1,10,10,19,0,0.023333333333333334,0,0.5,
ProtectiveStop,rf_19_raw_window,42,10,236,222,1,10,11,20,0,0.03,0,0.5,
ProtectiveStop,rf_19_raw_window,42,10,236,222,1,10,12,21,0,0.016666666666666666,0,0.5,
ProtectiveStop,rf_19_raw_window,42,10,236,222,1,10,13,22,0,0.03,0,0.5,
ProtectiveStop,rf_19_raw_window,42,10,236,222,1,10,14,23,0,0.05,0,0.5,
ProtectiveStop,rf_19_raw_window,42,10,237,223,1,10,0,9,1,0.83,1,0.5,
ProtectiveStop,rf_19_raw_window,42,10,237,223,1,10,1,10,1,0.9166666666666666,1,0.5,
ProtectiveStop,rf_19_raw_window,42,10,237,223,1,10,2,11,1,0.9,1,0.5,
ProtectiveStop,rf_19_raw_window,42,10,237,223,1,10,3,12,1,0.92,1,0.5,
ProtectiveStop,rf_19_raw_window,42,10,237,223,1,10,4,13,1,0.8166666666666667,1,0.5,
ProtectiveStop,rf_19_raw_window,42,10,237,223,1,10,5,14,1,0.7166666666666667,1,0.5,
ProtectiveStop,rf_19_raw_window,42,10,237,223,1,10,6,15,1,0.6333333333333333,1,0.5,
ProtectiveStop,rf_19_raw_window,42,10,237,223,1,10,7,16,1,0.4866666666666667,0,0.5,
ProtectiveStop,rf_19_raw_window,42,10,237,223,1,10,8,17,1,0.4,0,0.5,
ProtectiveStop,rf_19_raw_window,42,10,237,223,1,10,9,18,0,0.3,0,0.5,
ProtectiveStop,rf_19_raw_window,42,10,237,223,1,10,10,19,0,0.42,0,0.5,
ProtectiveStop,rf_19_raw_window,42,10,237,223,1,10,11,20,0,0.36333333333333334,0,0.5,
ProtectiveStop,rf_19_raw_window,42,10,237,223,1,10,12,21,0,0.33666666666666667,0,0.5,
ProtectiveStop,rf_19_raw_window,42,10,237,223,1,10,13,22,0,0.06666666666666667,0,0.5,
ProtectiveStop,rf_19_raw_window,42,10,237,223,1,10,14,23,0,0.05333333333333334,0,0.5,
ProtectiveStop,rf_19_raw_window,42,10,237,223,1,10,15,24,0,0.06333333333333334,0,0.5,
ProtectiveStop,rf_19_raw_window,42,10,237,223,1,10,16,25,0,0.31333333333333335,0,0.5,
ProtectiveStop,rf_19_raw_window,42,10,237,223,1,10,17,26,0,0.29333333333333333,0,0.5,
ProtectiveStop,rf_19_raw_window,42,10,237,223,1,10,18,27,0,0.34,0,0.5,
ProtectiveStop,rf_19_raw_window,42,10,237,223,1,10,19,28,0,0.12,0,0.5,
ProtectiveStop,rf_19_raw_window,42,10,237,223,1,10,20,29,0,0.08,0,0.5,
ProtectiveStop,rf_19_raw_window,42,10,237,223,1,10,21,30,0,0.08333333333333333,0,0.5,
ProtectiveStop,rf_19_raw_window,42,10,237,223,1,10,22,31,0,0.03333333333333333,0,0.5,
ProtectiveStop,rf_19_raw_window,42,10,237,223,1,10,23,32,0,0.03333333333333333,0,0.5,
ProtectiveStop,rf_19_raw_window,42,10,237,223,1,10,24,33,0,0.04666666666666667,0,0.5,
ProtectiveStop,rf_19_raw_window,42,10,237,223,1,10,25,34,0,0.006666666666666667,0,0.5,
ProtectiveStop,rf_19_raw_window,42,10,237,223,1,10,26,35,0,0.006666666666666667,0,0.5,
ProtectiveStop,rf_19_raw_window,42,10,237,223,1,10,27,36,0,0.006666666666666667,0,0.5,
ProtectiveStop,rf_19_raw_window,42,10,237,223,1,10,28,37,0,0.08333333333333333,0,0.5,
ProtectiveStop,rf_19_raw_window,42,10,237,223,1,10,29,38,0,0.15333333333333332,0,0.5,
ProtectiveStop,rf_19_raw_window,42,10,237,223,1,10,30,39,0,0.21,0,0.5,
ProtectiveStop,rf_19_raw_window,42,10,237,223,1,10,31,40,0,0.19666666666666666,0,0.5,
ProtectiveStop,rf_19_raw_window,42,10,237,223,1,10,32,41,0,0.19333333333333333,0,0.5,
ProtectiveStop,rf_19_raw_window,42,10,237,223,1,10,33,42,0,0.20333333333333334,0,0.5,
ProtectiveStop,rf_19_raw_window,42,10,237,223,1,10,34,43,0,0.24,0,0.5,
ProtectiveStop,rf_19_raw_window,42,10,237,223,1,10,35,44,0,0.17333333333333334,0,0.5,
ProtectiveStop,rf_19_raw_window,42,10,237,223,1,10,36,45,0,0.19,0,0.5,
ProtectiveStop,rf_19_raw_window,42,10,237,223,1,10,37,46,0,0.09333333333333334,0,0.5,
ProtectiveStop,rf_19_raw_window,42,10,237,223,1,10,38,47,0,0.09666666666666666,0,0.5,
ProtectiveStop,rf_19_raw_window,42,10,237,223,1,10,39,48,0,0.06333333333333334,0,0.5,
ProtectiveStop,rf_19_raw_window,42,10,237,223,1,10,40,49,0,0.05,0,0.5,
ProtectiveStop,rf_19_raw_window,42,10,237,223,1,10,41,50,0,0.07666666666666666,0,0.5,
ProtectiveStop,rf_19_raw_window,42,10,237,223,1,10,42,51,0,0.09666666666666666,0,0.5,
ProtectiveStop,rf_19_raw_window,42,10,238,224,1,10,0,9,0,0.15666666666666668,0,0.5,
ProtectiveStop,rf_19_raw_window,42,10,238,224,1,10,1,10,0,0.15,0,0.5,
ProtectiveStop,rf_19_raw_window,42,10,238,224,1,10,2,11,0,0.18666666666666668,0,0.5,
ProtectiveStop,rf_19_raw_window,42,10,238,224,1,10,3,12,0,0.18333333333333332,0,0.5,
ProtectiveStop,rf_19_raw_window,42,10,238,224,1,10,4,13,0,0.09,0,0.5,
ProtectiveStop,rf_19_raw_window,42,10,238,224,1,10,5,14,0,0.16,0,0.5,
ProtectiveStop,rf_19_raw_window,42,10,238,224,1,10,6,15,0,0.15333333333333332,0,0.5,
ProtectiveStop,rf_19_raw_window,42,10,238,224,1,10,7,16,0,0.15,0,0.5,
ProtectiveStop,rf_19_raw_window,42,10,238,224,1,10,8,17,0,0.18666666666666668,0,0.5,
ProtectiveStop,rf_19_raw_window,42,10,238,224,1,10,9,18,0,0.22,0,0.5,
ProtectiveStop,rf_19_raw_window,42,10,238,224,1,10,10,19,0,0.21666666666666667,0,0.5,
ProtectiveStop,rf_19_raw_window,42,10,238,224,1,10,11,20,0,0.21,0,0.5,
ProtectiveStop,rf_19_raw_window,42,10,238,224,1,10,12,21,0,0.2633333333333333,0,0.5,
ProtectiveStop,rf_19_raw_window,42,10,238,224,1,10,13,22,0,0.3333333333333333,0,0.5,
ProtectiveStop,rf_19_raw_window,42,10,238,224,1,10,14,23,0,0.3566666666666667,0,0.5,
ProtectiveStop,rf_19_raw_window,42,10,239,225,1,10,0,9,1,0.8333333333333334,1,0.5,
ProtectiveStop,rf_19_raw_window,42,10,239,225,1,10,1,10,1,0.8566666666666667,1,0.5,
ProtectiveStop,rf_19_raw_window,42,10,239,225,1,10,2,11,1,0.8366666666666667,1,0.5,
ProtectiveStop,rf_19_raw_window,42,10,239,225,1,10,3,12,1,0.8866666666666667,1,0.5,
ProtectiveStop,rf_19_raw_window,42,10,239,225,1,10,4,13,1,0.7033333333333334,1,0.5,
ProtectiveStop,rf_19_raw_window,42,10,239,225,1,10,5,14,1,0.59,1,0.5,
ProtectiveStop,rf_19_raw_window,42,10,239,225,1,10,6,15,1,0.4066666666666667,0,0.5,
ProtectiveStop,rf_19_raw_window,42,10,239,225,1,10,7,16,0,0.30666666666666664,0,0.5,
ProtectiveStop,rf_19_raw_window,42,10,239,225,1,10,8,17,0,0.5366666666666666,1,0.5,
ProtectiveStop,rf_19_raw_window,42,10,239,225,1,10,9,18,0,0.52,1,0.5,
ProtectiveStop,rf_19_raw_window,42,10,239,225,1,10,10,19,0,0.47333333333333333,0,0.5,
ProtectiveStop,rf_19_raw_window,42,10,239,225,1,10,11,20,0,0.15,0,0.5,
ProtectiveStop,rf_19_raw_window,42,10,239,225,1,10,12,21,0,0.13,0,0.5,
ProtectiveStop,rf_19_raw_window,42,10,239,225,1,10,13,22,0,0.14333333333333334,0,0.5,
ProtectiveStop,rf_19_raw_window,42,10,239,225,1,10,14,23,0,0.44,0,0.5,
ProtectiveStop,rf_19_raw_window,42,10,239,225,1,10,15,24,0,0.44333333333333336,0,0.5,
ProtectiveStop,rf_19_raw_window,42,10,239,225,1,10,16,25,0,0.4533333333333333,0,0.5,
ProtectiveStop,rf_19_raw_window,42,10,239,225,1,10,17,26,0,0.3233333333333333,0,0.5,
ProtectiveStop,rf_19_raw_window,42,10,239,225,1,10,18,27,0,0.3,0,0.5,
ProtectiveStop,rf_19_raw_window,42,10,239,225,1,10,19,28,0,0.02666666666666667,0,0.5,
ProtectiveStop,rf_19_raw_window,42,10,239,225,1,10,20,29,0,0.02,0,0.5,
ProtectiveStop,rf_19_raw_window,42,10,239,225,1,10,21,30,0,0.02,0,0.5,
ProtectiveStop,rf_19_raw_window,42,10,239,225,1,10,22,31,0,0.023333333333333334,0,0.5,
ProtectiveStop,rf_19_raw_window,42,10,239,225,1,10,23,32,0,0.06666666666666667,0,0.5,
ProtectiveStop,rf_19_raw_window,42,10,239,225,1,10,24,33,0,0.09333333333333334,0,0.5,
ProtectiveStop,rf_19_raw_window,42,10,239,225,1,10,25,34,0,0.17333333333333334,0,0.5,
ProtectiveStop,rf_19_raw_window,42,10,239,225,1,10,26,35,0,0.13,0,0.5,
ProtectiveStop,rf_19_raw_window,42,10,239,225,1,10,27,36,0,0.12333333333333334,0,0.5,
ProtectiveStop,rf_19_raw_window,42,10,239,225,1,10,28,37,0,0.13,0,0.5,
ProtectiveStop,rf_19_raw_window,42,10,239,225,1,10,29,38,0,0.2966666666666667,0,0.5,
ProtectiveStop,rf_19_raw_window,42,10,239,225,1,10,30,39,0,0.2866666666666667,0,0.5,
ProtectiveStop,rf_19_raw_window,42,10,239,225,1,10,31,40,0,0.2966666666666667,0,0.5,
ProtectiveStop,rf_19_raw_window,42,10,239,225,1,10,32,41,0,0.37,0,0.5,
ProtectiveStop,rf_19_raw_window,42,10,239,225,1,10,33,42,0,0.42333333333333334,0,0.5,
ProtectiveStop,rf_19_raw_window,42,10,240,226,1,10,0,9,1,0.82,1,0.5,
ProtectiveStop,rf_19_raw_window,42,10,240,226,1,10,1,10,1,0.9033333333333333,1,0.5,
ProtectiveStop,rf_19_raw_window,42,10,240,226,1,10,2,11,1,0.8633333333333333,1,0.5,
ProtectiveStop,rf_19_raw_window,42,10,240,226,1,10,3,12,1,0.93,1,0.5,
ProtectiveStop,rf_19_raw_window,42,10,240,226,1,10,4,13,1,0.7866666666666666,1,0.5,
ProtectiveStop,rf_19_raw_window,42,10,240,226,1,10,5,14,1,0.48333333333333334,0,0.5,
ProtectiveStop,rf_19_raw_window,42,10,240,226,1,10,6,15,0,0.16,0,0.5,
ProtectiveStop,rf_19_raw_window,42,10,240,226,1,10,7,16,0,0.14333333333333334,0,0.5,
ProtectiveStop,rf_19_raw_window,42,10,240,226,1,10,8,17,0,0.10666666666666667,0,0.5,
ProtectiveStop,rf_19_raw_window,42,10,240,226,1,10,9,18,0,0.043333333333333335,0,0.5,
ProtectiveStop,rf_19_raw_window,42,10,240,226,1,10,10,19,0,0.03,0,0.5,
ProtectiveStop,rf_19_raw_window,42,10,240,226,1,10,11,20,0,0.023333333333333334,0,0.5,
ProtectiveStop,rf_19_raw_window,42,10,240,226,1,10,12,21,0,0.08333333333333333,0,0.5,
ProtectiveStop,rf_19_raw_window,42,10,240,226,1,10,13,22,0,0.07,0,0.5,
ProtectiveStop,rf_19_raw_window,42,10,240,226,1,10,14,23,0,0.06666666666666667,0,0.5,
ProtectiveStop,rf_19_raw_window,42,10,240,226,1,10,15,24,0,0.07333333333333333,0,0.5,
ProtectiveStop,rf_19_raw_window,42,10,240,226,1,10,16,25,0,0.06666666666666667,0,0.5,
ProtectiveStop,rf_19_raw_window,42,10,240,226,1,10,17,26,0,0.25666666666666665,0,0.5,
ProtectiveStop,rf_19_raw_window,42,10,240,226,1,10,18,27,0,0.3333333333333333,0,0.5,
ProtectiveStop,rf_19_raw_window,42,10,240,226,1,10,19,28,0,0.2866666666666667,0,0.5,
ProtectiveStop,rf_19_raw_window,42,10,240,226,1,10,20,29,0,0.15333333333333332,0,0.5,
ProtectiveStop,rf_19_raw_window,42,10,240,226,1,10,21,30,0,0.06666666666666667,0,0.5,
ProtectiveStop,rf_19_raw_window,42,10,240,226,1,10,22,31,0,0.056666666666666664,0,0.5,
ProtectiveStop,rf_19_raw_window,42,10,240,226,1,10,23,32,0,0.006666666666666667,0,0.5,
ProtectiveStop,rf_19_raw_window,42,10,240,226,1,10,24,33,0,0.0033333333333333335,0,0.5,
ProtectiveStop,rf_19_raw_window,42,10,240,226,1,10,25,34,0,0.006666666666666667,0,0.5,
ProtectiveStop,rf_19_raw_window,42,10,240,226,1,10,26,35,0,0.1,0,0.5,
ProtectiveStop,rf_19_raw_window,42,10,240,226,1,10,27,36,0,0.16666666666666666,0,0.5,
ProtectiveStop,rf_19_raw_window,42,10,240,226,1,10,28,37,0,0.18,0,0.5,
ProtectiveStop,rf_19_raw_window,42,10,240,226,1,10,29,38,0,0.32,0,0.5,
ProtectiveStop,rf_19_raw_window,42,10,240,226,1,10,30,39,0,0.22333333333333333,0,0.5,
ProtectiveStop,rf_19_raw_window,42,10,240,226,1,10,31,40,0,0.20666666666666667,0,0.5,
ProtectiveStop,rf_19_raw_window,42,10,240,226,1,10,32,41,0,0.17666666666666667,0,0.5,
ProtectiveStop,rf_19_raw_window,42,10,240,226,1,10,33,42,0,0.21333333333333335,0,0.5,
ProtectiveStop,rf_19_raw_window,42,10,240,226,1,10,34,43,0,0.23333333333333334,0,0.5,
ProtectiveStop,rf_19_raw_window,42,10,240,226,1,10,35,44,0,0.2733333333333333,0,0.5,
ProtectiveStop,rf_19_raw_window,42,10,240,226,1,10,36,45,0,0.44,0,0.5,
ProtectiveStop,rf_19_raw_window,42,10,241,227,1,10,0,9,0,0.19333333333333333,0,0.5,
ProtectiveStop,rf_19_raw_window,42,10,241,227,1,10,1,10,0,0.19666666666666666,0,0.5,
ProtectiveStop,rf_19_raw_window,42,10,241,227,1,10,2,11,0,0.21333333333333335,0,0.5,
ProtectiveStop,rf_19_raw_window,42,10,241,227,1,10,3,12,0,0.21,0,0.5,
ProtectiveStop,rf_19_raw_window,42,10,241,227,1,10,4,13,0,0.16333333333333333,0,0.5,
ProtectiveStop,rf_19_raw_window,42,10,241,227,1,10,5,14,0,0.03333333333333333,0,0.5,
ProtectiveStop,rf_19_raw_window,42,10,241,227,1,10,6,15,0,0.03,0,0.5,
ProtectiveStop,rf_19_raw_window,42,10,241,227,1,10,7,16,0,0.023333333333333334,0,0.5,
ProtectiveStop,rf_19_raw_window,42,10,241,227,1,10,8,17,0,0.01,0,0.5,
ProtectiveStop,rf_19_raw_window,42,10,241,227,1,10,9,18,0,0.03666666666666667,0,0.5,
ProtectiveStop,rf_19_raw_window,42,10,241,227,1,10,10,19,0,0.023333333333333334,0,0.5,
ProtectiveStop,rf_19_raw_window,42,10,241,227,1,10,11,20,0,0.04,0,0.5,
ProtectiveStop,rf_19_raw_window,42,10,241,227,1,10,12,21,0,0.15333333333333332,0,0.5,
ProtectiveStop,rf_19_raw_window,42,10,241,227,1,10,13,22,0,0.14333333333333334,0,0.5,
ProtectiveStop,rf_19_raw_window,42,10,241,227,1,10,14,23,0,0.14666666666666667,0,0.5,
ProtectiveStop,rf_19_raw_window,42,10,242,228,1,10,0,9,1,0.62,1,0.5,
ProtectiveStop,rf_19_raw_window,42,10,242,228,1,10,1,10,1,0.6266666666666667,1,0.5,
ProtectiveStop,rf_19_raw_window,42,10,242,228,1,10,2,11,1,0.61,1,0.5,
ProtectiveStop,rf_19_raw_window,42,10,242,228,1,10,3,12,1,0.7033333333333334,1,0.5,
ProtectiveStop,rf_19_raw_window,42,10,242,228,1,10,4,13,1,0.49666666666666665,0,0.5,
ProtectiveStop,rf_19_raw_window,42,10,242,228,1,10,5,14,1,0.3566666666666667,0,0.5,
ProtectiveStop,rf_19_raw_window,42,10,242,228,1,10,6,15,0,0.3333333333333333,0,0.5,
ProtectiveStop,rf_19_raw_window,42,10,242,228,1,10,7,16,0,0.3233333333333333,0,0.5,
ProtectiveStop,rf_19_raw_window,42,10,242,228,1,10,8,17,0,0.2866666666666667,0,0.5,
ProtectiveStop,rf_19_raw_window,42,10,242,228,1,10,9,18,0,0.09666666666666666,0,0.5,
ProtectiveStop,rf_19_raw_window,42,10,242,228,1,10,10,19,0,0.023333333333333334,0,0.5,
ProtectiveStop,rf_19_raw_window,42,10,242,228,1,10,11,20,0,0.19,0,0.5,
ProtectiveStop,rf_19_raw_window,42,10,242,228,1,10,12,21,0,0.25666666666666665,0,0.5,
ProtectiveStop,rf_19_raw_window,42,10,242,228,1,10,13,22,0,0.27666666666666667,0,0.5,
ProtectiveStop,rf_19_raw_window,42,10,242,228,1,10,14,23,0,0.36333333333333334,0,0.5,
ProtectiveStop,rf_19_raw_window,42,10,242,228,1,10,15,24,0,0.22,0,0.5,
ProtectiveStop,rf_19_raw_window,42,10,242,228,1,10,16,25,0,0.19,0,0.5,
ProtectiveStop,rf_19_raw_window,42,10,242,228,1,10,17,26,0,0.17666666666666667,0,0.5,
ProtectiveStop,rf_19_raw_window,42,10,242,228,1,10,18,27,0,0.22333333333333333,0,0.5,
ProtectiveStop,rf_19_raw_window,42,10,242,228,1,10,19,28,0,0.22,0,0.5,
ProtectiveStop,rf_19_raw_window,42,10,242,228,1,10,20,29,0,0.22333333333333333,0,0.5,
ProtectiveStop,rf_19_raw_window,42,10,242,228,1,10,21,30,0,0.07,0,0.5,
ProtectiveStop,rf_19_raw_window,42,10,242,228,1,10,22,31,0,0.08666666666666667,0,0.5,
ProtectiveStop,rf_19_raw_window,42,10,242,228,1,10,23,32,0,0.07,0,0.5,
ProtectiveStop,rf_19_raw_window,42,10,242,228,1,10,24,33,0,0.04666666666666667,0,0.5,
ProtectiveStop,rf_19_raw_window,42,10,242,228,1,10,25,34,0,0.07333333333333333,0,0.5,
ProtectiveStop,rf_19_raw_window,42,10,242,228,1,10,26,35,0,0.09,0,0.5,
ProtectiveStop,rf_19_raw_window,42,10,242,228,1,10,27,36,0,0.09666666666666666,0,0.5,
ProtectiveStop,rf_19_raw_window,42,10,242,228,1,10,28,37,0,0.11666666666666667,0,0.5,
ProtectiveStop,rf_19_raw_window,42,10,242,228,1,10,29,38,0,0.11,0,0.5,
ProtectiveStop,rf_19_raw_window,42,10,242,228,1,10,30,39,0,0.14333333333333334,0,0.5,
ProtectiveStop,rf_19_raw_window,42,10,242,228,1,10,31,40,0,0.41,0,0.5,
ProtectiveStop,rf_19_raw_window,42,10,242,228,1,10,32,41,0,0.45,0,0.5,
ProtectiveStop,rf_19_raw_window,42,10,242,228,1,10,33,42,0,0.09666666666666666,0,0.5,
ProtectiveStop,rf_19_raw_window,42,10,242,228,1,10,34,43,0,0.02666666666666667,0,0.5,
ProtectiveStop,rf_19_raw_window,42,10,242,228,1,10,35,44,0,0.03666666666666667,0,0.5,
ProtectiveStop,rf_19_raw_window,42,10,242,228,1,10,36,45,0,0.02,0,0.5,
ProtectiveStop,rf_19_raw_window,42,10,242,228,1,10,37,46,0,0.016666666666666666,0,0.5,
ProtectiveStop,rf_19_raw_window,42,10,242,228,1,10,38,47,0,0.016666666666666666,0,0.5,
ProtectiveStop,rf_19_raw_window,42,10,242,228,1,10,39,48,0,0.016666666666666666,0,0.5,
ProtectiveStop,rf_19_raw_window,42,10,242,228,1,10,40,49,0,0.023333333333333334,0,0.5,
ProtectiveStop,rf_19_raw_window,42,10,242,228,1,10,41,50,0,0.023333333333333334,0,0.5,
ProtectiveStop,rf_19_raw_window,42,10,242,228,1,10,42,51,0,0.023333333333333334,0,0.5,
ProtectiveStop,rf_19_raw_window,42,10,243,229,1,10,0,9,0,0.3333333333333333,0,0.5,
ProtectiveStop,rf_19_raw_window,42,10,243,229,1,10,1,10,0,0.28,0,0.5,
ProtectiveStop,rf_19_raw_window,42,10,243,229,1,10,2,11,0,0.14333333333333334,0,0.5,
ProtectiveStop,rf_19_raw_window,42,10,243,229,1,10,3,12,0,0.15666666666666668,0,0.5,
ProtectiveStop,rf_19_raw_window,42,10,243,229,1,10,4,13,0,0.09333333333333334,0,0.5,
ProtectiveStop,rf_19_raw_window,42,10,243,229,1,10,5,14,0,0.09,0,0.5,
ProtectiveStop,rf_19_raw_window,42,10,243,229,1,10,6,15,0,0.04,0,0.5,
ProtectiveStop,rf_19_raw_window,42,10,243,229,1,10,7,16,0,0.04666666666666667,0,0.5,
ProtectiveStop,rf_19_raw_window,42,10,243,229,1,10,8,17,0,0.05,0,0.5,
ProtectiveStop,rf_19_raw_window,42,10,243,229,1,10,9,18,0,0.04,0,0.5,
ProtectiveStop,rf_19_raw_window,42,10,243,229,1,10,10,19,0,0.04666666666666667,0,0.5,
ProtectiveStop,rf_19_raw_window,42,10,243,229,1,10,11,20,0,0.03,0,0.5,
ProtectiveStop,rf_19_raw_window,42,10,243,229,1,10,12,21,0,0.07333333333333333,0,0.5,
ProtectiveStop,rf_19_raw_window,42,10,243,229,1,10,13,22,0,0.17333333333333334,0,0.5,
ProtectiveStop,rf_19_raw_window,42,10,243,229,1,10,14,23,0,0.11333333333333333,0,0.5,
ProtectiveStop,rf_19_raw_window,42,10,243,229,1,10,15,24,0,0.12,0,0.5,
ProtectiveStop,rf_19_raw_window,42,10,245,230,1,10,0,9,0,0.3,0,0.5,
ProtectiveStop,rf_19_raw_window,42,10,245,230,1,10,1,10,0,0.22333333333333333,0,0.5,
ProtectiveStop,rf_19_raw_window,42,10,245,230,1,10,2,11,0,0.23,0,0.5,
ProtectiveStop,rf_19_raw_window,42,10,245,230,1,10,3,12,0,0.15666666666666668,0,0.5,
ProtectiveStop,rf_19_raw_window,42,10,245,230,1,10,4,13,0,0.1,0,0.5,
ProtectiveStop,rf_19_raw_window,42,10,245,230,1,10,5,14,0,0.16666666666666666,0,0.5,
ProtectiveStop,rf_19_raw_window,42,10,245,230,1,10,6,15,0,0.17666666666666667,0,0.5,
ProtectiveStop,rf_19_raw_window,42,10,245,230,1,10,7,16,0,0.14666666666666667,0,0.5,
ProtectiveStop,rf_19_raw_window,42,10,245,230,1,10,8,17,0,0.02666666666666667,0,0.5,
ProtectiveStop,rf_19_raw_window,42,10,245,230,1,10,9,18,0,0.043333333333333335,0,0.5,
ProtectiveStop,rf_19_raw_window,42,10,245,230,1,10,10,19,0,0.03,0,0.5,
ProtectiveStop,rf_19_raw_window,42,10,245,230,1,10,11,20,0,0.06333333333333334,0,0.5,
ProtectiveStop,rf_19_raw_window,42,10,245,230,1,10,12,21,0,0.14,0,0.5,
ProtectiveStop,rf_19_raw_window,42,10,245,230,1,10,13,22,0,0.15666666666666668,0,0.5,
ProtectiveStop,rf_19_raw_window,42,10,245,230,1,10,14,23,0,0.15666666666666668,0,0.5,
ProtectiveStop,rf_19_raw_window,42,10,246,231,1,10,0,9,1,0.9666666666666667,1,0.5,
ProtectiveStop,rf_19_raw_window,42,10,246,231,1,10,1,10,1,0.9133333333333333,1,0.5,
ProtectiveStop,rf_19_raw_window,42,10,246,231,1,10,2,11,1,0.94,1,0.5,
ProtectiveStop,rf_19_raw_window,42,10,246,231,1,10,3,12,1,0.83,1,0.5,
ProtectiveStop,rf_19_raw_window,42,10,246,231,1,10,4,13,1,0.7666666666666667,1,0.5,
ProtectiveStop,rf_19_raw_window,42,10,246,231,1,10,5,14,1,0.7266666666666667,1,0.5,
ProtectiveStop,rf_19_raw_window,42,10,246,231,1,10,6,15,0,0.72,1,0.5,
ProtectiveStop,rf_19_raw_window,42,10,246,231,1,10,7,16,0,0.7066666666666667,1,0.5,
ProtectiveStop,rf_19_raw_window,42,10,246,231,1,10,8,17,0,0.72,1,0.5,
ProtectiveStop,rf_19_raw_window,42,10,246,231,1,10,9,18,0,0.7133333333333334,1,0.5,
ProtectiveStop,rf_19_raw_window,42,10,246,231,1,10,10,19,0,0.7033333333333334,1,0.5,
ProtectiveStop,rf_19_raw_window,42,10,246,231,1,10,11,20,0,0.48,0,0.5,
ProtectiveStop,rf_19_raw_window,42,10,246,231,1,10,12,21,0,0.41,0,0.5,
ProtectiveStop,rf_19_raw_window,42,10,246,231,1,10,13,22,0,0.31666666666666665,0,0.5,
ProtectiveStop,rf_19_raw_window,42,10,246,231,1,10,14,23,0,0.09333333333333334,0,0.5,
ProtectiveStop,rf_19_raw_window,42,10,246,231,1,10,15,24,0,0.07333333333333333,0,0.5,
ProtectiveStop,rf_19_raw_window,42,10,246,231,1,10,16,25,0,0.08,0,0.5,
ProtectiveStop,rf_19_raw_window,42,10,246,231,1,10,17,26,0,0.29333333333333333,0,0.5,
ProtectiveStop,rf_19_raw_window,42,10,246,231,1,10,18,27,0,0.30666666666666664,0,0.5,
ProtectiveStop,rf_19_raw_window,42,10,246,231,1,10,19,28,0,0.26666666666666666,0,0.5,
ProtectiveStop,rf_19_raw_window,42,10,246,231,1,10,20,29,0,0.19666666666666666,0,0.5,
ProtectiveStop,rf_19_raw_window,42,10,246,231,1,10,21,30,0,0.16666666666666666,0,0.5,
ProtectiveStop,rf_19_raw_window,42,10,246,231,1,10,22,31,0,0.06333333333333334,0,0.5,
ProtectiveStop,rf_19_raw_window,42,10,246,231,1,10,23,32,0,0.056666666666666664,0,0.5,
ProtectiveStop,rf_19_raw_window,42,10,246,231,1,10,24,33,0,0.06,0,0.5,
ProtectiveStop,rf_19_raw_window,42,10,246,231,1,10,25,34,0,0.05333333333333334,0,0.5,
ProtectiveStop,rf_19_raw_window,42,10,246,231,1,10,26,35,0,0.07666666666666666,0,0.5,
ProtectiveStop,rf_19_raw_window,42,10,246,231,1,10,27,36,0,0.09333333333333334,0,0.5,
ProtectiveStop,rf_19_raw_window,42,10,246,231,1,10,28,37,0,0.24666666666666667,0,0.5,
ProtectiveStop,rf_19_raw_window,42,10,246,231,1,10,29,38,0,0.2733333333333333,0,0.5,
ProtectiveStop,rf_19_raw_window,42,10,246,231,1,10,30,39,0,0.42,0,0.5,
ProtectiveStop,rf_19_raw_window,42,10,246,231,1,10,31,40,0,0.43333333333333335,0,0.5,
ProtectiveStop,rf_19_raw_window,42,10,246,231,1,10,32,41,0,0.4,0,0.5,
ProtectiveStop,rf_19_raw_window,42,10,246,231,1,10,33,42,0,0.43666666666666665,0,0.5,
ProtectiveStop,rf_19_raw_window,42,10,246,231,1,10,34,43,0,0.45,0,0.5,
ProtectiveStop,rf_19_raw_window,42,10,246,231,1,10,35,44,0,0.44333333333333336,0,0.5,
ProtectiveStop,rf_19_raw_window,42,10,246,231,1,10,36,45,0,0.35,0,0.5,
ProtectiveStop,rf_19_raw_window,42,10,246,231,1,10,37,46,0,0.2966666666666667,0,0.5,
ProtectiveStop,rf_19_raw_window,42,10,246,231,1,10,38,47,0,0.03333333333333333,0,0.5,
ProtectiveStop,rf_19_raw_window,42,10,246,231,1,10,39,48,0,0.03666666666666667,0,0.5,
ProtectiveStop,rf_19_raw_window,42,10,247,232,1,10,0,9,1,0.93,1,0.5,
ProtectiveStop,rf_19_raw_window,42,10,247,232,1,10,1,10,1,0.9666666666666667,1,0.5,
ProtectiveStop,rf_19_raw_window,42,10,247,232,1,10,2,11,1,0.97,1,0.5,
ProtectiveStop,rf_19_raw_window,42,10,247,232,1,10,3,12,1,0.9366666666666666,1,0.5,
ProtectiveStop,rf_19_raw_window,42,10,247,232,1,10,4,13,1,0.7666666666666667,1,0.5,
ProtectiveStop,rf_19_raw_window,42,10,247,232,1,10,5,14,1,0.6633333333333333,1,0.5,
ProtectiveStop,rf_19_raw_window,42,10,247,232,1,10,6,15,0,0.46,0,0.5,
ProtectiveStop,rf_19_raw_window,42,10,247,232,1,10,7,16,0,0.3233333333333333,0,0.5,
ProtectiveStop,rf_19_raw_window,42,10,247,232,1,10,8,17,0,0.16666666666666666,0,0.5,
ProtectiveStop,rf_19_raw_window,42,10,247,232,1,10,9,18,0,0.3566666666666667,0,0.5,
ProtectiveStop,rf_19_raw_window,42,10,247,232,1,10,10,19,0,0.2733333333333333,0,0.5,
ProtectiveStop,rf_19_raw_window,42,10,247,232,1,10,11,20,0,0.18333333333333332,0,0.5,
ProtectiveStop,rf_19_raw_window,42,10,247,232,1,10,12,21,0,0.18666666666666668,0,0.5,
ProtectiveStop,rf_19_raw_window,42,10,247,232,1,10,13,22,0,0.18333333333333332,0,0.5,
ProtectiveStop,rf_19_raw_window,42,10,247,232,1,10,14,23,0,0.17666666666666667,0,0.5,
ProtectiveStop,rf_19_raw_window,42,10,247,232,1,10,15,24,0,0.17666666666666667,0,0.5,
ProtectiveStop,rf_19_raw_window,42,10,247,232,1,10,16,25,0,0.17,0,0.5,
ProtectiveStop,rf_19_raw_window,42,10,247,232,1,10,17,26,0,0.18333333333333332,0,0.5,
ProtectiveStop,rf_19_raw_window,42,10,247,232,1,10,18,27,0,0.22,0,0.5,
ProtectiveStop,rf_19_raw_window,42,10,247,232,1,10,19,28,0,0.03,0,0.5,
ProtectiveStop,rf_19_raw_window,42,10,247,232,1,10,20,29,0,0.03,0,0.5,
ProtectiveStop,rf_19_raw_window,42,10,247,232,1,10,21,30,0,0.016666666666666666,0,0.5,
ProtectiveStop,rf_19_raw_window,42,10,247,232,1,10,22,31,0,0.02,0,0.5,
ProtectiveStop,rf_19_raw_window,42,10,247,232,1,10,23,32,0,0.02,0,0.5,
ProtectiveStop,rf_19_raw_window,42,10,247,232,1,10,24,33,0,0.013333333333333334,0,0.5,
ProtectiveStop,rf_19_raw_window,42,10,247,232,1,10,25,34,0,0.02,0,0.5,
ProtectiveStop,rf_19_raw_window,42,10,247,232,1,10,26,35,0,0.01,0,0.5,
ProtectiveStop,rf_19_raw_window,42,10,247,232,1,10,27,36,0,0.10666666666666667,0,0.5,
ProtectiveStop,rf_19_raw_window,42,10,247,232,1,10,28,37,0,0.15666666666666668,0,0.5,
ProtectiveStop,rf_19_raw_window,42,10,247,232,1,10,29,38,0,0.2833333333333333,0,0.5,
ProtectiveStop,rf_19_raw_window,42,10,247,232,1,10,30,39,0,0.21333333333333335,0,0.5,
ProtectiveStop,rf_19_raw_window,42,10,247,232,1,10,31,40,0,0.09333333333333334,0,0.5,
ProtectiveStop,rf_19_raw_window,42,10,247,232,1,10,32,41,0,0.09,0,0.5,
ProtectiveStop,rf_19_raw_window,42,10,247,232,1,10,33,42,0,0.006666666666666667,0,0.5,
ProtectiveStop,rf_19_raw_window,42,10,247,232,1,10,34,43,0,0.006666666666666667,0,0.5,
ProtectiveStop,rf_19_raw_window,42,10,247,232,1,10,35,44,0,0.006666666666666667,0,0.5,
ProtectiveStop,rf_19_raw_window,42,10,247,232,1,10,36,45,0,0.08666666666666667,0,0.5,
ProtectiveStop,rf_19_raw_window,42,10,247,232,1,10,37,46,0,0.11333333333333333,0,0.5,
ProtectiveStop,rf_19_raw_window,42,10,247,232,1,10,38,47,0,0.10333333333333333,0,0.5,
ProtectiveStop,rf_19_raw_window,42,10,247,232,1,10,39,48,0,0.19666666666666666,0,0.5,
ProtectiveStop,rf_19_raw_window,42,10,247,232,1,10,40,49,0,0.15333333333333332,0,0.5,
ProtectiveStop,rf_19_raw_window,42,10,247,232,1,10,41,50,0,0.16666666666666666,0,0.5,
ProtectiveStop,rf_19_raw_window,42,10,247,232,1,10,42,51,0,0.16333333333333333,0,0.5,
ProtectiveStop,rf_19_raw_window,42,10,247,232,1,10,43,52,0,0.2866666666666667,0,0.5,
ProtectiveStop,rf_19_raw_window,42,10,247,232,1,10,44,53,0,0.26666666666666666,0,0.5,
ProtectiveStop,rf_19_raw_window,42,10,247,232,1,10,45,54,0,0.29,0,0.5,
ProtectiveStop,rf_19_raw_window,42,10,248,233,1,10,0,9,0,0.18333333333333332,0,0.5,
ProtectiveStop,rf_19_raw_window,42,10,248,233,1,10,1,10,0,0.16666666666666666,0,0.5,
ProtectiveStop,rf_19_raw_window,42,10,248,233,1,10,2,11,0,0.20333333333333334,0,0.5,
ProtectiveStop,rf_19_raw_window,42,10,248,233,1,10,3,12,0,0.17,0,0.5,
ProtectiveStop,rf_19_raw_window,42,10,248,233,1,10,4,13,0,0.06333333333333334,0,0.5,
ProtectiveStop,rf_19_raw_window,42,10,248,233,1,10,5,14,0,0.13333333333333333,0,0.5,
ProtectiveStop,rf_19_raw_window,42,10,248,233,1,10,6,15,0,0.16333333333333333,0,0.5,
ProtectiveStop,rf_19_raw_window,42,10,248,233,1,10,7,16,0,0.16333333333333333,0,0.5,
ProtectiveStop,rf_19_raw_window,42,10,248,233,1,10,8,17,0,0.19,0,0.5,
ProtectiveStop,rf_19_raw_window,42,10,248,233,1,10,9,18,0,0.18,0,0.5,
ProtectiveStop,rf_19_raw_window,42,10,248,233,1,10,10,19,0,0.17666666666666667,0,0.5,
ProtectiveStop,rf_19_raw_window,42,10,248,233,1,10,11,20,0,0.2,0,0.5,
ProtectiveStop,rf_19_raw_window,42,10,248,233,1,10,12,21,0,0.25666666666666665,0,0.5,
ProtectiveStop,rf_19_raw_window,42,10,248,233,1,10,13,22,0,0.34,0,0.5,
ProtectiveStop,rf_19_raw_window,42,10,248,233,1,10,14,23,0,0.34,0,0.5,
ProtectiveStop,rf_19_raw_window,42,10,249,234,1,10,0,9,1,0.6933333333333334,1,0.5,
ProtectiveStop,rf_19_raw_window,42,10,249,234,1,10,1,10,1,0.7966666666666666,1,0.5,
ProtectiveStop,rf_19_raw_window,42,10,249,234,1,10,2,11,1,0.8,1,0.5,
ProtectiveStop,rf_19_raw_window,42,10,249,234,1,10,3,12,1,0.8566666666666667,1,0.5,
ProtectiveStop,rf_19_raw_window,42,10,249,234,1,10,4,13,1,0.8366666666666667,1,0.5,
ProtectiveStop,rf_19_raw_window,42,10,249,234,1,10,5,14,1,0.7866666666666666,1,0.5,
ProtectiveStop,rf_19_raw_window,42,10,249,234,1,10,6,15,1,0.74,1,0.5,
ProtectiveStop,rf_19_raw_window,42,10,249,234,1,10,7,16,1,0.6166666666666667,1,0.5,
ProtectiveStop,rf_19_raw_window,42,10,249,234,1,10,8,17,0,0.49,0,0.5,
ProtectiveStop,rf_19_raw_window,42,10,249,234,1,10,9,18,0,0.18333333333333332,0,0.5,
ProtectiveStop,rf_19_raw_window,42,10,249,234,1,10,10,19,0,0.03666666666666667,0,0.5,
ProtectiveStop,rf_19_raw_window,42,10,249,234,1,10,11,20,0,0.03333333333333333,0,0.5,
ProtectiveStop,rf_19_raw_window,42,10,249,234,1,10,12,21,0,0.02666666666666667,0,0.5,
ProtectiveStop,rf_19_raw_window,42,10,249,234,1,10,13,22,0,0.1,0,0.5,
ProtectiveStop,rf_19_raw_window,42,10,249,234,1,10,14,23,0,0.23666666666666666,0,0.5,
ProtectiveStop,rf_19_raw_window,42,10,249,234,1,10,15,24,0,0.21,0,0.5,
ProtectiveStop,rf_19_raw_window,42,10,249,234,1,10,16,25,0,0.33,0,0.5,
ProtectiveStop,rf_19_raw_window,42,10,249,234,1,10,17,26,0,0.27,0,0.5,
ProtectiveStop,rf_19_raw_window,42,10,249,234,1,10,18,27,0,0.25,0,0.5,
ProtectiveStop,rf_19_raw_window,42,10,249,234,1,10,19,28,0,0.03666666666666667,0,0.5,
ProtectiveStop,rf_19_raw_window,42,10,249,234,1,10,20,29,0,0.03333333333333333,0,0.5,
ProtectiveStop,rf_19_raw_window,42,10,249,234,1,10,21,30,0,0.02666666666666667,0,0.5,
ProtectiveStop,rf_19_raw_window,42,10,249,234,1,10,22,31,0,0.023333333333333334,0,0.5,
ProtectiveStop,rf_19_raw_window,42,10,249,234,1,10,23,32,0,0.05,0,0.5,
ProtectiveStop,rf_19_raw_window,42,10,249,234,1,10,24,33,0,0.1,0,0.5,
ProtectiveStop,rf_19_raw_window,42,10,249,234,1,10,25,34,0,0.13,0,0.5,
ProtectiveStop,rf_19_raw_window,42,10,249,234,1,10,26,35,0,0.08666666666666667,0,0.5,
ProtectiveStop,rf_19_raw_window,42,10,249,234,1,10,27,36,0,0.23666666666666666,0,0.5,
ProtectiveStop,rf_19_raw_window,42,10,249,234,1,10,28,37,0,0.21333333333333335,0,0.5,
ProtectiveStop,rf_19_raw_window,42,10,249,234,1,10,29,38,0,0.29,0,0.5,
ProtectiveStop,rf_19_raw_window,42,10,249,234,1,10,30,39,0,0.28,0,0.5,
ProtectiveStop,rf_19_raw_window,42,10,249,234,1,10,31,40,0,0.29333333333333333,0,0.5,
ProtectiveStop,rf_19_raw_window,42,10,249,234,1,10,32,41,0,0.29333333333333333,0,0.5,
ProtectiveStop,rf_19_raw_window,42,10,249,234,1,10,33,42,0,0.3566666666666667,0,0.5,
ProtectiveStop,rf_19_raw_window,42,10,249,234,1,10,34,43,0,0.5,0,0.5,
ProtectiveStop,rf_19_raw_window,42,10,249,234,1,10,35,44,0,0.043333333333333335,0,0.5,
ProtectiveStop,rf_19_raw_window,42,10,249,234,1,10,36,45,0,0.04,0,0.5,
ProtectiveStop,rf_19_raw_window,42,10,250,235,1,10,0,9,1,0.7333333333333333,1,0.5,
ProtectiveStop,rf_19_raw_window,42,10,250,235,1,10,1,10,1,0.7766666666666666,1,0.5,
ProtectiveStop,rf_19_raw_window,42,10,250,235,1,10,2,11,1,0.8133333333333334,1,0.5,
ProtectiveStop,rf_19_raw_window,42,10,250,235,1,10,3,12,1,0.7466666666666667,1,0.5,
ProtectiveStop,rf_19_raw_window,42,10,250,235,1,10,4,13,1,0.6633333333333333,1,0.5,
ProtectiveStop,rf_19_raw_window,42,10,250,235,1,10,5,14,1,0.5466666666666666,1,0.5,
ProtectiveStop,rf_19_raw_window,42,10,250,235,1,10,6,15,1,0.53,1,0.5,
ProtectiveStop,rf_19_raw_window,42,10,250,235,1,10,7,16,1,0.56,1,0.5,
ProtectiveStop,rf_19_raw_window,42,10,250,235,1,10,8,17,1,0.5233333333333333,1,0.5,
ProtectiveStop,rf_19_raw_window,42,10,250,235,1,10,9,18,1,0.1,0,0.5,
ProtectiveStop,rf_19_raw_window,42,10,250,235,1,10,10,19,1,0.056666666666666664,0,0.5,
ProtectiveStop,rf_19_raw_window,42,10,250,235,1,10,11,20,0,0.07333333333333333,0,0.5,
ProtectiveStop,rf_19_raw_window,42,10,250,235,1,10,12,21,0,0.056666666666666664,0,0.5,
ProtectiveStop,rf_19_raw_window,42,10,250,235,1,10,13,22,0,0.07,0,0.5,
ProtectiveStop,rf_19_raw_window,42,10,250,235,1,10,14,23,0,0.44333333333333336,0,0.5,
ProtectiveStop,rf_19_raw_window,42,10,250,235,1,10,15,24,0,0.4633333333333333,0,0.5,
ProtectiveStop,rf_19_raw_window,42,10,250,235,1,10,16,25,0,0.37,0,0.5,
ProtectiveStop,rf_19_raw_window,42,10,250,235,1,10,17,26,0,0.12333333333333334,0,0.5,
ProtectiveStop,rf_19_raw_window,42,10,250,235,1,10,18,27,0,0.10333333333333333,0,0.5,
ProtectiveStop,rf_19_raw_window,42,10,250,235,1,10,19,28,0,0.02666666666666667,0,0.5,
ProtectiveStop,rf_19_raw_window,42,10,250,235,1,10,20,29,0,0.03,0,0.5,
ProtectiveStop,rf_19_raw_window,42,10,250,235,1,10,21,30,0,0.03333333333333333,0,0.5,
ProtectiveStop,rf_19_raw_window,42,10,250,235,1,10,22,31,0,0.013333333333333334,0,0.5,
ProtectiveStop,rf_19_raw_window,42,10,250,235,1,10,23,32,0,0.02,0,0.5,
ProtectiveStop,rf_19_raw_window,42,10,250,235,1,10,24,33,0,0.023333333333333334,0,0.5,
ProtectiveStop,rf_19_raw_window,42,10,250,235,1,10,25,34,0,0.016666666666666666,0,0.5,
ProtectiveStop,rf_19_raw_window,42,10,250,235,1,10,26,35,0,0.016666666666666666,0,0.5,
ProtectiveStop,rf_19_raw_window,42,10,250,235,1,10,27,36,0,0.03,0,0.5,
ProtectiveStop,rf_19_raw_window,42,10,250,235,1,10,28,37,0,0.04,0,0.5,
ProtectiveStop,rf_19_raw_window,42,10,250,235,1,10,29,38,0,0.06,0,0.5,
ProtectiveStop,rf_19_raw_window,42,10,250,235,1,10,30,39,0,0.056666666666666664,0,0.5,
ProtectiveStop,rf_19_raw_window,42,10,250,235,1,10,31,40,0,0.06666666666666667,0,0.5,
ProtectiveStop,rf_19_raw_window,42,10,250,235,1,10,32,41,0,0.26,0,0.5,
GripLost,rf_19_raw_window,42,1,1,1,1,1,0,9,0,0.016666666666666666,0,0.5,
GripLost,rf_19_raw_window,42,1,1,1,1,1,1,10,0,0.02,0,0.5,
GripLost,rf_19_raw_window,42,1,1,1,1,1,2,11,0,0.013333333333333334,0,0.5,
GripLost,rf_19_raw_window,42,1,1,1,1,1,3,12,0,0.0033333333333333335,0,0.5,
GripLost,rf_19_raw_window,42,1,1,1,1,1,4,13,0,0.03,0,0.5,
GripLost,rf_19_raw_window,42,1,1,1,1,1,5,14,0,0.09,0,0.5,
GripLost,rf_19_raw_window,42,1,1,1,1,1,6,15,0,0.06666666666666667,0,0.5,
GripLost,rf_19_raw_window,42,1,1,1,1,1,7,16,0,0.11,0,0.5,
GripLost,rf_19_raw_window,42,1,1,1,1,1,8,17,0,0.05333333333333334,0,0.5,
GripLost,rf_19_raw_window,42,1,1,1,1,1,9,18,0,0.05333333333333334,0,0.5,
GripLost,rf_19_raw_window,42,1,1,1,1,1,10,19,0,0.07,0,0.5,
GripLost,rf_19_raw_window,42,1,1,1,1,1,11,20,0,0.07,0,0.5,
GripLost,rf_19_raw_window,42,1,1,1,1,1,12,21,0,0.08,0,0.5,
GripLost,rf_19_raw_window,42,1,1,1,1,1,13,22,0,0.09,0,0.5,
GripLost,rf_19_raw_window,42,1,1,1,1,1,14,23,0,0.09666666666666666,0,0.5,
GripLost,rf_19_raw_window,42,1,1,1,1,1,15,24,0,0.11,0,0.5,
GripLost,rf_19_raw_window,42,1,1,1,1,1,16,25,0,0.12666666666666668,0,0.5,
GripLost,rf_19_raw_window,42,1,1,1,1,1,17,26,0,0.12666666666666668,0,0.5,
GripLost,rf_19_raw_window,42,1,1,1,1,1,18,27,0,0.23666666666666666,0,0.5,
GripLost,rf_19_raw_window,42,1,1,1,1,1,19,28,0,0.36333333333333334,0,0.5,
GripLost,rf_19_raw_window,42,1,1,1,1,1,20,29,0,0.19,0,0.5,
GripLost,rf_19_raw_window,42,1,1,1,1,1,21,30,0,0.20333333333333334,0,0.5,
GripLost,rf_19_raw_window,42,1,1,1,1,1,22,31,0,0.19,0,0.5,
GripLost,rf_19_raw_window,42,1,1,1,1,1,23,32,0,0.19,0,0.5,
GripLost,rf_19_raw_window,42,1,1,1,1,1,24,33,0,0.16666666666666666,0,0.5,
GripLost,rf_19_raw_window,42,1,1,1,1,1,25,34,0,0.19333333333333333,0,0.5,
GripLost,rf_19_raw_window,42,1,1,1,1,1,26,35,0,0.27,0,0.5,
GripLost,rf_19_raw_window,42,1,1,1,1,1,27,36,0,0.35333333333333333,0,0.5,
GripLost,rf_19_raw_window,42,1,1,1,1,1,28,37,0,0.3466666666666667,0,0.5,
GripLost,rf_19_raw_window,42,1,1,1,1,1,29,38,0,0.36666666666666664,0,0.5,
GripLost,rf_19_raw_window,42,1,2,2,1,1,0,9,1,0.28,0,0.5,
GripLost,rf_19_raw_window,42,1,2,2,1,1,1,10,1,0.3433333333333333,0,0.5,
GripLost,rf_19_raw_window,42,1,2,2,1,1,2,11,1,0.38333333333333336,0,0.5,
GripLost,rf_19_raw_window,42,1,2,2,1,1,3,12,1,0.36666666666666664,0,0.5,
GripLost,rf_19_raw_window,42,1,2,2,1,1,4,13,1,0.32,0,0.5,
GripLost,rf_19_raw_window,42,1,2,2,1,1,5,14,1,0.28,0,0.5,
GripLost,rf_19_raw_window,42,1,2,2,1,1,6,15,0,0.21,0,0.5,
GripLost,rf_19_raw_window,42,1,2,2,1,1,7,16,0,0.12333333333333334,0,0.5,
GripLost,rf_19_raw_window,42,1,2,2,1,1,8,17,0,0.056666666666666664,0,0.5,
GripLost,rf_19_raw_window,42,1,2,2,1,1,9,18,1,0.13666666666666666,0,0.5,
GripLost,rf_19_raw_window,42,1,2,2,1,1,10,19,1,0.17666666666666667,0,0.5,
GripLost,rf_19_raw_window,42,1,2,2,1,1,11,20,1,0.19,0,0.5,
GripLost,rf_19_raw_window,42,1,2,2,1,1,12,21,1,0.21,0,0.5,
GripLost,rf_19_raw_window,42,1,2,2,1,1,13,22,1,0.16666666666666666,0,0.5,
GripLost,rf_19_raw_window,42,1,2,2,1,1,14,23,1,0.2633333333333333,0,0.5,
GripLost,rf_19_raw_window,42,1,2,2,1,1,15,24,1,0.23666666666666666,0,0.5,
GripLost,rf_19_raw_window,42,1,2,2,1,1,16,25,1,0.23333333333333334,0,0.5,
GripLost,rf_19_raw_window,42,1,2,2,1,1,17,26,1,0.16666666666666666,0,0.5,
GripLost,rf_19_raw_window,42,1,2,2,1,1,18,27,1,0.16333333333333333,0,0.5,
GripLost,rf_19_raw_window,42,1,2,2,1,1,19,28,1,0.17666666666666667,0,0.5,
GripLost,rf_19_raw_window,42,1,2,2,1,1,20,29,1,0.17,0,0.5,
GripLost,rf_19_raw_window,42,1,2,2,1,1,21,30,1,0.17666666666666667,0,0.5,
GripLost,rf_19_raw_window,42,1,2,2,1,1,22,31,1,0.17333333333333334,0,0.5,
GripLost,rf_19_raw_window,42,1,2,2,1,1,23,32,1,0.2,0,0.5,
GripLost,rf_19_raw_window,42,1,2,2,1,1,24,33,1,0.19666666666666666,0,0.5,
GripLost,rf_19_raw_window,42,1,2,2,1,1,25,34,1,0.37333333333333335,0,0.5,
GripLost,rf_19_raw_window,42,1,2,2,1,1,26,35,1,0.2,0,0.5,
GripLost,rf_19_raw_window,42,1,2,2,1,1,27,36,1,0.31666666666666665,0,0.5,
GripLost,rf_19_raw_window,42,1,2,2,1,1,28,37,1,0.4533333333333333,0,0.5,
GripLost,rf_19_raw_window,42,1,2,2,1,1,29,38,1,0.5366666666666666,1,0.5,
GripLost,rf_19_raw_window,42,1,2,2,1,1,30,39,1,0.5066666666666667,1,0.5,
GripLost,rf_19_raw_window,42,1,2,2,1,1,31,40,1,0.5133333333333333,1,0.5,
GripLost,rf_19_raw_window,42,1,2,2,1,1,32,41,1,0.5366666666666666,1,0.5,
GripLost,rf_19_raw_window,42,1,2,2,1,1,33,42,1,0.5033333333333333,1,0.5,
GripLost,rf_19_raw_window,42,1,2,2,1,1,34,43,1,0.42,0,0.5,
GripLost,rf_19_raw_window,42,1,2,2,1,1,35,44,1,0.63,1,0.5,
GripLost,rf_19_raw_window,42,1,2,2,1,1,36,45,1,0.5,0,0.5,
GripLost,rf_19_raw_window,42,1,3,3,1,1,0,9,0,0.02,0,0.5,
GripLost,rf_19_raw_window,42,1,3,3,1,1,1,10,0,0.013333333333333334,0,0.5,
GripLost,rf_19_raw_window,42,1,3,3,1,1,2,11,0,0.0,0,0.5,
GripLost,rf_19_raw_window,42,1,3,3,1,1,3,12,0,0.006666666666666667,0,0.5,
GripLost,rf_19_raw_window,42,1,3,3,1,1,4,13,0,0.013333333333333334,0,0.5,
GripLost,rf_19_raw_window,42,1,3,3,1,1,5,14,0,0.043333333333333335,0,0.5,
GripLost,rf_19_raw_window,42,1,3,3,1,1,6,15,0,0.04666666666666667,0,0.5,
GripLost,rf_19_raw_window,42,1,3,3,1,1,7,16,0,0.06666666666666667,0,0.5,
GripLost,rf_19_raw_window,42,1,3,3,1,1,8,17,0,0.10666666666666667,0,0.5,
GripLost,rf_19_raw_window,42,1,3,3,1,1,9,18,0,0.03,0,0.5,
GripLost,rf_19_raw_window,42,1,3,3,1,1,10,19,0,0.06,0,0.5,
GripLost,rf_19_raw_window,42,1,3,3,1,1,11,20,0,0.023333333333333334,0,0.5,
GripLost,rf_19_raw_window,42,1,3,3,1,1,12,21,0,0.03666666666666667,0,0.5,
GripLost,rf_19_raw_window,42,1,3,3,1,1,13,22,0,0.04,0,0.5,
GripLost,rf_19_raw_window,42,1,3,3,1,1,14,23,0,0.013333333333333334,0,0.5,
GripLost,rf_19_raw_window,42,1,3,3,1,1,15,24,0,0.013333333333333334,0,0.5,
GripLost,rf_19_raw_window,42,1,3,3,1,1,16,25,0,0.043333333333333335,0,0.5,
GripLost,rf_19_raw_window,42,1,4,4,1,1,0,9,0,0.006666666666666667,0,0.5,
GripLost,rf_19_raw_window,42,1,4,4,1,1,1,10,0,0.03666666666666667,0,0.5,
GripLost,rf_19_raw_window,42,1,4,4,1,1,2,11,0,0.02,0,0.5,
GripLost,rf_19_raw_window,42,1,4,4,1,1,3,12,0,0.01,0,0.5,
GripLost,rf_19_raw_window,42,1,4,4,1,1,4,13,0,0.03333333333333333,0,0.5,
GripLost,rf_19_raw_window,42,1,4,4,1,1,5,14,0,0.09333333333333334,0,0.5,
GripLost,rf_19_raw_window,42,1,4,4,1,1,6,15,0,0.16333333333333333,0,0.5,
GripLost,rf_19_raw_window,42,1,4,4,1,1,7,16,0,0.16333333333333333,0,0.5,
GripLost,rf_19_raw_window,42,1,4,4,1,1,8,17,0,0.04666666666666667,0,0.5,
GripLost,rf_19_raw_window,42,1,4,4,1,1,9,18,0,0.006666666666666667,0,0.5,
GripLost,rf_19_raw_window,42,1,4,4,1,1,10,19,0,0.006666666666666667,0,0.5,
GripLost,rf_19_raw_window,42,1,4,4,1,1,11,20,0,0.006666666666666667,0,0.5,
GripLost,rf_19_raw_window,42,1,4,4,1,1,12,21,0,0.006666666666666667,0,0.5,
GripLost,rf_19_raw_window,42,1,4,4,1,1,13,22,0,0.006666666666666667,0,0.5,
GripLost,rf_19_raw_window,42,1,4,4,1,1,14,23,0,0.006666666666666667,0,0.5,
GripLost,rf_19_raw_window,42,1,5,5,1,1,0,9,0,0.05,0,0.5,
GripLost,rf_19_raw_window,42,1,5,5,1,1,1,10,0,0.04,0,0.5,
GripLost,rf_19_raw_window,42,1,5,5,1,1,2,11,0,0.056666666666666664,0,0.5,
GripLost,rf_19_raw_window,42,1,5,5,1,1,3,12,0,0.02,0,0.5,
GripLost,rf_19_raw_window,42,1,5,5,1,1,4,13,0,0.15666666666666668,0,0.5,
GripLost,rf_19_raw_window,42,1,5,5,1,1,5,14,0,0.06,0,0.5,
GripLost,rf_19_raw_window,42,1,5,5,1,1,6,15,0,0.07,0,0.5,
GripLost,rf_19_raw_window,42,1,5,5,1,1,7,16,0,0.056666666666666664,0,0.5,
GripLost,rf_19_raw_window,42,1,5,5,1,1,8,17,0,0.21,0,0.5,
GripLost,rf_19_raw_window,42,1,5,5,1,1,9,18,0,0.25666666666666665,0,0.5,
GripLost,rf_19_raw_window,42,1,5,5,1,1,10,19,0,0.26666666666666666,0,0.5,
GripLost,rf_19_raw_window,42,1,5,5,1,1,11,20,1,0.3333333333333333,0,0.5,
GripLost,rf_19_raw_window,42,1,5,5,1,1,12,21,1,0.41333333333333333,0,0.5,
GripLost,rf_19_raw_window,42,1,5,5,1,1,13,22,1,0.61,1,0.5,
GripLost,rf_19_raw_window,42,1,5,5,1,1,14,23,1,0.5566666666666666,1,0.5,
GripLost,rf_19_raw_window,42,1,5,5,1,1,15,24,1,0.6066666666666667,1,0.5,
GripLost,rf_19_raw_window,42,1,5,5,1,1,16,25,1,0.62,1,0.5,
GripLost,rf_19_raw_window,42,1,5,5,1,1,17,26,1,0.47,0,0.5,
GripLost,rf_19_raw_window,42,1,6,6,1,1,0,9,0,0.26666666666666666,0,0.5,
GripLost,rf_19_raw_window,42,1,6,6,1,1,1,10,0,0.23666666666666666,0,0.5,
GripLost,rf_19_raw_window,42,1,6,6,1,1,2,11,0,0.30333333333333334,0,0.5,
GripLost,rf_19_raw_window,42,1,6,6,1,1,3,12,0,0.3466666666666667,0,0.5,
GripLost,rf_19_raw_window,42,1,6,6,1,1,4,13,0,0.27,0,0.5,
GripLost,rf_19_raw_window,42,1,6,6,1,1,5,14,1,0.29333333333333333,0,0.5,
GripLost,rf_19_raw_window,42,1,6,6,1,1,6,15,1,0.36333333333333334,0,0.5,
GripLost,rf_19_raw_window,42,1,6,6,1,1,7,16,1,0.33,0,0.5,
GripLost,rf_19_raw_window,42,1,6,6,1,1,8,17,1,0.4033333333333333,0,0.5,
GripLost,rf_19_raw_window,42,1,6,6,1,1,9,18,1,0.42333333333333334,0,0.5,
GripLost,rf_19_raw_window,42,1,6,6,1,1,10,19,1,0.2833333333333333,0,0.5,
GripLost,rf_19_raw_window,42,1,6,6,1,1,11,20,1,0.49666666666666665,0,0.5,
GripLost,rf_19_raw_window,42,1,6,6,1,1,12,21,1,0.42333333333333334,0,0.5,
GripLost,rf_19_raw_window,42,1,6,6,1,1,13,22,1,0.47333333333333333,0,0.5,
GripLost,rf_19_raw_window,42,1,6,6,1,1,14,23,1,0.19,0,0.5,
GripLost,rf_19_raw_window,42,1,6,6,1,1,15,24,1,0.11666666666666667,0,0.5,
GripLost,rf_19_raw_window,42,1,6,6,1,1,16,25,1,0.12,0,0.5,
GripLost,rf_19_raw_window,42,1,6,6,1,1,17,26,1,0.2,0,0.5,
GripLost,rf_19_raw_window,42,1,6,6,1,1,18,27,1,0.24666666666666667,0,0.5,
GripLost,rf_19_raw_window,42,1,6,6,1,1,19,28,1,0.45,0,0.5,
GripLost,rf_19_raw_window,42,1,6,6,1,1,20,29,1,0.43,0,0.5,
GripLost,rf_19_raw_window,42,1,6,6,1,1,21,30,1,0.3933333333333333,0,0.5,
GripLost,rf_19_raw_window,42,1,8,8,1,1,0,9,0,0.013333333333333334,0,0.5,
GripLost,rf_19_raw_window,42,1,8,8,1,1,1,10,0,0.0033333333333333335,0,0.5,
GripLost,rf_19_raw_window,42,1,8,8,1,1,2,11,0,0.0033333333333333335,0,0.5,
GripLost,rf_19_raw_window,42,1,8,8,1,1,3,12,0,0.03333333333333333,0,0.5,
GripLost,rf_19_raw_window,42,1,8,8,1,1,4,13,0,0.10666666666666667,0,0.5,
GripLost,rf_19_raw_window,42,1,8,8,1,1,5,14,0,0.07666666666666666,0,0.5,
GripLost,rf_19_raw_window,42,1,8,8,1,1,6,15,0,0.06666666666666667,0,0.5,
GripLost,rf_19_raw_window,42,1,8,8,1,1,7,16,0,0.17,0,0.5,
GripLost,rf_19_raw_window,42,1,8,8,1,1,8,17,0,0.06666666666666667,0,0.5,
GripLost,rf_19_raw_window,42,1,8,8,1,1,9,18,0,0.006666666666666667,0,0.5,
GripLost,rf_19_raw_window,42,1,8,8,1,1,10,19,0,0.0,0,0.5,
GripLost,rf_19_raw_window,42,1,8,8,1,1,11,20,0,0.01,0,0.5,
GripLost,rf_19_raw_window,42,1,8,8,1,1,12,21,0,0.0,0,0.5,
GripLost,rf_19_raw_window,42,1,8,8,1,1,13,22,0,0.0,0,0.5,
GripLost,rf_19_raw_window,42,1,8,8,1,1,14,23,0,0.0,0,0.5,
GripLost,rf_19_raw_window,42,1,9,9,1,1,0,9,0,0.016666666666666666,0,0.5,
GripLost,rf_19_raw_window,42,1,9,9,1,1,1,10,0,0.006666666666666667,0,0.5,
GripLost,rf_19_raw_window,42,1,9,9,1,1,2,11,0,0.023333333333333334,0,0.5,
GripLost,rf_19_raw_window,42,1,9,9,1,1,3,12,0,0.0,0,0.5,
GripLost,rf_19_raw_window,42,1,9,9,1,1,4,13,0,0.16,0,0.5,
GripLost,rf_19_raw_window,42,1,9,9,1,1,5,14,0,0.08,0,0.5,
GripLost,rf_19_raw_window,42,1,9,9,1,1,6,15,0,0.02666666666666667,0,0.5,
GripLost,rf_19_raw_window,42,1,9,9,1,1,7,16,0,0.056666666666666664,0,0.5,
GripLost,rf_19_raw_window,42,1,9,9,1,1,8,17,0,0.14666666666666667,0,0.5,
GripLost,rf_19_raw_window,42,1,9,9,1,1,9,18,0,0.02666666666666667,0,0.5,
GripLost,rf_19_raw_window,42,1,9,9,1,1,10,19,0,0.016666666666666666,0,0.5,
GripLost,rf_19_raw_window,42,1,9,9,1,1,11,20,0,0.006666666666666667,0,0.5,
GripLost,rf_19_raw_window,42,1,9,9,1,1,12,21,0,0.0,0,0.5,
GripLost,rf_19_raw_window,42,1,9,9,1,1,13,22,0,0.0,0,0.5,
GripLost,rf_19_raw_window,42,1,9,9,1,1,14,23,0,0.0033333333333333335,0,0.5,
GripLost,rf_19_raw_window,42,1,10,10,1,1,0,9,0,0.006666666666666667,0,0.5,
GripLost,rf_19_raw_window,42,1,10,10,1,1,1,10,0,0.023333333333333334,0,0.5,
GripLost,rf_19_raw_window,42,1,10,10,1,1,2,11,0,0.04,0,0.5,
GripLost,rf_19_raw_window,42,1,10,10,1,1,3,12,0,0.02666666666666667,0,0.5,
GripLost,rf_19_raw_window,42,1,10,10,1,1,4,13,0,0.06666666666666667,0,0.5,
GripLost,rf_19_raw_window,42,1,10,10,1,1,5,14,0,0.07666666666666666,0,0.5,
GripLost,rf_19_raw_window,42,1,10,10,1,1,6,15,0,0.05333333333333334,0,0.5,
GripLost,rf_19_raw_window,42,1,10,10,1,1,7,16,0,0.12333333333333334,0,0.5,
GripLost,rf_19_raw_window,42,1,10,10,1,1,8,17,0,0.08,0,0.5,
GripLost,rf_19_raw_window,42,1,10,10,1,1,9,18,0,0.09,0,0.5,
GripLost,rf_19_raw_window,42,1,10,10,1,1,10,19,0,0.03,0,0.5,
GripLost,rf_19_raw_window,42,1,10,10,1,1,11,20,0,0.023333333333333334,0,0.5,
GripLost,rf_19_raw_window,42,1,10,10,1,1,12,21,0,0.02,0,0.5,
GripLost,rf_19_raw_window,42,1,10,10,1,1,13,22,0,0.01,0,0.5,
GripLost,rf_19_raw_window,42,1,10,10,1,1,14,23,0,0.006666666666666667,0,0.5,
GripLost,rf_19_raw_window,42,1,11,11,1,1,0,9,0,0.02666666666666667,0,0.5,
GripLost,rf_19_raw_window,42,1,11,11,1,1,1,10,0,0.02666666666666667,0,0.5,
GripLost,rf_19_raw_window,42,1,11,11,1,1,2,11,0,0.023333333333333334,0,0.5,
GripLost,rf_19_raw_window,42,1,11,11,1,1,3,12,0,0.03,0,0.5,
GripLost,rf_19_raw_window,42,1,11,11,1,1,4,13,0,0.07666666666666666,0,0.5,
GripLost,rf_19_raw_window,42,1,11,11,1,1,5,14,0,0.20666666666666667,0,0.5,
GripLost,rf_19_raw_window,42,1,11,11,1,1,6,15,0,0.11333333333333333,0,0.5,
GripLost,rf_19_raw_window,42,1,11,11,1,1,7,16,0,0.15333333333333332,0,0.5,
GripLost,rf_19_raw_window,42,1,11,11,1,1,8,17,0,0.2,0,0.5,
GripLost,rf_19_raw_window,42,1,11,11,1,1,9,18,0,0.10333333333333333,0,0.5,
GripLost,rf_19_raw_window,42,1,11,11,1,1,10,19,0,0.12666666666666668,0,0.5,
GripLost,rf_19_raw_window,42,1,11,11,1,1,11,20,0,0.13333333333333333,0,0.5,
GripLost,rf_19_raw_window,42,1,11,11,1,1,12,21,0,0.14333333333333334,0,0.5,
GripLost,rf_19_raw_window,42,1,11,11,1,1,13,22,0,0.12333333333333334,0,0.5,
GripLost,rf_19_raw_window,42,1,11,11,1,1,14,23,0,0.11,0,0.5,
GripLost,rf_19_raw_window,42,1,11,11,1,1,15,24,0,0.12,0,0.5,
GripLost,rf_19_raw_window,42,1,12,12,1,1,0,9,0,0.023333333333333334,0,0.5,
GripLost,rf_19_raw_window,42,1,12,12,1,1,1,10,0,0.02666666666666667,0,0.5,
GripLost,rf_19_raw_window,42,1,12,12,1,1,2,11,0,0.006666666666666667,0,0.5,
GripLost,rf_19_raw_window,42,1,12,12,1,1,3,12,0,0.016666666666666666,0,0.5,
GripLost,rf_19_raw_window,42,1,12,12,1,1,4,13,0,0.10666666666666667,0,0.5,
GripLost,rf_19_raw_window,42,1,12,12,1,1,5,14,0,0.1,0,0.5,
GripLost,rf_19_raw_window,42,1,12,12,1,1,6,15,0,0.08333333333333333,0,0.5,
GripLost,rf_19_raw_window,42,1,12,12,1,1,7,16,0,0.08666666666666667,0,0.5,
GripLost,rf_19_raw_window,42,1,12,12,1,1,8,17,0,0.12333333333333334,0,0.5,
GripLost,rf_19_raw_window,42,1,12,12,1,1,9,18,0,0.043333333333333335,0,0.5,
GripLost,rf_19_raw_window,42,1,12,12,1,1,10,19,0,0.013333333333333334,0,0.5,
GripLost,rf_19_raw_window,42,1,12,12,1,1,11,20,0,0.006666666666666667,0,0.5,
GripLost,rf_19_raw_window,42,1,12,12,1,1,12,21,0,0.0033333333333333335,0,0.5,
GripLost,rf_19_raw_window,42,1,12,12,1,1,13,22,0,0.0033333333333333335,0,0.5,
GripLost,rf_19_raw_window,42,1,12,12,1,1,14,23,0,0.0,0,0.5,
GripLost,rf_19_raw_window,42,1,13,13,1,1,0,9,0,0.02,0,0.5,
GripLost,rf_19_raw_window,42,1,13,13,1,1,1,10,0,0.016666666666666666,0,0.5,
GripLost,rf_19_raw_window,42,1,13,13,1,1,2,11,0,0.023333333333333334,0,0.5,
GripLost,rf_19_raw_window,42,1,13,13,1,1,3,12,0,0.016666666666666666,0,0.5,
GripLost,rf_19_raw_window,42,1,13,13,1,1,4,13,0,0.29,0,0.5,
GripLost,rf_19_raw_window,42,1,13,13,1,1,5,14,0,0.11,0,0.5,
GripLost,rf_19_raw_window,42,1,13,13,1,1,6,15,0,0.08,0,0.5,
GripLost,rf_19_raw_window,42,1,13,13,1,1,7,16,0,0.19333333333333333,0,0.5,
GripLost,rf_19_raw_window,42,1,13,13,1,1,8,17,0,0.016666666666666666,0,0.5,
GripLost,rf_19_raw_window,42,1,13,13,1,1,9,18,0,0.006666666666666667,0,0.5,
GripLost,rf_19_raw_window,42,1,13,13,1,1,10,19,0,0.0033333333333333335,0,0.5,
GripLost,rf_19_raw_window,42,1,13,13,1,1,11,20,0,0.0,0,0.5,
GripLost,rf_19_raw_window,42,1,13,13,1,1,12,21,0,0.0033333333333333335,0,0.5,
GripLost,rf_19_raw_window,42,1,13,13,1,1,13,22,0,0.006666666666666667,0,0.5,
GripLost,rf_19_raw_window,42,1,13,13,1,1,14,23,0,0.0033333333333333335,0,0.5,
GripLost,rf_19_raw_window,42,1,14,14,1,1,0,9,1,0.3,0,0.5,
GripLost,rf_19_raw_window,42,1,14,14,1,1,1,10,1,0.31666666666666665,0,0.5,
GripLost,rf_19_raw_window,42,1,14,14,1,1,2,11,1,0.2866666666666667,0,0.5,
GripLost,rf_19_raw_window,42,1,14,14,1,1,3,12,1,0.35333333333333333,0,0.5,
GripLost,rf_19_raw_window,42,1,14,14,1,1,4,13,1,0.3566666666666667,0,0.5,
GripLost,rf_19_raw_window,42,1,14,14,1,1,5,14,1,0.25666666666666665,0,0.5,
GripLost,rf_19_raw_window,42,1,14,14,1,1,6,15,0,0.18333333333333332,0,0.5,
GripLost,rf_19_raw_window,42,1,14,14,1,1,7,16,1,0.14333333333333334,0,0.5,
GripLost,rf_19_raw_window,42,1,14,14,1,1,8,17,1,0.22333333333333333,0,0.5,
GripLost,rf_19_raw_window,42,1,14,14,1,1,9,18,1,0.25666666666666665,0,0.5,
GripLost,rf_19_raw_window,42,1,14,14,1,1,10,19,1,0.23,0,0.5,
GripLost,rf_19_raw_window,42,1,14,14,1,1,11,20,1,0.27666666666666667,0,0.5,
GripLost,rf_19_raw_window,42,1,14,14,1,1,12,21,1,0.3433333333333333,0,0.5,
GripLost,rf_19_raw_window,42,1,14,14,1,1,13,22,1,0.42333333333333334,0,0.5,
GripLost,rf_19_raw_window,42,1,14,14,1,1,14,23,1,0.5066666666666667,1,0.5,
GripLost,rf_19_raw_window,42,1,14,14,1,1,15,24,1,0.5666666666666667,1,0.5,
GripLost,rf_19_raw_window,42,1,14,14,1,1,16,25,1,0.5166666666666667,1,0.5,
GripLost,rf_19_raw_window,42,1,14,14,1,1,17,26,1,0.32666666666666666,0,0.5,
GripLost,rf_19_raw_window,42,1,14,14,1,1,18,27,1,0.41333333333333333,0,0.5,
GripLost,rf_19_raw_window,42,1,15,15,1,1,0,9,1,0.17666666666666667,0,0.5,
GripLost,rf_19_raw_window,42,1,15,15,1,1,1,10,1,0.19333333333333333,0,0.5,
GripLost,rf_19_raw_window,42,1,15,15,1,1,2,11,1,0.32,0,0.5,
GripLost,rf_19_raw_window,42,1,15,15,1,1,3,12,1,0.3566666666666667,0,0.5,
GripLost,rf_19_raw_window,42,1,15,15,1,1,4,13,1,0.2966666666666667,0,0.5,
GripLost,rf_19_raw_window,42,1,15,15,1,1,5,14,1,0.19,0,0.5,
GripLost,rf_19_raw_window,42,1,15,15,1,1,6,15,1,0.04,0,0.5,
GripLost,rf_19_raw_window,42,1,15,15,1,1,7,16,1,0.05,0,0.5,
GripLost,rf_19_raw_window,42,1,15,15,1,1,8,17,1,0.3466666666666667,0,0.5,
GripLost,rf_19_raw_window,42,1,15,15,1,1,9,18,1,0.4633333333333333,0,0.5,
GripLost,rf_19_raw_window,42,1,15,15,1,1,10,19,1,0.44333333333333336,0,0.5,
GripLost,rf_19_raw_window,42,1,15,15,1,1,11,20,1,0.3933333333333333,0,0.5,
GripLost,rf_19_raw_window,42,1,15,15,1,1,12,21,1,0.5066666666666667,1,0.5,
GripLost,rf_19_raw_window,42,1,15,15,1,1,13,22,1,0.41333333333333333,0,0.5,
GripLost,rf_19_raw_window,42,1,16,16,1,1,0,9,0,0.04666666666666667,0,0.5,
GripLost,rf_19_raw_window,42,1,16,16,1,1,1,10,0,0.04666666666666667,0,0.5,
GripLost,rf_19_raw_window,42,1,16,16,1,1,2,11,0,0.056666666666666664,0,0.5,
GripLost,rf_19_raw_window,42,1,16,16,1,1,3,12,0,0.03666666666666667,0,0.5,
GripLost,rf_19_raw_window,42,1,16,16,1,1,4,13,0,0.06,0,0.5,
GripLost,rf_19_raw_window,42,1,16,16,1,1,5,14,0,0.07333333333333333,0,0.5,
GripLost,rf_19_raw_window,42,1,16,16,1,1,6,15,0,0.1,0,0.5,
GripLost,rf_19_raw_window,42,1,16,16,1,1,7,16,0,0.08666666666666667,0,0.5,
GripLost,rf_19_raw_window,42,1,16,16,1,1,8,17,0,0.13666666666666666,0,0.5,
GripLost,rf_19_raw_window,42,1,16,16,1,1,9,18,0,0.043333333333333335,0,0.5,
GripLost,rf_19_raw_window,42,1,16,16,1,1,10,19,0,0.013333333333333334,0,0.5,
GripLost,rf_19_raw_window,42,1,16,16,1,1,11,20,0,0.006666666666666667,0,0.5,
GripLost,rf_19_raw_window,42,1,16,16,1,1,12,21,0,0.0033333333333333335,0,0.5,
GripLost,rf_19_raw_window,42,1,16,16,1,1,13,22,0,0.0033333333333333335,0,0.5,
GripLost,rf_19_raw_window,42,1,16,16,1,1,14,23,0,0.01,0,0.5,
GripLost,rf_19_raw_window,42,1,16,16,1,1,15,24,0,0.01,0,0.5,
GripLost,rf_19_raw_window,42,1,17,17,1,1,0,9,0,0.03,0,0.5,
GripLost,rf_19_raw_window,42,1,17,17,1,1,1,10,0,0.023333333333333334,0,0.5,
GripLost,rf_19_raw_window,42,1,17,17,1,1,2,11,0,0.02666666666666667,0,0.5,
GripLost,rf_19_raw_window,42,1,17,17,1,1,3,12,0,0.01,0,0.5,
GripLost,rf_19_raw_window,42,1,17,17,1,1,4,13,0,0.16333333333333333,0,0.5,
GripLost,rf_19_raw_window,42,1,17,17,1,1,5,14,0,0.07333333333333333,0,0.5,
GripLost,rf_19_raw_window,42,1,17,17,1,1,6,15,0,0.05333333333333334,0,0.5,
GripLost,rf_19_raw_window,42,1,17,17,1,1,7,16,0,0.07666666666666666,0,0.5,
GripLost,rf_19_raw_window,42,1,17,17,1,1,8,17,0,0.05,0,0.5,
GripLost,rf_19_raw_window,42,1,17,17,1,1,9,18,0,0.006666666666666667,0,0.5,
GripLost,rf_19_raw_window,42,1,17,17,1,1,10,19,0,0.0,0,0.5,
GripLost,rf_19_raw_window,42,1,17,17,1,1,11,20,0,0.01,0,0.5,
GripLost,rf_19_raw_window,42,1,17,17,1,1,12,21,0,0.0033333333333333335,0,0.5,
GripLost,rf_19_raw_window,42,1,17,17,1,1,13,22,0,0.0033333333333333335,0,0.5,
GripLost,rf_19_raw_window,42,1,17,17,1,1,14,23,0,0.0,0,0.5,
GripLost,rf_19_raw_window,42,1,18,18,1,1,0,9,0,0.01,0,0.5,
GripLost,rf_19_raw_window,42,1,18,18,1,1,1,10,0,0.01,0,0.5,
GripLost,rf_19_raw_window,42,1,18,18,1,1,2,11,0,0.006666666666666667,0,0.5,
GripLost,rf_19_raw_window,42,1,18,18,1,1,3,12,0,0.01,0,0.5,
GripLost,rf_19_raw_window,42,1,18,18,1,1,4,13,0,0.02,0,0.5,
GripLost,rf_19_raw_window,42,1,18,18,1,1,5,14,0,0.013333333333333334,0,0.5,
GripLost,rf_19_raw_window,42,1,18,18,1,1,6,15,0,0.023333333333333334,0,0.5,
GripLost,rf_19_raw_window,42,1,18,18,1,1,7,16,0,0.043333333333333335,0,0.5,
GripLost,rf_19_raw_window,42,1,18,18,1,1,8,17,0,0.13666666666666666,0,0.5,
GripLost,rf_19_raw_window,42,1,18,18,1,1,9,18,0,0.08333333333333333,0,0.5,
GripLost,rf_19_raw_window,42,1,18,18,1,1,10,19,0,0.05333333333333334,0,0.5,
GripLost,rf_19_raw_window,42,1,18,18,1,1,11,20,0,0.07666666666666666,0,0.5,
GripLost,rf_19_raw_window,42,1,18,18,1,1,12,21,0,0.06666666666666667,0,0.5,
GripLost,rf_19_raw_window,42,1,18,18,1,1,13,22,0,0.09,0,0.5,
GripLost,rf_19_raw_window,42,1,18,18,1,1,14,23,0,0.11666666666666667,0,0.5,
GripLost,rf_19_raw_window,42,1,18,18,1,1,15,24,0,0.11333333333333333,0,0.5,
GripLost,rf_19_raw_window,42,1,19,19,1,1,0,9,0,0.04666666666666667,0,0.5,
GripLost,rf_19_raw_window,42,1,19,19,1,1,1,10,0,0.05333333333333334,0,0.5,
GripLost,rf_19_raw_window,42,1,19,19,1,1,2,11,0,0.11666666666666667,0,0.5,
GripLost,rf_19_raw_window,42,1,19,19,1,1,3,12,0,0.21666666666666667,0,0.5,
GripLost,rf_19_raw_window,42,1,19,19,1,1,4,13,0,0.15666666666666668,0,0.5,
GripLost,rf_19_raw_window,42,1,19,19,1,1,5,14,0,0.14,0,0.5,
GripLost,rf_19_raw_window,42,1,19,19,1,1,6,15,0,0.18333333333333332,0,0.5,
GripLost,rf_19_raw_window,42,1,19,19,1,1,7,16,0,0.23333333333333334,0,0.5,
GripLost,rf_19_raw_window,42,1,19,19,1,1,8,17,0,0.14666666666666667,0,0.5,
GripLost,rf_19_raw_window,42,1,19,19,1,1,9,18,0,0.07333333333333333,0,0.5,
GripLost,rf_19_raw_window,42,1,19,19,1,1,10,19,0,0.04,0,0.5,
GripLost,rf_19_raw_window,42,1,19,19,1,1,11,20,0,0.04,0,0.5,
GripLost,rf_19_raw_window,42,1,19,19,1,1,12,21,0,0.02666666666666667,0,0.5,
GripLost,rf_19_raw_window,42,1,19,19,1,1,13,22,0,0.016666666666666666,0,0.5,
GripLost,rf_19_raw_window,42,1,19,19,1,1,14,23,0,0.016666666666666666,0,0.5,
GripLost,rf_19_raw_window,42,1,20,20,1,1,0,9,0,0.013333333333333334,0,0.5,
GripLost,rf_19_raw_window,42,1,20,20,1,1,1,10,0,0.01,0,0.5,
GripLost,rf_19_raw_window,42,1,20,20,1,1,2,11,0,0.02,0,0.5,
GripLost,rf_19_raw_window,42,1,20,20,1,1,3,12,0,0.0033333333333333335,0,0.5,
GripLost,rf_19_raw_window,42,1,20,20,1,1,4,13,0,0.04666666666666667,0,0.5,
GripLost,rf_19_raw_window,42,1,20,20,1,1,5,14,0,0.09333333333333334,0,0.5,
GripLost,rf_19_raw_window,42,1,20,20,1,1,6,15,0,0.07333333333333333,0,0.5,
GripLost,rf_19_raw_window,42,1,20,20,1,1,7,16,0,0.10666666666666667,0,0.5,
GripLost,rf_19_raw_window,42,1,20,20,1,1,8,17,0,0.21,0,0.5,
GripLost,rf_19_raw_window,42,1,20,20,1,1,9,18,0,0.023333333333333334,0,0.5,
GripLost,rf_19_raw_window,42,1,20,20,1,1,10,19,0,0.013333333333333334,0,0.5,
GripLost,rf_19_raw_window,42,1,20,20,1,1,11,20,0,0.006666666666666667,0,0.5,
GripLost,rf_19_raw_window,42,1,20,20,1,1,12,21,0,0.01,0,0.5,
GripLost,rf_19_raw_window,42,1,20,20,1,1,13,22,0,0.006666666666666667,0,0.5,
GripLost,rf_19_raw_window,42,1,20,20,1,1,14,23,0,0.006666666666666667,0,0.5,
GripLost,rf_19_raw_window,42,1,21,21,1,1,0,9,0,0.0033333333333333335,0,0.5,
GripLost,rf_19_raw_window,42,1,21,21,1,1,1,10,0,0.006666666666666667,0,0.5,
GripLost,rf_19_raw_window,42,1,21,21,1,1,2,11,0,0.0033333333333333335,0,0.5,
GripLost,rf_19_raw_window,42,1,21,21,1,1,3,12,0,0.006666666666666667,0,0.5,
GripLost,rf_19_raw_window,42,1,21,21,1,1,4,13,0,0.06666666666666667,0,0.5,
GripLost,rf_19_raw_window,42,1,21,21,1,1,5,14,0,0.07,0,0.5,
GripLost,rf_19_raw_window,42,1,21,21,1,1,6,15,0,0.05,0,0.5,
GripLost,rf_19_raw_window,42,1,21,21,1,1,7,16,0,0.08333333333333333,0,0.5,
GripLost,rf_19_raw_window,42,1,21,21,1,1,8,17,0,0.06,0,0.5,
GripLost,rf_19_raw_window,42,1,21,21,1,1,9,18,0,0.06666666666666667,0,0.5,
GripLost,rf_19_raw_window,42,1,21,21,1,1,10,19,0,0.056666666666666664,0,0.5,
GripLost,rf_19_raw_window,42,1,21,21,1,1,11,20,0,0.02,0,0.5,
GripLost,rf_19_raw_window,42,1,21,21,1,1,12,21,0,0.03333333333333333,0,0.5,
GripLost,rf_19_raw_window,42,1,21,21,1,1,13,22,0,0.0033333333333333335,0,0.5,
GripLost,rf_19_raw_window,42,1,21,21,1,1,14,23,0,0.006666666666666667,0,0.5,
GripLost,rf_19_raw_window,42,1,21,21,1,1,15,24,0,0.0,0,0.5,
GripLost,rf_19_raw_window,42,1,22,22,1,1,0,9,0,0.01,0,0.5,
GripLost,rf_19_raw_window,42,1,22,22,1,1,1,10,0,0.0033333333333333335,0,0.5,
GripLost,rf_19_raw_window,42,1,22,22,1,1,2,11,0,0.013333333333333334,0,0.5,
GripLost,rf_19_raw_window,42,1,22,22,1,1,3,12,0,0.03,0,0.5,
GripLost,rf_19_raw_window,42,1,22,22,1,1,4,13,0,0.02666666666666667,0,0.5,
GripLost,rf_19_raw_window,42,1,22,22,1,1,5,14,0,0.04666666666666667,0,0.5,
GripLost,rf_19_raw_window,42,1,22,22,1,1,6,15,0,0.08666666666666667,0,0.5,
GripLost,rf_19_raw_window,42,1,22,22,1,1,7,16,0,0.06333333333333334,0,0.5,
GripLost,rf_19_raw_window,42,1,22,22,1,1,8,17,0,0.05,0,0.5,
GripLost,rf_19_raw_window,42,1,22,22,1,1,9,18,0,0.04,0,0.5,
GripLost,rf_19_raw_window,42,1,22,22,1,1,10,19,0,0.043333333333333335,0,0.5,
GripLost,rf_19_raw_window,42,1,22,22,1,1,11,20,0,0.06,0,0.5,
GripLost,rf_19_raw_window,42,1,22,22,1,1,12,21,0,0.05333333333333334,0,0.5,
GripLost,rf_19_raw_window,42,1,22,22,1,1,13,22,0,0.05333333333333334,0,0.5,
GripLost,rf_19_raw_window,42,1,22,22,1,1,14,23,0,0.08666666666666667,0,0.5,
GripLost,rf_19_raw_window,42,1,22,22,1,1,15,24,0,0.1,0,0.5,
GripLost,rf_19_raw_window,42,1,22,22,1,1,16,25,0,0.09666666666666666,0,0.5,
GripLost,rf_19_raw_window,42,1,22,22,1,1,17,26,0,0.11666666666666667,0,0.5,
GripLost,rf_19_raw_window,42,1,22,22,1,1,18,27,0,0.07666666666666666,0,0.5,
GripLost,rf_19_raw_window,42,1,22,22,1,1,19,28,0,0.08666666666666667,0,0.5,
GripLost,rf_19_raw_window,42,1,22,22,1,1,20,29,0,0.15333333333333332,0,0.5,
GripLost,rf_19_raw_window,42,1,22,22,1,1,21,30,0,0.04,0,0.5,
GripLost,rf_19_raw_window,42,1,22,22,1,1,22,31,0,0.016666666666666666,0,0.5,
GripLost,rf_19_raw_window,42,1,22,22,1,1,23,32,0,0.016666666666666666,0,0.5,
GripLost,rf_19_raw_window,42,1,22,22,1,1,24,33,0,0.0033333333333333335,0,0.5,
GripLost,rf_19_raw_window,42,1,22,22,1,1,25,34,0,0.0,0,0.5,
GripLost,rf_19_raw_window,42,1,22,22,1,1,26,35,0,0.006666666666666667,0,0.5,
GripLost,rf_19_raw_window,42,1,23,23,1,1,0,9,0,0.05,0,0.5,
GripLost,rf_19_raw_window,42,1,23,23,1,1,1,10,0,0.05333333333333334,0,0.5,
GripLost,rf_19_raw_window,42,1,23,23,1,1,2,11,0,0.1,0,0.5,
GripLost,rf_19_raw_window,42,1,23,23,1,1,3,12,0,0.11333333333333333,0,0.5,
GripLost,rf_19_raw_window,42,1,23,23,1,1,4,13,0,0.2733333333333333,0,0.5,
GripLost,rf_19_raw_window,42,1,23,23,1,1,5,14,0,0.06333333333333334,0,0.5,
GripLost,rf_19_raw_window,42,1,23,23,1,1,6,15,0,0.08333333333333333,0,0.5,
GripLost,rf_19_raw_window,42,1,23,23,1,1,7,16,0,0.16,0,0.5,
GripLost,rf_19_raw_window,42,1,23,23,1,1,8,17,0,0.15666666666666668,0,0.5,
GripLost,rf_19_raw_window,42,1,23,23,1,1,9,18,0,0.04,0,0.5,
GripLost,rf_19_raw_window,42,1,23,23,1,1,10,19,0,0.03666666666666667,0,0.5,
GripLost,rf_19_raw_window,42,1,23,23,1,1,11,20,0,0.03666666666666667,0,0.5,
GripLost,rf_19_raw_window,42,1,23,23,1,1,12,21,0,0.03333333333333333,0,0.5,
GripLost,rf_19_raw_window,42,1,23,23,1,1,13,22,0,0.03666666666666667,0,0.5,
GripLost,rf_19_raw_window,42,1,23,23,1,1,14,23,0,0.03333333333333333,0,0.5,
GripLost,rf_19_raw_window,42,1,24,24,1,1,0,9,0,0.013333333333333334,0,0.5,
GripLost,rf_19_raw_window,42,1,24,24,1,1,1,10,0,0.006666666666666667,0,0.5,
GripLost,rf_19_raw_window,42,1,24,24,1,1,2,11,0,0.013333333333333334,0,0.5,
GripLost,rf_19_raw_window,42,1,24,24,1,1,3,12,0,0.013333333333333334,0,0.5,
GripLost,rf_19_raw_window,42,1,24,24,1,1,4,13,0,0.03333333333333333,0,0.5,
GripLost,rf_19_raw_window,42,1,24,24,1,1,5,14,0,0.21,0,0.5,
GripLost,rf_19_raw_window,42,1,24,24,1,1,6,15,0,0.08333333333333333,0,0.5,
GripLost,rf_19_raw_window,42,1,24,24,1,1,7,16,0,0.18666666666666668,0,0.5,
GripLost,rf_19_raw_window,42,1,24,24,1,1,8,17,0,0.16333333333333333,0,0.5,
GripLost,rf_19_raw_window,42,1,24,24,1,1,9,18,0,0.09,0,0.5,
GripLost,rf_19_raw_window,42,1,24,24,1,1,10,19,0,0.04,0,0.5,
GripLost,rf_19_raw_window,42,1,24,24,1,1,11,20,0,0.03,0,0.5,
GripLost,rf_19_raw_window,42,1,24,24,1,1,12,21,0,0.04,0,0.5,
GripLost,rf_19_raw_window,42,1,24,24,1,1,13,22,0,0.04,0,0.5,
GripLost,rf_19_raw_window,42,1,24,24,1,1,14,23,0,0.03666666666666667,0,0.5,
GripLost,rf_19_raw_window,42,1,25,25,1,1,0,9,0,0.03333333333333333,0,0.5,
GripLost,rf_19_raw_window,42,1,25,25,1,1,1,10,0,0.03,0,0.5,
GripLost,rf_19_raw_window,42,1,25,25,1,1,2,11,0,0.03666666666666667,0,0.5,
GripLost,rf_19_raw_window,42,1,25,25,1,1,3,12,0,0.11333333333333333,0,0.5,
GripLost,rf_19_raw_window,42,1,25,25,1,1,4,13,0,0.09333333333333334,0,0.5,
GripLost,rf_19_raw_window,42,1,25,25,1,1,5,14,0,0.24,0,0.5,
GripLost,rf_19_raw_window,42,1,25,25,1,1,6,15,0,0.13,0,0.5,
GripLost,rf_19_raw_window,42,1,25,25,1,1,7,16,0,0.12333333333333334,0,0.5,
GripLost,rf_19_raw_window,42,1,25,25,1,1,8,17,0,0.14333333333333334,0,0.5,
GripLost,rf_19_raw_window,42,1,25,25,1,1,9,18,0,0.08666666666666667,0,0.5,
GripLost,rf_19_raw_window,42,1,25,25,1,1,10,19,0,0.02666666666666667,0,0.5,
GripLost,rf_19_raw_window,42,1,25,25,1,1,11,20,0,0.023333333333333334,0,0.5,
GripLost,rf_19_raw_window,42,1,25,25,1,1,12,21,0,0.02666666666666667,0,0.5,
GripLost,rf_19_raw_window,42,1,25,25,1,1,13,22,0,0.016666666666666666,0,0.5,
GripLost,rf_19_raw_window,42,1,25,25,1,1,14,23,0,0.03,0,0.5,
GripLost,rf_19_raw_window,42,1,25,25,1,1,15,24,0,0.016666666666666666,0,0.5,
GripLost,rf_19_raw_window,42,2,26,26,1,2,0,9,0,0.01,0,0.5,
GripLost,rf_19_raw_window,42,2,26,26,1,2,1,10,0,0.0033333333333333335,0,0.5,
GripLost,rf_19_raw_window,42,2,26,26,1,2,2,11,0,0.0033333333333333335,0,0.5,
GripLost,rf_19_raw_window,42,2,26,26,1,2,3,12,0,0.0033333333333333335,0,0.5,
GripLost,rf_19_raw_window,42,2,26,26,1,2,4,13,0,0.03666666666666667,0,0.5,
GripLost,rf_19_raw_window,42,2,26,26,1,2,5,14,0,0.13,0,0.5,
GripLost,rf_19_raw_window,42,2,26,26,1,2,6,15,0,0.17333333333333334,0,0.5,
GripLost,rf_19_raw_window,42,2,26,26,1,2,7,16,0,0.18666666666666668,0,0.5,
GripLost,rf_19_raw_window,42,2,26,26,1,2,8,17,0,0.24,0,0.5,
GripLost,rf_19_raw_window,42,2,26,26,1,2,9,18,0,0.023333333333333334,0,0.5,
GripLost,rf_19_raw_window,42,2,26,26,1,2,10,19,0,0.016666666666666666,0,0.5,
GripLost,rf_19_raw_window,42,2,26,26,1,2,11,20,0,0.0,0,0.5,
GripLost,rf_19_raw_window,42,2,26,26,1,2,12,21,0,0.01,0,0.5,
GripLost,rf_19_raw_window,42,2,26,26,1,2,13,22,0,0.006666666666666667,0,0.5,
GripLost,rf_19_raw_window,42,2,26,26,1,2,14,23,0,0.0033333333333333335,0,0.5,
GripLost,rf_19_raw_window,42,2,27,27,1,2,0,9,0,0.023333333333333334,0,0.5,
GripLost,rf_19_raw_window,42,2,27,27,1,2,1,10,0,0.013333333333333334,0,0.5,
GripLost,rf_19_raw_window,42,2,27,27,1,2,2,11,0,0.04,0,0.5,
GripLost,rf_19_raw_window,42,2,27,27,1,2,3,12,0,0.006666666666666667,0,0.5,
GripLost,rf_19_raw_window,42,2,27,27,1,2,4,13,0,0.02666666666666667,0,0.5,
GripLost,rf_19_raw_window,42,2,27,27,1,2,5,14,0,0.06333333333333334,0,0.5,
GripLost,rf_19_raw_window,42,2,27,27,1,2,6,15,0,0.056666666666666664,0,0.5,
GripLost,rf_19_raw_window,42,2,27,27,1,2,7,16,0,0.08666666666666667,0,0.5,
GripLost,rf_19_raw_window,42,2,27,27,1,2,8,17,0,0.26,0,0.5,
GripLost,rf_19_raw_window,42,2,27,27,1,2,9,18,0,0.02,0,0.5,
GripLost,rf_19_raw_window,42,2,27,27,1,2,10,19,0,0.023333333333333334,0,0.5,
GripLost,rf_19_raw_window,42,2,27,27,1,2,11,20,0,0.03666666666666667,0,0.5,
GripLost,rf_19_raw_window,42,2,27,27,1,2,12,21,0,0.013333333333333334,0,0.5,
GripLost,rf_19_raw_window,42,2,27,27,1,2,13,22,0,0.01,0,0.5,
GripLost,rf_19_raw_window,42,2,27,27,1,2,14,23,0,0.02,0,0.5,
GripLost,rf_19_raw_window,42,2,28,28,1,2,0,9,0,0.016666666666666666,0,0.5,
GripLost,rf_19_raw_window,42,2,28,28,1,2,1,10,0,0.013333333333333334,0,0.5,
GripLost,rf_19_raw_window,42,2,28,28,1,2,2,11,0,0.016666666666666666,0,0.5,
GripLost,rf_19_raw_window,42,2,28,28,1,2,3,12,0,0.02,0,0.5,
GripLost,rf_19_raw_window,42,2,28,28,1,2,4,13,0,0.05333333333333334,0,0.5,
GripLost,rf_19_raw_window,42,2,28,28,1,2,5,14,0,0.2966666666666667,0,0.5,
GripLost,rf_19_raw_window,42,2,28,28,1,2,6,15,0,0.10333333333333333,0,0.5,
GripLost,rf_19_raw_window,42,2,28,28,1,2,7,16,0,0.2733333333333333,0,0.5,
GripLost,rf_19_raw_window,42,2,28,28,1,2,8,17,0,0.23333333333333334,0,0.5,
GripLost,rf_19_raw_window,42,2,28,28,1,2,9,18,0,0.06333333333333334,0,0.5,
GripLost,rf_19_raw_window,42,2,28,28,1,2,10,19,0,0.016666666666666666,0,0.5,
GripLost,rf_19_raw_window,42,2,28,28,1,2,11,20,0,0.016666666666666666,0,0.5,
GripLost,rf_19_raw_window,42,2,28,28,1,2,12,21,0,0.02,0,0.5,
GripLost,rf_19_raw_window,42,2,28,28,1,2,13,22,0,0.02,0,0.5,
GripLost,rf_19_raw_window,42,2,28,28,1,2,14,23,0,0.02,0,0.5,
GripLost,rf_19_raw_window,42,2,28,28,1,2,15,24,0,0.023333333333333334,0,0.5,
GripLost,rf_19_raw_window,42,2,29,29,1,2,0,9,0,0.013333333333333334,0,0.5,
GripLost,rf_19_raw_window,42,2,29,29,1,2,1,10,0,0.016666666666666666,0,0.5,
GripLost,rf_19_raw_window,42,2,29,29,1,2,2,11,0,0.013333333333333334,0,0.5,
GripLost,rf_19_raw_window,42,2,29,29,1,2,3,12,0,0.02666666666666667,0,0.5,
GripLost,rf_19_raw_window,42,2,29,29,1,2,4,13,0,0.1,0,0.5,
GripLost,rf_19_raw_window,42,2,29,29,1,2,5,14,0,0.06,0,0.5,
GripLost,rf_19_raw_window,42,2,29,29,1,2,6,15,0,0.03333333333333333,0,0.5,
GripLost,rf_19_raw_window,42,2,29,29,1,2,7,16,0,0.09666666666666666,0,0.5,
GripLost,rf_19_raw_window,42,2,29,29,1,2,8,17,0,0.006666666666666667,0,0.5,
GripLost,rf_19_raw_window,42,2,29,29,1,2,9,18,0,0.0,0,0.5,
GripLost,rf_19_raw_window,42,2,29,29,1,2,10,19,0,0.0,0,0.5,
GripLost,rf_19_raw_window,42,2,29,29,1,2,11,20,0,0.0,0,0.5,
GripLost,rf_19_raw_window,42,2,29,29,1,2,12,21,0,0.0,0,0.5,
GripLost,rf_19_raw_window,42,2,29,29,1,2,13,22,0,0.0033333333333333335,0,0.5,
GripLost,rf_19_raw_window,42,2,29,29,1,2,14,23,0,0.0033333333333333335,0,0.5,
GripLost,rf_19_raw_window,42,2,30,30,1,2,0,9,0,0.0033333333333333335,0,0.5,
GripLost,rf_19_raw_window,42,2,30,30,1,2,1,10,0,0.01,0,0.5,
GripLost,rf_19_raw_window,42,2,30,30,1,2,2,11,0,0.0033333333333333335,0,0.5,
GripLost,rf_19_raw_window,42,2,30,30,1,2,3,12,0,0.006666666666666667,0,0.5,
GripLost,rf_19_raw_window,42,2,30,30,1,2,4,13,0,0.013333333333333334,0,0.5,
GripLost,rf_19_raw_window,42,2,30,30,1,2,5,14,0,0.04,0,0.5,
GripLost,rf_19_raw_window,42,2,30,30,1,2,6,15,0,0.07666666666666666,0,0.5,
GripLost,rf_19_raw_window,42,2,30,30,1,2,7,16,0,0.12,0,0.5,
GripLost,rf_19_raw_window,42,2,30,30,1,2,8,17,0,0.04,0,0.5,
GripLost,rf_19_raw_window,42,2,30,30,1,2,9,18,0,0.0033333333333333335,0,0.5,
GripLost,rf_19_raw_window,42,2,30,30,1,2,10,19,0,0.0033333333333333335,0,0.5,
GripLost,rf_19_raw_window,42,2,30,30,1,2,11,20,0,0.0033333333333333335,0,0.5,
GripLost,rf_19_raw_window,42,2,30,30,1,2,12,21,0,0.0,0,0.5,
GripLost,rf_19_raw_window,42,2,30,30,1,2,13,22,0,0.0,0,0.5,
GripLost,rf_19_raw_window,42,2,30,30,1,2,14,23,0,0.0,0,0.5,
GripLost,rf_19_raw_window,42,2,31,31,1,2,0,9,0,0.0033333333333333335,0,0.5,
GripLost,rf_19_raw_window,42,2,31,31,1,2,1,10,0,0.01,0,0.5,
GripLost,rf_19_raw_window,42,2,31,31,1,2,2,11,0,0.006666666666666667,0,0.5,
GripLost,rf_19_raw_window,42,2,31,31,1,2,3,12,0,0.0033333333333333335,0,0.5,
GripLost,rf_19_raw_window,42,2,31,31,1,2,4,13,0,0.03,0,0.5,
GripLost,rf_19_raw_window,42,2,31,31,1,2,5,14,0,0.16333333333333333,0,0.5,
GripLost,rf_19_raw_window,42,2,31,31,1,2,6,15,0,0.17,0,0.5,
GripLost,rf_19_raw_window,42,2,31,31,1,2,7,16,0,0.09333333333333334,0,0.5,
GripLost,rf_19_raw_window,42,2,31,31,1,2,8,17,0,0.05333333333333334,0,0.5,
GripLost,rf_19_raw_window,42,2,31,31,1,2,9,18,0,0.04666666666666667,0,0.5,
GripLost,rf_19_raw_window,42,2,31,31,1,2,10,19,0,0.04,0,0.5,
GripLost,rf_19_raw_window,42,2,31,31,1,2,11,20,0,0.02666666666666667,0,0.5,
GripLost,rf_19_raw_window,42,2,31,31,1,2,12,21,0,0.03666666666666667,0,0.5,
GripLost,rf_19_raw_window,42,2,31,31,1,2,13,22,0,0.023333333333333334,0,0.5,
GripLost,rf_19_raw_window,42,2,32,32,1,2,0,9,0,0.06333333333333334,0,0.5,
GripLost,rf_19_raw_window,42,2,32,32,1,2,1,10,0,0.10333333333333333,0,0.5,
GripLost,rf_19_raw_window,42,2,32,32,1,2,2,11,0,0.16333333333333333,0,0.5,
GripLost,rf_19_raw_window,42,2,32,32,1,2,3,12,0,0.07333333333333333,0,0.5,
GripLost,rf_19_raw_window,42,2,32,32,1,2,4,13,0,0.04,0,0.5,
GripLost,rf_19_raw_window,42,2,32,32,1,2,5,14,0,0.18333333333333332,0,0.5,
GripLost,rf_19_raw_window,42,2,32,32,1,2,6,15,0,0.11,0,0.5,
GripLost,rf_19_raw_window,42,2,32,32,1,2,7,16,0,0.19,0,0.5,
GripLost,rf_19_raw_window,42,2,32,32,1,2,8,17,0,0.13,0,0.5,
GripLost,rf_19_raw_window,42,2,32,32,1,2,9,18,0,0.056666666666666664,0,0.5,
GripLost,rf_19_raw_window,42,2,32,32,1,2,10,19,0,0.05,0,0.5,
GripLost,rf_19_raw_window,42,2,32,32,1,2,11,20,0,0.04666666666666667,0,0.5,
GripLost,rf_19_raw_window,42,2,32,32,1,2,12,21,0,0.03666666666666667,0,0.5,
GripLost,rf_19_raw_window,42,2,32,32,1,2,13,22,0,0.013333333333333334,0,0.5,
GripLost,rf_19_raw_window,42,2,32,32,1,2,14,23,0,0.013333333333333334,0,0.5,
GripLost,rf_19_raw_window,42,2,33,33,1,2,0,9,0,0.006666666666666667,0,0.5,
GripLost,rf_19_raw_window,42,2,33,33,1,2,1,10,0,0.0033333333333333335,0,0.5,
GripLost,rf_19_raw_window,42,2,33,33,1,2,2,11,0,0.013333333333333334,0,0.5,
GripLost,rf_19_raw_window,42,2,33,33,1,2,3,12,0,0.01,0,0.5,
GripLost,rf_19_raw_window,42,2,33,33,1,2,4,13,0,0.11,0,0.5,
GripLost,rf_19_raw_window,42,2,33,33,1,2,5,14,0,0.15333333333333332,0,0.5,
GripLost,rf_19_raw_window,42,2,33,33,1,2,6,15,0,0.09,0,0.5,
GripLost,rf_19_raw_window,42,2,33,33,1,2,7,16,0,0.13333333333333333,0,0.5,
GripLost,rf_19_raw_window,42,2,33,33,1,2,8,17,0,0.21666666666666667,0,0.5,
GripLost,rf_19_raw_window,42,2,33,33,1,2,9,18,0,0.14,0,0.5,
GripLost,rf_19_raw_window,42,2,33,33,1,2,10,19,0,0.22,0,0.5,
GripLost,rf_19_raw_window,42,2,33,33,1,2,11,20,0,0.043333333333333335,0,0.5,
GripLost,rf_19_raw_window,42,2,33,33,1,2,12,21,0,0.043333333333333335,0,0.5,
GripLost,rf_19_raw_window,42,2,33,33,1,2,13,22,0,0.056666666666666664,0,0.5,
GripLost,rf_19_raw_window,42,2,33,33,1,2,14,23,0,0.06333333333333334,0,0.5,
GripLost,rf_19_raw_window,42,2,33,33,1,2,15,24,0,0.07,0,0.5,
GripLost,rf_19_raw_window,42,2,34,34,1,2,0,9,0,0.006666666666666667,0,0.5,
GripLost,rf_19_raw_window,42,2,34,34,1,2,1,10,0,0.013333333333333334,0,0.5,
GripLost,rf_19_raw_window,42,2,34,34,1,2,2,11,0,0.02666666666666667,0,0.5,
GripLost,rf_19_raw_window,42,2,34,34,1,2,3,12,0,0.03,0,0.5,
GripLost,rf_19_raw_window,42,2,34,34,1,2,4,13,0,0.016666666666666666,0,0.5,
GripLost,rf_19_raw_window,42,2,34,34,1,2,5,14,0,0.12333333333333334,0,0.5,
GripLost,rf_19_raw_window,42,2,34,34,1,2,6,15,0,0.11333333333333333,0,0.5,
GripLost,rf_19_raw_window,42,2,34,34,1,2,7,16,0,0.16666666666666666,0,0.5,
GripLost,rf_19_raw_window,42,2,34,34,1,2,8,17,0,0.11666666666666667,0,0.5,
GripLost,rf_19_raw_window,42,2,34,34,1,2,9,18,0,0.05333333333333334,0,0.5,
GripLost,rf_19_raw_window,42,2,34,34,1,2,10,19,0,0.04,0,0.5,
GripLost,rf_19_raw_window,42,2,34,34,1,2,11,20,0,0.03666666666666667,0,0.5,
GripLost,rf_19_raw_window,42,2,34,34,1,2,12,21,0,0.03333333333333333,0,0.5,
GripLost,rf_19_raw_window,42,2,34,34,1,2,13,22,0,0.023333333333333334,0,0.5,
GripLost,rf_19_raw_window,42,2,34,34,1,2,14,23,0,0.02666666666666667,0,0.5,
GripLost,rf_19_raw_window,42,2,35,35,1,2,0,9,0,0.013333333333333334,0,0.5,
GripLost,rf_19_raw_window,42,2,35,35,1,2,1,10,0,0.013333333333333334,0,0.5,
GripLost,rf_19_raw_window,42,2,35,35,1,2,2,11,0,0.023333333333333334,0,0.5,
GripLost,rf_19_raw_window,42,2,35,35,1,2,3,12,0,0.013333333333333334,0,0.5,
GripLost,rf_19_raw_window,42,2,35,35,1,2,4,13,0,0.013333333333333334,0,0.5,
GripLost,rf_19_raw_window,42,2,35,35,1,2,5,14,0,0.016666666666666666,0,0.5,
GripLost,rf_19_raw_window,42,2,35,35,1,2,6,15,0,0.03,0,0.5,
GripLost,rf_19_raw_window,42,2,35,35,1,2,7,16,0,0.06333333333333334,0,0.5,
GripLost,rf_19_raw_window,42,2,35,35,1,2,8,17,0,0.08,0,0.5,
GripLost,rf_19_raw_window,42,2,35,35,1,2,9,18,0,0.056666666666666664,0,0.5,
GripLost,rf_19_raw_window,42,2,35,35,1,2,10,19,0,0.11666666666666667,0,0.5,
GripLost,rf_19_raw_window,42,2,35,35,1,2,11,20,0,0.09,0,0.5,
GripLost,rf_19_raw_window,42,2,35,35,1,2,12,21,0,0.18666666666666668,0,0.5,
GripLost,rf_19_raw_window,42,2,35,35,1,2,13,22,0,0.06333333333333334,0,0.5,
GripLost,rf_19_raw_window,42,2,35,35,1,2,14,23,0,0.05,0,0.5,
GripLost,rf_19_raw_window,42,2,35,35,1,2,15,24,0,0.0033333333333333335,0,0.5,
GripLost,rf_19_raw_window,42,2,35,35,1,2,16,25,0,0.013333333333333334,0,0.5,
GripLost,rf_19_raw_window,42,2,35,35,1,2,17,26,0,0.01,0,0.5,
GripLost,rf_19_raw_window,42,2,35,35,1,2,18,27,0,0.013333333333333334,0,0.5,
GripLost,rf_19_raw_window,42,2,35,35,1,2,19,28,0,0.016666666666666666,0,0.5,
GripLost,rf_19_raw_window,42,2,36,36,1,2,0,9,1,0.24,0,0.5,
GripLost,rf_19_raw_window,42,2,36,36,1,2,1,10,1,0.21333333333333335,0,0.5,
GripLost,rf_19_raw_window,42,2,36,36,1,2,2,11,1,0.49333333333333335,0,0.5,
GripLost,rf_19_raw_window,42,2,36,36,1,2,3,12,1,0.48333333333333334,0,0.5,
GripLost,rf_19_raw_window,42,2,36,36,1,2,4,13,1,0.36666666666666664,0,0.5,
GripLost,rf_19_raw_window,42,2,36,36,1,2,5,14,0,0.15666666666666668,0,0.5,
GripLost,rf_19_raw_window,42,2,36,36,1,2,6,15,0,0.1,0,0.5,
GripLost,rf_19_raw_window,42,2,36,36,1,2,7,16,0,0.12666666666666668,0,0.5,
GripLost,rf_19_raw_window,42,2,36,36,1,2,8,17,0,0.16666666666666666,0,0.5,
GripLost,rf_19_raw_window,42,2,36,36,1,2,9,18,0,0.20666666666666667,0,0.5,
GripLost,rf_19_raw_window,42,2,36,36,1,2,10,19,0,0.4,0,0.5,
GripLost,rf_19_raw_window,42,2,36,36,1,2,11,20,1,0.43333333333333335,0,0.5,
GripLost,rf_19_raw_window,42,2,36,36,1,2,12,21,1,0.4,0,0.5,
GripLost,rf_19_raw_window,42,2,36,36,1,2,13,22,1,0.6,1,0.5,
GripLost,rf_19_raw_window,42,2,36,36,1,2,14,23,1,0.77,1,0.5,
GripLost,rf_19_raw_window,42,2,36,36,1,2,15,24,1,0.7933333333333333,1,0.5,
GripLost,rf_19_raw_window,42,2,36,36,1,2,16,25,1,0.8933333333333333,1,0.5,
GripLost,rf_19_raw_window,42,2,36,36,1,2,17,26,1,0.88,1,0.5,
GripLost,rf_19_raw_window,42,2,36,36,1,2,18,27,1,0.8866666666666667,1,0.5,
GripLost,rf_19_raw_window,42,2,36,36,1,2,19,28,1,0.8533333333333334,1,0.5,
GripLost,rf_19_raw_window,42,2,36,36,1,2,20,29,1,0.87,1,0.5,
GripLost,rf_19_raw_window,42,2,36,36,1,2,21,30,1,0.8266666666666667,1,0.5,
GripLost,rf_19_raw_window,42,2,36,36,1,2,22,31,1,0.8633333333333333,1,0.5,
GripLost,rf_19_raw_window,42,2,36,36,1,2,23,32,1,0.79,1,0.5,
GripLost,rf_19_raw_window,42,2,37,37,1,2,0,9,0,0.006666666666666667,0,0.5,
GripLost,rf_19_raw_window,42,2,37,37,1,2,1,10,0,0.0,0,0.5,
GripLost,rf_19_raw_window,42,2,37,37,1,2,2,11,0,0.0,0,0.5,
GripLost,rf_19_raw_window,42,2,37,37,1,2,3,12,0,0.0033333333333333335,0,0.5,
GripLost,rf_19_raw_window,42,2,37,37,1,2,4,13,0,0.006666666666666667,0,0.5,
GripLost,rf_19_raw_window,42,2,37,37,1,2,5,14,0,0.02,0,0.5,
GripLost,rf_19_raw_window,42,2,37,37,1,2,6,15,0,0.19333333333333333,0,0.5,
GripLost,rf_19_raw_window,42,2,37,37,1,2,7,16,0,0.28,0,0.5,
GripLost,rf_19_raw_window,42,2,37,37,1,2,8,17,0,0.12333333333333334,0,0.5,
GripLost,rf_19_raw_window,42,2,37,37,1,2,9,18,0,0.08666666666666667,0,0.5,
GripLost,rf_19_raw_window,42,2,37,37,1,2,10,19,0,0.03,0,0.5,
GripLost,rf_19_raw_window,42,2,37,37,1,2,11,20,0,0.023333333333333334,0,0.5,
GripLost,rf_19_raw_window,42,2,37,37,1,2,12,21,0,0.023333333333333334,0,0.5,
GripLost,rf_19_raw_window,42,2,37,37,1,2,13,22,0,0.02666666666666667,0,0.5,
GripLost,rf_19_raw_window,42,2,37,37,1,2,14,23,0,0.03666666666666667,0,0.5,
GripLost,rf_19_raw_window,42,2,38,38,1,2,0,9,0,0.01,0,0.5,
GripLost,rf_19_raw_window,42,2,38,38,1,2,1,10,0,0.006666666666666667,0,0.5,
GripLost,rf_19_raw_window,42,2,38,38,1,2,2,11,0,0.006666666666666667,0,0.5,
GripLost,rf_19_raw_window,42,2,38,38,1,2,3,12,0,0.006666666666666667,0,0.5,
GripLost,rf_19_raw_window,42,2,38,38,1,2,4,13,0,0.03,0,0.5,
GripLost,rf_19_raw_window,42,2,38,38,1,2,5,14,0,0.16666666666666666,0,0.5,
GripLost,rf_19_raw_window,42,2,38,38,1,2,6,15,0,0.16,0,0.5,
GripLost,rf_19_raw_window,42,2,38,38,1,2,7,16,0,0.33,0,0.5,
GripLost,rf_19_raw_window,42,2,38,38,1,2,8,17,0,0.2733333333333333,0,0.5,
GripLost,rf_19_raw_window,42,2,38,38,1,2,9,18,0,0.02666666666666667,0,0.5,
GripLost,rf_19_raw_window,42,2,38,38,1,2,10,19,0,0.013333333333333334,0,0.5,
GripLost,rf_19_raw_window,42,2,38,38,1,2,11,20,0,0.01,0,0.5,
GripLost,rf_19_raw_window,42,2,38,38,1,2,12,21,0,0.01,0,0.5,
GripLost,rf_19_raw_window,42,2,38,38,1,2,13,22,0,0.0,0,0.5,
GripLost,rf_19_raw_window,42,2,38,38,1,2,14,23,0,0.0033333333333333335,0,0.5,
GripLost,rf_19_raw_window,42,2,39,39,1,2,0,9,1,0.30333333333333334,0,0.5,
GripLost,rf_19_raw_window,42,2,39,39,1,2,1,10,1,0.44333333333333336,0,0.5,
GripLost,rf_19_raw_window,42,2,39,39,1,2,2,11,1,0.6666666666666666,1,0.5,
GripLost,rf_19_raw_window,42,2,39,39,1,2,3,12,1,0.7633333333333333,1,0.5,
GripLost,rf_19_raw_window,42,2,39,39,1,2,4,13,1,0.6266666666666667,1,0.5,
GripLost,rf_19_raw_window,42,2,39,39,1,2,5,14,0,0.36,0,0.5,
GripLost,rf_19_raw_window,42,2,39,39,1,2,6,15,0,0.14666666666666667,0,0.5,
GripLost,rf_19_raw_window,42,2,39,39,1,2,7,16,1,0.2966666666666667,0,0.5,
GripLost,rf_19_raw_window,42,2,39,39,1,2,8,17,1,0.58,1,0.5,
GripLost,rf_19_raw_window,42,2,39,39,1,2,9,18,1,0.59,1,0.5,
GripLost,rf_19_raw_window,42,2,39,39,1,2,10,19,1,0.6,1,0.5,
GripLost,rf_19_raw_window,42,2,39,39,1,2,11,20,1,0.6366666666666667,1,0.5,
GripLost,rf_19_raw_window,42,2,39,39,1,2,12,21,1,0.6866666666666666,1,0.5,
GripLost,rf_19_raw_window,42,2,39,39,1,2,13,22,1,0.6933333333333334,1,0.5,
GripLost,rf_19_raw_window,42,2,39,39,1,2,14,23,1,0.72,1,0.5,
GripLost,rf_19_raw_window,42,2,40,40,1,2,0,9,0,0.3566666666666667,0,0.5,
GripLost,rf_19_raw_window,42,2,40,40,1,2,1,10,0,0.4,0,0.5,
GripLost,rf_19_raw_window,42,2,40,40,1,2,2,11,0,0.48,0,0.5,
GripLost,rf_19_raw_window,42,2,40,40,1,2,3,12,0,0.62,1,0.5,
GripLost,rf_19_raw_window,42,2,40,40,1,2,4,13,0,0.4033333333333333,0,0.5,
GripLost,rf_19_raw_window,42,2,40,40,1,2,5,14,0,0.26666666666666666,0,0.5,
GripLost,rf_19_raw_window,42,2,40,40,1,2,6,15,0,0.30333333333333334,0,0.5,
GripLost,rf_19_raw_window,42,2,40,40,1,2,7,16,0,0.24,0,0.5,
GripLost,rf_19_raw_window,42,2,40,40,1,2,8,17,0,0.23333333333333334,0,0.5,
GripLost,rf_19_raw_window,42,2,40,40,1,2,9,18,1,0.35333333333333333,0,0.5,
GripLost,rf_19_raw_window,42,2,40,40,1,2,10,19,1,0.3233333333333333,0,0.5,
GripLost,rf_19_raw_window,42,2,40,40,1,2,11,20,1,0.29333333333333333,0,0.5,
GripLost,rf_19_raw_window,42,2,40,40,1,2,12,21,1,0.34,0,0.5,
GripLost,rf_19_raw_window,42,2,40,40,1,2,13,22,1,0.38333333333333336,0,0.5,
GripLost,rf_19_raw_window,42,2,40,40,1,2,14,23,1,0.44666666666666666,0,0.5,
GripLost,rf_19_raw_window,42,2,40,40,1,2,15,24,1,0.4266666666666667,0,0.5,
GripLost,rf_19_raw_window,42,2,40,40,1,2,16,25,1,0.36666666666666664,0,0.5,
GripLost,rf_19_raw_window,42,2,40,40,1,2,17,26,1,0.5766666666666667,1,0.5,
GripLost,rf_19_raw_window,42,2,40,40,1,2,18,27,1,0.7333333333333333,1,0.5,
GripLost,rf_19_raw_window,42,2,40,40,1,2,19,28,1,0.56,1,0.5,
GripLost,rf_19_raw_window,42,2,41,41,1,2,0,9,0,0.01,0,0.5,
GripLost,rf_19_raw_window,42,2,41,41,1,2,1,10,0,0.0033333333333333335,0,0.5,
GripLost,rf_19_raw_window,42,2,41,41,1,2,2,11,0,0.006666666666666667,0,0.5,
GripLost,rf_19_raw_window,42,2,41,41,1,2,3,12,0,0.006666666666666667,0,0.5,
GripLost,rf_19_raw_window,42,2,41,41,1,2,4,13,0,0.016666666666666666,0,0.5,
GripLost,rf_19_raw_window,42,2,41,41,1,2,5,14,0,0.06333333333333334,0,0.5,
GripLost,rf_19_raw_window,42,2,41,41,1,2,6,15,0,0.07,0,0.5,
GripLost,rf_19_raw_window,42,2,41,41,1,2,7,16,0,0.10666666666666667,0,0.5,
GripLost,rf_19_raw_window,42,2,41,41,1,2,8,17,0,0.22,0,0.5,
GripLost,rf_19_raw_window,42,2,41,41,1,2,9,18,0,0.07666666666666666,0,0.5,
GripLost,rf_19_raw_window,42,2,41,41,1,2,10,19,0,0.06666666666666667,0,0.5,
GripLost,rf_19_raw_window,42,2,41,41,1,2,11,20,0,0.09333333333333334,0,0.5,
GripLost,rf_19_raw_window,42,2,41,41,1,2,12,21,0,0.04,0,0.5,
GripLost,rf_19_raw_window,42,2,41,41,1,2,13,22,0,0.01,0,0.5,
GripLost,rf_19_raw_window,42,2,41,41,1,2,14,23,0,0.02,0,0.5,
GripLost,rf_19_raw_window,42,2,42,42,1,2,0,9,0,0.01,0,0.5,
GripLost,rf_19_raw_window,42,2,42,42,1,2,1,10,0,0.006666666666666667,0,0.5,
GripLost,rf_19_raw_window,42,2,42,42,1,2,2,11,0,0.016666666666666666,0,0.5,
GripLost,rf_19_raw_window,42,2,42,42,1,2,3,12,0,0.016666666666666666,0,0.5,
GripLost,rf_19_raw_window,42,2,42,42,1,2,4,13,0,0.023333333333333334,0,0.5,
GripLost,rf_19_raw_window,42,2,42,42,1,2,5,14,0,0.05,0,0.5,
GripLost,rf_19_raw_window,42,2,42,42,1,2,6,15,0,0.03,0,0.5,
GripLost,rf_19_raw_window,42,2,42,42,1,2,7,16,0,0.016666666666666666,0,0.5,
GripLost,rf_19_raw_window,42,2,42,42,1,2,8,17,0,0.0033333333333333335,0,0.5,
GripLost,rf_19_raw_window,42,2,42,42,1,2,9,18,0,0.0033333333333333335,0,0.5,
GripLost,rf_19_raw_window,42,2,42,42,1,2,10,19,0,0.0033333333333333335,0,0.5,
GripLost,rf_19_raw_window,42,2,42,42,1,2,11,20,0,0.0033333333333333335,0,0.5,
GripLost,rf_19_raw_window,42,2,42,42,1,2,12,21,0,0.0033333333333333335,0,0.5,
GripLost,rf_19_raw_window,42,2,42,42,1,2,13,22,0,0.0,0,0.5,
GripLost,rf_19_raw_window,42,2,42,42,1,2,14,23,0,0.006666666666666667,0,0.5,
GripLost,rf_19_raw_window,42,2,42,42,1,2,15,24,0,0.0033333333333333335,0,0.5,
GripLost,rf_19_raw_window,42,2,42,42,1,2,16,25,0,0.0033333333333333335,0,0.5,
GripLost,rf_19_raw_window,42,2,42,42,1,2,17,26,0,0.0,0,0.5,
GripLost,rf_19_raw_window,42,2,42,42,1,2,18,27,0,0.01,0,0.5,
GripLost,rf_19_raw_window,42,2,42,42,1,2,19,28,0,0.013333333333333334,0,0.5,
GripLost,rf_19_raw_window,42,2,42,42,1,2,20,29,0,0.016666666666666666,0,0.5,
GripLost,rf_19_raw_window,42,2,42,42,1,2,21,30,0,0.016666666666666666,0,0.5,
GripLost,rf_19_raw_window,42,2,42,42,1,2,22,31,0,0.02,0,0.5,
GripLost,rf_19_raw_window,42,2,42,42,1,2,23,32,0,0.016666666666666666,0,0.5,
GripLost,rf_19_raw_window,42,2,42,42,1,2,24,33,0,0.03333333333333333,0,0.5,
GripLost,rf_19_raw_window,42,2,42,42,1,2,25,34,0,0.04,0,0.5,
GripLost,rf_19_raw_window,42,2,42,42,1,2,26,35,0,0.4066666666666667,0,0.5,
GripLost,rf_19_raw_window,42,2,42,42,1,2,27,36,0,0.41333333333333333,0,0.5,
GripLost,rf_19_raw_window,42,2,42,42,1,2,28,37,0,0.38666666666666666,0,0.5,
GripLost,rf_19_raw_window,42,2,42,42,1,2,29,38,0,0.3933333333333333,0,0.5,
GripLost,rf_19_raw_window,42,2,42,42,1,2,30,39,0,0.36333333333333334,0,0.5,
GripLost,rf_19_raw_window,42,2,42,42,1,2,31,40,0,0.38666666666666666,0,0.5,
GripLost,rf_19_raw_window,42,2,42,42,1,2,32,41,0,0.38666666666666666,0,0.5,
GripLost,rf_19_raw_window,42,2,42,42,1,2,33,42,0,0.35,0,0.5,
GripLost,rf_19_raw_window,42,2,42,42,1,2,34,43,0,0.3466666666666667,0,0.5,
GripLost,rf_19_raw_window,42,2,42,42,1,2,35,44,0,0.21666666666666667,0,0.5,
GripLost,rf_19_raw_window,42,2,42,42,1,2,36,45,0,0.13666666666666666,0,0.5,
GripLost,rf_19_raw_window,42,2,42,42,1,2,37,46,0,0.12,0,0.5,
GripLost,rf_19_raw_window,42,2,42,42,1,2,38,47,0,0.11333333333333333,0,0.5,
GripLost,rf_19_raw_window,42,2,42,42,1,2,39,48,0,0.10666666666666667,0,0.5,
GripLost,rf_19_raw_window,42,2,42,42,1,2,40,49,0,0.10333333333333333,0,0.5,
GripLost,rf_19_raw_window,42,2,42,42,1,2,41,50,0,0.10666666666666667,0,0.5,
GripLost,rf_19_raw_window,42,2,42,42,1,2,42,51,0,0.2633333333333333,0,0.5,
GripLost,rf_19_raw_window,42,2,42,42,1,2,43,52,0,0.35333333333333333,0,0.5,
GripLost,rf_19_raw_window,42,2,42,42,1,2,44,53,0,0.29,0,0.5,
GripLost,rf_19_raw_window,42,2,42,42,1,2,45,54,0,0.29,0,0.5,
GripLost,rf_19_raw_window,42,2,42,42,1,2,46,55,0,0.27,0,0.5,
GripLost,rf_19_raw_window,42,2,42,42,1,2,47,56,0,0.27,0,0.5,
GripLost,rf_19_raw_window,42,2,42,42,1,2,48,57,0,0.25333333333333335,0,0.5,
GripLost,rf_19_raw_window,42,2,42,42,1,2,49,58,0,0.25666666666666665,0,0.5,
GripLost,rf_19_raw_window,42,2,42,42,1,2,50,59,0,0.2866666666666667,0,0.5,
GripLost,rf_19_raw_window,42,2,42,42,1,2,51,60,0,0.2866666666666667,0,0.5,
GripLost,rf_19_raw_window,42,2,42,42,1,2,52,61,0,0.29333333333333333,0,0.5,
GripLost,rf_19_raw_window,42,2,42,42,1,2,53,62,0,0.31,0,0.5,
GripLost,rf_19_raw_window,42,2,42,42,1,2,54,63,0,0.31,0,0.5,
GripLost,rf_19_raw_window,42,2,42,42,1,2,55,64,0,0.30333333333333334,0,0.5,
GripLost,rf_19_raw_window,42,2,42,42,1,2,56,65,0,0.31666666666666665,0,0.5,
GripLost,rf_19_raw_window,42,2,42,42,1,2,57,66,0,0.30666666666666664,0,0.5,
GripLost,rf_19_raw_window,42,2,42,42,1,2,58,67,0,0.3433333333333333,0,0.5,
GripLost,rf_19_raw_window,42,2,42,42,1,2,59,68,0,0.29333333333333333,0,0.5,
GripLost,rf_19_raw_window,42,2,42,42,1,2,60,69,0,0.44666666666666666,0,0.5,
GripLost,rf_19_raw_window,42,2,42,42,1,2,61,70,0,0.44666666666666666,0,0.5,
GripLost,rf_19_raw_window,42,2,42,42,1,2,62,71,0,0.4166666666666667,0,0.5,
GripLost,rf_19_raw_window,42,2,42,42,1,2,63,72,0,0.4,0,0.5,
GripLost,rf_19_raw_window,42,2,42,42,1,2,64,73,0,0.4166666666666667,0,0.5,
GripLost,rf_19_raw_window,42,2,42,42,1,2,65,74,0,0.4066666666666667,0,0.5,
GripLost,rf_19_raw_window,42,2,42,42,1,2,66,75,0,0.38,0,0.5,
GripLost,rf_19_raw_window,42,2,42,42,1,2,67,76,0,0.31,0,0.5,
GripLost,rf_19_raw_window,42,2,42,42,1,2,68,77,0,0.21666666666666667,0,0.5,
GripLost,rf_19_raw_window,42,2,42,42,1,2,69,78,0,0.22666666666666666,0,0.5,
GripLost,rf_19_raw_window,42,2,42,42,1,2,70,79,0,0.23666666666666666,0,0.5,
GripLost,rf_19_raw_window,42,2,43,43,1,2,0,9,0,0.016666666666666666,0,0.5,
GripLost,rf_19_raw_window,42,2,43,43,1,2,1,10,0,0.013333333333333334,0,0.5,
GripLost,rf_19_raw_window,42,2,43,43,1,2,2,11,0,0.01,0,0.5,
GripLost,rf_19_raw_window,42,2,43,43,1,2,3,12,0,0.02666666666666667,0,0.5,
GripLost,rf_19_raw_window,42,2,43,43,1,2,4,13,0,0.056666666666666664,0,0.5,
GripLost,rf_19_raw_window,42,2,43,43,1,2,5,14,0,0.06333333333333334,0,0.5,
GripLost,rf_19_raw_window,42,2,43,43,1,2,6,15,0,0.09333333333333334,0,0.5,
GripLost,rf_19_raw_window,42,2,43,43,1,2,7,16,0,0.05,0,0.5,
GripLost,rf_19_raw_window,42,2,43,43,1,2,8,17,0,0.03333333333333333,0,0.5,
GripLost,rf_19_raw_window,42,2,43,43,1,2,9,18,0,0.02,0,0.5,
GripLost,rf_19_raw_window,42,2,43,43,1,2,10,19,0,0.006666666666666667,0,0.5,
GripLost,rf_19_raw_window,42,2,43,43,1,2,11,20,0,0.013333333333333334,0,0.5,
GripLost,rf_19_raw_window,42,2,43,43,1,2,12,21,0,0.01,0,0.5,
GripLost,rf_19_raw_window,42,2,43,43,1,2,13,22,0,0.006666666666666667,0,0.5,
GripLost,rf_19_raw_window,42,2,43,43,1,2,14,23,0,0.0033333333333333335,0,0.5,
GripLost,rf_19_raw_window,42,2,44,44,1,2,0,9,0,0.02666666666666667,0,0.5,
GripLost,rf_19_raw_window,42,2,44,44,1,2,1,10,0,0.02,0,0.5,
GripLost,rf_19_raw_window,42,2,44,44,1,2,2,11,0,0.01,0,0.5,
GripLost,rf_19_raw_window,42,2,44,44,1,2,3,12,0,0.02,0,0.5,
GripLost,rf_19_raw_window,42,2,44,44,1,2,4,13,0,0.16,0,0.5,
GripLost,rf_19_raw_window,42,2,44,44,1,2,5,14,0,0.13,0,0.5,
GripLost,rf_19_raw_window,42,2,44,44,1,2,6,15,0,0.06,0,0.5,
GripLost,rf_19_raw_window,42,2,44,44,1,2,7,16,0,0.14666666666666667,0,0.5,
GripLost,rf_19_raw_window,42,2,44,44,1,2,8,17,0,0.043333333333333335,0,0.5,
GripLost,rf_19_raw_window,42,2,44,44,1,2,9,18,0,0.0033333333333333335,0,0.5,
GripLost,rf_19_raw_window,42,2,44,44,1,2,10,19,0,0.0033333333333333335,0,0.5,
GripLost,rf_19_raw_window,42,2,44,44,1,2,11,20,0,0.006666666666666667,0,0.5,
GripLost,rf_19_raw_window,42,2,44,44,1,2,12,21,0,0.0,0,0.5,
GripLost,rf_19_raw_window,42,2,44,44,1,2,13,22,0,0.0,0,0.5,
GripLost,rf_19_raw_window,42,2,44,44,1,2,14,23,0,0.0,0,0.5,
GripLost,rf_19_raw_window,42,2,45,45,1,2,0,9,0,0.02,0,0.5,
GripLost,rf_19_raw_window,42,2,45,45,1,2,1,10,0,0.023333333333333334,0,0.5,
GripLost,rf_19_raw_window,42,2,45,45,1,2,2,11,0,0.013333333333333334,0,0.5,
GripLost,rf_19_raw_window,42,2,45,45,1,2,3,12,0,0.023333333333333334,0,0.5,
GripLost,rf_19_raw_window,42,2,45,45,1,2,4,13,0,0.17,0,0.5,
GripLost,rf_19_raw_window,42,2,45,45,1,2,5,14,0,0.09333333333333334,0,0.5,
GripLost,rf_19_raw_window,42,2,45,45,1,2,6,15,0,0.02,0,0.5,
GripLost,rf_19_raw_window,42,2,45,45,1,2,7,16,0,0.06,0,0.5,
GripLost,rf_19_raw_window,42,2,45,45,1,2,8,17,0,0.0,0,0.5,
GripLost,rf_19_raw_window,42,2,45,45,1,2,9,18,0,0.02,0,0.5,
GripLost,rf_19_raw_window,42,2,45,45,1,2,10,19,0,0.006666666666666667,0,0.5,
GripLost,rf_19_raw_window,42,2,45,45,1,2,11,20,0,0.006666666666666667,0,0.5,
GripLost,rf_19_raw_window,42,2,45,45,1,2,12,21,0,0.01,0,0.5,
GripLost,rf_19_raw_window,42,2,45,45,1,2,13,22,0,0.0033333333333333335,0,0.5,
GripLost,rf_19_raw_window,42,2,45,45,1,2,14,23,0,0.016666666666666666,0,0.5,
GripLost,rf_19_raw_window,42,2,48,48,1,2,0,9,0,0.01,0,0.5,
GripLost,rf_19_raw_window,42,2,48,48,1,2,1,10,0,0.0033333333333333335,0,0.5,
GripLost,rf_19_raw_window,42,2,48,48,1,2,2,11,0,0.0,0,0.5,
GripLost,rf_19_raw_window,42,2,48,48,1,2,3,12,0,0.0033333333333333335,0,0.5,
GripLost,rf_19_raw_window,42,2,48,48,1,2,4,13,0,0.01,0,0.5,
GripLost,rf_19_raw_window,42,2,48,48,1,2,5,14,0,0.08666666666666667,0,0.5,
GripLost,rf_19_raw_window,42,2,48,48,1,2,6,15,0,0.09666666666666666,0,0.5,
GripLost,rf_19_raw_window,42,2,48,48,1,2,7,16,0,0.22333333333333333,0,0.5,
GripLost,rf_19_raw_window,42,2,48,48,1,2,8,17,0,0.0,0,0.5,
GripLost,rf_19_raw_window,42,2,48,48,1,2,9,18,0,0.02,0,0.5,
GripLost,rf_19_raw_window,42,2,48,48,1,2,10,19,0,0.016666666666666666,0,0.5,
GripLost,rf_19_raw_window,42,2,48,48,1,2,11,20,0,0.01,0,0.5,
GripLost,rf_19_raw_window,42,2,48,48,1,2,12,21,0,0.006666666666666667,0,0.5,
GripLost,rf_19_raw_window,42,2,48,48,1,2,13,22,0,0.006666666666666667,0,0.5,
GripLost,rf_19_raw_window,42,2,48,48,1,2,14,23,0,0.016666666666666666,0,0.5,
GripLost,rf_19_raw_window,42,2,49,49,1,2,0,9,0,0.03333333333333333,0,0.5,
GripLost,rf_19_raw_window,42,2,49,49,1,2,1,10,0,0.016666666666666666,0,0.5,
GripLost,rf_19_raw_window,42,2,49,49,1,2,2,11,0,0.04666666666666667,0,0.5,
GripLost,rf_19_raw_window,42,2,49,49,1,2,3,12,0,0.006666666666666667,0,0.5,
GripLost,rf_19_raw_window,42,2,49,49,1,2,4,13,0,0.03666666666666667,0,0.5,
GripLost,rf_19_raw_window,42,2,49,49,1,2,5,14,0,0.05,0,0.5,
GripLost,rf_19_raw_window,42,2,49,49,1,2,6,15,0,0.03333333333333333,0,0.5,
GripLost,rf_19_raw_window,42,2,49,49,1,2,7,16,0,0.05,0,0.5,
GripLost,rf_19_raw_window,42,2,49,49,1,2,8,17,0,0.17666666666666667,0,0.5,
GripLost,rf_19_raw_window,42,2,49,49,1,2,9,18,0,0.06666666666666667,0,0.5,
GripLost,rf_19_raw_window,42,2,49,49,1,2,10,19,0,0.06,0,0.5,
GripLost,rf_19_raw_window,42,2,49,49,1,2,11,20,0,0.12,0,0.5,
GripLost,rf_19_raw_window,42,2,49,49,1,2,12,21,0,0.043333333333333335,0,0.5,
GripLost,rf_19_raw_window,42,2,49,49,1,2,13,22,0,0.05333333333333334,0,0.5,
GripLost,rf_19_raw_window,42,2,49,49,1,2,14,23,0,0.07333333333333333,0,0.5,
GripLost,rf_19_raw_window,42,2,50,50,1,2,0,9,0,0.016666666666666666,0,0.5,
GripLost,rf_19_raw_window,42,2,50,50,1,2,1,10,0,0.013333333333333334,0,0.5,
GripLost,rf_19_raw_window,42,2,50,50,1,2,2,11,0,0.02,0,0.5,
GripLost,rf_19_raw_window,42,2,50,50,1,2,3,12,0,0.006666666666666667,0,0.5,
GripLost,rf_19_raw_window,42,2,50,50,1,2,4,13,0,0.09,0,0.5,
GripLost,rf_19_raw_window,42,2,50,50,1,2,5,14,0,0.17,0,0.5,
GripLost,rf_19_raw_window,42,2,50,50,1,2,6,15,0,0.10666666666666667,0,0.5,
GripLost,rf_19_raw_window,42,2,50,50,1,2,7,16,0,0.10333333333333333,0,0.5,
GripLost,rf_19_raw_window,42,2,50,50,1,2,8,17,0,0.006666666666666667,0,0.5,
GripLost,rf_19_raw_window,42,2,50,50,1,2,9,18,0,0.006666666666666667,0,0.5,
GripLost,rf_19_raw_window,42,2,50,50,1,2,10,19,0,0.01,0,0.5,
GripLost,rf_19_raw_window,42,2,50,50,1,2,11,20,0,0.006666666666666667,0,0.5,
GripLost,rf_19_raw_window,42,2,50,50,1,2,12,21,0,0.006666666666666667,0,0.5,
GripLost,rf_19_raw_window,42,2,50,50,1,2,13,22,0,0.006666666666666667,0,0.5,
GripLost,rf_19_raw_window,42,2,50,50,1,2,14,23,0,0.0,0,0.5,
GripLost,rf_19_raw_window,42,3,51,51,1,3,0,9,0,0.0033333333333333335,0,0.5,
GripLost,rf_19_raw_window,42,3,51,51,1,3,1,10,0,0.0033333333333333335,0,0.5,
GripLost,rf_19_raw_window,42,3,51,51,1,3,2,11,0,0.01,0,0.5,
GripLost,rf_19_raw_window,42,3,51,51,1,3,3,12,0,0.006666666666666667,0,0.5,
GripLost,rf_19_raw_window,42,3,51,51,1,3,4,13,0,0.016666666666666666,0,0.5,
GripLost,rf_19_raw_window,42,3,51,51,1,3,5,14,0,0.04,0,0.5,
GripLost,rf_19_raw_window,42,3,51,51,1,3,6,15,0,0.043333333333333335,0,0.5,
GripLost,rf_19_raw_window,42,3,51,51,1,3,7,16,0,0.11333333333333333,0,0.5,
GripLost,rf_19_raw_window,42,3,51,51,1,3,8,17,0,0.006666666666666667,0,0.5,
GripLost,rf_19_raw_window,42,3,51,51,1,3,9,18,0,0.006666666666666667,0,0.5,
GripLost,rf_19_raw_window,42,3,51,51,1,3,10,19,0,0.0033333333333333335,0,0.5,
GripLost,rf_19_raw_window,42,3,51,51,1,3,11,20,0,0.0033333333333333335,0,0.5,
GripLost,rf_19_raw_window,42,3,51,51,1,3,12,21,0,0.006666666666666667,0,0.5,
GripLost,rf_19_raw_window,42,3,51,51,1,3,13,22,0,0.006666666666666667,0,0.5,
GripLost,rf_19_raw_window,42,3,51,51,1,3,14,23,0,0.016666666666666666,0,0.5,
GripLost,rf_19_raw_window,42,3,52,52,1,3,0,9,0,0.0,0,0.5,
GripLost,rf_19_raw_window,42,3,52,52,1,3,1,10,0,0.0033333333333333335,0,0.5,
GripLost,rf_19_raw_window,42,3,52,52,1,3,2,11,0,0.0033333333333333335,0,0.5,
GripLost,rf_19_raw_window,42,3,52,52,1,3,3,12,0,0.006666666666666667,0,0.5,
GripLost,rf_19_raw_window,42,3,52,52,1,3,4,13,0,0.01,0,0.5,
GripLost,rf_19_raw_window,42,3,52,52,1,3,5,14,0,0.056666666666666664,0,0.5,
GripLost,rf_19_raw_window,42,3,52,52,1,3,6,15,0,0.07666666666666666,0,0.5,
GripLost,rf_19_raw_window,42,3,52,52,1,3,7,16,0,0.21333333333333335,0,0.5,
GripLost,rf_19_raw_window,42,3,52,52,1,3,8,17,0,0.26666666666666666,0,0.5,
GripLost,rf_19_raw_window,42,3,52,52,1,3,9,18,0,0.20333333333333334,0,0.5,
GripLost,rf_19_raw_window,42,3,52,52,1,3,10,19,0,0.20333333333333334,0,0.5,
GripLost,rf_19_raw_window,42,3,52,52,1,3,11,20,0,0.18333333333333332,0,0.5,
GripLost,rf_19_raw_window,42,3,52,52,1,3,12,21,0,0.24333333333333335,0,0.5,
GripLost,rf_19_raw_window,42,3,52,52,1,3,13,22,0,0.23666666666666666,0,0.5,
GripLost,rf_19_raw_window,42,3,52,52,1,3,14,23,0,0.29,0,0.5,
GripLost,rf_19_raw_window,42,3,53,53,1,3,0,9,0,0.04666666666666667,0,0.5,
GripLost,rf_19_raw_window,42,3,53,53,1,3,1,10,0,0.04666666666666667,0,0.5,
GripLost,rf_19_raw_window,42,3,53,53,1,3,2,11,0,0.09666666666666666,0,0.5,
GripLost,rf_19_raw_window,42,3,53,53,1,3,3,12,0,0.08333333333333333,0,0.5,
GripLost,rf_19_raw_window,42,3,53,53,1,3,4,13,0,0.06,0,0.5,
GripLost,rf_19_raw_window,42,3,53,53,1,3,5,14,0,0.05,0,0.5,
GripLost,rf_19_raw_window,42,3,53,53,1,3,6,15,0,0.013333333333333334,0,0.5,
GripLost,rf_19_raw_window,42,3,53,53,1,3,7,16,0,0.01,0,0.5,
GripLost,rf_19_raw_window,42,3,53,53,1,3,8,17,0,0.01,0,0.5,
GripLost,rf_19_raw_window,42,3,53,53,1,3,9,18,0,0.01,0,0.5,
GripLost,rf_19_raw_window,42,3,53,53,1,3,10,19,0,0.01,0,0.5,
GripLost,rf_19_raw_window,42,3,53,53,1,3,11,20,0,0.01,0,0.5,
GripLost,rf_19_raw_window,42,3,53,53,1,3,12,21,0,0.013333333333333334,0,0.5,
GripLost,rf_19_raw_window,42,3,53,53,1,3,13,22,0,0.02666666666666667,0,0.5,
GripLost,rf_19_raw_window,42,3,53,53,1,3,14,23,0,0.043333333333333335,0,0.5,
GripLost,rf_19_raw_window,42,3,53,53,1,3,15,24,0,0.02666666666666667,0,0.5,
GripLost,rf_19_raw_window,42,3,53,53,1,3,16,25,0,0.03333333333333333,0,0.5,
GripLost,rf_19_raw_window,42,3,53,53,1,3,17,26,0,0.03333333333333333,0,0.5,
GripLost,rf_19_raw_window,42,3,53,53,1,3,18,27,0,0.013333333333333334,0,0.5,
GripLost,rf_19_raw_window,42,3,53,53,1,3,19,28,0,0.013333333333333334,0,0.5,
GripLost,rf_19_raw_window,42,3,53,53,1,3,20,29,0,0.013333333333333334,0,0.5,
GripLost,rf_19_raw_window,42,3,53,53,1,3,21,30,0,0.02,0,0.5,
GripLost,rf_19_raw_window,42,3,53,53,1,3,22,31,0,0.02,0,0.5,
GripLost,rf_19_raw_window,42,3,53,53,1,3,23,32,0,0.016666666666666666,0,0.5,
GripLost,rf_19_raw_window,42,3,53,53,1,3,24,33,0,0.01,0,0.5,
GripLost,rf_19_raw_window,42,3,53,53,1,3,25,34,0,0.02,0,0.5,
GripLost,rf_19_raw_window,42,3,53,53,1,3,26,35,0,0.013333333333333334,0,0.5,
GripLost,rf_19_raw_window,42,3,53,53,1,3,27,36,0,0.02666666666666667,0,0.5,
GripLost,rf_19_raw_window,42,3,53,53,1,3,28,37,0,0.06333333333333334,0,0.5,
GripLost,rf_19_raw_window,42,3,53,53,1,3,29,38,0,0.05333333333333334,0,0.5,
GripLost,rf_19_raw_window,42,3,53,53,1,3,30,39,0,0.15666666666666668,0,0.5,
GripLost,rf_19_raw_window,42,3,53,53,1,3,31,40,0,0.11333333333333333,0,0.5,
GripLost,rf_19_raw_window,42,3,53,53,1,3,32,41,0,0.08666666666666667,0,0.5,
GripLost,rf_19_raw_window,42,3,53,53,1,3,33,42,0,0.13333333333333333,0,0.5,
GripLost,rf_19_raw_window,42,3,53,53,1,3,34,43,0,0.31666666666666665,0,0.5,
GripLost,rf_19_raw_window,42,3,53,53,1,3,35,44,0,0.2866666666666667,0,0.5,
GripLost,rf_19_raw_window,42,3,53,53,1,3,36,45,0,0.043333333333333335,0,0.5,
GripLost,rf_19_raw_window,42,3,53,53,1,3,37,46,0,0.03,0,0.5,
GripLost,rf_19_raw_window,42,3,53,53,1,3,38,47,0,0.03333333333333333,0,0.5,
GripLost,rf_19_raw_window,42,3,53,53,1,3,39,48,0,0.016666666666666666,0,0.5,
GripLost,rf_19_raw_window,42,3,53,53,1,3,40,49,0,0.013333333333333334,0,0.5,
GripLost,rf_19_raw_window,42,3,53,53,1,3,41,50,0,0.016666666666666666,0,0.5,
GripLost,rf_19_raw_window,42,3,53,53,1,3,42,51,0,0.02666666666666667,0,0.5,
GripLost,rf_19_raw_window,42,3,54,54,1,3,0,9,0,0.0033333333333333335,0,0.5,
GripLost,rf_19_raw_window,42,3,54,54,1,3,1,10,0,0.0,0,0.5,
GripLost,rf_19_raw_window,42,3,54,54,1,3,2,11,0,0.006666666666666667,0,0.5,
GripLost,rf_19_raw_window,42,3,54,54,1,3,3,12,0,0.01,0,0.5,
GripLost,rf_19_raw_window,42,3,54,54,1,3,4,13,0,0.03,0,0.5,
GripLost,rf_19_raw_window,42,3,54,54,1,3,5,14,0,0.16333333333333333,0,0.5,
GripLost,rf_19_raw_window,42,3,54,54,1,3,6,15,0,0.11666666666666667,0,0.5,
GripLost,rf_19_raw_window,42,3,54,54,1,3,7,16,0,0.24666666666666667,0,0.5,
GripLost,rf_19_raw_window,42,3,54,54,1,3,8,17,0,0.28,0,0.5,
GripLost,rf_19_raw_window,42,3,54,54,1,3,9,18,0,0.06,0,0.5,
GripLost,rf_19_raw_window,42,3,54,54,1,3,10,19,0,0.03333333333333333,0,0.5,
GripLost,rf_19_raw_window,42,3,54,54,1,3,11,20,0,0.04,0,0.5,
GripLost,rf_19_raw_window,42,3,54,54,1,3,12,21,0,0.0033333333333333335,0,0.5,
GripLost,rf_19_raw_window,42,3,54,54,1,3,13,22,0,0.0033333333333333335,0,0.5,
GripLost,rf_19_raw_window,42,3,54,54,1,3,14,23,0,0.013333333333333334,0,0.5,
GripLost,rf_19_raw_window,42,3,55,55,1,3,0,9,0,0.006666666666666667,0,0.5,
GripLost,rf_19_raw_window,42,3,55,55,1,3,1,10,0,0.006666666666666667,0,0.5,
GripLost,rf_19_raw_window,42,3,55,55,1,3,2,11,0,0.01,0,0.5,
GripLost,rf_19_raw_window,42,3,55,55,1,3,3,12,0,0.006666666666666667,0,0.5,
GripLost,rf_19_raw_window,42,3,55,55,1,3,4,13,0,0.26666666666666666,0,0.5,
GripLost,rf_19_raw_window,42,3,55,55,1,3,5,14,0,0.14333333333333334,0,0.5,
GripLost,rf_19_raw_window,42,3,55,55,1,3,6,15,0,0.12666666666666668,0,0.5,
GripLost,rf_19_raw_window,42,3,55,55,1,3,7,16,0,0.21,0,0.5,
GripLost,rf_19_raw_window,42,3,55,55,1,3,8,17,0,0.19666666666666666,0,0.5,
GripLost,rf_19_raw_window,42,3,55,55,1,3,9,18,0,0.01,0,0.5,
GripLost,rf_19_raw_window,42,3,55,55,1,3,10,19,0,0.0033333333333333335,0,0.5,
GripLost,rf_19_raw_window,42,3,55,55,1,3,11,20,0,0.01,0,0.5,
GripLost,rf_19_raw_window,42,3,55,55,1,3,12,21,0,0.0033333333333333335,0,0.5,
GripLost,rf_19_raw_window,42,3,55,55,1,3,13,22,0,0.0033333333333333335,0,0.5,
GripLost,rf_19_raw_window,42,3,55,55,1,3,14,23,0,0.006666666666666667,0,0.5,
GripLost,rf_19_raw_window,42,3,56,56,1,3,0,9,0,0.0033333333333333335,0,0.5,
GripLost,rf_19_raw_window,42,3,56,56,1,3,1,10,0,0.006666666666666667,0,0.5,
GripLost,rf_19_raw_window,42,3,56,56,1,3,2,11,0,0.013333333333333334,0,0.5,
GripLost,rf_19_raw_window,42,3,56,56,1,3,3,12,0,0.006666666666666667,0,0.5,
GripLost,rf_19_raw_window,42,3,56,56,1,3,4,13,0,0.013333333333333334,0,0.5,
GripLost,rf_19_raw_window,42,3,56,56,1,3,5,14,0,0.07,0,0.5,
GripLost,rf_19_raw_window,42,3,56,56,1,3,6,15,0,0.043333333333333335,0,0.5,
GripLost,rf_19_raw_window,42,3,56,56,1,3,7,16,0,0.15333333333333332,0,0.5,
GripLost,rf_19_raw_window,42,3,56,56,1,3,8,17,0,0.3233333333333333,0,0.5,
GripLost,rf_19_raw_window,42,3,56,56,1,3,9,18,0,0.10333333333333333,0,0.5,
GripLost,rf_19_raw_window,42,3,56,56,1,3,10,19,0,0.04666666666666667,0,0.5,
GripLost,rf_19_raw_window,42,3,56,56,1,3,11,20,0,0.05,0,0.5,
GripLost,rf_19_raw_window,42,3,56,56,1,3,12,21,0,0.013333333333333334,0,0.5,
GripLost,rf_19_raw_window,42,3,56,56,1,3,13,22,0,0.016666666666666666,0,0.5,
GripLost,rf_19_raw_window,42,3,56,56,1,3,14,23,0,0.043333333333333335,0,0.5,
GripLost,rf_19_raw_window,42,3,57,57,1,3,0,9,0,0.0033333333333333335,0,0.5,
GripLost,rf_19_raw_window,42,3,57,57,1,3,1,10,0,0.006666666666666667,0,0.5,
GripLost,rf_19_raw_window,42,3,57,57,1,3,2,11,0,0.016666666666666666,0,0.5,
GripLost,rf_19_raw_window,42,3,57,57,1,3,3,12,0,0.02,0,0.5,
GripLost,rf_19_raw_window,42,3,57,57,1,3,4,13,0,0.06333333333333334,0,0.5,
GripLost,rf_19_raw_window,42,3,57,57,1,3,5,14,0,0.42,0,0.5,
GripLost,rf_19_raw_window,42,3,57,57,1,3,6,15,0,0.66,1,0.5,
GripLost,rf_19_raw_window,42,3,57,57,1,3,7,16,0,0.4766666666666667,0,0.5,
GripLost,rf_19_raw_window,42,3,57,57,1,3,8,17,0,0.09,0,0.5,
GripLost,rf_19_raw_window,42,3,57,57,1,3,9,18,0,0.08333333333333333,0,0.5,
GripLost,rf_19_raw_window,42,3,57,57,1,3,10,19,0,0.04666666666666667,0,0.5,
GripLost,rf_19_raw_window,42,3,57,57,1,3,11,20,0,0.02666666666666667,0,0.5,
GripLost,rf_19_raw_window,42,3,57,57,1,3,12,21,0,0.03666666666666667,0,0.5,
GripLost,rf_19_raw_window,42,3,57,57,1,3,13,22,0,0.043333333333333335,0,0.5,
GripLost,rf_19_raw_window,42,3,57,57,1,3,14,23,0,0.03,0,0.5,
GripLost,rf_19_raw_window,42,3,57,57,1,3,15,24,0,0.05,0,0.5,
GripLost,rf_19_raw_window,42,3,57,57,1,3,16,25,0,0.06333333333333334,0,0.5,
GripLost,rf_19_raw_window,42,3,57,57,1,3,17,26,0,0.04,0,0.5,
GripLost,rf_19_raw_window,42,3,57,57,1,3,18,27,0,0.013333333333333334,0,0.5,
GripLost,rf_19_raw_window,42,3,57,57,1,3,19,28,0,0.006666666666666667,0,0.5,
GripLost,rf_19_raw_window,42,3,57,57,1,3,20,29,0,0.01,0,0.5,
GripLost,rf_19_raw_window,42,3,57,57,1,3,21,30,0,0.016666666666666666,0,0.5,
GripLost,rf_19_raw_window,42,3,57,57,1,3,22,31,0,0.02,0,0.5,
GripLost,rf_19_raw_window,42,3,57,57,1,3,23,32,0,0.016666666666666666,0,0.5,
GripLost,rf_19_raw_window,42,3,57,57,1,3,24,33,0,0.01,0,0.5,
GripLost,rf_19_raw_window,42,3,57,57,1,3,25,34,0,0.023333333333333334,0,0.5,
GripLost,rf_19_raw_window,42,3,57,57,1,3,26,35,0,0.043333333333333335,0,0.5,
GripLost,rf_19_raw_window,42,3,57,57,1,3,27,36,0,0.02,0,0.5,
GripLost,rf_19_raw_window,42,3,57,57,1,3,28,37,0,0.043333333333333335,0,0.5,
GripLost,rf_19_raw_window,42,3,57,57,1,3,29,38,0,0.056666666666666664,0,0.5,
GripLost,rf_19_raw_window,42,3,57,57,1,3,30,39,0,0.04,0,0.5,
GripLost,rf_19_raw_window,42,3,57,57,1,3,31,40,0,0.04,0,0.5,
GripLost,rf_19_raw_window,42,3,58,58,1,3,0,9,0,0.016666666666666666,0,0.5,
GripLost,rf_19_raw_window,42,3,58,58,1,3,1,10,0,0.013333333333333334,0,0.5,
GripLost,rf_19_raw_window,42,3,58,58,1,3,2,11,0,0.0,0,0.5,
GripLost,rf_19_raw_window,42,3,58,58,1,3,3,12,0,0.023333333333333334,0,0.5,
GripLost,rf_19_raw_window,42,3,58,58,1,3,4,13,0,0.03,0,0.5,
GripLost,rf_19_raw_window,42,3,58,58,1,3,5,14,0,0.09333333333333334,0,0.5,
GripLost,rf_19_raw_window,42,3,58,58,1,3,6,15,0,0.04,0,0.5,
GripLost,rf_19_raw_window,42,3,58,58,1,3,7,16,0,0.09,0,0.5,
GripLost,rf_19_raw_window,42,3,58,58,1,3,8,17,0,0.15666666666666668,0,0.5,
GripLost,rf_19_raw_window,42,3,58,58,1,3,9,18,0,0.15333333333333332,0,0.5,
GripLost,rf_19_raw_window,42,3,58,58,1,3,10,19,0,0.06,0,0.5,
GripLost,rf_19_raw_window,42,3,58,58,1,3,11,20,0,0.03666666666666667,0,0.5,
GripLost,rf_19_raw_window,42,3,58,58,1,3,12,21,0,0.03666666666666667,0,0.5,
GripLost,rf_19_raw_window,42,3,58,58,1,3,13,22,0,0.05,0,0.5,
GripLost,rf_19_raw_window,42,3,58,58,1,3,14,23,0,0.056666666666666664,0,0.5,
GripLost,rf_19_raw_window,42,3,59,59,1,3,0,9,0,0.016666666666666666,0,0.5,
GripLost,rf_19_raw_window,42,3,59,59,1,3,1,10,0,0.01,0,0.5,
GripLost,rf_19_raw_window,42,3,59,59,1,3,2,11,0,0.013333333333333334,0,0.5,
GripLost,rf_19_raw_window,42,3,59,59,1,3,3,12,0,0.0,0,0.5,
GripLost,rf_19_raw_window,42,3,59,59,1,3,4,13,0,0.023333333333333334,0,0.5,
GripLost,rf_19_raw_window,42,3,59,59,1,3,5,14,0,0.10333333333333333,0,0.5,
GripLost,rf_19_raw_window,42,3,59,59,1,3,6,15,0,0.09,0,0.5,
GripLost,rf_19_raw_window,42,3,59,59,1,3,7,16,0,0.3333333333333333,0,0.5,
GripLost,rf_19_raw_window,42,3,59,59,1,3,8,17,0,0.11666666666666667,0,0.5,
GripLost,rf_19_raw_window,42,3,59,59,1,3,9,18,0,0.09,0,0.5,
GripLost,rf_19_raw_window,42,3,59,59,1,3,10,19,0,0.03,0,0.5,
GripLost,rf_19_raw_window,42,3,59,59,1,3,11,20,0,0.03666666666666667,0,0.5,
GripLost,rf_19_raw_window,42,3,59,59,1,3,12,21,0,0.04,0,0.5,
GripLost,rf_19_raw_window,42,3,59,59,1,3,13,22,0,0.013333333333333334,0,0.5,
GripLost,rf_19_raw_window,42,3,59,59,1,3,14,23,0,0.01,0,0.5,
GripLost,rf_19_raw_window,42,3,60,60,1,3,0,9,0,0.03,0,0.5,
GripLost,rf_19_raw_window,42,3,60,60,1,3,1,10,0,0.03,0,0.5,
GripLost,rf_19_raw_window,42,3,60,60,1,3,2,11,0,0.043333333333333335,0,0.5,
GripLost,rf_19_raw_window,42,3,60,60,1,3,3,12,0,0.02666666666666667,0,0.5,
GripLost,rf_19_raw_window,42,3,60,60,1,3,4,13,0,0.03666666666666667,0,0.5,
GripLost,rf_19_raw_window,42,3,60,60,1,3,5,14,0,0.13666666666666666,0,0.5,
GripLost,rf_19_raw_window,42,3,60,60,1,3,6,15,0,0.043333333333333335,0,0.5,
GripLost,rf_19_raw_window,42,3,60,60,1,3,7,16,0,0.19,0,0.5,
GripLost,rf_19_raw_window,42,3,60,60,1,3,8,17,0,0.35,0,0.5,
GripLost,rf_19_raw_window,42,3,60,60,1,3,9,18,0,0.02666666666666667,0,0.5,
GripLost,rf_19_raw_window,42,3,60,60,1,3,10,19,0,0.016666666666666666,0,0.5,
GripLost,rf_19_raw_window,42,3,60,60,1,3,11,20,0,0.03666666666666667,0,0.5,
GripLost,rf_19_raw_window,42,3,60,60,1,3,12,21,0,0.03666666666666667,0,0.5,
GripLost,rf_19_raw_window,42,3,60,60,1,3,13,22,0,0.056666666666666664,0,0.5,
GripLost,rf_19_raw_window,42,3,60,60,1,3,14,23,0,0.07333333333333333,0,0.5,
GripLost,rf_19_raw_window,42,3,60,60,1,3,15,24,0,0.043333333333333335,0,0.5,
GripLost,rf_19_raw_window,42,3,61,61,1,3,0,9,0,0.016666666666666666,0,0.5,
GripLost,rf_19_raw_window,42,3,61,61,1,3,1,10,0,0.03333333333333333,0,0.5,
GripLost,rf_19_raw_window,42,3,61,61,1,3,2,11,0,0.03333333333333333,0,0.5,
GripLost,rf_19_raw_window,42,3,61,61,1,3,3,12,0,0.07333333333333333,0,0.5,
GripLost,rf_19_raw_window,42,3,61,61,1,3,4,13,0,0.09333333333333334,0,0.5,
GripLost,rf_19_raw_window,42,3,61,61,1,3,5,14,0,0.013333333333333334,0,0.5,
GripLost,rf_19_raw_window,42,3,61,61,1,3,6,15,0,0.10666666666666667,0,0.5,
GripLost,rf_19_raw_window,42,3,61,61,1,3,7,16,0,0.0,0,0.5,
GripLost,rf_19_raw_window,42,3,61,61,1,3,8,17,0,0.01,0,0.5,
GripLost,rf_19_raw_window,42,3,61,61,1,3,9,18,0,0.016666666666666666,0,0.5,
GripLost,rf_19_raw_window,42,3,61,61,1,3,10,19,0,0.016666666666666666,0,0.5,
GripLost,rf_19_raw_window,42,3,61,61,1,3,11,20,0,0.02,0,0.5,
GripLost,rf_19_raw_window,42,3,61,61,1,3,12,21,0,0.006666666666666667,0,0.5,
GripLost,rf_19_raw_window,42,3,62,62,1,3,0,9,0,0.24,0,0.5,
GripLost,rf_19_raw_window,42,3,62,62,1,3,1,10,0,0.23,0,0.5,
GripLost,rf_19_raw_window,42,3,62,62,1,3,2,11,0,0.16333333333333333,0,0.5,
GripLost,rf_19_raw_window,42,3,62,62,1,3,3,12,0,0.2633333333333333,0,0.5,
GripLost,rf_19_raw_window,42,3,62,62,1,3,4,13,0,0.17,0,0.5,
GripLost,rf_19_raw_window,42,3,62,62,1,3,5,14,0,0.15666666666666668,0,0.5,
GripLost,rf_19_raw_window,42,3,62,62,1,3,6,15,0,0.09333333333333334,0,0.5,
GripLost,rf_19_raw_window,42,3,62,62,1,3,7,16,0,0.06666666666666667,0,0.5,
GripLost,rf_19_raw_window,42,3,62,62,1,3,8,17,0,0.16666666666666666,0,0.5,
GripLost,rf_19_raw_window,42,3,62,62,1,3,9,18,0,0.19,0,0.5,
GripLost,rf_19_raw_window,42,3,62,62,1,3,10,19,0,0.12,0,0.5,
GripLost,rf_19_raw_window,42,3,62,62,1,3,11,20,0,0.06666666666666667,0,0.5,
GripLost,rf_19_raw_window,42,3,62,62,1,3,12,21,0,0.1,0,0.5,
GripLost,rf_19_raw_window,42,3,62,62,1,3,13,22,0,0.10666666666666667,0,0.5,
GripLost,rf_19_raw_window,42,3,62,62,1,3,14,23,0,0.07,0,0.5,
GripLost,rf_19_raw_window,42,3,62,62,1,3,15,24,0,0.10333333333333333,0,0.5,
GripLost,rf_19_raw_window,42,3,63,63,1,3,0,9,0,0.16,0,0.5,
GripLost,rf_19_raw_window,42,3,63,63,1,3,1,10,0,0.14,0,0.5,
GripLost,rf_19_raw_window,42,3,63,63,1,3,2,11,0,0.15333333333333332,0,0.5,
GripLost,rf_19_raw_window,42,3,63,63,1,3,3,12,0,0.18,0,0.5,
GripLost,rf_19_raw_window,42,3,63,63,1,3,4,13,0,0.36333333333333334,0,0.5,
GripLost,rf_19_raw_window,42,3,63,63,1,3,5,14,0,0.44333333333333336,0,0.5,
GripLost,rf_19_raw_window,42,3,63,63,1,3,6,15,0,0.4633333333333333,0,0.5,
GripLost,rf_19_raw_window,42,3,63,63,1,3,7,16,0,0.2833333333333333,0,0.5,
GripLost,rf_19_raw_window,42,3,63,63,1,3,8,17,0,0.23,0,0.5,
GripLost,rf_19_raw_window,42,3,63,63,1,3,9,18,0,0.22,0,0.5,
GripLost,rf_19_raw_window,42,3,63,63,1,3,10,19,0,0.25,0,0.5,
GripLost,rf_19_raw_window,42,3,63,63,1,3,11,20,0,0.25,0,0.5,
GripLost,rf_19_raw_window,42,3,63,63,1,3,12,21,0,0.14333333333333334,0,0.5,
GripLost,rf_19_raw_window,42,3,63,63,1,3,13,22,0,0.03666666666666667,0,0.5,
GripLost,rf_19_raw_window,42,3,63,63,1,3,14,23,0,0.023333333333333334,0,0.5,
GripLost,rf_19_raw_window,42,3,63,63,1,3,15,24,0,0.13,0,0.5,
GripLost,rf_19_raw_window,42,3,63,63,1,3,16,25,0,0.27,0,0.5,
GripLost,rf_19_raw_window,42,3,63,63,1,3,17,26,1,0.6066666666666667,1,0.5,
GripLost,rf_19_raw_window,42,3,63,63,1,3,18,27,1,0.81,1,0.5,
GripLost,rf_19_raw_window,42,3,63,63,1,3,19,28,1,0.8366666666666667,1,0.5,
GripLost,rf_19_raw_window,42,3,63,63,1,3,20,29,1,0.8866666666666667,1,0.5,
GripLost,rf_19_raw_window,42,3,63,63,1,3,21,30,1,0.9566666666666667,1,0.5,
GripLost,rf_19_raw_window,42,3,63,63,1,3,22,31,1,0.94,1,0.5,
GripLost,rf_19_raw_window,42,3,63,63,1,3,23,32,1,0.8766666666666667,1,0.5,
GripLost,rf_19_raw_window,42,3,63,63,1,3,24,33,1,0.49,0,0.5,
GripLost,rf_19_raw_window,42,3,63,63,1,3,25,34,1,0.5466666666666666,1,0.5,
GripLost,rf_19_raw_window,42,3,63,63,1,3,26,35,1,0.5933333333333334,1,0.5,
GripLost,rf_19_raw_window,42,3,63,63,1,3,27,36,1,0.06,0,0.5,
GripLost,rf_19_raw_window,42,3,63,63,1,3,28,37,1,0.02666666666666667,0,0.5,
GripLost,rf_19_raw_window,42,3,63,63,1,3,29,38,1,0.006666666666666667,0,0.5,
GripLost,rf_19_raw_window,42,3,63,63,1,3,30,39,0,0.006666666666666667,0,0.5,
GripLost,rf_19_raw_window,42,3,64,64,1,3,0,9,1,0.2966666666666667,0,0.5,
GripLost,rf_19_raw_window,42,3,64,64,1,3,1,10,1,0.38333333333333336,0,0.5,
GripLost,rf_19_raw_window,42,3,64,64,1,3,2,11,1,0.3433333333333333,0,0.5,
GripLost,rf_19_raw_window,42,3,64,64,1,3,3,12,1,0.8,1,0.5,
GripLost,rf_19_raw_window,42,3,64,64,1,3,4,13,1,0.7833333333333333,1,0.5,
GripLost,rf_19_raw_window,42,3,64,64,1,3,5,14,1,0.8266666666666667,1,0.5,
GripLost,rf_19_raw_window,42,3,64,64,1,3,6,15,0,0.17333333333333334,0,0.5,
GripLost,rf_19_raw_window,42,3,64,64,1,3,7,16,0,0.20666666666666667,0,0.5,
GripLost,rf_19_raw_window,42,3,64,64,1,3,8,17,1,0.37,0,0.5,
GripLost,rf_19_raw_window,42,3,64,64,1,3,9,18,1,0.6833333333333333,1,0.5,
GripLost,rf_19_raw_window,42,3,64,64,1,3,10,19,1,0.71,1,0.5,
GripLost,rf_19_raw_window,42,3,64,64,1,3,11,20,1,0.8233333333333334,1,0.5,
GripLost,rf_19_raw_window,42,3,64,64,1,3,12,21,1,0.9066666666666666,1,0.5,
GripLost,rf_19_raw_window,42,3,64,64,1,3,13,22,1,0.92,1,0.5,
GripLost,rf_19_raw_window,42,3,64,64,1,3,14,23,1,0.97,1,0.5,
GripLost,rf_19_raw_window,42,3,64,64,1,3,15,24,1,0.9666666666666667,1,0.5,
GripLost,rf_19_raw_window,42,3,65,65,1,3,0,9,1,0.26666666666666666,0,0.5,
GripLost,rf_19_raw_window,42,3,65,65,1,3,1,10,1,0.24333333333333335,0,0.5,
GripLost,rf_19_raw_window,42,3,65,65,1,3,2,11,1,0.33666666666666667,0,0.5,
GripLost,rf_19_raw_window,42,3,65,65,1,3,3,12,1,0.24666666666666667,0,0.5,
GripLost,rf_19_raw_window,42,3,65,65,1,3,4,13,1,0.14333333333333334,0,0.5,
GripLost,rf_19_raw_window,42,3,65,65,1,3,5,14,0,0.07,0,0.5,
GripLost,rf_19_raw_window,42,3,65,65,1,3,6,15,1,0.05333333333333334,0,0.5,
GripLost,rf_19_raw_window,42,3,65,65,1,3,7,16,1,0.06,0,0.5,
GripLost,rf_19_raw_window,42,3,65,65,1,3,8,17,1,0.16,0,0.5,
GripLost,rf_19_raw_window,42,3,65,65,1,3,9,18,1,0.6566666666666666,1,0.5,
GripLost,rf_19_raw_window,42,3,65,65,1,3,10,19,1,0.6433333333333333,1,0.5,
GripLost,rf_19_raw_window,42,3,65,65,1,3,11,20,1,0.72,1,0.5,
GripLost,rf_19_raw_window,42,3,65,65,1,3,12,21,1,0.8966666666666666,1,0.5,
GripLost,rf_19_raw_window,42,3,66,66,1,3,0,9,0,0.01,0,0.5,
GripLost,rf_19_raw_window,42,3,66,66,1,3,1,10,0,0.013333333333333334,0,0.5,
GripLost,rf_19_raw_window,42,3,66,66,1,3,2,11,0,0.006666666666666667,0,0.5,
GripLost,rf_19_raw_window,42,3,66,66,1,3,3,12,0,0.013333333333333334,0,0.5,
GripLost,rf_19_raw_window,42,3,66,66,1,3,4,13,0,0.0033333333333333335,0,0.5,
GripLost,rf_19_raw_window,42,3,66,66,1,3,5,14,0,0.0,0,0.5,
GripLost,rf_19_raw_window,42,3,66,66,1,3,6,15,0,0.0033333333333333335,0,0.5,
GripLost,rf_19_raw_window,42,3,66,66,1,3,7,16,0,0.22333333333333333,0,0.5,
GripLost,rf_19_raw_window,42,3,66,66,1,3,8,17,0,0.24333333333333335,0,0.5,
GripLost,rf_19_raw_window,42,3,66,66,1,3,9,18,0,0.27666666666666667,0,0.5,
GripLost,rf_19_raw_window,42,3,66,66,1,3,10,19,0,0.11,0,0.5,
GripLost,rf_19_raw_window,42,3,66,66,1,3,11,20,0,0.14,0,0.5,
GripLost,rf_19_raw_window,42,3,66,66,1,3,12,21,0,0.14666666666666667,0,0.5,
GripLost,rf_19_raw_window,42,3,66,66,1,3,13,22,0,0.11666666666666667,0,0.5,
GripLost,rf_19_raw_window,42,3,66,66,1,3,14,23,0,0.10333333333333333,0,0.5,
GripLost,rf_19_raw_window,42,3,66,66,1,3,15,24,0,0.11666666666666667,0,0.5,
GripLost,rf_19_raw_window,42,3,66,66,1,3,16,25,0,0.08666666666666667,0,0.5,
GripLost,rf_19_raw_window,42,3,67,67,1,3,0,9,0,0.023333333333333334,0,0.5,
GripLost,rf_19_raw_window,42,3,67,67,1,3,1,10,0,0.01,0,0.5,
GripLost,rf_19_raw_window,42,3,67,67,1,3,2,11,0,0.023333333333333334,0,0.5,
GripLost,rf_19_raw_window,42,3,67,67,1,3,3,12,0,0.04,0,0.5,
GripLost,rf_19_raw_window,42,3,67,67,1,3,4,13,0,0.27,0,0.5,
GripLost,rf_19_raw_window,42,3,67,67,1,3,5,14,0,0.22666666666666666,0,0.5,
GripLost,rf_19_raw_window,42,3,67,67,1,3,6,15,0,0.08666666666666667,0,0.5,
GripLost,rf_19_raw_window,42,3,67,67,1,3,7,16,0,0.15666666666666668,0,0.5,
GripLost,rf_19_raw_window,42,3,67,67,1,3,8,17,0,0.5433333333333333,1,0.5,
GripLost,rf_19_raw_window,42,3,67,67,1,3,9,18,1,0.7,1,0.5,
GripLost,rf_19_raw_window,42,3,67,67,1,3,10,19,1,0.8566666666666667,1,0.5,
GripLost,rf_19_raw_window,42,3,67,67,1,3,11,20,1,0.9566666666666667,1,0.5,
GripLost,rf_19_raw_window,42,3,67,67,1,3,12,21,1,0.96,1,0.5,
GripLost,rf_19_raw_window,42,3,67,67,1,3,13,22,1,0.9733333333333334,1,0.5,
GripLost,rf_19_raw_window,42,3,67,67,1,3,14,23,1,0.97,1,0.5,
GripLost,rf_19_raw_window,42,3,68,68,1,3,0,9,0,0.006666666666666667,0,0.5,
GripLost,rf_19_raw_window,42,3,68,68,1,3,1,10,0,0.01,0,0.5,
GripLost,rf_19_raw_window,42,3,68,68,1,3,2,11,0,0.05,0,0.5,
GripLost,rf_19_raw_window,42,3,68,68,1,3,3,12,0,0.13666666666666666,0,0.5,
GripLost,rf_19_raw_window,42,3,68,68,1,3,4,13,0,0.18333333333333332,0,0.5,
GripLost,rf_19_raw_window,42,3,68,68,1,3,5,14,0,0.21666666666666667,0,0.5,
GripLost,rf_19_raw_window,42,3,68,68,1,3,6,15,0,0.28,0,0.5,
GripLost,rf_19_raw_window,42,3,68,68,1,3,7,16,0,0.16666666666666666,0,0.5,
GripLost,rf_19_raw_window,42,3,68,68,1,3,8,17,0,0.11333333333333333,0,0.5,
GripLost,rf_19_raw_window,42,3,68,68,1,3,9,18,0,0.056666666666666664,0,0.5,
GripLost,rf_19_raw_window,42,3,68,68,1,3,10,19,0,0.016666666666666666,0,0.5,
GripLost,rf_19_raw_window,42,3,68,68,1,3,11,20,0,0.0033333333333333335,0,0.5,
GripLost,rf_19_raw_window,42,3,68,68,1,3,12,21,0,0.04666666666666667,0,0.5,
GripLost,rf_19_raw_window,42,3,68,68,1,3,13,22,0,0.04666666666666667,0,0.5,
GripLost,rf_19_raw_window,42,3,68,68,1,3,14,23,0,0.02666666666666667,0,0.5,
GripLost,rf_19_raw_window,42,3,69,69,1,3,0,9,0,0.10666666666666667,0,0.5,
GripLost,rf_19_raw_window,42,3,69,69,1,3,1,10,0,0.07333333333333333,0,0.5,
GripLost,rf_19_raw_window,42,3,69,69,1,3,2,11,0,0.12666666666666668,0,0.5,
GripLost,rf_19_raw_window,42,3,69,69,1,3,3,12,0,0.17333333333333334,0,0.5,
GripLost,rf_19_raw_window,42,3,69,69,1,3,4,13,0,0.06333333333333334,0,0.5,
GripLost,rf_19_raw_window,42,3,69,69,1,3,5,14,0,0.06333333333333334,0,0.5,
GripLost,rf_19_raw_window,42,3,69,69,1,3,6,15,0,0.15,0,0.5,
GripLost,rf_19_raw_window,42,3,69,69,1,3,7,16,0,0.14,0,0.5,
GripLost,rf_19_raw_window,42,3,69,69,1,3,8,17,0,0.13,0,0.5,
GripLost,rf_19_raw_window,42,3,69,69,1,3,9,18,0,0.2866666666666667,0,0.5,
GripLost,rf_19_raw_window,42,3,69,69,1,3,10,19,0,0.30666666666666664,0,0.5,
GripLost,rf_19_raw_window,42,3,69,69,1,3,11,20,0,0.6366666666666667,1,0.5,
GripLost,rf_19_raw_window,42,3,69,69,1,3,12,21,0,0.6733333333333333,1,0.5,
GripLost,rf_19_raw_window,42,3,69,69,1,3,13,22,0,0.65,1,0.5,
GripLost,rf_19_raw_window,42,3,69,69,1,3,14,23,0,0.48,0,0.5,
GripLost,rf_19_raw_window,42,3,69,69,1,3,15,24,0,0.4633333333333333,0,0.5,
GripLost,rf_19_raw_window,42,3,69,69,1,3,16,25,0,0.5066666666666667,1,0.5,
GripLost,rf_19_raw_window,42,3,69,69,1,3,17,26,0,0.5333333333333333,1,0.5,
GripLost,rf_19_raw_window,42,3,69,69,1,3,18,27,0,0.55,1,0.5,
GripLost,rf_19_raw_window,42,3,69,69,1,3,19,28,1,0.67,1,0.5,
GripLost,rf_19_raw_window,42,3,69,69,1,3,20,29,1,0.7033333333333334,1,0.5,
GripLost,rf_19_raw_window,42,3,69,69,1,3,21,30,1,0.8766666666666667,1,0.5,
GripLost,rf_19_raw_window,42,3,69,69,1,3,22,31,1,0.86,1,0.5,
GripLost,rf_19_raw_window,42,3,69,69,1,3,23,32,1,0.84,1,0.5,
GripLost,rf_19_raw_window,42,3,70,70,1,3,0,9,0,0.0033333333333333335,0,0.5,
GripLost,rf_19_raw_window,42,3,70,70,1,3,1,10,0,0.01,0,0.5,
GripLost,rf_19_raw_window,42,3,70,70,1,3,2,11,0,0.006666666666666667,0,0.5,
GripLost,rf_19_raw_window,42,3,70,70,1,3,3,12,0,0.006666666666666667,0,0.5,
GripLost,rf_19_raw_window,42,3,70,70,1,3,4,13,0,0.3466666666666667,0,0.5,
GripLost,rf_19_raw_window,42,3,70,70,1,3,5,14,0,0.06,0,0.5,
GripLost,rf_19_raw_window,42,3,70,70,1,3,6,15,0,0.05333333333333334,0,0.5,
GripLost,rf_19_raw_window,42,3,70,70,1,3,7,16,0,0.11666666666666667,0,0.5,
GripLost,rf_19_raw_window,42,3,70,70,1,3,8,17,0,0.02666666666666667,0,0.5,
GripLost,rf_19_raw_window,42,3,70,70,1,3,9,18,0,0.023333333333333334,0,0.5,
GripLost,rf_19_raw_window,42,3,70,70,1,3,10,19,0,0.0033333333333333335,0,0.5,
GripLost,rf_19_raw_window,42,3,70,70,1,3,11,20,0,0.01,0,0.5,
GripLost,rf_19_raw_window,42,3,70,70,1,3,12,21,0,0.0033333333333333335,0,0.5,
GripLost,rf_19_raw_window,42,3,70,70,1,3,13,22,0,0.0033333333333333335,0,0.5,
GripLost,rf_19_raw_window,42,3,70,70,1,3,14,23,0,0.0033333333333333335,0,0.5,
GripLost,rf_19_raw_window,42,3,71,71,1,3,0,9,0,0.01,0,0.5,
GripLost,rf_19_raw_window,42,3,71,71,1,3,1,10,0,0.02,0,0.5,
GripLost,rf_19_raw_window,42,3,71,71,1,3,2,11,0,0.02,0,0.5,
GripLost,rf_19_raw_window,42,3,71,71,1,3,3,12,0,0.013333333333333334,0,0.5,
GripLost,rf_19_raw_window,42,3,71,71,1,3,4,13,0,0.0033333333333333335,0,0.5,
GripLost,rf_19_raw_window,42,3,71,71,1,3,5,14,0,0.09,0,0.5,
GripLost,rf_19_raw_window,42,3,71,71,1,3,6,15,0,0.07,0,0.5,
GripLost,rf_19_raw_window,42,3,71,71,1,3,7,16,0,0.05333333333333334,0,0.5,
GripLost,rf_19_raw_window,42,3,71,71,1,3,8,17,0,0.06666666666666667,0,0.5,
GripLost,rf_19_raw_window,42,3,72,72,1,3,0,9,0,0.016666666666666666,0,0.5,
GripLost,rf_19_raw_window,42,3,72,72,1,3,1,10,0,0.01,0,0.5,
GripLost,rf_19_raw_window,42,3,72,72,1,3,2,11,0,0.02666666666666667,0,0.5,
GripLost,rf_19_raw_window,42,3,72,72,1,3,3,12,0,0.023333333333333334,0,0.5,
GripLost,rf_19_raw_window,42,3,72,72,1,3,4,13,0,0.06,0,0.5,
GripLost,rf_19_raw_window,42,3,72,72,1,3,5,14,0,0.06333333333333334,0,0.5,
GripLost,rf_19_raw_window,42,3,72,72,1,3,6,15,0,0.11,0,0.5,
GripLost,rf_19_raw_window,42,3,72,72,1,3,7,16,0,0.38333333333333336,0,0.5,
GripLost,rf_19_raw_window,42,3,72,72,1,3,8,17,0,0.016666666666666666,0,0.5,
GripLost,rf_19_raw_window,42,3,72,72,1,3,9,18,0,0.09666666666666666,0,0.5,
GripLost,rf_19_raw_window,42,3,72,72,1,3,10,19,0,0.03333333333333333,0,0.5,
GripLost,rf_19_raw_window,42,3,72,72,1,3,11,20,0,0.03666666666666667,0,0.5,
GripLost,rf_19_raw_window,42,3,72,72,1,3,12,21,0,0.02,0,0.5,
GripLost,rf_19_raw_window,42,3,72,72,1,3,13,22,0,0.02,0,0.5,
GripLost,rf_19_raw_window,42,3,72,72,1,3,14,23,0,0.023333333333333334,0,0.5,
GripLost,rf_19_raw_window,42,3,73,73,1,3,0,9,0,0.006666666666666667,0,0.5,
GripLost,rf_19_raw_window,42,3,73,73,1,3,1,10,0,0.006666666666666667,0,0.5,
GripLost,rf_19_raw_window,42,3,73,73,1,3,2,11,0,0.02,0,0.5,
GripLost,rf_19_raw_window,42,3,73,73,1,3,3,12,0,0.0,0,0.5,
GripLost,rf_19_raw_window,42,3,73,73,1,3,4,13,0,0.02,0,0.5,
GripLost,rf_19_raw_window,42,3,73,73,1,3,5,14,0,0.016666666666666666,0,0.5,
GripLost,rf_19_raw_window,42,3,73,73,1,3,6,15,0,0.056666666666666664,0,0.5,
GripLost,rf_19_raw_window,42,3,73,73,1,3,7,16,0,0.38,0,0.5,
GripLost,rf_19_raw_window,42,3,73,73,1,3,8,17,0,0.28,0,0.5,
GripLost,rf_19_raw_window,42,3,73,73,1,3,9,18,0,0.4,0,0.5,
GripLost,rf_19_raw_window,42,3,73,73,1,3,10,19,0,0.13666666666666666,0,0.5,
GripLost,rf_19_raw_window,42,3,73,73,1,3,11,20,0,0.03666666666666667,0,0.5,
GripLost,rf_19_raw_window,42,3,73,73,1,3,12,21,0,0.02,0,0.5,
GripLost,rf_19_raw_window,42,3,73,73,1,3,13,22,0,0.02666666666666667,0,0.5,
GripLost,rf_19_raw_window,42,3,73,73,1,3,14,23,0,0.03333333333333333,0,0.5,
GripLost,rf_19_raw_window,42,3,73,73,1,3,15,24,0,0.02,0,0.5,
GripLost,rf_19_raw_window,42,3,75,74,1,3,0,9,0,0.0,0,0.5,
GripLost,rf_19_raw_window,42,3,75,74,1,3,1,10,0,0.013333333333333334,0,0.5,
GripLost,rf_19_raw_window,42,3,75,74,1,3,2,11,0,0.006666666666666667,0,0.5,
GripLost,rf_19_raw_window,42,3,75,74,1,3,3,12,0,0.0,0,0.5,
GripLost,rf_19_raw_window,42,3,75,74,1,3,4,13,0,0.013333333333333334,0,0.5,
GripLost,rf_19_raw_window,42,3,75,74,1,3,5,14,0,0.11,0,0.5,
GripLost,rf_19_raw_window,42,3,75,74,1,3,6,15,0,0.22,0,0.5,
GripLost,rf_19_raw_window,42,3,75,74,1,3,7,16,0,0.23,0,0.5,
GripLost,rf_19_raw_window,42,3,75,74,1,3,8,17,0,0.2966666666666667,0,0.5,
GripLost,rf_19_raw_window,42,3,75,74,1,3,9,18,0,0.12666666666666668,0,0.5,
GripLost,rf_19_raw_window,42,3,75,74,1,3,10,19,0,0.02666666666666667,0,0.5,
GripLost,rf_19_raw_window,42,3,75,74,1,3,11,20,0,0.013333333333333334,0,0.5,
GripLost,rf_19_raw_window,42,3,75,74,1,3,12,21,0,0.013333333333333334,0,0.5,
GripLost,rf_19_raw_window,42,3,75,74,1,3,13,22,0,0.02666666666666667,0,0.5,
GripLost,rf_19_raw_window,42,3,75,74,1,3,14,23,0,0.04,0,0.5,
GripLost,rf_19_raw_window,42,4,76,75,1,4,0,9,0,0.006666666666666667,0,0.5,
GripLost,rf_19_raw_window,42,4,76,75,1,4,1,10,0,0.0033333333333333335,0,0.5,
GripLost,rf_19_raw_window,42,4,76,75,1,4,2,11,0,0.013333333333333334,0,0.5,
GripLost,rf_19_raw_window,42,4,76,75,1,4,3,12,0,0.03333333333333333,0,0.5,
GripLost,rf_19_raw_window,42,4,76,75,1,4,4,13,0,0.13666666666666666,0,0.5,
GripLost,rf_19_raw_window,42,4,76,75,1,4,5,14,0,0.14,0,0.5,
GripLost,rf_19_raw_window,42,4,76,75,1,4,6,15,0,0.21333333333333335,0,0.5,
GripLost,rf_19_raw_window,42,4,76,75,1,4,7,16,0,0.14,0,0.5,
GripLost,rf_19_raw_window,42,4,76,75,1,4,8,17,0,0.25,0,0.5,
GripLost,rf_19_raw_window,42,4,76,75,1,4,9,18,0,0.3333333333333333,0,0.5,
GripLost,rf_19_raw_window,42,4,76,75,1,4,10,19,1,0.5233333333333333,1,0.5,
GripLost,rf_19_raw_window,42,4,76,75,1,4,11,20,1,0.3333333333333333,0,0.5,
GripLost,rf_19_raw_window,42,4,76,75,1,4,12,21,1,0.5766666666666667,1,0.5,
GripLost,rf_19_raw_window,42,4,76,75,1,4,13,22,1,0.6933333333333334,1,0.5,
GripLost,rf_19_raw_window,42,4,76,75,1,4,14,23,1,0.7133333333333334,1,0.5,
GripLost,rf_19_raw_window,42,4,85,84,1,4,0,9,0,0.03333333333333333,0,0.5,
GripLost,rf_19_raw_window,42,4,85,84,1,4,1,10,0,0.043333333333333335,0,0.5,
GripLost,rf_19_raw_window,42,4,85,84,1,4,2,11,0,0.03333333333333333,0,0.5,
GripLost,rf_19_raw_window,42,4,85,84,1,4,3,12,0,0.03666666666666667,0,0.5,
GripLost,rf_19_raw_window,42,4,85,84,1,4,4,13,0,0.03666666666666667,0,0.5,
GripLost,rf_19_raw_window,42,4,85,84,1,4,5,14,0,0.06333333333333334,0,0.5,
GripLost,rf_19_raw_window,42,4,85,84,1,4,6,15,0,0.03333333333333333,0,0.5,
GripLost,rf_19_raw_window,42,4,85,84,1,4,7,16,0,0.12666666666666668,0,0.5,
GripLost,rf_19_raw_window,42,4,85,84,1,4,8,17,0,0.17,0,0.5,
GripLost,rf_19_raw_window,42,4,85,84,1,4,9,18,0,0.20333333333333334,0,0.5,
GripLost,rf_19_raw_window,42,4,85,84,1,4,10,19,0,0.09,0,0.5,
GripLost,rf_19_raw_window,42,4,85,84,1,4,11,20,0,0.17333333333333334,0,0.5,
GripLost,rf_19_raw_window,42,4,85,84,1,4,12,21,0,0.22333333333333333,0,0.5,
GripLost,rf_19_raw_window,42,4,85,84,1,4,13,22,0,0.07666666666666666,0,0.5,
GripLost,rf_19_raw_window,42,4,85,84,1,4,14,23,0,0.05333333333333334,0,0.5,
GripLost,rf_19_raw_window,42,4,85,84,1,4,15,24,0,0.01,0,0.5,
GripLost,rf_19_raw_window,42,4,85,84,1,4,16,25,0,0.013333333333333334,0,0.5,
GripLost,rf_19_raw_window,42,4,85,84,1,4,17,26,0,0.0033333333333333335,0,0.5,
GripLost,rf_19_raw_window,42,4,85,84,1,4,18,27,0,0.0033333333333333335,0,0.5,
GripLost,rf_19_raw_window,42,4,85,84,1,4,19,28,0,0.0033333333333333335,0,0.5,
GripLost,rf_19_raw_window,42,4,86,85,1,4,0,9,0,0.016666666666666666,0,0.5,
GripLost,rf_19_raw_window,42,4,86,85,1,4,1,10,0,0.016666666666666666,0,0.5,
GripLost,rf_19_raw_window,42,4,86,85,1,4,2,11,0,0.023333333333333334,0,0.5,
GripLost,rf_19_raw_window,42,4,86,85,1,4,3,12,0,0.03,0,0.5,
GripLost,rf_19_raw_window,42,4,86,85,1,4,4,13,0,0.19666666666666666,0,0.5,
GripLost,rf_19_raw_window,42,4,86,85,1,4,5,14,0,0.31666666666666665,0,0.5,
GripLost,rf_19_raw_window,42,4,86,85,1,4,6,15,0,0.35,0,0.5,
GripLost,rf_19_raw_window,42,4,86,85,1,4,7,16,0,0.38666666666666666,0,0.5,
GripLost,rf_19_raw_window,42,4,86,85,1,4,8,17,0,0.55,1,0.5,
GripLost,rf_19_raw_window,42,4,86,85,1,4,9,18,0,0.54,1,0.5,
GripLost,rf_19_raw_window,42,4,86,85,1,4,10,19,0,0.4266666666666667,0,0.5,
GripLost,rf_19_raw_window,42,4,86,85,1,4,11,20,0,0.13,0,0.5,
GripLost,rf_19_raw_window,42,4,86,85,1,4,12,21,0,0.20333333333333334,0,0.5,
GripLost,rf_19_raw_window,42,4,86,85,1,4,13,22,0,0.21666666666666667,0,0.5,
GripLost,rf_19_raw_window,42,4,86,85,1,4,14,23,0,0.14,0,0.5,
GripLost,rf_19_raw_window,42,4,86,85,1,4,15,24,1,0.7166666666666667,1,0.5,
GripLost,rf_19_raw_window,42,4,86,85,1,4,16,25,1,0.8566666666666667,1,0.5,
GripLost,rf_19_raw_window,42,4,86,85,1,4,17,26,1,0.7833333333333333,1,0.5,
GripLost,rf_19_raw_window,42,4,86,85,1,4,18,27,1,0.75,1,0.5,
GripLost,rf_19_raw_window,42,4,86,85,1,4,19,28,1,0.7666666666666667,1,0.5,
GripLost,rf_19_raw_window,42,4,87,86,1,4,0,9,0,0.006666666666666667,0,0.5,
GripLost,rf_19_raw_window,42,4,87,86,1,4,1,10,0,0.006666666666666667,0,0.5,
GripLost,rf_19_raw_window,42,4,87,86,1,4,2,11,0,0.016666666666666666,0,0.5,
GripLost,rf_19_raw_window,42,4,87,86,1,4,3,12,0,0.006666666666666667,0,0.5,
GripLost,rf_19_raw_window,42,4,87,86,1,4,4,13,0,0.0033333333333333335,0,0.5,
GripLost,rf_19_raw_window,42,4,87,86,1,4,5,14,0,0.0,0,0.5,
GripLost,rf_19_raw_window,42,4,87,86,1,4,6,15,0,0.0033333333333333335,0,0.5,
GripLost,rf_19_raw_window,42,4,87,86,1,4,7,16,0,0.0,0,0.5,
GripLost,rf_19_raw_window,42,4,87,86,1,4,8,17,0,0.0,0,0.5,
GripLost,rf_19_raw_window,42,4,87,86,1,4,9,18,0,0.0033333333333333335,0,0.5,
GripLost,rf_19_raw_window,42,4,87,86,1,4,10,19,0,0.04,0,0.5,
GripLost,rf_19_raw_window,42,4,87,86,1,4,11,20,0,0.06666666666666667,0,0.5,
GripLost,rf_19_raw_window,42,4,87,86,1,4,12,21,0,0.11333333333333333,0,0.5,
GripLost,rf_19_raw_window,42,4,87,86,1,4,13,22,0,0.14,0,0.5,
GripLost,rf_19_raw_window,42,4,87,86,1,4,14,23,0,0.016666666666666666,0,0.5,
GripLost,rf_19_raw_window,42,4,87,86,1,4,15,24,0,0.006666666666666667,0,0.5,
GripLost,rf_19_raw_window,42,4,87,86,1,4,16,25,0,0.013333333333333334,0,0.5,
GripLost,rf_19_raw_window,42,4,87,86,1,4,17,26,0,0.01,0,0.5,
GripLost,rf_19_raw_window,42,4,87,86,1,4,18,27,0,0.006666666666666667,0,0.5,
GripLost,rf_19_raw_window,42,4,87,86,1,4,19,28,0,0.01,0,0.5,
GripLost,rf_19_raw_window,42,4,88,87,1,4,0,9,0,0.006666666666666667,0,0.5,
GripLost,rf_19_raw_window,42,4,88,87,1,4,1,10,0,0.01,0,0.5,
GripLost,rf_19_raw_window,42,4,88,87,1,4,2,11,0,0.01,0,0.5,
GripLost,rf_19_raw_window,42,4,88,87,1,4,3,12,0,0.016666666666666666,0,0.5,
GripLost,rf_19_raw_window,42,4,88,87,1,4,4,13,0,0.13,0,0.5,
GripLost,rf_19_raw_window,42,4,88,87,1,4,5,14,0,0.023333333333333334,0,0.5,
GripLost,rf_19_raw_window,42,4,88,87,1,4,6,15,0,0.08333333333333333,0,0.5,
GripLost,rf_19_raw_window,42,4,88,87,1,4,7,16,0,0.16,0,0.5,
GripLost,rf_19_raw_window,42,4,88,87,1,4,8,17,0,0.016666666666666666,0,0.5,
GripLost,rf_19_raw_window,42,4,88,87,1,4,9,18,0,0.023333333333333334,0,0.5,
GripLost,rf_19_raw_window,42,4,88,87,1,4,10,19,0,0.01,0,0.5,
GripLost,rf_19_raw_window,42,4,88,87,1,4,11,20,0,0.0033333333333333335,0,0.5,
GripLost,rf_19_raw_window,42,4,88,87,1,4,12,21,0,0.0,0,0.5,
GripLost,rf_19_raw_window,42,4,88,87,1,4,13,22,0,0.006666666666666667,0,0.5,
GripLost,rf_19_raw_window,42,4,88,87,1,4,14,23,0,0.0033333333333333335,0,0.5,
GripLost,rf_19_raw_window,42,4,89,88,1,4,0,9,0,0.013333333333333334,0,0.5,
GripLost,rf_19_raw_window,42,4,89,88,1,4,1,10,0,0.006666666666666667,0,0.5,
GripLost,rf_19_raw_window,42,4,89,88,1,4,2,11,0,0.0,0,0.5,
GripLost,rf_19_raw_window,42,4,89,88,1,4,3,12,0,0.0,0,0.5,
GripLost,rf_19_raw_window,42,4,89,88,1,4,4,13,0,0.09666666666666666,0,0.5,
GripLost,rf_19_raw_window,42,4,89,88,1,4,5,14,0,0.18333333333333332,0,0.5,
GripLost,rf_19_raw_window,42,4,89,88,1,4,6,15,0,0.11,0,0.5,
GripLost,rf_19_raw_window,42,4,89,88,1,4,7,16,0,0.16,0,0.5,
GripLost,rf_19_raw_window,42,4,89,88,1,4,8,17,0,0.16666666666666666,0,0.5,
GripLost,rf_19_raw_window,42,4,89,88,1,4,9,18,0,0.05333333333333334,0,0.5,
GripLost,rf_19_raw_window,42,4,89,88,1,4,10,19,0,0.06,0,0.5,
GripLost,rf_19_raw_window,42,4,89,88,1,4,11,20,0,0.03333333333333333,0,0.5,
GripLost,rf_19_raw_window,42,4,89,88,1,4,12,21,0,0.05333333333333334,0,0.5,
GripLost,rf_19_raw_window,42,4,89,88,1,4,13,22,0,0.05,0,0.5,
GripLost,rf_19_raw_window,42,4,89,88,1,4,14,23,0,0.05333333333333334,0,0.5,
GripLost,rf_19_raw_window,42,4,90,89,1,4,0,9,0,0.016666666666666666,0,0.5,
GripLost,rf_19_raw_window,42,4,90,89,1,4,1,10,0,0.02,0,0.5,
GripLost,rf_19_raw_window,42,4,90,89,1,4,2,11,0,0.02,0,0.5,
GripLost,rf_19_raw_window,42,4,90,89,1,4,3,12,0,0.0,0,0.5,
GripLost,rf_19_raw_window,42,4,90,89,1,4,4,13,0,0.03333333333333333,0,0.5,
GripLost,rf_19_raw_window,42,4,90,89,1,4,5,14,0,0.1,0,0.5,
GripLost,rf_19_raw_window,42,4,90,89,1,4,6,15,0,0.10333333333333333,0,0.5,
GripLost,rf_19_raw_window,42,4,90,89,1,4,7,16,0,0.28,0,0.5,
GripLost,rf_19_raw_window,42,4,90,89,1,4,8,17,0,0.30333333333333334,0,0.5,
GripLost,rf_19_raw_window,42,4,90,89,1,4,9,18,0,0.09,0,0.5,
GripLost,rf_19_raw_window,42,4,90,89,1,4,10,19,0,0.07666666666666666,0,0.5,
GripLost,rf_19_raw_window,42,4,90,89,1,4,11,20,0,0.09666666666666666,0,0.5,
GripLost,rf_19_raw_window,42,4,90,89,1,4,12,21,0,0.07666666666666666,0,0.5,
GripLost,rf_19_raw_window,42,4,90,89,1,4,13,22,0,0.043333333333333335,0,0.5,
GripLost,rf_19_raw_window,42,4,90,89,1,4,14,23,0,0.04666666666666667,0,0.5,
GripLost,rf_19_raw_window,42,4,91,90,1,4,0,9,0,0.023333333333333334,0,0.5,
GripLost,rf_19_raw_window,42,4,91,90,1,4,1,10,0,0.05,0,0.5,
GripLost,rf_19_raw_window,42,4,91,90,1,4,2,11,0,0.06333333333333334,0,0.5,
GripLost,rf_19_raw_window,42,4,91,90,1,4,3,12,0,0.35,0,0.5,
GripLost,rf_19_raw_window,42,4,91,90,1,4,4,13,0,0.6166666666666667,1,0.5,
GripLost,rf_19_raw_window,42,4,91,90,1,4,5,14,0,0.49666666666666665,0,0.5,
GripLost,rf_19_raw_window,42,4,91,90,1,4,6,15,0,0.20666666666666667,0,0.5,
GripLost,rf_19_raw_window,42,4,91,90,1,4,7,16,0,0.28,0,0.5,
GripLost,rf_19_raw_window,42,4,91,90,1,4,8,17,0,0.43666666666666665,0,0.5,
GripLost,rf_19_raw_window,42,4,91,90,1,4,9,18,0,0.4066666666666667,0,0.5,
GripLost,rf_19_raw_window,42,4,91,90,1,4,10,19,1,0.5233333333333333,1,0.5,
GripLost,rf_19_raw_window,42,4,91,90,1,4,11,20,1,0.5966666666666667,1,0.5,
GripLost,rf_19_raw_window,42,4,91,90,1,4,12,21,1,0.7266666666666667,1,0.5,
GripLost,rf_19_raw_window,42,4,91,90,1,4,13,22,1,0.8,1,0.5,
GripLost,rf_19_raw_window,42,4,91,90,1,4,14,23,1,0.85,1,0.5,
GripLost,rf_19_raw_window,42,4,92,91,1,4,0,9,0,0.14,0,0.5,
GripLost,rf_19_raw_window,42,4,92,91,1,4,1,10,0,0.14666666666666667,0,0.5,
GripLost,rf_19_raw_window,42,4,92,91,1,4,2,11,0,0.16666666666666666,0,0.5,
GripLost,rf_19_raw_window,42,4,92,91,1,4,3,12,0,0.47,0,0.5,
GripLost,rf_19_raw_window,42,4,92,91,1,4,4,13,0,0.7433333333333333,1,0.5,
GripLost,rf_19_raw_window,42,4,92,91,1,4,5,14,0,0.72,1,0.5,
GripLost,rf_19_raw_window,42,4,92,91,1,4,6,15,0,0.5833333333333334,1,0.5,
GripLost,rf_19_raw_window,42,4,92,91,1,4,7,16,0,0.51,1,0.5,
GripLost,rf_19_raw_window,42,4,92,91,1,4,8,17,0,0.59,1,0.5,
GripLost,rf_19_raw_window,42,4,92,91,1,4,9,18,0,0.5733333333333334,1,0.5,
GripLost,rf_19_raw_window,42,4,92,91,1,4,10,19,1,0.9033333333333333,1,0.5,
GripLost,rf_19_raw_window,42,4,92,91,1,4,11,20,1,0.9633333333333334,1,0.5,
GripLost,rf_19_raw_window,42,4,92,91,1,4,12,21,1,0.9666666666666667,1,0.5,
GripLost,rf_19_raw_window,42,4,92,91,1,4,13,22,1,0.9733333333333334,1,0.5,
GripLost,rf_19_raw_window,42,4,92,91,1,4,14,23,1,0.97,1,0.5,
GripLost,rf_19_raw_window,42,4,93,92,1,4,0,9,0,0.0,0,0.5,
GripLost,rf_19_raw_window,42,4,93,92,1,4,1,10,0,0.0033333333333333335,0,0.5,
GripLost,rf_19_raw_window,42,4,93,92,1,4,2,11,0,0.013333333333333334,0,0.5,
GripLost,rf_19_raw_window,42,4,93,92,1,4,3,12,0,0.0033333333333333335,0,0.5,
GripLost,rf_19_raw_window,42,4,93,92,1,4,4,13,0,0.023333333333333334,0,0.5,
GripLost,rf_19_raw_window,42,4,93,92,1,4,5,14,0,0.07,0,0.5,
GripLost,rf_19_raw_window,42,4,93,92,1,4,6,15,0,0.07333333333333333,0,0.5,
GripLost,rf_19_raw_window,42,4,93,92,1,4,7,16,0,0.26,0,0.5,
GripLost,rf_19_raw_window,42,4,93,92,1,4,8,17,0,0.0,0,0.5,
GripLost,rf_19_raw_window,42,4,93,92,1,4,9,18,0,0.013333333333333334,0,0.5,
GripLost,rf_19_raw_window,42,4,93,92,1,4,10,19,0,0.0033333333333333335,0,0.5,
GripLost,rf_19_raw_window,42,4,93,92,1,4,11,20,0,0.0033333333333333335,0,0.5,
GripLost,rf_19_raw_window,42,4,93,92,1,4,12,21,0,0.0,0,0.5,
GripLost,rf_19_raw_window,42,4,93,92,1,4,13,22,0,0.0033333333333333335,0,0.5,
GripLost,rf_19_raw_window,42,4,93,92,1,4,14,23,0,0.0033333333333333335,0,0.5,
GripLost,rf_19_raw_window,42,4,94,93,1,4,0,9,0,0.0,0,0.5,
GripLost,rf_19_raw_window,42,4,94,93,1,4,1,10,0,0.0,0,0.5,
GripLost,rf_19_raw_window,42,4,94,93,1,4,2,11,0,0.006666666666666667,0,0.5,
GripLost,rf_19_raw_window,42,4,94,93,1,4,3,12,0,0.01,0,0.5,
GripLost,rf_19_raw_window,42,4,94,93,1,4,4,13,0,0.0033333333333333335,0,0.5,
GripLost,rf_19_raw_window,42,4,94,93,1,4,5,14,0,0.04,0,0.5,
GripLost,rf_19_raw_window,42,4,94,93,1,4,6,15,0,0.11333333333333333,0,0.5,
GripLost,rf_19_raw_window,42,4,94,93,1,4,7,16,0,0.23333333333333334,0,0.5,
GripLost,rf_19_raw_window,42,4,94,93,1,4,8,17,0,0.20333333333333334,0,0.5,
GripLost,rf_19_raw_window,42,4,94,93,1,4,9,18,0,0.12666666666666668,0,0.5,
GripLost,rf_19_raw_window,42,4,94,93,1,4,10,19,0,0.14666666666666667,0,0.5,
GripLost,rf_19_raw_window,42,4,94,93,1,4,11,20,0,0.14,0,0.5,
GripLost,rf_19_raw_window,42,4,94,93,1,4,12,21,0,0.09666666666666666,0,0.5,
GripLost,rf_19_raw_window,42,4,94,93,1,4,13,22,0,0.10666666666666667,0,0.5,
GripLost,rf_19_raw_window,42,4,94,93,1,4,14,23,0,0.10333333333333333,0,0.5,
GripLost,rf_19_raw_window,42,4,95,94,1,4,0,9,1,0.25666666666666665,0,0.5,
GripLost,rf_19_raw_window,42,4,95,94,1,4,1,10,1,0.21666666666666667,0,0.5,
GripLost,rf_19_raw_window,42,4,95,94,1,4,2,11,1,0.25,0,0.5,
GripLost,rf_19_raw_window,42,4,95,94,1,4,3,12,1,0.75,1,0.5,
GripLost,rf_19_raw_window,42,4,95,94,1,4,4,13,1,0.72,1,0.5,
GripLost,rf_19_raw_window,42,4,95,94,1,4,5,14,0,0.24,0,0.5,
GripLost,rf_19_raw_window,42,4,95,94,1,4,6,15,0,0.30333333333333334,0,0.5,
GripLost,rf_19_raw_window,42,4,95,94,1,4,7,16,1,0.49666666666666665,0,0.5,
GripLost,rf_19_raw_window,42,4,95,94,1,4,8,17,1,0.6966666666666667,1,0.5,
GripLost,rf_19_raw_window,42,4,95,94,1,4,9,18,1,0.6666666666666666,1,0.5,
GripLost,rf_19_raw_window,42,4,95,94,1,4,10,19,1,0.77,1,0.5,
GripLost,rf_19_raw_window,42,4,95,94,1,4,11,20,1,0.8766666666666667,1,0.5,
GripLost,rf_19_raw_window,42,4,95,94,1,4,12,21,1,0.8366666666666667,1,0.5,
GripLost,rf_19_raw_window,42,4,95,94,1,4,13,22,1,0.9733333333333334,1,0.5,
GripLost,rf_19_raw_window,42,4,95,94,1,4,14,23,1,0.9633333333333334,1,0.5,
GripLost,rf_19_raw_window,42,4,96,95,1,4,0,9,0,0.49666666666666665,0,0.5,
GripLost,rf_19_raw_window,42,4,96,95,1,4,1,10,0,0.57,1,0.5,
GripLost,rf_19_raw_window,42,4,96,95,1,4,2,11,1,0.6,1,0.5,
GripLost,rf_19_raw_window,42,4,96,95,1,4,3,12,1,0.7733333333333333,1,0.5,
GripLost,rf_19_raw_window,42,4,96,95,1,4,4,13,1,0.8066666666666666,1,0.5,
GripLost,rf_19_raw_window,42,4,96,95,1,4,5,14,1,0.9366666666666666,1,0.5,
GripLost,rf_19_raw_window,42,4,96,95,1,4,6,15,1,0.9466666666666667,1,0.5,
GripLost,rf_19_raw_window,42,4,97,96,1,4,0,9,0,0.03666666666666667,0,0.5,
GripLost,rf_19_raw_window,42,4,97,96,1,4,1,10,0,0.023333333333333334,0,0.5,
GripLost,rf_19_raw_window,42,4,97,96,1,4,2,11,0,0.03,0,0.5,
GripLost,rf_19_raw_window,42,4,97,96,1,4,3,12,0,0.01,0,0.5,
GripLost,rf_19_raw_window,42,4,97,96,1,4,4,13,0,0.81,1,0.5,
GripLost,rf_19_raw_window,42,4,97,96,1,4,5,14,0,0.23333333333333334,0,0.5,
GripLost,rf_19_raw_window,42,4,97,96,1,4,6,15,0,0.08333333333333333,0,0.5,
GripLost,rf_19_raw_window,42,4,97,96,1,4,7,16,0,0.41,0,0.5,
GripLost,rf_19_raw_window,42,4,97,96,1,4,8,17,0,0.5333333333333333,1,0.5,
GripLost,rf_19_raw_window,42,4,97,96,1,4,9,18,0,0.66,1,0.5,
GripLost,rf_19_raw_window,42,4,97,96,1,4,10,19,1,0.73,1,0.5,
GripLost,rf_19_raw_window,42,4,97,96,1,4,11,20,1,0.76,1,0.5,
GripLost,rf_19_raw_window,42,4,97,96,1,4,12,21,1,0.7666666666666667,1,0.5,
GripLost,rf_19_raw_window,42,4,97,96,1,4,13,22,1,0.9466666666666667,1,0.5,
GripLost,rf_19_raw_window,42,4,97,96,1,4,14,23,1,0.9533333333333334,1,0.5,
GripLost,rf_19_raw_window,42,4,98,97,1,4,0,9,0,0.0033333333333333335,0,0.5,
GripLost,rf_19_raw_window,42,4,98,97,1,4,1,10,0,0.0,0,0.5,
GripLost,rf_19_raw_window,42,4,98,97,1,4,2,11,0,0.01,0,0.5,
GripLost,rf_19_raw_window,42,4,98,97,1,4,3,12,0,0.0,0,0.5,
GripLost,rf_19_raw_window,42,4,98,97,1,4,4,13,0,0.3333333333333333,0,0.5,
GripLost,rf_19_raw_window,42,4,98,97,1,4,5,14,0,0.13333333333333333,0,0.5,
GripLost,rf_19_raw_window,42,4,98,97,1,4,6,15,0,0.07,0,0.5,
GripLost,rf_19_raw_window,42,4,98,97,1,4,7,16,0,0.18,0,0.5,
GripLost,rf_19_raw_window,42,4,98,97,1,4,8,17,0,0.03,0,0.5,
GripLost,rf_19_raw_window,42,4,98,97,1,4,9,18,0,0.02,0,0.5,
GripLost,rf_19_raw_window,42,4,98,97,1,4,10,19,0,0.0033333333333333335,0,0.5,
GripLost,rf_19_raw_window,42,4,98,97,1,4,11,20,0,0.0,0,0.5,
GripLost,rf_19_raw_window,42,4,98,97,1,4,12,21,0,0.0,0,0.5,
GripLost,rf_19_raw_window,42,4,98,97,1,4,13,22,0,0.0,0,0.5,
GripLost,rf_19_raw_window,42,4,98,97,1,4,14,23,0,0.0,0,0.5,
GripLost,rf_19_raw_window,42,4,99,98,1,4,0,9,0,0.043333333333333335,0,0.5,
GripLost,rf_19_raw_window,42,4,99,98,1,4,1,10,0,0.06666666666666667,0,0.5,
GripLost,rf_19_raw_window,42,4,99,98,1,4,2,11,0,0.13333333333333333,0,0.5,
GripLost,rf_19_raw_window,42,4,99,98,1,4,3,12,0,0.10666666666666667,0,0.5,
GripLost,rf_19_raw_window,42,4,99,98,1,4,4,13,0,0.02,0,0.5,
GripLost,rf_19_raw_window,42,4,99,98,1,4,5,14,0,0.02666666666666667,0,0.5,
GripLost,rf_19_raw_window,42,4,99,98,1,4,6,15,0,0.006666666666666667,0,0.5,
GripLost,rf_19_raw_window,42,4,99,98,1,4,7,16,0,0.013333333333333334,0,0.5,
GripLost,rf_19_raw_window,42,4,99,98,1,4,8,17,0,0.016666666666666666,0,0.5,
GripLost,rf_19_raw_window,42,4,99,98,1,4,9,18,0,0.006666666666666667,0,0.5,
GripLost,rf_19_raw_window,42,4,99,98,1,4,10,19,0,0.006666666666666667,0,0.5,
GripLost,rf_19_raw_window,42,4,99,98,1,4,11,20,0,0.0033333333333333335,0,0.5,
GripLost,rf_19_raw_window,42,4,99,98,1,4,12,21,0,0.02,0,0.5,
GripLost,rf_19_raw_window,42,4,99,98,1,4,13,22,0,0.03333333333333333,0,0.5,
GripLost,rf_19_raw_window,42,4,99,98,1,4,14,23,0,0.06666666666666667,0,0.5,
GripLost,rf_19_raw_window,42,4,99,98,1,4,15,24,0,0.03,0,0.5,
GripLost,rf_19_raw_window,42,4,99,98,1,4,16,25,0,0.04666666666666667,0,0.5,
GripLost,rf_19_raw_window,42,4,99,98,1,4,17,26,0,0.05,0,0.5,
GripLost,rf_19_raw_window,42,4,99,98,1,4,18,27,0,0.06,0,0.5,
GripLost,rf_19_raw_window,42,4,99,98,1,4,19,28,0,0.08333333333333333,0,0.5,
GripLost,rf_19_raw_window,42,4,99,98,1,4,20,29,0,0.15666666666666668,0,0.5,
GripLost,rf_19_raw_window,42,4,99,98,1,4,21,30,0,0.27,0,0.5,
GripLost,rf_19_raw_window,42,4,99,98,1,4,22,31,0,0.19,0,0.5,
GripLost,rf_19_raw_window,42,4,99,98,1,4,23,32,0,0.19666666666666666,0,0.5,
GripLost,rf_19_raw_window,42,4,99,98,1,4,24,33,0,0.18333333333333332,0,0.5,
GripLost,rf_19_raw_window,42,4,99,98,1,4,25,34,0,0.18,0,0.5,
GripLost,rf_19_raw_window,42,4,99,98,1,4,26,35,0,0.13666666666666666,0,0.5,
GripLost,rf_19_raw_window,42,4,99,98,1,4,27,36,0,0.12,0,0.5,
GripLost,rf_19_raw_window,42,4,99,98,1,4,28,37,0,0.12333333333333334,0,0.5,
GripLost,rf_19_raw_window,42,4,99,98,1,4,29,38,0,0.10666666666666667,0,0.5,
GripLost,rf_19_raw_window,42,4,99,98,1,4,30,39,0,0.13666666666666666,0,0.5,
GripLost,rf_19_raw_window,42,4,99,98,1,4,31,40,0,0.16333333333333333,0,0.5,
GripLost,rf_19_raw_window,42,4,99,98,1,4,32,41,0,0.16666666666666666,0,0.5,
GripLost,rf_19_raw_window,42,4,99,98,1,4,33,42,0,0.18333333333333332,0,0.5,
GripLost,rf_19_raw_window,42,4,99,98,1,4,34,43,0,0.09,0,0.5,
GripLost,rf_19_raw_window,42,4,99,98,1,4,35,44,0,0.023333333333333334,0,0.5,
GripLost,rf_19_raw_window,42,4,99,98,1,4,36,45,0,0.07,0,0.5,
GripLost,rf_19_raw_window,42,4,99,98,1,4,37,46,0,0.11333333333333333,0,0.5,
GripLost,rf_19_raw_window,42,4,99,98,1,4,38,47,0,0.2966666666666667,0,0.5,
GripLost,rf_19_raw_window,42,4,99,98,1,4,39,48,0,0.14,0,0.5,
GripLost,rf_19_raw_window,42,4,99,98,1,4,40,49,0,0.013333333333333334,0,0.5,
GripLost,rf_19_raw_window,42,4,99,98,1,4,41,50,0,0.0033333333333333335,0,0.5,
GripLost,rf_19_raw_window,42,4,99,98,1,4,42,51,0,0.0033333333333333335,0,0.5,
GripLost,rf_19_raw_window,42,4,99,98,1,4,43,52,0,0.0033333333333333335,0,0.5,
GripLost,rf_19_raw_window,42,4,99,98,1,4,44,53,0,0.0,0,0.5,
GripLost,rf_19_raw_window,42,4,99,98,1,4,45,54,0,0.0,0,0.5,
GripLost,rf_19_raw_window,42,4,99,98,1,4,46,55,0,0.0,0,0.5,
GripLost,rf_19_raw_window,42,4,99,98,1,4,47,56,0,0.006666666666666667,0,0.5,
GripLost,rf_19_raw_window,42,4,99,98,1,4,48,57,0,0.0033333333333333335,0,0.5,
GripLost,rf_19_raw_window,42,4,99,98,1,4,49,58,0,0.013333333333333334,0,0.5,
GripLost,rf_19_raw_window,42,4,99,98,1,4,50,59,0,0.13333333333333333,0,0.5,
GripLost,rf_19_raw_window,42,4,99,98,1,4,51,60,0,0.05,0,0.5,
GripLost,rf_19_raw_window,42,4,99,98,1,4,52,61,0,0.17333333333333334,0,0.5,
GripLost,rf_19_raw_window,42,4,99,98,1,4,53,62,0,0.06,0,0.5,
GripLost,rf_19_raw_window,42,4,99,98,1,4,54,63,0,0.056666666666666664,0,0.5,
GripLost,rf_19_raw_window,42,4,99,98,1,4,55,64,0,0.013333333333333334,0,0.5,
GripLost,rf_19_raw_window,42,4,99,98,1,4,56,65,0,0.023333333333333334,0,0.5,
GripLost,rf_19_raw_window,42,4,99,98,1,4,57,66,0,0.006666666666666667,0,0.5,
GripLost,rf_19_raw_window,42,4,99,98,1,4,58,67,0,0.013333333333333334,0,0.5,
GripLost,rf_19_raw_window,42,4,99,98,1,4,59,68,0,0.016666666666666666,0,0.5,
GripLost,rf_19_raw_window,42,4,99,98,1,4,60,69,0,0.0,0,0.5,
GripLost,rf_19_raw_window,42,4,99,98,1,4,61,70,0,0.0,0,0.5,
GripLost,rf_19_raw_window,42,4,99,98,1,4,62,71,0,0.03,0,0.5,
GripLost,rf_19_raw_window,42,4,99,98,1,4,63,72,0,0.08333333333333333,0,0.5,
GripLost,rf_19_raw_window,42,4,99,98,1,4,64,73,0,0.09333333333333334,0,0.5,
GripLost,rf_19_raw_window,42,4,99,98,1,4,65,74,0,0.056666666666666664,0,0.5,
GripLost,rf_19_raw_window,42,4,99,98,1,4,66,75,0,0.023333333333333334,0,0.5,
GripLost,rf_19_raw_window,42,4,99,98,1,4,67,76,0,0.013333333333333334,0,0.5,
GripLost,rf_19_raw_window,42,4,99,98,1,4,68,77,0,0.016666666666666666,0,0.5,
GripLost,rf_19_raw_window,42,4,99,98,1,4,69,78,0,0.013333333333333334,0,0.5,
GripLost,rf_19_raw_window,42,4,99,98,1,4,70,79,0,0.006666666666666667,0,0.5,
GripLost,rf_19_raw_window,42,4,99,98,1,4,71,80,0,0.016666666666666666,0,0.5,
GripLost,rf_19_raw_window,42,4,99,98,1,4,72,81,0,0.0033333333333333335,0,0.5,
GripLost,rf_19_raw_window,42,4,99,98,1,4,73,82,0,0.03,0,0.5,
GripLost,rf_19_raw_window,42,4,99,98,1,4,74,83,0,0.013333333333333334,0,0.5,
GripLost,rf_19_raw_window,42,4,99,98,1,4,75,84,0,0.01,0,0.5,
GripLost,rf_19_raw_window,42,4,99,98,1,4,76,85,0,0.01,0,0.5,
GripLost,rf_19_raw_window,42,4,99,98,1,4,77,86,0,0.01,0,0.5,
GripLost,rf_19_raw_window,42,4,99,98,1,4,78,87,0,0.10333333333333333,0,0.5,
GripLost,rf_19_raw_window,42,4,99,98,1,4,79,88,0,0.08,0,0.5,
GripLost,rf_19_raw_window,42,4,99,98,1,4,80,89,0,0.07,0,0.5,
GripLost,rf_19_raw_window,42,4,99,98,1,4,81,90,0,0.09333333333333334,0,0.5,
GripLost,rf_19_raw_window,42,4,99,98,1,4,82,91,0,0.16,0,0.5,
GripLost,rf_19_raw_window,42,4,99,98,1,4,83,92,0,0.22333333333333333,0,0.5,
GripLost,rf_19_raw_window,42,4,99,98,1,4,84,93,0,0.24333333333333335,0,0.5,
GripLost,rf_19_raw_window,42,4,99,98,1,4,85,94,0,0.25,0,0.5,
GripLost,rf_19_raw_window,42,4,99,98,1,4,86,95,0,0.25666666666666665,0,0.5,
GripLost,rf_19_raw_window,42,4,99,98,1,4,87,96,0,0.35,0,0.5,
GripLost,rf_19_raw_window,42,4,99,98,1,4,88,97,0,0.08,0,0.5,
GripLost,rf_19_raw_window,42,4,99,98,1,4,89,98,0,0.043333333333333335,0,0.5,
GripLost,rf_19_raw_window,42,4,99,98,1,4,90,99,0,0.04666666666666667,0,0.5,
GripLost,rf_19_raw_window,42,4,99,98,1,4,91,100,0,0.056666666666666664,0,0.5,
GripLost,rf_19_raw_window,42,4,100,99,1,4,0,9,0,0.0033333333333333335,0,0.5,
GripLost,rf_19_raw_window,42,4,100,99,1,4,1,10,0,0.0033333333333333335,0,0.5,
GripLost,rf_19_raw_window,42,4,100,99,1,4,2,11,0,0.01,0,0.5,
GripLost,rf_19_raw_window,42,4,100,99,1,4,3,12,0,0.006666666666666667,0,0.5,
GripLost,rf_19_raw_window,42,4,100,99,1,4,4,13,0,0.006666666666666667,0,0.5,
GripLost,rf_19_raw_window,42,4,100,99,1,4,5,14,0,0.29333333333333333,0,0.5,
GripLost,rf_19_raw_window,42,4,100,99,1,4,6,15,0,0.35,0,0.5,
GripLost,rf_19_raw_window,42,4,100,99,1,4,7,16,0,0.49666666666666665,0,0.5,
GripLost,rf_19_raw_window,42,4,100,99,1,4,8,17,0,0.05,0,0.5,
GripLost,rf_19_raw_window,42,4,100,99,1,4,9,18,0,0.016666666666666666,0,0.5,
GripLost,rf_19_raw_window,42,4,100,99,1,4,10,19,0,0.0033333333333333335,0,0.5,
GripLost,rf_19_raw_window,42,4,100,99,1,4,11,20,0,0.0,0,0.5,
GripLost,rf_19_raw_window,42,4,100,99,1,4,12,21,0,0.0033333333333333335,0,0.5,
GripLost,rf_19_raw_window,42,4,100,99,1,4,13,22,0,0.0033333333333333335,0,0.5,
GripLost,rf_19_raw_window,42,4,100,99,1,4,14,23,0,0.006666666666666667,0,0.5,
GripLost,rf_19_raw_window,42,5,101,100,1,5,0,9,0,0.023333333333333334,0,0.5,
GripLost,rf_19_raw_window,42,5,101,100,1,5,1,10,0,0.02666666666666667,0,0.5,
GripLost,rf_19_raw_window,42,5,101,100,1,5,2,11,0,0.023333333333333334,0,0.5,
GripLost,rf_19_raw_window,42,5,101,100,1,5,3,12,0,0.056666666666666664,0,0.5,
GripLost,rf_19_raw_window,42,5,101,100,1,5,4,13,0,0.18,0,0.5,
GripLost,rf_19_raw_window,42,5,101,100,1,5,5,14,0,0.056666666666666664,0,0.5,
GripLost,rf_19_raw_window,42,5,101,100,1,5,6,15,0,0.09333333333333334,0,0.5,
GripLost,rf_19_raw_window,42,5,101,100,1,5,7,16,0,0.15666666666666668,0,0.5,
GripLost,rf_19_raw_window,42,5,101,100,1,5,8,17,0,0.13,0,0.5,
GripLost,rf_19_raw_window,42,5,101,100,1,5,9,18,0,0.06666666666666667,0,0.5,
GripLost,rf_19_raw_window,42,5,101,100,1,5,10,19,0,0.02,0,0.5,
GripLost,rf_19_raw_window,42,5,101,100,1,5,11,20,0,0.03666666666666667,0,0.5,
GripLost,rf_19_raw_window,42,5,101,100,1,5,12,21,0,0.05333333333333334,0,0.5,
GripLost,rf_19_raw_window,42,5,101,100,1,5,13,22,0,0.043333333333333335,0,0.5,
GripLost,rf_19_raw_window,42,5,101,100,1,5,14,23,0,0.05,0,0.5,
GripLost,rf_19_raw_window,42,5,102,101,1,5,0,9,0,0.06666666666666667,0,0.5,
GripLost,rf_19_raw_window,42,5,102,101,1,5,1,10,0,0.08333333333333333,0,0.5,
GripLost,rf_19_raw_window,42,5,102,101,1,5,2,11,0,0.10333333333333333,0,0.5,
GripLost,rf_19_raw_window,42,5,102,101,1,5,3,12,0,0.20333333333333334,0,0.5,
GripLost,rf_19_raw_window,42,5,102,101,1,5,4,13,0,0.15,0,0.5,
GripLost,rf_19_raw_window,42,5,102,101,1,5,5,14,0,0.11,0,0.5,
GripLost,rf_19_raw_window,42,5,102,101,1,5,6,15,0,0.16,0,0.5,
GripLost,rf_19_raw_window,42,5,102,101,1,5,7,16,0,0.19,0,0.5,
GripLost,rf_19_raw_window,42,5,102,101,1,5,8,17,0,0.07333333333333333,0,0.5,
GripLost,rf_19_raw_window,42,5,102,101,1,5,9,18,0,0.01,0,0.5,
GripLost,rf_19_raw_window,42,5,102,101,1,5,10,19,0,0.01,0,0.5,
GripLost,rf_19_raw_window,42,5,102,101,1,5,11,20,0,0.0033333333333333335,0,0.5,
GripLost,rf_19_raw_window,42,5,102,101,1,5,12,21,0,0.03333333333333333,0,0.5,
GripLost,rf_19_raw_window,42,5,102,101,1,5,13,22,0,0.02666666666666667,0,0.5,
GripLost,rf_19_raw_window,42,5,102,101,1,5,14,23,0,0.03333333333333333,0,0.5,
GripLost,rf_19_raw_window,42,5,103,102,1,5,0,9,0,0.006666666666666667,0,0.5,
GripLost,rf_19_raw_window,42,5,103,102,1,5,1,10,0,0.006666666666666667,0,0.5,
GripLost,rf_19_raw_window,42,5,103,102,1,5,2,11,0,0.07333333333333333,0,0.5,
GripLost,rf_19_raw_window,42,5,103,102,1,5,3,12,0,0.03333333333333333,0,0.5,
GripLost,rf_19_raw_window,42,5,103,102,1,5,4,13,0,0.04666666666666667,0,0.5,
GripLost,rf_19_raw_window,42,5,103,102,1,5,5,14,0,0.0,0,0.5,
GripLost,rf_19_raw_window,42,5,103,102,1,5,6,15,0,0.013333333333333334,0,0.5,
GripLost,rf_19_raw_window,42,5,103,102,1,5,7,16,0,0.0,0,0.5,
GripLost,rf_19_raw_window,42,5,103,102,1,5,8,17,0,0.0033333333333333335,0,0.5,
GripLost,rf_19_raw_window,42,5,103,102,1,5,9,18,0,0.0,0,0.5,
GripLost,rf_19_raw_window,42,5,103,102,1,5,10,19,0,0.03,0,0.5,
GripLost,rf_19_raw_window,42,5,103,102,1,5,11,20,0,0.02666666666666667,0,0.5,
GripLost,rf_19_raw_window,42,5,103,102,1,5,12,21,0,0.023333333333333334,0,0.5,
GripLost,rf_19_raw_window,42,5,103,102,1,5,13,22,0,0.03,0,0.5,
GripLost,rf_19_raw_window,42,5,103,102,1,5,14,23,0,0.02,0,0.5,
GripLost,rf_19_raw_window,42,5,103,102,1,5,15,24,0,0.03333333333333333,0,0.5,
GripLost,rf_19_raw_window,42,5,103,102,1,5,16,25,0,0.02666666666666667,0,0.5,
GripLost,rf_19_raw_window,42,5,103,102,1,5,17,26,0,0.023333333333333334,0,0.5,
GripLost,rf_19_raw_window,42,5,103,102,1,5,18,27,0,0.01,0,0.5,
GripLost,rf_19_raw_window,42,5,103,102,1,5,19,28,0,0.03,0,0.5,
GripLost,rf_19_raw_window,42,5,103,102,1,5,20,29,0,0.023333333333333334,0,0.5,
GripLost,rf_19_raw_window,42,5,103,102,1,5,21,30,0,0.006666666666666667,0,0.5,
GripLost,rf_19_raw_window,42,5,103,102,1,5,22,31,0,0.0033333333333333335,0,0.5,
GripLost,rf_19_raw_window,42,5,103,102,1,5,23,32,0,0.0,0,0.5,
GripLost,rf_19_raw_window,42,5,103,102,1,5,24,33,0,0.0033333333333333335,0,0.5,
GripLost,rf_19_raw_window,42,5,103,102,1,5,25,34,0,0.03333333333333333,0,0.5,
GripLost,rf_19_raw_window,42,5,103,102,1,5,26,35,0,0.013333333333333334,0,0.5,
GripLost,rf_19_raw_window,42,5,103,102,1,5,27,36,0,0.01,0,0.5,
GripLost,rf_19_raw_window,42,5,103,102,1,5,28,37,0,0.006666666666666667,0,0.5,
GripLost,rf_19_raw_window,42,5,103,102,1,5,29,38,0,0.0033333333333333335,0,0.5,
GripLost,rf_19_raw_window,42,5,103,102,1,5,30,39,0,0.016666666666666666,0,0.5,
GripLost,rf_19_raw_window,42,5,103,102,1,5,31,40,0,0.006666666666666667,0,0.5,
GripLost,rf_19_raw_window,42,5,103,102,1,5,32,41,0,0.01,0,0.5,
GripLost,rf_19_raw_window,42,5,103,102,1,5,33,42,0,0.01,0,0.5,
GripLost,rf_19_raw_window,42,5,103,102,1,5,34,43,0,0.01,0,0.5,
GripLost,rf_19_raw_window,42,5,103,102,1,5,35,44,0,0.01,0,0.5,
GripLost,rf_19_raw_window,42,5,103,102,1,5,36,45,0,0.13,0,0.5,
GripLost,rf_19_raw_window,42,5,103,102,1,5,37,46,0,0.02,0,0.5,
GripLost,rf_19_raw_window,42,5,103,102,1,5,38,47,0,0.02,0,0.5,
GripLost,rf_19_raw_window,42,5,103,102,1,5,39,48,0,0.02666666666666667,0,0.5,
GripLost,rf_19_raw_window,42,5,103,102,1,5,40,49,0,0.013333333333333334,0,0.5,
GripLost,rf_19_raw_window,42,5,103,102,1,5,41,50,0,0.006666666666666667,0,0.5,
GripLost,rf_19_raw_window,42,5,103,102,1,5,42,51,0,0.01,0,0.5,
GripLost,rf_19_raw_window,42,5,103,102,1,5,43,52,0,0.023333333333333334,0,0.5,
GripLost,rf_19_raw_window,42,5,103,102,1,5,44,53,0,0.03333333333333333,0,0.5,
GripLost,rf_19_raw_window,42,5,103,102,1,5,45,54,0,0.013333333333333334,0,0.5,
GripLost,rf_19_raw_window,42,5,103,102,1,5,46,55,0,0.013333333333333334,0,0.5,
GripLost,rf_19_raw_window,42,5,103,102,1,5,47,56,0,0.016666666666666666,0,0.5,
GripLost,rf_19_raw_window,42,5,103,102,1,5,48,57,0,0.01,0,0.5,
GripLost,rf_19_raw_window,42,5,103,102,1,5,49,58,0,0.006666666666666667,0,0.5,
GripLost,rf_19_raw_window,42,5,103,102,1,5,50,59,0,0.01,0,0.5,
GripLost,rf_19_raw_window,42,5,103,102,1,5,51,60,0,0.01,0,0.5,
GripLost,rf_19_raw_window,42,5,103,102,1,5,52,61,0,0.013333333333333334,0,0.5,
GripLost,rf_19_raw_window,42,5,103,102,1,5,53,62,0,0.03,0,0.5,
GripLost,rf_19_raw_window,42,5,104,103,1,5,0,9,0,0.023333333333333334,0,0.5,
GripLost,rf_19_raw_window,42,5,104,103,1,5,1,10,0,0.02666666666666667,0,0.5,
GripLost,rf_19_raw_window,42,5,105,104,1,5,0,9,1,0.57,1,0.5,
GripLost,rf_19_raw_window,42,5,105,104,1,5,1,10,1,0.6066666666666667,1,0.5,
GripLost,rf_19_raw_window,42,5,105,104,1,5,2,11,1,0.33666666666666667,0,0.5,
GripLost,rf_19_raw_window,42,5,105,104,1,5,3,12,1,0.35333333333333333,0,0.5,
GripLost,rf_19_raw_window,42,5,105,104,1,5,4,13,0,0.04,0,0.5,
GripLost,rf_19_raw_window,42,5,105,104,1,5,5,14,0,0.05,0,0.5,
GripLost,rf_19_raw_window,42,5,105,104,1,5,6,15,1,0.12666666666666668,0,0.5,
GripLost,rf_19_raw_window,42,5,105,104,1,5,7,16,1,0.24,0,0.5,
GripLost,rf_19_raw_window,42,5,105,104,1,5,8,17,1,0.2633333333333333,0,0.5,
GripLost,rf_19_raw_window,42,5,105,104,1,5,9,18,1,0.51,1,0.5,
GripLost,rf_19_raw_window,42,5,105,104,1,5,10,19,1,0.5833333333333334,1,0.5,
GripLost,rf_19_raw_window,42,5,105,104,1,5,11,20,1,0.49666666666666665,0,0.5,
GripLost,rf_19_raw_window,42,5,105,104,1,5,12,21,1,0.8366666666666667,1,0.5,
GripLost,rf_19_raw_window,42,5,105,104,1,5,13,22,1,0.84,1,0.5,
GripLost,rf_19_raw_window,42,5,106,105,1,5,0,9,0,0.01,0,0.5,
GripLost,rf_19_raw_window,42,5,106,105,1,5,1,10,0,0.023333333333333334,0,0.5,
GripLost,rf_19_raw_window,42,5,106,105,1,5,2,11,0,0.023333333333333334,0,0.5,
GripLost,rf_19_raw_window,42,5,106,105,1,5,3,12,0,0.016666666666666666,0,0.5,
GripLost,rf_19_raw_window,42,5,106,105,1,5,4,13,0,0.04666666666666667,0,0.5,
GripLost,rf_19_raw_window,42,5,106,105,1,5,5,14,0,0.07666666666666666,0,0.5,
GripLost,rf_19_raw_window,42,5,106,105,1,5,6,15,0,0.06666666666666667,0,0.5,
GripLost,rf_19_raw_window,42,5,106,105,1,5,7,16,0,0.16666666666666666,0,0.5,
GripLost,rf_19_raw_window,42,5,106,105,1,5,8,17,0,0.016666666666666666,0,0.5,
GripLost,rf_19_raw_window,42,5,106,105,1,5,9,18,0,0.05,0,0.5,
GripLost,rf_19_raw_window,42,5,106,105,1,5,10,19,0,0.023333333333333334,0,0.5,
GripLost,rf_19_raw_window,42,5,106,105,1,5,11,20,0,0.01,0,0.5,
GripLost,rf_19_raw_window,42,5,106,105,1,5,12,21,0,0.006666666666666667,0,0.5,
GripLost,rf_19_raw_window,42,5,106,105,1,5,13,22,0,0.006666666666666667,0,0.5,
GripLost,rf_19_raw_window,42,5,106,105,1,5,14,23,0,0.01,0,0.5,
GripLost,rf_19_raw_window,42,5,107,106,1,5,0,9,0,0.006666666666666667,0,0.5,
GripLost,rf_19_raw_window,42,5,107,106,1,5,1,10,0,0.006666666666666667,0,0.5,
GripLost,rf_19_raw_window,42,5,107,106,1,5,2,11,0,0.02666666666666667,0,0.5,
GripLost,rf_19_raw_window,42,5,107,106,1,5,3,12,0,0.04,0,0.5,
GripLost,rf_19_raw_window,42,5,107,106,1,5,4,13,0,0.0033333333333333335,0,0.5,
GripLost,rf_19_raw_window,42,5,107,106,1,5,5,14,0,0.016666666666666666,0,0.5,
GripLost,rf_19_raw_window,42,5,107,106,1,5,6,15,0,0.06666666666666667,0,0.5,
GripLost,rf_19_raw_window,42,5,107,106,1,5,7,16,0,0.13666666666666666,0,0.5,
GripLost,rf_19_raw_window,42,5,107,106,1,5,8,17,0,0.16333333333333333,0,0.5,
GripLost,rf_19_raw_window,42,5,107,106,1,5,9,18,0,0.07666666666666666,0,0.5,
GripLost,rf_19_raw_window,42,5,107,106,1,5,10,19,0,0.07666666666666666,0,0.5,
GripLost,rf_19_raw_window,42,5,107,106,1,5,11,20,0,0.02666666666666667,0,0.5,
GripLost,rf_19_raw_window,42,5,107,106,1,5,12,21,0,0.023333333333333334,0,0.5,
GripLost,rf_19_raw_window,42,5,107,106,1,5,13,22,0,0.023333333333333334,0,0.5,
GripLost,rf_19_raw_window,42,5,107,106,1,5,14,23,0,0.023333333333333334,0,0.5,
GripLost,rf_19_raw_window,42,5,108,107,1,5,0,9,0,0.0033333333333333335,0,0.5,
GripLost,rf_19_raw_window,42,5,108,107,1,5,1,10,0,0.01,0,0.5,
GripLost,rf_19_raw_window,42,5,108,107,1,5,2,11,0,0.013333333333333334,0,0.5,
GripLost,rf_19_raw_window,42,5,108,107,1,5,3,12,0,0.006666666666666667,0,0.5,
GripLost,rf_19_raw_window,42,5,108,107,1,5,4,13,0,0.03666666666666667,0,0.5,
GripLost,rf_19_raw_window,42,5,108,107,1,5,5,14,0,0.03666666666666667,0,0.5,
GripLost,rf_19_raw_window,42,5,108,107,1,5,6,15,0,0.02,0,0.5,
GripLost,rf_19_raw_window,42,5,108,107,1,5,7,16,0,0.013333333333333334,0,0.5,
GripLost,rf_19_raw_window,42,5,108,107,1,5,8,17,0,0.016666666666666666,0,0.5,
GripLost,rf_19_raw_window,42,5,108,107,1,5,9,18,0,0.02,0,0.5,
GripLost,rf_19_raw_window,42,5,108,107,1,5,10,19,0,0.01,0,0.5,
GripLost,rf_19_raw_window,42,5,108,107,1,5,11,20,0,0.006666666666666667,0,0.5,
GripLost,rf_19_raw_window,42,5,108,107,1,5,12,21,0,0.0033333333333333335,0,0.5,
GripLost,rf_19_raw_window,42,5,108,107,1,5,13,22,0,0.0033333333333333335,0,0.5,
GripLost,rf_19_raw_window,42,5,108,107,1,5,14,23,0,0.0033333333333333335,0,0.5,
GripLost,rf_19_raw_window,42,5,108,107,1,5,15,24,0,0.0033333333333333335,0,0.5,
GripLost,rf_19_raw_window,42,5,108,107,1,5,16,25,0,0.006666666666666667,0,0.5,
GripLost,rf_19_raw_window,42,5,108,107,1,5,17,26,0,0.006666666666666667,0,0.5,
GripLost,rf_19_raw_window,42,5,108,107,1,5,18,27,0,0.0033333333333333335,0,0.5,
GripLost,rf_19_raw_window,42,5,108,107,1,5,19,28,0,0.013333333333333334,0,0.5,
GripLost,rf_19_raw_window,42,5,108,107,1,5,20,29,0,0.013333333333333334,0,0.5,
GripLost,rf_19_raw_window,42,5,108,107,1,5,21,30,0,0.006666666666666667,0,0.5,
GripLost,rf_19_raw_window,42,5,108,107,1,5,22,31,0,0.006666666666666667,0,0.5,
GripLost,rf_19_raw_window,42,5,108,107,1,5,23,32,0,0.006666666666666667,0,0.5,
GripLost,rf_19_raw_window,42,5,108,107,1,5,24,33,0,0.06333333333333334,0,0.5,
GripLost,rf_19_raw_window,42,5,108,107,1,5,25,34,0,0.03666666666666667,0,0.5,
GripLost,rf_19_raw_window,42,5,108,107,1,5,26,35,0,0.03666666666666667,0,0.5,
GripLost,rf_19_raw_window,42,5,108,107,1,5,27,36,0,0.22666666666666666,0,0.5,
GripLost,rf_19_raw_window,42,5,108,107,1,5,28,37,0,0.16666666666666666,0,0.5,
GripLost,rf_19_raw_window,42,5,108,107,1,5,29,38,0,0.28,0,0.5,
GripLost,rf_19_raw_window,42,5,108,107,1,5,30,39,0,0.33666666666666667,0,0.5,
GripLost,rf_19_raw_window,42,5,108,107,1,5,31,40,0,0.23333333333333334,0,0.5,
GripLost,rf_19_raw_window,42,5,108,107,1,5,32,41,0,0.1,0,0.5,
GripLost,rf_19_raw_window,42,5,108,107,1,5,33,42,0,0.12666666666666668,0,0.5,
GripLost,rf_19_raw_window,42,5,108,107,1,5,34,43,0,0.06333333333333334,0,0.5,
GripLost,rf_19_raw_window,42,5,108,107,1,5,35,44,0,0.24,0,0.5,
GripLost,rf_19_raw_window,42,5,108,107,1,5,36,45,0,0.14,0,0.5,
GripLost,rf_19_raw_window,42,5,108,107,1,5,37,46,0,0.02,0,0.5,
GripLost,rf_19_raw_window,42,5,108,107,1,5,38,47,0,0.0033333333333333335,0,0.5,
GripLost,rf_19_raw_window,42,5,108,107,1,5,39,48,0,0.0033333333333333335,0,0.5,
GripLost,rf_19_raw_window,42,5,108,107,1,5,40,49,0,0.006666666666666667,0,0.5,
GripLost,rf_19_raw_window,42,5,108,107,1,5,41,50,0,0.0033333333333333335,0,0.5,
GripLost,rf_19_raw_window,42,5,108,107,1,5,42,51,0,0.0033333333333333335,0,0.5,
GripLost,rf_19_raw_window,42,5,108,107,1,5,43,52,0,0.0033333333333333335,0,0.5,
GripLost,rf_19_raw_window,42,5,108,107,1,5,44,53,0,0.0033333333333333335,0,0.5,
GripLost,rf_19_raw_window,42,5,108,107,1,5,45,54,0,0.006666666666666667,0,0.5,
GripLost,rf_19_raw_window,42,5,108,107,1,5,46,55,0,0.05,0,0.5,
GripLost,rf_19_raw_window,42,5,109,108,1,5,0,9,0,0.01,0,0.5,
GripLost,rf_19_raw_window,42,5,109,108,1,5,1,10,0,0.02,0,0.5,
GripLost,rf_19_raw_window,42,5,109,108,1,5,2,11,0,0.02,0,0.5,
GripLost,rf_19_raw_window,42,5,109,108,1,5,3,12,0,0.02,0,0.5,
GripLost,rf_19_raw_window,42,5,109,108,1,5,4,13,0,0.03666666666666667,0,0.5,
GripLost,rf_19_raw_window,42,5,109,108,1,5,5,14,0,0.07,0,0.5,
GripLost,rf_19_raw_window,42,5,109,108,1,5,6,15,0,0.09666666666666666,0,0.5,
GripLost,rf_19_raw_window,42,5,109,108,1,5,7,16,0,0.08333333333333333,0,0.5,
GripLost,rf_19_raw_window,42,5,109,108,1,5,8,17,0,0.15333333333333332,0,0.5,
GripLost,rf_19_raw_window,42,5,109,108,1,5,9,18,0,0.07333333333333333,0,0.5,
GripLost,rf_19_raw_window,42,5,109,108,1,5,10,19,0,0.07,0,0.5,
GripLost,rf_19_raw_window,42,5,109,108,1,5,11,20,0,0.08,0,0.5,
GripLost,rf_19_raw_window,42,5,109,108,1,5,12,21,0,0.04666666666666667,0,0.5,
GripLost,rf_19_raw_window,42,5,109,108,1,5,13,22,0,0.09,0,0.5,
GripLost,rf_19_raw_window,42,5,109,108,1,5,14,23,0,0.09333333333333334,0,0.5,
GripLost,rf_19_raw_window,42,5,110,109,1,5,0,9,0,0.02,0,0.5,
GripLost,rf_19_raw_window,42,5,110,109,1,5,1,10,0,0.02,0,0.5,
GripLost,rf_19_raw_window,42,5,110,109,1,5,2,11,0,0.013333333333333334,0,0.5,
GripLost,rf_19_raw_window,42,5,110,109,1,5,3,12,0,0.016666666666666666,0,0.5,
GripLost,rf_19_raw_window,42,5,111,110,1,5,0,9,0,0.006666666666666667,0,0.5,
GripLost,rf_19_raw_window,42,5,111,110,1,5,1,10,0,0.01,0,0.5,
GripLost,rf_19_raw_window,42,5,111,110,1,5,2,11,0,0.006666666666666667,0,0.5,
GripLost,rf_19_raw_window,42,5,111,110,1,5,3,12,0,0.02,0,0.5,
GripLost,rf_19_raw_window,42,5,111,110,1,5,4,13,0,0.0033333333333333335,0,0.5,
GripLost,rf_19_raw_window,42,5,111,110,1,5,5,14,0,0.03,0,0.5,
GripLost,rf_19_raw_window,42,5,111,110,1,5,6,15,0,0.08,0,0.5,
GripLost,rf_19_raw_window,42,5,111,110,1,5,7,16,0,0.12,0,0.5,
GripLost,rf_19_raw_window,42,5,111,110,1,5,8,17,0,0.22,0,0.5,
GripLost,rf_19_raw_window,42,5,111,110,1,5,9,18,0,0.13,0,0.5,
GripLost,rf_19_raw_window,42,5,111,110,1,5,10,19,0,0.04666666666666667,0,0.5,
GripLost,rf_19_raw_window,42,5,111,110,1,5,11,20,0,0.0,0,0.5,
GripLost,rf_19_raw_window,42,5,111,110,1,5,12,21,0,0.006666666666666667,0,0.5,
GripLost,rf_19_raw_window,42,5,111,110,1,5,13,22,0,0.0033333333333333335,0,0.5,
GripLost,rf_19_raw_window,42,5,111,110,1,5,14,23,0,0.0033333333333333335,0,0.5,
GripLost,rf_19_raw_window,42,5,111,110,1,5,15,24,0,0.0033333333333333335,0,0.5,
GripLost,rf_19_raw_window,42,5,112,111,1,5,0,9,0,0.02,0,0.5,
GripLost,rf_19_raw_window,42,5,112,111,1,5,1,10,0,0.01,0,0.5,
GripLost,rf_19_raw_window,42,5,112,111,1,5,2,11,0,0.0033333333333333335,0,0.5,
GripLost,rf_19_raw_window,42,5,112,111,1,5,3,12,0,0.006666666666666667,0,0.5,
GripLost,rf_19_raw_window,42,5,112,111,1,5,4,13,0,0.006666666666666667,0,0.5,
GripLost,rf_19_raw_window,42,5,112,111,1,5,5,14,0,0.1,0,0.5,
GripLost,rf_19_raw_window,42,5,112,111,1,5,6,15,0,0.10666666666666667,0,0.5,
GripLost,rf_19_raw_window,42,5,112,111,1,5,7,16,0,0.21,0,0.5,
GripLost,rf_19_raw_window,42,5,112,111,1,5,8,17,0,0.2966666666666667,0,0.5,
GripLost,rf_19_raw_window,42,5,112,111,1,5,9,18,0,0.03,0,0.5,
GripLost,rf_19_raw_window,42,5,112,111,1,5,10,19,0,0.01,0,0.5,
GripLost,rf_19_raw_window,42,5,112,111,1,5,11,20,0,0.0,0,0.5,
GripLost,rf_19_raw_window,42,5,112,111,1,5,12,21,0,0.01,0,0.5,
GripLost,rf_19_raw_window,42,5,112,111,1,5,13,22,0,0.01,0,0.5,
GripLost,rf_19_raw_window,42,5,112,111,1,5,14,23,0,0.013333333333333334,0,0.5,
GripLost,rf_19_raw_window,42,5,113,112,1,5,0,9,0,0.01,0,0.5,
GripLost,rf_19_raw_window,42,5,113,112,1,5,1,10,0,0.023333333333333334,0,0.5,
GripLost,rf_19_raw_window,42,5,113,112,1,5,2,11,0,0.016666666666666666,0,0.5,
GripLost,rf_19_raw_window,42,5,113,112,1,5,3,12,0,0.02,0,0.5,
GripLost,rf_19_raw_window,42,5,113,112,1,5,4,13,0,0.056666666666666664,0,0.5,
GripLost,rf_19_raw_window,42,5,113,112,1,5,5,14,0,0.06,0,0.5,
GripLost,rf_19_raw_window,42,5,113,112,1,5,6,15,0,0.05333333333333334,0,0.5,
GripLost,rf_19_raw_window,42,5,113,112,1,5,7,16,0,0.15333333333333332,0,0.5,
GripLost,rf_19_raw_window,42,5,113,112,1,5,8,17,0,0.03,0,0.5,
GripLost,rf_19_raw_window,42,5,113,112,1,5,9,18,0,0.09333333333333334,0,0.5,
GripLost,rf_19_raw_window,42,5,113,112,1,5,10,19,0,0.07333333333333333,0,0.5,
GripLost,rf_19_raw_window,42,5,113,112,1,5,11,20,0,0.03666666666666667,0,0.5,
GripLost,rf_19_raw_window,42,5,113,112,1,5,12,21,0,0.02666666666666667,0,0.5,
GripLost,rf_19_raw_window,42,5,113,112,1,5,13,22,0,0.016666666666666666,0,0.5,
GripLost,rf_19_raw_window,42,5,113,112,1,5,14,23,0,0.023333333333333334,0,0.5,
GripLost,rf_19_raw_window,42,5,114,113,1,5,0,9,0,0.04,0,0.5,
GripLost,rf_19_raw_window,42,5,114,113,1,5,1,10,0,0.05,0,0.5,
GripLost,rf_19_raw_window,42,5,114,113,1,5,2,11,0,0.05333333333333334,0,0.5,
GripLost,rf_19_raw_window,42,5,114,113,1,5,3,12,0,0.16,0,0.5,
GripLost,rf_19_raw_window,42,5,114,113,1,5,4,13,0,0.15,0,0.5,
GripLost,rf_19_raw_window,42,5,114,113,1,5,5,14,0,0.15333333333333332,0,0.5,
GripLost,rf_19_raw_window,42,5,114,113,1,5,6,15,0,0.07333333333333333,0,0.5,
GripLost,rf_19_raw_window,42,5,114,113,1,5,7,16,0,0.14333333333333334,0,0.5,
GripLost,rf_19_raw_window,42,5,114,113,1,5,8,17,0,0.13333333333333333,0,0.5,
GripLost,rf_19_raw_window,42,5,114,113,1,5,9,18,0,0.08333333333333333,0,0.5,
GripLost,rf_19_raw_window,42,5,114,113,1,5,10,19,0,0.05333333333333334,0,0.5,
GripLost,rf_19_raw_window,42,5,114,113,1,5,11,20,0,0.016666666666666666,0,0.5,
GripLost,rf_19_raw_window,42,5,114,113,1,5,12,21,0,0.03666666666666667,0,0.5,
GripLost,rf_19_raw_window,42,5,114,113,1,5,13,22,0,0.04,0,0.5,
GripLost,rf_19_raw_window,42,5,114,113,1,5,14,23,0,0.04,0,0.5,
GripLost,rf_19_raw_window,42,5,114,113,1,5,15,24,0,0.02666666666666667,0,0.5,
GripLost,rf_19_raw_window,42,5,115,114,1,5,0,9,0,0.0033333333333333335,0,0.5,
GripLost,rf_19_raw_window,42,5,115,114,1,5,1,10,0,0.01,0,0.5,
GripLost,rf_19_raw_window,42,5,115,114,1,5,2,11,0,0.01,0,0.5,
GripLost,rf_19_raw_window,42,5,115,114,1,5,3,12,0,0.01,0,0.5,
GripLost,rf_19_raw_window,42,5,115,114,1,5,4,13,0,0.02,0,0.5,
GripLost,rf_19_raw_window,42,5,115,114,1,5,5,14,0,0.006666666666666667,0,0.5,
GripLost,rf_19_raw_window,42,5,115,114,1,5,6,15,0,0.0033333333333333335,0,0.5,
GripLost,rf_19_raw_window,42,5,115,114,1,5,7,16,0,0.0033333333333333335,0,0.5,
GripLost,rf_19_raw_window,42,5,115,114,1,5,8,17,0,0.0033333333333333335,0,0.5,
GripLost,rf_19_raw_window,42,5,115,114,1,5,9,18,0,0.0033333333333333335,0,0.5,
GripLost,rf_19_raw_window,42,5,115,114,1,5,10,19,0,0.006666666666666667,0,0.5,
GripLost,rf_19_raw_window,42,5,115,114,1,5,11,20,0,0.01,0,0.5,
GripLost,rf_19_raw_window,42,5,115,114,1,5,12,21,0,0.06666666666666667,0,0.5,
GripLost,rf_19_raw_window,42,5,115,114,1,5,13,22,0,0.07,0,0.5,
GripLost,rf_19_raw_window,42,5,115,114,1,5,14,23,0,0.056666666666666664,0,0.5,
GripLost,rf_19_raw_window,42,5,115,114,1,5,15,24,0,0.056666666666666664,0,0.5,
GripLost,rf_19_raw_window,42,5,115,114,1,5,16,25,0,0.06,0,0.5,
GripLost,rf_19_raw_window,42,5,115,114,1,5,17,26,0,0.05333333333333334,0,0.5,
GripLost,rf_19_raw_window,42,5,115,114,1,5,18,27,0,0.06666666666666667,0,0.5,
GripLost,rf_19_raw_window,42,5,115,114,1,5,19,28,0,0.05333333333333334,0,0.5,
GripLost,rf_19_raw_window,42,5,115,114,1,5,20,29,0,0.12,0,0.5,
GripLost,rf_19_raw_window,42,5,115,114,1,5,21,30,0,0.09666666666666666,0,0.5,
GripLost,rf_19_raw_window,42,5,115,114,1,5,22,31,0,0.09666666666666666,0,0.5,
GripLost,rf_19_raw_window,42,5,115,114,1,5,23,32,0,0.14666666666666667,0,0.5,
GripLost,rf_19_raw_window,42,5,115,114,1,5,24,33,0,0.12666666666666668,0,0.5,
GripLost,rf_19_raw_window,42,5,115,114,1,5,25,34,0,0.09666666666666666,0,0.5,
GripLost,rf_19_raw_window,42,5,115,114,1,5,26,35,0,0.08333333333333333,0,0.5,
GripLost,rf_19_raw_window,42,5,115,114,1,5,27,36,0,0.05,0,0.5,
GripLost,rf_19_raw_window,42,5,115,114,1,5,28,37,0,0.11,0,0.5,
GripLost,rf_19_raw_window,42,5,115,114,1,5,29,38,0,0.13666666666666666,0,0.5,
GripLost,rf_19_raw_window,42,5,115,114,1,5,30,39,0,0.06333333333333334,0,0.5,
GripLost,rf_19_raw_window,42,5,115,114,1,5,31,40,0,0.04,0,0.5,
GripLost,rf_19_raw_window,42,5,115,114,1,5,32,41,0,0.043333333333333335,0,0.5,
GripLost,rf_19_raw_window,42,5,115,114,1,5,33,42,0,0.04,0,0.5,
GripLost,rf_19_raw_window,42,5,115,114,1,5,34,43,0,0.07333333333333333,0,0.5,
GripLost,rf_19_raw_window,42,5,115,114,1,5,35,44,0,0.07666666666666666,0,0.5,
GripLost,rf_19_raw_window,42,5,115,114,1,5,36,45,0,0.056666666666666664,0,0.5,
GripLost,rf_19_raw_window,42,5,115,114,1,5,37,46,0,0.04,0,0.5,
GripLost,rf_19_raw_window,42,5,115,114,1,5,38,47,0,0.03,0,0.5,
GripLost,rf_19_raw_window,42,5,115,114,1,5,39,48,0,0.023333333333333334,0,0.5,
GripLost,rf_19_raw_window,42,5,115,114,1,5,40,49,0,0.07,0,0.5,
GripLost,rf_19_raw_window,42,5,115,114,1,5,41,50,0,0.09,0,0.5,
GripLost,rf_19_raw_window,42,5,115,114,1,5,42,51,0,0.13333333333333333,0,0.5,
GripLost,rf_19_raw_window,42,5,116,115,1,5,0,9,0,0.03666666666666667,0,0.5,
GripLost,rf_19_raw_window,42,5,116,115,1,5,1,10,0,0.023333333333333334,0,0.5,
GripLost,rf_19_raw_window,42,5,116,115,1,5,2,11,0,0.016666666666666666,0,0.5,
GripLost,rf_19_raw_window,42,5,116,115,1,5,3,12,0,0.03666666666666667,0,0.5,
GripLost,rf_19_raw_window,42,5,116,115,1,5,4,13,0,0.13,0,0.5,
GripLost,rf_19_raw_window,42,5,116,115,1,5,5,14,0,0.18,0,0.5,
GripLost,rf_19_raw_window,42,5,116,115,1,5,6,15,0,0.07333333333333333,0,0.5,
GripLost,rf_19_raw_window,42,5,116,115,1,5,7,16,0,0.13333333333333333,0,0.5,
GripLost,rf_19_raw_window,42,5,116,115,1,5,8,17,0,0.07,0,0.5,
GripLost,rf_19_raw_window,42,5,116,115,1,5,9,18,0,0.056666666666666664,0,0.5,
GripLost,rf_19_raw_window,42,5,116,115,1,5,10,19,0,0.05,0,0.5,
GripLost,rf_19_raw_window,42,5,116,115,1,5,11,20,0,0.03666666666666667,0,0.5,
GripLost,rf_19_raw_window,42,5,116,115,1,5,12,21,0,0.02,0,0.5,
GripLost,rf_19_raw_window,42,5,116,115,1,5,13,22,0,0.01,0,0.5,
GripLost,rf_19_raw_window,42,5,116,115,1,5,14,23,0,0.016666666666666666,0,0.5,
GripLost,rf_19_raw_window,42,5,117,116,1,5,0,9,0,0.023333333333333334,0,0.5,
GripLost,rf_19_raw_window,42,5,117,116,1,5,1,10,0,0.02,0,0.5,
GripLost,rf_19_raw_window,42,5,117,116,1,5,2,11,0,0.023333333333333334,0,0.5,
GripLost,rf_19_raw_window,42,5,117,116,1,5,3,12,0,0.013333333333333334,0,0.5,
GripLost,rf_19_raw_window,42,5,117,116,1,5,4,13,0,0.01,0,0.5,
GripLost,rf_19_raw_window,42,5,117,116,1,5,5,14,0,0.01,0,0.5,
GripLost,rf_19_raw_window,42,5,117,116,1,5,6,15,0,0.013333333333333334,0,0.5,
GripLost,rf_19_raw_window,42,5,117,116,1,5,7,16,0,0.0033333333333333335,0,0.5,
GripLost,rf_19_raw_window,42,5,117,116,1,5,8,17,0,0.14,0,0.5,
GripLost,rf_19_raw_window,42,5,117,116,1,5,9,18,0,0.15333333333333332,0,0.5,
GripLost,rf_19_raw_window,42,5,117,116,1,5,10,19,0,0.02666666666666667,0,0.5,
GripLost,rf_19_raw_window,42,5,117,116,1,5,11,20,0,0.19,0,0.5,
GripLost,rf_19_raw_window,42,5,117,116,1,5,12,21,0,0.02,0,0.5,
GripLost,rf_19_raw_window,42,5,117,116,1,5,13,22,0,0.01,0,0.5,
GripLost,rf_19_raw_window,42,5,117,116,1,5,14,23,0,0.006666666666666667,0,0.5,
GripLost,rf_19_raw_window,42,5,117,116,1,5,15,24,0,0.0,0,0.5,
GripLost,rf_19_raw_window,42,5,117,116,1,5,16,25,0,0.006666666666666667,0,0.5,
GripLost,rf_19_raw_window,42,5,117,116,1,5,17,26,0,0.006666666666666667,0,0.5,
GripLost,rf_19_raw_window,42,5,117,116,1,5,18,27,0,0.006666666666666667,0,0.5,
GripLost,rf_19_raw_window,42,5,118,117,1,5,0,9,0,0.03666666666666667,0,0.5,
GripLost,rf_19_raw_window,42,5,118,117,1,5,1,10,0,0.03333333333333333,0,0.5,
GripLost,rf_19_raw_window,42,5,118,117,1,5,2,11,0,0.043333333333333335,0,0.5,
GripLost,rf_19_raw_window,42,5,118,117,1,5,3,12,0,0.023333333333333334,0,0.5,
GripLost,rf_19_raw_window,42,5,118,117,1,5,4,13,0,0.016666666666666666,0,0.5,
GripLost,rf_19_raw_window,42,5,118,117,1,5,5,14,0,0.03666666666666667,0,0.5,
GripLost,rf_19_raw_window,42,5,118,117,1,5,6,15,0,0.03,0,0.5,
GripLost,rf_19_raw_window,42,5,118,117,1,5,7,16,0,0.023333333333333334,0,0.5,
GripLost,rf_19_raw_window,42,5,118,117,1,5,8,17,0,0.03,0,0.5,
GripLost,rf_19_raw_window,42,5,118,117,1,5,9,18,0,0.06333333333333334,0,0.5,
GripLost,rf_19_raw_window,42,5,118,117,1,5,10,19,0,0.06666666666666667,0,0.5,
GripLost,rf_19_raw_window,42,5,118,117,1,5,11,20,0,0.12666666666666668,0,0.5,
GripLost,rf_19_raw_window,42,5,118,117,1,5,12,21,0,0.10666666666666667,0,0.5,
GripLost,rf_19_raw_window,42,5,118,117,1,5,13,22,0,0.22666666666666666,0,0.5,
GripLost,rf_19_raw_window,42,5,118,117,1,5,14,23,0,0.24,0,0.5,
GripLost,rf_19_raw_window,42,5,118,117,1,5,15,24,0,0.24,0,0.5,
GripLost,rf_19_raw_window,42,5,118,117,1,5,16,25,0,0.08,0,0.5,
GripLost,rf_19_raw_window,42,5,118,117,1,5,17,26,0,0.07,0,0.5,
GripLost,rf_19_raw_window,42,5,118,117,1,5,18,27,0,0.056666666666666664,0,0.5,
GripLost,rf_19_raw_window,42,5,118,117,1,5,19,28,0,0.18,0,0.5,
GripLost,rf_19_raw_window,42,5,118,117,1,5,20,29,0,0.07666666666666666,0,0.5,
GripLost,rf_19_raw_window,42,5,118,117,1,5,21,30,0,0.03,0,0.5,
GripLost,rf_19_raw_window,42,5,118,117,1,5,22,31,0,0.0033333333333333335,0,0.5,
GripLost,rf_19_raw_window,42,5,118,117,1,5,23,32,0,0.006666666666666667,0,0.5,
GripLost,rf_19_raw_window,42,5,118,117,1,5,24,33,0,0.006666666666666667,0,0.5,
GripLost,rf_19_raw_window,42,5,118,117,1,5,25,34,0,0.006666666666666667,0,0.5,
GripLost,rf_19_raw_window,42,5,118,117,1,5,26,35,0,0.01,0,0.5,
GripLost,rf_19_raw_window,42,5,118,117,1,5,27,36,0,0.01,0,0.5,
GripLost,rf_19_raw_window,42,5,118,117,1,5,28,37,0,0.01,0,0.5,
GripLost,rf_19_raw_window,42,5,118,117,1,5,29,38,0,0.01,0,0.5,
GripLost,rf_19_raw_window,42,5,119,118,1,5,0,9,0,0.006666666666666667,0,0.5,
GripLost,rf_19_raw_window,42,5,119,118,1,5,1,10,0,0.0033333333333333335,0,0.5,
GripLost,rf_19_raw_window,42,5,119,118,1,5,2,11,0,0.0,0,0.5,
GripLost,rf_19_raw_window,42,5,119,118,1,5,3,12,0,0.016666666666666666,0,0.5,
GripLost,rf_19_raw_window,42,5,119,118,1,5,4,13,0,0.01,0,0.5,
GripLost,rf_19_raw_window,42,5,119,118,1,5,5,14,0,0.01,0,0.5,
GripLost,rf_19_raw_window,42,5,119,118,1,5,6,15,0,0.11,0,0.5,
GripLost,rf_19_raw_window,42,5,119,118,1,5,7,16,0,0.15666666666666668,0,0.5,
GripLost,rf_19_raw_window,42,5,119,118,1,5,8,17,0,0.14333333333333334,0,0.5,
GripLost,rf_19_raw_window,42,5,119,118,1,5,9,18,0,0.056666666666666664,0,0.5,
GripLost,rf_19_raw_window,42,5,119,118,1,5,10,19,0,0.10333333333333333,0,0.5,
GripLost,rf_19_raw_window,42,5,119,118,1,5,11,20,0,0.12666666666666668,0,0.5,
GripLost,rf_19_raw_window,42,5,119,118,1,5,12,21,0,0.10333333333333333,0,0.5,
GripLost,rf_19_raw_window,42,5,119,118,1,5,13,22,0,0.1,0,0.5,
GripLost,rf_19_raw_window,42,5,119,118,1,5,14,23,0,0.11333333333333333,0,0.5,
GripLost,rf_19_raw_window,42,5,119,118,1,5,15,24,0,0.14666666666666667,0,0.5,
GripLost,rf_19_raw_window,42,5,120,119,1,5,0,9,0,0.01,0,0.5,
GripLost,rf_19_raw_window,42,5,120,119,1,5,1,10,0,0.006666666666666667,0,0.5,
GripLost,rf_19_raw_window,42,5,120,119,1,5,2,11,0,0.01,0,0.5,
GripLost,rf_19_raw_window,42,5,120,119,1,5,3,12,0,0.0,0,0.5,
GripLost,rf_19_raw_window,42,5,120,119,1,5,4,13,0,0.016666666666666666,0,0.5,
GripLost,rf_19_raw_window,42,5,120,119,1,5,5,14,0,0.13666666666666666,0,0.5,
GripLost,rf_19_raw_window,42,5,120,119,1,5,6,15,0,0.06,0,0.5,
GripLost,rf_19_raw_window,42,5,120,119,1,5,7,16,0,0.17333333333333334,0,0.5,
GripLost,rf_19_raw_window,42,5,120,119,1,5,8,17,0,0.23333333333333334,0,0.5,
GripLost,rf_19_raw_window,42,5,120,119,1,5,9,18,0,0.06333333333333334,0,0.5,
GripLost,rf_19_raw_window,42,5,120,119,1,5,10,19,0,0.056666666666666664,0,0.5,
GripLost,rf_19_raw_window,42,5,120,119,1,5,11,20,0,0.04,0,0.5,
GripLost,rf_19_raw_window,42,5,120,119,1,5,12,21,0,0.06666666666666667,0,0.5,
GripLost,rf_19_raw_window,42,5,120,119,1,5,13,22,0,0.09,0,0.5,
GripLost,rf_19_raw_window,42,5,120,119,1,5,14,23,0,0.10666666666666667,0,0.5,
GripLost,rf_19_raw_window,42,5,121,120,1,5,0,9,0,0.023333333333333334,0,0.5,
GripLost,rf_19_raw_window,42,5,121,120,1,5,1,10,0,0.013333333333333334,0,0.5,
GripLost,rf_19_raw_window,42,5,121,120,1,5,2,11,0,0.023333333333333334,0,0.5,
GripLost,rf_19_raw_window,42,5,121,120,1,5,3,12,0,0.03,0,0.5,
GripLost,rf_19_raw_window,42,5,121,120,1,5,4,13,0,0.02,0,0.5,
GripLost,rf_19_raw_window,42,5,121,120,1,5,5,14,0,0.03333333333333333,0,0.5,
GripLost,rf_19_raw_window,42,5,121,120,1,5,6,15,0,0.056666666666666664,0,0.5,
GripLost,rf_19_raw_window,42,5,121,120,1,5,7,16,0,0.056666666666666664,0,0.5,
GripLost,rf_19_raw_window,42,5,121,120,1,5,8,17,0,0.14666666666666667,0,0.5,
GripLost,rf_19_raw_window,42,5,121,120,1,5,9,18,0,0.07333333333333333,0,0.5,
GripLost,rf_19_raw_window,42,5,121,120,1,5,10,19,0,0.013333333333333334,0,0.5,
GripLost,rf_19_raw_window,42,5,121,120,1,5,11,20,0,0.0033333333333333335,0,0.5,
GripLost,rf_19_raw_window,42,5,121,120,1,5,12,21,0,0.006666666666666667,0,0.5,
GripLost,rf_19_raw_window,42,5,121,120,1,5,13,22,0,0.01,0,0.5,
GripLost,rf_19_raw_window,42,5,121,120,1,5,14,23,0,0.01,0,0.5,
GripLost,rf_19_raw_window,42,5,121,120,1,5,15,24,0,0.01,0,0.5,
GripLost,rf_19_raw_window,42,5,122,121,1,5,0,9,0,0.03333333333333333,0,0.5,
GripLost,rf_19_raw_window,42,5,122,121,1,5,1,10,0,0.02666666666666667,0,0.5,
GripLost,rf_19_raw_window,42,5,122,121,1,5,2,11,0,0.02666666666666667,0,0.5,
GripLost,rf_19_raw_window,42,5,122,121,1,5,3,12,0,0.006666666666666667,0,0.5,
GripLost,rf_19_raw_window,42,5,122,121,1,5,4,13,0,0.016666666666666666,0,0.5,
GripLost,rf_19_raw_window,42,5,122,121,1,5,5,14,0,0.07,0,0.5,
GripLost,rf_19_raw_window,42,5,122,121,1,5,6,15,0,0.06333333333333334,0,0.5,
GripLost,rf_19_raw_window,42,5,122,121,1,5,7,16,0,0.13666666666666666,0,0.5,
GripLost,rf_19_raw_window,42,5,122,121,1,5,8,17,0,0.15333333333333332,0,0.5,
GripLost,rf_19_raw_window,42,5,122,121,1,5,9,18,0,0.023333333333333334,0,0.5,
GripLost,rf_19_raw_window,42,5,122,121,1,5,10,19,0,0.006666666666666667,0,0.5,
GripLost,rf_19_raw_window,42,5,122,121,1,5,11,20,0,0.01,0,0.5,
GripLost,rf_19_raw_window,42,5,122,121,1,5,12,21,0,0.006666666666666667,0,0.5,
GripLost,rf_19_raw_window,42,5,122,121,1,5,13,22,0,0.016666666666666666,0,0.5,
GripLost,rf_19_raw_window,42,5,122,121,1,5,14,23,0,0.02,0,0.5,
GripLost,rf_19_raw_window,42,5,123,122,1,5,0,9,0,0.09,0,0.5,
GripLost,rf_19_raw_window,42,5,123,122,1,5,1,10,0,0.08666666666666667,0,0.5,
GripLost,rf_19_raw_window,42,5,123,122,1,5,2,11,0,0.08,0,0.5,
GripLost,rf_19_raw_window,42,5,123,122,1,5,3,12,0,0.06333333333333334,0,0.5,
GripLost,rf_19_raw_window,42,5,123,122,1,5,4,13,0,0.19666666666666666,0,0.5,
GripLost,rf_19_raw_window,42,5,123,122,1,5,5,14,0,0.15,0,0.5,
GripLost,rf_19_raw_window,42,5,123,122,1,5,6,15,0,0.09,0,0.5,
GripLost,rf_19_raw_window,42,5,123,122,1,5,7,16,0,0.10333333333333333,0,0.5,
GripLost,rf_19_raw_window,42,5,123,122,1,5,8,17,0,0.08333333333333333,0,0.5,
GripLost,rf_19_raw_window,42,5,123,122,1,5,9,18,0,0.07666666666666666,0,0.5,
GripLost,rf_19_raw_window,42,5,123,122,1,5,10,19,0,0.10666666666666667,0,0.5,
GripLost,rf_19_raw_window,42,5,123,122,1,5,11,20,0,0.11666666666666667,0,0.5,
GripLost,rf_19_raw_window,42,5,123,122,1,5,12,21,0,0.12333333333333334,0,0.5,
GripLost,rf_19_raw_window,42,5,123,122,1,5,13,22,0,0.12333333333333334,0,0.5,
GripLost,rf_19_raw_window,42,5,124,123,1,5,0,9,0,0.0033333333333333335,0,0.5,
GripLost,rf_19_raw_window,42,5,124,123,1,5,1,10,0,0.0033333333333333335,0,0.5,
GripLost,rf_19_raw_window,42,5,124,123,1,5,2,11,0,0.0033333333333333335,0,0.5,
GripLost,rf_19_raw_window,42,5,124,123,1,5,3,12,0,0.016666666666666666,0,0.5,
GripLost,rf_19_raw_window,42,5,124,123,1,5,4,13,0,0.023333333333333334,0,0.5,
GripLost,rf_19_raw_window,42,5,124,123,1,5,5,14,0,0.09666666666666666,0,0.5,
GripLost,rf_19_raw_window,42,5,124,123,1,5,6,15,0,0.04666666666666667,0,0.5,
GripLost,rf_19_raw_window,42,5,124,123,1,5,7,16,0,0.08333333333333333,0,0.5,
GripLost,rf_19_raw_window,42,5,124,123,1,5,8,17,0,0.15,0,0.5,
GripLost,rf_19_raw_window,42,5,124,123,1,5,9,18,0,0.11666666666666667,0,0.5,
GripLost,rf_19_raw_window,42,5,124,123,1,5,10,19,0,0.06333333333333334,0,0.5,
GripLost,rf_19_raw_window,42,5,124,123,1,5,11,20,0,0.06,0,0.5,
GripLost,rf_19_raw_window,42,5,124,123,1,5,12,21,0,0.07,0,0.5,
GripLost,rf_19_raw_window,42,5,124,123,1,5,13,22,0,0.056666666666666664,0,0.5,
GripLost,rf_19_raw_window,42,5,124,123,1,5,14,23,0,0.07,0,0.5,
GripLost,rf_19_raw_window,42,5,124,123,1,5,15,24,0,0.016666666666666666,0,0.5,
GripLost,rf_19_raw_window,42,5,125,124,1,5,0,9,0,0.006666666666666667,0,0.5,
GripLost,rf_19_raw_window,42,5,125,124,1,5,1,10,0,0.0,0,0.5,
GripLost,rf_19_raw_window,42,5,125,124,1,5,2,11,0,0.0033333333333333335,0,0.5,
GripLost,rf_19_raw_window,42,5,125,124,1,5,3,12,0,0.02,0,0.5,
GripLost,rf_19_raw_window,42,5,125,124,1,5,4,13,0,0.023333333333333334,0,0.5,
GripLost,rf_19_raw_window,42,5,125,124,1,5,5,14,0,0.06,0,0.5,
GripLost,rf_19_raw_window,42,5,125,124,1,5,6,15,0,0.15333333333333332,0,0.5,
GripLost,rf_19_raw_window,42,5,125,124,1,5,7,16,0,0.08666666666666667,0,0.5,
GripLost,rf_19_raw_window,42,5,125,124,1,5,8,17,0,0.0033333333333333335,0,0.5,
GripLost,rf_19_raw_window,42,5,125,124,1,5,9,18,0,0.0033333333333333335,0,0.5,
GripLost,rf_19_raw_window,42,5,125,124,1,5,10,19,0,0.01,0,0.5,
GripLost,rf_19_raw_window,42,5,125,124,1,5,11,20,0,0.0033333333333333335,0,0.5,
GripLost,rf_19_raw_window,42,5,125,124,1,5,12,21,0,0.0033333333333333335,0,0.5,
GripLost,rf_19_raw_window,42,7,151,129,1,7,0,9,0,0.013333333333333334,0,0.5,
GripLost,rf_19_raw_window,42,7,151,129,1,7,1,10,0,0.02,0,0.5,
GripLost,rf_19_raw_window,42,7,151,129,1,7,2,11,0,0.05,0,0.5,
GripLost,rf_19_raw_window,42,7,151,129,1,7,3,12,0,0.023333333333333334,0,0.5,
GripLost,rf_19_raw_window,42,7,151,129,1,7,4,13,0,0.03,0,0.5,
GripLost,rf_19_raw_window,42,7,151,129,1,7,5,14,0,0.06666666666666667,0,0.5,
GripLost,rf_19_raw_window,42,7,151,129,1,7,6,15,0,0.023333333333333334,0,0.5,
GripLost,rf_19_raw_window,42,7,151,129,1,7,7,16,0,0.14,0,0.5,
GripLost,rf_19_raw_window,42,7,151,129,1,7,8,17,0,0.043333333333333335,0,0.5,
GripLost,rf_19_raw_window,42,7,151,129,1,7,9,18,0,0.02666666666666667,0,0.5,
GripLost,rf_19_raw_window,42,7,151,129,1,7,10,19,0,0.016666666666666666,0,0.5,
GripLost,rf_19_raw_window,42,7,151,129,1,7,11,20,0,0.02,0,0.5,
GripLost,rf_19_raw_window,42,7,151,129,1,7,12,21,0,0.0033333333333333335,0,0.5,
GripLost,rf_19_raw_window,42,7,151,129,1,7,13,22,0,0.0033333333333333335,0,0.5,
GripLost,rf_19_raw_window,42,7,151,129,1,7,14,23,0,0.0033333333333333335,0,0.5,
GripLost,rf_19_raw_window,42,7,152,130,1,7,0,9,0,0.02,0,0.5,
GripLost,rf_19_raw_window,42,7,152,130,1,7,1,10,0,0.02,0,0.5,
GripLost,rf_19_raw_window,42,7,152,130,1,7,2,11,0,0.006666666666666667,0,0.5,
GripLost,rf_19_raw_window,42,7,152,130,1,7,3,12,0,0.016666666666666666,0,0.5,
GripLost,rf_19_raw_window,42,7,152,130,1,7,4,13,0,0.013333333333333334,0,0.5,
GripLost,rf_19_raw_window,42,7,152,130,1,7,5,14,0,0.0033333333333333335,0,0.5,
GripLost,rf_19_raw_window,42,7,152,130,1,7,6,15,0,0.013333333333333334,0,0.5,
GripLost,rf_19_raw_window,42,7,152,130,1,7,7,16,0,0.01,0,0.5,
GripLost,rf_19_raw_window,42,7,152,130,1,7,8,17,0,0.013333333333333334,0,0.5,
GripLost,rf_19_raw_window,42,7,152,130,1,7,9,18,0,0.10666666666666667,0,0.5,
GripLost,rf_19_raw_window,42,7,152,130,1,7,10,19,0,0.07,0,0.5,
GripLost,rf_19_raw_window,42,7,152,130,1,7,11,20,0,0.03,0,0.5,
GripLost,rf_19_raw_window,42,7,152,130,1,7,12,21,0,0.03333333333333333,0,0.5,
GripLost,rf_19_raw_window,42,7,152,130,1,7,13,22,0,0.05,0,0.5,
GripLost,rf_19_raw_window,42,7,152,130,1,7,14,23,0,0.0033333333333333335,0,0.5,
GripLost,rf_19_raw_window,42,7,152,130,1,7,15,24,0,0.0033333333333333335,0,0.5,
GripLost,rf_19_raw_window,42,7,152,130,1,7,16,25,0,0.0033333333333333335,0,0.5,
GripLost,rf_19_raw_window,42,7,152,130,1,7,17,26,0,0.006666666666666667,0,0.5,
GripLost,rf_19_raw_window,42,7,152,130,1,7,18,27,0,0.0033333333333333335,0,0.5,
GripLost,rf_19_raw_window,42,7,152,130,1,7,19,28,0,0.016666666666666666,0,0.5,
GripLost,rf_19_raw_window,42,7,152,130,1,7,20,29,0,0.01,0,0.5,
GripLost,rf_19_raw_window,42,7,153,131,1,7,0,9,0,0.043333333333333335,0,0.5,
GripLost,rf_19_raw_window,42,7,153,131,1,7,1,10,0,0.02,0,0.5,
GripLost,rf_19_raw_window,42,7,153,131,1,7,2,11,0,0.02,0,0.5,
GripLost,rf_19_raw_window,42,7,153,131,1,7,3,12,0,0.006666666666666667,0,0.5,
GripLost,rf_19_raw_window,42,7,153,131,1,7,4,13,0,0.02666666666666667,0,0.5,
GripLost,rf_19_raw_window,42,7,153,131,1,7,5,14,0,0.06333333333333334,0,0.5,
GripLost,rf_19_raw_window,42,7,153,131,1,7,6,15,0,0.05,0,0.5,
GripLost,rf_19_raw_window,42,7,153,131,1,7,7,16,0,0.08,0,0.5,
GripLost,rf_19_raw_window,42,7,153,131,1,7,8,17,0,0.06,0,0.5,
GripLost,rf_19_raw_window,42,7,153,131,1,7,9,18,0,0.016666666666666666,0,0.5,
GripLost,rf_19_raw_window,42,7,153,131,1,7,10,19,0,0.023333333333333334,0,0.5,
GripLost,rf_19_raw_window,42,7,153,131,1,7,11,20,0,0.02,0,0.5,
GripLost,rf_19_raw_window,42,7,153,131,1,7,12,21,0,0.02,0,0.5,
GripLost,rf_19_raw_window,42,7,153,131,1,7,13,22,0,0.01,0,0.5,
GripLost,rf_19_raw_window,42,7,153,131,1,7,14,23,0,0.016666666666666666,0,0.5,
GripLost,rf_19_raw_window,42,7,154,132,1,7,0,9,0,0.043333333333333335,0,0.5,
GripLost,rf_19_raw_window,42,7,154,132,1,7,1,10,0,0.04,0,0.5,
GripLost,rf_19_raw_window,42,7,154,132,1,7,2,11,0,0.043333333333333335,0,0.5,
GripLost,rf_19_raw_window,42,7,154,132,1,7,3,12,0,0.056666666666666664,0,0.5,
GripLost,rf_19_raw_window,42,7,154,132,1,7,4,13,0,0.04,0,0.5,
GripLost,rf_19_raw_window,42,7,154,132,1,7,5,14,0,0.03666666666666667,0,0.5,
GripLost,rf_19_raw_window,42,7,154,132,1,7,6,15,0,0.03666666666666667,0,0.5,
GripLost,rf_19_raw_window,42,7,154,132,1,7,7,16,0,0.07,0,0.5,
GripLost,rf_19_raw_window,42,7,154,132,1,7,8,17,0,0.06333333333333334,0,0.5,
GripLost,rf_19_raw_window,42,7,154,132,1,7,9,18,0,0.10333333333333333,0,0.5,
GripLost,rf_19_raw_window,42,7,154,132,1,7,10,19,0,0.14333333333333334,0,0.5,
GripLost,rf_19_raw_window,42,7,154,132,1,7,11,20,0,0.12,0,0.5,
GripLost,rf_19_raw_window,42,7,154,132,1,7,12,21,0,0.08,0,0.5,
GripLost,rf_19_raw_window,42,7,154,132,1,7,13,22,0,0.08666666666666667,0,0.5,
GripLost,rf_19_raw_window,42,7,154,132,1,7,14,23,0,0.11666666666666667,0,0.5,
GripLost,rf_19_raw_window,42,7,154,132,1,7,15,24,0,0.09333333333333334,0,0.5,
GripLost,rf_19_raw_window,42,7,155,133,1,7,0,9,0,0.006666666666666667,0,0.5,
GripLost,rf_19_raw_window,42,7,155,133,1,7,1,10,0,0.02,0,0.5,
GripLost,rf_19_raw_window,42,7,155,133,1,7,2,11,0,0.01,0,0.5,
GripLost,rf_19_raw_window,42,7,155,133,1,7,3,12,0,0.01,0,0.5,
GripLost,rf_19_raw_window,42,7,155,133,1,7,4,13,0,0.02666666666666667,0,0.5,
GripLost,rf_19_raw_window,42,7,155,133,1,7,5,14,0,0.08,0,0.5,
GripLost,rf_19_raw_window,42,7,155,133,1,7,6,15,0,0.1,0,0.5,
GripLost,rf_19_raw_window,42,7,155,133,1,7,7,16,0,0.13333333333333333,0,0.5,
GripLost,rf_19_raw_window,42,7,155,133,1,7,8,17,0,0.08333333333333333,0,0.5,
GripLost,rf_19_raw_window,42,7,155,133,1,7,9,18,0,0.11333333333333333,0,0.5,
GripLost,rf_19_raw_window,42,7,155,133,1,7,10,19,0,0.04,0,0.5,
GripLost,rf_19_raw_window,42,7,155,133,1,7,11,20,0,0.06,0,0.5,
GripLost,rf_19_raw_window,42,7,155,133,1,7,12,21,0,0.07666666666666666,0,0.5,
GripLost,rf_19_raw_window,42,7,155,133,1,7,13,22,0,0.06666666666666667,0,0.5,
GripLost,rf_19_raw_window,42,7,155,133,1,7,14,23,0,0.09333333333333334,0,0.5,
GripLost,rf_19_raw_window,42,7,156,134,1,7,0,9,0,0.03,0,0.5,
GripLost,rf_19_raw_window,42,7,156,134,1,7,1,10,0,0.016666666666666666,0,0.5,
GripLost,rf_19_raw_window,42,7,156,134,1,7,2,11,0,0.016666666666666666,0,0.5,
GripLost,rf_19_raw_window,42,7,156,134,1,7,3,12,0,0.013333333333333334,0,0.5,
GripLost,rf_19_raw_window,42,7,156,134,1,7,4,13,0,0.03666666666666667,0,0.5,
GripLost,rf_19_raw_window,42,7,156,134,1,7,5,14,0,0.10333333333333333,0,0.5,
GripLost,rf_19_raw_window,42,7,156,134,1,7,6,15,0,0.10333333333333333,0,0.5,
GripLost,rf_19_raw_window,42,7,156,134,1,7,7,16,0,0.23,0,0.5,
GripLost,rf_19_raw_window,42,7,156,134,1,7,8,17,0,0.05,0,0.5,
GripLost,rf_19_raw_window,42,7,156,134,1,7,9,18,0,0.01,0,0.5,
GripLost,rf_19_raw_window,42,7,156,134,1,7,10,19,0,0.01,0,0.5,
GripLost,rf_19_raw_window,42,7,156,134,1,7,11,20,0,0.006666666666666667,0,0.5,
GripLost,rf_19_raw_window,42,7,156,134,1,7,12,21,0,0.006666666666666667,0,0.5,
GripLost,rf_19_raw_window,42,7,156,134,1,7,13,22,0,0.006666666666666667,0,0.5,
GripLost,rf_19_raw_window,42,7,156,134,1,7,14,23,0,0.006666666666666667,0,0.5,
GripLost,rf_19_raw_window,42,7,157,135,1,7,0,9,0,0.02666666666666667,0,0.5,
GripLost,rf_19_raw_window,42,7,157,135,1,7,1,10,0,0.043333333333333335,0,0.5,
GripLost,rf_19_raw_window,42,7,157,135,1,7,2,11,0,0.02666666666666667,0,0.5,
GripLost,rf_19_raw_window,42,7,157,135,1,7,3,12,0,0.03333333333333333,0,0.5,
GripLost,rf_19_raw_window,42,7,157,135,1,7,4,13,0,0.06333333333333334,0,0.5,
GripLost,rf_19_raw_window,42,7,157,135,1,7,5,14,0,0.05333333333333334,0,0.5,
GripLost,rf_19_raw_window,42,7,157,135,1,7,6,15,0,0.056666666666666664,0,0.5,
GripLost,rf_19_raw_window,42,7,157,135,1,7,7,16,0,0.06333333333333334,0,0.5,
GripLost,rf_19_raw_window,42,7,157,135,1,7,8,17,0,0.06666666666666667,0,0.5,
GripLost,rf_19_raw_window,42,7,157,135,1,7,9,18,0,0.13333333333333333,0,0.5,
GripLost,rf_19_raw_window,42,7,157,135,1,7,10,19,0,0.13333333333333333,0,0.5,
GripLost,rf_19_raw_window,42,7,157,135,1,7,11,20,0,0.16666666666666666,0,0.5,
GripLost,rf_19_raw_window,42,7,157,135,1,7,12,21,0,0.21,0,0.5,
GripLost,rf_19_raw_window,42,7,157,135,1,7,13,22,0,0.25333333333333335,0,0.5,
GripLost,rf_19_raw_window,42,7,157,135,1,7,14,23,0,0.31333333333333335,0,0.5,
GripLost,rf_19_raw_window,42,7,157,135,1,7,15,24,0,0.2866666666666667,0,0.5,
GripLost,rf_19_raw_window,42,7,159,137,1,7,0,9,0,0.02,0,0.5,
GripLost,rf_19_raw_window,42,7,159,137,1,7,1,10,0,0.016666666666666666,0,0.5,
GripLost,rf_19_raw_window,42,7,159,137,1,7,2,11,0,0.02,0,0.5,
GripLost,rf_19_raw_window,42,7,159,137,1,7,3,12,0,0.056666666666666664,0,0.5,
GripLost,rf_19_raw_window,42,7,159,137,1,7,4,13,0,0.04,0,0.5,
GripLost,rf_19_raw_window,42,7,159,137,1,7,5,14,0,0.02,0,0.5,
GripLost,rf_19_raw_window,42,7,159,137,1,7,6,15,0,0.02,0,0.5,
GripLost,rf_19_raw_window,42,7,159,137,1,7,7,16,0,0.01,0,0.5,
GripLost,rf_19_raw_window,42,7,159,137,1,7,8,17,0,0.0033333333333333335,0,0.5,
GripLost,rf_19_raw_window,42,7,159,137,1,7,9,18,0,0.0033333333333333335,0,0.5,
GripLost,rf_19_raw_window,42,7,159,137,1,7,10,19,0,0.0033333333333333335,0,0.5,
GripLost,rf_19_raw_window,42,7,159,137,1,7,11,20,0,0.023333333333333334,0,0.5,
GripLost,rf_19_raw_window,42,7,159,137,1,7,12,21,0,0.08,0,0.5,
GripLost,rf_19_raw_window,42,7,159,137,1,7,13,22,0,0.16666666666666666,0,0.5,
GripLost,rf_19_raw_window,42,7,159,137,1,7,14,23,0,0.06,0,0.5,
GripLost,rf_19_raw_window,42,7,159,137,1,7,15,24,0,0.13333333333333333,0,0.5,
GripLost,rf_19_raw_window,42,7,159,137,1,7,16,25,0,0.19333333333333333,0,0.5,
GripLost,rf_19_raw_window,42,7,159,137,1,7,17,26,0,0.08666666666666667,0,0.5,
GripLost,rf_19_raw_window,42,7,159,137,1,7,18,27,0,0.06,0,0.5,
GripLost,rf_19_raw_window,42,7,159,137,1,7,19,28,0,0.02,0,0.5,
GripLost,rf_19_raw_window,42,7,159,137,1,7,20,29,0,0.013333333333333334,0,0.5,
GripLost,rf_19_raw_window,42,7,159,137,1,7,21,30,0,0.01,0,0.5,
GripLost,rf_19_raw_window,42,7,159,137,1,7,22,31,0,0.016666666666666666,0,0.5,
GripLost,rf_19_raw_window,42,7,160,138,1,7,0,9,1,0.17666666666666667,0,0.5,
GripLost,rf_19_raw_window,42,7,160,138,1,7,1,10,1,0.16333333333333333,0,0.5,
GripLost,rf_19_raw_window,42,7,160,138,1,7,2,11,1,0.19666666666666666,0,0.5,
GripLost,rf_19_raw_window,42,7,160,138,1,7,3,12,1,0.35333333333333333,0,0.5,
GripLost,rf_19_raw_window,42,7,160,138,1,7,4,13,1,0.33666666666666667,0,0.5,
GripLost,rf_19_raw_window,42,7,160,138,1,7,5,14,1,0.22666666666666666,0,0.5,
GripLost,rf_19_raw_window,42,7,160,138,1,7,6,15,0,0.09,0,0.5,
GripLost,rf_19_raw_window,42,7,160,138,1,7,7,16,1,0.07,0,0.5,
GripLost,rf_19_raw_window,42,7,160,138,1,7,8,17,1,0.12333333333333334,0,0.5,
GripLost,rf_19_raw_window,42,7,160,138,1,7,9,18,1,0.19666666666666666,0,0.5,
GripLost,rf_19_raw_window,42,7,160,138,1,7,10,19,1,0.4766666666666667,0,0.5,
GripLost,rf_19_raw_window,42,7,160,138,1,7,11,20,1,0.49666666666666665,0,0.5,
GripLost,rf_19_raw_window,42,7,160,138,1,7,12,21,1,0.5066666666666667,1,0.5,
GripLost,rf_19_raw_window,42,7,160,138,1,7,13,22,1,0.71,1,0.5,
GripLost,rf_19_raw_window,42,7,160,138,1,7,14,23,1,0.7666666666666667,1,0.5,
GripLost,rf_19_raw_window,42,7,160,138,1,7,15,24,1,0.7366666666666667,1,0.5,
GripLost,rf_19_raw_window,42,7,161,139,1,7,0,9,0,0.006666666666666667,0,0.5,
GripLost,rf_19_raw_window,42,7,161,139,1,7,1,10,0,0.006666666666666667,0,0.5,
GripLost,rf_19_raw_window,42,7,161,139,1,7,2,11,0,0.006666666666666667,0,0.5,
GripLost,rf_19_raw_window,42,7,161,139,1,7,3,12,0,0.013333333333333334,0,0.5,
GripLost,rf_19_raw_window,42,7,161,139,1,7,4,13,0,0.02,0,0.5,
GripLost,rf_19_raw_window,42,7,161,139,1,7,5,14,0,0.05333333333333334,0,0.5,
GripLost,rf_19_raw_window,42,7,161,139,1,7,6,15,0,0.06666666666666667,0,0.5,
GripLost,rf_19_raw_window,42,7,161,139,1,7,7,16,0,0.10666666666666667,0,0.5,
GripLost,rf_19_raw_window,42,7,161,139,1,7,8,17,0,0.12333333333333334,0,0.5,
GripLost,rf_19_raw_window,42,7,161,139,1,7,9,18,0,0.12,0,0.5,
GripLost,rf_19_raw_window,42,7,161,139,1,7,10,19,0,0.09,0,0.5,
GripLost,rf_19_raw_window,42,7,161,139,1,7,11,20,0,0.09,0,0.5,
GripLost,rf_19_raw_window,42,7,161,139,1,7,12,21,0,0.06333333333333334,0,0.5,
GripLost,rf_19_raw_window,42,7,161,139,1,7,13,22,0,0.04666666666666667,0,0.5,
GripLost,rf_19_raw_window,42,7,161,139,1,7,14,23,0,0.043333333333333335,0,0.5,
GripLost,rf_19_raw_window,42,7,162,140,1,7,0,9,0,0.013333333333333334,0,0.5,
GripLost,rf_19_raw_window,42,7,162,140,1,7,1,10,0,0.006666666666666667,0,0.5,
GripLost,rf_19_raw_window,42,7,162,140,1,7,2,11,0,0.0033333333333333335,0,0.5,
GripLost,rf_19_raw_window,42,7,162,140,1,7,3,12,0,0.006666666666666667,0,0.5,
GripLost,rf_19_raw_window,42,7,162,140,1,7,4,13,0,0.10666666666666667,0,0.5,
GripLost,rf_19_raw_window,42,7,162,140,1,7,5,14,0,0.11333333333333333,0,0.5,
GripLost,rf_19_raw_window,42,7,162,140,1,7,6,15,0,0.03333333333333333,0,0.5,
GripLost,rf_19_raw_window,42,7,162,140,1,7,7,16,0,0.14666666666666667,0,0.5,
GripLost,rf_19_raw_window,42,7,162,140,1,7,8,17,0,0.3,0,0.5,
GripLost,rf_19_raw_window,42,7,162,140,1,7,9,18,0,0.11333333333333333,0,0.5,
GripLost,rf_19_raw_window,42,7,162,140,1,7,10,19,0,0.15666666666666668,0,0.5,
GripLost,rf_19_raw_window,42,7,162,140,1,7,11,20,0,0.11,0,0.5,
GripLost,rf_19_raw_window,42,7,162,140,1,7,12,21,0,0.12,0,0.5,
GripLost,rf_19_raw_window,42,7,162,140,1,7,13,22,0,0.12,0,0.5,
GripLost,rf_19_raw_window,42,7,162,140,1,7,14,23,0,0.14666666666666667,0,0.5,
GripLost,rf_19_raw_window,42,7,163,141,1,7,0,9,0,0.013333333333333334,0,0.5,
GripLost,rf_19_raw_window,42,7,163,141,1,7,1,10,0,0.016666666666666666,0,0.5,
GripLost,rf_19_raw_window,42,7,163,141,1,7,2,11,0,0.016666666666666666,0,0.5,
GripLost,rf_19_raw_window,42,7,163,141,1,7,3,12,0,0.05,0,0.5,
GripLost,rf_19_raw_window,42,7,163,141,1,7,4,13,0,0.09666666666666666,0,0.5,
GripLost,rf_19_raw_window,42,7,163,141,1,7,5,14,0,0.06666666666666667,0,0.5,
GripLost,rf_19_raw_window,42,7,163,141,1,7,6,15,0,0.03333333333333333,0,0.5,
GripLost,rf_19_raw_window,42,7,163,141,1,7,7,16,0,0.03333333333333333,0,0.5,
GripLost,rf_19_raw_window,42,7,163,141,1,7,8,17,0,0.03333333333333333,0,0.5,
GripLost,rf_19_raw_window,42,7,163,141,1,7,9,18,0,0.03666666666666667,0,0.5,
GripLost,rf_19_raw_window,42,7,163,141,1,7,10,19,0,0.03,0,0.5,
GripLost,rf_19_raw_window,42,7,163,141,1,7,11,20,0,0.03333333333333333,0,0.5,
GripLost,rf_19_raw_window,42,7,163,141,1,7,12,21,0,0.03666666666666667,0,0.5,
GripLost,rf_19_raw_window,42,7,163,141,1,7,13,22,0,0.07,0,0.5,
GripLost,rf_19_raw_window,42,7,163,141,1,7,14,23,0,0.0033333333333333335,0,0.5,
GripLost,rf_19_raw_window,42,7,163,141,1,7,15,24,0,0.03333333333333333,0,0.5,
GripLost,rf_19_raw_window,42,7,163,141,1,7,16,25,0,0.02666666666666667,0,0.5,
GripLost,rf_19_raw_window,42,7,163,141,1,7,17,26,0,0.013333333333333334,0,0.5,
GripLost,rf_19_raw_window,42,7,163,141,1,7,18,27,0,0.013333333333333334,0,0.5,
GripLost,rf_19_raw_window,42,7,163,141,1,7,19,28,0,0.02,0,0.5,
GripLost,rf_19_raw_window,42,7,163,141,1,7,20,29,0,0.016666666666666666,0,0.5,
GripLost,rf_19_raw_window,42,7,163,141,1,7,21,30,0,0.016666666666666666,0,0.5,
GripLost,rf_19_raw_window,42,7,163,141,1,7,22,31,0,0.016666666666666666,0,0.5,
GripLost,rf_19_raw_window,42,7,163,141,1,7,23,32,0,0.13333333333333333,0,0.5,
GripLost,rf_19_raw_window,42,7,163,141,1,7,24,33,0,0.13,0,0.5,
GripLost,rf_19_raw_window,42,7,163,141,1,7,25,34,0,0.11,0,0.5,
GripLost,rf_19_raw_window,42,7,163,141,1,7,26,35,0,0.06666666666666667,0,0.5,
GripLost,rf_19_raw_window,42,7,163,141,1,7,27,36,0,0.23,0,0.5,
GripLost,rf_19_raw_window,42,7,163,141,1,7,28,37,0,0.32,0,0.5,
GripLost,rf_19_raw_window,42,7,163,141,1,7,29,38,0,0.12,0,0.5,
GripLost,rf_19_raw_window,42,7,163,141,1,7,30,39,0,0.1,0,0.5,
GripLost,rf_19_raw_window,42,7,163,141,1,7,31,40,0,0.13,0,0.5,
GripLost,rf_19_raw_window,42,7,163,141,1,7,32,41,0,0.14333333333333334,0,0.5,
GripLost,rf_19_raw_window,42,7,163,141,1,7,33,42,0,0.17666666666666667,0,0.5,
GripLost,rf_19_raw_window,42,7,163,141,1,7,34,43,0,0.11,0,0.5,
GripLost,rf_19_raw_window,42,7,163,141,1,7,35,44,0,0.17333333333333334,0,0.5,
GripLost,rf_19_raw_window,42,7,163,141,1,7,36,45,0,0.15333333333333332,0,0.5,
GripLost,rf_19_raw_window,42,7,163,141,1,7,37,46,0,0.09,0,0.5,
GripLost,rf_19_raw_window,42,7,163,141,1,7,38,47,0,0.06333333333333334,0,0.5,
GripLost,rf_19_raw_window,42,7,163,141,1,7,39,48,0,0.06,0,0.5,
GripLost,rf_19_raw_window,42,7,163,141,1,7,40,49,0,0.06333333333333334,0,0.5,
GripLost,rf_19_raw_window,42,7,163,141,1,7,41,50,0,0.056666666666666664,0,0.5,
GripLost,rf_19_raw_window,42,7,163,141,1,7,42,51,0,0.07,0,0.5,
GripLost,rf_19_raw_window,42,7,163,141,1,7,43,52,0,0.056666666666666664,0,0.5,
GripLost,rf_19_raw_window,42,7,164,142,1,7,0,9,0,0.023333333333333334,0,0.5,
GripLost,rf_19_raw_window,42,7,164,142,1,7,1,10,0,0.03333333333333333,0,0.5,
GripLost,rf_19_raw_window,42,7,164,142,1,7,2,11,0,0.04,0,0.5,
GripLost,rf_19_raw_window,42,7,164,142,1,7,3,12,0,0.07666666666666666,0,0.5,
GripLost,rf_19_raw_window,42,7,164,142,1,7,4,13,0,0.13,0,0.5,
GripLost,rf_19_raw_window,42,7,164,142,1,7,5,14,0,0.3566666666666667,0,0.5,
GripLost,rf_19_raw_window,42,7,164,142,1,7,6,15,0,0.51,1,0.5,
GripLost,rf_19_raw_window,42,7,164,142,1,7,7,16,0,0.48,0,0.5,
GripLost,rf_19_raw_window,42,7,164,142,1,7,8,17,0,0.64,1,0.5,
GripLost,rf_19_raw_window,42,7,164,142,1,7,9,18,0,0.33666666666666667,0,0.5,
GripLost,rf_19_raw_window,42,7,164,142,1,7,10,19,0,0.39666666666666667,0,0.5,
GripLost,rf_19_raw_window,42,7,164,142,1,7,11,20,0,0.15333333333333332,0,0.5,
GripLost,rf_19_raw_window,42,7,164,142,1,7,12,21,0,0.1,0,0.5,
GripLost,rf_19_raw_window,42,7,164,142,1,7,13,22,0,0.18,0,0.5,
GripLost,rf_19_raw_window,42,7,164,142,1,7,14,23,0,0.4033333333333333,0,0.5,
GripLost,rf_19_raw_window,42,7,164,142,1,7,15,24,0,0.4766666666666667,0,0.5,
GripLost,rf_19_raw_window,42,7,164,142,1,7,16,25,1,0.58,1,0.5,
GripLost,rf_19_raw_window,42,7,164,142,1,7,17,26,1,0.56,1,0.5,
GripLost,rf_19_raw_window,42,7,164,142,1,7,18,27,1,0.5366666666666666,1,0.5,
GripLost,rf_19_raw_window,42,7,164,142,1,7,19,28,1,0.7266666666666667,1,0.5,
GripLost,rf_19_raw_window,42,7,164,142,1,7,20,29,1,0.74,1,0.5,
GripLost,rf_19_raw_window,42,7,165,143,1,7,0,9,0,0.016666666666666666,0,0.5,
GripLost,rf_19_raw_window,42,7,165,143,1,7,1,10,0,0.013333333333333334,0,0.5,
GripLost,rf_19_raw_window,42,7,165,143,1,7,2,11,0,0.016666666666666666,0,0.5,
GripLost,rf_19_raw_window,42,7,165,143,1,7,3,12,0,0.03333333333333333,0,0.5,
GripLost,rf_19_raw_window,42,7,165,143,1,7,4,13,0,0.15,0,0.5,
GripLost,rf_19_raw_window,42,7,165,143,1,7,5,14,0,0.09,0,0.5,
GripLost,rf_19_raw_window,42,7,165,143,1,7,6,15,0,0.05,0,0.5,
GripLost,rf_19_raw_window,42,7,165,143,1,7,7,16,0,0.2,0,0.5,
GripLost,rf_19_raw_window,42,7,165,143,1,7,8,17,0,0.36666666666666664,0,0.5,
GripLost,rf_19_raw_window,42,7,165,143,1,7,9,18,0,0.13,0,0.5,
GripLost,rf_19_raw_window,42,7,165,143,1,7,10,19,0,0.13333333333333333,0,0.5,
GripLost,rf_19_raw_window,42,7,165,143,1,7,11,20,0,0.09,0,0.5,
GripLost,rf_19_raw_window,42,7,165,143,1,7,12,21,0,0.08333333333333333,0,0.5,
GripLost,rf_19_raw_window,42,7,165,143,1,7,13,22,0,0.11,0,0.5,
GripLost,rf_19_raw_window,42,7,165,143,1,7,14,23,0,0.15,0,0.5,
GripLost,rf_19_raw_window,42,7,166,144,1,7,0,9,0,0.01,0,0.5,
GripLost,rf_19_raw_window,42,7,166,144,1,7,1,10,0,0.013333333333333334,0,0.5,
GripLost,rf_19_raw_window,42,7,166,144,1,7,2,11,0,0.03,0,0.5,
GripLost,rf_19_raw_window,42,7,166,144,1,7,3,12,0,0.01,0,0.5,
GripLost,rf_19_raw_window,42,7,166,144,1,7,4,13,0,0.02666666666666667,0,0.5,
GripLost,rf_19_raw_window,42,7,166,144,1,7,5,14,0,0.06666666666666667,0,0.5,
GripLost,rf_19_raw_window,42,7,166,144,1,7,6,15,0,0.04666666666666667,0,0.5,
GripLost,rf_19_raw_window,42,7,166,144,1,7,7,16,0,0.06666666666666667,0,0.5,
GripLost,rf_19_raw_window,42,7,166,144,1,7,8,17,0,0.15,0,0.5,
GripLost,rf_19_raw_window,42,7,166,144,1,7,9,18,0,0.07666666666666666,0,0.5,
GripLost,rf_19_raw_window,42,7,166,144,1,7,10,19,0,0.09333333333333334,0,0.5,
GripLost,rf_19_raw_window,42,7,166,144,1,7,11,20,0,0.13,0,0.5,
GripLost,rf_19_raw_window,42,7,166,144,1,7,12,21,0,0.10333333333333333,0,0.5,
GripLost,rf_19_raw_window,42,7,166,144,1,7,13,22,0,0.07666666666666666,0,0.5,
GripLost,rf_19_raw_window,42,7,166,144,1,7,14,23,0,0.06666666666666667,0,0.5,
GripLost,rf_19_raw_window,42,7,167,145,1,7,0,9,0,0.056666666666666664,0,0.5,
GripLost,rf_19_raw_window,42,7,167,145,1,7,1,10,0,0.08,0,0.5,
GripLost,rf_19_raw_window,42,7,167,145,1,7,2,11,0,0.06666666666666667,0,0.5,
GripLost,rf_19_raw_window,42,7,167,145,1,7,3,12,0,0.05333333333333334,0,0.5,
GripLost,rf_19_raw_window,42,7,167,145,1,7,4,13,0,0.23666666666666666,0,0.5,
GripLost,rf_19_raw_window,42,7,167,145,1,7,5,14,0,0.17,0,0.5,
GripLost,rf_19_raw_window,42,7,167,145,1,7,6,15,0,0.1,0,0.5,
GripLost,rf_19_raw_window,42,7,167,145,1,7,7,16,0,0.24333333333333335,0,0.5,
GripLost,rf_19_raw_window,42,7,167,145,1,7,8,17,0,0.18666666666666668,0,0.5,
GripLost,rf_19_raw_window,42,7,167,145,1,7,9,18,0,0.12333333333333334,0,0.5,
GripLost,rf_19_raw_window,42,7,167,145,1,7,10,19,0,0.11,0,0.5,
GripLost,rf_19_raw_window,42,7,167,145,1,7,11,20,0,0.08666666666666667,0,0.5,
GripLost,rf_19_raw_window,42,7,167,145,1,7,12,21,0,0.056666666666666664,0,0.5,
GripLost,rf_19_raw_window,42,7,167,145,1,7,13,22,0,0.04,0,0.5,
GripLost,rf_19_raw_window,42,7,167,145,1,7,14,23,0,0.06333333333333334,0,0.5,
GripLost,rf_19_raw_window,42,7,168,146,1,7,0,9,0,0.013333333333333334,0,0.5,
GripLost,rf_19_raw_window,42,7,168,146,1,7,1,10,0,0.006666666666666667,0,0.5,
GripLost,rf_19_raw_window,42,7,168,146,1,7,2,11,0,0.013333333333333334,0,0.5,
GripLost,rf_19_raw_window,42,7,168,146,1,7,3,12,0,0.02,0,0.5,
GripLost,rf_19_raw_window,42,7,168,146,1,7,4,13,0,0.03,0,0.5,
GripLost,rf_19_raw_window,42,7,168,146,1,7,5,14,0,0.03333333333333333,0,0.5,
GripLost,rf_19_raw_window,42,7,168,146,1,7,6,15,0,0.07666666666666666,0,0.5,
GripLost,rf_19_raw_window,42,7,168,146,1,7,7,16,0,0.21,0,0.5,
GripLost,rf_19_raw_window,42,7,168,146,1,7,8,17,0,0.2,0,0.5,
GripLost,rf_19_raw_window,42,7,168,146,1,7,9,18,0,0.22333333333333333,0,0.5,
GripLost,rf_19_raw_window,42,7,168,146,1,7,10,19,0,0.2,0,0.5,
GripLost,rf_19_raw_window,42,7,168,146,1,7,11,20,0,0.18333333333333332,0,0.5,
GripLost,rf_19_raw_window,42,7,168,146,1,7,12,21,0,0.16333333333333333,0,0.5,
GripLost,rf_19_raw_window,42,7,168,146,1,7,13,22,0,0.13333333333333333,0,0.5,
GripLost,rf_19_raw_window,42,7,168,146,1,7,14,23,0,0.17,0,0.5,
GripLost,rf_19_raw_window,42,7,168,146,1,7,15,24,0,0.04,0,0.5,
GripLost,rf_19_raw_window,42,7,169,147,1,7,0,9,0,0.0033333333333333335,0,0.5,
GripLost,rf_19_raw_window,42,7,169,147,1,7,1,10,0,0.013333333333333334,0,0.5,
GripLost,rf_19_raw_window,42,7,169,147,1,7,2,11,0,0.006666666666666667,0,0.5,
GripLost,rf_19_raw_window,42,7,169,147,1,7,3,12,0,0.01,0,0.5,
GripLost,rf_19_raw_window,42,7,169,147,1,7,4,13,0,0.006666666666666667,0,0.5,
GripLost,rf_19_raw_window,42,7,169,147,1,7,5,14,0,0.20333333333333334,0,0.5,
GripLost,rf_19_raw_window,42,7,169,147,1,7,6,15,0,0.08333333333333333,0,0.5,
GripLost,rf_19_raw_window,42,7,169,147,1,7,7,16,0,0.16666666666666666,0,0.5,
GripLost,rf_19_raw_window,42,7,169,147,1,7,8,17,0,0.11666666666666667,0,0.5,
GripLost,rf_19_raw_window,42,7,169,147,1,7,9,18,0,0.07333333333333333,0,0.5,
GripLost,rf_19_raw_window,42,7,169,147,1,7,10,19,0,0.043333333333333335,0,0.5,
GripLost,rf_19_raw_window,42,7,169,147,1,7,11,20,0,0.04,0,0.5,
GripLost,rf_19_raw_window,42,7,169,147,1,7,12,21,0,0.05,0,0.5,
GripLost,rf_19_raw_window,42,7,169,147,1,7,13,22,0,0.03,0,0.5,
GripLost,rf_19_raw_window,42,7,169,147,1,7,14,23,0,0.02,0,0.5,
GripLost,rf_19_raw_window,42,7,170,148,1,7,0,9,0,0.006666666666666667,0,0.5,
GripLost,rf_19_raw_window,42,7,170,148,1,7,1,10,0,0.01,0,0.5,
GripLost,rf_19_raw_window,42,7,170,148,1,7,2,11,0,0.01,0,0.5,
GripLost,rf_19_raw_window,42,7,170,148,1,7,3,12,0,0.013333333333333334,0,0.5,
GripLost,rf_19_raw_window,42,7,170,148,1,7,4,13,0,0.023333333333333334,0,0.5,
GripLost,rf_19_raw_window,42,7,170,148,1,7,5,14,0,0.02666666666666667,0,0.5,
GripLost,rf_19_raw_window,42,7,170,148,1,7,6,15,0,0.016666666666666666,0,0.5,
GripLost,rf_19_raw_window,42,7,170,148,1,7,7,16,0,0.01,0,0.5,
GripLost,rf_19_raw_window,42,7,170,148,1,7,8,17,0,0.02,0,0.5,
GripLost,rf_19_raw_window,42,7,170,148,1,7,9,18,0,0.023333333333333334,0,0.5,
GripLost,rf_19_raw_window,42,7,170,148,1,7,10,19,0,0.03,0,0.5,
GripLost,rf_19_raw_window,42,7,170,148,1,7,11,20,0,0.02666666666666667,0,0.5,
GripLost,rf_19_raw_window,42,7,170,148,1,7,12,21,0,0.03,0,0.5,
GripLost,rf_19_raw_window,42,7,170,148,1,7,13,22,0,0.016666666666666666,0,0.5,
GripLost,rf_19_raw_window,42,7,170,148,1,7,14,23,0,0.14666666666666667,0,0.5,
GripLost,rf_19_raw_window,42,7,170,148,1,7,15,24,0,0.12333333333333334,0,0.5,
GripLost,rf_19_raw_window,42,7,170,148,1,7,16,25,0,0.10333333333333333,0,0.5,
GripLost,rf_19_raw_window,42,7,170,148,1,7,17,26,0,0.10666666666666667,0,0.5,
GripLost,rf_19_raw_window,42,7,170,148,1,7,18,27,0,0.11,0,0.5,
GripLost,rf_19_raw_window,42,7,170,148,1,7,19,28,0,0.09333333333333334,0,0.5,
GripLost,rf_19_raw_window,42,7,170,148,1,7,20,29,0,0.09666666666666666,0,0.5,
GripLost,rf_19_raw_window,42,7,170,148,1,7,21,30,0,0.13333333333333333,0,0.5,
GripLost,rf_19_raw_window,42,7,170,148,1,7,22,31,0,0.15333333333333332,0,0.5,
GripLost,rf_19_raw_window,42,7,170,148,1,7,23,32,0,0.13333333333333333,0,0.5,
GripLost,rf_19_raw_window,42,7,170,148,1,7,24,33,0,0.15,0,0.5,
GripLost,rf_19_raw_window,42,7,170,148,1,7,25,34,0,0.07666666666666666,0,0.5,
GripLost,rf_19_raw_window,42,7,170,148,1,7,26,35,0,0.19666666666666666,0,0.5,
GripLost,rf_19_raw_window,42,7,170,148,1,7,27,36,0,0.14,0,0.5,
GripLost,rf_19_raw_window,42,7,170,148,1,7,28,37,0,0.20666666666666667,0,0.5,
GripLost,rf_19_raw_window,42,7,170,148,1,7,29,38,0,0.23333333333333334,0,0.5,
GripLost,rf_19_raw_window,42,7,170,148,1,7,30,39,0,0.14666666666666667,0,0.5,
GripLost,rf_19_raw_window,42,7,170,148,1,7,31,40,0,0.13333333333333333,0,0.5,
GripLost,rf_19_raw_window,42,7,170,148,1,7,32,41,0,0.11333333333333333,0,0.5,
GripLost,rf_19_raw_window,42,7,170,148,1,7,33,42,0,0.11333333333333333,0,0.5,
GripLost,rf_19_raw_window,42,7,170,148,1,7,34,43,0,0.13666666666666666,0,0.5,
GripLost,rf_19_raw_window,42,7,170,148,1,7,35,44,0,0.12666666666666668,0,0.5,
GripLost,rf_19_raw_window,42,7,170,148,1,7,36,45,0,0.11666666666666667,0,0.5,
GripLost,rf_19_raw_window,42,7,170,148,1,7,37,46,0,0.14333333333333334,0,0.5,
GripLost,rf_19_raw_window,42,7,170,148,1,7,38,47,0,0.12666666666666668,0,0.5,
GripLost,rf_19_raw_window,42,7,170,148,1,7,39,48,0,0.13666666666666666,0,0.5,
GripLost,rf_19_raw_window,42,7,170,148,1,7,40,49,0,0.13333333333333333,0,0.5,
GripLost,rf_19_raw_window,42,7,170,148,1,7,41,50,0,0.06666666666666667,0,0.5,
GripLost,rf_19_raw_window,42,7,170,148,1,7,42,51,0,0.06333333333333334,0,0.5,
GripLost,rf_19_raw_window,42,7,170,148,1,7,43,52,0,0.043333333333333335,0,0.5,
GripLost,rf_19_raw_window,42,7,170,148,1,7,44,53,0,0.0,0,0.5,
GripLost,rf_19_raw_window,42,7,170,148,1,7,45,54,0,0.0,0,0.5,
GripLost,rf_19_raw_window,42,7,170,148,1,7,46,55,0,0.0033333333333333335,0,0.5,
GripLost,rf_19_raw_window,42,7,171,149,1,7,0,9,0,0.016666666666666666,0,0.5,
GripLost,rf_19_raw_window,42,7,171,149,1,7,1,10,0,0.016666666666666666,0,0.5,
GripLost,rf_19_raw_window,42,7,171,149,1,7,2,11,0,0.056666666666666664,0,0.5,
GripLost,rf_19_raw_window,42,7,171,149,1,7,3,12,0,0.07,0,0.5,
GripLost,rf_19_raw_window,42,7,171,149,1,7,4,13,0,0.14,0,0.5,
GripLost,rf_19_raw_window,42,7,171,149,1,7,5,14,0,0.056666666666666664,0,0.5,
GripLost,rf_19_raw_window,42,7,171,149,1,7,6,15,0,0.07,0,0.5,
GripLost,rf_19_raw_window,42,7,171,149,1,7,7,16,0,0.10666666666666667,0,0.5,
GripLost,rf_19_raw_window,42,7,171,149,1,7,8,17,0,0.11333333333333333,0,0.5,
GripLost,rf_19_raw_window,42,7,171,149,1,7,9,18,0,0.18,0,0.5,
GripLost,rf_19_raw_window,42,7,171,149,1,7,10,19,0,0.056666666666666664,0,0.5,
GripLost,rf_19_raw_window,42,7,171,149,1,7,11,20,0,0.04666666666666667,0,0.5,
GripLost,rf_19_raw_window,42,7,171,149,1,7,12,21,0,0.03666666666666667,0,0.5,
GripLost,rf_19_raw_window,42,7,171,149,1,7,13,22,0,0.03666666666666667,0,0.5,
GripLost,rf_19_raw_window,42,7,171,149,1,7,14,23,0,0.03666666666666667,0,0.5,
GripLost,rf_19_raw_window,42,7,172,150,1,7,0,9,0,0.03333333333333333,0,0.5,
GripLost,rf_19_raw_window,42,7,172,150,1,7,1,10,0,0.03,0,0.5,
GripLost,rf_19_raw_window,42,7,172,150,1,7,2,11,0,0.03,0,0.5,
GripLost,rf_19_raw_window,42,7,172,150,1,7,3,12,0,0.023333333333333334,0,0.5,
GripLost,rf_19_raw_window,42,7,172,150,1,7,4,13,0,0.056666666666666664,0,0.5,
GripLost,rf_19_raw_window,42,7,172,150,1,7,5,14,0,0.03666666666666667,0,0.5,
GripLost,rf_19_raw_window,42,7,172,150,1,7,6,15,0,0.09333333333333334,0,0.5,
GripLost,rf_19_raw_window,42,7,172,150,1,7,7,16,0,0.06666666666666667,0,0.5,
GripLost,rf_19_raw_window,42,7,172,150,1,7,8,17,0,0.023333333333333334,0,0.5,
GripLost,rf_19_raw_window,42,7,172,150,1,7,9,18,0,0.03666666666666667,0,0.5,
GripLost,rf_19_raw_window,42,7,172,150,1,7,10,19,0,0.03,0,0.5,
GripLost,rf_19_raw_window,42,7,172,150,1,7,11,20,0,0.016666666666666666,0,0.5,
GripLost,rf_19_raw_window,42,7,172,150,1,7,12,21,0,0.013333333333333334,0,0.5,
GripLost,rf_19_raw_window,42,7,172,150,1,7,13,22,0,0.01,0,0.5,
GripLost,rf_19_raw_window,42,7,172,150,1,7,14,23,0,0.006666666666666667,0,0.5,
GripLost,rf_19_raw_window,42,7,173,151,1,7,0,9,0,0.13333333333333333,0,0.5,
GripLost,rf_19_raw_window,42,7,173,151,1,7,1,10,0,0.11666666666666667,0,0.5,
GripLost,rf_19_raw_window,42,7,173,151,1,7,2,11,0,0.19,0,0.5,
GripLost,rf_19_raw_window,42,7,173,151,1,7,3,12,0,0.13,0,0.5,
GripLost,rf_19_raw_window,42,7,173,151,1,7,4,13,0,0.4866666666666667,0,0.5,
GripLost,rf_19_raw_window,42,7,173,151,1,7,5,14,0,0.2966666666666667,0,0.5,
GripLost,rf_19_raw_window,42,7,173,151,1,7,6,15,0,0.20333333333333334,0,0.5,
GripLost,rf_19_raw_window,42,7,173,151,1,7,7,16,0,0.21,0,0.5,
GripLost,rf_19_raw_window,42,7,173,151,1,7,8,17,0,0.24,0,0.5,
GripLost,rf_19_raw_window,42,7,173,151,1,7,9,18,0,0.20666666666666667,0,0.5,
GripLost,rf_19_raw_window,42,7,173,151,1,7,10,19,0,0.16333333333333333,0,0.5,
GripLost,rf_19_raw_window,42,7,173,151,1,7,11,20,0,0.06,0,0.5,
GripLost,rf_19_raw_window,42,7,173,151,1,7,12,21,0,0.10333333333333333,0,0.5,
GripLost,rf_19_raw_window,42,7,173,151,1,7,13,22,0,0.1,0,0.5,
GripLost,rf_19_raw_window,42,7,173,151,1,7,14,23,0,0.09,0,0.5,
GripLost,rf_19_raw_window,42,7,173,151,1,7,15,24,1,0.52,1,0.5,
GripLost,rf_19_raw_window,42,7,173,151,1,7,16,25,1,0.62,1,0.5,
GripLost,rf_19_raw_window,42,7,173,151,1,7,17,26,1,0.6366666666666667,1,0.5,
GripLost,rf_19_raw_window,42,7,173,151,1,7,18,27,1,0.65,1,0.5,
GripLost,rf_19_raw_window,42,7,173,151,1,7,19,28,1,0.6633333333333333,1,0.5,
GripLost,rf_19_raw_window,42,7,173,151,1,7,20,29,1,0.56,1,0.5,
GripLost,rf_19_raw_window,42,7,174,152,1,7,0,9,0,0.03,0,0.5,
GripLost,rf_19_raw_window,42,7,174,152,1,7,1,10,0,0.02666666666666667,0,0.5,
GripLost,rf_19_raw_window,42,7,174,152,1,7,2,11,0,0.05,0,0.5,
GripLost,rf_19_raw_window,42,7,174,152,1,7,3,12,0,0.09333333333333334,0,0.5,
GripLost,rf_19_raw_window,42,7,174,152,1,7,4,13,0,0.21666666666666667,0,0.5,
GripLost,rf_19_raw_window,42,7,174,152,1,7,5,14,0,0.23666666666666666,0,0.5,
GripLost,rf_19_raw_window,42,7,174,152,1,7,6,15,0,0.47333333333333333,0,0.5,
GripLost,rf_19_raw_window,42,7,174,152,1,7,7,16,0,0.48,0,0.5,
GripLost,rf_19_raw_window,42,7,174,152,1,7,8,17,0,0.49333333333333335,0,0.5,
GripLost,rf_19_raw_window,42,7,174,152,1,7,9,18,0,0.2,0,0.5,
GripLost,rf_19_raw_window,42,7,174,152,1,7,10,19,0,0.15,0,0.5,
GripLost,rf_19_raw_window,42,7,174,152,1,7,11,20,0,0.2866666666666667,0,0.5,
GripLost,rf_19_raw_window,42,7,174,152,1,7,12,21,0,0.5,0,0.5,
GripLost,rf_19_raw_window,42,7,174,152,1,7,13,22,0,0.5633333333333334,1,0.5,
GripLost,rf_19_raw_window,42,7,174,152,1,7,14,23,1,0.6833333333333333,1,0.5,
GripLost,rf_19_raw_window,42,7,174,152,1,7,15,24,1,0.7633333333333333,1,0.5,
GripLost,rf_19_raw_window,42,7,174,152,1,7,16,25,1,0.7833333333333333,1,0.5,
GripLost,rf_19_raw_window,42,7,174,152,1,7,17,26,1,0.73,1,0.5,
GripLost,rf_19_raw_window,42,7,174,152,1,7,18,27,1,0.7,1,0.5,
GripLost,rf_19_raw_window,42,7,175,153,1,7,0,9,0,0.013333333333333334,0,0.5,
GripLost,rf_19_raw_window,42,7,175,153,1,7,1,10,0,0.0033333333333333335,0,0.5,
GripLost,rf_19_raw_window,42,7,175,153,1,7,2,11,0,0.01,0,0.5,
GripLost,rf_19_raw_window,42,7,175,153,1,7,3,12,0,0.0,0,0.5,
GripLost,rf_19_raw_window,42,7,175,153,1,7,4,13,0,0.006666666666666667,0,0.5,
GripLost,rf_19_raw_window,42,7,175,153,1,7,5,14,0,0.016666666666666666,0,0.5,
GripLost,rf_19_raw_window,42,7,175,153,1,7,6,15,0,0.023333333333333334,0,0.5,
GripLost,rf_19_raw_window,42,7,175,153,1,7,7,16,0,0.006666666666666667,0,0.5,
GripLost,rf_19_raw_window,42,7,175,153,1,7,8,17,0,0.03333333333333333,0,0.5,
GripLost,rf_19_raw_window,42,7,175,153,1,7,9,18,0,0.1,0,0.5,
GripLost,rf_19_raw_window,42,7,175,153,1,7,10,19,0,0.12,0,0.5,
GripLost,rf_19_raw_window,42,7,175,153,1,7,11,20,0,0.10333333333333333,0,0.5,
GripLost,rf_19_raw_window,42,7,175,153,1,7,12,21,0,0.043333333333333335,0,0.5,
GripLost,rf_19_raw_window,42,7,175,153,1,7,13,22,0,0.05,0,0.5,
GripLost,rf_19_raw_window,42,7,175,153,1,7,14,23,0,0.043333333333333335,0,0.5,
GripLost,rf_19_raw_window,42,7,175,153,1,7,15,24,0,0.03666666666666667,0,0.5,
GripLost,rf_19_raw_window,42,7,175,153,1,7,16,25,0,0.03,0,0.5,
GripLost,rf_19_raw_window,42,7,175,153,1,7,17,26,0,0.043333333333333335,0,0.5,
GripLost,rf_19_raw_window,42,7,175,153,1,7,18,27,0,0.03333333333333333,0,0.5,
GripLost,rf_19_raw_window,42,7,175,153,1,7,19,28,0,0.05,0,0.5,
GripLost,rf_19_raw_window,42,7,175,153,1,7,20,29,0,0.043333333333333335,0,0.5,
GripLost,rf_19_raw_window,42,7,175,153,1,7,21,30,0,0.056666666666666664,0,0.5,
GripLost,rf_19_raw_window,42,7,175,153,1,7,22,31,0,0.06666666666666667,0,0.5,
GripLost,rf_19_raw_window,42,7,175,153,1,7,23,32,0,0.04666666666666667,0,0.5,
GripLost,rf_19_raw_window,42,7,175,153,1,7,24,33,0,0.03666666666666667,0,0.5,
GripLost,rf_19_raw_window,42,7,175,153,1,7,25,34,0,0.023333333333333334,0,0.5,
GripLost,rf_19_raw_window,42,7,175,153,1,7,26,35,0,0.03666666666666667,0,0.5,
GripLost,rf_19_raw_window,42,7,175,153,1,7,27,36,0,0.043333333333333335,0,0.5,
GripLost,rf_19_raw_window,42,7,175,153,1,7,28,37,0,0.12,0,0.5,
GripLost,rf_19_raw_window,42,7,175,153,1,7,29,38,0,0.08,0,0.5,
GripLost,rf_19_raw_window,42,7,175,153,1,7,30,39,0,0.07333333333333333,0,0.5,
GripLost,rf_19_raw_window,42,7,175,153,1,7,31,40,0,0.07,0,0.5,
GripLost,rf_19_raw_window,42,7,175,153,1,7,32,41,0,0.04666666666666667,0,0.5,
GripLost,rf_19_raw_window,42,7,175,153,1,7,33,42,0,0.13,0,0.5,
GripLost,rf_19_raw_window,42,7,175,153,1,7,34,43,0,0.16666666666666666,0,0.5,
GripLost,rf_19_raw_window,42,8,176,154,1,8,0,9,0,0.023333333333333334,0,0.5,
GripLost,rf_19_raw_window,42,8,176,154,1,8,1,10,0,0.02,0,0.5,
GripLost,rf_19_raw_window,42,8,176,154,1,8,2,11,0,0.016666666666666666,0,0.5,
GripLost,rf_19_raw_window,42,8,176,154,1,8,3,12,0,0.016666666666666666,0,0.5,
GripLost,rf_19_raw_window,42,8,176,154,1,8,4,13,0,0.056666666666666664,0,0.5,
GripLost,rf_19_raw_window,42,8,176,154,1,8,5,14,0,0.23,0,0.5,
GripLost,rf_19_raw_window,42,8,176,154,1,8,6,15,0,0.17333333333333334,0,0.5,
GripLost,rf_19_raw_window,42,8,176,154,1,8,7,16,0,0.31,0,0.5,
GripLost,rf_19_raw_window,42,8,176,154,1,8,8,17,0,0.30666666666666664,0,0.5,
GripLost,rf_19_raw_window,42,8,176,154,1,8,9,18,0,0.1,0,0.5,
GripLost,rf_19_raw_window,42,8,176,154,1,8,10,19,0,0.04666666666666667,0,0.5,
GripLost,rf_19_raw_window,42,8,176,154,1,8,11,20,0,0.05,0,0.5,
GripLost,rf_19_raw_window,42,8,176,154,1,8,12,21,0,0.04,0,0.5,
GripLost,rf_19_raw_window,42,8,176,154,1,8,13,22,0,0.04,0,0.5,
GripLost,rf_19_raw_window,42,8,176,154,1,8,14,23,0,0.03333333333333333,0,0.5,
GripLost,rf_19_raw_window,42,8,177,155,1,8,0,9,0,0.043333333333333335,0,0.5,
GripLost,rf_19_raw_window,42,8,177,155,1,8,1,10,0,0.05333333333333334,0,0.5,
GripLost,rf_19_raw_window,42,8,177,155,1,8,2,11,0,0.1,0,0.5,
GripLost,rf_19_raw_window,42,8,177,155,1,8,3,12,0,0.056666666666666664,0,0.5,
GripLost,rf_19_raw_window,42,8,177,155,1,8,4,13,0,0.05333333333333334,0,0.5,
GripLost,rf_19_raw_window,42,8,177,155,1,8,5,14,0,0.08666666666666667,0,0.5,
GripLost,rf_19_raw_window,42,8,177,155,1,8,6,15,0,0.06666666666666667,0,0.5,
GripLost,rf_19_raw_window,42,8,177,155,1,8,7,16,0,0.07333333333333333,0,0.5,
GripLost,rf_19_raw_window,42,8,177,155,1,8,8,17,0,0.05333333333333334,0,0.5,
GripLost,rf_19_raw_window,42,8,177,155,1,8,9,18,0,0.05333333333333334,0,0.5,
GripLost,rf_19_raw_window,42,8,177,155,1,8,10,19,0,0.02,0,0.5,
GripLost,rf_19_raw_window,42,8,177,155,1,8,11,20,0,0.01,0,0.5,
GripLost,rf_19_raw_window,42,8,177,155,1,8,12,21,0,0.01,0,0.5,
GripLost,rf_19_raw_window,42,8,177,155,1,8,13,22,0,0.013333333333333334,0,0.5,
GripLost,rf_19_raw_window,42,8,177,155,1,8,14,23,0,0.013333333333333334,0,0.5,
GripLost,rf_19_raw_window,42,8,178,156,1,8,0,9,0,0.01,0,0.5,
GripLost,rf_19_raw_window,42,8,178,156,1,8,1,10,0,0.01,0,0.5,
GripLost,rf_19_raw_window,42,8,178,156,1,8,2,11,0,0.02,0,0.5,
GripLost,rf_19_raw_window,42,8,178,156,1,8,3,12,0,0.016666666666666666,0,0.5,
GripLost,rf_19_raw_window,42,8,178,156,1,8,4,13,0,0.006666666666666667,0,0.5,
GripLost,rf_19_raw_window,42,8,178,156,1,8,5,14,0,0.06333333333333334,0,0.5,
GripLost,rf_19_raw_window,42,8,178,156,1,8,6,15,0,0.25666666666666665,0,0.5,
GripLost,rf_19_raw_window,42,8,178,156,1,8,7,16,0,0.4633333333333333,0,0.5,
GripLost,rf_19_raw_window,42,8,178,156,1,8,8,17,0,0.43333333333333335,0,0.5,
GripLost,rf_19_raw_window,42,8,178,156,1,8,9,18,0,0.3466666666666667,0,0.5,
GripLost,rf_19_raw_window,42,8,178,156,1,8,10,19,0,0.24666666666666667,0,0.5,
GripLost,rf_19_raw_window,42,8,178,156,1,8,11,20,0,0.05333333333333334,0,0.5,
GripLost,rf_19_raw_window,42,8,178,156,1,8,12,21,0,0.04666666666666667,0,0.5,
GripLost,rf_19_raw_window,42,8,178,156,1,8,13,22,0,0.04,0,0.5,
GripLost,rf_19_raw_window,42,8,178,156,1,8,14,23,0,0.04666666666666667,0,0.5,
GripLost,rf_19_raw_window,42,8,178,156,1,8,15,24,0,0.013333333333333334,0,0.5,
GripLost,rf_19_raw_window,42,8,179,157,1,8,0,9,0,0.023333333333333334,0,0.5,
GripLost,rf_19_raw_window,42,8,179,157,1,8,1,10,0,0.03,0,0.5,
GripLost,rf_19_raw_window,42,8,179,157,1,8,2,11,0,0.023333333333333334,0,0.5,
GripLost,rf_19_raw_window,42,8,179,157,1,8,3,12,0,0.016666666666666666,0,0.5,
GripLost,rf_19_raw_window,42,8,179,157,1,8,4,13,0,0.013333333333333334,0,0.5,
GripLost,rf_19_raw_window,42,8,179,157,1,8,5,14,0,0.27666666666666667,0,0.5,
GripLost,rf_19_raw_window,42,8,179,157,1,8,6,15,0,0.44666666666666666,0,0.5,
GripLost,rf_19_raw_window,42,8,179,157,1,8,7,16,0,0.5033333333333333,1,0.5,
GripLost,rf_19_raw_window,42,8,179,157,1,8,8,17,0,0.49,0,0.5,
GripLost,rf_19_raw_window,42,8,179,157,1,8,9,18,0,0.36,0,0.5,
GripLost,rf_19_raw_window,42,8,179,157,1,8,10,19,0,0.08333333333333333,0,0.5,
GripLost,rf_19_raw_window,42,8,179,157,1,8,11,20,0,0.08,0,0.5,
GripLost,rf_19_raw_window,42,8,179,157,1,8,12,21,0,0.07333333333333333,0,0.5,
GripLost,rf_19_raw_window,42,8,179,157,1,8,13,22,0,0.08333333333333333,0,0.5,
GripLost,rf_19_raw_window,42,8,179,157,1,8,14,23,0,0.08333333333333333,0,0.5,
GripLost,rf_19_raw_window,42,8,180,158,1,8,0,9,0,0.21666666666666667,0,0.5,
GripLost,rf_19_raw_window,42,8,180,158,1,8,1,10,0,0.26,0,0.5,
GripLost,rf_19_raw_window,42,8,180,158,1,8,2,11,0,0.27666666666666667,0,0.5,
GripLost,rf_19_raw_window,42,8,180,158,1,8,3,12,0,0.46,0,0.5,
GripLost,rf_19_raw_window,42,8,180,158,1,8,4,13,0,0.3466666666666667,0,0.5,
GripLost,rf_19_raw_window,42,8,180,158,1,8,5,14,0,0.34,0,0.5,
GripLost,rf_19_raw_window,42,8,180,158,1,8,6,15,0,0.09333333333333334,0,0.5,
GripLost,rf_19_raw_window,42,8,180,158,1,8,7,16,0,0.18666666666666668,0,0.5,
GripLost,rf_19_raw_window,42,8,180,158,1,8,8,17,0,0.3,0,0.5,
GripLost,rf_19_raw_window,42,8,180,158,1,8,9,18,1,0.6,1,0.5,
GripLost,rf_19_raw_window,42,8,180,158,1,8,10,19,1,0.7766666666666666,1,0.5,
GripLost,rf_19_raw_window,42,8,180,158,1,8,11,20,1,0.7866666666666666,1,0.5,
GripLost,rf_19_raw_window,42,8,180,158,1,8,12,21,1,0.8633333333333333,1,0.5,
GripLost,rf_19_raw_window,42,8,180,158,1,8,13,22,1,0.8666666666666667,1,0.5,
GripLost,rf_19_raw_window,42,8,180,158,1,8,14,23,1,0.89,1,0.5,
GripLost,rf_19_raw_window,42,8,181,159,1,8,0,9,0,0.006666666666666667,0,0.5,
GripLost,rf_19_raw_window,42,8,181,159,1,8,1,10,0,0.02,0,0.5,
GripLost,rf_19_raw_window,42,8,181,159,1,8,2,11,0,0.016666666666666666,0,0.5,
GripLost,rf_19_raw_window,42,8,181,159,1,8,3,12,0,0.023333333333333334,0,0.5,
GripLost,rf_19_raw_window,42,8,181,159,1,8,4,13,0,0.03666666666666667,0,0.5,
GripLost,rf_19_raw_window,42,8,181,159,1,8,5,14,0,0.06666666666666667,0,0.5,
GripLost,rf_19_raw_window,42,8,181,159,1,8,6,15,0,0.13333333333333333,0,0.5,
GripLost,rf_19_raw_window,42,8,181,159,1,8,7,16,0,0.03666666666666667,0,0.5,
GripLost,rf_19_raw_window,42,8,181,159,1,8,8,17,0,0.02,0,0.5,
GripLost,rf_19_raw_window,42,8,181,159,1,8,9,18,0,0.02666666666666667,0,0.5,
GripLost,rf_19_raw_window,42,8,181,159,1,8,10,19,0,0.023333333333333334,0,0.5,
GripLost,rf_19_raw_window,42,8,181,159,1,8,11,20,0,0.013333333333333334,0,0.5,
GripLost,rf_19_raw_window,42,8,181,159,1,8,12,21,0,0.01,0,0.5,
GripLost,rf_19_raw_window,42,8,181,159,1,8,13,22,0,0.013333333333333334,0,0.5,
GripLost,rf_19_raw_window,42,8,182,160,1,8,0,9,0,0.01,0,0.5,
GripLost,rf_19_raw_window,42,8,182,160,1,8,1,10,0,0.01,0,0.5,
GripLost,rf_19_raw_window,42,8,182,160,1,8,2,11,0,0.01,0,0.5,
GripLost,rf_19_raw_window,42,8,182,160,1,8,3,12,0,0.01,0,0.5,
GripLost,rf_19_raw_window,42,8,182,160,1,8,4,13,0,0.016666666666666666,0,0.5,
GripLost,rf_19_raw_window,42,8,182,160,1,8,5,14,0,0.023333333333333334,0,0.5,
GripLost,rf_19_raw_window,42,8,182,160,1,8,6,15,0,0.03333333333333333,0,0.5,
GripLost,rf_19_raw_window,42,8,182,160,1,8,7,16,0,0.06,0,0.5,
GripLost,rf_19_raw_window,42,8,182,160,1,8,8,17,0,0.09,0,0.5,
GripLost,rf_19_raw_window,42,8,182,160,1,8,9,18,0,0.07,0,0.5,
GripLost,rf_19_raw_window,42,8,182,160,1,8,10,19,0,0.20666666666666667,0,0.5,
GripLost,rf_19_raw_window,42,8,182,160,1,8,11,20,0,0.22333333333333333,0,0.5,
GripLost,rf_19_raw_window,42,8,182,160,1,8,12,21,0,0.14,0,0.5,
GripLost,rf_19_raw_window,42,8,182,160,1,8,13,22,0,0.16,0,0.5,
GripLost,rf_19_raw_window,42,8,182,160,1,8,14,23,0,0.19,0,0.5,
GripLost,rf_19_raw_window,42,8,182,160,1,8,15,24,0,0.15,0,0.5,
GripLost,rf_19_raw_window,42,8,182,160,1,8,16,25,0,0.13333333333333333,0,0.5,
GripLost,rf_19_raw_window,42,8,182,160,1,8,17,26,0,0.14333333333333334,0,0.5,
GripLost,rf_19_raw_window,42,8,183,161,1,8,0,9,0,0.08666666666666667,0,0.5,
GripLost,rf_19_raw_window,42,8,183,161,1,8,1,10,0,0.09,0,0.5,
GripLost,rf_19_raw_window,42,8,183,161,1,8,2,11,0,0.08333333333333333,0,0.5,
GripLost,rf_19_raw_window,42,8,183,161,1,8,3,12,0,0.04666666666666667,0,0.5,
GripLost,rf_19_raw_window,42,8,183,161,1,8,4,13,0,0.06333333333333334,0,0.5,
GripLost,rf_19_raw_window,42,8,183,161,1,8,5,14,0,0.03,0,0.5,
GripLost,rf_19_raw_window,42,8,183,161,1,8,6,15,0,0.24,0,0.5,
GripLost,rf_19_raw_window,42,8,183,161,1,8,7,16,0,0.31666666666666665,0,0.5,
GripLost,rf_19_raw_window,42,8,183,161,1,8,8,17,0,0.23666666666666666,0,0.5,
GripLost,rf_19_raw_window,42,8,183,161,1,8,9,18,0,0.15666666666666668,0,0.5,
GripLost,rf_19_raw_window,42,8,183,161,1,8,10,19,0,0.15666666666666668,0,0.5,
GripLost,rf_19_raw_window,42,8,183,161,1,8,11,20,0,0.19,0,0.5,
GripLost,rf_19_raw_window,42,8,183,161,1,8,12,21,0,0.17666666666666667,0,0.5,
GripLost,rf_19_raw_window,42,8,183,161,1,8,13,22,0,0.15,0,0.5,
GripLost,rf_19_raw_window,42,8,183,161,1,8,14,23,0,0.15333333333333332,0,0.5,
GripLost,rf_19_raw_window,42,8,183,161,1,8,15,24,0,0.18333333333333332,0,0.5,
GripLost,rf_19_raw_window,42,8,183,161,1,8,16,25,0,0.05,0,0.5,
GripLost,rf_19_raw_window,42,8,183,161,1,8,17,26,0,0.03333333333333333,0,0.5,
GripLost,rf_19_raw_window,42,8,183,161,1,8,18,27,0,0.09666666666666666,0,0.5,
GripLost,rf_19_raw_window,42,8,183,161,1,8,19,28,0,0.17,0,0.5,
GripLost,rf_19_raw_window,42,8,183,161,1,8,20,29,0,0.19,0,0.5,
GripLost,rf_19_raw_window,42,8,183,161,1,8,21,30,0,0.09333333333333334,0,0.5,
GripLost,rf_19_raw_window,42,8,183,161,1,8,22,31,0,0.08,0,0.5,
GripLost,rf_19_raw_window,42,8,183,161,1,8,23,32,0,0.14333333333333334,0,0.5,
GripLost,rf_19_raw_window,42,8,183,161,1,8,24,33,0,0.16,0,0.5,
GripLost,rf_19_raw_window,42,8,183,161,1,8,25,34,0,0.13333333333333333,0,0.5,
GripLost,rf_19_raw_window,42,8,183,161,1,8,26,35,0,0.13666666666666666,0,0.5,
GripLost,rf_19_raw_window,42,8,183,161,1,8,27,36,0,0.056666666666666664,0,0.5,
GripLost,rf_19_raw_window,42,8,183,161,1,8,28,37,0,0.03333333333333333,0,0.5,
GripLost,rf_19_raw_window,42,8,183,161,1,8,29,38,0,0.043333333333333335,0,0.5,
GripLost,rf_19_raw_window,42,8,183,161,1,8,30,39,0,0.056666666666666664,0,0.5,
GripLost,rf_19_raw_window,42,8,183,161,1,8,31,40,0,0.06,0,0.5,
GripLost,rf_19_raw_window,42,8,183,161,1,8,32,41,0,0.06333333333333334,0,0.5,
GripLost,rf_19_raw_window,42,8,183,161,1,8,33,42,0,0.06,0,0.5,
GripLost,rf_19_raw_window,42,8,183,161,1,8,34,43,0,0.14333333333333334,0,0.5,
GripLost,rf_19_raw_window,42,8,183,161,1,8,35,44,0,0.14666666666666667,0,0.5,
GripLost,rf_19_raw_window,42,8,183,161,1,8,36,45,0,0.18333333333333332,0,0.5,
GripLost,rf_19_raw_window,42,8,183,161,1,8,37,46,0,0.13333333333333333,0,0.5,
GripLost,rf_19_raw_window,42,8,184,162,1,8,0,9,0,0.04,0,0.5,
GripLost,rf_19_raw_window,42,8,184,162,1,8,1,10,0,0.04666666666666667,0,0.5,
GripLost,rf_19_raw_window,42,8,184,162,1,8,2,11,0,0.09666666666666666,0,0.5,
GripLost,rf_19_raw_window,42,8,184,162,1,8,3,12,0,0.06666666666666667,0,0.5,
GripLost,rf_19_raw_window,42,8,184,162,1,8,4,13,0,0.04666666666666667,0,0.5,
GripLost,rf_19_raw_window,42,8,184,162,1,8,5,14,0,0.06333333333333334,0,0.5,
GripLost,rf_19_raw_window,42,8,184,162,1,8,6,15,0,0.15666666666666668,0,0.5,
GripLost,rf_19_raw_window,42,8,184,162,1,8,7,16,0,0.2866666666666667,0,0.5,
GripLost,rf_19_raw_window,42,8,184,162,1,8,8,17,0,0.37333333333333335,0,0.5,
GripLost,rf_19_raw_window,42,8,184,162,1,8,9,18,0,0.2,0,0.5,
GripLost,rf_19_raw_window,42,8,184,162,1,8,10,19,0,0.22,0,0.5,
GripLost,rf_19_raw_window,42,8,184,162,1,8,11,20,0,0.17666666666666667,0,0.5,
GripLost,rf_19_raw_window,42,8,184,162,1,8,12,21,0,0.13,0,0.5,
GripLost,rf_19_raw_window,42,8,184,162,1,8,13,22,0,0.20666666666666667,0,0.5,
GripLost,rf_19_raw_window,42,8,184,162,1,8,14,23,0,0.21,0,0.5,
GripLost,rf_19_raw_window,42,8,185,163,1,8,0,9,0,0.07333333333333333,0,0.5,
GripLost,rf_19_raw_window,42,8,185,163,1,8,1,10,0,0.11666666666666667,0,0.5,
GripLost,rf_19_raw_window,42,8,185,163,1,8,2,11,0,0.08333333333333333,0,0.5,
GripLost,rf_19_raw_window,42,8,185,163,1,8,3,12,0,0.07666666666666666,0,0.5,
GripLost,rf_19_raw_window,42,8,185,163,1,8,4,13,0,0.11,0,0.5,
GripLost,rf_19_raw_window,42,8,185,163,1,8,5,14,0,0.04,0,0.5,
GripLost,rf_19_raw_window,42,8,199,176,1,8,0,9,0,0.09,0,0.5,
GripLost,rf_19_raw_window,42,8,199,176,1,8,1,10,0,0.03666666666666667,0,0.5,
GripLost,rf_19_raw_window,42,8,199,176,1,8,2,11,0,0.016666666666666666,0,0.5,
GripLost,rf_19_raw_window,42,8,199,176,1,8,3,12,0,0.016666666666666666,0,0.5,
GripLost,rf_19_raw_window,42,8,199,176,1,8,4,13,0,0.013333333333333334,0,0.5,
GripLost,rf_19_raw_window,42,8,199,176,1,8,5,14,0,0.023333333333333334,0,0.5,
GripLost,rf_19_raw_window,42,8,199,176,1,8,6,15,0,0.02,0,0.5,
GripLost,rf_19_raw_window,42,8,200,177,1,8,0,9,1,0.6333333333333333,1,0.5,
GripLost,rf_19_raw_window,42,8,200,177,1,8,1,10,1,0.5266666666666666,1,0.5,
GripLost,rf_19_raw_window,42,8,200,177,1,8,2,11,1,0.5433333333333333,1,0.5,
GripLost,rf_19_raw_window,42,8,200,177,1,8,3,12,1,0.6933333333333334,1,0.5,
GripLost,rf_19_raw_window,42,8,200,177,1,8,4,13,1,0.67,1,0.5,
GripLost,rf_19_raw_window,42,8,200,177,1,8,5,14,0,0.21,0,0.5,
GripLost,rf_19_raw_window,42,8,200,177,1,8,6,15,0,0.23,0,0.5,
GripLost,rf_19_raw_window,42,8,200,177,1,8,7,16,1,0.39666666666666667,0,0.5,
GripLost,rf_19_raw_window,42,8,200,177,1,8,8,17,1,0.5966666666666667,1,0.5,
GripLost,rf_19_raw_window,42,8,200,177,1,8,9,18,1,0.5066666666666667,1,0.5,
GripLost,rf_19_raw_window,42,8,200,177,1,8,10,19,1,0.7733333333333333,1,0.5,
GripLost,rf_19_raw_window,42,8,200,177,1,8,11,20,1,0.8833333333333333,1,0.5,
GripLost,rf_19_raw_window,42,8,200,177,1,8,12,21,1,0.8866666666666667,1,0.5,
GripLost,rf_19_raw_window,42,8,200,177,1,8,13,22,1,0.96,1,0.5,
GripLost,rf_19_raw_window,42,8,200,177,1,8,14,23,1,0.95,1,0.5,
GripLost,rf_19_raw_window,42,9,201,178,1,9,0,9,0,0.006666666666666667,0,0.5,
GripLost,rf_19_raw_window,42,9,201,178,1,9,1,10,0,0.013333333333333334,0,0.5,
GripLost,rf_19_raw_window,42,9,201,178,1,9,2,11,0,0.006666666666666667,0,0.5,
GripLost,rf_19_raw_window,42,9,201,178,1,9,3,12,0,0.0,0,0.5,
GripLost,rf_19_raw_window,42,9,201,178,1,9,4,13,0,0.22666666666666666,0,0.5,
GripLost,rf_19_raw_window,42,9,201,178,1,9,5,14,0,0.12333333333333334,0,0.5,
GripLost,rf_19_raw_window,42,9,201,178,1,9,6,15,0,0.06666666666666667,0,0.5,
GripLost,rf_19_raw_window,42,9,201,178,1,9,7,16,0,0.22333333333333333,0,0.5,
GripLost,rf_19_raw_window,42,9,201,178,1,9,8,17,0,0.016666666666666666,0,0.5,
GripLost,rf_19_raw_window,42,9,201,178,1,9,9,18,0,0.01,0,0.5,
GripLost,rf_19_raw_window,42,9,201,178,1,9,10,19,0,0.01,0,0.5,
GripLost,rf_19_raw_window,42,9,201,178,1,9,11,20,0,0.006666666666666667,0,0.5,
GripLost,rf_19_raw_window,42,9,201,178,1,9,12,21,0,0.0033333333333333335,0,0.5,
GripLost,rf_19_raw_window,42,9,201,178,1,9,13,22,0,0.016666666666666666,0,0.5,
GripLost,rf_19_raw_window,42,9,201,178,1,9,14,23,0,0.02,0,0.5,
GripLost,rf_19_raw_window,42,9,201,178,1,9,15,24,0,0.01,0,0.5,
GripLost,rf_19_raw_window,42,9,201,178,1,9,16,25,0,0.02,0,0.5,
GripLost,rf_19_raw_window,42,9,201,178,1,9,17,26,0,0.006666666666666667,0,0.5,
GripLost,rf_19_raw_window,42,9,201,178,1,9,18,27,0,0.023333333333333334,0,0.5,
GripLost,rf_19_raw_window,42,9,201,178,1,9,19,28,0,0.02,0,0.5,
GripLost,rf_19_raw_window,42,9,201,178,1,9,20,29,0,0.006666666666666667,0,0.5,
GripLost,rf_19_raw_window,42,9,201,178,1,9,21,30,0,0.01,0,0.5,
GripLost,rf_19_raw_window,42,9,201,178,1,9,22,31,0,0.006666666666666667,0,0.5,
GripLost,rf_19_raw_window,42,9,201,178,1,9,23,32,0,0.03333333333333333,0,0.5,
GripLost,rf_19_raw_window,42,9,201,178,1,9,24,33,0,0.06666666666666667,0,0.5,
GripLost,rf_19_raw_window,42,9,201,178,1,9,25,34,0,0.12666666666666668,0,0.5,
GripLost,rf_19_raw_window,42,9,201,178,1,9,26,35,0,0.15333333333333332,0,0.5,
GripLost,rf_19_raw_window,42,9,201,178,1,9,27,36,0,0.14666666666666667,0,0.5,
GripLost,rf_19_raw_window,42,9,201,178,1,9,28,37,0,0.11,0,0.5,
GripLost,rf_19_raw_window,42,9,201,178,1,9,29,38,0,0.11,0,0.5,
GripLost,rf_19_raw_window,42,9,202,179,1,9,0,9,0,0.23666666666666666,0,0.5,
GripLost,rf_19_raw_window,42,9,202,179,1,9,1,10,0,0.25333333333333335,0,0.5,
GripLost,rf_19_raw_window,42,9,202,179,1,9,2,11,0,0.19333333333333333,0,0.5,
GripLost,rf_19_raw_window,42,9,202,179,1,9,3,12,0,0.41,0,0.5,
GripLost,rf_19_raw_window,42,9,202,179,1,9,4,13,0,0.23666666666666666,0,0.5,
GripLost,rf_19_raw_window,42,9,202,179,1,9,5,14,0,0.10666666666666667,0,0.5,
GripLost,rf_19_raw_window,42,9,202,179,1,9,6,15,0,0.03,0,0.5,
GripLost,rf_19_raw_window,42,9,202,179,1,9,7,16,0,0.06333333333333334,0,0.5,
GripLost,rf_19_raw_window,42,9,202,179,1,9,8,17,0,0.09666666666666666,0,0.5,
GripLost,rf_19_raw_window,42,9,202,179,1,9,9,18,1,0.6433333333333333,1,0.5,
GripLost,rf_19_raw_window,42,9,202,179,1,9,10,19,1,0.8233333333333334,1,0.5,
GripLost,rf_19_raw_window,42,9,202,179,1,9,11,20,1,0.8433333333333334,1,0.5,
GripLost,rf_19_raw_window,42,9,202,179,1,9,12,21,1,0.81,1,0.5,
GripLost,rf_19_raw_window,42,9,202,179,1,9,13,22,1,0.7433333333333333,1,0.5,
GripLost,rf_19_raw_window,42,9,202,179,1,9,14,23,1,0.74,1,0.5,
GripLost,rf_19_raw_window,42,9,203,180,1,9,0,9,0,0.006666666666666667,0,0.5,
GripLost,rf_19_raw_window,42,9,203,180,1,9,1,10,0,0.006666666666666667,0,0.5,
GripLost,rf_19_raw_window,42,9,203,180,1,9,2,11,0,0.02,0,0.5,
GripLost,rf_19_raw_window,42,9,203,180,1,9,3,12,0,0.04666666666666667,0,0.5,
GripLost,rf_19_raw_window,42,9,203,180,1,9,4,13,0,0.11,0,0.5,
GripLost,rf_19_raw_window,42,9,203,180,1,9,5,14,0,0.03666666666666667,0,0.5,
GripLost,rf_19_raw_window,42,9,203,180,1,9,6,15,0,0.04,0,0.5,
GripLost,rf_19_raw_window,42,9,203,180,1,9,7,16,0,0.056666666666666664,0,0.5,
GripLost,rf_19_raw_window,42,9,203,180,1,9,8,17,0,0.03,0,0.5,
GripLost,rf_19_raw_window,42,9,203,180,1,9,9,18,0,0.0033333333333333335,0,0.5,
GripLost,rf_19_raw_window,42,9,203,180,1,9,10,19,0,0.0033333333333333335,0,0.5,
GripLost,rf_19_raw_window,42,9,203,180,1,9,11,20,0,0.01,0,0.5,
GripLost,rf_19_raw_window,42,9,203,180,1,9,12,21,0,0.01,0,0.5,
GripLost,rf_19_raw_window,42,9,203,180,1,9,13,22,0,0.013333333333333334,0,0.5,
GripLost,rf_19_raw_window,42,9,203,180,1,9,14,23,0,0.0033333333333333335,0,0.5,
GripLost,rf_19_raw_window,42,9,204,181,1,9,0,9,0,0.0033333333333333335,0,0.5,
GripLost,rf_19_raw_window,42,9,204,181,1,9,1,10,0,0.0033333333333333335,0,0.5,
GripLost,rf_19_raw_window,42,9,204,181,1,9,2,11,0,0.0,0,0.5,
GripLost,rf_19_raw_window,42,9,204,181,1,9,3,12,0,0.0,0,0.5,
GripLost,rf_19_raw_window,42,9,204,181,1,9,4,13,0,0.013333333333333334,0,0.5,
GripLost,rf_19_raw_window,42,9,204,181,1,9,5,14,0,0.013333333333333334,0,0.5,
GripLost,rf_19_raw_window,42,9,204,181,1,9,6,15,0,0.016666666666666666,0,0.5,
GripLost,rf_19_raw_window,42,9,204,181,1,9,7,16,0,0.02,0,0.5,
GripLost,rf_19_raw_window,42,9,204,181,1,9,8,17,0,0.02,0,0.5,
GripLost,rf_19_raw_window,42,9,204,181,1,9,9,18,0,0.05333333333333334,0,0.5,
GripLost,rf_19_raw_window,42,9,204,181,1,9,10,19,0,0.06,0,0.5,
GripLost,rf_19_raw_window,42,9,204,181,1,9,11,20,0,0.15666666666666668,0,0.5,
GripLost,rf_19_raw_window,42,9,204,181,1,9,12,21,0,0.07,0,0.5,
GripLost,rf_19_raw_window,42,9,204,181,1,9,13,22,0,0.24666666666666667,0,0.5,
GripLost,rf_19_raw_window,42,9,204,181,1,9,14,23,0,0.18,0,0.5,
GripLost,rf_19_raw_window,42,9,204,181,1,9,15,24,0,0.32,0,0.5,
GripLost,rf_19_raw_window,42,9,204,181,1,9,16,25,0,0.48333333333333334,0,0.5,
GripLost,rf_19_raw_window,42,9,204,181,1,9,17,26,0,0.31666666666666665,0,0.5,
GripLost,rf_19_raw_window,42,9,204,181,1,9,18,27,0,0.29333333333333333,0,0.5,
GripLost,rf_19_raw_window,42,9,204,181,1,9,19,28,0,0.16,0,0.5,
GripLost,rf_19_raw_window,42,9,204,181,1,9,20,29,0,0.4166666666666667,0,0.5,
GripLost,rf_19_raw_window,42,9,204,181,1,9,21,30,0,0.1,0,0.5,
GripLost,rf_19_raw_window,42,9,204,181,1,9,22,31,0,0.07333333333333333,0,0.5,
GripLost,rf_19_raw_window,42,9,204,181,1,9,23,32,0,0.023333333333333334,0,0.5,
GripLost,rf_19_raw_window,42,9,204,181,1,9,24,33,0,0.02666666666666667,0,0.5,
GripLost,rf_19_raw_window,42,9,204,181,1,9,25,34,0,0.02666666666666667,0,0.5,
GripLost,rf_19_raw_window,42,9,204,181,1,9,26,35,0,0.0033333333333333335,0,0.5,
GripLost,rf_19_raw_window,42,9,204,181,1,9,27,36,0,0.01,0,0.5,
GripLost,rf_19_raw_window,42,9,204,181,1,9,28,37,0,0.013333333333333334,0,0.5,
GripLost,rf_19_raw_window,42,9,204,181,1,9,29,38,0,0.023333333333333334,0,0.5,
GripLost,rf_19_raw_window,42,9,204,181,1,9,30,39,0,0.06666666666666667,0,0.5,
GripLost,rf_19_raw_window,42,9,204,181,1,9,31,40,0,0.09333333333333334,0,0.5,
GripLost,rf_19_raw_window,42,9,204,181,1,9,32,41,0,0.16666666666666666,0,0.5,
GripLost,rf_19_raw_window,42,9,204,181,1,9,33,42,0,0.24,0,0.5,
GripLost,rf_19_raw_window,42,9,204,181,1,9,34,43,0,0.17333333333333334,0,0.5,
GripLost,rf_19_raw_window,42,9,204,181,1,9,35,44,0,0.03666666666666667,0,0.5,
GripLost,rf_19_raw_window,42,9,204,181,1,9,36,45,0,0.01,0,0.5,
GripLost,rf_19_raw_window,42,9,204,181,1,9,37,46,0,0.0,0,0.5,
GripLost,rf_19_raw_window,42,9,205,182,1,9,0,9,0,0.02,0,0.5,
GripLost,rf_19_raw_window,42,9,205,182,1,9,1,10,0,0.02,0,0.5,
GripLost,rf_19_raw_window,42,9,205,182,1,9,2,11,0,0.013333333333333334,0,0.5,
GripLost,rf_19_raw_window,42,9,205,182,1,9,3,12,0,0.016666666666666666,0,0.5,
GripLost,rf_19_raw_window,42,9,205,182,1,9,4,13,0,0.013333333333333334,0,0.5,
GripLost,rf_19_raw_window,42,9,205,182,1,9,5,14,0,0.043333333333333335,0,0.5,
GripLost,rf_19_raw_window,42,9,205,182,1,9,6,15,0,0.08333333333333333,0,0.5,
GripLost,rf_19_raw_window,42,9,205,182,1,9,7,16,0,0.10333333333333333,0,0.5,
GripLost,rf_19_raw_window,42,9,205,182,1,9,8,17,0,0.13666666666666666,0,0.5,
GripLost,rf_19_raw_window,42,9,205,182,1,9,9,18,0,0.22,0,0.5,
GripLost,rf_19_raw_window,42,9,205,182,1,9,10,19,0,0.08,0,0.5,
GripLost,rf_19_raw_window,42,9,205,182,1,9,11,20,0,0.013333333333333334,0,0.5,
GripLost,rf_19_raw_window,42,9,205,182,1,9,12,21,0,0.03,0,0.5,
GripLost,rf_19_raw_window,42,9,205,182,1,9,13,22,0,0.02,0,0.5,
GripLost,rf_19_raw_window,42,9,205,182,1,9,14,23,0,0.03333333333333333,0,0.5,
GripLost,rf_19_raw_window,42,9,205,182,1,9,15,24,0,0.023333333333333334,0,0.5,
GripLost,rf_19_raw_window,42,9,206,183,1,9,0,9,0,0.006666666666666667,0,0.5,
GripLost,rf_19_raw_window,42,9,206,183,1,9,1,10,0,0.013333333333333334,0,0.5,
GripLost,rf_19_raw_window,42,9,206,183,1,9,2,11,0,0.006666666666666667,0,0.5,
GripLost,rf_19_raw_window,42,9,206,183,1,9,3,12,0,0.016666666666666666,0,0.5,
GripLost,rf_19_raw_window,42,9,206,183,1,9,4,13,0,0.016666666666666666,0,0.5,
GripLost,rf_19_raw_window,42,9,206,183,1,9,5,14,0,0.016666666666666666,0,0.5,
GripLost,rf_19_raw_window,42,9,206,183,1,9,6,15,0,0.016666666666666666,0,0.5,
GripLost,rf_19_raw_window,42,9,206,183,1,9,7,16,0,0.03333333333333333,0,0.5,
GripLost,rf_19_raw_window,42,9,206,183,1,9,8,17,0,0.06666666666666667,0,0.5,
GripLost,rf_19_raw_window,42,9,206,183,1,9,9,18,0,0.03,0,0.5,
GripLost,rf_19_raw_window,42,9,206,183,1,9,10,19,0,0.07666666666666666,0,0.5,
GripLost,rf_19_raw_window,42,9,206,183,1,9,11,20,0,0.043333333333333335,0,0.5,
GripLost,rf_19_raw_window,42,9,206,183,1,9,12,21,0,0.006666666666666667,0,0.5,
GripLost,rf_19_raw_window,42,9,206,183,1,9,13,22,0,0.0,0,0.5,
GripLost,rf_19_raw_window,42,9,206,183,1,9,14,23,0,0.0,0,0.5,
GripLost,rf_19_raw_window,42,9,206,183,1,9,15,24,0,0.0,0,0.5,
GripLost,rf_19_raw_window,42,9,206,183,1,9,16,25,0,0.0,0,0.5,
GripLost,rf_19_raw_window,42,9,206,183,1,9,17,26,0,0.0,0,0.5,
GripLost,rf_19_raw_window,42,9,207,184,1,9,0,9,0,0.02,0,0.5,
GripLost,rf_19_raw_window,42,9,207,184,1,9,1,10,0,0.013333333333333334,0,0.5,
GripLost,rf_19_raw_window,42,9,207,184,1,9,2,11,0,0.0033333333333333335,0,0.5,
GripLost,rf_19_raw_window,42,9,207,184,1,9,3,12,0,0.006666666666666667,0,0.5,
GripLost,rf_19_raw_window,42,9,207,184,1,9,4,13,0,0.023333333333333334,0,0.5,
GripLost,rf_19_raw_window,42,9,207,184,1,9,5,14,0,0.23333333333333334,0,0.5,
GripLost,rf_19_raw_window,42,9,207,184,1,9,6,15,0,0.23333333333333334,0,0.5,
GripLost,rf_19_raw_window,42,9,207,184,1,9,7,16,0,0.2966666666666667,0,0.5,
GripLost,rf_19_raw_window,42,9,207,184,1,9,8,17,0,0.10333333333333333,0,0.5,
GripLost,rf_19_raw_window,42,9,207,184,1,9,9,18,0,0.03666666666666667,0,0.5,
GripLost,rf_19_raw_window,42,9,207,184,1,9,10,19,0,0.0,0,0.5,
GripLost,rf_19_raw_window,42,9,207,184,1,9,11,20,0,0.0033333333333333335,0,0.5,
GripLost,rf_19_raw_window,42,9,207,184,1,9,12,21,0,0.0033333333333333335,0,0.5,
GripLost,rf_19_raw_window,42,9,207,184,1,9,13,22,0,0.0,0,0.5,
GripLost,rf_19_raw_window,42,9,207,184,1,9,14,23,0,0.006666666666666667,0,0.5,
GripLost,rf_19_raw_window,42,9,208,185,1,9,0,9,1,0.25333333333333335,0,0.5,
GripLost,rf_19_raw_window,42,9,208,185,1,9,1,10,1,0.2633333333333333,0,0.5,
GripLost,rf_19_raw_window,42,9,208,185,1,9,2,11,1,0.61,1,0.5,
GripLost,rf_19_raw_window,42,9,208,185,1,9,3,12,1,0.69,1,0.5,
GripLost,rf_19_raw_window,42,9,208,185,1,9,4,13,1,0.6633333333333333,1,0.5,
GripLost,rf_19_raw_window,42,9,208,185,1,9,5,14,0,0.2,0,0.5,
GripLost,rf_19_raw_window,42,9,208,185,1,9,6,15,1,0.023333333333333334,0,0.5,
GripLost,rf_19_raw_window,42,9,208,185,1,9,7,16,1,0.32666666666666666,0,0.5,
GripLost,rf_19_raw_window,42,9,208,185,1,9,8,17,1,0.3933333333333333,0,0.5,
GripLost,rf_19_raw_window,42,9,208,185,1,9,9,18,1,0.5366666666666666,1,0.5,
GripLost,rf_19_raw_window,42,9,208,185,1,9,10,19,1,0.7133333333333334,1,0.5,
GripLost,rf_19_raw_window,42,9,208,185,1,9,11,20,1,0.69,1,0.5,
GripLost,rf_19_raw_window,42,9,208,185,1,9,12,21,1,0.64,1,0.5,
GripLost,rf_19_raw_window,42,9,208,185,1,9,13,22,1,0.79,1,0.5,
GripLost,rf_19_raw_window,42,9,209,186,1,9,0,9,0,0.08666666666666667,0,0.5,
GripLost,rf_19_raw_window,42,9,209,186,1,9,1,10,0,0.06333333333333334,0,0.5,
GripLost,rf_19_raw_window,42,9,209,186,1,9,2,11,0,0.03333333333333333,0,0.5,
GripLost,rf_19_raw_window,42,9,209,186,1,9,3,12,0,0.07666666666666666,0,0.5,
GripLost,rf_19_raw_window,42,9,209,186,1,9,4,13,0,0.06666666666666667,0,0.5,
GripLost,rf_19_raw_window,42,9,209,186,1,9,5,14,0,0.07,0,0.5,
GripLost,rf_19_raw_window,42,9,209,186,1,9,6,15,0,0.05,0,0.5,
GripLost,rf_19_raw_window,42,9,209,186,1,9,7,16,0,0.08,0,0.5,
GripLost,rf_19_raw_window,42,9,209,186,1,9,8,17,0,0.10333333333333333,0,0.5,
GripLost,rf_19_raw_window,42,9,209,186,1,9,9,18,0,0.12333333333333334,0,0.5,
GripLost,rf_19_raw_window,42,9,209,186,1,9,10,19,0,0.006666666666666667,0,0.5,
GripLost,rf_19_raw_window,42,9,209,186,1,9,11,20,0,0.01,0,0.5,
GripLost,rf_19_raw_window,42,9,209,186,1,9,12,21,0,0.013333333333333334,0,0.5,
GripLost,rf_19_raw_window,42,9,209,186,1,9,13,22,0,0.03,0,0.5,
GripLost,rf_19_raw_window,42,9,209,186,1,9,14,23,0,0.03666666666666667,0,0.5,
GripLost,rf_19_raw_window,42,9,210,187,1,9,0,9,0,0.10666666666666667,0,0.5,
GripLost,rf_19_raw_window,42,9,210,187,1,9,1,10,0,0.06333333333333334,0,0.5,
GripLost,rf_19_raw_window,42,9,210,187,1,9,2,11,0,0.06666666666666667,0,0.5,
GripLost,rf_19_raw_window,42,9,210,187,1,9,3,12,0,0.06,0,0.5,
GripLost,rf_19_raw_window,42,9,210,187,1,9,4,13,0,0.05333333333333334,0,0.5,
GripLost,rf_19_raw_window,42,9,210,187,1,9,5,14,0,0.03666666666666667,0,0.5,
GripLost,rf_19_raw_window,42,9,210,187,1,9,6,15,0,0.006666666666666667,0,0.5,
GripLost,rf_19_raw_window,42,9,210,187,1,9,7,16,0,0.013333333333333334,0,0.5,
GripLost,rf_19_raw_window,42,9,210,187,1,9,8,17,0,0.016666666666666666,0,0.5,
GripLost,rf_19_raw_window,42,9,210,187,1,9,9,18,0,0.013333333333333334,0,0.5,
GripLost,rf_19_raw_window,42,9,210,187,1,9,10,19,0,0.02,0,0.5,
GripLost,rf_19_raw_window,42,9,210,187,1,9,11,20,0,0.02,0,0.5,
GripLost,rf_19_raw_window,42,9,210,187,1,9,12,21,0,0.03,0,0.5,
GripLost,rf_19_raw_window,42,9,210,187,1,9,13,22,0,0.04666666666666667,0,0.5,
GripLost,rf_19_raw_window,42,9,210,187,1,9,14,23,0,0.043333333333333335,0,0.5,
GripLost,rf_19_raw_window,42,9,210,187,1,9,15,24,0,0.03666666666666667,0,0.5,
GripLost,rf_19_raw_window,42,9,210,187,1,9,16,25,0,0.0033333333333333335,0,0.5,
GripLost,rf_19_raw_window,42,9,210,187,1,9,17,26,0,0.16666666666666666,0,0.5,
GripLost,rf_19_raw_window,42,9,210,187,1,9,18,27,0,0.11666666666666667,0,0.5,
GripLost,rf_19_raw_window,42,9,210,187,1,9,19,28,0,0.07666666666666666,0,0.5,
GripLost,rf_19_raw_window,42,9,210,187,1,9,20,29,0,0.07666666666666666,0,0.5,
GripLost,rf_19_raw_window,42,9,210,187,1,9,21,30,0,0.08333333333333333,0,0.5,
GripLost,rf_19_raw_window,42,9,210,187,1,9,22,31,0,0.06666666666666667,0,0.5,
GripLost,rf_19_raw_window,42,9,210,187,1,9,23,32,0,0.22333333333333333,0,0.5,
GripLost,rf_19_raw_window,42,9,210,187,1,9,24,33,0,0.10666666666666667,0,0.5,
GripLost,rf_19_raw_window,42,9,210,187,1,9,25,34,0,0.17666666666666667,0,0.5,
GripLost,rf_19_raw_window,42,9,210,187,1,9,26,35,0,0.25,0,0.5,
GripLost,rf_19_raw_window,42,9,210,187,1,9,27,36,0,0.24,0,0.5,
GripLost,rf_19_raw_window,42,9,210,187,1,9,28,37,0,0.12333333333333334,0,0.5,
GripLost,rf_19_raw_window,42,9,210,187,1,9,29,38,0,0.07,0,0.5,
GripLost,rf_19_raw_window,42,9,210,187,1,9,30,39,0,0.08666666666666667,0,0.5,
GripLost,rf_19_raw_window,42,9,210,187,1,9,31,40,0,0.16,0,0.5,
GripLost,rf_19_raw_window,42,9,210,187,1,9,32,41,0,0.23,0,0.5,
GripLost,rf_19_raw_window,42,9,210,187,1,9,33,42,0,0.056666666666666664,0,0.5,
GripLost,rf_19_raw_window,42,9,210,187,1,9,34,43,0,0.06666666666666667,0,0.5,
GripLost,rf_19_raw_window,42,9,210,187,1,9,35,44,0,0.11333333333333333,0,0.5,
GripLost,rf_19_raw_window,42,9,210,187,1,9,36,45,0,0.25333333333333335,0,0.5,
GripLost,rf_19_raw_window,42,9,210,187,1,9,37,46,0,0.23,0,0.5,
GripLost,rf_19_raw_window,42,9,210,187,1,9,38,47,0,0.31333333333333335,0,0.5,
GripLost,rf_19_raw_window,42,9,210,187,1,9,39,48,0,0.36333333333333334,0,0.5,
GripLost,rf_19_raw_window,42,9,210,187,1,9,40,49,0,0.37333333333333335,0,0.5,
GripLost,rf_19_raw_window,42,9,210,187,1,9,41,50,0,0.44,0,0.5,
GripLost,rf_19_raw_window,42,9,210,187,1,9,42,51,0,0.47,0,0.5,
GripLost,rf_19_raw_window,42,9,210,187,1,9,43,52,0,0.56,1,0.5,
GripLost,rf_19_raw_window,42,9,210,187,1,9,44,53,0,0.26666666666666666,0,0.5,
GripLost,rf_19_raw_window,42,9,210,187,1,9,45,54,0,0.2,0,0.5,
GripLost,rf_19_raw_window,42,9,210,187,1,9,46,55,0,0.043333333333333335,0,0.5,
GripLost,rf_19_raw_window,42,9,210,187,1,9,47,56,0,0.0,0,0.5,
GripLost,rf_19_raw_window,42,9,210,187,1,9,48,57,0,0.0,0,0.5,
GripLost,rf_19_raw_window,42,9,211,188,1,9,0,9,0,0.006666666666666667,0,0.5,
GripLost,rf_19_raw_window,42,9,211,188,1,9,1,10,0,0.0033333333333333335,0,0.5,
GripLost,rf_19_raw_window,42,9,211,188,1,9,2,11,0,0.006666666666666667,0,0.5,
GripLost,rf_19_raw_window,42,9,211,188,1,9,3,12,0,0.01,0,0.5,
GripLost,rf_19_raw_window,42,9,211,188,1,9,4,13,0,0.01,0,0.5,
GripLost,rf_19_raw_window,42,9,211,188,1,9,5,14,0,0.07666666666666666,0,0.5,
GripLost,rf_19_raw_window,42,9,211,188,1,9,6,15,0,0.08333333333333333,0,0.5,
GripLost,rf_19_raw_window,42,9,211,188,1,9,7,16,0,0.10666666666666667,0,0.5,
GripLost,rf_19_raw_window,42,9,211,188,1,9,8,17,0,0.043333333333333335,0,0.5,
GripLost,rf_19_raw_window,42,9,211,188,1,9,9,18,0,0.006666666666666667,0,0.5,
GripLost,rf_19_raw_window,42,9,211,188,1,9,10,19,0,0.0,0,0.5,
GripLost,rf_19_raw_window,42,9,211,188,1,9,11,20,0,0.0,0,0.5,
GripLost,rf_19_raw_window,42,9,211,188,1,9,12,21,0,0.0,0,0.5,
GripLost,rf_19_raw_window,42,9,211,188,1,9,13,22,0,0.0,0,0.5,
GripLost,rf_19_raw_window,42,9,211,188,1,9,14,23,0,0.0,0,0.5,
GripLost,rf_19_raw_window,42,9,212,189,1,9,0,9,0,0.0033333333333333335,0,0.5,
GripLost,rf_19_raw_window,42,9,212,189,1,9,1,10,0,0.006666666666666667,0,0.5,
GripLost,rf_19_raw_window,42,9,212,189,1,9,2,11,0,0.006666666666666667,0,0.5,
GripLost,rf_19_raw_window,42,9,212,189,1,9,3,12,0,0.01,0,0.5,
GripLost,rf_19_raw_window,42,9,212,189,1,9,4,13,0,0.02666666666666667,0,0.5,
GripLost,rf_19_raw_window,42,9,212,189,1,9,5,14,0,0.03,0,0.5,
GripLost,rf_19_raw_window,42,9,212,189,1,9,6,15,0,0.04,0,0.5,
GripLost,rf_19_raw_window,42,9,212,189,1,9,7,16,0,0.03,0,0.5,
GripLost,rf_19_raw_window,42,9,212,189,1,9,8,17,0,0.09,0,0.5,
GripLost,rf_19_raw_window,42,9,212,189,1,9,9,18,0,0.11,0,0.5,
GripLost,rf_19_raw_window,42,9,212,189,1,9,10,19,0,0.15666666666666668,0,0.5,
GripLost,rf_19_raw_window,42,9,212,189,1,9,11,20,0,0.31333333333333335,0,0.5,
GripLost,rf_19_raw_window,42,9,212,189,1,9,12,21,0,0.016666666666666666,0,0.5,
GripLost,rf_19_raw_window,42,9,212,189,1,9,13,22,0,0.02,0,0.5,
GripLost,rf_19_raw_window,42,9,212,189,1,9,14,23,0,0.023333333333333334,0,0.5,
GripLost,rf_19_raw_window,42,9,212,189,1,9,15,24,0,0.01,0,0.5,
GripLost,rf_19_raw_window,42,9,212,189,1,9,16,25,0,0.01,0,0.5,
GripLost,rf_19_raw_window,42,9,212,189,1,9,17,26,0,0.01,0,0.5,
GripLost,rf_19_raw_window,42,9,212,189,1,9,18,27,0,0.0,0,0.5,
GripLost,rf_19_raw_window,42,9,213,190,1,9,0,9,0,0.006666666666666667,0,0.5,
GripLost,rf_19_raw_window,42,9,213,190,1,9,1,10,0,0.006666666666666667,0,0.5,
GripLost,rf_19_raw_window,42,9,213,190,1,9,2,11,0,0.04,0,0.5,
GripLost,rf_19_raw_window,42,9,213,190,1,9,3,12,0,0.013333333333333334,0,0.5,
GripLost,rf_19_raw_window,42,9,213,190,1,9,4,13,0,0.12333333333333334,0,0.5,
GripLost,rf_19_raw_window,42,9,213,190,1,9,5,14,0,0.12666666666666668,0,0.5,
GripLost,rf_19_raw_window,42,9,213,190,1,9,6,15,0,0.08,0,0.5,
GripLost,rf_19_raw_window,42,9,213,190,1,9,7,16,0,0.13,0,0.5,
GripLost,rf_19_raw_window,42,9,213,190,1,9,8,17,0,0.023333333333333334,0,0.5,
GripLost,rf_19_raw_window,42,9,213,190,1,9,9,18,0,0.01,0,0.5,
GripLost,rf_19_raw_window,42,9,213,190,1,9,10,19,0,0.0033333333333333335,0,0.5,
GripLost,rf_19_raw_window,42,9,213,190,1,9,11,20,0,0.0033333333333333335,0,0.5,
GripLost,rf_19_raw_window,42,9,213,190,1,9,12,21,0,0.0033333333333333335,0,0.5,
GripLost,rf_19_raw_window,42,9,213,190,1,9,13,22,0,0.01,0,0.5,
GripLost,rf_19_raw_window,42,9,213,190,1,9,14,23,0,0.01,0,0.5,
GripLost,rf_19_raw_window,42,9,214,191,1,9,0,9,0,0.0033333333333333335,0,0.5,
GripLost,rf_19_raw_window,42,9,214,191,1,9,1,10,0,0.0033333333333333335,0,0.5,
GripLost,rf_19_raw_window,42,9,214,191,1,9,2,11,0,0.0033333333333333335,0,0.5,
GripLost,rf_19_raw_window,42,9,214,191,1,9,3,12,0,0.006666666666666667,0,0.5,
GripLost,rf_19_raw_window,42,9,214,191,1,9,4,13,0,0.006666666666666667,0,0.5,
GripLost,rf_19_raw_window,42,9,214,191,1,9,5,14,0,0.013333333333333334,0,0.5,
GripLost,rf_19_raw_window,42,9,214,191,1,9,6,15,0,0.006666666666666667,0,0.5,
GripLost,rf_19_raw_window,42,9,214,191,1,9,7,16,0,0.006666666666666667,0,0.5,
GripLost,rf_19_raw_window,42,9,214,191,1,9,8,17,0,0.006666666666666667,0,0.5,
GripLost,rf_19_raw_window,42,9,214,191,1,9,9,18,0,0.01,0,0.5,
GripLost,rf_19_raw_window,42,9,214,191,1,9,10,19,0,0.006666666666666667,0,0.5,
GripLost,rf_19_raw_window,42,9,214,191,1,9,11,20,0,0.023333333333333334,0,0.5,
GripLost,rf_19_raw_window,42,9,214,191,1,9,12,21,0,0.07666666666666666,0,0.5,
GripLost,rf_19_raw_window,42,9,214,191,1,9,13,22,0,0.03,0,0.5,
GripLost,rf_19_raw_window,42,9,214,191,1,9,14,23,0,0.03666666666666667,0,0.5,
GripLost,rf_19_raw_window,42,9,214,191,1,9,15,24,0,0.056666666666666664,0,0.5,
GripLost,rf_19_raw_window,42,9,214,191,1,9,16,25,0,0.21666666666666667,0,0.5,
GripLost,rf_19_raw_window,42,9,214,191,1,9,17,26,0,0.12333333333333334,0,0.5,
GripLost,rf_19_raw_window,42,9,214,191,1,9,18,27,0,0.18333333333333332,0,0.5,
GripLost,rf_19_raw_window,42,9,214,191,1,9,19,28,0,0.14333333333333334,0,0.5,
GripLost,rf_19_raw_window,42,9,214,191,1,9,20,29,0,0.12,0,0.5,
GripLost,rf_19_raw_window,42,9,214,191,1,9,21,30,0,0.07,0,0.5,
GripLost,rf_19_raw_window,42,9,214,191,1,9,22,31,0,0.08,0,0.5,
GripLost,rf_19_raw_window,42,9,214,191,1,9,23,32,0,0.06666666666666667,0,0.5,
GripLost,rf_19_raw_window,42,9,214,191,1,9,24,33,0,0.14,0,0.5,
GripLost,rf_19_raw_window,42,9,214,191,1,9,25,34,0,0.44666666666666666,0,0.5,
GripLost,rf_19_raw_window,42,9,214,191,1,9,26,35,0,0.48,0,0.5,
GripLost,rf_19_raw_window,42,9,214,191,1,9,27,36,1,0.5333333333333333,1,0.5,
GripLost,rf_19_raw_window,42,9,214,191,1,9,28,37,1,0.69,1,0.5,
GripLost,rf_19_raw_window,42,9,214,191,1,9,29,38,1,0.76,1,0.5,
GripLost,rf_19_raw_window,42,9,214,191,1,9,30,39,1,0.9266666666666666,1,0.5,
GripLost,rf_19_raw_window,42,9,214,191,1,9,31,40,1,0.9366666666666666,1,0.5,
GripLost,rf_19_raw_window,42,9,214,191,1,9,32,41,1,0.9333333333333333,1,0.5,
GripLost,rf_19_raw_window,42,9,214,191,1,9,33,42,1,0.8866666666666667,1,0.5,
GripLost,rf_19_raw_window,42,9,214,191,1,9,34,43,1,0.8233333333333334,1,0.5,
GripLost,rf_19_raw_window,42,9,214,191,1,9,35,44,1,0.89,1,0.5,
GripLost,rf_19_raw_window,42,9,214,191,1,9,36,45,1,0.8466666666666667,1,0.5,
GripLost,rf_19_raw_window,42,9,214,191,1,9,37,46,0,0.3566666666666667,0,0.5,
GripLost,rf_19_raw_window,42,9,214,191,1,9,38,47,0,0.18333333333333332,0,0.5,
GripLost,rf_19_raw_window,42,9,214,191,1,9,39,48,0,0.0033333333333333335,0,0.5,
GripLost,rf_19_raw_window,42,9,215,192,1,9,0,9,0,0.013333333333333334,0,0.5,
GripLost,rf_19_raw_window,42,9,215,192,1,9,1,10,0,0.03,0,0.5,
GripLost,rf_19_raw_window,42,9,215,192,1,9,2,11,0,0.02,0,0.5,
GripLost,rf_19_raw_window,42,9,215,192,1,9,3,12,0,0.01,0,0.5,
GripLost,rf_19_raw_window,42,9,215,192,1,9,4,13,0,0.07666666666666666,0,0.5,
GripLost,rf_19_raw_window,42,9,215,192,1,9,5,14,0,0.08333333333333333,0,0.5,
GripLost,rf_19_raw_window,42,9,215,192,1,9,6,15,0,0.04,0,0.5,
GripLost,rf_19_raw_window,42,9,215,192,1,9,7,16,0,0.16333333333333333,0,0.5,
GripLost,rf_19_raw_window,42,9,215,192,1,9,8,17,0,0.03333333333333333,0,0.5,
GripLost,rf_19_raw_window,42,9,215,192,1,9,9,18,0,0.03,0,0.5,
GripLost,rf_19_raw_window,42,9,215,192,1,9,10,19,0,0.016666666666666666,0,0.5,
GripLost,rf_19_raw_window,42,9,215,192,1,9,11,20,0,0.006666666666666667,0,0.5,
GripLost,rf_19_raw_window,42,9,215,192,1,9,12,21,0,0.0,0,0.5,
GripLost,rf_19_raw_window,42,9,215,192,1,9,13,22,0,0.0,0,0.5,
GripLost,rf_19_raw_window,42,9,215,192,1,9,14,23,0,0.006666666666666667,0,0.5,
GripLost,rf_19_raw_window,42,9,215,192,1,9,15,24,0,0.0033333333333333335,0,0.5,
GripLost,rf_19_raw_window,42,9,215,192,1,9,16,25,0,0.0033333333333333335,0,0.5,
GripLost,rf_19_raw_window,42,9,215,192,1,9,17,26,0,0.0033333333333333335,0,0.5,
GripLost,rf_19_raw_window,42,9,215,192,1,9,18,27,0,0.0,0,0.5,
GripLost,rf_19_raw_window,42,9,215,192,1,9,19,28,0,0.01,0,0.5,
GripLost,rf_19_raw_window,42,9,215,192,1,9,20,29,0,0.013333333333333334,0,0.5,
GripLost,rf_19_raw_window,42,9,215,192,1,9,21,30,0,0.016666666666666666,0,0.5,
GripLost,rf_19_raw_window,42,9,215,192,1,9,22,31,0,0.05333333333333334,0,0.5,
GripLost,rf_19_raw_window,42,9,215,192,1,9,23,32,0,0.21333333333333335,0,0.5,
GripLost,rf_19_raw_window,42,9,215,192,1,9,24,33,0,0.27,0,0.5,
GripLost,rf_19_raw_window,42,9,215,192,1,9,25,34,0,0.27,0,0.5,
GripLost,rf_19_raw_window,42,9,215,192,1,9,26,35,0,0.2866666666666667,0,0.5,
GripLost,rf_19_raw_window,42,9,215,192,1,9,27,36,0,0.25333333333333335,0,0.5,
GripLost,rf_19_raw_window,42,9,215,192,1,9,28,37,0,0.27,0,0.5,
GripLost,rf_19_raw_window,42,9,215,192,1,9,29,38,0,0.24,0,0.5,
GripLost,rf_19_raw_window,42,9,215,192,1,9,30,39,0,0.22,0,0.5,
GripLost,rf_19_raw_window,42,9,216,193,1,9,0,9,1,0.5133333333333333,1,0.5,
GripLost,rf_19_raw_window,42,9,216,193,1,9,1,10,1,0.44,0,0.5,
GripLost,rf_19_raw_window,42,9,216,193,1,9,2,11,1,0.59,1,0.5,
GripLost,rf_19_raw_window,42,9,216,193,1,9,3,12,1,0.48,0,0.5,
GripLost,rf_19_raw_window,42,9,216,193,1,9,4,13,1,0.5166666666666667,1,0.5,
GripLost,rf_19_raw_window,42,9,216,193,1,9,5,14,1,0.25,0,0.5,
GripLost,rf_19_raw_window,42,9,216,193,1,9,6,15,0,0.24333333333333335,0,0.5,
GripLost,rf_19_raw_window,42,9,216,193,1,9,7,16,1,0.29,0,0.5,
GripLost,rf_19_raw_window,42,9,216,193,1,9,8,17,1,0.18666666666666668,0,0.5,
GripLost,rf_19_raw_window,42,9,216,193,1,9,9,18,1,0.25,0,0.5,
GripLost,rf_19_raw_window,42,9,216,193,1,9,10,19,1,0.19,0,0.5,
GripLost,rf_19_raw_window,42,9,216,193,1,9,11,20,1,0.12666666666666668,0,0.5,
GripLost,rf_19_raw_window,42,9,216,193,1,9,12,21,1,0.10666666666666667,0,0.5,
GripLost,rf_19_raw_window,42,9,216,193,1,9,13,22,1,0.11,0,0.5,
GripLost,rf_19_raw_window,42,9,216,193,1,9,14,23,1,0.12666666666666668,0,0.5,
GripLost,rf_19_raw_window,42,9,216,193,1,9,15,24,1,0.11666666666666667,0,0.5,
GripLost,rf_19_raw_window,42,9,217,194,1,9,0,9,0,0.05333333333333334,0,0.5,
GripLost,rf_19_raw_window,42,9,217,194,1,9,1,10,0,0.10333333333333333,0,0.5,
GripLost,rf_19_raw_window,42,9,217,194,1,9,2,11,0,0.023333333333333334,0,0.5,
GripLost,rf_19_raw_window,42,9,217,194,1,9,3,12,0,0.02,0,0.5,
GripLost,rf_19_raw_window,42,9,217,194,1,9,4,13,0,0.05333333333333334,0,0.5,
GripLost,rf_19_raw_window,42,9,217,194,1,9,5,14,0,0.056666666666666664,0,0.5,
GripLost,rf_19_raw_window,42,9,217,194,1,9,6,15,0,0.12,0,0.5,
GripLost,rf_19_raw_window,42,9,217,194,1,9,7,16,0,0.043333333333333335,0,0.5,
GripLost,rf_19_raw_window,42,9,217,194,1,9,8,17,0,0.056666666666666664,0,0.5,
GripLost,rf_19_raw_window,42,9,217,194,1,9,9,18,0,0.11,0,0.5,
GripLost,rf_19_raw_window,42,9,217,194,1,9,10,19,0,0.13666666666666666,0,0.5,
GripLost,rf_19_raw_window,42,9,217,194,1,9,11,20,0,0.06666666666666667,0,0.5,
GripLost,rf_19_raw_window,42,9,217,194,1,9,12,21,0,0.04666666666666667,0,0.5,
GripLost,rf_19_raw_window,42,9,217,194,1,9,13,22,0,0.056666666666666664,0,0.5,
GripLost,rf_19_raw_window,42,9,217,194,1,9,14,23,0,0.056666666666666664,0,0.5,
GripLost,rf_19_raw_window,42,9,217,194,1,9,15,24,0,0.056666666666666664,0,0.5,
GripLost,rf_19_raw_window,42,9,217,194,1,9,16,25,0,0.056666666666666664,0,0.5,
GripLost,rf_19_raw_window,42,9,218,195,1,9,0,9,0,0.016666666666666666,0,0.5,
GripLost,rf_19_raw_window,42,9,218,195,1,9,1,10,0,0.016666666666666666,0,0.5,
GripLost,rf_19_raw_window,42,9,218,195,1,9,2,11,0,0.023333333333333334,0,0.5,
GripLost,rf_19_raw_window,42,9,218,195,1,9,3,12,0,0.006666666666666667,0,0.5,
GripLost,rf_19_raw_window,42,9,218,195,1,9,4,13,0,0.01,0,0.5,
GripLost,rf_19_raw_window,42,9,218,195,1,9,5,14,0,0.006666666666666667,0,0.5,
GripLost,rf_19_raw_window,42,9,218,195,1,9,6,15,0,0.043333333333333335,0,0.5,
GripLost,rf_19_raw_window,42,9,218,195,1,9,7,16,0,0.5266666666666666,1,0.5,
GripLost,rf_19_raw_window,42,9,218,195,1,9,8,17,0,0.31,0,0.5,
GripLost,rf_19_raw_window,42,9,218,195,1,9,9,18,0,0.16333333333333333,0,0.5,
GripLost,rf_19_raw_window,42,9,218,195,1,9,10,19,0,0.31333333333333335,0,0.5,
GripLost,rf_19_raw_window,42,9,218,195,1,9,11,20,0,0.06,0,0.5,
GripLost,rf_19_raw_window,42,9,218,195,1,9,12,21,0,0.013333333333333334,0,0.5,
GripLost,rf_19_raw_window,42,9,218,195,1,9,13,22,0,0.016666666666666666,0,0.5,
GripLost,rf_19_raw_window,42,9,218,195,1,9,14,23,0,0.006666666666666667,0,0.5,
GripLost,rf_19_raw_window,42,9,218,195,1,9,15,24,0,0.0033333333333333335,0,0.5,
GripLost,rf_19_raw_window,42,9,218,195,1,9,16,25,0,0.0033333333333333335,0,0.5,
GripLost,rf_19_raw_window,42,9,218,195,1,9,17,26,0,0.0033333333333333335,0,0.5,
GripLost,rf_19_raw_window,42,9,219,196,1,9,0,9,0,0.07333333333333333,0,0.5,
GripLost,rf_19_raw_window,42,9,219,196,1,9,1,10,0,0.056666666666666664,0,0.5,
GripLost,rf_19_raw_window,42,9,219,196,1,9,2,11,1,0.056666666666666664,0,0.5,
GripLost,rf_19_raw_window,42,9,219,196,1,9,3,12,1,0.12333333333333334,0,0.5,
GripLost,rf_19_raw_window,42,9,219,196,1,9,4,13,1,0.21333333333333335,0,0.5,
GripLost,rf_19_raw_window,42,9,219,196,1,9,5,14,1,0.27,0,0.5,
GripLost,rf_19_raw_window,42,9,219,196,1,9,6,15,1,0.31666666666666665,0,0.5,
GripLost,rf_19_raw_window,42,9,219,196,1,9,7,16,1,0.43333333333333335,0,0.5,
GripLost,rf_19_raw_window,42,9,219,196,1,9,8,17,1,0.6333333333333333,1,0.5,
GripLost,rf_19_raw_window,42,9,219,196,1,9,9,18,1,0.6566666666666666,1,0.5,
GripLost,rf_19_raw_window,42,9,219,196,1,9,10,19,1,0.7333333333333333,1,0.5,
GripLost,rf_19_raw_window,42,9,219,196,1,9,11,20,1,0.6066666666666667,1,0.5,
GripLost,rf_19_raw_window,42,9,219,196,1,9,12,21,1,0.6166666666666667,1,0.5,
GripLost,rf_19_raw_window,42,9,219,196,1,9,13,22,0,0.27,0,0.5,
GripLost,rf_19_raw_window,42,9,219,196,1,9,14,23,0,0.13,0,0.5,
GripLost,rf_19_raw_window,42,9,219,196,1,9,15,24,1,0.3233333333333333,0,0.5,
GripLost,rf_19_raw_window,42,9,219,196,1,9,16,25,1,0.4066666666666667,0,0.5,
GripLost,rf_19_raw_window,42,9,219,196,1,9,17,26,1,0.07333333333333333,0,0.5,
GripLost,rf_19_raw_window,42,9,219,196,1,9,18,27,1,0.05,0,0.5,
GripLost,rf_19_raw_window,42,9,219,196,1,9,19,28,1,0.04,0,0.5,
GripLost,rf_19_raw_window,42,9,219,196,1,9,20,29,1,0.016666666666666666,0,0.5,
GripLost,rf_19_raw_window,42,9,219,196,1,9,21,30,1,0.023333333333333334,0,0.5,
GripLost,rf_19_raw_window,42,9,219,196,1,9,22,31,1,0.03,0,0.5,
GripLost,rf_19_raw_window,42,9,220,197,1,9,0,9,0,0.03,0,0.5,
GripLost,rf_19_raw_window,42,9,220,197,1,9,1,10,0,0.016666666666666666,0,0.5,
GripLost,rf_19_raw_window,42,9,220,197,1,9,2,11,0,0.03333333333333333,0,0.5,
GripLost,rf_19_raw_window,42,9,220,197,1,9,3,12,0,0.023333333333333334,0,0.5,
GripLost,rf_19_raw_window,42,9,220,197,1,9,4,13,0,0.056666666666666664,0,0.5,
GripLost,rf_19_raw_window,42,9,220,197,1,9,5,14,0,0.06666666666666667,0,0.5,
GripLost,rf_19_raw_window,42,9,220,197,1,9,6,15,0,0.04,0,0.5,
GripLost,rf_19_raw_window,42,9,220,197,1,9,7,16,0,0.05,0,0.5,
GripLost,rf_19_raw_window,42,9,220,197,1,9,8,17,0,0.12666666666666668,0,0.5,
GripLost,rf_19_raw_window,42,9,220,197,1,9,9,18,0,0.11,0,0.5,
GripLost,rf_19_raw_window,42,9,220,197,1,9,10,19,0,0.04666666666666667,0,0.5,
GripLost,rf_19_raw_window,42,9,220,197,1,9,11,20,0,0.043333333333333335,0,0.5,
GripLost,rf_19_raw_window,42,9,220,197,1,9,12,21,0,0.02666666666666667,0,0.5,
GripLost,rf_19_raw_window,42,9,220,197,1,9,13,22,0,0.04666666666666667,0,0.5,
GripLost,rf_19_raw_window,42,9,220,197,1,9,14,23,0,0.05,0,0.5,
GripLost,rf_19_raw_window,42,9,220,197,1,9,15,24,0,0.04,0,0.5,
GripLost,rf_19_raw_window,42,9,220,197,1,9,16,25,0,0.03,0,0.5,
GripLost,rf_19_raw_window,42,9,220,197,1,9,17,26,0,0.03666666666666667,0,0.5,
GripLost,rf_19_raw_window,42,9,220,197,1,9,18,27,0,0.03666666666666667,0,0.5,
GripLost,rf_19_raw_window,42,9,220,197,1,9,19,28,0,0.02,0,0.5,
GripLost,rf_19_raw_window,42,9,220,197,1,9,20,29,0,0.06,0,0.5,
GripLost,rf_19_raw_window,42,9,220,197,1,9,21,30,0,0.09333333333333334,0,0.5,
GripLost,rf_19_raw_window,42,9,220,197,1,9,22,31,0,0.12,0,0.5,
GripLost,rf_19_raw_window,42,9,220,197,1,9,23,32,0,0.16333333333333333,0,0.5,
GripLost,rf_19_raw_window,42,9,220,197,1,9,24,33,0,0.19,0,0.5,
GripLost,rf_19_raw_window,42,9,220,197,1,9,25,34,0,0.16333333333333333,0,0.5,
GripLost,rf_19_raw_window,42,9,220,197,1,9,26,35,0,0.14333333333333334,0,0.5,
GripLost,rf_19_raw_window,42,9,220,197,1,9,27,36,0,0.14666666666666667,0,0.5,
GripLost,rf_19_raw_window,42,9,220,197,1,9,28,37,0,0.14333333333333334,0,0.5,
GripLost,rf_19_raw_window,42,9,220,197,1,9,29,38,0,0.2833333333333333,0,0.5,
GripLost,rf_19_raw_window,42,9,220,197,1,9,30,39,0,0.22,0,0.5,
GripLost,rf_19_raw_window,42,9,220,197,1,9,31,40,0,0.38,0,0.5,
GripLost,rf_19_raw_window,42,9,221,198,1,9,0,9,1,0.45666666666666667,0,0.5,
GripLost,rf_19_raw_window,42,9,221,198,1,9,1,10,1,0.4633333333333333,0,0.5,
GripLost,rf_19_raw_window,42,9,221,198,1,9,2,11,0,0.19,0,0.5,
GripLost,rf_19_raw_window,42,9,221,198,1,9,3,12,0,0.17,0,0.5,
GripLost,rf_19_raw_window,42,9,221,198,1,9,4,13,1,0.16333333333333333,0,0.5,
GripLost,rf_19_raw_window,42,9,221,198,1,9,5,14,1,0.016666666666666666,0,0.5,
GripLost,rf_19_raw_window,42,9,221,198,1,9,6,15,1,0.013333333333333334,0,0.5,
GripLost,rf_19_raw_window,42,9,221,198,1,9,7,16,1,0.006666666666666667,0,0.5,
GripLost,rf_19_raw_window,42,9,221,198,1,9,8,17,1,0.01,0,0.5,
GripLost,rf_19_raw_window,42,9,221,198,1,9,9,18,1,0.0033333333333333335,0,0.5,
GripLost,rf_19_raw_window,42,9,221,198,1,9,10,19,1,0.006666666666666667,0,0.5,
GripLost,rf_19_raw_window,42,9,221,198,1,9,11,20,1,0.006666666666666667,0,0.5,
GripLost,rf_19_raw_window,42,9,221,198,1,9,12,21,1,0.013333333333333334,0,0.5,
GripLost,rf_19_raw_window,42,9,221,198,1,9,13,22,1,0.02666666666666667,0,0.5,
GripLost,rf_19_raw_window,42,9,221,198,1,9,14,23,1,0.023333333333333334,0,0.5,
GripLost,rf_19_raw_window,42,9,221,198,1,9,15,24,1,0.08333333333333333,0,0.5,
GripLost,rf_19_raw_window,42,9,221,198,1,9,16,25,1,0.08,0,0.5,
GripLost,rf_19_raw_window,42,9,221,198,1,9,17,26,1,0.7133333333333334,1,0.5,
GripLost,rf_19_raw_window,42,9,221,198,1,9,18,27,1,0.74,1,0.5,
GripLost,rf_19_raw_window,42,9,222,199,1,9,0,9,0,0.0,0,0.5,
GripLost,rf_19_raw_window,42,9,222,199,1,9,1,10,0,0.0033333333333333335,0,0.5,
GripLost,rf_19_raw_window,42,9,222,199,1,9,2,11,0,0.006666666666666667,0,0.5,
GripLost,rf_19_raw_window,42,9,222,199,1,9,3,12,0,0.0,0,0.5,
GripLost,rf_19_raw_window,42,9,222,199,1,9,4,13,0,0.0,0,0.5,
GripLost,rf_19_raw_window,42,9,222,199,1,9,5,14,0,0.0,0,0.5,
GripLost,rf_19_raw_window,42,9,222,199,1,9,6,15,0,0.06666666666666667,0,0.5,
GripLost,rf_19_raw_window,42,9,222,199,1,9,7,16,0,0.023333333333333334,0,0.5,
GripLost,rf_19_raw_window,42,9,222,199,1,9,8,17,0,0.5433333333333333,1,0.5,
GripLost,rf_19_raw_window,42,9,222,199,1,9,9,18,0,0.09666666666666666,0,0.5,
GripLost,rf_19_raw_window,42,9,222,199,1,9,10,19,0,0.43333333333333335,0,0.5,
GripLost,rf_19_raw_window,42,9,222,199,1,9,11,20,0,0.26666666666666666,0,0.5,
GripLost,rf_19_raw_window,42,9,222,199,1,9,12,21,0,0.20333333333333334,0,0.5,
GripLost,rf_19_raw_window,42,9,222,199,1,9,13,22,0,0.04666666666666667,0,0.5,
GripLost,rf_19_raw_window,42,9,222,199,1,9,14,23,0,0.043333333333333335,0,0.5,
GripLost,rf_19_raw_window,42,9,222,199,1,9,15,24,0,0.03666666666666667,0,0.5,
GripLost,rf_19_raw_window,42,9,222,199,1,9,16,25,0,0.03333333333333333,0,0.5,
GripLost,rf_19_raw_window,42,9,222,199,1,9,17,26,0,0.05333333333333334,0,0.5,
GripLost,rf_19_raw_window,42,9,223,200,1,9,0,9,0,0.006666666666666667,0,0.5,
GripLost,rf_19_raw_window,42,9,223,200,1,9,1,10,0,0.0033333333333333335,0,0.5,
GripLost,rf_19_raw_window,42,9,223,200,1,9,2,11,0,0.0033333333333333335,0,0.5,
GripLost,rf_19_raw_window,42,9,223,200,1,9,3,12,0,0.0,0,0.5,
GripLost,rf_19_raw_window,42,9,223,200,1,9,4,13,0,0.0033333333333333335,0,0.5,
GripLost,rf_19_raw_window,42,9,223,200,1,9,5,14,0,0.0033333333333333335,0,0.5,
GripLost,rf_19_raw_window,42,9,223,200,1,9,6,15,0,0.0033333333333333335,0,0.5,
GripLost,rf_19_raw_window,42,9,223,200,1,9,7,16,0,0.0033333333333333335,0,0.5,
GripLost,rf_19_raw_window,42,9,223,200,1,9,8,17,0,0.056666666666666664,0,0.5,
GripLost,rf_19_raw_window,42,9,223,200,1,9,9,18,0,0.10333333333333333,0,0.5,
GripLost,rf_19_raw_window,42,9,223,200,1,9,10,19,0,0.03666666666666667,0,0.5,
GripLost,rf_19_raw_window,42,9,223,200,1,9,11,20,0,0.14333333333333334,0,0.5,
GripLost,rf_19_raw_window,42,9,223,200,1,9,12,21,0,0.08333333333333333,0,0.5,
GripLost,rf_19_raw_window,42,9,223,200,1,9,13,22,0,0.02,0,0.5,
GripLost,rf_19_raw_window,42,9,223,200,1,9,14,23,0,0.016666666666666666,0,0.5,
GripLost,rf_19_raw_window,42,9,223,200,1,9,15,24,0,0.02,0,0.5,
GripLost,rf_19_raw_window,42,9,223,200,1,9,16,25,0,0.013333333333333334,0,0.5,
GripLost,rf_19_raw_window,42,9,223,200,1,9,17,26,0,0.01,0,0.5,
GripLost,rf_19_raw_window,42,9,223,200,1,9,18,27,0,0.013333333333333334,0,0.5,
GripLost,rf_19_raw_window,42,9,224,201,1,9,0,9,0,0.0033333333333333335,0,0.5,
GripLost,rf_19_raw_window,42,9,224,201,1,9,1,10,0,0.0033333333333333335,0,0.5,
GripLost,rf_19_raw_window,42,9,224,201,1,9,2,11,0,0.0,0,0.5,
GripLost,rf_19_raw_window,42,9,224,201,1,9,3,12,0,0.0,0,0.5,
GripLost,rf_19_raw_window,42,9,224,201,1,9,4,13,0,0.0,0,0.5,
GripLost,rf_19_raw_window,42,9,224,201,1,9,5,14,0,0.0,0,0.5,
GripLost,rf_19_raw_window,42,9,224,201,1,9,6,15,0,0.006666666666666667,0,0.5,
GripLost,rf_19_raw_window,42,9,224,201,1,9,7,16,0,0.0033333333333333335,0,0.5,
GripLost,rf_19_raw_window,42,9,224,201,1,9,8,17,0,0.006666666666666667,0,0.5,
GripLost,rf_19_raw_window,42,9,224,201,1,9,9,18,0,0.07333333333333333,0,0.5,
GripLost,rf_19_raw_window,42,9,224,201,1,9,10,19,0,0.05,0,0.5,
GripLost,rf_19_raw_window,42,9,224,201,1,9,11,20,0,0.1,0,0.5,
GripLost,rf_19_raw_window,42,9,224,201,1,9,12,21,0,0.013333333333333334,0,0.5,
GripLost,rf_19_raw_window,42,9,224,201,1,9,13,22,0,0.0033333333333333335,0,0.5,
GripLost,rf_19_raw_window,42,9,224,201,1,9,14,23,0,0.0033333333333333335,0,0.5,
GripLost,rf_19_raw_window,42,9,224,201,1,9,15,24,0,0.0033333333333333335,0,0.5,
GripLost,rf_19_raw_window,42,9,224,201,1,9,16,25,0,0.0,0,0.5,
GripLost,rf_19_raw_window,42,9,224,201,1,9,17,26,0,0.0033333333333333335,0,0.5,
GripLost,rf_19_raw_window,42,9,224,201,1,9,18,27,0,0.0,0,0.5,
GripLost,rf_19_raw_window,42,9,225,202,1,9,0,9,0,0.0033333333333333335,0,0.5,
GripLost,rf_19_raw_window,42,9,225,202,1,9,1,10,0,0.0033333333333333335,0,0.5,
GripLost,rf_19_raw_window,42,9,225,202,1,9,2,11,0,0.0,0,0.5,
GripLost,rf_19_raw_window,42,9,225,202,1,9,3,12,0,0.0,0,0.5,
GripLost,rf_19_raw_window,42,9,225,202,1,9,4,13,0,0.0,0,0.5,
GripLost,rf_19_raw_window,42,9,225,202,1,9,5,14,0,0.0,0,0.5,
GripLost,rf_19_raw_window,42,9,225,202,1,9,6,15,0,0.0033333333333333335,0,0.5,
GripLost,rf_19_raw_window,42,9,225,202,1,9,7,16,0,0.013333333333333334,0,0.5,
GripLost,rf_19_raw_window,42,9,225,202,1,9,8,17,0,0.0,0,0.5,
GripLost,rf_19_raw_window,42,9,225,202,1,9,9,18,0,0.006666666666666667,0,0.5,
GripLost,rf_19_raw_window,42,9,225,202,1,9,10,19,0,0.08333333333333333,0,0.5,
GripLost,rf_19_raw_window,42,9,225,202,1,9,11,20,0,0.18,0,0.5,
GripLost,rf_19_raw_window,42,9,225,202,1,9,12,21,0,0.08333333333333333,0,0.5,
GripLost,rf_19_raw_window,42,9,225,202,1,9,13,22,0,0.09333333333333334,0,0.5,
GripLost,rf_19_raw_window,42,9,225,202,1,9,14,23,0,0.02666666666666667,0,0.5,
GripLost,rf_19_raw_window,42,9,225,202,1,9,15,24,0,0.023333333333333334,0,0.5,
GripLost,rf_19_raw_window,42,9,225,202,1,9,16,25,0,0.013333333333333334,0,0.5,
GripLost,rf_19_raw_window,42,9,225,202,1,9,17,26,0,0.02666666666666667,0,0.5,
GripLost,rf_19_raw_window,42,9,225,202,1,9,18,27,0,0.02666666666666667,0,0.5,
GripLost,rf_19_raw_window,42,9,224,210,2,9,0,9,0,0.006666666666666667,0,0.5,
GripLost,rf_19_raw_window,42,9,224,210,2,9,1,10,0,0.006666666666666667,0,0.5,
GripLost,rf_19_raw_window,42,9,224,210,2,9,2,11,0,0.013333333333333334,0,0.5,
GripLost,rf_19_raw_window,42,9,224,210,2,9,3,12,0,0.0033333333333333335,0,0.5,
GripLost,rf_19_raw_window,42,9,224,210,2,9,4,13,0,0.0033333333333333335,0,0.5,
GripLost,rf_19_raw_window,42,9,224,210,2,9,5,14,0,0.01,0,0.5,
GripLost,rf_19_raw_window,42,9,224,210,2,9,6,15,0,0.02666666666666667,0,0.5,
GripLost,rf_19_raw_window,42,9,224,210,2,9,7,16,0,0.023333333333333334,0,0.5,
GripLost,rf_19_raw_window,42,9,224,210,2,9,8,17,0,0.023333333333333334,0,0.5,
GripLost,rf_19_raw_window,42,9,224,210,2,9,9,18,0,0.04,0,0.5,
GripLost,rf_19_raw_window,42,9,224,210,2,9,10,19,0,0.08,0,0.5,
GripLost,rf_19_raw_window,42,9,224,210,2,9,11,20,0,0.06,0,0.5,
GripLost,rf_19_raw_window,42,9,224,210,2,9,12,21,0,0.07666666666666666,0,0.5,
GripLost,rf_19_raw_window,42,9,224,210,2,9,13,22,0,0.08333333333333333,0,0.5,
GripLost,rf_19_raw_window,42,9,224,210,2,9,14,23,0,0.023333333333333334,0,0.5,
GripLost,rf_19_raw_window,42,9,224,210,2,9,15,24,0,0.03333333333333333,0,0.5,
GripLost,rf_19_raw_window,42,10,226,203,1,10,0,9,0,0.08666666666666667,0,0.5,
GripLost,rf_19_raw_window,42,10,226,203,1,10,1,10,0,0.07,0,0.5,
GripLost,rf_19_raw_window,42,10,226,203,1,10,2,11,0,0.07,0,0.5,
GripLost,rf_19_raw_window,42,10,226,203,1,10,3,12,0,0.07666666666666666,0,0.5,
GripLost,rf_19_raw_window,42,10,226,203,1,10,4,13,0,0.01,0,0.5,
GripLost,rf_19_raw_window,42,10,226,203,1,10,5,14,0,0.006666666666666667,0,0.5,
GripLost,rf_19_raw_window,42,10,226,203,1,10,6,15,0,0.016666666666666666,0,0.5,
GripLost,rf_19_raw_window,42,10,226,203,1,10,7,16,0,0.03666666666666667,0,0.5,
GripLost,rf_19_raw_window,42,10,226,203,1,10,8,17,0,0.04,0,0.5,
GripLost,rf_19_raw_window,42,10,226,203,1,10,9,18,0,0.043333333333333335,0,0.5,
GripLost,rf_19_raw_window,42,10,226,203,1,10,10,19,0,0.06666666666666667,0,0.5,
GripLost,rf_19_raw_window,42,10,226,203,1,10,11,20,0,0.18,0,0.5,
GripLost,rf_19_raw_window,42,10,226,203,1,10,12,21,0,0.08666666666666667,0,0.5,
GripLost,rf_19_raw_window,42,10,226,203,1,10,13,22,0,0.12666666666666668,0,0.5,
GripLost,rf_19_raw_window,42,10,226,203,1,10,14,23,0,0.09333333333333334,0,0.5,
GripLost,rf_19_raw_window,42,10,226,203,1,10,15,24,0,0.12,0,0.5,
GripLost,rf_19_raw_window,42,10,226,203,1,10,16,25,0,0.1,0,0.5,
GripLost,rf_19_raw_window,42,10,226,203,1,10,17,26,0,0.08666666666666667,0,0.5,
GripLost,rf_19_raw_window,42,10,226,203,1,10,18,27,0,0.07,0,0.5,
GripLost,rf_19_raw_window,42,10,227,204,1,10,0,9,0,0.05,0,0.5,
GripLost,rf_19_raw_window,42,10,227,204,1,10,1,10,0,0.04,0,0.5,
GripLost,rf_19_raw_window,42,10,227,204,1,10,2,11,0,0.05,0,0.5,
GripLost,rf_19_raw_window,42,10,227,204,1,10,3,12,0,0.09,0,0.5,
GripLost,rf_19_raw_window,42,10,227,204,1,10,4,13,0,0.05333333333333334,0,0.5,
GripLost,rf_19_raw_window,42,10,227,204,1,10,5,14,0,0.05,0,0.5,
GripLost,rf_19_raw_window,42,10,227,204,1,10,6,15,0,0.056666666666666664,0,0.5,
GripLost,rf_19_raw_window,42,10,227,204,1,10,7,16,0,0.05333333333333334,0,0.5,
GripLost,rf_19_raw_window,42,10,227,204,1,10,8,17,0,0.07666666666666666,0,0.5,
GripLost,rf_19_raw_window,42,10,227,204,1,10,9,18,0,0.13666666666666666,0,0.5,
GripLost,rf_19_raw_window,42,10,227,204,1,10,10,19,0,0.2966666666666667,0,0.5,
GripLost,rf_19_raw_window,42,10,227,204,1,10,11,20,0,0.17333333333333334,0,0.5,
GripLost,rf_19_raw_window,42,10,227,204,1,10,12,21,0,0.21,0,0.5,
GripLost,rf_19_raw_window,42,10,227,204,1,10,13,22,0,0.17,0,0.5,
GripLost,rf_19_raw_window,42,10,227,204,1,10,14,23,0,0.13666666666666666,0,0.5,
GripLost,rf_19_raw_window,42,10,227,204,1,10,15,24,0,0.13333333333333333,0,0.5,
GripLost,rf_19_raw_window,42,10,227,204,1,10,16,25,0,0.14,0,0.5,
GripLost,rf_19_raw_window,42,10,227,204,1,10,17,26,0,0.12333333333333334,0,0.5,
GripLost,rf_19_raw_window,42,10,229,205,1,10,0,9,0,0.043333333333333335,0,0.5,
GripLost,rf_19_raw_window,42,10,229,205,1,10,1,10,0,0.04666666666666667,0,0.5,
GripLost,rf_19_raw_window,42,10,229,205,1,10,2,11,0,0.056666666666666664,0,0.5,
GripLost,rf_19_raw_window,42,10,229,205,1,10,3,12,0,0.08333333333333333,0,0.5,
GripLost,rf_19_raw_window,42,10,229,205,1,10,4,13,0,0.08333333333333333,0,0.5,
GripLost,rf_19_raw_window,42,10,229,205,1,10,5,14,0,0.08,0,0.5,
GripLost,rf_19_raw_window,42,10,229,205,1,10,6,15,0,0.08666666666666667,0,0.5,
GripLost,rf_19_raw_window,42,10,229,205,1,10,7,16,0,0.09333333333333334,0,0.5,
GripLost,rf_19_raw_window,42,10,229,205,1,10,8,17,0,0.14333333333333334,0,0.5,
GripLost,rf_19_raw_window,42,10,229,205,1,10,9,18,0,0.08,0,0.5,
GripLost,rf_19_raw_window,42,10,229,205,1,10,10,19,0,0.11333333333333333,0,0.5,
GripLost,rf_19_raw_window,42,10,229,205,1,10,11,20,0,0.13,0,0.5,
GripLost,rf_19_raw_window,42,10,229,205,1,10,12,21,0,0.11333333333333333,0,0.5,
GripLost,rf_19_raw_window,42,10,229,205,1,10,13,22,0,0.11333333333333333,0,0.5,
GripLost,rf_19_raw_window,42,10,229,205,1,10,14,23,0,0.10333333333333333,0,0.5,
GripLost,rf_19_raw_window,42,10,229,205,1,10,15,24,0,0.07666666666666666,0,0.5,
GripLost,rf_19_raw_window,42,10,229,205,1,10,16,25,0,0.09,0,0.5,
GripLost,rf_19_raw_window,42,10,229,205,1,10,17,26,0,0.043333333333333335,0,0.5,
GripLost,rf_19_raw_window,42,10,229,205,1,10,18,27,0,0.02666666666666667,0,0.5,
GripLost,rf_19_raw_window,42,10,229,205,1,10,19,28,0,0.023333333333333334,0,0.5,
GripLost,rf_19_raw_window,42,10,229,205,1,10,20,29,0,0.02666666666666667,0,0.5,
GripLost,rf_19_raw_window,42,10,229,205,1,10,21,30,0,0.023333333333333334,0,0.5,
GripLost,rf_19_raw_window,42,10,229,205,1,10,22,31,0,0.023333333333333334,0,0.5,
GripLost,rf_19_raw_window,42,10,229,205,1,10,23,32,0,0.04666666666666667,0,0.5,
GripLost,rf_19_raw_window,42,10,229,205,1,10,24,33,0,0.07,0,0.5,
GripLost,rf_19_raw_window,42,10,229,205,1,10,25,34,0,0.11,0,0.5,
GripLost,rf_19_raw_window,42,10,229,205,1,10,26,35,0,0.17666666666666667,0,0.5,
GripLost,rf_19_raw_window,42,10,229,205,1,10,27,36,0,0.15333333333333332,0,0.5,
GripLost,rf_19_raw_window,42,10,229,205,1,10,28,37,0,0.13666666666666666,0,0.5,
GripLost,rf_19_raw_window,42,10,229,205,1,10,29,38,0,0.17666666666666667,0,0.5,
GripLost,rf_19_raw_window,42,10,229,205,1,10,30,39,0,0.15,0,0.5,
GripLost,rf_19_raw_window,42,10,229,205,1,10,31,40,0,0.3566666666666667,0,0.5,
GripLost,rf_19_raw_window,42,10,229,205,1,10,32,41,0,0.25666666666666665,0,0.5,
GripLost,rf_19_raw_window,42,10,229,205,1,10,33,42,0,0.23,0,0.5,
GripLost,rf_19_raw_window,42,10,229,205,1,10,34,43,0,0.22666666666666666,0,0.5,
GripLost,rf_19_raw_window,42,10,229,205,1,10,35,44,0,0.21333333333333335,0,0.5,
GripLost,rf_19_raw_window,42,10,229,205,1,10,36,45,0,0.18,0,0.5,
GripLost,rf_19_raw_window,42,10,229,205,1,10,37,46,0,0.20666666666666667,0,0.5,
GripLost,rf_19_raw_window,42,10,229,205,1,10,38,47,0,0.18333333333333332,0,0.5,
GripLost,rf_19_raw_window,42,10,229,205,1,10,39,48,0,0.16333333333333333,0,0.5,
GripLost,rf_19_raw_window,42,10,229,205,1,10,40,49,0,0.18666666666666668,0,0.5,
GripLost,rf_19_raw_window,42,10,229,205,1,10,41,50,0,0.25333333333333335,0,0.5,
GripLost,rf_19_raw_window,42,10,230,206,1,10,0,9,0,0.12333333333333334,0,0.5,
GripLost,rf_19_raw_window,42,10,230,206,1,10,1,10,0,0.12333333333333334,0,0.5,
GripLost,rf_19_raw_window,42,10,230,206,1,10,2,11,0,0.14,0,0.5,
GripLost,rf_19_raw_window,42,10,230,206,1,10,3,12,0,0.1,0,0.5,
GripLost,rf_19_raw_window,42,10,230,206,1,10,4,13,0,0.13333333333333333,0,0.5,
GripLost,rf_19_raw_window,42,10,230,206,1,10,5,14,0,0.13666666666666666,0,0.5,
GripLost,rf_19_raw_window,42,10,230,206,1,10,6,15,0,0.17333333333333334,0,0.5,
GripLost,rf_19_raw_window,42,10,230,206,1,10,7,16,0,0.26,0,0.5,
GripLost,rf_19_raw_window,42,10,230,206,1,10,8,17,0,0.14666666666666667,0,0.5,
GripLost,rf_19_raw_window,42,10,230,206,1,10,9,18,0,0.056666666666666664,0,0.5,
GripLost,rf_19_raw_window,42,10,230,206,1,10,10,19,0,0.17666666666666667,0,0.5,
GripLost,rf_19_raw_window,42,10,230,206,1,10,11,20,0,0.28,0,0.5,
GripLost,rf_19_raw_window,42,10,230,206,1,10,12,21,0,0.25,0,0.5,
GripLost,rf_19_raw_window,42,10,230,206,1,10,13,22,0,0.27,0,0.5,
GripLost,rf_19_raw_window,42,10,230,206,1,10,14,23,0,0.33,0,0.5,
GripLost,rf_19_raw_window,42,10,230,206,1,10,15,24,0,0.2866666666666667,0,0.5,
GripLost,rf_19_raw_window,42,10,230,206,1,10,16,25,0,0.23666666666666666,0,0.5,
GripLost,rf_19_raw_window,42,10,230,206,1,10,17,26,0,0.28,0,0.5,
GripLost,rf_19_raw_window,42,10,231,207,1,10,0,9,0,0.07,0,0.5,
GripLost,rf_19_raw_window,42,10,231,207,1,10,1,10,0,0.05,0,0.5,
GripLost,rf_19_raw_window,42,10,231,207,1,10,2,11,0,0.13333333333333333,0,0.5,
GripLost,rf_19_raw_window,42,10,231,207,1,10,3,12,0,0.11,0,0.5,
GripLost,rf_19_raw_window,42,10,231,207,1,10,4,13,0,0.09333333333333334,0,0.5,
GripLost,rf_19_raw_window,42,10,231,207,1,10,5,14,0,0.11333333333333333,0,0.5,
GripLost,rf_19_raw_window,42,10,231,207,1,10,6,15,0,0.16333333333333333,0,0.5,
GripLost,rf_19_raw_window,42,10,231,207,1,10,7,16,0,0.13333333333333333,0,0.5,
GripLost,rf_19_raw_window,42,10,231,207,1,10,8,17,0,0.14666666666666667,0,0.5,
GripLost,rf_19_raw_window,42,10,231,207,1,10,9,18,0,0.09333333333333334,0,0.5,
GripLost,rf_19_raw_window,42,10,231,207,1,10,10,19,0,0.08333333333333333,0,0.5,
GripLost,rf_19_raw_window,42,10,231,207,1,10,11,20,0,0.09333333333333334,0,0.5,
GripLost,rf_19_raw_window,42,10,231,207,1,10,12,21,0,0.06,0,0.5,
GripLost,rf_19_raw_window,42,10,231,207,1,10,13,22,0,0.03333333333333333,0,0.5,
GripLost,rf_19_raw_window,42,10,231,207,1,10,14,23,0,0.05333333333333334,0,0.5,
GripLost,rf_19_raw_window,42,10,231,207,1,10,15,24,0,0.05,0,0.5,
GripLost,rf_19_raw_window,42,10,231,207,1,10,16,25,0,0.10333333333333333,0,0.5,
GripLost,rf_19_raw_window,42,10,231,207,1,10,17,26,0,0.12666666666666668,0,0.5,
GripLost,rf_19_raw_window,42,10,231,207,1,10,18,27,0,0.15666666666666668,0,0.5,
GripLost,rf_19_raw_window,42,10,231,207,1,10,19,28,0,0.11,0,0.5,
GripLost,rf_19_raw_window,42,10,231,207,1,10,20,29,0,0.09,0,0.5,
GripLost,rf_19_raw_window,42,10,231,207,1,10,21,30,0,0.12333333333333334,0,0.5,
GripLost,rf_19_raw_window,42,10,231,207,1,10,22,31,0,0.14666666666666667,0,0.5,
GripLost,rf_19_raw_window,42,10,231,207,1,10,23,32,0,0.16333333333333333,0,0.5,
GripLost,rf_19_raw_window,42,10,231,207,1,10,24,33,0,0.14,0,0.5,
GripLost,rf_19_raw_window,42,10,231,207,1,10,25,34,0,0.06333333333333334,0,0.5,
GripLost,rf_19_raw_window,42,10,231,207,1,10,26,35,0,0.06333333333333334,0,0.5,
GripLost,rf_19_raw_window,42,10,231,207,1,10,27,36,0,0.08666666666666667,0,0.5,
GripLost,rf_19_raw_window,42,10,231,207,1,10,28,37,0,0.1,0,0.5,
GripLost,rf_19_raw_window,42,10,231,207,1,10,29,38,0,0.09333333333333334,0,0.5,
GripLost,rf_19_raw_window,42,10,231,207,1,10,30,39,0,0.09333333333333334,0,0.5,
GripLost,rf_19_raw_window,42,10,231,207,1,10,31,40,0,0.09,0,0.5,
GripLost,rf_19_raw_window,42,10,231,207,1,10,32,41,0,0.08666666666666667,0,0.5,
GripLost,rf_19_raw_window,42,10,231,207,1,10,33,42,0,0.09333333333333334,0,0.5,
GripLost,rf_19_raw_window,42,10,231,207,1,10,34,43,0,0.11666666666666667,0,0.5,
GripLost,rf_19_raw_window,42,10,232,208,1,10,0,9,0,0.13,0,0.5,
GripLost,rf_19_raw_window,42,10,232,208,1,10,1,10,0,0.16333333333333333,0,0.5,
GripLost,rf_19_raw_window,42,10,232,208,1,10,2,11,0,0.16666666666666666,0,0.5,
GripLost,rf_19_raw_window,42,10,232,208,1,10,3,12,0,0.19666666666666666,0,0.5,
GripLost,rf_19_raw_window,42,10,232,208,1,10,4,13,0,0.3333333333333333,0,0.5,
GripLost,rf_19_raw_window,42,10,232,208,1,10,5,14,0,0.23666666666666666,0,0.5,
GripLost,rf_19_raw_window,42,10,232,208,1,10,6,15,0,0.23333333333333334,0,0.5,
GripLost,rf_19_raw_window,42,10,232,208,1,10,7,16,0,0.27,0,0.5,
GripLost,rf_19_raw_window,42,10,232,208,1,10,8,17,0,0.17333333333333334,0,0.5,
GripLost,rf_19_raw_window,42,10,232,208,1,10,9,18,0,0.1,0,0.5,
GripLost,rf_19_raw_window,42,10,232,208,1,10,10,19,0,0.1,0,0.5,
GripLost,rf_19_raw_window,42,10,232,208,1,10,11,20,0,0.07,0,0.5,
GripLost,rf_19_raw_window,42,10,232,208,1,10,12,21,0,0.08,0,0.5,
GripLost,rf_19_raw_window,42,10,232,208,1,10,13,22,0,0.08,0,0.5,
GripLost,rf_19_raw_window,42,10,232,208,1,10,14,23,0,0.10666666666666667,0,0.5,
GripLost,rf_19_raw_window,42,10,233,209,1,10,0,9,0,0.3,0,0.5,
GripLost,rf_19_raw_window,42,10,233,209,1,10,1,10,0,0.19,0,0.5,
GripLost,rf_19_raw_window,42,10,233,209,1,10,2,11,0,0.14666666666666667,0,0.5,
GripLost,rf_19_raw_window,42,10,233,209,1,10,3,12,0,0.15333333333333332,0,0.5,
GripLost,rf_19_raw_window,42,10,233,209,1,10,4,13,0,0.12,0,0.5,
GripLost,rf_19_raw_window,42,10,233,209,1,10,5,14,0,0.08666666666666667,0,0.5,
GripLost,rf_19_raw_window,42,10,233,209,1,10,6,15,0,0.09333333333333334,0,0.5,
GripLost,rf_19_raw_window,42,10,233,209,1,10,7,16,0,0.13,0,0.5,
GripLost,rf_19_raw_window,42,10,233,209,1,10,8,17,0,0.13666666666666666,0,0.5,
GripLost,rf_19_raw_window,42,10,233,209,1,10,9,18,0,0.056666666666666664,0,0.5,
GripLost,rf_19_raw_window,42,10,233,209,1,10,10,19,0,0.09666666666666666,0,0.5,
GripLost,rf_19_raw_window,42,10,233,209,1,10,11,20,0,0.08666666666666667,0,0.5,
GripLost,rf_19_raw_window,42,10,233,209,1,10,12,21,0,0.06666666666666667,0,0.5,
GripLost,rf_19_raw_window,42,10,233,209,1,10,13,22,0,0.056666666666666664,0,0.5,
GripLost,rf_19_raw_window,42,10,233,209,1,10,14,23,0,0.06333333333333334,0,0.5,
GripLost,rf_19_raw_window,42,10,233,209,1,10,15,24,0,0.06333333333333334,0,0.5,
GripLost,rf_19_raw_window,42,10,233,209,1,10,16,25,0,0.07666666666666666,0,0.5,
GripLost,rf_19_raw_window,42,10,233,209,1,10,17,26,0,0.11,0,0.5,
GripLost,rf_19_raw_window,42,10,233,209,1,10,18,27,0,0.13,0,0.5,
GripLost,rf_19_raw_window,42,10,233,209,1,10,19,28,0,0.18333333333333332,0,0.5,
GripLost,rf_19_raw_window,42,10,233,209,1,10,20,29,0,0.19666666666666666,0,0.5,
GripLost,rf_19_raw_window,42,10,233,209,1,10,21,30,0,0.15666666666666668,0,0.5,
GripLost,rf_19_raw_window,42,10,233,209,1,10,22,31,0,0.14333333333333334,0,0.5,
GripLost,rf_19_raw_window,42,10,233,209,1,10,23,32,0,0.22,0,0.5,
GripLost,rf_19_raw_window,42,10,233,209,1,10,24,33,0,0.21666666666666667,0,0.5,
GripLost,rf_19_raw_window,42,10,233,209,1,10,25,34,0,0.12333333333333334,0,0.5,
GripLost,rf_19_raw_window,42,10,233,209,1,10,26,35,0,0.13666666666666666,0,0.5,
GripLost,rf_19_raw_window,42,10,233,209,1,10,27,36,0,0.17333333333333334,0,0.5,
GripLost,rf_19_raw_window,42,10,233,209,1,10,28,37,0,0.14333333333333334,0,0.5,
GripLost,rf_19_raw_window,42,10,233,209,1,10,29,38,0,0.15333333333333332,0,0.5,
GripLost,rf_19_raw_window,42,10,233,209,1,10,30,39,0,0.12333333333333334,0,0.5,
GripLost,rf_19_raw_window,42,10,230,216,2,10,0,9,0,0.03666666666666667,0,0.5,
GripLost,rf_19_raw_window,42,10,230,216,2,10,1,10,0,0.04,0,0.5,
GripLost,rf_19_raw_window,42,10,230,216,2,10,2,11,0,0.04,0,0.5,
GripLost,rf_19_raw_window,42,10,230,216,2,10,3,12,0,0.04,0,0.5,
GripLost,rf_19_raw_window,42,10,230,216,2,10,4,13,0,0.06666666666666667,0,0.5,
GripLost,rf_19_raw_window,42,10,230,216,2,10,5,14,0,0.056666666666666664,0,0.5,
GripLost,rf_19_raw_window,42,10,230,216,2,10,6,15,0,0.05333333333333334,0,0.5,
GripLost,rf_19_raw_window,42,10,230,216,2,10,7,16,0,0.03666666666666667,0,0.5,
GripLost,rf_19_raw_window,42,10,230,216,2,10,8,17,0,0.06666666666666667,0,0.5,
GripLost,rf_19_raw_window,42,10,230,216,2,10,9,18,0,0.06,0,0.5,
GripLost,rf_19_raw_window,42,10,230,216,2,10,10,19,0,0.06333333333333334,0,0.5,
GripLost,rf_19_raw_window,42,10,230,216,2,10,11,20,0,0.07333333333333333,0,0.5,
GripLost,rf_19_raw_window,42,10,230,216,2,10,12,21,0,0.09,0,0.5,
GripLost,rf_19_raw_window,42,10,230,216,2,10,13,22,0,0.06666666666666667,0,0.5,
GripLost,rf_19_raw_window,42,10,230,216,2,10,14,23,0,0.06,0,0.5,
GripLost,rf_19_raw_window,42,10,230,216,2,10,15,24,0,0.07333333333333333,0,0.5,
GripLost,rf_19_raw_window,42,10,230,216,2,10,16,25,0,0.07,0,0.5,
GripLost,rf_19_raw_window,42,10,230,216,2,10,17,26,0,0.09666666666666666,0,0.5,
GripLost,rf_19_raw_window,42,10,230,216,2,10,18,27,0,0.07,0,0.5,
GripLost,rf_19_raw_window,42,10,230,216,2,10,19,28,0,0.08333333333333333,0,0.5,
GripLost,rf_19_raw_window,42,10,231,217,2,10,0,9,0,0.06,0,0.5,
GripLost,rf_19_raw_window,42,10,231,217,2,10,1,10,0,0.05333333333333334,0,0.5,
GripLost,rf_19_raw_window,42,10,231,217,2,10,2,11,0,0.05,0,0.5,
GripLost,rf_19_raw_window,42,10,231,217,2,10,3,12,0,0.06,0,0.5,
GripLost,rf_19_raw_window,42,10,231,217,2,10,4,13,0,0.056666666666666664,0,0.5,
GripLost,rf_19_raw_window,42,10,231,217,2,10,5,14,0,0.06333333333333334,0,0.5,
GripLost,rf_19_raw_window,42,10,231,217,2,10,6,15,0,0.17333333333333334,0,0.5,
GripLost,rf_19_raw_window,42,10,231,217,2,10,7,16,0,0.17,0,0.5,
GripLost,rf_19_raw_window,42,10,231,217,2,10,8,17,0,0.17333333333333334,0,0.5,
GripLost,rf_19_raw_window,42,10,231,217,2,10,9,18,0,0.09666666666666666,0,0.5,
GripLost,rf_19_raw_window,42,10,231,217,2,10,10,19,0,0.23,0,0.5,
GripLost,rf_19_raw_window,42,10,231,217,2,10,11,20,0,0.17666666666666667,0,0.5,
GripLost,rf_19_raw_window,42,10,231,217,2,10,12,21,0,0.16,0,0.5,
GripLost,rf_19_raw_window,42,10,231,217,2,10,13,22,0,0.19333333333333333,0,0.5,
GripLost,rf_19_raw_window,42,10,231,217,2,10,14,23,0,0.17,0,0.5,
GripLost,rf_19_raw_window,42,10,231,217,2,10,15,24,0,0.14666666666666667,0,0.5,
GripLost,rf_19_raw_window,42,10,231,217,2,10,16,25,0,0.16333333333333333,0,0.5,
GripLost,rf_19_raw_window,42,10,231,217,2,10,17,26,0,0.15,0,0.5,
GripLost,rf_19_raw_window,42,10,232,218,2,10,0,9,1,0.2633333333333333,0,0.5,
GripLost,rf_19_raw_window,42,10,232,218,2,10,1,10,1,0.23,0,0.5,
GripLost,rf_19_raw_window,42,10,232,218,2,10,2,11,1,0.25333333333333335,0,0.5,
GripLost,rf_19_raw_window,42,10,232,218,2,10,3,12,1,0.2733333333333333,0,0.5,
GripLost,rf_19_raw_window,42,10,232,218,2,10,4,13,1,0.2833333333333333,0,0.5,
GripLost,rf_19_raw_window,42,10,232,218,2,10,5,14,1,0.5166666666666667,1,0.5,
GripLost,rf_19_raw_window,42,10,232,218,2,10,6,15,1,0.47,0,0.5,
GripLost,rf_19_raw_window,42,10,232,218,2,10,7,16,1,0.4666666666666667,0,0.5,
GripLost,rf_19_raw_window,42,10,232,218,2,10,8,17,1,0.3,0,0.5,
GripLost,rf_19_raw_window,42,10,232,218,2,10,9,18,1,0.2833333333333333,0,0.5,
GripLost,rf_19_raw_window,42,10,232,218,2,10,10,19,0,0.19333333333333333,0,0.5,
GripLost,rf_19_raw_window,42,10,232,218,2,10,11,20,0,0.10666666666666667,0,0.5,
GripLost,rf_19_raw_window,42,10,232,218,2,10,12,21,1,0.14666666666666667,0,0.5,
GripLost,rf_19_raw_window,42,10,232,218,2,10,13,22,1,0.21,0,0.5,
GripLost,rf_19_raw_window,42,10,232,218,2,10,14,23,1,0.25,0,0.5,
GripLost,rf_19_raw_window,42,10,232,218,2,10,15,24,1,0.4633333333333333,0,0.5,
GripLost,rf_19_raw_window,42,10,232,218,2,10,16,25,1,0.5266666666666666,1,0.5,
GripLost,rf_19_raw_window,42,10,232,218,2,10,17,26,1,0.49666666666666665,0,0.5,
GripLost,rf_19_raw_window,42,10,232,218,2,10,18,27,1,0.77,1,0.5,
GripLost,rf_19_raw_window,42,10,232,218,2,10,19,28,1,0.7166666666666667,1,0.5,
GripLost,rf_19_raw_window,42,10,233,219,2,10,0,9,0,0.17333333333333334,0,0.5,
GripLost,rf_19_raw_window,42,10,233,219,2,10,1,10,0,0.15,0,0.5,
GripLost,rf_19_raw_window,42,10,233,219,2,10,2,11,0,0.21,0,0.5,
GripLost,rf_19_raw_window,42,10,233,219,2,10,3,12,0,0.42,0,0.5,
GripLost,rf_19_raw_window,42,10,233,219,2,10,4,13,0,0.2966666666666667,0,0.5,
GripLost,rf_19_raw_window,42,10,233,219,2,10,5,14,0,0.22666666666666666,0,0.5,
GripLost,rf_19_raw_window,42,10,233,219,2,10,6,15,0,0.15666666666666668,0,0.5,
GripLost,rf_19_raw_window,42,10,233,219,2,10,7,16,0,0.16,0,0.5,
GripLost,rf_19_raw_window,42,10,233,219,2,10,8,17,0,0.20333333333333334,0,0.5,
GripLost,rf_19_raw_window,42,10,233,219,2,10,9,18,1,0.38666666666666666,0,0.5,
GripLost,rf_19_raw_window,42,10,233,219,2,10,10,19,1,0.44666666666666666,0,0.5,
GripLost,rf_19_raw_window,42,10,233,219,2,10,11,20,1,0.4533333333333333,0,0.5,
GripLost,rf_19_raw_window,42,10,233,219,2,10,12,21,1,0.5633333333333334,1,0.5,
GripLost,rf_19_raw_window,42,10,233,219,2,10,13,22,1,0.6366666666666667,1,0.5,
GripLost,rf_19_raw_window,42,10,233,219,2,10,14,23,1,0.6433333333333333,1,0.5,
GripLost,rf_19_raw_window,42,10,234,220,1,10,0,9,0,0.08,0,0.5,
GripLost,rf_19_raw_window,42,10,234,220,1,10,1,10,0,0.07666666666666666,0,0.5,
GripLost,rf_19_raw_window,42,10,234,220,1,10,2,11,0,0.09666666666666666,0,0.5,
GripLost,rf_19_raw_window,42,10,234,220,1,10,3,12,0,0.17,0,0.5,
GripLost,rf_19_raw_window,42,10,234,220,1,10,4,13,0,0.12,0,0.5,
GripLost,rf_19_raw_window,42,10,234,220,1,10,5,14,0,0.10333333333333333,0,0.5,
GripLost,rf_19_raw_window,42,10,234,220,1,10,6,15,0,0.07666666666666666,0,0.5,
GripLost,rf_19_raw_window,42,10,234,220,1,10,7,16,0,0.02666666666666667,0,0.5,
GripLost,rf_19_raw_window,42,10,234,220,1,10,8,17,0,0.03666666666666667,0,0.5,
GripLost,rf_19_raw_window,42,10,234,220,1,10,9,18,0,0.03666666666666667,0,0.5,
GripLost,rf_19_raw_window,42,10,234,220,1,10,10,19,0,0.056666666666666664,0,0.5,
GripLost,rf_19_raw_window,42,10,234,220,1,10,11,20,1,0.02,0,0.5,
GripLost,rf_19_raw_window,42,10,234,220,1,10,12,21,1,0.1,0,0.5,
GripLost,rf_19_raw_window,42,10,234,220,1,10,13,22,1,0.07333333333333333,0,0.5,
GripLost,rf_19_raw_window,42,10,234,220,1,10,14,23,1,0.09333333333333334,0,0.5,
GripLost,rf_19_raw_window,42,10,234,220,1,10,15,24,1,0.12666666666666668,0,0.5,
GripLost,rf_19_raw_window,42,10,234,220,1,10,16,25,1,0.12333333333333334,0,0.5,
GripLost,rf_19_raw_window,42,10,234,220,1,10,17,26,1,0.1,0,0.5,
GripLost,rf_19_raw_window,42,10,234,220,1,10,18,27,1,0.11,0,0.5,
GripLost,rf_19_raw_window,42,10,234,220,1,10,19,28,1,0.14333333333333334,0,0.5,
GripLost,rf_19_raw_window,42,10,234,220,1,10,20,29,1,0.13,0,0.5,
GripLost,rf_19_raw_window,42,10,234,220,1,10,21,30,1,0.14,0,0.5,
GripLost,rf_19_raw_window,42,10,234,220,1,10,22,31,1,0.03666666666666667,0,0.5,
GripLost,rf_19_raw_window,42,10,234,220,1,10,23,32,1,0.06666666666666667,0,0.5,
GripLost,rf_19_raw_window,42,10,234,220,1,10,24,33,0,0.1,0,0.5,
GripLost,rf_19_raw_window,42,10,234,220,1,10,25,34,0,0.06666666666666667,0,0.5,
GripLost,rf_19_raw_window,42,10,234,220,1,10,26,35,0,0.043333333333333335,0,0.5,
GripLost,rf_19_raw_window,42,10,234,220,1,10,27,36,0,0.043333333333333335,0,0.5,
GripLost,rf_19_raw_window,42,10,234,220,1,10,28,37,0,0.043333333333333335,0,0.5,
GripLost,rf_19_raw_window,42,10,234,220,1,10,29,38,0,0.05333333333333334,0,0.5,
GripLost,rf_19_raw_window,42,10,234,220,1,10,30,39,0,0.03,0,0.5,
GripLost,rf_19_raw_window,42,10,234,220,1,10,31,40,0,0.03666666666666667,0,0.5,
GripLost,rf_19_raw_window,42,10,234,220,1,10,32,41,0,0.17333333333333334,0,0.5,
GripLost,rf_19_raw_window,42,10,234,220,1,10,33,42,0,0.14,0,0.5,
GripLost,rf_19_raw_window,42,10,234,220,1,10,34,43,0,0.14,0,0.5,
GripLost,rf_19_raw_window,42,10,234,220,1,10,35,44,0,0.11,0,0.5,
GripLost,rf_19_raw_window,42,10,234,220,1,10,36,45,0,0.08666666666666667,0,0.5,
GripLost,rf_19_raw_window,42,10,234,220,1,10,37,46,0,0.19666666666666666,0,0.5,
GripLost,rf_19_raw_window,42,10,234,220,1,10,38,47,0,0.15,0,0.5,
GripLost,rf_19_raw_window,42,10,234,220,1,10,39,48,0,0.27,0,0.5,
GripLost,rf_19_raw_window,42,10,234,220,1,10,40,49,0,0.23666666666666666,0,0.5,
GripLost,rf_19_raw_window,42,10,234,220,1,10,41,50,0,0.22666666666666666,0,0.5,
GripLost,rf_19_raw_window,42,10,234,220,1,10,42,51,0,0.19666666666666666,0,0.5,
GripLost,rf_19_raw_window,42,10,234,220,1,10,43,52,0,0.24,0,0.5,
GripLost,rf_19_raw_window,42,10,234,220,1,10,44,53,0,0.21666666666666667,0,0.5,
GripLost,rf_19_raw_window,42,10,234,220,1,10,45,54,0,0.22333333333333333,0,0.5,
GripLost,rf_19_raw_window,42,10,234,220,1,10,46,55,0,0.21666666666666667,0,0.5,
GripLost,rf_19_raw_window,42,10,234,220,1,10,47,56,0,0.2,0,0.5,
GripLost,rf_19_raw_window,42,10,234,220,1,10,48,57,0,0.37666666666666665,0,0.5,
GripLost,rf_19_raw_window,42,10,234,220,1,10,49,58,0,0.32,0,0.5,
GripLost,rf_19_raw_window,42,10,234,220,1,10,50,59,0,0.11333333333333333,0,0.5,
GripLost,rf_19_raw_window,42,10,234,220,1,10,51,60,0,0.1,0,0.5,
GripLost,rf_19_raw_window,42,10,235,221,1,10,0,9,0,0.07333333333333333,0,0.5,
GripLost,rf_19_raw_window,42,10,235,221,1,10,1,10,0,0.056666666666666664,0,0.5,
GripLost,rf_19_raw_window,42,10,235,221,1,10,2,11,0,0.03,0,0.5,
GripLost,rf_19_raw_window,42,10,235,221,1,10,3,12,0,0.03333333333333333,0,0.5,
GripLost,rf_19_raw_window,42,10,235,221,1,10,4,13,0,0.03333333333333333,0,0.5,
GripLost,rf_19_raw_window,42,10,235,221,1,10,5,14,0,0.11,0,0.5,
GripLost,rf_19_raw_window,42,10,235,221,1,10,6,15,0,0.17333333333333334,0,0.5,
GripLost,rf_19_raw_window,42,10,235,221,1,10,7,16,0,0.13666666666666666,0,0.5,
GripLost,rf_19_raw_window,42,10,235,221,1,10,8,17,0,0.15333333333333332,0,0.5,
GripLost,rf_19_raw_window,42,10,235,221,1,10,9,18,0,0.07666666666666666,0,0.5,
GripLost,rf_19_raw_window,42,10,235,221,1,10,10,19,0,0.2633333333333333,0,0.5,
GripLost,rf_19_raw_window,42,10,235,221,1,10,11,20,0,0.3333333333333333,0,0.5,
GripLost,rf_19_raw_window,42,10,235,221,1,10,12,21,0,0.22666666666666666,0,0.5,
GripLost,rf_19_raw_window,42,10,235,221,1,10,13,22,0,0.19333333333333333,0,0.5,
GripLost,rf_19_raw_window,42,10,235,221,1,10,14,23,0,0.20333333333333334,0,0.5,
GripLost,rf_19_raw_window,42,10,235,221,1,10,15,24,0,0.18333333333333332,0,0.5,
GripLost,rf_19_raw_window,42,10,235,221,1,10,16,25,0,0.18,0,0.5,
GripLost,rf_19_raw_window,42,10,235,221,1,10,17,26,0,0.19,0,0.5,
GripLost,rf_19_raw_window,42,10,236,222,1,10,0,9,0,0.056666666666666664,0,0.5,
GripLost,rf_19_raw_window,42,10,236,222,1,10,1,10,0,0.06333333333333334,0,0.5,
GripLost,rf_19_raw_window,42,10,236,222,1,10,2,11,0,0.15666666666666668,0,0.5,
GripLost,rf_19_raw_window,42,10,236,222,1,10,3,12,0,0.09666666666666666,0,0.5,
GripLost,rf_19_raw_window,42,10,236,222,1,10,4,13,0,0.10666666666666667,0,0.5,
GripLost,rf_19_raw_window,42,10,236,222,1,10,5,14,0,0.17333333333333334,0,0.5,
GripLost,rf_19_raw_window,42,10,236,222,1,10,6,15,0,0.17333333333333334,0,0.5,
GripLost,rf_19_raw_window,42,10,236,222,1,10,7,16,0,0.28,0,0.5,
GripLost,rf_19_raw_window,42,10,236,222,1,10,8,17,0,0.2966666666666667,0,0.5,
GripLost,rf_19_raw_window,42,10,236,222,1,10,9,18,0,0.20333333333333334,0,0.5,
GripLost,rf_19_raw_window,42,10,236,222,1,10,10,19,0,0.19666666666666666,0,0.5,
GripLost,rf_19_raw_window,42,10,236,222,1,10,11,20,0,0.21666666666666667,0,0.5,
GripLost,rf_19_raw_window,42,10,236,222,1,10,12,21,0,0.18,0,0.5,
GripLost,rf_19_raw_window,42,10,236,222,1,10,13,22,0,0.23,0,0.5,
GripLost,rf_19_raw_window,42,10,236,222,1,10,14,23,0,0.21333333333333335,0,0.5,
GripLost,rf_19_raw_window,42,10,237,223,1,10,0,9,0,0.12,0,0.5,
GripLost,rf_19_raw_window,42,10,237,223,1,10,1,10,0,0.15333333333333332,0,0.5,
GripLost,rf_19_raw_window,42,10,237,223,1,10,2,11,0,0.18,0,0.5,
GripLost,rf_19_raw_window,42,10,237,223,1,10,3,12,0,0.22666666666666666,0,0.5,
GripLost,rf_19_raw_window,42,10,237,223,1,10,4,13,0,0.18666666666666668,0,0.5,
GripLost,rf_19_raw_window,42,10,237,223,1,10,5,14,0,0.14333333333333334,0,0.5,
GripLost,rf_19_raw_window,42,10,237,223,1,10,6,15,0,0.10666666666666667,0,0.5,
GripLost,rf_19_raw_window,42,10,237,223,1,10,7,16,0,0.12,0,0.5,
GripLost,rf_19_raw_window,42,10,237,223,1,10,8,17,0,0.13,0,0.5,
GripLost,rf_19_raw_window,42,10,237,223,1,10,9,18,0,0.12666666666666668,0,0.5,
GripLost,rf_19_raw_window,42,10,237,223,1,10,10,19,0,0.14,0,0.5,
GripLost,rf_19_raw_window,42,10,237,223,1,10,11,20,0,0.14,0,0.5,
GripLost,rf_19_raw_window,42,10,237,223,1,10,12,21,0,0.09,0,0.5,
GripLost,rf_19_raw_window,42,10,237,223,1,10,13,22,0,0.056666666666666664,0,0.5,
GripLost,rf_19_raw_window,42,10,237,223,1,10,14,23,0,0.02,0,0.5,
GripLost,rf_19_raw_window,42,10,237,223,1,10,15,24,0,0.02,0,0.5,
GripLost,rf_19_raw_window,42,10,237,223,1,10,16,25,0,0.07333333333333333,0,0.5,
GripLost,rf_19_raw_window,42,10,237,223,1,10,17,26,0,0.03333333333333333,0,0.5,
GripLost,rf_19_raw_window,42,10,237,223,1,10,18,27,0,0.07,0,0.5,
GripLost,rf_19_raw_window,42,10,237,223,1,10,19,28,0,0.13666666666666666,0,0.5,
GripLost,rf_19_raw_window,42,10,237,223,1,10,20,29,0,0.09666666666666666,0,0.5,
GripLost,rf_19_raw_window,42,10,237,223,1,10,21,30,0,0.07,0,0.5,
GripLost,rf_19_raw_window,42,10,237,223,1,10,22,31,0,0.08666666666666667,0,0.5,
GripLost,rf_19_raw_window,42,10,237,223,1,10,23,32,0,0.2733333333333333,0,0.5,
GripLost,rf_19_raw_window,42,10,237,223,1,10,24,33,0,0.18666666666666668,0,0.5,
GripLost,rf_19_raw_window,42,10,237,223,1,10,25,34,0,0.24333333333333335,0,0.5,
GripLost,rf_19_raw_window,42,10,237,223,1,10,26,35,1,0.48,0,0.5,
GripLost,rf_19_raw_window,42,10,237,223,1,10,27,36,1,0.5433333333333333,1,0.5,
GripLost,rf_19_raw_window,42,10,237,223,1,10,28,37,1,0.5466666666666666,1,0.5,
GripLost,rf_19_raw_window,42,10,237,223,1,10,29,38,1,0.54,1,0.5,
GripLost,rf_19_raw_window,42,10,237,223,1,10,30,39,1,0.5666666666666667,1,0.5,
GripLost,rf_19_raw_window,42,10,237,223,1,10,31,40,1,0.5533333333333333,1,0.5,
GripLost,rf_19_raw_window,42,10,237,223,1,10,32,41,1,0.51,1,0.5,
GripLost,rf_19_raw_window,42,10,237,223,1,10,33,42,1,0.5533333333333333,1,0.5,
GripLost,rf_19_raw_window,42,10,237,223,1,10,34,43,1,0.3333333333333333,0,0.5,
GripLost,rf_19_raw_window,42,10,237,223,1,10,35,44,1,0.16333333333333333,0,0.5,
GripLost,rf_19_raw_window,42,10,237,223,1,10,36,45,1,0.17666666666666667,0,0.5,
GripLost,rf_19_raw_window,42,10,237,223,1,10,37,46,1,0.08333333333333333,0,0.5,
GripLost,rf_19_raw_window,42,10,237,223,1,10,38,47,1,0.11666666666666667,0,0.5,
GripLost,rf_19_raw_window,42,10,237,223,1,10,39,48,0,0.05,0,0.5,
GripLost,rf_19_raw_window,42,10,237,223,1,10,40,49,0,0.06666666666666667,0,0.5,
GripLost,rf_19_raw_window,42,10,237,223,1,10,41,50,0,0.07333333333333333,0,0.5,
GripLost,rf_19_raw_window,42,10,237,223,1,10,42,51,0,0.08,0,0.5,
GripLost,rf_19_raw_window,42,10,238,224,1,10,0,9,0,0.07333333333333333,0,0.5,
GripLost,rf_19_raw_window,42,10,238,224,1,10,1,10,0,0.07666666666666666,0,0.5,
GripLost,rf_19_raw_window,42,10,238,224,1,10,2,11,0,0.12333333333333334,0,0.5,
GripLost,rf_19_raw_window,42,10,238,224,1,10,3,12,0,0.11666666666666667,0,0.5,
GripLost,rf_19_raw_window,42,10,238,224,1,10,4,13,0,0.15666666666666668,0,0.5,
GripLost,rf_19_raw_window,42,10,238,224,1,10,5,14,0,0.11333333333333333,0,0.5,
GripLost,rf_19_raw_window,42,10,238,224,1,10,6,15,0,0.11666666666666667,0,0.5,
GripLost,rf_19_raw_window,42,10,238,224,1,10,7,16,0,0.16666666666666666,0,0.5,
GripLost,rf_19_raw_window,42,10,238,224,1,10,8,17,0,0.12333333333333334,0,0.5,
GripLost,rf_19_raw_window,42,10,238,224,1,10,9,18,0,0.07333333333333333,0,0.5,
GripLost,rf_19_raw_window,42,10,238,224,1,10,10,19,0,0.056666666666666664,0,0.5,
GripLost,rf_19_raw_window,42,10,238,224,1,10,11,20,0,0.05,0,0.5,
GripLost,rf_19_raw_window,42,10,238,224,1,10,12,21,0,0.06666666666666667,0,0.5,
GripLost,rf_19_raw_window,42,10,238,224,1,10,13,22,0,0.043333333333333335,0,0.5,
GripLost,rf_19_raw_window,42,10,238,224,1,10,14,23,0,0.05,0,0.5,
GripLost,rf_19_raw_window,42,10,239,225,1,10,0,9,0,0.07333333333333333,0,0.5,
GripLost,rf_19_raw_window,42,10,239,225,1,10,1,10,0,0.06666666666666667,0,0.5,
GripLost,rf_19_raw_window,42,10,239,225,1,10,2,11,0,0.11333333333333333,0,0.5,
GripLost,rf_19_raw_window,42,10,239,225,1,10,3,12,0,0.12333333333333334,0,0.5,
GripLost,rf_19_raw_window,42,10,239,225,1,10,4,13,0,0.15333333333333332,0,0.5,
GripLost,rf_19_raw_window,42,10,239,225,1,10,5,14,0,0.12666666666666668,0,0.5,
GripLost,rf_19_raw_window,42,10,239,225,1,10,6,15,0,0.11666666666666667,0,0.5,
GripLost,rf_19_raw_window,42,10,239,225,1,10,7,16,0,0.10333333333333333,0,0.5,
GripLost,rf_19_raw_window,42,10,239,225,1,10,8,17,0,0.10666666666666667,0,0.5,
GripLost,rf_19_raw_window,42,10,239,225,1,10,9,18,0,0.10333333333333333,0,0.5,
GripLost,rf_19_raw_window,42,10,239,225,1,10,10,19,0,0.1,0,0.5,
GripLost,rf_19_raw_window,42,10,239,225,1,10,11,20,0,0.12333333333333334,0,0.5,
GripLost,rf_19_raw_window,42,10,239,225,1,10,12,21,0,0.08333333333333333,0,0.5,
GripLost,rf_19_raw_window,42,10,239,225,1,10,13,22,0,0.09666666666666666,0,0.5,
GripLost,rf_19_raw_window,42,10,239,225,1,10,14,23,0,0.3,0,0.5,
GripLost,rf_19_raw_window,42,10,239,225,1,10,15,24,0,0.25666666666666665,0,0.5,
GripLost,rf_19_raw_window,42,10,239,225,1,10,16,25,0,0.6033333333333334,1,0.5,
GripLost,rf_19_raw_window,42,10,239,225,1,10,17,26,0,0.6666666666666666,1,0.5,
GripLost,rf_19_raw_window,42,10,239,225,1,10,18,27,0,0.54,1,0.5,
GripLost,rf_19_raw_window,42,10,239,225,1,10,19,28,0,0.44,0,0.5,
GripLost,rf_19_raw_window,42,10,239,225,1,10,20,29,0,0.4633333333333333,0,0.5,
GripLost,rf_19_raw_window,42,10,239,225,1,10,21,30,0,0.31,0,0.5,
GripLost,rf_19_raw_window,42,10,239,225,1,10,22,31,0,0.44,0,0.5,
GripLost,rf_19_raw_window,42,10,239,225,1,10,23,32,0,0.17333333333333334,0,0.5,
GripLost,rf_19_raw_window,42,10,239,225,1,10,24,33,0,0.16333333333333333,0,0.5,
GripLost,rf_19_raw_window,42,10,239,225,1,10,25,34,0,0.08666666666666667,0,0.5,
GripLost,rf_19_raw_window,42,10,239,225,1,10,26,35,0,0.07333333333333333,0,0.5,
GripLost,rf_19_raw_window,42,10,239,225,1,10,27,36,0,0.08666666666666667,0,0.5,
GripLost,rf_19_raw_window,42,10,239,225,1,10,28,37,0,0.08666666666666667,0,0.5,
GripLost,rf_19_raw_window,42,10,239,225,1,10,29,38,0,0.04666666666666667,0,0.5,
GripLost,rf_19_raw_window,42,10,239,225,1,10,30,39,0,0.043333333333333335,0,0.5,
GripLost,rf_19_raw_window,42,10,239,225,1,10,31,40,0,0.04666666666666667,0,0.5,
GripLost,rf_19_raw_window,42,10,239,225,1,10,32,41,0,0.05333333333333334,0,0.5,
GripLost,rf_19_raw_window,42,10,239,225,1,10,33,42,0,0.15666666666666668,0,0.5,
GripLost,rf_19_raw_window,42,10,240,226,1,10,0,9,0,0.056666666666666664,0,0.5,
GripLost,rf_19_raw_window,42,10,240,226,1,10,1,10,0,0.05,0,0.5,
GripLost,rf_19_raw_window,42,10,240,226,1,10,2,11,0,0.07,0,0.5,
GripLost,rf_19_raw_window,42,10,240,226,1,10,3,12,0,0.11333333333333333,0,0.5,
GripLost,rf_19_raw_window,42,10,240,226,1,10,4,13,0,0.25333333333333335,0,0.5,
GripLost,rf_19_raw_window,42,10,240,226,1,10,5,14,0,0.13,0,0.5,
GripLost,rf_19_raw_window,42,10,240,226,1,10,6,15,0,0.06666666666666667,0,0.5,
GripLost,rf_19_raw_window,42,10,240,226,1,10,7,16,0,0.04666666666666667,0,0.5,
GripLost,rf_19_raw_window,42,10,240,226,1,10,8,17,0,0.05,0,0.5,
GripLost,rf_19_raw_window,42,10,240,226,1,10,9,18,0,0.07,0,0.5,
GripLost,rf_19_raw_window,42,10,240,226,1,10,10,19,0,0.07333333333333333,0,0.5,
GripLost,rf_19_raw_window,42,10,240,226,1,10,11,20,0,0.06333333333333334,0,0.5,
GripLost,rf_19_raw_window,42,10,240,226,1,10,12,21,0,0.03666666666666667,0,0.5,
GripLost,rf_19_raw_window,42,10,240,226,1,10,13,22,0,0.03333333333333333,0,0.5,
GripLost,rf_19_raw_window,42,10,240,226,1,10,14,23,0,0.03,0,0.5,
GripLost,rf_19_raw_window,42,10,240,226,1,10,15,24,0,0.02666666666666667,0,0.5,
GripLost,rf_19_raw_window,42,10,240,226,1,10,16,25,0,0.03,0,0.5,
GripLost,rf_19_raw_window,42,10,240,226,1,10,17,26,0,0.06,0,0.5,
GripLost,rf_19_raw_window,42,10,240,226,1,10,18,27,0,0.06333333333333334,0,0.5,
GripLost,rf_19_raw_window,42,10,240,226,1,10,19,28,0,0.11,0,0.5,
GripLost,rf_19_raw_window,42,10,240,226,1,10,20,29,0,0.16,0,0.5,
GripLost,rf_19_raw_window,42,10,240,226,1,10,21,30,0,0.18666666666666668,0,0.5,
GripLost,rf_19_raw_window,42,10,240,226,1,10,22,31,0,0.11,0,0.5,
GripLost,rf_19_raw_window,42,10,240,226,1,10,23,32,0,0.12666666666666668,0,0.5,
GripLost,rf_19_raw_window,42,10,240,226,1,10,24,33,0,0.07666666666666666,0,0.5,
GripLost,rf_19_raw_window,42,10,240,226,1,10,25,34,0,0.22,0,0.5,
GripLost,rf_19_raw_window,42,10,240,226,1,10,26,35,0,0.17,0,0.5,
GripLost,rf_19_raw_window,42,10,240,226,1,10,27,36,0,0.13666666666666666,0,0.5,
GripLost,rf_19_raw_window,42,10,240,226,1,10,28,37,0,0.15666666666666668,0,0.5,
GripLost,rf_19_raw_window,42,10,240,226,1,10,29,38,0,0.18666666666666668,0,0.5,
GripLost,rf_19_raw_window,42,10,240,226,1,10,30,39,0,0.13333333333333333,0,0.5,
GripLost,rf_19_raw_window,42,10,240,226,1,10,31,40,0,0.14333333333333334,0,0.5,
GripLost,rf_19_raw_window,42,10,240,226,1,10,32,41,0,0.14333333333333334,0,0.5,
GripLost,rf_19_raw_window,42,10,240,226,1,10,33,42,0,0.09666666666666666,0,0.5,
GripLost,rf_19_raw_window,42,10,240,226,1,10,34,43,0,0.13,0,0.5,
GripLost,rf_19_raw_window,42,10,240,226,1,10,35,44,0,0.11666666666666667,0,0.5,
GripLost,rf_19_raw_window,42,10,240,226,1,10,36,45,0,0.2733333333333333,0,0.5,
GripLost,rf_19_raw_window,42,10,241,227,1,10,0,9,0,0.023333333333333334,0,0.5,
GripLost,rf_19_raw_window,42,10,241,227,1,10,1,10,0,0.05,0,0.5,
GripLost,rf_19_raw_window,42,10,241,227,1,10,2,11,0,0.07333333333333333,0,0.5,
GripLost,rf_19_raw_window,42,10,241,227,1,10,3,12,0,0.08,0,0.5,
GripLost,rf_19_raw_window,42,10,241,227,1,10,4,13,0,0.06,0,0.5,
GripLost,rf_19_raw_window,42,10,241,227,1,10,5,14,0,0.19,0,0.5,
GripLost,rf_19_raw_window,42,10,241,227,1,10,6,15,0,0.24,0,0.5,
GripLost,rf_19_raw_window,42,10,241,227,1,10,7,16,0,0.25333333333333335,0,0.5,
GripLost,rf_19_raw_window,42,10,241,227,1,10,8,17,0,0.2966666666666667,0,0.5,
GripLost,rf_19_raw_window,42,10,241,227,1,10,9,18,0,0.2833333333333333,0,0.5,
GripLost,rf_19_raw_window,42,10,241,227,1,10,10,19,0,0.32666666666666666,0,0.5,
GripLost,rf_19_raw_window,42,10,241,227,1,10,11,20,0,0.31333333333333335,0,0.5,
GripLost,rf_19_raw_window,42,10,241,227,1,10,12,21,0,0.27666666666666667,0,0.5,
GripLost,rf_19_raw_window,42,10,241,227,1,10,13,22,0,0.32666666666666666,0,0.5,
GripLost,rf_19_raw_window,42,10,241,227,1,10,14,23,0,0.2966666666666667,0,0.5,
GripLost,rf_19_raw_window,42,10,242,228,1,10,0,9,0,0.16333333333333333,0,0.5,
GripLost,rf_19_raw_window,42,10,242,228,1,10,1,10,0,0.16,0,0.5,
GripLost,rf_19_raw_window,42,10,242,228,1,10,2,11,0,0.19666666666666666,0,0.5,
GripLost,rf_19_raw_window,42,10,242,228,1,10,3,12,0,0.19666666666666666,0,0.5,
GripLost,rf_19_raw_window,42,10,242,228,1,10,4,13,0,0.16666666666666666,0,0.5,
GripLost,rf_19_raw_window,42,10,242,228,1,10,5,14,0,0.08333333333333333,0,0.5,
GripLost,rf_19_raw_window,42,10,242,228,1,10,6,15,0,0.056666666666666664,0,0.5,
GripLost,rf_19_raw_window,42,10,242,228,1,10,7,16,0,0.05,0,0.5,
GripLost,rf_19_raw_window,42,10,242,228,1,10,8,17,0,0.05,0,0.5,
GripLost,rf_19_raw_window,42,10,242,228,1,10,9,18,0,0.043333333333333335,0,0.5,
GripLost,rf_19_raw_window,42,10,242,228,1,10,10,19,0,0.03,0,0.5,
GripLost,rf_19_raw_window,42,10,242,228,1,10,11,20,0,0.03333333333333333,0,0.5,
GripLost,rf_19_raw_window,42,10,242,228,1,10,12,21,0,0.02666666666666667,0,0.5,
GripLost,rf_19_raw_window,42,10,242,228,1,10,13,22,0,0.056666666666666664,0,0.5,
GripLost,rf_19_raw_window,42,10,242,228,1,10,14,23,0,0.10333333333333333,0,0.5,
GripLost,rf_19_raw_window,42,10,242,228,1,10,15,24,0,0.18,0,0.5,
GripLost,rf_19_raw_window,42,10,242,228,1,10,16,25,0,0.19333333333333333,0,0.5,
GripLost,rf_19_raw_window,42,10,242,228,1,10,17,26,0,0.14,0,0.5,
GripLost,rf_19_raw_window,42,10,242,228,1,10,18,27,0,0.15333333333333332,0,0.5,
GripLost,rf_19_raw_window,42,10,242,228,1,10,19,28,0,0.25666666666666665,0,0.5,
GripLost,rf_19_raw_window,42,10,242,228,1,10,20,29,0,0.27,0,0.5,
GripLost,rf_19_raw_window,42,10,242,228,1,10,21,30,0,0.14333333333333334,0,0.5,
GripLost,rf_19_raw_window,42,10,242,228,1,10,22,31,0,0.06,0,0.5,
GripLost,rf_19_raw_window,42,10,242,228,1,10,23,32,0,0.04,0,0.5,
GripLost,rf_19_raw_window,42,10,242,228,1,10,24,33,0,0.05,0,0.5,
GripLost,rf_19_raw_window,42,10,242,228,1,10,25,34,0,0.04666666666666667,0,0.5,
GripLost,rf_19_raw_window,42,10,242,228,1,10,26,35,0,0.02666666666666667,0,0.5,
GripLost,rf_19_raw_window,42,10,242,228,1,10,27,36,0,0.03666666666666667,0,0.5,
GripLost,rf_19_raw_window,42,10,242,228,1,10,28,37,0,0.05333333333333334,0,0.5,
GripLost,rf_19_raw_window,42,10,242,228,1,10,29,38,0,0.05333333333333334,0,0.5,
GripLost,rf_19_raw_window,42,10,242,228,1,10,30,39,0,0.1,0,0.5,
GripLost,rf_19_raw_window,42,10,242,228,1,10,31,40,0,0.13666666666666666,0,0.5,
GripLost,rf_19_raw_window,42,10,242,228,1,10,32,41,0,0.3,0,0.5,
GripLost,rf_19_raw_window,42,10,242,228,1,10,33,42,0,0.056666666666666664,0,0.5,
GripLost,rf_19_raw_window,42,10,242,228,1,10,34,43,0,0.09333333333333334,0,0.5,
GripLost,rf_19_raw_window,42,10,242,228,1,10,35,44,0,0.03,0,0.5,
GripLost,rf_19_raw_window,42,10,242,228,1,10,36,45,0,0.02666666666666667,0,0.5,
GripLost,rf_19_raw_window,42,10,242,228,1,10,37,46,0,0.02666666666666667,0,0.5,
GripLost,rf_19_raw_window,42,10,242,228,1,10,38,47,0,0.03333333333333333,0,0.5,
GripLost,rf_19_raw_window,42,10,242,228,1,10,39,48,0,0.03333333333333333,0,0.5,
GripLost,rf_19_raw_window,42,10,242,228,1,10,40,49,0,0.04,0,0.5,
GripLost,rf_19_raw_window,42,10,242,228,1,10,41,50,0,0.03,0,0.5,
GripLost,rf_19_raw_window,42,10,242,228,1,10,42,51,0,0.03,0,0.5,
GripLost,rf_19_raw_window,42,10,243,229,1,10,0,9,0,0.10333333333333333,0,0.5,
GripLost,rf_19_raw_window,42,10,243,229,1,10,1,10,0,0.07666666666666666,0,0.5,
GripLost,rf_19_raw_window,42,10,243,229,1,10,2,11,0,0.09666666666666666,0,0.5,
GripLost,rf_19_raw_window,42,10,243,229,1,10,3,12,0,0.10333333333333333,0,0.5,
GripLost,rf_19_raw_window,42,10,243,229,1,10,4,13,0,0.12666666666666668,0,0.5,
GripLost,rf_19_raw_window,42,10,243,229,1,10,5,14,0,0.12333333333333334,0,0.5,
GripLost,rf_19_raw_window,42,10,243,229,1,10,6,15,0,0.16333333333333333,0,0.5,
GripLost,rf_19_raw_window,42,10,243,229,1,10,7,16,0,0.2733333333333333,0,0.5,
GripLost,rf_19_raw_window,42,10,243,229,1,10,8,17,0,0.23333333333333334,0,0.5,
GripLost,rf_19_raw_window,42,10,243,229,1,10,9,18,0,0.12666666666666668,0,0.5,
GripLost,rf_19_raw_window,42,10,243,229,1,10,10,19,0,0.08666666666666667,0,0.5,
GripLost,rf_19_raw_window,42,10,243,229,1,10,11,20,0,0.09333333333333334,0,0.5,
GripLost,rf_19_raw_window,42,10,243,229,1,10,12,21,0,0.12333333333333334,0,0.5,
GripLost,rf_19_raw_window,42,10,243,229,1,10,13,22,0,0.13,0,0.5,
GripLost,rf_19_raw_window,42,10,243,229,1,10,14,23,0,0.10666666666666667,0,0.5,
GripLost,rf_19_raw_window,42,10,243,229,1,10,15,24,0,0.10666666666666667,0,0.5,
GripLost,rf_19_raw_window,42,10,245,230,1,10,0,9,0,0.09666666666666666,0,0.5,
GripLost,rf_19_raw_window,42,10,245,230,1,10,1,10,0,0.11333333333333333,0,0.5,
GripLost,rf_19_raw_window,42,10,245,230,1,10,2,11,0,0.11,0,0.5,
GripLost,rf_19_raw_window,42,10,245,230,1,10,3,12,0,0.13666666666666666,0,0.5,
GripLost,rf_19_raw_window,42,10,245,230,1,10,4,13,0,0.15,0,0.5,
GripLost,rf_19_raw_window,42,10,245,230,1,10,5,14,0,0.14333333333333334,0,0.5,
GripLost,rf_19_raw_window,42,10,245,230,1,10,6,15,0,0.20666666666666667,0,0.5,
GripLost,rf_19_raw_window,42,10,245,230,1,10,7,16,0,0.21333333333333335,0,0.5,
GripLost,rf_19_raw_window,42,10,245,230,1,10,8,17,0,0.22333333333333333,0,0.5,
GripLost,rf_19_raw_window,42,10,245,230,1,10,9,18,0,0.17666666666666667,0,0.5,
GripLost,rf_19_raw_window,42,10,245,230,1,10,10,19,0,0.13666666666666666,0,0.5,
GripLost,rf_19_raw_window,42,10,245,230,1,10,11,20,0,0.07666666666666666,0,0.5,
GripLost,rf_19_raw_window,42,10,245,230,1,10,12,21,0,0.13,0,0.5,
GripLost,rf_19_raw_window,42,10,245,230,1,10,13,22,0,0.09333333333333334,0,0.5,
GripLost,rf_19_raw_window,42,10,245,230,1,10,14,23,0,0.09666666666666666,0,0.5,
GripLost,rf_19_raw_window,42,10,246,231,1,10,0,9,0,0.09333333333333334,0,0.5,
GripLost,rf_19_raw_window,42,10,246,231,1,10,1,10,0,0.10666666666666667,0,0.5,
GripLost,rf_19_raw_window,42,10,246,231,1,10,2,11,0,0.03,0,0.5,
GripLost,rf_19_raw_window,42,10,246,231,1,10,3,12,0,0.06333333333333334,0,0.5,
GripLost,rf_19_raw_window,42,10,246,231,1,10,4,13,0,0.06,0,0.5,
GripLost,rf_19_raw_window,42,10,246,231,1,10,5,14,0,0.056666666666666664,0,0.5,
GripLost,rf_19_raw_window,42,10,246,231,1,10,6,15,0,0.06,0,0.5,
GripLost,rf_19_raw_window,42,10,246,231,1,10,7,16,0,0.06,0,0.5,
GripLost,rf_19_raw_window,42,10,246,231,1,10,8,17,0,0.1,0,0.5,
GripLost,rf_19_raw_window,42,10,246,231,1,10,9,18,0,0.08,0,0.5,
GripLost,rf_19_raw_window,42,10,246,231,1,10,10,19,0,0.09666666666666666,0,0.5,
GripLost,rf_19_raw_window,42,10,246,231,1,10,11,20,0,0.12333333333333334,0,0.5,
GripLost,rf_19_raw_window,42,10,246,231,1,10,12,21,0,0.13,0,0.5,
GripLost,rf_19_raw_window,42,10,246,231,1,10,13,22,0,0.14,0,0.5,
GripLost,rf_19_raw_window,42,10,246,231,1,10,14,23,0,0.023333333333333334,0,0.5,
GripLost,rf_19_raw_window,42,10,246,231,1,10,15,24,0,0.03,0,0.5,
GripLost,rf_19_raw_window,42,10,246,231,1,10,16,25,0,0.023333333333333334,0,0.5,
GripLost,rf_19_raw_window,42,10,246,231,1,10,17,26,0,0.05333333333333334,0,0.5,
GripLost,rf_19_raw_window,42,10,246,231,1,10,18,27,0,0.06,0,0.5,
GripLost,rf_19_raw_window,42,10,246,231,1,10,19,28,0,0.08666666666666667,0,0.5,
GripLost,rf_19_raw_window,42,10,246,231,1,10,20,29,0,0.11,0,0.5,
GripLost,rf_19_raw_window,42,10,246,231,1,10,21,30,0,0.14333333333333334,0,0.5,
GripLost,rf_19_raw_window,42,10,246,231,1,10,22,31,0,0.15666666666666668,0,0.5,
GripLost,rf_19_raw_window,42,10,246,231,1,10,23,32,0,0.10333333333333333,0,0.5,
GripLost,rf_19_raw_window,42,10,246,231,1,10,24,33,0,0.19666666666666666,0,0.5,
GripLost,rf_19_raw_window,42,10,246,231,1,10,25,34,0,0.22666666666666666,0,0.5,
GripLost,rf_19_raw_window,42,10,246,231,1,10,26,35,0,0.27,0,0.5,
GripLost,rf_19_raw_window,42,10,246,231,1,10,27,36,0,0.23333333333333334,0,0.5,
GripLost,rf_19_raw_window,42,10,246,231,1,10,28,37,0,0.19,0,0.5,
GripLost,rf_19_raw_window,42,10,246,231,1,10,29,38,0,0.21333333333333335,0,0.5,
GripLost,rf_19_raw_window,42,10,246,231,1,10,30,39,0,0.26,0,0.5,
GripLost,rf_19_raw_window,42,10,246,231,1,10,31,40,0,0.27666666666666667,0,0.5,
GripLost,rf_19_raw_window,42,10,246,231,1,10,32,41,0,0.24333333333333335,0,0.5,
GripLost,rf_19_raw_window,42,10,246,231,1,10,33,42,0,0.23666666666666666,0,0.5,
GripLost,rf_19_raw_window,42,10,246,231,1,10,34,43,0,0.21333333333333335,0,0.5,
GripLost,rf_19_raw_window,42,10,246,231,1,10,35,44,0,0.22333333333333333,0,0.5,
GripLost,rf_19_raw_window,42,10,246,231,1,10,36,45,0,0.22,0,0.5,
GripLost,rf_19_raw_window,42,10,246,231,1,10,37,46,0,0.08666666666666667,0,0.5,
GripLost,rf_19_raw_window,42,10,246,231,1,10,38,47,0,0.08333333333333333,0,0.5,
GripLost,rf_19_raw_window,42,10,246,231,1,10,39,48,0,0.11,0,0.5,
GripLost,rf_19_raw_window,42,10,247,232,1,10,0,9,0,0.12666666666666668,0,0.5,
GripLost,rf_19_raw_window,42,10,247,232,1,10,1,10,0,0.13333333333333333,0,0.5,
GripLost,rf_19_raw_window,42,10,247,232,1,10,2,11,0,0.14666666666666667,0,0.5,
GripLost,rf_19_raw_window,42,10,247,232,1,10,3,12,0,0.22,0,0.5,
GripLost,rf_19_raw_window,42,10,247,232,1,10,4,13,0,0.13,0,0.5,
GripLost,rf_19_raw_window,42,10,247,232,1,10,5,14,0,0.11,0,0.5,
GripLost,rf_19_raw_window,42,10,247,232,1,10,6,15,0,0.12666666666666668,0,0.5,
GripLost,rf_19_raw_window,42,10,247,232,1,10,7,16,0,0.05,0,0.5,
GripLost,rf_19_raw_window,42,10,247,232,1,10,8,17,1,0.05333333333333334,0,0.5,
GripLost,rf_19_raw_window,42,10,247,232,1,10,9,18,1,0.11666666666666667,0,0.5,
GripLost,rf_19_raw_window,42,10,247,232,1,10,10,19,1,0.11,0,0.5,
GripLost,rf_19_raw_window,42,10,247,232,1,10,11,20,1,0.1,0,0.5,
GripLost,rf_19_raw_window,42,10,247,232,1,10,12,21,1,0.06333333333333334,0,0.5,
GripLost,rf_19_raw_window,42,10,247,232,1,10,13,22,1,0.08,0,0.5,
GripLost,rf_19_raw_window,42,10,247,232,1,10,14,23,1,0.07,0,0.5,
GripLost,rf_19_raw_window,42,10,247,232,1,10,15,24,1,0.08666666666666667,0,0.5,
GripLost,rf_19_raw_window,42,10,247,232,1,10,16,25,1,0.08666666666666667,0,0.5,
GripLost,rf_19_raw_window,42,10,247,232,1,10,17,26,1,0.10666666666666667,0,0.5,
GripLost,rf_19_raw_window,42,10,247,232,1,10,18,27,0,0.13333333333333333,0,0.5,
GripLost,rf_19_raw_window,42,10,247,232,1,10,19,28,0,0.06333333333333334,0,0.5,
GripLost,rf_19_raw_window,42,10,247,232,1,10,20,29,0,0.06666666666666667,0,0.5,
GripLost,rf_19_raw_window,42,10,247,232,1,10,21,30,0,0.06,0,0.5,
GripLost,rf_19_raw_window,42,10,247,232,1,10,22,31,0,0.06333333333333334,0,0.5,
GripLost,rf_19_raw_window,42,10,247,232,1,10,23,32,0,0.04666666666666667,0,0.5,
GripLost,rf_19_raw_window,42,10,247,232,1,10,24,33,0,0.043333333333333335,0,0.5,
GripLost,rf_19_raw_window,42,10,247,232,1,10,25,34,0,0.04666666666666667,0,0.5,
GripLost,rf_19_raw_window,42,10,247,232,1,10,26,35,0,0.04666666666666667,0,0.5,
GripLost,rf_19_raw_window,42,10,247,232,1,10,27,36,0,0.04,0,0.5,
GripLost,rf_19_raw_window,42,10,247,232,1,10,28,37,0,0.06666666666666667,0,0.5,
GripLost,rf_19_raw_window,42,10,247,232,1,10,29,38,0,0.12,0,0.5,
GripLost,rf_19_raw_window,42,10,247,232,1,10,30,39,0,0.21666666666666667,0,0.5,
GripLost,rf_19_raw_window,42,10,247,232,1,10,31,40,0,0.15666666666666668,0,0.5,
GripLost,rf_19_raw_window,42,10,247,232,1,10,32,41,0,0.12666666666666668,0,0.5,
GripLost,rf_19_raw_window,42,10,247,232,1,10,33,42,0,0.14666666666666667,0,0.5,
GripLost,rf_19_raw_window,42,10,247,232,1,10,34,43,0,0.15,0,0.5,
GripLost,rf_19_raw_window,42,10,247,232,1,10,35,44,0,0.2633333333333333,0,0.5,
GripLost,rf_19_raw_window,42,10,247,232,1,10,36,45,0,0.17666666666666667,0,0.5,
GripLost,rf_19_raw_window,42,10,247,232,1,10,37,46,0,0.20333333333333334,0,0.5,
GripLost,rf_19_raw_window,42,10,247,232,1,10,38,47,0,0.19666666666666666,0,0.5,
GripLost,rf_19_raw_window,42,10,247,232,1,10,39,48,0,0.19,0,0.5,
GripLost,rf_19_raw_window,42,10,247,232,1,10,40,49,0,0.13333333333333333,0,0.5,
GripLost,rf_19_raw_window,42,10,247,232,1,10,41,50,0,0.17,0,0.5,
GripLost,rf_19_raw_window,42,10,247,232,1,10,42,51,0,0.16333333333333333,0,0.5,
GripLost,rf_19_raw_window,42,10,247,232,1,10,43,52,0,0.15666666666666668,0,0.5,
GripLost,rf_19_raw_window,42,10,247,232,1,10,44,53,0,0.16333333333333333,0,0.5,
GripLost,rf_19_raw_window,42,10,247,232,1,10,45,54,0,0.16,0,0.5,
GripLost,rf_19_raw_window,42,10,248,233,1,10,0,9,0,0.03666666666666667,0,0.5,
GripLost,rf_19_raw_window,42,10,248,233,1,10,1,10,0,0.056666666666666664,0,0.5,
GripLost,rf_19_raw_window,42,10,248,233,1,10,2,11,0,0.1,0,0.5,
GripLost,rf_19_raw_window,42,10,248,233,1,10,3,12,0,0.08666666666666667,0,0.5,
GripLost,rf_19_raw_window,42,10,248,233,1,10,4,13,0,0.22333333333333333,0,0.5,
GripLost,rf_19_raw_window,42,10,248,233,1,10,5,14,0,0.18,0,0.5,
GripLost,rf_19_raw_window,42,10,248,233,1,10,6,15,0,0.17333333333333334,0,0.5,
GripLost,rf_19_raw_window,42,10,248,233,1,10,7,16,0,0.18666666666666668,0,0.5,
GripLost,rf_19_raw_window,42,10,248,233,1,10,8,17,0,0.13,0,0.5,
GripLost,rf_19_raw_window,42,10,248,233,1,10,9,18,0,0.08333333333333333,0,0.5,
GripLost,rf_19_raw_window,42,10,248,233,1,10,10,19,0,0.08333333333333333,0,0.5,
GripLost,rf_19_raw_window,42,10,248,233,1,10,11,20,0,0.06,0,0.5,
GripLost,rf_19_raw_window,42,10,248,233,1,10,12,21,0,0.07666666666666666,0,0.5,
GripLost,rf_19_raw_window,42,10,248,233,1,10,13,22,0,0.043333333333333335,0,0.5,
GripLost,rf_19_raw_window,42,10,248,233,1,10,14,23,0,0.04666666666666667,0,0.5,
GripLost,rf_19_raw_window,42,10,249,234,1,10,0,9,0,0.03666666666666667,0,0.5,
GripLost,rf_19_raw_window,42,10,249,234,1,10,1,10,0,0.03333333333333333,0,0.5,
GripLost,rf_19_raw_window,42,10,249,234,1,10,2,11,0,0.043333333333333335,0,0.5,
GripLost,rf_19_raw_window,42,10,249,234,1,10,3,12,0,0.06333333333333334,0,0.5,
GripLost,rf_19_raw_window,42,10,249,234,1,10,4,13,0,0.10666666666666667,0,0.5,
GripLost,rf_19_raw_window,42,10,249,234,1,10,5,14,0,0.11333333333333333,0,0.5,
GripLost,rf_19_raw_window,42,10,249,234,1,10,6,15,0,0.09333333333333334,0,0.5,
GripLost,rf_19_raw_window,42,10,249,234,1,10,7,16,0,0.09666666666666666,0,0.5,
GripLost,rf_19_raw_window,42,10,249,234,1,10,8,17,0,0.10333333333333333,0,0.5,
GripLost,rf_19_raw_window,42,10,249,234,1,10,9,18,0,0.11333333333333333,0,0.5,
GripLost,rf_19_raw_window,42,10,249,234,1,10,10,19,0,0.04,0,0.5,
GripLost,rf_19_raw_window,42,10,249,234,1,10,11,20,0,0.03666666666666667,0,0.5,
GripLost,rf_19_raw_window,42,10,249,234,1,10,12,21,0,0.04,0,0.5,
GripLost,rf_19_raw_window,42,10,249,234,1,10,13,22,0,0.056666666666666664,0,0.5,
GripLost,rf_19_raw_window,42,10,249,234,1,10,14,23,0,0.07,0,0.5,
GripLost,rf_19_raw_window,42,10,249,234,1,10,15,24,0,0.043333333333333335,0,0.5,
GripLost,rf_19_raw_window,42,10,249,234,1,10,16,25,0,0.11,0,0.5,
GripLost,rf_19_raw_window,42,10,249,234,1,10,17,26,0,0.16333333333333333,0,0.5,
GripLost,rf_19_raw_window,42,10,249,234,1,10,18,27,0,0.13666666666666666,0,0.5,
GripLost,rf_19_raw_window,42,10,249,234,1,10,19,28,0,0.12,0,0.5,
GripLost,rf_19_raw_window,42,10,249,234,1,10,20,29,0,0.08666666666666667,0,0.5,
GripLost,rf_19_raw_window,42,10,249,234,1,10,21,30,0,0.20666666666666667,0,0.5,
GripLost,rf_19_raw_window,42,10,249,234,1,10,22,31,0,0.15,0,0.5,
GripLost,rf_19_raw_window,42,10,249,234,1,10,23,32,0,0.23,0,0.5,
GripLost,rf_19_raw_window,42,10,249,234,1,10,24,33,0,0.23333333333333334,0,0.5,
GripLost,rf_19_raw_window,42,10,249,234,1,10,25,34,0,0.07333333333333333,0,0.5,
GripLost,rf_19_raw_window,42,10,249,234,1,10,26,35,0,0.06333333333333334,0,0.5,
GripLost,rf_19_raw_window,42,10,249,234,1,10,27,36,0,0.043333333333333335,0,0.5,
GripLost,rf_19_raw_window,42,10,249,234,1,10,28,37,0,0.04666666666666667,0,0.5,
GripLost,rf_19_raw_window,42,10,249,234,1,10,29,38,0,0.043333333333333335,0,0.5,
GripLost,rf_19_raw_window,42,10,249,234,1,10,30,39,0,0.043333333333333335,0,0.5,
GripLost,rf_19_raw_window,42,10,249,234,1,10,31,40,0,0.05,0,0.5,
GripLost,rf_19_raw_window,42,10,249,234,1,10,32,41,0,0.08333333333333333,0,0.5,
GripLost,rf_19_raw_window,42,10,249,234,1,10,33,42,0,0.08666666666666667,0,0.5,
GripLost,rf_19_raw_window,42,10,249,234,1,10,34,43,0,0.10666666666666667,0,0.5,
GripLost,rf_19_raw_window,42,10,249,234,1,10,35,44,0,0.10666666666666667,0,0.5,
GripLost,rf_19_raw_window,42,10,249,234,1,10,36,45,0,0.13333333333333333,0,0.5,
GripLost,rf_19_raw_window,42,10,250,235,1,10,0,9,0,0.05,0,0.5,
GripLost,rf_19_raw_window,42,10,250,235,1,10,1,10,0,0.04666666666666667,0,0.5,
GripLost,rf_19_raw_window,42,10,250,235,1,10,2,11,0,0.07333333333333333,0,0.5,
GripLost,rf_19_raw_window,42,10,250,235,1,10,3,12,0,0.1,0,0.5,
GripLost,rf_19_raw_window,42,10,250,235,1,10,4,13,0,0.09333333333333334,0,0.5,
GripLost,rf_19_raw_window,42,10,250,235,1,10,5,14,0,0.07333333333333333,0,0.5,
GripLost,rf_19_raw_window,42,10,250,235,1,10,6,15,0,0.08,0,0.5,
GripLost,rf_19_raw_window,42,10,250,235,1,10,7,16,0,0.09,0,0.5,
GripLost,rf_19_raw_window,42,10,250,235,1,10,8,17,0,0.09333333333333334,0,0.5,
GripLost,rf_19_raw_window,42,10,250,235,1,10,9,18,0,0.056666666666666664,0,0.5,
GripLost,rf_19_raw_window,42,10,250,235,1,10,10,19,0,0.056666666666666664,0,0.5,
GripLost,rf_19_raw_window,42,10,250,235,1,10,11,20,0,0.07666666666666666,0,0.5,
GripLost,rf_19_raw_window,42,10,250,235,1,10,12,21,0,0.07666666666666666,0,0.5,
GripLost,rf_19_raw_window,42,10,250,235,1,10,13,22,0,0.07,0,0.5,
GripLost,rf_19_raw_window,42,10,250,235,1,10,14,23,0,0.18666666666666668,0,0.5,
GripLost,rf_19_raw_window,42,10,250,235,1,10,15,24,0,0.15333333333333332,0,0.5,
GripLost,rf_19_raw_window,42,10,250,235,1,10,16,25,0,0.19,0,0.5,
GripLost,rf_19_raw_window,42,10,250,235,1,10,17,26,0,0.31666666666666665,0,0.5,
GripLost,rf_19_raw_window,42,10,250,235,1,10,18,27,0,0.21,0,0.5,
GripLost,rf_19_raw_window,42,10,250,235,1,10,19,28,0,0.25333333333333335,0,0.5,
GripLost,rf_19_raw_window,42,10,250,235,1,10,20,29,0,0.15333333333333332,0,0.5,
GripLost,rf_19_raw_window,42,10,250,235,1,10,21,30,0,0.14,0,0.5,
GripLost,rf_19_raw_window,42,10,250,235,1,10,22,31,0,0.30333333333333334,0,0.5,
GripLost,rf_19_raw_window,42,10,250,235,1,10,23,32,0,0.3466666666666667,0,0.5,
GripLost,rf_19_raw_window,42,10,250,235,1,10,24,33,1,0.58,1,0.5,
GripLost,rf_19_raw_window,42,10,250,235,1,10,25,34,1,0.5,0,0.5,
GripLost,rf_19_raw_window,42,10,250,235,1,10,26,35,1,0.65,1,0.5,
GripLost,rf_19_raw_window,42,10,250,235,1,10,27,36,1,0.68,1,0.5,
GripLost,rf_19_raw_window,42,10,250,235,1,10,28,37,1,0.69,1,0.5,
GripLost,rf_19_raw_window,42,10,250,235,1,10,29,38,1,0.68,1,0.5,
GripLost,rf_19_raw_window,42,10,250,235,1,10,30,39,1,0.6066666666666667,1,0.5,
GripLost,rf_19_raw_window,42,10,250,235,1,10,31,40,1,0.5066666666666667,1,0.5,
GripLost,rf_19_raw_window,42,10,250,235,1,10,32,41,1,0.57,1,0.5,
