target,model_variant,test_block,cycle,cycle_run,cycle_occurrence,true_event_cycle,seed_count,seeds_with_cycle_alert,seeds_detecting_event,consensus_required,consensus_cycle_alert,consensus_event_detected
System_Failure,rf_19_raw_window,1,1,1,1,1,1,1,1,1,1,1
System_Failure,rf_19_raw_window,1,2,2,1,1,1,1,1,1,1,1
System_Failure,rf_19_raw_window,1,3,3,1,0,1,0,0,1,0,0
System_Failure,rf_19_raw_window,1,4,4,1,0,1,0,0,1,0,0
System_Failure,rf_19_raw_window,1,5,5,1,1,1,1,1,1,1,1
System_Failure,rf_19_raw_window,1,6,6,1,1,1,1,1,1,1,1
System_Failure,rf_19_raw_window,1,8,8,1,0,1,0,0,1,0,0
System_Failure,rf_19_raw_window,1,9,9,1,0,1,0,0,1,0,0
System_Failure,rf_19_raw_window,1,10,10,1,0,1,0,0,1,0,0
System_Failure,rf_19_raw_window,1,11,11,1,0,1,0,0,1,0,0
System_Failure,rf_19_raw_window,1,12,12,1,0,1,0,0,1,0,0
System_Failure,rf_19_raw_window,1,13,13,1,0,1,0,0,1,0,0
System_Failure,rf_19_raw_window,1,14,14,1,1,1,1,1,1,1,1
System_Failure,rf_19_raw_window,1,15,15,1,1,1,1,1,1,1,1
System_Failure,rf_19_raw_window,1,16,16,1,0,1,0,0,1,0,0
System_Failure,rf_19_raw_window,1,17,17,1,0,1,0,0,1,0,0
System_Failure,rf_19_raw_window,1,18,18,1,0,1,0,0,1,0,0
System_Failure,rf_19_raw_window,1,19,19,1,0,1,0,0,1,0,0
System_Failure,rf_19_raw_window,1,20,20,1,0,1,0,0,1,0,0
System_Failure,rf_19_raw_window,1,21,21,1,0,1,0,0,1,0,0
System_Failure,rf_19_raw_window,1,22,22,1,1,1,1,1,1,1,1
System_Failure,rf_19_raw_window,1,23,23,1,0,1,0,0,1,0,0
System_Failure,rf_19_raw_window,1,24,24,1,0,1,0,0,1,0,0
System_Failure,rf_19_raw_window,1,25,25,1,0,1,0,0,1,0,0
System_Failure,rf_19_raw_window,2,26,26,1,0,1,0,0,1,0,0
System_Failure,rf_19_raw_window,2,27,27,1,0,1,0,0,1,0,0
System_Failure,rf_19_raw_window,2,28,28,1,0,1,0,0,1,0,0
System_Failure,rf_19_raw_window,2,29,29,1,0,1,0,0,1,0,0
System_Failure,rf_19_raw_window,2,30,30,1,0,1,0,0,1,0,0
System_Failure,rf_19_raw_window,2,31,31,1,0,1,0,0,1,0,0
System_Failure,rf_19_raw_window,2,32,32,1,0,1,0,0,1,0,0
System_Failure,rf_19_raw_window,2,33,33,1,0,1,0,0,1,0,0
System_Failure,rf_19_raw_window,2,34,34,1,0,1,0,0,1,0,0
System_Failure,rf_19_raw_window,2,35,35,1,1,1,1,1,1,1,1
System_Failure,rf_19_raw_window,2,36,36,1,1,1,1,1,1,1,1
System_Failure,rf_19_raw_window,2,37,37,1,0,1,0,0,1,0,0
System_Failure,rf_19_raw_window,2,38,38,1,0,1,0,0,1,0,0
System_Failure,rf_19_raw_window,2,39,39,1,1,1,1,1,1,1,1
System_Failure,rf_19_raw_window,2,40,40,1,1,1,1,1,1,1,1
System_Failure,rf_19_raw_window,2,41,41,1,0,1,0,0,1,0,0
System_Failure,rf_19_raw_window,2,42,42,1,1,1,1,1,1,1,1
System_Failure,rf_19_raw_window,2,43,43,1,0,1,0,0,1,0,0
System_Failure,rf_19_raw_window,2,44,44,1,0,1,0,0,1,0,0
System_Failure,rf_19_raw_window,2,45,45,1,0,1,0,0,1,0,0
System_Failure,rf_19_raw_window,2,48,48,1,0,1,0,0,1,0,0
System_Failure,rf_19_raw_window,2,49,49,1,0,1,0,0,1,0,0
System_Failure,rf_19_raw_window,2,50,50,1,0,1,0,0,1,0,0
System_Failure,rf_19_raw_window,3,51,51,1,0,1,0,0,1,0,0
System_Failure,rf_19_raw_window,3,52,52,1,0,1,0,0,1,0,0
System_Failure,rf_19_raw_window,3,53,53,1,1,1,1,1,1,1,1
System_Failure,rf_19_raw_window,3,54,54,1,0,1,0,0,1,0,0
System_Failure,rf_19_raw_window,3,55,55,1,0,1,0,0,1,0,0
System_Failure,rf_19_raw_window,3,56,56,1,0,1,0,0,1,0,0
System_Failure,rf_19_raw_window,3,57,57,1,0,1,1,0,1,1,0
System_Failure,rf_19_raw_window,3,58,58,1,0,1,0,0,1,0,0
System_Failure,rf_19_raw_window,3,59,59,1,0,1,0,0,1,0,0
System_Failure,rf_19_raw_window,3,60,60,1,0,1,0,0,1,0,0
System_Failure,rf_19_raw_window,3,61,61,1,0,1,0,0,1,0,0
System_Failure,rf_19_raw_window,3,62,62,1,0,1,1,0,1,1,0
System_Failure,rf_19_raw_window,3,63,63,1,1,1,1,1,1,1,1
System_Failure,rf_19_raw_window,3,64,64,1,1,1,1,1,1,1,1
System_Failure,rf_19_raw_window,3,65,65,1,1,1,1,1,1,1,1
System_Failure,rf_19_raw_window,3,66,66,1,0,1,0,0,1,0,0
System_Failure,rf_19_raw_window,3,67,67,1,1,1,1,1,1,1,1
System_Failure,rf_19_raw_window,3,68,68,1,0,1,0,0,1,0,0
System_Failure,rf_19_raw_window,3,69,69,1,1,1,1,1,1,1,1
System_Failure,rf_19_raw_window,3,70,70,1,0,1,0,0,1,0,0
System_Failure,rf_19_raw_window,3,71,71,1,0,1,1,0,1,1,0
System_Failure,rf_19_raw_window,3,72,72,1,0,1,0,0,1,0,0
System_Failure,rf_19_raw_window,3,73,73,1,0,1,0,0,1,0,0
System_Failure,rf_19_raw_window,3,75,74,1,0,1,0,0,1,0,0
System_Failure,rf_19_raw_window,4,76,75,1,1,1,1,1,1,1,1
System_Failure,rf_19_raw_window,4,85,84,1,0,1,1,0,1,1,0
System_Failure,rf_19_raw_window,4,86,85,1,1,1,1,1,1,1,1
System_Failure,rf_19_raw_window,4,87,86,1,1,1,1,1,1,1,1
System_Failure,rf_19_raw_window,4,88,87,1,0,1,0,0,1,0,0
System_Failure,rf_19_raw_window,4,89,88,1,0,1,0,0,1,0,0
System_Failure,rf_19_raw_window,4,90,89,1,0,1,0,0,1,0,0
System_Failure,rf_19_raw_window,4,91,90,1,1,1,1,1,1,1,1
System_Failure,rf_19_raw_window,4,92,91,1,1,1,1,1,1,1,1
System_Failure,rf_19_raw_window,4,93,92,1,0,1,0,0,1,0,0
System_Failure,rf_19_raw_window,4,94,93,1,0,1,0,0,1,0,0
System_Failure,rf_19_raw_window,4,95,94,1,1,1,1,1,1,1,1
System_Failure,rf_19_raw_window,4,96,95,1,1,1,1,1,1,1,1
System_Failure,rf_19_raw_window,4,97,96,1,1,1,1,1,1,1,1
System_Failure,rf_19_raw_window,4,98,97,1,0,1,0,0,1,0,0
System_Failure,rf_19_raw_window,4,99,98,1,1,1,1,1,1,1,1
System_Failure,rf_19_raw_window,4,100,99,1,0,1,0,0,1,0,0
System_Failure,rf_19_raw_window,5,101,100,1,0,1,0,0,1,0,0
System_Failure,rf_19_raw_window,5,102,101,1,0,1,0,0,1,0,0
System_Failure,rf_19_raw_window,5,103,102,1,1,1,1,1,1,1,1
System_Failure,rf_19_raw_window,5,104,103,1,0,1,0,0,1,0,0
System_Failure,rf_19_raw_window,5,105,104,1,1,1,1,1,1,1,1
System_Failure,rf_19_raw_window,5,106,105,1,0,1,0,0,1,0,0
System_Failure,rf_19_raw_window,5,107,106,1,0,1,0,0,1,0,0
System_Failure,rf_19_raw_window,5,108,107,1,1,1,1,1,1,1,1
System_Failure,rf_19_raw_window,5,109,108,1,0,1,0,0,1,0,0
System_Failure,rf_19_raw_window,5,110,109,1,0,1,0,0,1,0,0
System_Failure,rf_19_raw_window,5,111,110,1,0,1,0,0,1,0,0
System_Failure,rf_19_raw_window,5,112,111,1,0,1,0,0,1,0,0
System_Failure,rf_19_raw_window,5,113,112,1,0,1,0,0,1,0,0
System_Failure,rf_19_raw_window,5,114,113,1,0,1,0,0,1,0,0
System_Failure,rf_19_raw_window,5,115,114,1,1,1,1,1,1,1,1
System_Failure,rf_19_raw_window,5,116,115,1,0,1,0,0,1,0,0
System_Failure,rf_19_raw_window,5,117,116,1,1,1,1,1,1,1,1
System_Failure,rf_19_raw_window,5,118,117,1,1,1,1,1,1,1,1
System_Failure,rf_19_raw_window,5,119,118,1,0,1,0,0,1,0,0
System_Failure,rf_19_raw_window,5,120,119,1,0,1,0,0,1,0,0
System_Failure,rf_19_raw_window,5,121,120,1,0,1,0,0,1,0,0
System_Failure,rf_19_raw_window,5,122,121,1,0,1,0,0,1,0,0
System_Failure,rf_19_raw_window,5,123,122,1,0,1,1,0,1,1,0
System_Failure,rf_19_raw_window,5,124,123,1,0,1,0,0,1,0,0
System_Failure,rf_19_raw_window,5,125,124,1,0,1,0,0,1,0,0
System_Failure,rf_19_raw_window,7,151,129,1,0,1,0,0,1,0,0
System_Failure,rf_19_raw_window,7,152,130,1,1,1,1,1,1,1,1
System_Failure,rf_19_raw_window,7,153,131,1,0,1,0,0,1,0,0
System_Failure,rf_19_raw_window,7,154,132,1,0,1,0,0,1,0,0
System_Failure,rf_19_raw_window,7,155,133,1,0,1,0,0,1,0,0
System_Failure,rf_19_raw_window,7,156,134,1,0,1,0,0,1,0,0
System_Failure,rf_19_raw_window,7,157,135,1,0,1,0,0,1,0,0
System_Failure,rf_19_raw_window,7,159,137,1,1,1,1,1,1,1,1
System_Failure,rf_19_raw_window,7,160,138,1,1,1,1,1,1,1,1
System_Failure,rf_19_raw_window,7,161,139,1,0,1,0,0,1,0,0
System_Failure,rf_19_raw_window,7,162,140,1,0,1,0,0,1,0,0
System_Failure,rf_19_raw_window,7,163,141,1,1,1,1,1,1,1,1
System_Failure,rf_19_raw_window,7,164,142,1,1,1,1,1,1,1,1
System_Failure,rf_19_raw_window,7,165,143,1,0,1,0,0,1,0,0
System_Failure,rf_19_raw_window,7,166,144,1,0,1,0,0,1,0,0
System_Failure,rf_19_raw_window,7,167,145,1,0,1,0,0,1,0,0
System_Failure,rf_19_raw_window,7,168,146,1,0,1,0,0,1,0,0
System_Failure,rf_19_raw_window,7,169,147,1,0,1,0,0,1,0,0
System_Failure,rf_19_raw_window,7,170,148,1,1,1,1,1,1,1,1
System_Failure,rf_19_raw_window,7,171,149,1,0,1,0,0,1,0,0
System_Failure,rf_19_raw_window,7,172,150,1,0,1,0,0,1,0,0
System_Failure,rf_19_raw_window,7,173,151,1,1,1,1,1,1,1,1
System_Failure,rf_19_raw_window,7,174,152,1,1,1,1,1,1,1,1
System_Failure,rf_19_raw_window,7,175,153,1,1,1,1,1,1,1,1
System_Failure,rf_19_raw_window,8,176,154,1,0,1,0,0,1,0,0
System_Failure,rf_19_raw_window,8,177,155,1,0,1,0,0,1,0,0
System_Failure,rf_19_raw_window,8,178,156,1,0,1,0,0,1,0,0
System_Failure,rf_19_raw_window,8,179,157,1,0,1,0,0,1,0,0
System_Failure,rf_19_raw_window,8,180,158,1,1,1,1,1,1,1,1
System_Failure,rf_19_raw_window,8,181,159,1,0,1,0,0,1,0,0
System_Failure,rf_19_raw_window,8,182,160,1,1,1,1,1,1,1,1
System_Failure,rf_19_raw_window,8,183,161,1,1,1,1,1,1,1,1
System_Failure,rf_19_raw_window,8,184,162,1,0,1,0,0,1,0,0
System_Failure,rf_19_raw_window,8,185,163,1,1,1,1,1,1,1,1
System_Failure,rf_19_raw_window,8,199,176,1,0,1,0,0,1,0,0
System_Failure,rf_19_raw_window,8,200,177,1,1,1,1,1,1,1,1
System_Failure,rf_19_raw_window,9,201,178,1,1,1,1,1,1,1,1
System_Failure,rf_19_raw_window,9,202,179,1,1,1,1,1,1,1,1
System_Failure,rf_19_raw_window,9,203,180,1,0,1,0,0,1,0,0
System_Failure,rf_19_raw_window,9,204,181,1,1,1,1,1,1,1,1
System_Failure,rf_19_raw_window,9,205,182,1,0,1,0,0,1,0,0
System_Failure,rf_19_raw_window,9,206,183,1,1,1,1,1,1,1,1
System_Failure,rf_19_raw_window,9,207,184,1,0,1,0,0,1,0,0
System_Failure,rf_19_raw_window,9,208,185,1,1,1,1,1,1,1,1
System_Failure,rf_19_raw_window,9,209,186,1,0,1,0,0,1,0,0
System_Failure,rf_19_raw_window,9,210,187,1,1,1,1,1,1,1,1
System_Failure,rf_19_raw_window,9,211,188,1,0,1,0,0,1,0,0
System_Failure,rf_19_raw_window,9,212,189,1,1,1,1,1,1,1,1
System_Failure,rf_19_raw_window,9,213,190,1,0,1,0,0,1,0,0
System_Failure,rf_19_raw_window,9,214,191,1,1,1,1,1,1,1,1
System_Failure,rf_19_raw_window,9,215,192,1,1,1,1,1,1,1,1
System_Failure,rf_19_raw_window,9,216,193,1,1,1,0,0,1,0,0
System_Failure,rf_19_raw_window,9,217,194,1,1,1,1,1,1,1,1
System_Failure,rf_19_raw_window,9,218,195,1,1,1,1,1,1,1,1
System_Failure,rf_19_raw_window,9,219,196,1,1,1,1,1,1,1,1
System_Failure,rf_19_raw_window,9,220,197,1,1,1,1,1,1,1,1
System_Failure,rf_19_raw_window,9,221,198,1,1,1,1,1,1,1,1
System_Failure,rf_19_raw_window,9,222,199,1,1,1,1,1,1,1,1
System_Failure,rf_19_raw_window,9,223,200,1,1,1,1,1,1,1,1
System_Failure,rf_19_raw_window,9,224,201,1,1,1,1,1,1,1,1
System_Failure,rf_19_raw_window,9,225,202,1,1,1,1,1,1,1,1
System_Failure,rf_19_raw_window,9,224,210,2,1,1,1,1,1,1,1
System_Failure,rf_19_raw_window,10,226,203,1,1,1,1,1,1,1,1
System_Failure,rf_19_raw_window,10,227,204,1,1,1,0,0,1,0,0
System_Failure,rf_19_raw_window,10,229,205,1,1,1,1,1,1,1,1
System_Failure,rf_19_raw_window,10,230,206,1,1,1,1,1,1,1,1
System_Failure,rf_19_raw_window,10,231,207,1,1,1,1,1,1,1,1
System_Failure,rf_19_raw_window,10,232,208,1,0,1,0,0,1,0,0
System_Failure,rf_19_raw_window,10,233,209,1,1,1,1,1,1,1,1
System_Failure,rf_19_raw_window,10,230,216,2,1,1,1,1,1,1,1
System_Failure,rf_19_raw_window,10,231,217,2,1,1,1,1,1,1,1
System_Failure,rf_19_raw_window,10,232,218,2,1,1,1,1,1,1,1
System_Failure,rf_19_raw_window,10,233,219,2,1,1,1,1,1,1,1
System_Failure,rf_19_raw_window,10,234,220,1,1,1,1,1,1,1,1
System_Failure,rf_19_raw_window,10,235,221,1,1,1,1,1,1,1,1
System_Failure,rf_19_raw_window,10,236,222,1,0,1,0,0,1,0,0
System_Failure,rf_19_raw_window,10,237,223,1,1,1,1,1,1,1,1
System_Failure,rf_19_raw_window,10,238,224,1,0,1,0,0,1,0,0
System_Failure,rf_19_raw_window,10,239,225,1,1,1,1,1,1,1,1
System_Failure,rf_19_raw_window,10,240,226,1,1,1,1,1,1,1,1
System_Failure,rf_19_raw_window,10,241,227,1,0,1,0,0,1,0,0
System_Failure,rf_19_raw_window,10,242,228,1,1,1,1,1,1,1,1
System_Failure,rf_19_raw_window,10,243,229,1,0,1,0,0,1,0,0
System_Failure,rf_19_raw_window,10,245,230,1,0,1,0,0,1,0,0
System_Failure,rf_19_raw_window,10,246,231,1,1,1,1,1,1,1,1
System_Failure,rf_19_raw_window,10,247,232,1,1,1,1,1,1,1,1
System_Failure,rf_19_raw_window,10,248,233,1,0,1,0,0,1,0,0
System_Failure,rf_19_raw_window,10,249,234,1,1,1,1,1,1,1,1
System_Failure,rf_19_raw_window,10,250,235,1,1,1,1,1,1,1,1
ProtectiveStop,rf_19_raw_window,1,1,1,1,1,1,0,0,1,0,0
ProtectiveStop,rf_19_raw_window,1,2,2,1,0,1,0,0,1,0,0
ProtectiveStop,rf_19_raw_window,1,3,3,1,0,1,0,0,1,0,0
ProtectiveStop,rf_19_raw_window,1,4,4,1,0,1,0,0,1,0,0
ProtectiveStop,rf_19_raw_window,1,5,5,1,0,1,0,0,1,0,0
ProtectiveStop,rf_19_raw_window,1,6,6,1,0,1,0,0,1,0,0
ProtectiveStop,rf_19_raw_window,1,8,8,1,0,1,0,0,1,0,0
ProtectiveStop,rf_19_raw_window,1,9,9,1,0,1,0,0,1,0,0
ProtectiveStop,rf_19_raw_window,1,10,10,1,0,1,0,0,1,0,0
ProtectiveStop,rf_19_raw_window,1,11,11,1,0,1,0,0,1,0,0
ProtectiveStop,rf_19_raw_window,1,12,12,1,0,1,0,0,1,0,0
ProtectiveStop,rf_19_raw_window,1,13,13,1,0,1,0,0,1,0,0
ProtectiveStop,rf_19_raw_window,1,14,14,1,0,1,0,0,1,0,0
ProtectiveStop,rf_19_raw_window,1,15,15,1,0,1,0,0,1,0,0
ProtectiveStop,rf_19_raw_window,1,16,16,1,0,1,0,0,1,0,0
ProtectiveStop,rf_19_raw_window,1,17,17,1,0,1,0,0,1,0,0
ProtectiveStop,rf_19_raw_window,1,18,18,1,0,1,0,0,1,0,0
ProtectiveStop,rf_19_raw_window,1,19,19,1,0,1,0,0,1,0,0
ProtectiveStop,rf_19_raw_window,1,20,20,1,0,1,0,0,1,0,0
ProtectiveStop,rf_19_raw_window,1,21,21,1,0,1,0,0,1,0,0
ProtectiveStop,rf_19_raw_window,1,22,22,1,1,1,1,1,1,1,1
ProtectiveStop,rf_19_raw_window,1,23,23,1,0,1,0,0,1,0,0
ProtectiveStop,rf_19_raw_window,1,24,24,1,0,1,0,0,1,0,0
ProtectiveStop,rf_19_raw_window,1,25,25,1,0,1,0,0,1,0,0
ProtectiveStop,rf_19_raw_window,2,26,26,1,0,1,0,0,1,0,0
ProtectiveStop,rf_19_raw_window,2,27,27,1,0,1,0,0,1,0,0
ProtectiveStop,rf_19_raw_window,2,28,28,1,0,1,0,0,1,0,0
ProtectiveStop,rf_19_raw_window,2,29,29,1,0,1,0,0,1,0,0
ProtectiveStop,rf_19_raw_window,2,30,30,1,0,1,0,0,1,0,0
ProtectiveStop,rf_19_raw_window,2,31,31,1,0,1,0,0,1,0,0
ProtectiveStop,rf_19_raw_window,2,32,32,1,0,1,0,0,1,0,0
ProtectiveStop,rf_19_raw_window,2,33,33,1,0,1,0,0,1,0,0
ProtectiveStop,rf_19_raw_window,2,34,34,1,0,1,0,0,1,0,0
ProtectiveStop,rf_19_raw_window,2,35,35,1,1,1,1,1,1,1,1
ProtectiveStop,rf_19_raw_window,2,36,36,1,0,1,0,0,1,0,0
ProtectiveStop,rf_19_raw_window,2,37,37,1,0,1,0,0,1,0,0
ProtectiveStop,rf_19_raw_window,2,38,38,1,0,1,0,0,1,0,0
ProtectiveStop,rf_19_raw_window,2,39,39,1,0,1,0,0,1,0,0
ProtectiveStop,rf_19_raw_window,2,40,40,1,0,1,0,0,1,0,0
ProtectiveStop,rf_19_raw_window,2,41,41,1,0,1,0,0,1,0,0
ProtectiveStop,rf_19_raw_window,2,42,42,1,1,1,1,1,1,1,1
ProtectiveStop,rf_19_raw_window,2,43,43,1,0,1,0,0,1,0,0
ProtectiveStop,rf_19_raw_window,2,44,44,1,0,1,0,0,1,0,0
ProtectiveStop,rf_19_raw_window,2,45,45,1,0,1,0,0,1,0,0
ProtectiveStop,rf_19_raw_window,2,48,48,1,0,1,0,0,1,0,0
ProtectiveStop,rf_19_raw_window,2,49,49,1,0,1,0,0,1,0,0
ProtectiveStop,rf_19_raw_window,2,50,50,1,0,1,0,0,1,0,0
ProtectiveStop,rf_19_raw_window,3,51,51,1,0,1,0,0,1,0,0
ProtectiveStop,rf_19_raw_window,3,52,52,1,0,1,0,0,1,0,0
ProtectiveStop,rf_19_raw_window,3,53,53,1,1,1,1,1,1,1,1
ProtectiveStop,rf_19_raw_window,3,54,54,1,0,1,0,0,1,0,0
ProtectiveStop,rf_19_raw_window,3,55,55,1,0,1,0,0,1,0,0
ProtectiveStop,rf_19_raw_window,3,56,56,1,0,1,0,0,1,0,0
ProtectiveStop,rf_19_raw_window,3,57,57,1,0,1,1,0,1,1,0
ProtectiveStop,rf_19_raw_window,3,58,58,1,0,1,0,0,1,0,0
ProtectiveStop,rf_19_raw_window,3,59,59,1,0,1,0,0,1,0,0
ProtectiveStop,rf_19_raw_window,3,60,60,1,0,1,0,0,1,0,0
ProtectiveStop,rf_19_raw_window,3,61,61,1,0,1,0,0,1,0,0
ProtectiveStop,rf_19_raw_window,3,62,62,1,0,1,1,0,1,1,0
ProtectiveStop,rf_19_raw_window,3,63,63,1,1,1,1,1,1,1,1
ProtectiveStop,rf_19_raw_window,3,64,64,1,0,1,0,0,1,0,0
ProtectiveStop,rf_19_raw_window,3,65,65,1,0,1,0,0,1,0,0
ProtectiveStop,rf_19_raw_window,3,66,66,1,0,1,0,0,1,0,0
ProtectiveStop,rf_19_raw_window,3,67,67,1,0,1,0,0,1,0,0
ProtectiveStop,rf_19_raw_window,3,68,68,1,0,1,0,0,1,0,0
ProtectiveStop,rf_19_raw_window,3,69,69,1,1,1,1,1,1,1,1
ProtectiveStop,rf_19_raw_window,3,70,70,1,0,1,0,0,1,0,0
ProtectiveStop,rf_19_raw_window,3,71,71,1,0,1,1,0,1,1,0
ProtectiveStop,rf_19_raw_window,3,72,72,1,0,1,0,0,1,0,0
ProtectiveStop,rf_19_raw_window,3,73,73,1,0,1,0,0,1,0,0
ProtectiveStop,rf_19_raw_window,3,75,74,1,0,1,0,0,1,0,0
ProtectiveStop,rf_19_raw_window,4,76,75,1,0,1,0,0,1,0,0
ProtectiveStop,rf_19_raw_window,4,85,84,1,0,1,1,0,1,1,0
ProtectiveStop,rf_19_raw_window,4,86,85,1,1,1,1,1,1,1,1
ProtectiveStop,rf_19_raw_window,4,87,86,1,1,1,1,1,1,1,1
ProtectiveStop,rf_19_raw_window,4,88,87,1,0,1,0,0,1,0,0
ProtectiveStop,rf_19_raw_window,4,89,88,1,0,1,0,0,1,0,0
ProtectiveStop,rf_19_raw_window,4,90,89,1,0,1,0,0,1,0,0
ProtectiveStop,rf_19_raw_window,4,91,90,1,0,1,0,0,1,0,0
ProtectiveStop,rf_19_raw_window,4,92,91,1,0,1,0,0,1,0,0
ProtectiveStop,rf_19_raw_window,4,93,92,1,0,1,0,0,1,0,0
ProtectiveStop,rf_19_raw_window,4,94,93,1,0,1,0,0,1,0,0
ProtectiveStop,rf_19_raw_window,4,95,94,1,0,1,0,0,1,0,0
ProtectiveStop,rf_19_raw_window,4,96,95,1,0,1,0,0,1,0,0
ProtectiveStop,rf_19_raw_window,4,97,96,1,0,1,0,0,1,0,0
ProtectiveStop,rf_19_raw_window,4,98,97,1,0,1,0,0,1,0,0
ProtectiveStop,rf_19_raw_window,4,99,98,1,1,1,1,1,1,1,1
ProtectiveStop,rf_19_raw_window,4,100,99,1,0,1,0,0,1,0,0
ProtectiveStop,rf_19_raw_window,5,101,100,1,0,1,0,0,1,0,0
ProtectiveStop,rf_19_raw_window,5,102,101,1,0,1,0,0,1,0,0
ProtectiveStop,rf_19_raw_window,5,103,102,1,1,1,1,1,1,1,1
ProtectiveStop,rf_19_raw_window,5,104,103,1,0,1,0,0,1,0,0
ProtectiveStop,rf_19_raw_window,5,105,104,1,0,1,0,0,1,0,0
ProtectiveStop,rf_19_raw_window,5,106,105,1,0,1,0,0,1,0,0
ProtectiveStop,rf_19_raw_window,5,107,106,1,0,1,0,0,1,0,0
ProtectiveStop,rf_19_raw_window,5,108,107,1,1,1,1,1,1,1,1
ProtectiveStop,rf_19_raw_window,5,109,108,1,0,1,0,0,1,0,0
ProtectiveStop,rf_19_raw_window,5,110,109,1,0,1,0,0,1,0,0
ProtectiveStop,rf_19_raw_window,5,111,110,1,0,1,0,0,1,0,0
ProtectiveStop,rf_19_raw_window,5,112,111,1,0,1,0,0,1,0,0
ProtectiveStop,rf_19_raw_window,5,113,112,1,0,1,0,0,1,0,0
ProtectiveStop,rf_19_raw_window,5,114,113,1,0,1,0,0,1,0,0
ProtectiveStop,rf_19_raw_window,5,115,114,1,1,1,1,1,1,1,1
ProtectiveStop,rf_19_raw_window,5,116,115,1,0,1,0,0,1,0,0
ProtectiveStop,rf_19_raw_window,5,117,116,1,1,1,1,1,1,1,1
ProtectiveStop,rf_19_raw_window,5,118,117,1,1,1,1,1,1,1,1
ProtectiveStop,rf_19_raw_window,5,119,118,1,0,1,0,0,1,0,0
ProtectiveStop,rf_19_raw_window,5,120,119,1,0,1,0,0,1,0,0
ProtectiveStop,rf_19_raw_window,5,121,120,1,0,1,0,0,1,0,0
ProtectiveStop,rf_19_raw_window,5,122,121,1,0,1,0,0,1,0,0
ProtectiveStop,rf_19_raw_window,5,123,122,1,0,1,0,0,1,0,0
ProtectiveStop,rf_19_raw_window,5,124,123,1,0,1,0,0,1,0,0
ProtectiveStop,rf_19_raw_window,5,125,124,1,0,1,0,0,1,0,0
ProtectiveStop,rf_19_raw_window,7,151,129,1,0,1,0,0,1,0,0
ProtectiveStop,rf_19_raw_window,7,152,130,1,1,1,1,1,1,1,1
ProtectiveStop,rf_19_raw_window,7,153,131,1,0,1,0,0,1,0,0
ProtectiveStop,rf_19_raw_window,7,154,132,1,0,1,0,0,1,0,0
ProtectiveStop,rf_19_raw_window,7,155,133,1,0,1,0,0,1,0,0
ProtectiveStop,rf_19_raw_window,7,156,134,1,0,1,0,0,1,0,0
ProtectiveStop,rf_19_raw_window,7,157,135,1,0,1,0,0,1,0,0
ProtectiveStop,rf_19_raw_window,7,159,137,1,1,1,1,1,1,1,1
ProtectiveStop,rf_19_raw_window,7,160,138,1,0,1,0,0,1,0,0
ProtectiveStop,rf_19_raw_window,7,161,139,1,0,1,0,0,1,0,0
ProtectiveStop,rf_19_raw_window,7,162,140,1,0,1,0,0,1,0,0
ProtectiveStop,rf_19_raw_window,7,163,141,1,1,1,1,1,1,1,1
ProtectiveStop,rf_19_raw_window,7,164,142,1,1,1,1,1,1,1,1
ProtectiveStop,rf_19_raw_window,7,165,143,1,0,1,0,0,1,0,0
ProtectiveStop,rf_19_raw_window,7,166,144,1,0,1,0,0,1,0,0
ProtectiveStop,rf_19_raw_window,7,167,145,1,0,1,0,0,1,0,0
ProtectiveStop,rf_19_raw_window,7,168,146,1,0,1,0,0,1,0,0
ProtectiveStop,rf_19_raw_window,7,169,147,1,0,1,0,0,1,0,0
ProtectiveStop,rf_19_raw_window,7,170,148,1,1,1,1,1,1,1,1
ProtectiveStop,rf_19_raw_window,7,171,149,1,0,1,0,0,1,0,0
ProtectiveStop,rf_19_raw_window,7,172,150,1,0,1,0,0,1,0,0
ProtectiveStop,rf_19_raw_window,7,173,151,1,1,1,1,1,1,1,1
ProtectiveStop,rf_19_raw_window,7,174,152,1,1,1,1,1,1,1,1
ProtectiveStop,rf_19_raw_window,7,175,153,1,1,1,1,1,1,1,1
ProtectiveStop,rf_19_raw_window,8,176,154,1,0,1,0,0,1,0,0
ProtectiveStop,rf_19_raw_window,8,177,155,1,0,1,0,0,1,0,0
ProtectiveStop,rf_19_raw_window,8,178,156,1,0,1,0,0,1,0,0
ProtectiveStop,rf_19_raw_window,8,179,157,1,0,1,0,0,1,0,0
ProtectiveStop,rf_19_raw_window,8,180,158,1,0,1,0,0,1,0,0
ProtectiveStop,rf_19_raw_window,8,181,159,1,0,1,0,0,1,0,0
ProtectiveStop,rf_19_raw_window,8,182,160,1,1,1,1,1,1,1,1
ProtectiveStop,rf_19_raw_window,8,183,161,1,1,1,1,1,1,1,1
ProtectiveStop,rf_19_raw_window,8,184,162,1,0,1,0,0,1,0,0
ProtectiveStop,rf_19_raw_window,8,185,163,1,1,1,1,1,1,1,1
ProtectiveStop,rf_19_raw_window,8,199,176,1,0,1,0,0,1,0,0
ProtectiveStop,rf_19_raw_window,8,200,177,1,0,1,0,0,1,0,0
ProtectiveStop,rf_19_raw_window,9,201,178,1,1,1,1,1,1,1,1
ProtectiveStop,rf_19_raw_window,9,202,179,1,0,1,0,0,1,0,0
ProtectiveStop,rf_19_raw_window,9,203,180,1,0,1,0,0,1,0,0
ProtectiveStop,rf_19_raw_window,9,204,181,1,1,1,1,1,1,1,1
ProtectiveStop,rf_19_raw_window,9,205,182,1,0,1,0,0,1,0,0
ProtectiveStop,rf_19_raw_window,9,206,183,1,1,1,1,1,1,1,1
ProtectiveStop,rf_19_raw_window,9,207,184,1,0,1,0,0,1,0,0
ProtectiveStop,rf_19_raw_window,9,208,185,1,0,1,0,0,1,0,0
ProtectiveStop,rf_19_raw_window,9,209,186,1,0,1,0,0,1,0,0
ProtectiveStop,rf_19_raw_window,9,210,187,1,1,1,1,1,1,1,1
ProtectiveStop,rf_19_raw_window,9,211,188,1,0,1,0,0,1,0,0
ProtectiveStop,rf_19_raw_window,9,212,189,1,1,1,1,1,1,1,1
ProtectiveStop,rf_19_raw_window,9,213,190,1,0,1,0,0,1,0,0
ProtectiveStop,rf_19_raw_window,9,214,191,1,1,1,1,1,1,1,1
ProtectiveStop,rf_19_raw_window,9,215,192,1,1,1,1,1,1,1,1
ProtectiveStop,rf_19_raw_window,9,216,193,1,0,1,0,0,1,0,0
ProtectiveStop,rf_19_raw_window,9,217,194,1,1,1,1,1,1,1,1
ProtectiveStop,rf_19_raw_window,9,218,195,1,1,1,1,1,1,1,1
ProtectiveStop,rf_19_raw_window,9,219,196,1,1,1,1,1,1,1,1
ProtectiveStop,rf_19_raw_window,9,220,197,1,1,1,1,1,1,1,1
ProtectiveStop,rf_19_raw_window,9,221,198,1,1,1,0,0,1,0,0
ProtectiveStop,rf_19_raw_window,9,222,199,1,1,1,1,1,1,1,1
ProtectiveStop,rf_19_raw_window,9,223,200,1,1,1,1,1,1,1,1
ProtectiveStop,rf_19_raw_window,9,224,201,1,1,1,1,1,1,1,1
ProtectiveStop,rf_19_raw_window,9,225,202,1,1,1,1,1,1,1,1
ProtectiveStop,rf_19_raw_window,9,224,210,2,1,1,1,1,1,1,1
ProtectiveStop,rf_19_raw_window,10,226,203,1,1,1,1,1,1,1,1
ProtectiveStop,rf_19_raw_window,10,227,204,1,1,1,0,0,1,0,0
ProtectiveStop,rf_19_raw_window,10,229,205,1,1,1,1,1,1,1,1
ProtectiveStop,rf_19_raw_window,10,230,206,1,1,1,1,1,1,1,1
ProtectiveStop,rf_19_raw_window,10,231,207,1,1,1,1,1,1,1,1
ProtectiveStop,rf_19_raw_window,10,232,208,1,0,1,0,0,1,0,0
ProtectiveStop,rf_19_raw_window,10,233,209,1,1,1,1,1,1,1,1
ProtectiveStop,rf_19_raw_window,10,230,216,2,1,1,1,1,1,1,1
ProtectiveStop,rf_19_raw_window,10,231,217,2,1,1,1,1,1,1,1
ProtectiveStop,rf_19_raw_window,10,232,218,2,1,1,1,1,1,1,1
ProtectiveStop,rf_19_raw_window,10,233,219,2,0,1,0,0,1,0,0
ProtectiveStop,rf_19_raw_window,10,234,220,1,1,1,1,1,1,1,1
ProtectiveStop,rf_19_raw_window,10,235,221,1,1,1,1,1,1,1,1
ProtectiveStop,rf_19_raw_window,10,236,222,1,0,1,0,0,1,0,0
ProtectiveStop,rf_19_raw_window,10,237,223,1,1,1,1,1,1,1,1
ProtectiveStop,rf_19_raw_window,10,238,224,1,0,1,0,0,1,0,0
ProtectiveStop,rf_19_raw_window,10,239,225,1,1,1,1,1,1,1,1
ProtectiveStop,rf_19_raw_window,10,240,226,1,1,1,1,1,1,1,1
ProtectiveStop,rf_19_raw_window,10,241,227,1,0,1,0,0,1,0,0
ProtectiveStop,rf_19_raw_window,10,242,228,1,1,1,1,1,1,1,1
ProtectiveStop,rf_19_raw_window,10,243,229,1,0,1,0,0,1,0,0
ProtectiveStop,rf_19_raw_window,10,245,230,1,0,1,0,0,1,0,0
ProtectiveStop,rf_19_raw_window,10,246,231,1,1,1,1,1,1,1,1
ProtectiveStop,rf_19_raw_window,10,247,232,1,1,1,1,1,1,1,1
ProtectiveStop,rf_19_raw_window,10,248,233,1,0,1,0,0,1,0,0
ProtectiveStop,rf_19_raw_window,10,249,234,1,1,1,1,1,1,1,1
ProtectiveStop,rf_19_raw_window,10,250,235,1,1,1,1,1,1,1,1
GripLost,rf_19_raw_window,1,1,1,1,0,1,0,0,1,0,0
GripLost,rf_19_raw_window,1,2,2,1,1,1,1,1,1,1,1
GripLost,rf_19_raw_window,1,3,3,1,0,1,0,0,1,0,0
GripLost,rf_19_raw_window,1,4,4,1,0,1,0,0,1,0,0
GripLost,rf_19_raw_window,1,5,5,1,1,1,1,1,1,1,1
GripLost,rf_19_raw_window,1,6,6,1,1,1,0,0,1,0,0
GripLost,rf_19_raw_window,1,8,8,1,0,1,0,0,1,0,0
GripLost,rf_19_raw_window,1,9,9,1,0,1,0,0,1,0,0
GripLost,rf_19_raw_window,1,10,10,1,0,1,0,0,1,0,0
GripLost,rf_19_raw_window,1,11,11,1,0,1,0,0,1,0,0
GripLost,rf_19_raw_window,1,12,12,1,0,1,0,0,1,0,0
GripLost,rf_19_raw_window,1,13,13,1,0,1,0,0,1,0,0
GripLost,rf_19_raw_window,1,14,14,1,1,1,1,1,1,1,1
GripLost,rf_19_raw_window,1,15,15,1,1,1,1,1,1,1,1
GripLost,rf_19_raw_window,1,16,16,1,0,1,0,0,1,0,0
GripLost,rf_19_raw_window,1,17,17,1,0,1,0,0,1,0,0
GripLost,rf_19_raw_window,1,18,18,1,0,1,0,0,1,0,0
GripLost,rf_19_raw_window,1,19,19,1,0,1,0,0,1,0,0
GripLost,rf_19_raw_window,1,20,20,1,0,1,0,0,1,0,0
GripLost,rf_19_raw_window,1,21,21,1,0,1,0,0,1,0,0
GripLost,rf_19_raw_window,1,22,22,1,0,1,0,0,1,0,0
GripLost,rf_19_raw_window,1,23,23,1,0,1,0,0,1,0,0
GripLost,rf_19_raw_window,1,24,24,1,0,1,0,0,1,0,0
GripLost,rf_19_raw_window,1,25,25,1,0,1,0,0,1,0,0
GripLost,rf_19_raw_window,2,26,26,1,0,1,0,0,1,0,0
GripLost,rf_19_raw_window,2,27,27,1,0,1,0,0,1,0,0
GripLost,rf_19_raw_window,2,28,28,1,0,1,0,0,1,0,0
GripLost,rf_19_raw_window,2,29,29,1,0,1,0,0,1,0,0
GripLost,rf_19_raw_window,2,30,30,1,0,1,0,0,1,0,0
GripLost,rf_19_raw_window,2,31,31,1,0,1,0,0,1,0,0
GripLost,rf_19_raw_window,2,32,32,1,0,1,0,0,1,0,0
GripLost,rf_19_raw_window,2,33,33,1,0,1,0,0,1,0,0
GripLost,rf_19_raw_window,2,34,34,1,0,1,0,0,1,0,0
GripLost,rf_19_raw_window,2,35,35,1,0,1,0,0,1,0,0
GripLost,rf_19_raw_window,2,36,36,1,1,1,1,1,1,1,1
GripLost,rf_19_raw_window,2,37,37,1,0,1,0,0,1,0,0
GripLost,rf_19_raw_window,2,38,38,1,0,1,0,0,1,0,0
GripLost,rf_19_raw_window,2,39,39,1,1,1,1,1,1,1,1
GripLost,rf_19_raw_window,2,40,40,1,1,1,1,1,1,1,1
GripLost,rf_19_raw_window,2,41,41,1,0,1,0,0,1,0,0
GripLost,rf_19_raw_window,2,42,42,1,0,1,0,0,1,0,0
GripLost,rf_19_raw_window,2,43,43,1,0,1,0,0,1,0,0
GripLost,rf_19_raw_window,2,44,44,1,0,1,0,0,1,0,0
GripLost,rf_19_raw_window,2,45,45,1,0,1,0,0,1,0,0
GripLost,rf_19_raw_window,2,48,48,1,0,1,0,0,1,0,0
GripLost,rf_19_raw_window,2,49,49,1,0,1,0,0,1,0,0
GripLost,rf_19_raw_window,2,50,50,1,0,1,0,0,1,0,0
GripLost,rf_19_raw_window,3,51,51,1,0,1,0,0,1,0,0
GripLost,rf_19_raw_window,3,52,52,1,0,1,0,0,1,0,0
GripLost,rf_19_raw_window,3,53,53,1,0,1,0,0,1,0,0
GripLost,rf_19_raw_window,3,54,54,1,0,1,0,0,1,0,0
GripLost,rf_19_raw_window,3,55,55,1,0,1,0,0,1,0,0
GripLost,rf_19_raw_window,3,56,56,1,0,1,0,0,1,0,0
GripLost,rf_19_raw_window,3,57,57,1,0,1,1,0,1,1,0
GripLost,rf_19_raw_window,3,58,58,1,0,1,0,0,1,0,0
GripLost,rf_19_raw_window,3,59,59,1,0,1,0,0,1,0,0
GripLost,rf_19_raw_window,3,60,60,1,0,1,0,0,1,0,0
GripLost,rf_19_raw_window,3,61,61,1,0,1,0,0,1,0,0
GripLost,rf_19_raw_window,3,62,62,1,0,1,0,0,1,0,0
GripLost,rf_19_raw_window,3,63,63,1,1,1,1,1,1,1,1
GripLost,rf_19_raw_window,3,64,64,1,1,1,1,1,1,1,1
GripLost,rf_19_raw_window,3,65,65,1,1,1,1,1,1,1,1
GripLost,rf_19_raw_window,3,66,66,1,0,1,0,0,1,0,0
GripLost,rf_19_raw_window,3,67,67,1,1,1,1,1,1,1,1
GripLost,rf_19_raw_window,3,68,68,1,0,1,0,0,1,0,0
GripLost,rf_19_raw_window,3,69,69,1,1,1,1,1,1,1,1
GripLost,rf_19_raw_window,3,70,70,1,0,1,0,0,1,0,0
GripLost,rf_19_raw_window,3,71,71,1,0,1,0,0,1,0,0
GripLost,rf_19_raw_window,3,72,72,1,0,1,0,0,1,0,0
GripLost,rf_19_raw_window,3,73,73,1,0,1,0,0,1,0,0
GripLost,rf_19_raw_window,3,75,74,1,0,1,0,0,1,0,0
GripLost,rf_19_raw_window,4,76,75,1,1,1,1,1,1,1,1
GripLost,rf_19_raw_window,4,85,84,1,0,1,0,0,1,0,0
GripLost,rf_19_raw_window,4,86,85,1,1,1,1,1,1,1,1
GripLost,rf_19_raw_window,4,87,86,1,0,1,0,0,1,0,0
GripLost,rf_19_raw_window,4,88,87,1,0,1,0,0,1,0,0
GripLost,rf_19_raw_window,4,89,88,1,0,1,0,0,1,0,0
GripLost,rf_19_raw_window,4,90,89,1,0,1,0,0,1,0,0
GripLost,rf_19_raw_window,4,91,90,1,1,1,1,1,1,1,1
GripLost,rf_19_raw_window,4,92,91,1,1,1,1,1,1,1,1
GripLost,rf_19_raw_window,4,93,92,1,0,1,0,0,1,0,0
GripLost,rf_19_raw_window,4,94,93,1,0,1,0,0,1,0,0
GripLost,rf_19_raw_window,4,95,94,1,1,1,1,1,1,1,1
GripLost,rf_19_raw_window,4,96,95,1,1,1,1,1,1,1,1
GripLost,rf_19_raw_window,4,97,96,1,1,1,1,1,1,1,1
GripLost,rf_19_raw_window,4,98,97,1,0,1,0,0,1,0,0
GripLost,rf_19_raw_window,4,99,98,1,0,1,0,0,1,0,0
GripLost,rf_19_raw_window,4,100,99,1,0,1,0,0,1,0,0
GripLost,rf_19_raw_window,5,101,100,1,0,1,0,0,1,0,0
GripLost,rf_19_raw_window,5,102,101,1,0,1,0,0,1,0,0
GripLost,rf_19_raw_window,5,103,102,1,0,1,0,0,1,0,0
GripLost,rf_19_raw_window,5,104,103,1,0,1,0,0,1,0,0
GripLost,rf_19_raw_window,5,105,104,1,1,1,1,1,1,1,1
GripLost,rf_19_raw_window,5,106,105,1,0,1,0,0,1,0,0
GripLost,rf_19_raw_window,5,107,106,1,0,1,0,0,1,0,0
GripLost,rf_19_raw_window,5,108,107,1,0,1,0,0,1,0,0
GripLost,rf_19_raw_window,5,109,108,1,0,1,0,0,1,0,0
GripLost,rf_19_raw_window,5,110,109,1,0,1,0,0,1,0,0
GripLost,rf_19_raw_window,5,111,110,1,0,1,0,0,1,0,0
GripLost,rf_19_raw_window,5,112,111,1,0,1,0,0,1,0,0
GripLost,rf_19_raw_window,5,113,112,1,0,1,0,0,1,0,0
GripLost,rf_19_raw_window,5,114,113,1,0,1,0,0,1,0,0
GripLost,rf_19_raw_window,5,115,114,1,0,1,0,0,1,0,0
GripLost,rf_19_raw_window,5,116,115,1,0,1,0,0,1,0,0
GripLost,rf_19_raw_window,5,117,116,1,0,1,0,0,1,0,0
GripLost,rf_19_raw_window,5,118,117,1,0,1,0,0,1,0,0
GripLost,rf_19_raw_window,5,119,118,1,0,1,0,0,1,0,0
GripLost,rf_19_raw_window,5,120,119,1,0,1,0,0,1,0,0
GripLost,rf_19_raw_window,5,121,120,1,0,1,0,0,1,0,0
GripLost,rf_19_raw_window,5,122,121,1,0,1,0,0,1,0,0
GripLost,rf_19_raw_window,5,123,122,1,0,1,0,0,1,0,0
GripLost,rf_19_raw_window,5,124,123,1,0,1,0,0,1,0,0
GripLost,rf_19_raw_window,5,125,124,1,0,1,0,0,1,0,0
GripLost,rf_19_raw_window,7,151,129,1,0,1,0,0,1,0,0
GripLost,rf_19_raw_window,7,152,130,1,0,1,0,0,1,0,0
GripLost,rf_19_raw_window,7,153,131,1,0,1,0,0,1,0,0
GripLost,rf_19_raw_window,7,154,132,1,0,1,0,0,1,0,0
GripLost,rf_19_raw_window,7,155,133,1,0,1,0,0,1,0,0
GripLost,rf_19_raw_window,7,156,134,1,0,1,0,0,1,0,0
GripLost,rf_19_raw_window,7,157,135,1,0,1,0,0,1,0,0
GripLost,rf_19_raw_window,7,159,137,1,0,1,0,0,1,0,0
GripLost,rf_19_raw_window,7,160,138,1,1,1,1,1,1,1,1
GripLost,rf_19_raw_window,7,161,139,1,0,1,0,0,1,0,0
GripLost,rf_19_raw_window,7,162,140,1,0,1,0,0,1,0,0
GripLost,rf_19_raw_window,7,163,141,1,0,1,0,0,1,0,0
GripLost,rf_19_raw_window,7,164,142,1,1,1,1,1,1,1,1
GripLost,rf_19_raw_window,7,165,143,1,0,1,0,0,1,0,0
GripLost,rf_19_raw_window,7,166,144,1,0,1,0,0,1,0,0
GripLost,rf_19_raw_window,7,167,145,1,0,1,0,0,1,0,0
GripLost,rf_19_raw_window,7,168,146,1,0,1,0,0,1,0,0
GripLost,rf_19_raw_window,7,169,147,1,0,1,0,0,1,0,0
GripLost,rf_19_raw_window,7,170,148,1,0,1,0,0,1,0,0
GripLost,rf_19_raw_window,7,171,149,1,0,1,0,0,1,0,0
GripLost,rf_19_raw_window,7,172,150,1,0,1,0,0,1,0,0
GripLost,rf_19_raw_window,7,173,151,1,1,1,1,1,1,1,1
GripLost,rf_19_raw_window,7,174,152,1,1,1,1,1,1,1,1
GripLost,rf_19_raw_window,7,175,153,1,0,1,0,0,1,0,0
GripLost,rf_19_raw_window,8,176,154,1,0,1,0,0,1,0,0
GripLost,rf_19_raw_window,8,177,155,1,0,1,0,0,1,0,0
GripLost,rf_19_raw_window,8,178,156,1,0,1,0,0,1,0,0
GripLost,rf_19_raw_window,8,179,157,1,0,1,1,0,1,1,0
GripLost,rf_19_raw_window,8,180,158,1,1,1,1,1,1,1,1
GripLost,rf_19_raw_window,8,181,159,1,0,1,0,0,1,0,0
GripLost,rf_19_raw_window,8,182,160,1,0,1,0,0,1,0,0
GripLost,rf_19_raw_window,8,183,161,1,0,1,0,0,1,0,0
GripLost,rf_19_raw_window,8,184,162,1,0,1,0,0,1,0,0
GripLost,rf_19_raw_window,8,185,163,1,0,1,0,0,1,0,0
GripLost,rf_19_raw_window,8,199,176,1,0,1,0,0,1,0,0
GripLost,rf_19_raw_window,8,200,177,1,1,1,1,1,1,1,1
GripLost,rf_19_raw_window,9,201,178,1,0,1,0,0,1,0,0
GripLost,rf_19_raw_window,9,202,179,1,1,1,1,1,1,1,1
GripLost,rf_19_raw_window,9,203,180,1,0,1,0,0,1,0,0
GripLost,rf_19_raw_window,9,204,181,1,0,1,0,0,1,0,0
GripLost,rf_19_raw_window,9,205,182,1,0,1,0,0,1,0,0
GripLost,rf_19_raw_window,9,206,183,1,0,1,0,0,1,0,0
GripLost,rf_19_raw_window,9,207,184,1,0,1,0,0,1,0,0
GripLost,rf_19_raw_window,9,208,185,1,1,1,1,1,1,1,1
GripLost,rf_19_raw_window,9,209,186,1,0,1,0,0,1,0,0
GripLost,rf_19_raw_window,9,210,187,1,0,1,1,0,1,1,0
GripLost,rf_19_raw_window,9,211,188,1,0,1,0,0,1,0,0
GripLost,rf_19_raw_window,9,212,189,1,0,1,0,0,1,0,0
GripLost,rf_19_raw_window,9,213,190,1,0,1,0,0,1,0,0
GripLost,rf_19_raw_window,9,214,191,1,1,1,1,1,1,1,1
GripLost,rf_19_raw_window,9,215,192,1,0,1,0,0,1,0,0
GripLost,rf_19_raw_window,9,216,193,1,1,1,1,1,1,1,1
GripLost,rf_19_raw_window,9,217,194,1,0,1,0,0,1,0,0
GripLost,rf_19_raw_window,9,218,195,1,0,1,1,0,1,1,0
GripLost,rf_19_raw_window,9,219,196,1,1,1,1,1,1,1,1
GripLost,rf_19_raw_window,9,220,197,1,0,1,0,0,1,0,0
GripLost,rf_19_raw_window,9,221,198,1,1,1,1,1,1,1,1
GripLost,rf_19_raw_window,9,222,199,1,0,1,1,0,1,1,0
GripLost,rf_19_raw_window,9,223,200,1,0,1,0,0,1,0,0
GripLost,rf_19_raw_window,9,224,201,1,0,1,0,0,1,0,0
GripLost,rf_19_raw_window,9,225,202,1,0,1,0,0,1,0,0
GripLost,rf_19_raw_window,9,224,210,2,0,1,0,0,1,0,0
GripLost,rf_19_raw_window,10,226,203,1,0,1,0,0,1,0,0
GripLost,rf_19_raw_window,10,227,204,1,0,1,0,0,1,0,0
GripLost,rf_19_raw_window,10,229,205,1,0,1,0,0,1,0,0
GripLost,rf_19_raw_window,10,230,206,1,0,1,0,0,1,0,0
GripLost,rf_19_raw_window,10,231,207,1,0,1,0,0,1,0,0
GripLost,rf_19_raw_window,10,232,208,1,0,1,0,0,1,0,0
GripLost,rf_19_raw_window,10,233,209,1,0,1,0,0,1,0,0
GripLost,rf_19_raw_window,10,230,216,2,0,1,0,0,1,0,0
GripLost,rf_19_raw_window,10,231,217,2,0,1,0,0,1,0,0
GripLost,rf_19_raw_window,10,232,218,2,1,1,1,1,1,1,1
GripLost,rf_19_raw_window,10,233,219,2,1,1,1,1,1,1,1
GripLost,rf_19_raw_window,10,234,220,1,1,1,0,0,1,0,0
GripLost,rf_19_raw_window,10,235,221,1,0,1,0,0,1,0,0
GripLost,rf_19_raw_window,10,236,222,1,0,1,0,0,1,0,0
GripLost,rf_19_raw_window,10,237,223,1,1,1,1,1,1,1,1
GripLost,rf_19_raw_window,10,238,224,1,0,1,0,0,1,0,0
GripLost,rf_19_raw_window,10,239,225,1,0,1,1,0,1,1,0
GripLost,rf_19_raw_window,10,240,226,1,0,1,0,0,1,0,0
GripLost,rf_19_raw_window,10,241,227,1,0,1,0,0,1,0,0
GripLost,rf_19_raw_window,10,242,228,1,0,1,0,0,1,0,0
GripLost,rf_19_raw_window,10,243,229,1,0,1,0,0,1,0,0
GripLost,rf_19_raw_window,10,245,230,1,0,1,0,0,1,0,0
GripLost,rf_19_raw_window,10,246,231,1,0,1,0,0,1,0,0
GripLost,rf_19_raw_window,10,247,232,1,1,1,0,0,1,0,0
GripLost,rf_19_raw_window,10,248,233,1,0,1,0,0,1,0,0
GripLost,rf_19_raw_window,10,249,234,1,0,1,0,0,1,0,0
GripLost,rf_19_raw_window,10,250,235,1,1,1,1,1,1,1,1
System_Failure,1d_cnn_19_raw,1,1,1,1,1,3,2,2,2,1,1
System_Failure,1d_cnn_19_raw,1,2,2,1,1,3,3,3,2,1,1
System_Failure,1d_cnn_19_raw,1,3,3,1,0,3,0,0,2,0,0
System_Failure,1d_cnn_19_raw,1,4,4,1,0,3,0,0,2,0,0
System_Failure,1d_cnn_19_raw,1,5,5,1,1,3,1,1,2,0,0
System_Failure,1d_cnn_19_raw,1,6,6,1,1,3,2,2,2,1,1
System_Failure,1d_cnn_19_raw,1,8,8,1,0,3,0,0,2,0,0
System_Failure,1d_cnn_19_raw,1,9,9,1,0,3,0,0,2,0,0
System_Failure,1d_cnn_19_raw,1,10,10,1,0,3,0,0,2,0,0
System_Failure,1d_cnn_19_raw,1,11,11,1,0,3,2,0,2,1,0
System_Failure,1d_cnn_19_raw,1,12,12,1,0,3,0,0,2,0,0
System_Failure,1d_cnn_19_raw,1,13,13,1,0,3,0,0,2,0,0
System_Failure,1d_cnn_19_raw,1,14,14,1,1,3,3,3,2,1,1
System_Failure,1d_cnn_19_raw,1,15,15,1,1,3,3,3,2,1,1
System_Failure,1d_cnn_19_raw,1,16,16,1,0,3,0,0,2,0,0
System_Failure,1d_cnn_19_raw,1,17,17,1,0,3,0,0,2,0,0
System_Failure,1d_cnn_19_raw,1,18,18,1,0,3,2,0,2,1,0
System_Failure,1d_cnn_19_raw,1,19,19,1,0,3,0,0,2,0,0
System_Failure,1d_cnn_19_raw,1,20,20,1,0,3,0,0,2,0,0
System_Failure,1d_cnn_19_raw,1,21,21,1,0,3,0,0,2,0,0
System_Failure,1d_cnn_19_raw,1,22,22,1,1,3,3,2,2,1,1
System_Failure,1d_cnn_19_raw,1,23,23,1,0,3,0,0,2,0,0
System_Failure,1d_cnn_19_raw,1,24,24,1,0,3,0,0,2,0,0
System_Failure,1d_cnn_19_raw,1,25,25,1,0,3,0,0,2,0,0
System_Failure,1d_cnn_19_raw,2,26,26,1,0,3,0,0,2,0,0
System_Failure,1d_cnn_19_raw,2,27,27,1,0,3,0,0,2,0,0
System_Failure,1d_cnn_19_raw,2,28,28,1,0,3,3,0,2,1,0
System_Failure,1d_cnn_19_raw,2,29,29,1,0,3,0,0,2,0,0
System_Failure,1d_cnn_19_raw,2,30,30,1,0,3,0,0,2,0,0
System_Failure,1d_cnn_19_raw,2,31,31,1,0,3,0,0,2,0,0
System_Failure,1d_cnn_19_raw,2,32,32,1,0,3,0,0,2,0,0
System_Failure,1d_cnn_19_raw,2,33,33,1,0,3,3,0,2,1,0
System_Failure,1d_cnn_19_raw,2,34,34,1,0,3,0,0,2,0,0
System_Failure,1d_cnn_19_raw,2,35,35,1,1,3,2,2,2,1,1
System_Failure,1d_cnn_19_raw,2,36,36,1,1,3,3,3,2,1,1
System_Failure,1d_cnn_19_raw,2,37,37,1,0,3,0,0,2,0,0
System_Failure,1d_cnn_19_raw,2,38,38,1,0,3,0,0,2,0,0
System_Failure,1d_cnn_19_raw,2,39,39,1,1,3,3,3,2,1,1
System_Failure,1d_cnn_19_raw,2,40,40,1,1,3,3,3,2,1,1
System_Failure,1d_cnn_19_raw,2,41,41,1,0,3,1,0,2,0,0
System_Failure,1d_cnn_19_raw,2,42,42,1,1,3,3,3,2,1,1
System_Failure,1d_cnn_19_raw,2,43,43,1,0,3,0,0,2,0,0
System_Failure,1d_cnn_19_raw,2,44,44,1,0,3,0,0,2,0,0
System_Failure,1d_cnn_19_raw,2,45,45,1,0,3,0,0,2,0,0
System_Failure,1d_cnn_19_raw,2,48,48,1,0,3,0,0,2,0,0
System_Failure,1d_cnn_19_raw,2,49,49,1,0,3,0,0,2,0,0
System_Failure,1d_cnn_19_raw,2,50,50,1,0,3,0,0,2,0,0
System_Failure,1d_cnn_19_raw,3,51,51,1,0,3,0,0,2,0,0
System_Failure,1d_cnn_19_raw,3,52,52,1,0,3,0,0,2,0,0
System_Failure,1d_cnn_19_raw,3,53,53,1,1,3,3,3,2,1,1
System_Failure,1d_cnn_19_raw,3,54,54,1,0,3,1,0,2,0,0
System_Failure,1d_cnn_19_raw,3,55,55,1,0,3,0,0,2,0,0
System_Failure,1d_cnn_19_raw,3,56,56,1,0,3,0,0,2,0,0
System_Failure,1d_cnn_19_raw,3,57,57,1,0,3,2,0,2,1,0
System_Failure,1d_cnn_19_raw,3,58,58,1,0,3,0,0,2,0,0
System_Failure,1d_cnn_19_raw,3,59,59,1,0,3,0,0,2,0,0
System_Failure,1d_cnn_19_raw,3,60,60,1,0,3,1,0,2,0,0
System_Failure,1d_cnn_19_raw,3,61,61,1,0,3,0,0,2,0,0
System_Failure,1d_cnn_19_raw,3,62,62,1,0,3,0,0,2,0,0
System_Failure,1d_cnn_19_raw,3,63,63,1,1,3,3,3,2,1,1
System_Failure,1d_cnn_19_raw,3,64,64,1,1,3,2,2,2,1,1
System_Failure,1d_cnn_19_raw,3,65,65,1,1,3,2,2,2,1,1
System_Failure,1d_cnn_19_raw,3,66,66,1,0,3,1,0,2,0,0
System_Failure,1d_cnn_19_raw,3,67,67,1,1,3,2,2,2,1,1
System_Failure,1d_cnn_19_raw,3,68,68,1,0,3,0,0,2,0,0
System_Failure,1d_cnn_19_raw,3,69,69,1,1,3,3,3,2,1,1
System_Failure,1d_cnn_19_raw,3,70,70,1,0,3,1,0,2,0,0
System_Failure,1d_cnn_19_raw,3,71,71,1,0,3,1,0,2,0,0
System_Failure,1d_cnn_19_raw,3,72,72,1,0,3,1,0,2,0,0
System_Failure,1d_cnn_19_raw,3,73,73,1,0,3,2,0,2,1,0
System_Failure,1d_cnn_19_raw,3,75,74,1,0,3,0,0,2,0,0
System_Failure,1d_cnn_19_raw,4,76,75,1,1,3,3,3,2,1,1
System_Failure,1d_cnn_19_raw,4,85,84,1,0,3,3,0,2,1,0
System_Failure,1d_cnn_19_raw,4,86,85,1,1,3,3,3,2,1,1
System_Failure,1d_cnn_19_raw,4,87,86,1,1,3,3,3,2,1,1
System_Failure,1d_cnn_19_raw,4,88,87,1,0,3,0,0,2,0,0
System_Failure,1d_cnn_19_raw,4,89,88,1,0,3,2,0,2,1,0
System_Failure,1d_cnn_19_raw,4,90,89,1,0,3,0,0,2,0,0
System_Failure,1d_cnn_19_raw,4,91,90,1,1,3,3,3,2,1,1
System_Failure,1d_cnn_19_raw,4,92,91,1,1,3,3,3,2,1,1
System_Failure,1d_cnn_19_raw,4,93,92,1,0,3,0,0,2,0,0
System_Failure,1d_cnn_19_raw,4,94,93,1,0,3,0,0,2,0,0
System_Failure,1d_cnn_19_raw,4,95,94,1,1,3,3,3,2,1,1
System_Failure,1d_cnn_19_raw,4,96,95,1,1,3,3,3,2,1,1
System_Failure,1d_cnn_19_raw,4,97,96,1,1,3,3,3,2,1,1
System_Failure,1d_cnn_19_raw,4,98,97,1,0,3,3,0,2,1,0
System_Failure,1d_cnn_19_raw,4,99,98,1,1,3,3,3,2,1,1
System_Failure,1d_cnn_19_raw,4,100,99,1,0,3,0,0,2,0,0
System_Failure,1d_cnn_19_raw,5,101,100,1,0,3,1,0,2,0,0
System_Failure,1d_cnn_19_raw,5,102,101,1,0,3,0,0,2,0,0
System_Failure,1d_cnn_19_raw,5,103,102,1,1,3,3,3,2,1,1
System_Failure,1d_cnn_19_raw,5,104,103,1,0,3,0,0,2,0,0
System_Failure,1d_cnn_19_raw,5,105,104,1,1,3,3,3,2,1,1
System_Failure,1d_cnn_19_raw,5,106,105,1,0,3,0,0,2,0,0
System_Failure,1d_cnn_19_raw,5,107,106,1,0,3,0,0,2,0,0
System_Failure,1d_cnn_19_raw,5,108,107,1,1,3,3,3,2,1,1
System_Failure,1d_cnn_19_raw,5,109,108,1,0,3,0,0,2,0,0
System_Failure,1d_cnn_19_raw,5,110,109,1,0,3,0,0,2,0,0
System_Failure,1d_cnn_19_raw,5,111,110,1,0,3,0,0,2,0,0
System_Failure,1d_cnn_19_raw,5,112,111,1,0,3,0,0,2,0,0
System_Failure,1d_cnn_19_raw,5,113,112,1,0,3,0,0,2,0,0
System_Failure,1d_cnn_19_raw,5,114,113,1,0,3,2,0,2,1,0
System_Failure,1d_cnn_19_raw,5,115,114,1,1,3,3,3,2,1,1
System_Failure,1d_cnn_19_raw,5,116,115,1,0,3,0,0,2,0,0
System_Failure,1d_cnn_19_raw,5,117,116,1,1,3,3,3,2,1,1
System_Failure,1d_cnn_19_raw,5,118,117,1,1,3,3,3,2,1,1
System_Failure,1d_cnn_19_raw,5,119,118,1,0,3,0,0,2,0,0
System_Failure,1d_cnn_19_raw,5,120,119,1,0,3,0,0,2,0,0
System_Failure,1d_cnn_19_raw,5,121,120,1,0,3,1,0,2,0,0
System_Failure,1d_cnn_19_raw,5,122,121,1,0,3,0,0,2,0,0
System_Failure,1d_cnn_19_raw,5,123,122,1,0,3,0,0,2,0,0
System_Failure,1d_cnn_19_raw,5,124,123,1,0,3,0,0,2,0,0
System_Failure,1d_cnn_19_raw,5,125,124,1,0,3,0,0,2,0,0
System_Failure,1d_cnn_19_raw,7,151,129,1,0,3,0,0,2,0,0
System_Failure,1d_cnn_19_raw,7,152,130,1,1,3,3,3,2,1,1
System_Failure,1d_cnn_19_raw,7,153,131,1,0,3,0,0,2,0,0
System_Failure,1d_cnn_19_raw,7,154,132,1,0,3,0,0,2,0,0
System_Failure,1d_cnn_19_raw,7,155,133,1,0,3,0,0,2,0,0
System_Failure,1d_cnn_19_raw,7,156,134,1,0,3,0,0,2,0,0
System_Failure,1d_cnn_19_raw,7,157,135,1,0,3,0,0,2,0,0
System_Failure,1d_cnn_19_raw,7,159,137,1,1,3,3,3,2,1,1
System_Failure,1d_cnn_19_raw,7,160,138,1,1,3,3,3,2,1,1
System_Failure,1d_cnn_19_raw,7,161,139,1,0,3,0,0,2,0,0
System_Failure,1d_cnn_19_raw,7,162,140,1,0,3,0,0,2,0,0
System_Failure,1d_cnn_19_raw,7,163,141,1,1,3,3,3,2,1,1
System_Failure,1d_cnn_19_raw,7,164,142,1,1,3,3,3,2,1,1
System_Failure,1d_cnn_19_raw,7,165,143,1,0,3,0,0,2,0,0
System_Failure,1d_cnn_19_raw,7,166,144,1,0,3,0,0,2,0,0
System_Failure,1d_cnn_19_raw,7,167,145,1,0,3,2,0,2,1,0
System_Failure,1d_cnn_19_raw,7,168,146,1,0,3,2,0,2,1,0
System_Failure,1d_cnn_19_raw,7,169,147,1,0,3,0,0,2,0,0
System_Failure,1d_cnn_19_raw,7,170,148,1,1,3,3,3,2,1,1
System_Failure,1d_cnn_19_raw,7,171,149,1,0,3,0,0,2,0,0
System_Failure,1d_cnn_19_raw,7,172,150,1,0,3,0,0,2,0,0
System_Failure,1d_cnn_19_raw,7,173,151,1,1,3,3,3,2,1,1
System_Failure,1d_cnn_19_raw,7,174,152,1,1,3,3,3,2,1,1
System_Failure,1d_cnn_19_raw,7,175,153,1,1,3,3,3,2,1,1
System_Failure,1d_cnn_19_raw,8,176,154,1,0,3,0,0,2,0,0
System_Failure,1d_cnn_19_raw,8,177,155,1,0,3,0,0,2,0,0
System_Failure,1d_cnn_19_raw,8,178,156,1,0,3,1,0,2,0,0
System_Failure,1d_cnn_19_raw,8,179,157,1,0,3,1,0,2,0,0
System_Failure,1d_cnn_19_raw,8,180,158,1,1,3,1,1,2,0,0
System_Failure,1d_cnn_19_raw,8,181,159,1,0,3,0,0,2,0,0
System_Failure,1d_cnn_19_raw,8,182,160,1,1,3,3,3,2,1,1
System_Failure,1d_cnn_19_raw,8,183,161,1,1,3,3,3,2,1,1
System_Failure,1d_cnn_19_raw,8,184,162,1,0,3,0,0,2,0,0
System_Failure,1d_cnn_19_raw,8,185,163,1,1,3,3,3,2,1,1
System_Failure,1d_cnn_19_raw,8,199,176,1,0,3,1,0,2,0,0
System_Failure,1d_cnn_19_raw,8,200,177,1,1,3,2,2,2,1,1
System_Failure,1d_cnn_19_raw,9,201,178,1,1,3,3,3,2,1,1
System_Failure,1d_cnn_19_raw,9,202,179,1,1,3,3,3,2,1,1
System_Failure,1d_cnn_19_raw,9,203,180,1,0,3,2,0,2,1,0
System_Failure,1d_cnn_19_raw,9,204,181,1,1,3,3,3,2,1,1
System_Failure,1d_cnn_19_raw,9,205,182,1,0,3,3,0,2,1,0
System_Failure,1d_cnn_19_raw,9,206,183,1,1,3,3,3,2,1,1
System_Failure,1d_cnn_19_raw,9,207,184,1,0,3,3,0,2,1,0
System_Failure,1d_cnn_19_raw,9,208,185,1,1,3,3,3,2,1,1
System_Failure,1d_cnn_19_raw,9,209,186,1,0,3,2,0,2,1,0
System_Failure,1d_cnn_19_raw,9,210,187,1,1,3,3,3,2,1,1
System_Failure,1d_cnn_19_raw,9,211,188,1,0,3,2,0,2,1,0
System_Failure,1d_cnn_19_raw,9,212,189,1,1,3,3,3,2,1,1
System_Failure,1d_cnn_19_raw,9,213,190,1,0,3,0,0,2,0,0
System_Failure,1d_cnn_19_raw,9,214,191,1,1,3,3,3,2,1,1
System_Failure,1d_cnn_19_raw,9,215,192,1,1,3,3,2,2,1,1
System_Failure,1d_cnn_19_raw,9,216,193,1,1,3,3,3,2,1,1
System_Failure,1d_cnn_19_raw,9,217,194,1,1,3,3,3,2,1,1
System_Failure,1d_cnn_19_raw,9,218,195,1,1,3,3,3,2,1,1
System_Failure,1d_cnn_19_raw,9,219,196,1,1,3,3,3,2,1,1
System_Failure,1d_cnn_19_raw,9,220,197,1,1,3,3,3,2,1,1
System_Failure,1d_cnn_19_raw,9,221,198,1,1,3,3,3,2,1,1
System_Failure,1d_cnn_19_raw,9,222,199,1,1,3,3,3,2,1,1
System_Failure,1d_cnn_19_raw,9,223,200,1,1,3,3,3,2,1,1
System_Failure,1d_cnn_19_raw,9,224,201,1,1,3,3,3,2,1,1
System_Failure,1d_cnn_19_raw,9,225,202,1,1,3,3,3,2,1,1
System_Failure,1d_cnn_19_raw,9,224,210,2,1,3,3,3,2,1,1
System_Failure,1d_cnn_19_raw,10,226,203,1,1,3,3,3,2,1,1
System_Failure,1d_cnn_19_raw,10,227,204,1,1,3,3,2,2,1,1
System_Failure,1d_cnn_19_raw,10,229,205,1,1,3,3,3,2,1,1
System_Failure,1d_cnn_19_raw,10,230,206,1,1,3,3,3,2,1,1
System_Failure,1d_cnn_19_raw,10,231,207,1,1,3,3,3,2,1,1
System_Failure,1d_cnn_19_raw,10,232,208,1,0,3,3,0,2,1,0
System_Failure,1d_cnn_19_raw,10,233,209,1,1,3,3,3,2,1,1
System_Failure,1d_cnn_19_raw,10,230,216,2,1,3,3,3,2,1,1
System_Failure,1d_cnn_19_raw,10,231,217,2,1,3,3,3,2,1,1
System_Failure,1d_cnn_19_raw,10,232,218,2,1,3,3,3,2,1,1
System_Failure,1d_cnn_19_raw,10,233,219,2,1,3,3,3,2,1,1
System_Failure,1d_cnn_19_raw,10,234,220,1,1,3,3,3,2,1,1
System_Failure,1d_cnn_19_raw,10,235,221,1,1,3,3,3,2,1,1
System_Failure,1d_cnn_19_raw,10,236,222,1,0,3,3,0,2,1,0
System_Failure,1d_cnn_19_raw,10,237,223,1,1,3,3,3,2,1,1
System_Failure,1d_cnn_19_raw,10,238,224,1,0,3,0,0,2,0,0
System_Failure,1d_cnn_19_raw,10,239,225,1,1,3,3,3,2,1,1
System_Failure,1d_cnn_19_raw,10,240,226,1,1,3,3,3,2,1,1
System_Failure,1d_cnn_19_raw,10,241,227,1,0,3,0,0,2,0,0
System_Failure,1d_cnn_19_raw,10,242,228,1,1,3,3,3,2,1,1
System_Failure,1d_cnn_19_raw,10,243,229,1,0,3,3,0,2,1,0
System_Failure,1d_cnn_19_raw,10,245,230,1,0,3,3,0,2,1,0
System_Failure,1d_cnn_19_raw,10,246,231,1,1,3,3,3,2,1,1
System_Failure,1d_cnn_19_raw,10,247,232,1,1,3,3,3,2,1,1
System_Failure,1d_cnn_19_raw,10,248,233,1,0,3,2,0,2,1,0
System_Failure,1d_cnn_19_raw,10,249,234,1,1,3,3,3,2,1,1
System_Failure,1d_cnn_19_raw,10,250,235,1,1,3,3,3,2,1,1
ProtectiveStop,1d_cnn_19_raw,1,1,1,1,1,3,1,1,2,0,0
ProtectiveStop,1d_cnn_19_raw,1,2,2,1,0,3,1,0,2,0,0
ProtectiveStop,1d_cnn_19_raw,1,3,3,1,0,3,0,0,2,0,0
ProtectiveStop,1d_cnn_19_raw,1,4,4,1,0,3,0,0,2,0,0
ProtectiveStop,1d_cnn_19_raw,1,5,5,1,0,3,0,0,2,0,0
ProtectiveStop,1d_cnn_19_raw,1,6,6,1,0,3,1,0,2,0,0
ProtectiveStop,1d_cnn_19_raw,1,8,8,1,0,3,0,0,2,0,0
ProtectiveStop,1d_cnn_19_raw,1,9,9,1,0,3,0,0,2,0,0
ProtectiveStop,1d_cnn_19_raw,1,10,10,1,0,3,0,0,2,0,0
ProtectiveStop,1d_cnn_19_raw,1,11,11,1,0,3,0,0,2,0,0
ProtectiveStop,1d_cnn_19_raw,1,12,12,1,0,3,0,0,2,0,0
ProtectiveStop,1d_cnn_19_raw,1,13,13,1,0,3,0,0,2,0,0
ProtectiveStop,1d_cnn_19_raw,1,14,14,1,0,3,0,0,2,0,0
ProtectiveStop,1d_cnn_19_raw,1,15,15,1,0,3,0,0,2,0,0
ProtectiveStop,1d_cnn_19_raw,1,16,16,1,0,3,0,0,2,0,0
ProtectiveStop,1d_cnn_19_raw,1,17,17,1,0,3,0,0,2,0,0
ProtectiveStop,1d_cnn_19_raw,1,18,18,1,0,3,1,0,2,0,0
ProtectiveStop,1d_cnn_19_raw,1,19,19,1,0,3,0,0,2,0,0
ProtectiveStop,1d_cnn_19_raw,1,20,20,1,0,3,0,0,2,0,0
ProtectiveStop,1d_cnn_19_raw,1,21,21,1,0,3,0,0,2,0,0
ProtectiveStop,1d_cnn_19_raw,1,22,22,1,1,3,3,3,2,1,1
ProtectiveStop,1d_cnn_19_raw,1,23,23,1,0,3,0,0,2,0,0
ProtectiveStop,1d_cnn_19_raw,1,24,24,1,0,3,0,0,2,0,0
ProtectiveStop,1d_cnn_19_raw,1,25,25,1,0,3,0,0,2,0,0
ProtectiveStop,1d_cnn_19_raw,2,26,26,1,0,3,0,0,2,0,0
ProtectiveStop,1d_cnn_19_raw,2,27,27,1,0,3,0,0,2,0,0
ProtectiveStop,1d_cnn_19_raw,2,28,28,1,0,3,0,0,2,0,0
ProtectiveStop,1d_cnn_19_raw,2,29,29,1,0,3,0,0,2,0,0
ProtectiveStop,1d_cnn_19_raw,2,30,30,1,0,3,0,0,2,0,0
ProtectiveStop,1d_cnn_19_raw,2,31,31,1,0,3,0,0,2,0,0
ProtectiveStop,1d_cnn_19_raw,2,32,32,1,0,3,0,0,2,0,0
ProtectiveStop,1d_cnn_19_raw,2,33,33,1,0,3,0,0,2,0,0
ProtectiveStop,1d_cnn_19_raw,2,34,34,1,0,3,0,0,2,0,0
ProtectiveStop,1d_cnn_19_raw,2,35,35,1,1,3,3,3,2,1,1
ProtectiveStop,1d_cnn_19_raw,2,36,36,1,0,3,2,0,2,1,0
ProtectiveStop,1d_cnn_19_raw,2,37,37,1,0,3,0,0,2,0,0
ProtectiveStop,1d_cnn_19_raw,2,38,38,1,0,3,0,0,2,0,0
ProtectiveStop,1d_cnn_19_raw,2,39,39,1,0,3,0,0,2,0,0
ProtectiveStop,1d_cnn_19_raw,2,40,40,1,0,3,2,0,2,1,0
ProtectiveStop,1d_cnn_19_raw,2,41,41,1,0,3,0,0,2,0,0
ProtectiveStop,1d_cnn_19_raw,2,42,42,1,1,3,3,3,2,1,1
ProtectiveStop,1d_cnn_19_raw,2,43,43,1,0,3,0,0,2,0,0
ProtectiveStop,1d_cnn_19_raw,2,44,44,1,0,3,0,0,2,0,0
ProtectiveStop,1d_cnn_19_raw,2,45,45,1,0,3,0,0,2,0,0
ProtectiveStop,1d_cnn_19_raw,2,48,48,1,0,3,0,0,2,0,0
ProtectiveStop,1d_cnn_19_raw,2,49,49,1,0,3,0,0,2,0,0
ProtectiveStop,1d_cnn_19_raw,2,50,50,1,0,3,0,0,2,0,0
ProtectiveStop,1d_cnn_19_raw,3,51,51,1,0,3,0,0,2,0,0
ProtectiveStop,1d_cnn_19_raw,3,52,52,1,0,3,0,0,2,0,0
ProtectiveStop,1d_cnn_19_raw,3,53,53,1,1,3,3,3,2,1,1
ProtectiveStop,1d_cnn_19_raw,3,54,54,1,0,3,3,0,2,1,0
ProtectiveStop,1d_cnn_19_raw,3,55,55,1,0,3,0,0,2,0,0
ProtectiveStop,1d_cnn_19_raw,3,56,56,1,0,3,0,0,2,0,0
ProtectiveStop,1d_cnn_19_raw,3,57,57,1,0,3,1,0,2,0,0
ProtectiveStop,1d_cnn_19_raw,3,58,58,1,0,3,0,0,2,0,0
ProtectiveStop,1d_cnn_19_raw,3,59,59,1,0,3,2,0,2,1,0
ProtectiveStop,1d_cnn_19_raw,3,60,60,1,0,3,1,0,2,0,0
ProtectiveStop,1d_cnn_19_raw,3,61,61,1,0,3,0,0,2,0,0
ProtectiveStop,1d_cnn_19_raw,3,62,62,1,0,3,0,0,2,0,0
ProtectiveStop,1d_cnn_19_raw,3,63,63,1,1,3,3,3,2,1,1
ProtectiveStop,1d_cnn_19_raw,3,64,64,1,0,3,0,0,2,0,0
ProtectiveStop,1d_cnn_19_raw,3,65,65,1,0,3,0,0,2,0,0
ProtectiveStop,1d_cnn_19_raw,3,66,66,1,0,3,0,0,2,0,0
ProtectiveStop,1d_cnn_19_raw,3,67,67,1,0,3,0,0,2,0,0
ProtectiveStop,1d_cnn_19_raw,3,68,68,1,0,3,0,0,2,0,0
ProtectiveStop,1d_cnn_19_raw,3,69,69,1,1,3,0,0,2,0,0
ProtectiveStop,1d_cnn_19_raw,3,70,70,1,0,3,3,0,2,1,0
ProtectiveStop,1d_cnn_19_raw,3,71,71,1,0,3,3,0,2,1,0
ProtectiveStop,1d_cnn_19_raw,3,72,72,1,0,3,0,0,2,0,0
ProtectiveStop,1d_cnn_19_raw,3,73,73,1,0,3,0,0,2,0,0
ProtectiveStop,1d_cnn_19_raw,3,75,74,1,0,3,0,0,2,0,0
ProtectiveStop,1d_cnn_19_raw,4,76,75,1,0,3,0,0,2,0,0
ProtectiveStop,1d_cnn_19_raw,4,85,84,1,0,3,3,0,2,1,0
ProtectiveStop,1d_cnn_19_raw,4,86,85,1,1,3,3,3,2,1,1
ProtectiveStop,1d_cnn_19_raw,4,87,86,1,1,3,3,3,2,1,1
ProtectiveStop,1d_cnn_19_raw,4,88,87,1,0,3,0,0,2,0,0
ProtectiveStop,1d_cnn_19_raw,4,89,88,1,0,3,0,0,2,0,0
ProtectiveStop,1d_cnn_19_raw,4,90,89,1,0,3,0,0,2,0,0
ProtectiveStop,1d_cnn_19_raw,4,91,90,1,0,3,0,0,2,0,0
ProtectiveStop,1d_cnn_19_raw,4,92,91,1,0,3,0,0,2,0,0
ProtectiveStop,1d_cnn_19_raw,4,93,92,1,0,3,0,0,2,0,0
ProtectiveStop,1d_cnn_19_raw,4,94,93,1,0,3,0,0,2,0,0
ProtectiveStop,1d_cnn_19_raw,4,95,94,1,0,3,0,0,2,0,0
ProtectiveStop,1d_cnn_19_raw,4,96,95,1,0,3,0,0,2,0,0
ProtectiveStop,1d_cnn_19_raw,4,97,96,1,0,3,1,0,2,0,0
ProtectiveStop,1d_cnn_19_raw,4,98,97,1,0,3,3,0,2,1,0
ProtectiveStop,1d_cnn_19_raw,4,99,98,1,1,3,3,3,2,1,1
ProtectiveStop,1d_cnn_19_raw,4,100,99,1,0,3,0,0,2,0,0
ProtectiveStop,1d_cnn_19_raw,5,101,100,1,0,3,0,0,2,0,0
ProtectiveStop,1d_cnn_19_raw,5,102,101,1,0,3,1,0,2,0,0
ProtectiveStop,1d_cnn_19_raw,5,103,102,1,1,3,3,3,2,1,1
ProtectiveStop,1d_cnn_19_raw,5,104,103,1,0,3,0,0,2,0,0
ProtectiveStop,1d_cnn_19_raw,5,105,104,1,0,3,0,0,2,0,0
ProtectiveStop,1d_cnn_19_raw,5,106,105,1,0,3,0,0,2,0,0
ProtectiveStop,1d_cnn_19_raw,5,107,106,1,0,3,2,0,2,1,0
ProtectiveStop,1d_cnn_19_raw,5,108,107,1,1,3,3,3,2,1,1
ProtectiveStop,1d_cnn_19_raw,5,109,108,1,0,3,1,0,2,0,0
ProtectiveStop,1d_cnn_19_raw,5,110,109,1,0,3,0,0,2,0,0
ProtectiveStop,1d_cnn_19_raw,5,111,110,1,0,3,2,0,2,1,0
ProtectiveStop,1d_cnn_19_raw,5,112,111,1,0,3,3,0,2,1,0
ProtectiveStop,1d_cnn_19_raw,5,113,112,1,0,3,3,0,2,1,0
ProtectiveStop,1d_cnn_19_raw,5,114,113,1,0,3,2,0,2,1,0
ProtectiveStop,1d_cnn_19_raw,5,115,114,1,1,3,3,3,2,1,1
ProtectiveStop,1d_cnn_19_raw,5,116,115,1,0,3,3,0,2,1,0
ProtectiveStop,1d_cnn_19_raw,5,117,116,1,1,3,3,3,2,1,1
ProtectiveStop,1d_cnn_19_raw,5,118,117,1,1,3,3,3,2,1,1
ProtectiveStop,1d_cnn_19_raw,5,119,118,1,0,3,0,0,2,0,0
ProtectiveStop,1d_cnn_19_raw,5,120,119,1,0,3,0,0,2,0,0
ProtectiveStop,1d_cnn_19_raw,5,121,120,1,0,3,2,0,2,1,0
ProtectiveStop,1d_cnn_19_raw,5,122,121,1,0,3,3,0,2,1,0
ProtectiveStop,1d_cnn_19_raw,5,123,122,1,0,3,3,0,2,1,0
ProtectiveStop,1d_cnn_19_raw,5,124,123,1,0,3,2,0,2,1,0
ProtectiveStop,1d_cnn_19_raw,5,125,124,1,0,3,3,0,2,1,0
ProtectiveStop,1d_cnn_19_raw,7,151,129,1,0,3,0,0,2,0,0
ProtectiveStop,1d_cnn_19_raw,7,152,130,1,1,3,3,3,2,1,1
ProtectiveStop,1d_cnn_19_raw,7,153,131,1,0,3,0,0,2,0,0
ProtectiveStop,1d_cnn_19_raw,7,154,132,1,0,3,0,0,2,0,0
ProtectiveStop,1d_cnn_19_raw,7,155,133,1,0,3,0,0,2,0,0
ProtectiveStop,1d_cnn_19_raw,7,156,134,1,0,3,1,0,2,0,0
ProtectiveStop,1d_cnn_19_raw,7,157,135,1,0,3,0,0,2,0,0
ProtectiveStop,1d_cnn_19_raw,7,159,137,1,1,3,3,3,2,1,1
ProtectiveStop,1d_cnn_19_raw,7,160,138,1,0,3,0,0,2,0,0
ProtectiveStop,1d_cnn_19_raw,7,161,139,1,0,3,0,0,2,0,0
ProtectiveStop,1d_cnn_19_raw,7,162,140,1,0,3,0,0,2,0,0
ProtectiveStop,1d_cnn_19_raw,7,163,141,1,1,3,3,3,2,1,1
ProtectiveStop,1d_cnn_19_raw,7,164,142,1,1,3,3,3,2,1,1
ProtectiveStop,1d_cnn_19_raw,7,165,143,1,0,3,0,0,2,0,0
ProtectiveStop,1d_cnn_19_raw,7,166,144,1,0,3,0,0,2,0,0
ProtectiveStop,1d_cnn_19_raw,7,167,145,1,0,3,1,0,2,0,0
ProtectiveStop,1d_cnn_19_raw,7,168,146,1,0,3,0,0,2,0,0
ProtectiveStop,1d_cnn_19_raw,7,169,147,1,0,3,0,0,2,0,0
ProtectiveStop,1d_cnn_19_raw,7,170,148,1,1,3,3,3,2,1,1
ProtectiveStop,1d_cnn_19_raw,7,171,149,1,0,3,0,0,2,0,0
ProtectiveStop,1d_cnn_19_raw,7,172,150,1,0,3,0,0,2,0,0
ProtectiveStop,1d_cnn_19_raw,7,173,151,1,1,3,3,3,2,1,1
ProtectiveStop,1d_cnn_19_raw,7,174,152,1,1,3,2,2,2,1,1
ProtectiveStop,1d_cnn_19_raw,7,175,153,1,1,3,3,3,2,1,1
ProtectiveStop,1d_cnn_19_raw,8,176,154,1,0,3,3,0,2,1,0
ProtectiveStop,1d_cnn_19_raw,8,177,155,1,0,3,0,0,2,0,0
ProtectiveStop,1d_cnn_19_raw,8,178,156,1,0,3,0,0,2,0,0
ProtectiveStop,1d_cnn_19_raw,8,179,157,1,0,3,0,0,2,0,0
ProtectiveStop,1d_cnn_19_raw,8,180,158,1,0,3,0,0,2,0,0
ProtectiveStop,1d_cnn_19_raw,8,181,159,1,0,3,2,0,2,1,0
ProtectiveStop,1d_cnn_19_raw,8,182,160,1,1,3,3,3,2,1,1
ProtectiveStop,1d_cnn_19_raw,8,183,161,1,1,3,3,3,2,1,1
ProtectiveStop,1d_cnn_19_raw,8,184,162,1,0,3,1,0,2,0,0
ProtectiveStop,1d_cnn_19_raw,8,185,163,1,1,3,3,3,2,1,1
ProtectiveStop,1d_cnn_19_raw,8,199,176,1,0,3,0,0,2,0,0
ProtectiveStop,1d_cnn_19_raw,8,200,177,1,0,3,1,0,2,0,0
ProtectiveStop,1d_cnn_19_raw,9,201,178,1,1,3,3,3,2,1,1
ProtectiveStop,1d_cnn_19_raw,9,202,179,1,0,3,0,0,2,0,0
ProtectiveStop,1d_cnn_19_raw,9,203,180,1,0,3,0,0,2,0,0
ProtectiveStop,1d_cnn_19_raw,9,204,181,1,1,3,3,3,2,1,1
ProtectiveStop,1d_cnn_19_raw,9,205,182,1,0,3,0,0,2,0,0
ProtectiveStop,1d_cnn_19_raw,9,206,183,1,1,3,3,3,2,1,1
ProtectiveStop,1d_cnn_19_raw,9,207,184,1,0,3,3,0,2,1,0
ProtectiveStop,1d_cnn_19_raw,9,208,185,1,0,3,0,0,2,0,0
ProtectiveStop,1d_cnn_19_raw,9,209,186,1,0,3,0,0,2,0,0
ProtectiveStop,1d_cnn_19_raw,9,210,187,1,1,3,3,3,2,1,1
ProtectiveStop,1d_cnn_19_raw,9,211,188,1,0,3,0,0,2,0,0
ProtectiveStop,1d_cnn_19_raw,9,212,189,1,1,3,3,3,2,1,1
ProtectiveStop,1d_cnn_19_raw,9,213,190,1,0,3,0,0,2,0,0
ProtectiveStop,1d_cnn_19_raw,9,214,191,1,1,3,3,3,2,1,1
ProtectiveStop,1d_cnn_19_raw,9,215,192,1,1,3,0,0,2,0,0
ProtectiveStop,1d_cnn_19_raw,9,216,193,1,0,3,3,0,2,1,0
ProtectiveStop,1d_cnn_19_raw,9,217,194,1,1,3,3,3,2,1,1
ProtectiveStop,1d_cnn_19_raw,9,218,195,1,1,3,3,3,2,1,1
ProtectiveStop,1d_cnn_19_raw,9,219,196,1,1,3,3,3,2,1,1
ProtectiveStop,1d_cnn_19_raw,9,220,197,1,1,3,3,3,2,1,1
ProtectiveStop,1d_cnn_19_raw,9,221,198,1,1,3,0,0,2,0,0
ProtectiveStop,1d_cnn_19_raw,9,222,199,1,1,3,3,3,2,1,1
ProtectiveStop,1d_cnn_19_raw,9,223,200,1,1,3,3,3,2,1,1
ProtectiveStop,1d_cnn_19_raw,9,224,201,1,1,3,3,3,2,1,1
ProtectiveStop,1d_cnn_19_raw,9,225,202,1,1,3,3,3,2,1,1
ProtectiveStop,1d_cnn_19_raw,9,224,210,2,1,3,3,3,2,1,1
ProtectiveStop,1d_cnn_19_raw,10,226,203,1,1,3,3,3,2,1,1
ProtectiveStop,1d_cnn_19_raw,10,227,204,1,1,3,3,3,2,1,1
ProtectiveStop,1d_cnn_19_raw,10,229,205,1,1,3,3,3,2,1,1
ProtectiveStop,1d_cnn_19_raw,10,230,206,1,1,3,3,3,2,1,1
ProtectiveStop,1d_cnn_19_raw,10,231,207,1,1,3,3,3,2,1,1
ProtectiveStop,1d_cnn_19_raw,10,232,208,1,0,3,2,0,2,1,0
ProtectiveStop,1d_cnn_19_raw,10,233,209,1,1,3,3,3,2,1,1
ProtectiveStop,1d_cnn_19_raw,10,230,216,2,1,3,3,3,2,1,1
ProtectiveStop,1d_cnn_19_raw,10,231,217,2,1,3,3,3,2,1,1
ProtectiveStop,1d_cnn_19_raw,10,232,218,2,1,3,3,3,2,1,1
ProtectiveStop,1d_cnn_19_raw,10,233,219,2,0,3,0,0,2,0,0
ProtectiveStop,1d_cnn_19_raw,10,234,220,1,1,3,3,3,2,1,1
ProtectiveStop,1d_cnn_19_raw,10,235,221,1,1,3,3,3,2,1,1
ProtectiveStop,1d_cnn_19_raw,10,236,222,1,0,3,3,0,2,1,0
ProtectiveStop,1d_cnn_19_raw,10,237,223,1,1,3,3,3,2,1,1
ProtectiveStop,1d_cnn_19_raw,10,238,224,1,0,3,0,0,2,0,0
ProtectiveStop,1d_cnn_19_raw,10,239,225,1,1,3,3,3,2,1,1
ProtectiveStop,1d_cnn_19_raw,10,240,226,1,1,3,3,3,2,1,1
ProtectiveStop,1d_cnn_19_raw,10,241,227,1,0,3,0,0,2,0,0
ProtectiveStop,1d_cnn_19_raw,10,242,228,1,1,3,3,3,2,1,1
ProtectiveStop,1d_cnn_19_raw,10,243,229,1,0,3,3,0,2,1,0
ProtectiveStop,1d_cnn_19_raw,10,245,230,1,0,3,3,0,2,1,0
ProtectiveStop,1d_cnn_19_raw,10,246,231,1,1,3,3,3,2,1,1
ProtectiveStop,1d_cnn_19_raw,10,247,232,1,1,3,3,3,2,1,1
ProtectiveStop,1d_cnn_19_raw,10,248,233,1,0,3,1,0,2,0,0
ProtectiveStop,1d_cnn_19_raw,10,249,234,1,1,3,3,3,2,1,1
ProtectiveStop,1d_cnn_19_raw,10,250,235,1,1,3,3,3,2,1,1
GripLost,1d_cnn_19_raw,1,1,1,1,0,3,0,0,2,0,0
GripLost,1d_cnn_19_raw,1,2,2,1,1,3,3,3,2,1,1
GripLost,1d_cnn_19_raw,1,3,3,1,0,3,0,0,2,0,0
GripLost,1d_cnn_19_raw,1,4,4,1,0,3,0,0,2,0,0
GripLost,1d_cnn_19_raw,1,5,5,1,1,3,1,1,2,0,0
GripLost,1d_cnn_19_raw,1,6,6,1,1,3,1,1,2,0,0
GripLost,1d_cnn_19_raw,1,8,8,1,0,3,0,0,2,0,0
GripLost,1d_cnn_19_raw,1,9,9,1,0,3,0,0,2,0,0
GripLost,1d_cnn_19_raw,1,10,10,1,0,3,0,0,2,0,0
GripLost,1d_cnn_19_raw,1,11,11,1,0,3,1,0,2,0,0
GripLost,1d_cnn_19_raw,1,12,12,1,0,3,0,0,2,0,0
GripLost,1d_cnn_19_raw,1,13,13,1,0,3,1,0,2,0,0
GripLost,1d_cnn_19_raw,1,14,14,1,1,3,2,2,2,1,1
GripLost,1d_cnn_19_raw,1,15,15,1,1,3,3,3,2,1,1
GripLost,1d_cnn_19_raw,1,16,16,1,0,3,0,0,2,0,0
GripLost,1d_cnn_19_raw,1,17,17,1,0,3,0,0,2,0,0
GripLost,1d_cnn_19_raw,1,18,18,1,0,3,0,0,2,0,0
GripLost,1d_cnn_19_raw,1,19,19,1,0,3,1,0,2,0,0
GripLost,1d_cnn_19_raw,1,20,20,1,0,3,0,0,2,0,0
GripLost,1d_cnn_19_raw,1,21,21,1,0,3,0,0,2,0,0
GripLost,1d_cnn_19_raw,1,22,22,1,0,3,0,0,2,0,0
GripLost,1d_cnn_19_raw,1,23,23,1,0,3,0,0,2,0,0
GripLost,1d_cnn_19_raw,1,24,24,1,0,3,0,0,2,0,0
GripLost,1d_cnn_19_raw,1,25,25,1,0,3,0,0,2,0,0
GripLost,1d_cnn_19_raw,2,26,26,1,0,3,3,0,2,1,0
GripLost,1d_cnn_19_raw,2,27,27,1,0,3,3,0,2,1,0
GripLost,1d_cnn_19_raw,2,28,28,1,0,3,3,0,2,1,0
GripLost,1d_cnn_19_raw,2,29,29,1,0,3,0,0,2,0,0
GripLost,1d_cnn_19_raw,2,30,30,1,0,3,0,0,2,0,0
GripLost,1d_cnn_19_raw,2,31,31,1,0,3,0,0,2,0,0
GripLost,1d_cnn_19_raw,2,32,32,1,0,3,2,0,2,1,0
GripLost,1d_cnn_19_raw,2,33,33,1,0,3,3,0,2,1,0
GripLost,1d_cnn_19_raw,2,34,34,1,0,3,1,0,2,0,0
GripLost,1d_cnn_19_raw,2,35,35,1,0,3,0,0,2,0,0
GripLost,1d_cnn_19_raw,2,36,36,1,1,3,3,3,2,1,1
GripLost,1d_cnn_19_raw,2,37,37,1,0,3,1,0,2,0,0
GripLost,1d_cnn_19_raw,2,38,38,1,0,3,1,0,2,0,0
GripLost,1d_cnn_19_raw,2,39,39,1,1,3,3,3,2,1,1
GripLost,1d_cnn_19_raw,2,40,40,1,1,3,3,3,2,1,1
GripLost,1d_cnn_19_raw,2,41,41,1,0,3,2,0,2,1,0
GripLost,1d_cnn_19_raw,2,42,42,1,0,3,3,0,2,1,0
GripLost,1d_cnn_19_raw,2,43,43,1,0,3,0,0,2,0,0
GripLost,1d_cnn_19_raw,2,44,44,1,0,3,0,0,2,0,0
GripLost,1d_cnn_19_raw,2,45,45,1,0,3,0,0,2,0,0
GripLost,1d_cnn_19_raw,2,48,48,1,0,3,0,0,2,0,0
GripLost,1d_cnn_19_raw,2,49,49,1,0,3,0,0,2,0,0
GripLost,1d_cnn_19_raw,2,50,50,1,0,3,0,0,2,0,0
GripLost,1d_cnn_19_raw,3,51,51,1,0,3,0,0,2,0,0
GripLost,1d_cnn_19_raw,3,52,52,1,0,3,0,0,2,0,0
GripLost,1d_cnn_19_raw,3,53,53,1,0,3,2,0,2,1,0
GripLost,1d_cnn_19_raw,3,54,54,1,0,3,0,0,2,0,0
GripLost,1d_cnn_19_raw,3,55,55,1,0,3,0,0,2,0,0
GripLost,1d_cnn_19_raw,3,56,56,1,0,3,0,0,2,0,0
GripLost,1d_cnn_19_raw,3,57,57,1,0,3,2,0,2,1,0
GripLost,1d_cnn_19_raw,3,58,58,1,0,3,1,0,2,0,0
GripLost,1d_cnn_19_raw,3,59,59,1,0,3,0,0,2,0,0
GripLost,1d_cnn_19_raw,3,60,60,1,0,3,0,0,2,0,0
GripLost,1d_cnn_19_raw,3,61,61,1,0,3,0,0,2,0,0
GripLost,1d_cnn_19_raw,3,62,62,1,0,3,0,0,2,0,0
GripLost,1d_cnn_19_raw,3,63,63,1,1,3,3,3,2,1,1
GripLost,1d_cnn_19_raw,3,64,64,1,1,3,3,3,2,1,1
GripLost,1d_cnn_19_raw,3,65,65,1,1,3,3,3,2,1,1
GripLost,1d_cnn_19_raw,3,66,66,1,0,3,3,0,2,1,0
GripLost,1d_cnn_19_raw,3,67,67,1,1,3,3,3,2,1,1
GripLost,1d_cnn_19_raw,3,68,68,1,0,3,0,0,2,0,0
GripLost,1d_cnn_19_raw,3,69,69,1,1,3,3,3,2,1,1
GripLost,1d_cnn_19_raw,3,70,70,1,0,3,1,0,2,0,0
GripLost,1d_cnn_19_raw,3,71,71,1,0,3,0,0,2,0,0
GripLost,1d_cnn_19_raw,3,72,72,1,0,3,1,0,2,0,0
GripLost,1d_cnn_19_raw,3,73,73,1,0,3,2,0,2,1,0
GripLost,1d_cnn_19_raw,3,75,74,1,0,3,1,0,2,0,0
GripLost,1d_cnn_19_raw,4,76,75,1,1,3,3,3,2,1,1
GripLost,1d_cnn_19_raw,4,85,84,1,0,3,0,0,2,0,0
GripLost,1d_cnn_19_raw,4,86,85,1,1,3,3,3,2,1,1
GripLost,1d_cnn_19_raw,4,87,86,1,0,3,0,0,2,0,0
GripLost,1d_cnn_19_raw,4,88,87,1,0,3,0,0,2,0,0
GripLost,1d_cnn_19_raw,4,89,88,1,0,3,0,0,2,0,0
GripLost,1d_cnn_19_raw,4,90,89,1,0,3,0,0,2,0,0
GripLost,1d_cnn_19_raw,4,91,90,1,1,3,3,3,2,1,1
GripLost,1d_cnn_19_raw,4,92,91,1,1,3,3,3,2,1,1
GripLost,1d_cnn_19_raw,4,93,92,1,0,3,0,0,2,0,0
GripLost,1d_cnn_19_raw,4,94,93,1,0,3,0,0,2,0,0
GripLost,1d_cnn_19_raw,4,95,94,1,1,3,3,3,2,1,1
GripLost,1d_cnn_19_raw,4,96,95,1,1,3,3,3,2,1,1
GripLost,1d_cnn_19_raw,4,97,96,1,1,3,3,3,2,1,1
GripLost,1d_cnn_19_raw,4,98,97,1,0,3,0,0,2,0,0
GripLost,1d_cnn_19_raw,4,99,98,1,0,3,1,0,2,0,0
GripLost,1d_cnn_19_raw,4,100,99,1,0,3,0,0,2,0,0
GripLost,1d_cnn_19_raw,5,101,100,1,0,3,0,0,2,0,0
GripLost,1d_cnn_19_raw,5,102,101,1,0,3,0,0,2,0,0
GripLost,1d_cnn_19_raw,5,103,102,1,0,3,0,0,2,0,0
GripLost,1d_cnn_19_raw,5,104,103,1,0,3,0,0,2,0,0
GripLost,1d_cnn_19_raw,5,105,104,1,1,3,3,3,2,1,1
GripLost,1d_cnn_19_raw,5,106,105,1,0,3,1,0,2,0,0
GripLost,1d_cnn_19_raw,5,107,106,1,0,3,2,0,2,1,0
GripLost,1d_cnn_19_raw,5,108,107,1,0,3,3,0,2,1,0
GripLost,1d_cnn_19_raw,5,109,108,1,0,3,3,0,2,1,0
GripLost,1d_cnn_19_raw,5,110,109,1,0,3,0,0,2,0,0
GripLost,1d_cnn_19_raw,5,111,110,1,0,3,0,0,2,0,0
GripLost,1d_cnn_19_raw,5,112,111,1,0,3,0,0,2,0,0
GripLost,1d_cnn_19_raw,5,113,112,1,0,3,0,0,2,0,0
GripLost,1d_cnn_19_raw,5,114,113,1,0,3,0,0,2,0,0
GripLost,1d_cnn_19_raw,5,115,114,1,0,3,2,0,2,1,0
GripLost,1d_cnn_19_raw,5,116,115,1,0,3,3,0,2,1,0
GripLost,1d_cnn_19_raw,5,117,116,1,0,3,0,0,2,0,0
GripLost,1d_cnn_19_raw,5,118,117,1,0,3,0,0,2,0,0
GripLost,1d_cnn_19_raw,5,119,118,1,0,3,0,0,2,0,0
GripLost,1d_cnn_19_raw,5,120,119,1,0,3,0,0,2,0,0
GripLost,1d_cnn_19_raw,5,121,120,1,0,3,0,0,2,0,0
GripLost,1d_cnn_19_raw,5,122,121,1,0,3,0,0,2,0,0
GripLost,1d_cnn_19_raw,5,123,122,1,0,3,3,0,2,1,0
GripLost,1d_cnn_19_raw,5,124,123,1,0,3,1,0,2,0,0
GripLost,1d_cnn_19_raw,5,125,124,1,0,3,0,0,2,0,0
GripLost,1d_cnn_19_raw,7,151,129,1,0,3,0,0,2,0,0
GripLost,1d_cnn_19_raw,7,152,130,1,0,3,0,0,2,0,0
GripLost,1d_cnn_19_raw,7,153,131,1,0,3,0,0,2,0,0
GripLost,1d_cnn_19_raw,7,154,132,1,0,3,1,0,2,0,0
GripLost,1d_cnn_19_raw,7,155,133,1,0,3,0,0,2,0,0
GripLost,1d_cnn_19_raw,7,156,134,1,0,3,0,0,2,0,0
GripLost,1d_cnn_19_raw,7,157,135,1,0,3,0,0,2,0,0
GripLost,1d_cnn_19_raw,7,159,137,1,0,3,3,0,2,1,0
GripLost,1d_cnn_19_raw,7,160,138,1,1,3,3,3,2,1,1
GripLost,1d_cnn_19_raw,7,161,139,1,0,3,0,0,2,0,0
GripLost,1d_cnn_19_raw,7,162,140,1,0,3,0,0,2,0,0
GripLost,1d_cnn_19_raw,7,163,141,1,0,3,0,0,2,0,0
GripLost,1d_cnn_19_raw,7,164,142,1,1,3,3,3,2,1,1
GripLost,1d_cnn_19_raw,7,165,143,1,0,3,0,0,2,0,0
GripLost,1d_cnn_19_raw,7,166,144,1,0,3,0,0,2,0,0
GripLost,1d_cnn_19_raw,7,167,145,1,0,3,0,0,2,0,0
GripLost,1d_cnn_19_raw,7,168,146,1,0,3,3,0,2,1,0
GripLost,1d_cnn_19_raw,7,169,147,1,0,3,0,0,2,0,0
GripLost,1d_cnn_19_raw,7,170,148,1,0,3,3,0,2,1,0
GripLost,1d_cnn_19_raw,7,171,149,1,0,3,0,0,2,0,0
GripLost,1d_cnn_19_raw,7,172,150,1,0,3,0,0,2,0,0
GripLost,1d_cnn_19_raw,7,173,151,1,1,3,3,3,2,1,1
GripLost,1d_cnn_19_raw,7,174,152,1,1,3,3,3,2,1,1
GripLost,1d_cnn_19_raw,7,175,153,1,0,3,0,0,2,0,0
GripLost,1d_cnn_19_raw,8,176,154,1,0,3,1,0,2,0,0
GripLost,1d_cnn_19_raw,8,177,155,1,0,3,1,0,2,0,0
GripLost,1d_cnn_19_raw,8,178,156,1,0,3,1,0,2,0,0
GripLost,1d_cnn_19_raw,8,179,157,1,0,3,1,0,2,0,0
GripLost,1d_cnn_19_raw,8,180,158,1,1,3,1,1,2,0,0
GripLost,1d_cnn_19_raw,8,181,159,1,0,3,1,0,2,0,0
GripLost,1d_cnn_19_raw,8,182,160,1,0,3,1,0,2,0,0
GripLost,1d_cnn_19_raw,8,183,161,1,0,3,2,0,2,1,0
GripLost,1d_cnn_19_raw,8,184,162,1,0,3,1,0,2,0,0
GripLost,1d_cnn_19_raw,8,185,163,1,0,3,0,0,2,0,0
GripLost,1d_cnn_19_raw,8,199,176,1,0,3,0,0,2,0,0
GripLost,1d_cnn_19_raw,8,200,177,1,1,3,2,2,2,1,1
GripLost,1d_cnn_19_raw,9,201,178,1,0,3,3,0,2,1,0
GripLost,1d_cnn_19_raw,9,202,179,1,1,3,3,3,2,1,1
GripLost,1d_cnn_19_raw,9,203,180,1,0,3,0,0,2,0,0
GripLost,1d_cnn_19_raw,9,204,181,1,0,3,3,0,2,1,0
GripLost,1d_cnn_19_raw,9,205,182,1,0,3,2,0,2,1,0
GripLost,1d_cnn_19_raw,9,206,183,1,0,3,0,0,2,0,0
GripLost,1d_cnn_19_raw,9,207,184,1,0,3,0,0,2,0,0
GripLost,1d_cnn_19_raw,9,208,185,1,1,3,3,3,2,1,1
GripLost,1d_cnn_19_raw,9,209,186,1,0,3,0,0,2,0,0
GripLost,1d_cnn_19_raw,9,210,187,1,0,3,3,0,2,1,0
GripLost,1d_cnn_19_raw,9,211,188,1,0,3,0,0,2,0,0
GripLost,1d_cnn_19_raw,9,212,189,1,0,3,1,0,2,0,0
GripLost,1d_cnn_19_raw,9,213,190,1,0,3,0,0,2,0,0
GripLost,1d_cnn_19_raw,9,214,191,1,1,3,3,3,2,1,1
GripLost,1d_cnn_19_raw,9,215,192,1,0,3,1,0,2,0,0
GripLost,1d_cnn_19_raw,9,216,193,1,1,3,2,2,2,1,1
GripLost,1d_cnn_19_raw,9,217,194,1,0,3,0,0,2,0,0
GripLost,1d_cnn_19_raw,9,218,195,1,0,3,1,0,2,0,0
GripLost,1d_cnn_19_raw,9,219,196,1,1,3,3,3,2,1,1
GripLost,1d_cnn_19_raw,9,220,197,1,0,3,0,0,2,0,0
GripLost,1d_cnn_19_raw,9,221,198,1,1,3,3,3,2,1,1
GripLost,1d_cnn_19_raw,9,222,199,1,0,3,1,0,2,0,0
GripLost,1d_cnn_19_raw,9,223,200,1,0,3,0,0,2,0,0
GripLost,1d_cnn_19_raw,9,224,201,1,0,3,0,0,2,0,0
GripLost,1d_cnn_19_raw,9,225,202,1,0,3,0,0,2,0,0
GripLost,1d_cnn_19_raw,9,224,210,2,0,3,0,0,2,0,0
GripLost,1d_cnn_19_raw,10,226,203,1,0,3,2,0,2,1,0
GripLost,1d_cnn_19_raw,10,227,204,1,0,3,2,0,2,1,0
GripLost,1d_cnn_19_raw,10,229,205,1,0,3,3,0,2,1,0
GripLost,1d_cnn_19_raw,10,230,206,1,0,3,3,0,2,1,0
GripLost,1d_cnn_19_raw,10,231,207,1,0,3,3,0,2,1,0
GripLost,1d_cnn_19_raw,10,232,208,1,0,3,2,0,2,1,0
GripLost,1d_cnn_19_raw,10,233,209,1,0,3,0,0,2,0,0
GripLost,1d_cnn_19_raw,10,230,216,2,0,3,0,0,2,0,0
GripLost,1d_cnn_19_raw,10,231,217,2,0,3,1,0,2,0,0
GripLost,1d_cnn_19_raw,10,232,218,2,1,3,3,3,2,1,1
GripLost,1d_cnn_19_raw,10,233,219,2,1,3,3,3,2,1,1
GripLost,1d_cnn_19_raw,10,234,220,1,1,3,3,3,2,1,1
GripLost,1d_cnn_19_raw,10,235,221,1,0,3,3,0,2,1,0
GripLost,1d_cnn_19_raw,10,236,222,1,0,3,3,0,2,1,0
GripLost,1d_cnn_19_raw,10,237,223,1,1,3,3,3,2,1,1
GripLost,1d_cnn_19_raw,10,238,224,1,0,3,0,0,2,0,0
GripLost,1d_cnn_19_raw,10,239,225,1,0,3,3,0,2,1,0
GripLost,1d_cnn_19_raw,10,240,226,1,0,3,3,0,2,1,0
GripLost,1d_cnn_19_raw,10,241,227,1,0,3,3,0,2,1,0
GripLost,1d_cnn_19_raw,10,242,228,1,0,3,2,0,2,1,0
GripLost,1d_cnn_19_raw,10,243,229,1,0,3,3,0,2,1,0
GripLost,1d_cnn_19_raw,10,245,230,1,0,3,0,0,2,0,0
GripLost,1d_cnn_19_raw,10,246,231,1,0,3,3,0,2,1,0
GripLost,1d_cnn_19_raw,10,247,232,1,1,3,3,2,2,1,1
GripLost,1d_cnn_19_raw,10,248,233,1,0,3,0,0,2,0,0
GripLost,1d_cnn_19_raw,10,249,234,1,0,3,3,0,2,1,0
GripLost,1d_cnn_19_raw,10,250,235,1,1,3,3,3,2,1,1
System_Failure,lstm_autoencoder_19_raw_q90,1,1,1,1,1,3,0,0,2,0,0
System_Failure,lstm_autoencoder_19_raw_q90,1,2,2,1,1,3,0,0,2,0,0
System_Failure,lstm_autoencoder_19_raw_q90,1,3,3,1,0,3,3,0,2,1,0
System_Failure,lstm_autoencoder_19_raw_q90,1,4,4,1,0,3,3,0,2,1,0
System_Failure,lstm_autoencoder_19_raw_q90,1,5,5,1,1,3,0,0,2,0,0
System_Failure,lstm_autoencoder_19_raw_q90,1,6,6,1,1,3,0,0,2,0,0
System_Failure,lstm_autoencoder_19_raw_q90,1,8,8,1,0,3,0,0,2,0,0
System_Failure,lstm_autoencoder_19_raw_q90,1,9,9,1,0,3,0,0,2,0,0
System_Failure,lstm_autoencoder_19_raw_q90,1,10,10,1,0,3,3,0,2,1,0
System_Failure,lstm_autoencoder_19_raw_q90,1,11,11,1,0,3,0,0,2,0,0
System_Failure,lstm_autoencoder_19_raw_q90,1,12,12,1,0,3,0,0,2,0,0
System_Failure,lstm_autoencoder_19_raw_q90,1,13,13,1,0,3,0,0,2,0,0
System_Failure,lstm_autoencoder_19_raw_q90,1,14,14,1,1,3,0,0,2,0,0
System_Failure,lstm_autoencoder_19_raw_q90,1,15,15,1,1,3,0,0,2,0,0
System_Failure,lstm_autoencoder_19_raw_q90,1,16,16,1,0,3,0,0,2,0,0
System_Failure,lstm_autoencoder_19_raw_q90,1,17,17,1,0,3,0,0,2,0,0
System_Failure,lstm_autoencoder_19_raw_q90,1,18,18,1,0,3,0,0,2,0,0
System_Failure,lstm_autoencoder_19_raw_q90,1,19,19,1,0,3,2,0,2,1,0
System_Failure,lstm_autoencoder_19_raw_q90,1,20,20,1,0,3,0,0,2,0,0
System_Failure,lstm_autoencoder_19_raw_q90,1,21,21,1,0,3,0,0,2,0,0
System_Failure,lstm_autoencoder_19_raw_q90,1,22,22,1,1,3,0,0,2,0,0
System_Failure,lstm_autoencoder_19_raw_q90,1,23,23,1,0,3,0,0,2,0,0
System_Failure,lstm_autoencoder_19_raw_q90,1,24,24,1,0,3,0,0,2,0,0
System_Failure,lstm_autoencoder_19_raw_q90,1,25,25,1,0,3,0,0,2,0,0
System_Failure,lstm_autoencoder_19_raw_q95,1,1,1,1,1,3,0,0,2,0,0
System_Failure,lstm_autoencoder_19_raw_q95,1,2,2,1,1,3,0,0,2,0,0
System_Failure,lstm_autoencoder_19_raw_q95,1,3,3,1,0,3,3,0,2,1,0
System_Failure,lstm_autoencoder_19_raw_q95,1,4,4,1,0,3,0,0,2,0,0
System_Failure,lstm_autoencoder_19_raw_q95,1,5,5,1,1,3,0,0,2,0,0
System_Failure,lstm_autoencoder_19_raw_q95,1,6,6,1,1,3,0,0,2,0,0
System_Failure,lstm_autoencoder_19_raw_q95,1,8,8,1,0,3,0,0,2,0,0
System_Failure,lstm_autoencoder_19_raw_q95,1,9,9,1,0,3,0,0,2,0,0
System_Failure,lstm_autoencoder_19_raw_q95,1,10,10,1,0,3,0,0,2,0,0
System_Failure,lstm_autoencoder_19_raw_q95,1,11,11,1,0,3,0,0,2,0,0
System_Failure,lstm_autoencoder_19_raw_q95,1,12,12,1,0,3,0,0,2,0,0
System_Failure,lstm_autoencoder_19_raw_q95,1,13,13,1,0,3,0,0,2,0,0
System_Failure,lstm_autoencoder_19_raw_q95,1,14,14,1,1,3,0,0,2,0,0
System_Failure,lstm_autoencoder_19_raw_q95,1,15,15,1,1,3,0,0,2,0,0
System_Failure,lstm_autoencoder_19_raw_q95,1,16,16,1,0,3,0,0,2,0,0
System_Failure,lstm_autoencoder_19_raw_q95,1,17,17,1,0,3,0,0,2,0,0
System_Failure,lstm_autoencoder_19_raw_q95,1,18,18,1,0,3,0,0,2,0,0
System_Failure,lstm_autoencoder_19_raw_q95,1,19,19,1,0,3,0,0,2,0,0
System_Failure,lstm_autoencoder_19_raw_q95,1,20,20,1,0,3,0,0,2,0,0
System_Failure,lstm_autoencoder_19_raw_q95,1,21,21,1,0,3,0,0,2,0,0
System_Failure,lstm_autoencoder_19_raw_q95,1,22,22,1,1,3,0,0,2,0,0
System_Failure,lstm_autoencoder_19_raw_q95,1,23,23,1,0,3,0,0,2,0,0
System_Failure,lstm_autoencoder_19_raw_q95,1,24,24,1,0,3,0,0,2,0,0
System_Failure,lstm_autoencoder_19_raw_q95,1,25,25,1,0,3,0,0,2,0,0
System_Failure,lstm_autoencoder_19_raw_q97.5,1,1,1,1,1,3,0,0,2,0,0
System_Failure,lstm_autoencoder_19_raw_q97.5,1,2,2,1,1,3,0,0,2,0,0
System_Failure,lstm_autoencoder_19_raw_q97.5,1,3,3,1,0,3,3,0,2,1,0
System_Failure,lstm_autoencoder_19_raw_q97.5,1,4,4,1,0,3,0,0,2,0,0
System_Failure,lstm_autoencoder_19_raw_q97.5,1,5,5,1,1,3,0,0,2,0,0
System_Failure,lstm_autoencoder_19_raw_q97.5,1,6,6,1,1,3,0,0,2,0,0
System_Failure,lstm_autoencoder_19_raw_q97.5,1,8,8,1,0,3,0,0,2,0,0
System_Failure,lstm_autoencoder_19_raw_q97.5,1,9,9,1,0,3,0,0,2,0,0
System_Failure,lstm_autoencoder_19_raw_q97.5,1,10,10,1,0,3,0,0,2,0,0
System_Failure,lstm_autoencoder_19_raw_q97.5,1,11,11,1,0,3,0,0,2,0,0
System_Failure,lstm_autoencoder_19_raw_q97.5,1,12,12,1,0,3,0,0,2,0,0
System_Failure,lstm_autoencoder_19_raw_q97.5,1,13,13,1,0,3,0,0,2,0,0
System_Failure,lstm_autoencoder_19_raw_q97.5,1,14,14,1,1,3,0,0,2,0,0
System_Failure,lstm_autoencoder_19_raw_q97.5,1,15,15,1,1,3,0,0,2,0,0
System_Failure,lstm_autoencoder_19_raw_q97.5,1,16,16,1,0,3,0,0,2,0,0
System_Failure,lstm_autoencoder_19_raw_q97.5,1,17,17,1,0,3,0,0,2,0,0
System_Failure,lstm_autoencoder_19_raw_q97.5,1,18,18,1,0,3,0,0,2,0,0
System_Failure,lstm_autoencoder_19_raw_q97.5,1,19,19,1,0,3,0,0,2,0,0
System_Failure,lstm_autoencoder_19_raw_q97.5,1,20,20,1,0,3,0,0,2,0,0
System_Failure,lstm_autoencoder_19_raw_q97.5,1,21,21,1,0,3,0,0,2,0,0
System_Failure,lstm_autoencoder_19_raw_q97.5,1,22,22,1,1,3,0,0,2,0,0
System_Failure,lstm_autoencoder_19_raw_q97.5,1,23,23,1,0,3,0,0,2,0,0
System_Failure,lstm_autoencoder_19_raw_q97.5,1,24,24,1,0,3,0,0,2,0,0
System_Failure,lstm_autoencoder_19_raw_q97.5,1,25,25,1,0,3,0,0,2,0,0
ProtectiveStop,lstm_autoencoder_19_raw_q90,1,1,1,1,1,3,0,0,2,0,0
ProtectiveStop,lstm_autoencoder_19_raw_q90,1,2,2,1,0,3,0,0,2,0,0
ProtectiveStop,lstm_autoencoder_19_raw_q90,1,3,3,1,0,3,3,0,2,1,0
ProtectiveStop,lstm_autoencoder_19_raw_q90,1,4,4,1,0,3,3,0,2,1,0
ProtectiveStop,lstm_autoencoder_19_raw_q90,1,5,5,1,0,3,0,0,2,0,0
ProtectiveStop,lstm_autoencoder_19_raw_q90,1,6,6,1,0,3,0,0,2,0,0
ProtectiveStop,lstm_autoencoder_19_raw_q90,1,8,8,1,0,3,0,0,2,0,0
ProtectiveStop,lstm_autoencoder_19_raw_q90,1,9,9,1,0,3,0,0,2,0,0
ProtectiveStop,lstm_autoencoder_19_raw_q90,1,10,10,1,0,3,3,0,2,1,0
ProtectiveStop,lstm_autoencoder_19_raw_q90,1,11,11,1,0,3,0,0,2,0,0
ProtectiveStop,lstm_autoencoder_19_raw_q90,1,12,12,1,0,3,0,0,2,0,0
ProtectiveStop,lstm_autoencoder_19_raw_q90,1,13,13,1,0,3,0,0,2,0,0
ProtectiveStop,lstm_autoencoder_19_raw_q90,1,14,14,1,0,3,0,0,2,0,0
ProtectiveStop,lstm_autoencoder_19_raw_q90,1,15,15,1,0,3,0,0,2,0,0
ProtectiveStop,lstm_autoencoder_19_raw_q90,1,16,16,1,0,3,0,0,2,0,0
ProtectiveStop,lstm_autoencoder_19_raw_q90,1,17,17,1,0,3,0,0,2,0,0
ProtectiveStop,lstm_autoencoder_19_raw_q90,1,18,18,1,0,3,0,0,2,0,0
ProtectiveStop,lstm_autoencoder_19_raw_q90,1,19,19,1,0,3,2,0,2,1,0
ProtectiveStop,lstm_autoencoder_19_raw_q90,1,20,20,1,0,3,0,0,2,0,0
ProtectiveStop,lstm_autoencoder_19_raw_q90,1,21,21,1,0,3,0,0,2,0,0
ProtectiveStop,lstm_autoencoder_19_raw_q90,1,22,22,1,1,3,0,0,2,0,0
ProtectiveStop,lstm_autoencoder_19_raw_q90,1,23,23,1,0,3,0,0,2,0,0
ProtectiveStop,lstm_autoencoder_19_raw_q90,1,24,24,1,0,3,0,0,2,0,0
ProtectiveStop,lstm_autoencoder_19_raw_q90,1,25,25,1,0,3,0,0,2,0,0
ProtectiveStop,lstm_autoencoder_19_raw_q95,1,1,1,1,1,3,0,0,2,0,0
ProtectiveStop,lstm_autoencoder_19_raw_q95,1,2,2,1,0,3,0,0,2,0,0
ProtectiveStop,lstm_autoencoder_19_raw_q95,1,3,3,1,0,3,3,0,2,1,0
ProtectiveStop,lstm_autoencoder_19_raw_q95,1,4,4,1,0,3,0,0,2,0,0
ProtectiveStop,lstm_autoencoder_19_raw_q95,1,5,5,1,0,3,0,0,2,0,0
ProtectiveStop,lstm_autoencoder_19_raw_q95,1,6,6,1,0,3,0,0,2,0,0
ProtectiveStop,lstm_autoencoder_19_raw_q95,1,8,8,1,0,3,0,0,2,0,0
ProtectiveStop,lstm_autoencoder_19_raw_q95,1,9,9,1,0,3,0,0,2,0,0
ProtectiveStop,lstm_autoencoder_19_raw_q95,1,10,10,1,0,3,0,0,2,0,0
ProtectiveStop,lstm_autoencoder_19_raw_q95,1,11,11,1,0,3,0,0,2,0,0
ProtectiveStop,lstm_autoencoder_19_raw_q95,1,12,12,1,0,3,0,0,2,0,0
ProtectiveStop,lstm_autoencoder_19_raw_q95,1,13,13,1,0,3,0,0,2,0,0
ProtectiveStop,lstm_autoencoder_19_raw_q95,1,14,14,1,0,3,0,0,2,0,0
ProtectiveStop,lstm_autoencoder_19_raw_q95,1,15,15,1,0,3,0,0,2,0,0
ProtectiveStop,lstm_autoencoder_19_raw_q95,1,16,16,1,0,3,0,0,2,0,0
ProtectiveStop,lstm_autoencoder_19_raw_q95,1,17,17,1,0,3,0,0,2,0,0
ProtectiveStop,lstm_autoencoder_19_raw_q95,1,18,18,1,0,3,0,0,2,0,0
ProtectiveStop,lstm_autoencoder_19_raw_q95,1,19,19,1,0,3,0,0,2,0,0
ProtectiveStop,lstm_autoencoder_19_raw_q95,1,20,20,1,0,3,0,0,2,0,0
ProtectiveStop,lstm_autoencoder_19_raw_q95,1,21,21,1,0,3,0,0,2,0,0
ProtectiveStop,lstm_autoencoder_19_raw_q95,1,22,22,1,1,3,0,0,2,0,0
ProtectiveStop,lstm_autoencoder_19_raw_q95,1,23,23,1,0,3,0,0,2,0,0
ProtectiveStop,lstm_autoencoder_19_raw_q95,1,24,24,1,0,3,0,0,2,0,0
ProtectiveStop,lstm_autoencoder_19_raw_q95,1,25,25,1,0,3,0,0,2,0,0
ProtectiveStop,lstm_autoencoder_19_raw_q97.5,1,1,1,1,1,3,0,0,2,0,0
ProtectiveStop,lstm_autoencoder_19_raw_q97.5,1,2,2,1,0,3,0,0,2,0,0
ProtectiveStop,lstm_autoencoder_19_raw_q97.5,1,3,3,1,0,3,3,0,2,1,0
ProtectiveStop,lstm_autoencoder_19_raw_q97.5,1,4,4,1,0,3,0,0,2,0,0
ProtectiveStop,lstm_autoencoder_19_raw_q97.5,1,5,5,1,0,3,0,0,2,0,0
ProtectiveStop,lstm_autoencoder_19_raw_q97.5,1,6,6,1,0,3,0,0,2,0,0
ProtectiveStop,lstm_autoencoder_19_raw_q97.5,1,8,8,1,0,3,0,0,2,0,0
ProtectiveStop,lstm_autoencoder_19_raw_q97.5,1,9,9,1,0,3,0,0,2,0,0
ProtectiveStop,lstm_autoencoder_19_raw_q97.5,1,10,10,1,0,3,0,0,2,0,0
ProtectiveStop,lstm_autoencoder_19_raw_q97.5,1,11,11,1,0,3,0,0,2,0,0
ProtectiveStop,lstm_autoencoder_19_raw_q97.5,1,12,12,1,0,3,0,0,2,0,0
ProtectiveStop,lstm_autoencoder_19_raw_q97.5,1,13,13,1,0,3,0,0,2,0,0
ProtectiveStop,lstm_autoencoder_19_raw_q97.5,1,14,14,1,0,3,0,0,2,0,0
ProtectiveStop,lstm_autoencoder_19_raw_q97.5,1,15,15,1,0,3,0,0,2,0,0
ProtectiveStop,lstm_autoencoder_19_raw_q97.5,1,16,16,1,0,3,0,0,2,0,0
ProtectiveStop,lstm_autoencoder_19_raw_q97.5,1,17,17,1,0,3,0,0,2,0,0
ProtectiveStop,lstm_autoencoder_19_raw_q97.5,1,18,18,1,0,3,0,0,2,0,0
ProtectiveStop,lstm_autoencoder_19_raw_q97.5,1,19,19,1,0,3,0,0,2,0,0
ProtectiveStop,lstm_autoencoder_19_raw_q97.5,1,20,20,1,0,3,0,0,2,0,0
ProtectiveStop,lstm_autoencoder_19_raw_q97.5,1,21,21,1,0,3,0,0,2,0,0
ProtectiveStop,lstm_autoencoder_19_raw_q97.5,1,22,22,1,1,3,0,0,2,0,0
ProtectiveStop,lstm_autoencoder_19_raw_q97.5,1,23,23,1,0,3,0,0,2,0,0
ProtectiveStop,lstm_autoencoder_19_raw_q97.5,1,24,24,1,0,3,0,0,2,0,0
ProtectiveStop,lstm_autoencoder_19_raw_q97.5,1,25,25,1,0,3,0,0,2,0,0
GripLost,lstm_autoencoder_19_raw_q90,1,1,1,1,0,3,0,0,2,0,0
GripLost,lstm_autoencoder_19_raw_q90,1,2,2,1,1,3,0,0,2,0,0
GripLost,lstm_autoencoder_19_raw_q90,1,3,3,1,0,3,3,0,2,1,0
GripLost,lstm_autoencoder_19_raw_q90,1,4,4,1,0,3,3,0,2,1,0
GripLost,lstm_autoencoder_19_raw_q90,1,5,5,1,1,3,0,0,2,0,0
GripLost,lstm_autoencoder_19_raw_q90,1,6,6,1,1,3,0,0,2,0,0
GripLost,lstm_autoencoder_19_raw_q90,1,8,8,1,0,3,0,0,2,0,0
GripLost,lstm_autoencoder_19_raw_q90,1,9,9,1,0,3,0,0,2,0,0
GripLost,lstm_autoencoder_19_raw_q90,1,10,10,1,0,3,3,0,2,1,0
GripLost,lstm_autoencoder_19_raw_q90,1,11,11,1,0,3,0,0,2,0,0
GripLost,lstm_autoencoder_19_raw_q90,1,12,12,1,0,3,0,0,2,0,0
GripLost,lstm_autoencoder_19_raw_q90,1,13,13,1,0,3,0,0,2,0,0
GripLost,lstm_autoencoder_19_raw_q90,1,14,14,1,1,3,0,0,2,0,0
GripLost,lstm_autoencoder_19_raw_q90,1,15,15,1,1,3,0,0,2,0,0
GripLost,lstm_autoencoder_19_raw_q90,1,16,16,1,0,3,0,0,2,0,0
GripLost,lstm_autoencoder_19_raw_q90,1,17,17,1,0,3,0,0,2,0,0
GripLost,lstm_autoencoder_19_raw_q90,1,18,18,1,0,3,0,0,2,0,0
GripLost,lstm_autoencoder_19_raw_q90,1,19,19,1,0,3,2,0,2,1,0
GripLost,lstm_autoencoder_19_raw_q90,1,20,20,1,0,3,0,0,2,0,0
GripLost,lstm_autoencoder_19_raw_q90,1,21,21,1,0,3,0,0,2,0,0
GripLost,lstm_autoencoder_19_raw_q90,1,22,22,1,0,3,0,0,2,0,0
GripLost,lstm_autoencoder_19_raw_q90,1,23,23,1,0,3,0,0,2,0,0
GripLost,lstm_autoencoder_19_raw_q90,1,24,24,1,0,3,0,0,2,0,0
GripLost,lstm_autoencoder_19_raw_q90,1,25,25,1,0,3,0,0,2,0,0
GripLost,lstm_autoencoder_19_raw_q95,1,1,1,1,0,3,0,0,2,0,0
GripLost,lstm_autoencoder_19_raw_q95,1,2,2,1,1,3,0,0,2,0,0
GripLost,lstm_autoencoder_19_raw_q95,1,3,3,1,0,3,3,0,2,1,0
GripLost,lstm_autoencoder_19_raw_q95,1,4,4,1,0,3,0,0,2,0,0
GripLost,lstm_autoencoder_19_raw_q95,1,5,5,1,1,3,0,0,2,0,0
GripLost,lstm_autoencoder_19_raw_q95,1,6,6,1,1,3,0,0,2,0,0
GripLost,lstm_autoencoder_19_raw_q95,1,8,8,1,0,3,0,0,2,0,0
GripLost,lstm_autoencoder_19_raw_q95,1,9,9,1,0,3,0,0,2,0,0
GripLost,lstm_autoencoder_19_raw_q95,1,10,10,1,0,3,0,0,2,0,0
GripLost,lstm_autoencoder_19_raw_q95,1,11,11,1,0,3,0,0,2,0,0
GripLost,lstm_autoencoder_19_raw_q95,1,12,12,1,0,3,0,0,2,0,0
GripLost,lstm_autoencoder_19_raw_q95,1,13,13,1,0,3,0,0,2,0,0
GripLost,lstm_autoencoder_19_raw_q95,1,14,14,1,1,3,0,0,2,0,0
GripLost,lstm_autoencoder_19_raw_q95,1,15,15,1,1,3,0,0,2,0,0
GripLost,lstm_autoencoder_19_raw_q95,1,16,16,1,0,3,0,0,2,0,0
GripLost,lstm_autoencoder_19_raw_q95,1,17,17,1,0,3,0,0,2,0,0
GripLost,lstm_autoencoder_19_raw_q95,1,18,18,1,0,3,0,0,2,0,0
GripLost,lstm_autoencoder_19_raw_q95,1,19,19,1,0,3,0,0,2,0,0
GripLost,lstm_autoencoder_19_raw_q95,1,20,20,1,0,3,0,0,2,0,0
GripLost,lstm_autoencoder_19_raw_q95,1,21,21,1,0,3,0,0,2,0,0
GripLost,lstm_autoencoder_19_raw_q95,1,22,22,1,0,3,0,0,2,0,0
GripLost,lstm_autoencoder_19_raw_q95,1,23,23,1,0,3,0,0,2,0,0
GripLost,lstm_autoencoder_19_raw_q95,1,24,24,1,0,3,0,0,2,0,0
GripLost,lstm_autoencoder_19_raw_q95,1,25,25,1,0,3,0,0,2,0,0
GripLost,lstm_autoencoder_19_raw_q97.5,1,1,1,1,0,3,0,0,2,0,0
GripLost,lstm_autoencoder_19_raw_q97.5,1,2,2,1,1,3,0,0,2,0,0
GripLost,lstm_autoencoder_19_raw_q97.5,1,3,3,1,0,3,3,0,2,1,0
GripLost,lstm_autoencoder_19_raw_q97.5,1,4,4,1,0,3,0,0,2,0,0
GripLost,lstm_autoencoder_19_raw_q97.5,1,5,5,1,1,3,0,0,2,0,0
GripLost,lstm_autoencoder_19_raw_q97.5,1,6,6,1,1,3,0,0,2,0,0
GripLost,lstm_autoencoder_19_raw_q97.5,1,8,8,1,0,3,0,0,2,0,0
GripLost,lstm_autoencoder_19_raw_q97.5,1,9,9,1,0,3,0,0,2,0,0
GripLost,lstm_autoencoder_19_raw_q97.5,1,10,10,1,0,3,0,0,2,0,0
GripLost,lstm_autoencoder_19_raw_q97.5,1,11,11,1,0,3,0,0,2,0,0
GripLost,lstm_autoencoder_19_raw_q97.5,1,12,12,1,0,3,0,0,2,0,0
GripLost,lstm_autoencoder_19_raw_q97.5,1,13,13,1,0,3,0,0,2,0,0
GripLost,lstm_autoencoder_19_raw_q97.5,1,14,14,1,1,3,0,0,2,0,0
GripLost,lstm_autoencoder_19_raw_q97.5,1,15,15,1,1,3,0,0,2,0,0
GripLost,lstm_autoencoder_19_raw_q97.5,1,16,16,1,0,3,0,0,2,0,0
GripLost,lstm_autoencoder_19_raw_q97.5,1,17,17,1,0,3,0,0,2,0,0
GripLost,lstm_autoencoder_19_raw_q97.5,1,18,18,1,0,3,0,0,2,0,0
GripLost,lstm_autoencoder_19_raw_q97.5,1,19,19,1,0,3,0,0,2,0,0
GripLost,lstm_autoencoder_19_raw_q97.5,1,20,20,1,0,3,0,0,2,0,0
GripLost,lstm_autoencoder_19_raw_q97.5,1,21,21,1,0,3,0,0,2,0,0
GripLost,lstm_autoencoder_19_raw_q97.5,1,22,22,1,0,3,0,0,2,0,0
GripLost,lstm_autoencoder_19_raw_q97.5,1,23,23,1,0,3,0,0,2,0,0
GripLost,lstm_autoencoder_19_raw_q97.5,1,24,24,1,0,3,0,0,2,0,0
GripLost,lstm_autoencoder_19_raw_q97.5,1,25,25,1,0,3,0,0,2,0,0
System_Failure,lstm_autoencoder_19_raw_q90,2,26,26,1,0,3,0,0,2,0,0
System_Failure,lstm_autoencoder_19_raw_q90,2,27,27,1,0,3,0,0,2,0,0
System_Failure,lstm_autoencoder_19_raw_q90,2,28,28,1,0,3,0,0,2,0,0
System_Failure,lstm_autoencoder_19_raw_q90,2,29,29,1,0,3,0,0,2,0,0
System_Failure,lstm_autoencoder_19_raw_q90,2,30,30,1,0,3,0,0,2,0,0
System_Failure,lstm_autoencoder_19_raw_q90,2,31,31,1,0,3,0,0,2,0,0
System_Failure,lstm_autoencoder_19_raw_q90,2,32,32,1,0,3,3,0,2,1,0
System_Failure,lstm_autoencoder_19_raw_q90,2,33,33,1,0,3,0,0,2,0,0
System_Failure,lstm_autoencoder_19_raw_q90,2,34,34,1,0,3,3,0,2,1,0
System_Failure,lstm_autoencoder_19_raw_q90,2,35,35,1,1,3,0,0,2,0,0
System_Failure,lstm_autoencoder_19_raw_q90,2,36,36,1,1,3,0,0,2,0,0
System_Failure,lstm_autoencoder_19_raw_q90,2,37,37,1,0,3,0,0,2,0,0
System_Failure,lstm_autoencoder_19_raw_q90,2,38,38,1,0,3,0,0,2,0,0
System_Failure,lstm_autoencoder_19_raw_q90,2,39,39,1,1,3,0,0,2,0,0
System_Failure,lstm_autoencoder_19_raw_q90,2,40,40,1,1,3,0,0,2,0,0
System_Failure,lstm_autoencoder_19_raw_q90,2,41,41,1,0,3,0,0,2,0,0
System_Failure,lstm_autoencoder_19_raw_q90,2,42,42,1,1,3,1,1,2,0,0
System_Failure,lstm_autoencoder_19_raw_q90,2,43,43,1,0,3,0,0,2,0,0
System_Failure,lstm_autoencoder_19_raw_q90,2,44,44,1,0,3,0,0,2,0,0
System_Failure,lstm_autoencoder_19_raw_q90,2,45,45,1,0,3,0,0,2,0,0
System_Failure,lstm_autoencoder_19_raw_q90,2,48,48,1,0,3,0,0,2,0,0
System_Failure,lstm_autoencoder_19_raw_q90,2,49,49,1,0,3,0,0,2,0,0
System_Failure,lstm_autoencoder_19_raw_q90,2,50,50,1,0,3,0,0,2,0,0
System_Failure,lstm_autoencoder_19_raw_q95,2,26,26,1,0,3,0,0,2,0,0
System_Failure,lstm_autoencoder_19_raw_q95,2,27,27,1,0,3,0,0,2,0,0
System_Failure,lstm_autoencoder_19_raw_q95,2,28,28,1,0,3,0,0,2,0,0
System_Failure,lstm_autoencoder_19_raw_q95,2,29,29,1,0,3,0,0,2,0,0
System_Failure,lstm_autoencoder_19_raw_q95,2,30,30,1,0,3,0,0,2,0,0
System_Failure,lstm_autoencoder_19_raw_q95,2,31,31,1,0,3,0,0,2,0,0
System_Failure,lstm_autoencoder_19_raw_q95,2,32,32,1,0,3,0,0,2,0,0
System_Failure,lstm_autoencoder_19_raw_q95,2,33,33,1,0,3,0,0,2,0,0
System_Failure,lstm_autoencoder_19_raw_q95,2,34,34,1,0,3,0,0,2,0,0
System_Failure,lstm_autoencoder_19_raw_q95,2,35,35,1,1,3,0,0,2,0,0
System_Failure,lstm_autoencoder_19_raw_q95,2,36,36,1,1,3,0,0,2,0,0
System_Failure,lstm_autoencoder_19_raw_q95,2,37,37,1,0,3,0,0,2,0,0
System_Failure,lstm_autoencoder_19_raw_q95,2,38,38,1,0,3,0,0,2,0,0
System_Failure,lstm_autoencoder_19_raw_q95,2,39,39,1,1,3,0,0,2,0,0
System_Failure,lstm_autoencoder_19_raw_q95,2,40,40,1,1,3,0,0,2,0,0
System_Failure,lstm_autoencoder_19_raw_q95,2,41,41,1,0,3,0,0,2,0,0
System_Failure,lstm_autoencoder_19_raw_q95,2,42,42,1,1,3,0,0,2,0,0
System_Failure,lstm_autoencoder_19_raw_q95,2,43,43,1,0,3,0,0,2,0,0
System_Failure,lstm_autoencoder_19_raw_q95,2,44,44,1,0,3,0,0,2,0,0
System_Failure,lstm_autoencoder_19_raw_q95,2,45,45,1,0,3,0,0,2,0,0
System_Failure,lstm_autoencoder_19_raw_q95,2,48,48,1,0,3,0,0,2,0,0
System_Failure,lstm_autoencoder_19_raw_q95,2,49,49,1,0,3,0,0,2,0,0
System_Failure,lstm_autoencoder_19_raw_q95,2,50,50,1,0,3,0,0,2,0,0
System_Failure,lstm_autoencoder_19_raw_q97.5,2,26,26,1,0,3,0,0,2,0,0
System_Failure,lstm_autoencoder_19_raw_q97.5,2,27,27,1,0,3,0,0,2,0,0
System_Failure,lstm_autoencoder_19_raw_q97.5,2,28,28,1,0,3,0,0,2,0,0
System_Failure,lstm_autoencoder_19_raw_q97.5,2,29,29,1,0,3,0,0,2,0,0
System_Failure,lstm_autoencoder_19_raw_q97.5,2,30,30,1,0,3,0,0,2,0,0
System_Failure,lstm_autoencoder_19_raw_q97.5,2,31,31,1,0,3,0,0,2,0,0
System_Failure,lstm_autoencoder_19_raw_q97.5,2,32,32,1,0,3,0,0,2,0,0
System_Failure,lstm_autoencoder_19_raw_q97.5,2,33,33,1,0,3,0,0,2,0,0
System_Failure,lstm_autoencoder_19_raw_q97.5,2,34,34,1,0,3,0,0,2,0,0
System_Failure,lstm_autoencoder_19_raw_q97.5,2,35,35,1,1,3,0,0,2,0,0
System_Failure,lstm_autoencoder_19_raw_q97.5,2,36,36,1,1,3,0,0,2,0,0
System_Failure,lstm_autoencoder_19_raw_q97.5,2,37,37,1,0,3,0,0,2,0,0
System_Failure,lstm_autoencoder_19_raw_q97.5,2,38,38,1,0,3,0,0,2,0,0
System_Failure,lstm_autoencoder_19_raw_q97.5,2,39,39,1,1,3,0,0,2,0,0
System_Failure,lstm_autoencoder_19_raw_q97.5,2,40,40,1,1,3,0,0,2,0,0
System_Failure,lstm_autoencoder_19_raw_q97.5,2,41,41,1,0,3,0,0,2,0,0
System_Failure,lstm_autoencoder_19_raw_q97.5,2,42,42,1,1,3,0,0,2,0,0
System_Failure,lstm_autoencoder_19_raw_q97.5,2,43,43,1,0,3,0,0,2,0,0
System_Failure,lstm_autoencoder_19_raw_q97.5,2,44,44,1,0,3,0,0,2,0,0
System_Failure,lstm_autoencoder_19_raw_q97.5,2,45,45,1,0,3,0,0,2,0,0
System_Failure,lstm_autoencoder_19_raw_q97.5,2,48,48,1,0,3,0,0,2,0,0
System_Failure,lstm_autoencoder_19_raw_q97.5,2,49,49,1,0,3,0,0,2,0,0
System_Failure,lstm_autoencoder_19_raw_q97.5,2,50,50,1,0,3,0,0,2,0,0
ProtectiveStop,lstm_autoencoder_19_raw_q90,2,26,26,1,0,3,0,0,2,0,0
ProtectiveStop,lstm_autoencoder_19_raw_q90,2,27,27,1,0,3,0,0,2,0,0
ProtectiveStop,lstm_autoencoder_19_raw_q90,2,28,28,1,0,3,0,0,2,0,0
ProtectiveStop,lstm_autoencoder_19_raw_q90,2,29,29,1,0,3,0,0,2,0,0
ProtectiveStop,lstm_autoencoder_19_raw_q90,2,30,30,1,0,3,0,0,2,0,0
ProtectiveStop,lstm_autoencoder_19_raw_q90,2,31,31,1,0,3,0,0,2,0,0
ProtectiveStop,lstm_autoencoder_19_raw_q90,2,32,32,1,0,3,3,0,2,1,0
ProtectiveStop,lstm_autoencoder_19_raw_q90,2,33,33,1,0,3,0,0,2,0,0
ProtectiveStop,lstm_autoencoder_19_raw_q90,2,34,34,1,0,3,3,0,2,1,0
ProtectiveStop,lstm_autoencoder_19_raw_q90,2,35,35,1,1,3,0,0,2,0,0
ProtectiveStop,lstm_autoencoder_19_raw_q90,2,36,36,1,0,3,0,0,2,0,0
ProtectiveStop,lstm_autoencoder_19_raw_q90,2,37,37,1,0,3,0,0,2,0,0
ProtectiveStop,lstm_autoencoder_19_raw_q90,2,38,38,1,0,3,0,0,2,0,0
ProtectiveStop,lstm_autoencoder_19_raw_q90,2,39,39,1,0,3,0,0,2,0,0
ProtectiveStop,lstm_autoencoder_19_raw_q90,2,40,40,1,0,3,0,0,2,0,0
ProtectiveStop,lstm_autoencoder_19_raw_q90,2,41,41,1,0,3,0,0,2,0,0
ProtectiveStop,lstm_autoencoder_19_raw_q90,2,42,42,1,1,3,1,1,2,0,0
ProtectiveStop,lstm_autoencoder_19_raw_q90,2,43,43,1,0,3,0,0,2,0,0
ProtectiveStop,lstm_autoencoder_19_raw_q90,2,44,44,1,0,3,0,0,2,0,0
ProtectiveStop,lstm_autoencoder_19_raw_q90,2,45,45,1,0,3,0,0,2,0,0
ProtectiveStop,lstm_autoencoder_19_raw_q90,2,48,48,1,0,3,0,0,2,0,0
ProtectiveStop,lstm_autoencoder_19_raw_q90,2,49,49,1,0,3,0,0,2,0,0
ProtectiveStop,lstm_autoencoder_19_raw_q90,2,50,50,1,0,3,0,0,2,0,0
ProtectiveStop,lstm_autoencoder_19_raw_q95,2,26,26,1,0,3,0,0,2,0,0
ProtectiveStop,lstm_autoencoder_19_raw_q95,2,27,27,1,0,3,0,0,2,0,0
ProtectiveStop,lstm_autoencoder_19_raw_q95,2,28,28,1,0,3,0,0,2,0,0
ProtectiveStop,lstm_autoencoder_19_raw_q95,2,29,29,1,0,3,0,0,2,0,0
ProtectiveStop,lstm_autoencoder_19_raw_q95,2,30,30,1,0,3,0,0,2,0,0
ProtectiveStop,lstm_autoencoder_19_raw_q95,2,31,31,1,0,3,0,0,2,0,0
ProtectiveStop,lstm_autoencoder_19_raw_q95,2,32,32,1,0,3,0,0,2,0,0
ProtectiveStop,lstm_autoencoder_19_raw_q95,2,33,33,1,0,3,0,0,2,0,0
ProtectiveStop,lstm_autoencoder_19_raw_q95,2,34,34,1,0,3,0,0,2,0,0
ProtectiveStop,lstm_autoencoder_19_raw_q95,2,35,35,1,1,3,0,0,2,0,0
ProtectiveStop,lstm_autoencoder_19_raw_q95,2,36,36,1,0,3,0,0,2,0,0
ProtectiveStop,lstm_autoencoder_19_raw_q95,2,37,37,1,0,3,0,0,2,0,0
ProtectiveStop,lstm_autoencoder_19_raw_q95,2,38,38,1,0,3,0,0,2,0,0
ProtectiveStop,lstm_autoencoder_19_raw_q95,2,39,39,1,0,3,0,0,2,0,0
ProtectiveStop,lstm_autoencoder_19_raw_q95,2,40,40,1,0,3,0,0,2,0,0
ProtectiveStop,lstm_autoencoder_19_raw_q95,2,41,41,1,0,3,0,0,2,0,0
ProtectiveStop,lstm_autoencoder_19_raw_q95,2,42,42,1,1,3,0,0,2,0,0
ProtectiveStop,lstm_autoencoder_19_raw_q95,2,43,43,1,0,3,0,0,2,0,0
ProtectiveStop,lstm_autoencoder_19_raw_q95,2,44,44,1,0,3,0,0,2,0,0
ProtectiveStop,lstm_autoencoder_19_raw_q95,2,45,45,1,0,3,0,0,2,0,0
ProtectiveStop,lstm_autoencoder_19_raw_q95,2,48,48,1,0,3,0,0,2,0,0
ProtectiveStop,lstm_autoencoder_19_raw_q95,2,49,49,1,0,3,0,0,2,0,0
ProtectiveStop,lstm_autoencoder_19_raw_q95,2,50,50,1,0,3,0,0,2,0,0
ProtectiveStop,lstm_autoencoder_19_raw_q97.5,2,26,26,1,0,3,0,0,2,0,0
ProtectiveStop,lstm_autoencoder_19_raw_q97.5,2,27,27,1,0,3,0,0,2,0,0
ProtectiveStop,lstm_autoencoder_19_raw_q97.5,2,28,28,1,0,3,0,0,2,0,0
ProtectiveStop,lstm_autoencoder_19_raw_q97.5,2,29,29,1,0,3,0,0,2,0,0
ProtectiveStop,lstm_autoencoder_19_raw_q97.5,2,30,30,1,0,3,0,0,2,0,0
ProtectiveStop,lstm_autoencoder_19_raw_q97.5,2,31,31,1,0,3,0,0,2,0,0
ProtectiveStop,lstm_autoencoder_19_raw_q97.5,2,32,32,1,0,3,0,0,2,0,0
ProtectiveStop,lstm_autoencoder_19_raw_q97.5,2,33,33,1,0,3,0,0,2,0,0
ProtectiveStop,lstm_autoencoder_19_raw_q97.5,2,34,34,1,0,3,0,0,2,0,0
ProtectiveStop,lstm_autoencoder_19_raw_q97.5,2,35,35,1,1,3,0,0,2,0,0
ProtectiveStop,lstm_autoencoder_19_raw_q97.5,2,36,36,1,0,3,0,0,2,0,0
ProtectiveStop,lstm_autoencoder_19_raw_q97.5,2,37,37,1,0,3,0,0,2,0,0
ProtectiveStop,lstm_autoencoder_19_raw_q97.5,2,38,38,1,0,3,0,0,2,0,0
ProtectiveStop,lstm_autoencoder_19_raw_q97.5,2,39,39,1,0,3,0,0,2,0,0
ProtectiveStop,lstm_autoencoder_19_raw_q97.5,2,40,40,1,0,3,0,0,2,0,0
ProtectiveStop,lstm_autoencoder_19_raw_q97.5,2,41,41,1,0,3,0,0,2,0,0
ProtectiveStop,lstm_autoencoder_19_raw_q97.5,2,42,42,1,1,3,0,0,2,0,0
ProtectiveStop,lstm_autoencoder_19_raw_q97.5,2,43,43,1,0,3,0,0,2,0,0
ProtectiveStop,lstm_autoencoder_19_raw_q97.5,2,44,44,1,0,3,0,0,2,0,0
ProtectiveStop,lstm_autoencoder_19_raw_q97.5,2,45,45,1,0,3,0,0,2,0,0
ProtectiveStop,lstm_autoencoder_19_raw_q97.5,2,48,48,1,0,3,0,0,2,0,0
ProtectiveStop,lstm_autoencoder_19_raw_q97.5,2,49,49,1,0,3,0,0,2,0,0
ProtectiveStop,lstm_autoencoder_19_raw_q97.5,2,50,50,1,0,3,0,0,2,0,0
GripLost,lstm_autoencoder_19_raw_q90,2,26,26,1,0,3,0,0,2,0,0
GripLost,lstm_autoencoder_19_raw_q90,2,27,27,1,0,3,0,0,2,0,0
GripLost,lstm_autoencoder_19_raw_q90,2,28,28,1,0,3,0,0,2,0,0
GripLost,lstm_autoencoder_19_raw_q90,2,29,29,1,0,3,0,0,2,0,0
GripLost,lstm_autoencoder_19_raw_q90,2,30,30,1,0,3,0,0,2,0,0
GripLost,lstm_autoencoder_19_raw_q90,2,31,31,1,0,3,0,0,2,0,0
GripLost,lstm_autoencoder_19_raw_q90,2,32,32,1,0,3,3,0,2,1,0
GripLost,lstm_autoencoder_19_raw_q90,2,33,33,1,0,3,0,0,2,0,0
GripLost,lstm_autoencoder_19_raw_q90,2,34,34,1,0,3,3,0,2,1,0
GripLost,lstm_autoencoder_19_raw_q90,2,35,35,1,0,3,0,0,2,0,0
GripLost,lstm_autoencoder_19_raw_q90,2,36,36,1,1,3,0,0,2,0,0
GripLost,lstm_autoencoder_19_raw_q90,2,37,37,1,0,3,0,0,2,0,0
GripLost,lstm_autoencoder_19_raw_q90,2,38,38,1,0,3,0,0,2,0,0
GripLost,lstm_autoencoder_19_raw_q90,2,39,39,1,1,3,0,0,2,0,0
GripLost,lstm_autoencoder_19_raw_q90,2,40,40,1,1,3,0,0,2,0,0
GripLost,lstm_autoencoder_19_raw_q90,2,41,41,1,0,3,0,0,2,0,0
GripLost,lstm_autoencoder_19_raw_q90,2,42,42,1,0,3,1,0,2,0,0
GripLost,lstm_autoencoder_19_raw_q90,2,43,43,1,0,3,0,0,2,0,0
GripLost,lstm_autoencoder_19_raw_q90,2,44,44,1,0,3,0,0,2,0,0
GripLost,lstm_autoencoder_19_raw_q90,2,45,45,1,0,3,0,0,2,0,0
GripLost,lstm_autoencoder_19_raw_q90,2,48,48,1,0,3,0,0,2,0,0
GripLost,lstm_autoencoder_19_raw_q90,2,49,49,1,0,3,0,0,2,0,0
GripLost,lstm_autoencoder_19_raw_q90,2,50,50,1,0,3,0,0,2,0,0
GripLost,lstm_autoencoder_19_raw_q95,2,26,26,1,0,3,0,0,2,0,0
GripLost,lstm_autoencoder_19_raw_q95,2,27,27,1,0,3,0,0,2,0,0
GripLost,lstm_autoencoder_19_raw_q95,2,28,28,1,0,3,0,0,2,0,0
GripLost,lstm_autoencoder_19_raw_q95,2,29,29,1,0,3,0,0,2,0,0
GripLost,lstm_autoencoder_19_raw_q95,2,30,30,1,0,3,0,0,2,0,0
GripLost,lstm_autoencoder_19_raw_q95,2,31,31,1,0,3,0,0,2,0,0
GripLost,lstm_autoencoder_19_raw_q95,2,32,32,1,0,3,0,0,2,0,0
GripLost,lstm_autoencoder_19_raw_q95,2,33,33,1,0,3,0,0,2,0,0
GripLost,lstm_autoencoder_19_raw_q95,2,34,34,1,0,3,0,0,2,0,0
GripLost,lstm_autoencoder_19_raw_q95,2,35,35,1,0,3,0,0,2,0,0
GripLost,lstm_autoencoder_19_raw_q95,2,36,36,1,1,3,0,0,2,0,0
GripLost,lstm_autoencoder_19_raw_q95,2,37,37,1,0,3,0,0,2,0,0
GripLost,lstm_autoencoder_19_raw_q95,2,38,38,1,0,3,0,0,2,0,0
GripLost,lstm_autoencoder_19_raw_q95,2,39,39,1,1,3,0,0,2,0,0
GripLost,lstm_autoencoder_19_raw_q95,2,40,40,1,1,3,0,0,2,0,0
GripLost,lstm_autoencoder_19_raw_q95,2,41,41,1,0,3,0,0,2,0,0
GripLost,lstm_autoencoder_19_raw_q95,2,42,42,1,0,3,0,0,2,0,0
GripLost,lstm_autoencoder_19_raw_q95,2,43,43,1,0,3,0,0,2,0,0
GripLost,lstm_autoencoder_19_raw_q95,2,44,44,1,0,3,0,0,2,0,0
GripLost,lstm_autoencoder_19_raw_q95,2,45,45,1,0,3,0,0,2,0,0
GripLost,lstm_autoencoder_19_raw_q95,2,48,48,1,0,3,0,0,2,0,0
GripLost,lstm_autoencoder_19_raw_q95,2,49,49,1,0,3,0,0,2,0,0
GripLost,lstm_autoencoder_19_raw_q95,2,50,50,1,0,3,0,0,2,0,0
GripLost,lstm_autoencoder_19_raw_q97.5,2,26,26,1,0,3,0,0,2,0,0
GripLost,lstm_autoencoder_19_raw_q97.5,2,27,27,1,0,3,0,0,2,0,0
GripLost,lstm_autoencoder_19_raw_q97.5,2,28,28,1,0,3,0,0,2,0,0
GripLost,lstm_autoencoder_19_raw_q97.5,2,29,29,1,0,3,0,0,2,0,0
GripLost,lstm_autoencoder_19_raw_q97.5,2,30,30,1,0,3,0,0,2,0,0
GripLost,lstm_autoencoder_19_raw_q97.5,2,31,31,1,0,3,0,0,2,0,0
GripLost,lstm_autoencoder_19_raw_q97.5,2,32,32,1,0,3,0,0,2,0,0
GripLost,lstm_autoencoder_19_raw_q97.5,2,33,33,1,0,3,0,0,2,0,0
GripLost,lstm_autoencoder_19_raw_q97.5,2,34,34,1,0,3,0,0,2,0,0
GripLost,lstm_autoencoder_19_raw_q97.5,2,35,35,1,0,3,0,0,2,0,0
GripLost,lstm_autoencoder_19_raw_q97.5,2,36,36,1,1,3,0,0,2,0,0
GripLost,lstm_autoencoder_19_raw_q97.5,2,37,37,1,0,3,0,0,2,0,0
GripLost,lstm_autoencoder_19_raw_q97.5,2,38,38,1,0,3,0,0,2,0,0
GripLost,lstm_autoencoder_19_raw_q97.5,2,39,39,1,1,3,0,0,2,0,0
GripLost,lstm_autoencoder_19_raw_q97.5,2,40,40,1,1,3,0,0,2,0,0
GripLost,lstm_autoencoder_19_raw_q97.5,2,41,41,1,0,3,0,0,2,0,0
GripLost,lstm_autoencoder_19_raw_q97.5,2,42,42,1,0,3,0,0,2,0,0
GripLost,lstm_autoencoder_19_raw_q97.5,2,43,43,1,0,3,0,0,2,0,0
GripLost,lstm_autoencoder_19_raw_q97.5,2,44,44,1,0,3,0,0,2,0,0
GripLost,lstm_autoencoder_19_raw_q97.5,2,45,45,1,0,3,0,0,2,0,0
GripLost,lstm_autoencoder_19_raw_q97.5,2,48,48,1,0,3,0,0,2,0,0
GripLost,lstm_autoencoder_19_raw_q97.5,2,49,49,1,0,3,0,0,2,0,0
GripLost,lstm_autoencoder_19_raw_q97.5,2,50,50,1,0,3,0,0,2,0,0
System_Failure,lstm_autoencoder_19_raw_q90,3,51,51,1,0,3,0,0,2,0,0
System_Failure,lstm_autoencoder_19_raw_q90,3,52,52,1,0,3,0,0,2,0,0
System_Failure,lstm_autoencoder_19_raw_q90,3,53,53,1,1,3,0,0,2,0,0
System_Failure,lstm_autoencoder_19_raw_q90,3,54,54,1,0,3,0,0,2,0,0
System_Failure,lstm_autoencoder_19_raw_q90,3,55,55,1,0,3,0,0,2,0,0
System_Failure,lstm_autoencoder_19_raw_q90,3,56,56,1,0,3,0,0,2,0,0
System_Failure,lstm_autoencoder_19_raw_q90,3,57,57,1,0,3,0,0,2,0,0
System_Failure,lstm_autoencoder_19_raw_q90,3,58,58,1,0,3,0,0,2,0,0
System_Failure,lstm_autoencoder_19_raw_q90,3,59,59,1,0,3,0,0,2,0,0
System_Failure,lstm_autoencoder_19_raw_q90,3,60,60,1,0,3,0,0,2,0,0
System_Failure,lstm_autoencoder_19_raw_q90,3,61,61,1,0,3,0,0,2,0,0
System_Failure,lstm_autoencoder_19_raw_q90,3,62,62,1,0,3,0,0,2,0,0
System_Failure,lstm_autoencoder_19_raw_q90,3,63,63,1,1,3,0,0,2,0,0
System_Failure,lstm_autoencoder_19_raw_q90,3,64,64,1,1,3,0,0,2,0,0
System_Failure,lstm_autoencoder_19_raw_q90,3,65,65,1,1,3,0,0,2,0,0
System_Failure,lstm_autoencoder_19_raw_q90,3,66,66,1,0,3,1,0,2,0,0
System_Failure,lstm_autoencoder_19_raw_q90,3,67,67,1,1,3,0,0,2,0,0
System_Failure,lstm_autoencoder_19_raw_q90,3,68,68,1,0,3,0,0,2,0,0
System_Failure,lstm_autoencoder_19_raw_q90,3,69,69,1,1,3,0,0,2,0,0
System_Failure,lstm_autoencoder_19_raw_q90,3,70,70,1,0,3,0,0,2,0,0
System_Failure,lstm_autoencoder_19_raw_q90,3,71,71,1,0,3,0,0,2,0,0
System_Failure,lstm_autoencoder_19_raw_q90,3,72,72,1,0,3,3,0,2,1,0
System_Failure,lstm_autoencoder_19_raw_q90,3,73,73,1,0,3,0,0,2,0,0
System_Failure,lstm_autoencoder_19_raw_q90,3,75,74,1,0,3,0,0,2,0,0
System_Failure,lstm_autoencoder_19_raw_q95,3,51,51,1,0,3,0,0,2,0,0
System_Failure,lstm_autoencoder_19_raw_q95,3,52,52,1,0,3,0,0,2,0,0
System_Failure,lstm_autoencoder_19_raw_q95,3,53,53,1,1,3,0,0,2,0,0
System_Failure,lstm_autoencoder_19_raw_q95,3,54,54,1,0,3,0,0,2,0,0
System_Failure,lstm_autoencoder_19_raw_q95,3,55,55,1,0,3,0,0,2,0,0
System_Failure,lstm_autoencoder_19_raw_q95,3,56,56,1,0,3,0,0,2,0,0
System_Failure,lstm_autoencoder_19_raw_q95,3,57,57,1,0,3,0,0,2,0,0
System_Failure,lstm_autoencoder_19_raw_q95,3,58,58,1,0,3,0,0,2,0,0
System_Failure,lstm_autoencoder_19_raw_q95,3,59,59,1,0,3,0,0,2,0,0
System_Failure,lstm_autoencoder_19_raw_q95,3,60,60,1,0,3,0,0,2,0,0
System_Failure,lstm_autoencoder_19_raw_q95,3,61,61,1,0,3,0,0,2,0,0
System_Failure,lstm_autoencoder_19_raw_q95,3,62,62,1,0,3,0,0,2,0,0
System_Failure,lstm_autoencoder_19_raw_q95,3,63,63,1,1,3,0,0,2,0,0
System_Failure,lstm_autoencoder_19_raw_q95,3,64,64,1,1,3,0,0,2,0,0
System_Failure,lstm_autoencoder_19_raw_q95,3,65,65,1,1,3,0,0,2,0,0
System_Failure,lstm_autoencoder_19_raw_q95,3,66,66,1,0,3,0,0,2,0,0
System_Failure,lstm_autoencoder_19_raw_q95,3,67,67,1,1,3,0,0,2,0,0
System_Failure,lstm_autoencoder_19_raw_q95,3,68,68,1,0,3,0,0,2,0,0
System_Failure,lstm_autoencoder_19_raw_q95,3,69,69,1,1,3,0,0,2,0,0
System_Failure,lstm_autoencoder_19_raw_q95,3,70,70,1,0,3,0,0,2,0,0
System_Failure,lstm_autoencoder_19_raw_q95,3,71,71,1,0,3,0,0,2,0,0
System_Failure,lstm_autoencoder_19_raw_q95,3,72,72,1,0,3,0,0,2,0,0
System_Failure,lstm_autoencoder_19_raw_q95,3,73,73,1,0,3,0,0,2,0,0
System_Failure,lstm_autoencoder_19_raw_q95,3,75,74,1,0,3,0,0,2,0,0
System_Failure,lstm_autoencoder_19_raw_q97.5,3,51,51,1,0,3,0,0,2,0,0
System_Failure,lstm_autoencoder_19_raw_q97.5,3,52,52,1,0,3,0,0,2,0,0
System_Failure,lstm_autoencoder_19_raw_q97.5,3,53,53,1,1,3,0,0,2,0,0
System_Failure,lstm_autoencoder_19_raw_q97.5,3,54,54,1,0,3,0,0,2,0,0
System_Failure,lstm_autoencoder_19_raw_q97.5,3,55,55,1,0,3,0,0,2,0,0
System_Failure,lstm_autoencoder_19_raw_q97.5,3,56,56,1,0,3,0,0,2,0,0
System_Failure,lstm_autoencoder_19_raw_q97.5,3,57,57,1,0,3,0,0,2,0,0
System_Failure,lstm_autoencoder_19_raw_q97.5,3,58,58,1,0,3,0,0,2,0,0
System_Failure,lstm_autoencoder_19_raw_q97.5,3,59,59,1,0,3,0,0,2,0,0
System_Failure,lstm_autoencoder_19_raw_q97.5,3,60,60,1,0,3,0,0,2,0,0
System_Failure,lstm_autoencoder_19_raw_q97.5,3,61,61,1,0,3,0,0,2,0,0
System_Failure,lstm_autoencoder_19_raw_q97.5,3,62,62,1,0,3,0,0,2,0,0
System_Failure,lstm_autoencoder_19_raw_q97.5,3,63,63,1,1,3,0,0,2,0,0
System_Failure,lstm_autoencoder_19_raw_q97.5,3,64,64,1,1,3,0,0,2,0,0
System_Failure,lstm_autoencoder_19_raw_q97.5,3,65,65,1,1,3,0,0,2,0,0
System_Failure,lstm_autoencoder_19_raw_q97.5,3,66,66,1,0,3,0,0,2,0,0
System_Failure,lstm_autoencoder_19_raw_q97.5,3,67,67,1,1,3,0,0,2,0,0
System_Failure,lstm_autoencoder_19_raw_q97.5,3,68,68,1,0,3,0,0,2,0,0
System_Failure,lstm_autoencoder_19_raw_q97.5,3,69,69,1,1,3,0,0,2,0,0
System_Failure,lstm_autoencoder_19_raw_q97.5,3,70,70,1,0,3,0,0,2,0,0
System_Failure,lstm_autoencoder_19_raw_q97.5,3,71,71,1,0,3,0,0,2,0,0
System_Failure,lstm_autoencoder_19_raw_q97.5,3,72,72,1,0,3,0,0,2,0,0
System_Failure,lstm_autoencoder_19_raw_q97.5,3,73,73,1,0,3,0,0,2,0,0
System_Failure,lstm_autoencoder_19_raw_q97.5,3,75,74,1,0,3,0,0,2,0,0
ProtectiveStop,lstm_autoencoder_19_raw_q90,3,51,51,1,0,3,0,0,2,0,0
ProtectiveStop,lstm_autoencoder_19_raw_q90,3,52,52,1,0,3,0,0,2,0,0
ProtectiveStop,lstm_autoencoder_19_raw_q90,3,53,53,1,1,3,0,0,2,0,0
ProtectiveStop,lstm_autoencoder_19_raw_q90,3,54,54,1,0,3,0,0,2,0,0
ProtectiveStop,lstm_autoencoder_19_raw_q90,3,55,55,1,0,3,0,0,2,0,0
ProtectiveStop,lstm_autoencoder_19_raw_q90,3,56,56,1,0,3,0,0,2,0,0
ProtectiveStop,lstm_autoencoder_19_raw_q90,3,57,57,1,0,3,0,0,2,0,0
ProtectiveStop,lstm_autoencoder_19_raw_q90,3,58,58,1,0,3,0,0,2,0,0
ProtectiveStop,lstm_autoencoder_19_raw_q90,3,59,59,1,0,3,0,0,2,0,0
ProtectiveStop,lstm_autoencoder_19_raw_q90,3,60,60,1,0,3,0,0,2,0,0
ProtectiveStop,lstm_autoencoder_19_raw_q90,3,61,61,1,0,3,0,0,2,0,0
ProtectiveStop,lstm_autoencoder_19_raw_q90,3,62,62,1,0,3,0,0,2,0,0
ProtectiveStop,lstm_autoencoder_19_raw_q90,3,63,63,1,1,3,0,0,2,0,0
ProtectiveStop,lstm_autoencoder_19_raw_q90,3,64,64,1,0,3,0,0,2,0,0
ProtectiveStop,lstm_autoencoder_19_raw_q90,3,65,65,1,0,3,0,0,2,0,0
ProtectiveStop,lstm_autoencoder_19_raw_q90,3,66,66,1,0,3,1,0,2,0,0
ProtectiveStop,lstm_autoencoder_19_raw_q90,3,67,67,1,0,3,0,0,2,0,0
ProtectiveStop,lstm_autoencoder_19_raw_q90,3,68,68,1,0,3,0,0,2,0,0
ProtectiveStop,lstm_autoencoder_19_raw_q90,3,69,69,1,1,3,0,0,2,0,0
ProtectiveStop,lstm_autoencoder_19_raw_q90,3,70,70,1,0,3,0,0,2,0,0
ProtectiveStop,lstm_autoencoder_19_raw_q90,3,71,71,1,0,3,0,0,2,0,0
ProtectiveStop,lstm_autoencoder_19_raw_q90,3,72,72,1,0,3,3,0,2,1,0
ProtectiveStop,lstm_autoencoder_19_raw_q90,3,73,73,1,0,3,0,0,2,0,0
ProtectiveStop,lstm_autoencoder_19_raw_q90,3,75,74,1,0,3,0,0,2,0,0
ProtectiveStop,lstm_autoencoder_19_raw_q95,3,51,51,1,0,3,0,0,2,0,0
ProtectiveStop,lstm_autoencoder_19_raw_q95,3,52,52,1,0,3,0,0,2,0,0
ProtectiveStop,lstm_autoencoder_19_raw_q95,3,53,53,1,1,3,0,0,2,0,0
ProtectiveStop,lstm_autoencoder_19_raw_q95,3,54,54,1,0,3,0,0,2,0,0
ProtectiveStop,lstm_autoencoder_19_raw_q95,3,55,55,1,0,3,0,0,2,0,0
ProtectiveStop,lstm_autoencoder_19_raw_q95,3,56,56,1,0,3,0,0,2,0,0
ProtectiveStop,lstm_autoencoder_19_raw_q95,3,57,57,1,0,3,0,0,2,0,0
ProtectiveStop,lstm_autoencoder_19_raw_q95,3,58,58,1,0,3,0,0,2,0,0
ProtectiveStop,lstm_autoencoder_19_raw_q95,3,59,59,1,0,3,0,0,2,0,0
ProtectiveStop,lstm_autoencoder_19_raw_q95,3,60,60,1,0,3,0,0,2,0,0
ProtectiveStop,lstm_autoencoder_19_raw_q95,3,61,61,1,0,3,0,0,2,0,0
ProtectiveStop,lstm_autoencoder_19_raw_q95,3,62,62,1,0,3,0,0,2,0,0
ProtectiveStop,lstm_autoencoder_19_raw_q95,3,63,63,1,1,3,0,0,2,0,0
ProtectiveStop,lstm_autoencoder_19_raw_q95,3,64,64,1,0,3,0,0,2,0,0
ProtectiveStop,lstm_autoencoder_19_raw_q95,3,65,65,1,0,3,0,0,2,0,0
ProtectiveStop,lstm_autoencoder_19_raw_q95,3,66,66,1,0,3,0,0,2,0,0
ProtectiveStop,lstm_autoencoder_19_raw_q95,3,67,67,1,0,3,0,0,2,0,0
ProtectiveStop,lstm_autoencoder_19_raw_q95,3,68,68,1,0,3,0,0,2,0,0
ProtectiveStop,lstm_autoencoder_19_raw_q95,3,69,69,1,1,3,0,0,2,0,0
ProtectiveStop,lstm_autoencoder_19_raw_q95,3,70,70,1,0,3,0,0,2,0,0
ProtectiveStop,lstm_autoencoder_19_raw_q95,3,71,71,1,0,3,0,0,2,0,0
ProtectiveStop,lstm_autoencoder_19_raw_q95,3,72,72,1,0,3,0,0,2,0,0
ProtectiveStop,lstm_autoencoder_19_raw_q95,3,73,73,1,0,3,0,0,2,0,0
ProtectiveStop,lstm_autoencoder_19_raw_q95,3,75,74,1,0,3,0,0,2,0,0
ProtectiveStop,lstm_autoencoder_19_raw_q97.5,3,51,51,1,0,3,0,0,2,0,0
ProtectiveStop,lstm_autoencoder_19_raw_q97.5,3,52,52,1,0,3,0,0,2,0,0
ProtectiveStop,lstm_autoencoder_19_raw_q97.5,3,53,53,1,1,3,0,0,2,0,0
ProtectiveStop,lstm_autoencoder_19_raw_q97.5,3,54,54,1,0,3,0,0,2,0,0
ProtectiveStop,lstm_autoencoder_19_raw_q97.5,3,55,55,1,0,3,0,0,2,0,0
ProtectiveStop,lstm_autoencoder_19_raw_q97.5,3,56,56,1,0,3,0,0,2,0,0
ProtectiveStop,lstm_autoencoder_19_raw_q97.5,3,57,57,1,0,3,0,0,2,0,0
ProtectiveStop,lstm_autoencoder_19_raw_q97.5,3,58,58,1,0,3,0,0,2,0,0
ProtectiveStop,lstm_autoencoder_19_raw_q97.5,3,59,59,1,0,3,0,0,2,0,0
ProtectiveStop,lstm_autoencoder_19_raw_q97.5,3,60,60,1,0,3,0,0,2,0,0
ProtectiveStop,lstm_autoencoder_19_raw_q97.5,3,61,61,1,0,3,0,0,2,0,0
ProtectiveStop,lstm_autoencoder_19_raw_q97.5,3,62,62,1,0,3,0,0,2,0,0
ProtectiveStop,lstm_autoencoder_19_raw_q97.5,3,63,63,1,1,3,0,0,2,0,0
ProtectiveStop,lstm_autoencoder_19_raw_q97.5,3,64,64,1,0,3,0,0,2,0,0
ProtectiveStop,lstm_autoencoder_19_raw_q97.5,3,65,65,1,0,3,0,0,2,0,0
ProtectiveStop,lstm_autoencoder_19_raw_q97.5,3,66,66,1,0,3,0,0,2,0,0
ProtectiveStop,lstm_autoencoder_19_raw_q97.5,3,67,67,1,0,3,0,0,2,0,0
ProtectiveStop,lstm_autoencoder_19_raw_q97.5,3,68,68,1,0,3,0,0,2,0,0
ProtectiveStop,lstm_autoencoder_19_raw_q97.5,3,69,69,1,1,3,0,0,2,0,0
ProtectiveStop,lstm_autoencoder_19_raw_q97.5,3,70,70,1,0,3,0,0,2,0,0
ProtectiveStop,lstm_autoencoder_19_raw_q97.5,3,71,71,1,0,3,0,0,2,0,0
ProtectiveStop,lstm_autoencoder_19_raw_q97.5,3,72,72,1,0,3,0,0,2,0,0
ProtectiveStop,lstm_autoencoder_19_raw_q97.5,3,73,73,1,0,3,0,0,2,0,0
ProtectiveStop,lstm_autoencoder_19_raw_q97.5,3,75,74,1,0,3,0,0,2,0,0
GripLost,lstm_autoencoder_19_raw_q90,3,51,51,1,0,3,0,0,2,0,0
GripLost,lstm_autoencoder_19_raw_q90,3,52,52,1,0,3,0,0,2,0,0
GripLost,lstm_autoencoder_19_raw_q90,3,53,53,1,0,3,0,0,2,0,0
GripLost,lstm_autoencoder_19_raw_q90,3,54,54,1,0,3,0,0,2,0,0
GripLost,lstm_autoencoder_19_raw_q90,3,55,55,1,0,3,0,0,2,0,0
GripLost,lstm_autoencoder_19_raw_q90,3,56,56,1,0,3,0,0,2,0,0
GripLost,lstm_autoencoder_19_raw_q90,3,57,57,1,0,3,0,0,2,0,0
GripLost,lstm_autoencoder_19_raw_q90,3,58,58,1,0,3,0,0,2,0,0
GripLost,lstm_autoencoder_19_raw_q90,3,59,59,1,0,3,0,0,2,0,0
GripLost,lstm_autoencoder_19_raw_q90,3,60,60,1,0,3,0,0,2,0,0
GripLost,lstm_autoencoder_19_raw_q90,3,61,61,1,0,3,0,0,2,0,0
GripLost,lstm_autoencoder_19_raw_q90,3,62,62,1,0,3,0,0,2,0,0
GripLost,lstm_autoencoder_19_raw_q90,3,63,63,1,1,3,0,0,2,0,0
GripLost,lstm_autoencoder_19_raw_q90,3,64,64,1,1,3,0,0,2,0,0
GripLost,lstm_autoencoder_19_raw_q90,3,65,65,1,1,3,0,0,2,0,0
GripLost,lstm_autoencoder_19_raw_q90,3,66,66,1,0,3,1,0,2,0,0
GripLost,lstm_autoencoder_19_raw_q90,3,67,67,1,1,3,0,0,2,0,0
GripLost,lstm_autoencoder_19_raw_q90,3,68,68,1,0,3,0,0,2,0,0
GripLost,lstm_autoencoder_19_raw_q90,3,69,69,1,1,3,0,0,2,0,0
GripLost,lstm_autoencoder_19_raw_q90,3,70,70,1,0,3,0,0,2,0,0
GripLost,lstm_autoencoder_19_raw_q90,3,71,71,1,0,3,0,0,2,0,0
GripLost,lstm_autoencoder_19_raw_q90,3,72,72,1,0,3,3,0,2,1,0
GripLost,lstm_autoencoder_19_raw_q90,3,73,73,1,0,3,0,0,2,0,0
GripLost,lstm_autoencoder_19_raw_q90,3,75,74,1,0,3,0,0,2,0,0
GripLost,lstm_autoencoder_19_raw_q95,3,51,51,1,0,3,0,0,2,0,0
GripLost,lstm_autoencoder_19_raw_q95,3,52,52,1,0,3,0,0,2,0,0
GripLost,lstm_autoencoder_19_raw_q95,3,53,53,1,0,3,0,0,2,0,0
GripLost,lstm_autoencoder_19_raw_q95,3,54,54,1,0,3,0,0,2,0,0
GripLost,lstm_autoencoder_19_raw_q95,3,55,55,1,0,3,0,0,2,0,0
GripLost,lstm_autoencoder_19_raw_q95,3,56,56,1,0,3,0,0,2,0,0
GripLost,lstm_autoencoder_19_raw_q95,3,57,57,1,0,3,0,0,2,0,0
GripLost,lstm_autoencoder_19_raw_q95,3,58,58,1,0,3,0,0,2,0,0
GripLost,lstm_autoencoder_19_raw_q95,3,59,59,1,0,3,0,0,2,0,0
GripLost,lstm_autoencoder_19_raw_q95,3,60,60,1,0,3,0,0,2,0,0
GripLost,lstm_autoencoder_19_raw_q95,3,61,61,1,0,3,0,0,2,0,0
GripLost,lstm_autoencoder_19_raw_q95,3,62,62,1,0,3,0,0,2,0,0
GripLost,lstm_autoencoder_19_raw_q95,3,63,63,1,1,3,0,0,2,0,0
GripLost,lstm_autoencoder_19_raw_q95,3,64,64,1,1,3,0,0,2,0,0
GripLost,lstm_autoencoder_19_raw_q95,3,65,65,1,1,3,0,0,2,0,0
GripLost,lstm_autoencoder_19_raw_q95,3,66,66,1,0,3,0,0,2,0,0
GripLost,lstm_autoencoder_19_raw_q95,3,67,67,1,1,3,0,0,2,0,0
GripLost,lstm_autoencoder_19_raw_q95,3,68,68,1,0,3,0,0,2,0,0
GripLost,lstm_autoencoder_19_raw_q95,3,69,69,1,1,3,0,0,2,0,0
GripLost,lstm_autoencoder_19_raw_q95,3,70,70,1,0,3,0,0,2,0,0
GripLost,lstm_autoencoder_19_raw_q95,3,71,71,1,0,3,0,0,2,0,0
GripLost,lstm_autoencoder_19_raw_q95,3,72,72,1,0,3,0,0,2,0,0
GripLost,lstm_autoencoder_19_raw_q95,3,73,73,1,0,3,0,0,2,0,0
GripLost,lstm_autoencoder_19_raw_q95,3,75,74,1,0,3,0,0,2,0,0
GripLost,lstm_autoencoder_19_raw_q97.5,3,51,51,1,0,3,0,0,2,0,0
GripLost,lstm_autoencoder_19_raw_q97.5,3,52,52,1,0,3,0,0,2,0,0
GripLost,lstm_autoencoder_19_raw_q97.5,3,53,53,1,0,3,0,0,2,0,0
GripLost,lstm_autoencoder_19_raw_q97.5,3,54,54,1,0,3,0,0,2,0,0
GripLost,lstm_autoencoder_19_raw_q97.5,3,55,55,1,0,3,0,0,2,0,0
GripLost,lstm_autoencoder_19_raw_q97.5,3,56,56,1,0,3,0,0,2,0,0
GripLost,lstm_autoencoder_19_raw_q97.5,3,57,57,1,0,3,0,0,2,0,0
GripLost,lstm_autoencoder_19_raw_q97.5,3,58,58,1,0,3,0,0,2,0,0
GripLost,lstm_autoencoder_19_raw_q97.5,3,59,59,1,0,3,0,0,2,0,0
GripLost,lstm_autoencoder_19_raw_q97.5,3,60,60,1,0,3,0,0,2,0,0
GripLost,lstm_autoencoder_19_raw_q97.5,3,61,61,1,0,3,0,0,2,0,0
GripLost,lstm_autoencoder_19_raw_q97.5,3,62,62,1,0,3,0,0,2,0,0
GripLost,lstm_autoencoder_19_raw_q97.5,3,63,63,1,1,3,0,0,2,0,0
GripLost,lstm_autoencoder_19_raw_q97.5,3,64,64,1,1,3,0,0,2,0,0
GripLost,lstm_autoencoder_19_raw_q97.5,3,65,65,1,1,3,0,0,2,0,0
GripLost,lstm_autoencoder_19_raw_q97.5,3,66,66,1,0,3,0,0,2,0,0
GripLost,lstm_autoencoder_19_raw_q97.5,3,67,67,1,1,3,0,0,2,0,0
GripLost,lstm_autoencoder_19_raw_q97.5,3,68,68,1,0,3,0,0,2,0,0
GripLost,lstm_autoencoder_19_raw_q97.5,3,69,69,1,1,3,0,0,2,0,0
GripLost,lstm_autoencoder_19_raw_q97.5,3,70,70,1,0,3,0,0,2,0,0
GripLost,lstm_autoencoder_19_raw_q97.5,3,71,71,1,0,3,0,0,2,0,0
GripLost,lstm_autoencoder_19_raw_q97.5,3,72,72,1,0,3,0,0,2,0,0
GripLost,lstm_autoencoder_19_raw_q97.5,3,73,73,1,0,3,0,0,2,0,0
GripLost,lstm_autoencoder_19_raw_q97.5,3,75,74,1,0,3,0,0,2,0,0
System_Failure,lstm_autoencoder_19_raw_q90,4,76,75,1,1,3,0,0,2,0,0
System_Failure,lstm_autoencoder_19_raw_q90,4,85,84,1,0,3,0,0,2,0,0
System_Failure,lstm_autoencoder_19_raw_q90,4,86,85,1,1,3,0,0,2,0,0
System_Failure,lstm_autoencoder_19_raw_q90,4,87,86,1,1,3,0,0,2,0,0
System_Failure,lstm_autoencoder_19_raw_q90,4,88,87,1,0,3,0,0,2,0,0
System_Failure,lstm_autoencoder_19_raw_q90,4,89,88,1,0,3,0,0,2,0,0
System_Failure,lstm_autoencoder_19_raw_q90,4,90,89,1,0,3,0,0,2,0,0
System_Failure,lstm_autoencoder_19_raw_q90,4,91,90,1,1,3,0,0,2,0,0
System_Failure,lstm_autoencoder_19_raw_q90,4,92,91,1,1,3,0,0,2,0,0
System_Failure,lstm_autoencoder_19_raw_q90,4,93,92,1,0,3,3,0,2,1,0
System_Failure,lstm_autoencoder_19_raw_q90,4,94,93,1,0,3,2,0,2,1,0
System_Failure,lstm_autoencoder_19_raw_q90,4,95,94,1,1,3,0,0,2,0,0
System_Failure,lstm_autoencoder_19_raw_q90,4,96,95,1,1,3,0,0,2,0,0
System_Failure,lstm_autoencoder_19_raw_q90,4,97,96,1,1,3,0,0,2,0,0
System_Failure,lstm_autoencoder_19_raw_q90,4,98,97,1,0,3,0,0,2,0,0
System_Failure,lstm_autoencoder_19_raw_q90,4,99,98,1,1,3,0,0,2,0,0
System_Failure,lstm_autoencoder_19_raw_q90,4,100,99,1,0,3,0,0,2,0,0
System_Failure,lstm_autoencoder_19_raw_q95,4,76,75,1,1,3,0,0,2,0,0
System_Failure,lstm_autoencoder_19_raw_q95,4,85,84,1,0,3,0,0,2,0,0
System_Failure,lstm_autoencoder_19_raw_q95,4,86,85,1,1,3,0,0,2,0,0
System_Failure,lstm_autoencoder_19_raw_q95,4,87,86,1,1,3,0,0,2,0,0
System_Failure,lstm_autoencoder_19_raw_q95,4,88,87,1,0,3,0,0,2,0,0
System_Failure,lstm_autoencoder_19_raw_q95,4,89,88,1,0,3,0,0,2,0,0
System_Failure,lstm_autoencoder_19_raw_q95,4,90,89,1,0,3,0,0,2,0,0
System_Failure,lstm_autoencoder_19_raw_q95,4,91,90,1,1,3,0,0,2,0,0
System_Failure,lstm_autoencoder_19_raw_q95,4,92,91,1,1,3,0,0,2,0,0
System_Failure,lstm_autoencoder_19_raw_q95,4,93,92,1,0,3,3,0,2,1,0
System_Failure,lstm_autoencoder_19_raw_q95,4,94,93,1,0,3,0,0,2,0,0
System_Failure,lstm_autoencoder_19_raw_q95,4,95,94,1,1,3,0,0,2,0,0
System_Failure,lstm_autoencoder_19_raw_q95,4,96,95,1,1,3,0,0,2,0,0
System_Failure,lstm_autoencoder_19_raw_q95,4,97,96,1,1,3,0,0,2,0,0
System_Failure,lstm_autoencoder_19_raw_q95,4,98,97,1,0,3,0,0,2,0,0
System_Failure,lstm_autoencoder_19_raw_q95,4,99,98,1,1,3,0,0,2,0,0
System_Failure,lstm_autoencoder_19_raw_q95,4,100,99,1,0,3,0,0,2,0,0
System_Failure,lstm_autoencoder_19_raw_q97.5,4,76,75,1,1,3,0,0,2,0,0
System_Failure,lstm_autoencoder_19_raw_q97.5,4,85,84,1,0,3,0,0,2,0,0
System_Failure,lstm_autoencoder_19_raw_q97.5,4,86,85,1,1,3,0,0,2,0,0
System_Failure,lstm_autoencoder_19_raw_q97.5,4,87,86,1,1,3,0,0,2,0,0
System_Failure,lstm_autoencoder_19_raw_q97.5,4,88,87,1,0,3,0,0,2,0,0
System_Failure,lstm_autoencoder_19_raw_q97.5,4,89,88,1,0,3,0,0,2,0,0
System_Failure,lstm_autoencoder_19_raw_q97.5,4,90,89,1,0,3,0,0,2,0,0
System_Failure,lstm_autoencoder_19_raw_q97.5,4,91,90,1,1,3,0,0,2,0,0
System_Failure,lstm_autoencoder_19_raw_q97.5,4,92,91,1,1,3,0,0,2,0,0
System_Failure,lstm_autoencoder_19_raw_q97.5,4,93,92,1,0,3,3,0,2,1,0
System_Failure,lstm_autoencoder_19_raw_q97.5,4,94,93,1,0,3,0,0,2,0,0
System_Failure,lstm_autoencoder_19_raw_q97.5,4,95,94,1,1,3,0,0,2,0,0
System_Failure,lstm_autoencoder_19_raw_q97.5,4,96,95,1,1,3,0,0,2,0,0
System_Failure,lstm_autoencoder_19_raw_q97.5,4,97,96,1,1,3,0,0,2,0,0
System_Failure,lstm_autoencoder_19_raw_q97.5,4,98,97,1,0,3,0,0,2,0,0
System_Failure,lstm_autoencoder_19_raw_q97.5,4,99,98,1,1,3,0,0,2,0,0
System_Failure,lstm_autoencoder_19_raw_q97.5,4,100,99,1,0,3,0,0,2,0,0
ProtectiveStop,lstm_autoencoder_19_raw_q90,4,76,75,1,0,3,0,0,2,0,0
ProtectiveStop,lstm_autoencoder_19_raw_q90,4,85,84,1,0,3,0,0,2,0,0
ProtectiveStop,lstm_autoencoder_19_raw_q90,4,86,85,1,1,3,0,0,2,0,0
ProtectiveStop,lstm_autoencoder_19_raw_q90,4,87,86,1,1,3,0,0,2,0,0
ProtectiveStop,lstm_autoencoder_19_raw_q90,4,88,87,1,0,3,0,0,2,0,0
ProtectiveStop,lstm_autoencoder_19_raw_q90,4,89,88,1,0,3,0,0,2,0,0
ProtectiveStop,lstm_autoencoder_19_raw_q90,4,90,89,1,0,3,0,0,2,0,0
ProtectiveStop,lstm_autoencoder_19_raw_q90,4,91,90,1,0,3,0,0,2,0,0
ProtectiveStop,lstm_autoencoder_19_raw_q90,4,92,91,1,0,3,0,0,2,0,0
ProtectiveStop,lstm_autoencoder_19_raw_q90,4,93,92,1,0,3,3,0,2,1,0
ProtectiveStop,lstm_autoencoder_19_raw_q90,4,94,93,1,0,3,2,0,2,1,0
ProtectiveStop,lstm_autoencoder_19_raw_q90,4,95,94,1,0,3,0,0,2,0,0
ProtectiveStop,lstm_autoencoder_19_raw_q90,4,96,95,1,0,3,0,0,2,0,0
ProtectiveStop,lstm_autoencoder_19_raw_q90,4,97,96,1,0,3,0,0,2,0,0
ProtectiveStop,lstm_autoencoder_19_raw_q90,4,98,97,1,0,3,0,0,2,0,0
ProtectiveStop,lstm_autoencoder_19_raw_q90,4,99,98,1,1,3,0,0,2,0,0
ProtectiveStop,lstm_autoencoder_19_raw_q90,4,100,99,1,0,3,0,0,2,0,0
ProtectiveStop,lstm_autoencoder_19_raw_q95,4,76,75,1,0,3,0,0,2,0,0
ProtectiveStop,lstm_autoencoder_19_raw_q95,4,85,84,1,0,3,0,0,2,0,0
ProtectiveStop,lstm_autoencoder_19_raw_q95,4,86,85,1,1,3,0,0,2,0,0
ProtectiveStop,lstm_autoencoder_19_raw_q95,4,87,86,1,1,3,0,0,2,0,0
ProtectiveStop,lstm_autoencoder_19_raw_q95,4,88,87,1,0,3,0,0,2,0,0
ProtectiveStop,lstm_autoencoder_19_raw_q95,4,89,88,1,0,3,0,0,2,0,0
ProtectiveStop,lstm_autoencoder_19_raw_q95,4,90,89,1,0,3,0,0,2,0,0
ProtectiveStop,lstm_autoencoder_19_raw_q95,4,91,90,1,0,3,0,0,2,0,0
ProtectiveStop,lstm_autoencoder_19_raw_q95,4,92,91,1,0,3,0,0,2,0,0
ProtectiveStop,lstm_autoencoder_19_raw_q95,4,93,92,1,0,3,3,0,2,1,0
ProtectiveStop,lstm_autoencoder_19_raw_q95,4,94,93,1,0,3,0,0,2,0,0
ProtectiveStop,lstm_autoencoder_19_raw_q95,4,95,94,1,0,3,0,0,2,0,0
ProtectiveStop,lstm_autoencoder_19_raw_q95,4,96,95,1,0,3,0,0,2,0,0
ProtectiveStop,lstm_autoencoder_19_raw_q95,4,97,96,1,0,3,0,0,2,0,0
ProtectiveStop,lstm_autoencoder_19_raw_q95,4,98,97,1,0,3,0,0,2,0,0
ProtectiveStop,lstm_autoencoder_19_raw_q95,4,99,98,1,1,3,0,0,2,0,0
ProtectiveStop,lstm_autoencoder_19_raw_q95,4,100,99,1,0,3,0,0,2,0,0
ProtectiveStop,lstm_autoencoder_19_raw_q97.5,4,76,75,1,0,3,0,0,2,0,0
ProtectiveStop,lstm_autoencoder_19_raw_q97.5,4,85,84,1,0,3,0,0,2,0,0
ProtectiveStop,lstm_autoencoder_19_raw_q97.5,4,86,85,1,1,3,0,0,2,0,0
ProtectiveStop,lstm_autoencoder_19_raw_q97.5,4,87,86,1,1,3,0,0,2,0,0
ProtectiveStop,lstm_autoencoder_19_raw_q97.5,4,88,87,1,0,3,0,0,2,0,0
ProtectiveStop,lstm_autoencoder_19_raw_q97.5,4,89,88,1,0,3,0,0,2,0,0
ProtectiveStop,lstm_autoencoder_19_raw_q97.5,4,90,89,1,0,3,0,0,2,0,0
ProtectiveStop,lstm_autoencoder_19_raw_q97.5,4,91,90,1,0,3,0,0,2,0,0
ProtectiveStop,lstm_autoencoder_19_raw_q97.5,4,92,91,1,0,3,0,0,2,0,0
ProtectiveStop,lstm_autoencoder_19_raw_q97.5,4,93,92,1,0,3,3,0,2,1,0
ProtectiveStop,lstm_autoencoder_19_raw_q97.5,4,94,93,1,0,3,0,0,2,0,0
ProtectiveStop,lstm_autoencoder_19_raw_q97.5,4,95,94,1,0,3,0,0,2,0,0
ProtectiveStop,lstm_autoencoder_19_raw_q97.5,4,96,95,1,0,3,0,0,2,0,0
ProtectiveStop,lstm_autoencoder_19_raw_q97.5,4,97,96,1,0,3,0,0,2,0,0
ProtectiveStop,lstm_autoencoder_19_raw_q97.5,4,98,97,1,0,3,0,0,2,0,0
ProtectiveStop,lstm_autoencoder_19_raw_q97.5,4,99,98,1,1,3,0,0,2,0,0
ProtectiveStop,lstm_autoencoder_19_raw_q97.5,4,100,99,1,0,3,0,0,2,0,0
GripLost,lstm_autoencoder_19_raw_q90,4,76,75,1,1,3,0,0,2,0,0
GripLost,lstm_autoencoder_19_raw_q90,4,85,84,1,0,3,0,0,2,0,0
GripLost,lstm_autoencoder_19_raw_q90,4,86,85,1,1,3,0,0,2,0,0
GripLost,lstm_autoencoder_19_raw_q90,4,87,86,1,0,3,0,0,2,0,0
GripLost,lstm_autoencoder_19_raw_q90,4,88,87,1,0,3,0,0,2,0,0
GripLost,lstm_autoencoder_19_raw_q90,4,89,88,1,0,3,0,0,2,0,0
GripLost,lstm_autoencoder_19_raw_q90,4,90,89,1,0,3,0,0,2,0,0
GripLost,lstm_autoencoder_19_raw_q90,4,91,90,1,1,3,0,0,2,0,0
GripLost,lstm_autoencoder_19_raw_q90,4,92,91,1,1,3,0,0,2,0,0
GripLost,lstm_autoencoder_19_raw_q90,4,93,92,1,0,3,3,0,2,1,0
GripLost,lstm_autoencoder_19_raw_q90,4,94,93,1,0,3,2,0,2,1,0
GripLost,lstm_autoencoder_19_raw_q90,4,95,94,1,1,3,0,0,2,0,0
GripLost,lstm_autoencoder_19_raw_q90,4,96,95,1,1,3,0,0,2,0,0
GripLost,lstm_autoencoder_19_raw_q90,4,97,96,1,1,3,0,0,2,0,0
GripLost,lstm_autoencoder_19_raw_q90,4,98,97,1,0,3,0,0,2,0,0
GripLost,lstm_autoencoder_19_raw_q90,4,99,98,1,0,3,0,0,2,0,0
GripLost,lstm_autoencoder_19_raw_q90,4,100,99,1,0,3,0,0,2,0,0
GripLost,lstm_autoencoder_19_raw_q95,4,76,75,1,1,3,0,0,2,0,0
GripLost,lstm_autoencoder_19_raw_q95,4,85,84,1,0,3,0,0,2,0,0
GripLost,lstm_autoencoder_19_raw_q95,4,86,85,1,1,3,0,0,2,0,0
GripLost,lstm_autoencoder_19_raw_q95,4,87,86,1,0,3,0,0,2,0,0
GripLost,lstm_autoencoder_19_raw_q95,4,88,87,1,0,3,0,0,2,0,0
GripLost,lstm_autoencoder_19_raw_q95,4,89,88,1,0,3,0,0,2,0,0
GripLost,lstm_autoencoder_19_raw_q95,4,90,89,1,0,3,0,0,2,0,0
GripLost,lstm_autoencoder_19_raw_q95,4,91,90,1,1,3,0,0,2,0,0
GripLost,lstm_autoencoder_19_raw_q95,4,92,91,1,1,3,0,0,2,0,0
GripLost,lstm_autoencoder_19_raw_q95,4,93,92,1,0,3,3,0,2,1,0
GripLost,lstm_autoencoder_19_raw_q95,4,94,93,1,0,3,0,0,2,0,0
GripLost,lstm_autoencoder_19_raw_q95,4,95,94,1,1,3,0,0,2,0,0
GripLost,lstm_autoencoder_19_raw_q95,4,96,95,1,1,3,0,0,2,0,0
GripLost,lstm_autoencoder_19_raw_q95,4,97,96,1,1,3,0,0,2,0,0
GripLost,lstm_autoencoder_19_raw_q95,4,98,97,1,0,3,0,0,2,0,0
GripLost,lstm_autoencoder_19_raw_q95,4,99,98,1,0,3,0,0,2,0,0
GripLost,lstm_autoencoder_19_raw_q95,4,100,99,1,0,3,0,0,2,0,0
GripLost,lstm_autoencoder_19_raw_q97.5,4,76,75,1,1,3,0,0,2,0,0
GripLost,lstm_autoencoder_19_raw_q97.5,4,85,84,1,0,3,0,0,2,0,0
GripLost,lstm_autoencoder_19_raw_q97.5,4,86,85,1,1,3,0,0,2,0,0
GripLost,lstm_autoencoder_19_raw_q97.5,4,87,86,1,0,3,0,0,2,0,0
GripLost,lstm_autoencoder_19_raw_q97.5,4,88,87,1,0,3,0,0,2,0,0
GripLost,lstm_autoencoder_19_raw_q97.5,4,89,88,1,0,3,0,0,2,0,0
GripLost,lstm_autoencoder_19_raw_q97.5,4,90,89,1,0,3,0,0,2,0,0
GripLost,lstm_autoencoder_19_raw_q97.5,4,91,90,1,1,3,0,0,2,0,0
GripLost,lstm_autoencoder_19_raw_q97.5,4,92,91,1,1,3,0,0,2,0,0
GripLost,lstm_autoencoder_19_raw_q97.5,4,93,92,1,0,3,3,0,2,1,0
GripLost,lstm_autoencoder_19_raw_q97.5,4,94,93,1,0,3,0,0,2,0,0
GripLost,lstm_autoencoder_19_raw_q97.5,4,95,94,1,1,3,0,0,2,0,0
GripLost,lstm_autoencoder_19_raw_q97.5,4,96,95,1,1,3,0,0,2,0,0
GripLost,lstm_autoencoder_19_raw_q97.5,4,97,96,1,1,3,0,0,2,0,0
GripLost,lstm_autoencoder_19_raw_q97.5,4,98,97,1,0,3,0,0,2,0,0
GripLost,lstm_autoencoder_19_raw_q97.5,4,99,98,1,0,3,0,0,2,0,0
GripLost,lstm_autoencoder_19_raw_q97.5,4,100,99,1,0,3,0,0,2,0,0
System_Failure,lstm_autoencoder_19_raw_q90,5,101,100,1,0,3,0,0,2,0,0
System_Failure,lstm_autoencoder_19_raw_q90,5,102,101,1,0,3,0,0,2,0,0
System_Failure,lstm_autoencoder_19_raw_q90,5,103,102,1,1,3,3,3,2,1,1
System_Failure,lstm_autoencoder_19_raw_q90,5,104,103,1,0,3,0,0,2,0,0
System_Failure,lstm_autoencoder_19_raw_q90,5,105,104,1,1,3,0,0,2,0,0
System_Failure,lstm_autoencoder_19_raw_q90,5,106,105,1,0,3,3,0,2,1,0
System_Failure,lstm_autoencoder_19_raw_q90,5,107,106,1,0,3,3,0,2,1,0
System_Failure,lstm_autoencoder_19_raw_q90,5,108,107,1,1,3,0,0,2,0,0
System_Failure,lstm_autoencoder_19_raw_q90,5,109,108,1,0,3,1,0,2,0,0
System_Failure,lstm_autoencoder_19_raw_q90,5,110,109,1,0,3,0,0,2,0,0
System_Failure,lstm_autoencoder_19_raw_q90,5,111,110,1,0,3,3,0,2,1,0
System_Failure,lstm_autoencoder_19_raw_q90,5,112,111,1,0,3,0,0,2,0,0
System_Failure,lstm_autoencoder_19_raw_q90,5,113,112,1,0,3,3,0,2,1,0
System_Failure,lstm_autoencoder_19_raw_q90,5,114,113,1,0,3,3,0,2,1,0
System_Failure,lstm_autoencoder_19_raw_q90,5,115,114,1,1,3,0,0,2,0,0
System_Failure,lstm_autoencoder_19_raw_q90,5,116,115,1,0,3,3,0,2,1,0
System_Failure,lstm_autoencoder_19_raw_q90,5,117,116,1,1,3,3,3,2,1,1
System_Failure,lstm_autoencoder_19_raw_q90,5,118,117,1,1,3,0,0,2,0,0
System_Failure,lstm_autoencoder_19_raw_q90,5,119,118,1,0,3,3,0,2,1,0
System_Failure,lstm_autoencoder_19_raw_q90,5,120,119,1,0,3,0,0,2,0,0
System_Failure,lstm_autoencoder_19_raw_q90,5,121,120,1,0,3,0,0,2,0,0
System_Failure,lstm_autoencoder_19_raw_q90,5,122,121,1,0,3,0,0,2,0,0
System_Failure,lstm_autoencoder_19_raw_q90,5,123,122,1,0,3,1,0,2,0,0
System_Failure,lstm_autoencoder_19_raw_q90,5,124,123,1,0,3,3,0,2,1,0
System_Failure,lstm_autoencoder_19_raw_q90,5,125,124,1,0,3,0,0,2,0,0
System_Failure,lstm_autoencoder_19_raw_q95,5,101,100,1,0,3,0,0,2,0,0
System_Failure,lstm_autoencoder_19_raw_q95,5,102,101,1,0,3,0,0,2,0,0
System_Failure,lstm_autoencoder_19_raw_q95,5,103,102,1,1,3,3,3,2,1,1
System_Failure,lstm_autoencoder_19_raw_q95,5,104,103,1,0,3,0,0,2,0,0
System_Failure,lstm_autoencoder_19_raw_q95,5,105,104,1,1,3,0,0,2,0,0
System_Failure,lstm_autoencoder_19_raw_q95,5,106,105,1,0,3,3,0,2,1,0
System_Failure,lstm_autoencoder_19_raw_q95,5,107,106,1,0,3,3,0,2,1,0
System_Failure,lstm_autoencoder_19_raw_q95,5,108,107,1,1,3,0,0,2,0,0
System_Failure,lstm_autoencoder_19_raw_q95,5,109,108,1,0,3,0,0,2,0,0
System_Failure,lstm_autoencoder_19_raw_q95,5,110,109,1,0,3,0,0,2,0,0
System_Failure,lstm_autoencoder_19_raw_q95,5,111,110,1,0,3,0,0,2,0,0
System_Failure,lstm_autoencoder_19_raw_q95,5,112,111,1,0,3,0,0,2,0,0
System_Failure,lstm_autoencoder_19_raw_q95,5,113,112,1,0,3,3,0,2,1,0
System_Failure,lstm_autoencoder_19_raw_q95,5,114,113,1,0,3,2,0,2,1,0
System_Failure,lstm_autoencoder_19_raw_q95,5,115,114,1,1,3,0,0,2,0,0
System_Failure,lstm_autoencoder_19_raw_q95,5,116,115,1,0,3,3,0,2,1,0
System_Failure,lstm_autoencoder_19_raw_q95,5,117,116,1,1,3,3,3,2,1,1
System_Failure,lstm_autoencoder_19_raw_q95,5,118,117,1,1,3,0,0,2,0,0
System_Failure,lstm_autoencoder_19_raw_q95,5,119,118,1,0,3,3,0,2,1,0
System_Failure,lstm_autoencoder_19_raw_q95,5,120,119,1,0,3,0,0,2,0,0
System_Failure,lstm_autoencoder_19_raw_q95,5,121,120,1,0,3,0,0,2,0,0
System_Failure,lstm_autoencoder_19_raw_q95,5,122,121,1,0,3,0,0,2,0,0
System_Failure,lstm_autoencoder_19_raw_q95,5,123,122,1,0,3,0,0,2,0,0
System_Failure,lstm_autoencoder_19_raw_q95,5,124,123,1,0,3,3,0,2,1,0
System_Failure,lstm_autoencoder_19_raw_q95,5,125,124,1,0,3,0,0,2,0,0
System_Failure,lstm_autoencoder_19_raw_q97.5,5,101,100,1,0,3,0,0,2,0,0
System_Failure,lstm_autoencoder_19_raw_q97.5,5,102,101,1,0,3,0,0,2,0,0
System_Failure,lstm_autoencoder_19_raw_q97.5,5,103,102,1,1,3,3,3,2,1,1
System_Failure,lstm_autoencoder_19_raw_q97.5,5,104,103,1,0,3,0,0,2,0,0
System_Failure,lstm_autoencoder_19_raw_q97.5,5,105,104,1,1,3,0,0,2,0,0
System_Failure,lstm_autoencoder_19_raw_q97.5,5,106,105,1,0,3,3,0,2,1,0
System_Failure,lstm_autoencoder_19_raw_q97.5,5,107,106,1,0,3,3,0,2,1,0
System_Failure,lstm_autoencoder_19_raw_q97.5,5,108,107,1,1,3,0,0,2,0,0
System_Failure,lstm_autoencoder_19_raw_q97.5,5,109,108,1,0,3,0,0,2,0,0
System_Failure,lstm_autoencoder_19_raw_q97.5,5,110,109,1,0,3,0,0,2,0,0
System_Failure,lstm_autoencoder_19_raw_q97.5,5,111,110,1,0,3,0,0,2,0,0
System_Failure,lstm_autoencoder_19_raw_q97.5,5,112,111,1,0,3,0,0,2,0,0
System_Failure,lstm_autoencoder_19_raw_q97.5,5,113,112,1,0,3,3,0,2,1,0
System_Failure,lstm_autoencoder_19_raw_q97.5,5,114,113,1,0,3,2,0,2,1,0
System_Failure,lstm_autoencoder_19_raw_q97.5,5,115,114,1,1,3,0,0,2,0,0
System_Failure,lstm_autoencoder_19_raw_q97.5,5,116,115,1,0,3,3,0,2,1,0
System_Failure,lstm_autoencoder_19_raw_q97.5,5,117,116,1,1,3,3,3,2,1,1
System_Failure,lstm_autoencoder_19_raw_q97.5,5,118,117,1,1,3,0,0,2,0,0
System_Failure,lstm_autoencoder_19_raw_q97.5,5,119,118,1,0,3,3,0,2,1,0
System_Failure,lstm_autoencoder_19_raw_q97.5,5,120,119,1,0,3,0,0,2,0,0
System_Failure,lstm_autoencoder_19_raw_q97.5,5,121,120,1,0,3,0,0,2,0,0
System_Failure,lstm_autoencoder_19_raw_q97.5,5,122,121,1,0,3,0,0,2,0,0
System_Failure,lstm_autoencoder_19_raw_q97.5,5,123,122,1,0,3,0,0,2,0,0
System_Failure,lstm_autoencoder_19_raw_q97.5,5,124,123,1,0,3,3,0,2,1,0
System_Failure,lstm_autoencoder_19_raw_q97.5,5,125,124,1,0,3,0,0,2,0,0
ProtectiveStop,lstm_autoencoder_19_raw_q90,5,101,100,1,0,3,0,0,2,0,0
ProtectiveStop,lstm_autoencoder_19_raw_q90,5,102,101,1,0,3,0,0,2,0,0
ProtectiveStop,lstm_autoencoder_19_raw_q90,5,103,102,1,1,3,3,3,2,1,1
ProtectiveStop,lstm_autoencoder_19_raw_q90,5,104,103,1,0,3,0,0,2,0,0
ProtectiveStop,lstm_autoencoder_19_raw_q90,5,105,104,1,0,3,0,0,2,0,0
ProtectiveStop,lstm_autoencoder_19_raw_q90,5,106,105,1,0,3,3,0,2,1,0
ProtectiveStop,lstm_autoencoder_19_raw_q90,5,107,106,1,0,3,3,0,2,1,0
ProtectiveStop,lstm_autoencoder_19_raw_q90,5,108,107,1,1,3,0,0,2,0,0
ProtectiveStop,lstm_autoencoder_19_raw_q90,5,109,108,1,0,3,1,0,2,0,0
ProtectiveStop,lstm_autoencoder_19_raw_q90,5,110,109,1,0,3,0,0,2,0,0
ProtectiveStop,lstm_autoencoder_19_raw_q90,5,111,110,1,0,3,3,0,2,1,0
ProtectiveStop,lstm_autoencoder_19_raw_q90,5,112,111,1,0,3,0,0,2,0,0
ProtectiveStop,lstm_autoencoder_19_raw_q90,5,113,112,1,0,3,3,0,2,1,0
ProtectiveStop,lstm_autoencoder_19_raw_q90,5,114,113,1,0,3,3,0,2,1,0
ProtectiveStop,lstm_autoencoder_19_raw_q90,5,115,114,1,1,3,0,0,2,0,0
ProtectiveStop,lstm_autoencoder_19_raw_q90,5,116,115,1,0,3,3,0,2,1,0
ProtectiveStop,lstm_autoencoder_19_raw_q90,5,117,116,1,1,3,3,3,2,1,1
ProtectiveStop,lstm_autoencoder_19_raw_q90,5,118,117,1,1,3,0,0,2,0,0
ProtectiveStop,lstm_autoencoder_19_raw_q90,5,119,118,1,0,3,3,0,2,1,0
ProtectiveStop,lstm_autoencoder_19_raw_q90,5,120,119,1,0,3,0,0,2,0,0
ProtectiveStop,lstm_autoencoder_19_raw_q90,5,121,120,1,0,3,0,0,2,0,0
ProtectiveStop,lstm_autoencoder_19_raw_q90,5,122,121,1,0,3,0,0,2,0,0
ProtectiveStop,lstm_autoencoder_19_raw_q90,5,123,122,1,0,3,1,0,2,0,0
ProtectiveStop,lstm_autoencoder_19_raw_q90,5,124,123,1,0,3,3,0,2,1,0
ProtectiveStop,lstm_autoencoder_19_raw_q90,5,125,124,1,0,3,0,0,2,0,0
ProtectiveStop,lstm_autoencoder_19_raw_q95,5,101,100,1,0,3,0,0,2,0,0
ProtectiveStop,lstm_autoencoder_19_raw_q95,5,102,101,1,0,3,0,0,2,0,0
ProtectiveStop,lstm_autoencoder_19_raw_q95,5,103,102,1,1,3,3,3,2,1,1
ProtectiveStop,lstm_autoencoder_19_raw_q95,5,104,103,1,0,3,0,0,2,0,0
ProtectiveStop,lstm_autoencoder_19_raw_q95,5,105,104,1,0,3,0,0,2,0,0
ProtectiveStop,lstm_autoencoder_19_raw_q95,5,106,105,1,0,3,3,0,2,1,0
ProtectiveStop,lstm_autoencoder_19_raw_q95,5,107,106,1,0,3,3,0,2,1,0
ProtectiveStop,lstm_autoencoder_19_raw_q95,5,108,107,1,1,3,0,0,2,0,0
ProtectiveStop,lstm_autoencoder_19_raw_q95,5,109,108,1,0,3,0,0,2,0,0
ProtectiveStop,lstm_autoencoder_19_raw_q95,5,110,109,1,0,3,0,0,2,0,0
ProtectiveStop,lstm_autoencoder_19_raw_q95,5,111,110,1,0,3,0,0,2,0,0
ProtectiveStop,lstm_autoencoder_19_raw_q95,5,112,111,1,0,3,0,0,2,0,0
ProtectiveStop,lstm_autoencoder_19_raw_q95,5,113,112,1,0,3,3,0,2,1,0
ProtectiveStop,lstm_autoencoder_19_raw_q95,5,114,113,1,0,3,2,0,2,1,0
ProtectiveStop,lstm_autoencoder_19_raw_q95,5,115,114,1,1,3,0,0,2,0,0
ProtectiveStop,lstm_autoencoder_19_raw_q95,5,116,115,1,0,3,3,0,2,1,0
ProtectiveStop,lstm_autoencoder_19_raw_q95,5,117,116,1,1,3,3,3,2,1,1
ProtectiveStop,lstm_autoencoder_19_raw_q95,5,118,117,1,1,3,0,0,2,0,0
ProtectiveStop,lstm_autoencoder_19_raw_q95,5,119,118,1,0,3,3,0,2,1,0
ProtectiveStop,lstm_autoencoder_19_raw_q95,5,120,119,1,0,3,0,0,2,0,0
ProtectiveStop,lstm_autoencoder_19_raw_q95,5,121,120,1,0,3,0,0,2,0,0
ProtectiveStop,lstm_autoencoder_19_raw_q95,5,122,121,1,0,3,0,0,2,0,0
ProtectiveStop,lstm_autoencoder_19_raw_q95,5,123,122,1,0,3,0,0,2,0,0
ProtectiveStop,lstm_autoencoder_19_raw_q95,5,124,123,1,0,3,3,0,2,1,0
ProtectiveStop,lstm_autoencoder_19_raw_q95,5,125,124,1,0,3,0,0,2,0,0
ProtectiveStop,lstm_autoencoder_19_raw_q97.5,5,101,100,1,0,3,0,0,2,0,0
ProtectiveStop,lstm_autoencoder_19_raw_q97.5,5,102,101,1,0,3,0,0,2,0,0
ProtectiveStop,lstm_autoencoder_19_raw_q97.5,5,103,102,1,1,3,3,3,2,1,1
ProtectiveStop,lstm_autoencoder_19_raw_q97.5,5,104,103,1,0,3,0,0,2,0,0
ProtectiveStop,lstm_autoencoder_19_raw_q97.5,5,105,104,1,0,3,0,0,2,0,0
ProtectiveStop,lstm_autoencoder_19_raw_q97.5,5,106,105,1,0,3,3,0,2,1,0
ProtectiveStop,lstm_autoencoder_19_raw_q97.5,5,107,106,1,0,3,3,0,2,1,0
ProtectiveStop,lstm_autoencoder_19_raw_q97.5,5,108,107,1,1,3,0,0,2,0,0
ProtectiveStop,lstm_autoencoder_19_raw_q97.5,5,109,108,1,0,3,0,0,2,0,0
ProtectiveStop,lstm_autoencoder_19_raw_q97.5,5,110,109,1,0,3,0,0,2,0,0
ProtectiveStop,lstm_autoencoder_19_raw_q97.5,5,111,110,1,0,3,0,0,2,0,0
ProtectiveStop,lstm_autoencoder_19_raw_q97.5,5,112,111,1,0,3,0,0,2,0,0
ProtectiveStop,lstm_autoencoder_19_raw_q97.5,5,113,112,1,0,3,3,0,2,1,0
ProtectiveStop,lstm_autoencoder_19_raw_q97.5,5,114,113,1,0,3,2,0,2,1,0
ProtectiveStop,lstm_autoencoder_19_raw_q97.5,5,115,114,1,1,3,0,0,2,0,0
ProtectiveStop,lstm_autoencoder_19_raw_q97.5,5,116,115,1,0,3,3,0,2,1,0
ProtectiveStop,lstm_autoencoder_19_raw_q97.5,5,117,116,1,1,3,3,3,2,1,1
ProtectiveStop,lstm_autoencoder_19_raw_q97.5,5,118,117,1,1,3,0,0,2,0,0
ProtectiveStop,lstm_autoencoder_19_raw_q97.5,5,119,118,1,0,3,3,0,2,1,0
ProtectiveStop,lstm_autoencoder_19_raw_q97.5,5,120,119,1,0,3,0,0,2,0,0
ProtectiveStop,lstm_autoencoder_19_raw_q97.5,5,121,120,1,0,3,0,0,2,0,0
ProtectiveStop,lstm_autoencoder_19_raw_q97.5,5,122,121,1,0,3,0,0,2,0,0
ProtectiveStop,lstm_autoencoder_19_raw_q97.5,5,123,122,1,0,3,0,0,2,0,0
ProtectiveStop,lstm_autoencoder_19_raw_q97.5,5,124,123,1,0,3,3,0,2,1,0
ProtectiveStop,lstm_autoencoder_19_raw_q97.5,5,125,124,1,0,3,0,0,2,0,0
GripLost,lstm_autoencoder_19_raw_q90,5,101,100,1,0,3,0,0,2,0,0
GripLost,lstm_autoencoder_19_raw_q90,5,102,101,1,0,3,0,0,2,0,0
GripLost,lstm_autoencoder_19_raw_q90,5,103,102,1,0,3,3,0,2,1,0
GripLost,lstm_autoencoder_19_raw_q90,5,104,103,1,0,3,0,0,2,0,0
GripLost,lstm_autoencoder_19_raw_q90,5,105,104,1,1,3,0,0,2,0,0
GripLost,lstm_autoencoder_19_raw_q90,5,106,105,1,0,3,3,0,2,1,0
GripLost,lstm_autoencoder_19_raw_q90,5,107,106,1,0,3,3,0,2,1,0
GripLost,lstm_autoencoder_19_raw_q90,5,108,107,1,0,3,0,0,2,0,0
GripLost,lstm_autoencoder_19_raw_q90,5,109,108,1,0,3,1,0,2,0,0
GripLost,lstm_autoencoder_19_raw_q90,5,110,109,1,0,3,0,0,2,0,0
GripLost,lstm_autoencoder_19_raw_q90,5,111,110,1,0,3,3,0,2,1,0
GripLost,lstm_autoencoder_19_raw_q90,5,112,111,1,0,3,0,0,2,0,0
GripLost,lstm_autoencoder_19_raw_q90,5,113,112,1,0,3,3,0,2,1,0
GripLost,lstm_autoencoder_19_raw_q90,5,114,113,1,0,3,3,0,2,1,0
GripLost,lstm_autoencoder_19_raw_q90,5,115,114,1,0,3,0,0,2,0,0
GripLost,lstm_autoencoder_19_raw_q90,5,116,115,1,0,3,3,0,2,1,0
GripLost,lstm_autoencoder_19_raw_q90,5,117,116,1,0,3,3,0,2,1,0
GripLost,lstm_autoencoder_19_raw_q90,5,118,117,1,0,3,0,0,2,0,0
GripLost,lstm_autoencoder_19_raw_q90,5,119,118,1,0,3,3,0,2,1,0
GripLost,lstm_autoencoder_19_raw_q90,5,120,119,1,0,3,0,0,2,0,0
GripLost,lstm_autoencoder_19_raw_q90,5,121,120,1,0,3,0,0,2,0,0
GripLost,lstm_autoencoder_19_raw_q90,5,122,121,1,0,3,0,0,2,0,0
GripLost,lstm_autoencoder_19_raw_q90,5,123,122,1,0,3,1,0,2,0,0
GripLost,lstm_autoencoder_19_raw_q90,5,124,123,1,0,3,3,0,2,1,0
GripLost,lstm_autoencoder_19_raw_q90,5,125,124,1,0,3,0,0,2,0,0
GripLost,lstm_autoencoder_19_raw_q95,5,101,100,1,0,3,0,0,2,0,0
GripLost,lstm_autoencoder_19_raw_q95,5,102,101,1,0,3,0,0,2,0,0
GripLost,lstm_autoencoder_19_raw_q95,5,103,102,1,0,3,3,0,2,1,0
GripLost,lstm_autoencoder_19_raw_q95,5,104,103,1,0,3,0,0,2,0,0
GripLost,lstm_autoencoder_19_raw_q95,5,105,104,1,1,3,0,0,2,0,0
GripLost,lstm_autoencoder_19_raw_q95,5,106,105,1,0,3,3,0,2,1,0
GripLost,lstm_autoencoder_19_raw_q95,5,107,106,1,0,3,3,0,2,1,0
GripLost,lstm_autoencoder_19_raw_q95,5,108,107,1,0,3,0,0,2,0,0
GripLost,lstm_autoencoder_19_raw_q95,5,109,108,1,0,3,0,0,2,0,0
GripLost,lstm_autoencoder_19_raw_q95,5,110,109,1,0,3,0,0,2,0,0
GripLost,lstm_autoencoder_19_raw_q95,5,111,110,1,0,3,0,0,2,0,0
GripLost,lstm_autoencoder_19_raw_q95,5,112,111,1,0,3,0,0,2,0,0
GripLost,lstm_autoencoder_19_raw_q95,5,113,112,1,0,3,3,0,2,1,0
GripLost,lstm_autoencoder_19_raw_q95,5,114,113,1,0,3,2,0,2,1,0
GripLost,lstm_autoencoder_19_raw_q95,5,115,114,1,0,3,0,0,2,0,0
GripLost,lstm_autoencoder_19_raw_q95,5,116,115,1,0,3,3,0,2,1,0
GripLost,lstm_autoencoder_19_raw_q95,5,117,116,1,0,3,3,0,2,1,0
GripLost,lstm_autoencoder_19_raw_q95,5,118,117,1,0,3,0,0,2,0,0
GripLost,lstm_autoencoder_19_raw_q95,5,119,118,1,0,3,3,0,2,1,0
GripLost,lstm_autoencoder_19_raw_q95,5,120,119,1,0,3,0,0,2,0,0
GripLost,lstm_autoencoder_19_raw_q95,5,121,120,1,0,3,0,0,2,0,0
GripLost,lstm_autoencoder_19_raw_q95,5,122,121,1,0,3,0,0,2,0,0
GripLost,lstm_autoencoder_19_raw_q95,5,123,122,1,0,3,0,0,2,0,0
GripLost,lstm_autoencoder_19_raw_q95,5,124,123,1,0,3,3,0,2,1,0
GripLost,lstm_autoencoder_19_raw_q95,5,125,124,1,0,3,0,0,2,0,0
GripLost,lstm_autoencoder_19_raw_q97.5,5,101,100,1,0,3,0,0,2,0,0
GripLost,lstm_autoencoder_19_raw_q97.5,5,102,101,1,0,3,0,0,2,0,0
GripLost,lstm_autoencoder_19_raw_q97.5,5,103,102,1,0,3,3,0,2,1,0
GripLost,lstm_autoencoder_19_raw_q97.5,5,104,103,1,0,3,0,0,2,0,0
GripLost,lstm_autoencoder_19_raw_q97.5,5,105,104,1,1,3,0,0,2,0,0
GripLost,lstm_autoencoder_19_raw_q97.5,5,106,105,1,0,3,3,0,2,1,0
GripLost,lstm_autoencoder_19_raw_q97.5,5,107,106,1,0,3,3,0,2,1,0
GripLost,lstm_autoencoder_19_raw_q97.5,5,108,107,1,0,3,0,0,2,0,0
GripLost,lstm_autoencoder_19_raw_q97.5,5,109,108,1,0,3,0,0,2,0,0
GripLost,lstm_autoencoder_19_raw_q97.5,5,110,109,1,0,3,0,0,2,0,0
GripLost,lstm_autoencoder_19_raw_q97.5,5,111,110,1,0,3,0,0,2,0,0
GripLost,lstm_autoencoder_19_raw_q97.5,5,112,111,1,0,3,0,0,2,0,0
GripLost,lstm_autoencoder_19_raw_q97.5,5,113,112,1,0,3,3,0,2,1,0
GripLost,lstm_autoencoder_19_raw_q97.5,5,114,113,1,0,3,2,0,2,1,0
GripLost,lstm_autoencoder_19_raw_q97.5,5,115,114,1,0,3,0,0,2,0,0
GripLost,lstm_autoencoder_19_raw_q97.5,5,116,115,1,0,3,3,0,2,1,0
GripLost,lstm_autoencoder_19_raw_q97.5,5,117,116,1,0,3,3,0,2,1,0
GripLost,lstm_autoencoder_19_raw_q97.5,5,118,117,1,0,3,0,0,2,0,0
GripLost,lstm_autoencoder_19_raw_q97.5,5,119,118,1,0,3,3,0,2,1,0
GripLost,lstm_autoencoder_19_raw_q97.5,5,120,119,1,0,3,0,0,2,0,0
GripLost,lstm_autoencoder_19_raw_q97.5,5,121,120,1,0,3,0,0,2,0,0
GripLost,lstm_autoencoder_19_raw_q97.5,5,122,121,1,0,3,0,0,2,0,0
GripLost,lstm_autoencoder_19_raw_q97.5,5,123,122,1,0,3,0,0,2,0,0
GripLost,lstm_autoencoder_19_raw_q97.5,5,124,123,1,0,3,3,0,2,1,0
GripLost,lstm_autoencoder_19_raw_q97.5,5,125,124,1,0,3,0,0,2,0,0
System_Failure,lstm_autoencoder_19_raw_q90,7,151,129,1,0,3,3,0,2,1,0
System_Failure,lstm_autoencoder_19_raw_q90,7,152,130,1,1,3,3,3,2,1,1
System_Failure,lstm_autoencoder_19_raw_q90,7,153,131,1,0,3,3,0,2,1,0
System_Failure,lstm_autoencoder_19_raw_q90,7,154,132,1,0,3,0,0,2,0,0
System_Failure,lstm_autoencoder_19_raw_q90,7,155,133,1,0,3,3,0,2,1,0
System_Failure,lstm_autoencoder_19_raw_q90,7,156,134,1,0,3,0,0,2,0,0
System_Failure,lstm_autoencoder_19_raw_q90,7,157,135,1,0,3,1,0,2,0,0
System_Failure,lstm_autoencoder_19_raw_q90,7,159,137,1,1,3,0,0,2,0,0
System_Failure,lstm_autoencoder_19_raw_q90,7,160,138,1,1,3,0,0,2,0,0
System_Failure,lstm_autoencoder_19_raw_q90,7,161,139,1,0,3,3,0,2,1,0
System_Failure,lstm_autoencoder_19_raw_q90,7,162,140,1,0,3,0,0,2,0,0
System_Failure,lstm_autoencoder_19_raw_q90,7,163,141,1,1,3,3,0,2,1,0
System_Failure,lstm_autoencoder_19_raw_q90,7,164,142,1,1,3,0,0,2,0,0
System_Failure,lstm_autoencoder_19_raw_q90,7,165,143,1,0,3,0,0,2,0,0
System_Failure,lstm_autoencoder_19_raw_q90,7,166,144,1,0,3,0,0,2,0,0
System_Failure,lstm_autoencoder_19_raw_q90,7,167,145,1,0,3,3,0,2,1,0
System_Failure,lstm_autoencoder_19_raw_q90,7,168,146,1,0,3,3,0,2,1,0
System_Failure,lstm_autoencoder_19_raw_q90,7,169,147,1,0,3,3,0,2,1,0
System_Failure,lstm_autoencoder_19_raw_q90,7,170,148,1,1,3,0,0,2,0,0
System_Failure,lstm_autoencoder_19_raw_q90,7,171,149,1,0,3,0,0,2,0,0
System_Failure,lstm_autoencoder_19_raw_q90,7,172,150,1,0,3,0,0,2,0,0
System_Failure,lstm_autoencoder_19_raw_q90,7,173,151,1,1,3,0,0,2,0,0
System_Failure,lstm_autoencoder_19_raw_q90,7,174,152,1,1,3,0,0,2,0,0
System_Failure,lstm_autoencoder_19_raw_q90,7,175,153,1,1,3,3,3,2,1,1
System_Failure,lstm_autoencoder_19_raw_q95,7,151,129,1,0,3,0,0,2,0,0
System_Failure,lstm_autoencoder_19_raw_q95,7,152,130,1,1,3,0,0,2,0,0
System_Failure,lstm_autoencoder_19_raw_q95,7,153,131,1,0,3,3,0,2,1,0
System_Failure,lstm_autoencoder_19_raw_q95,7,154,132,1,0,3,0,0,2,0,0
System_Failure,lstm_autoencoder_19_raw_q95,7,155,133,1,0,3,3,0,2,1,0
System_Failure,lstm_autoencoder_19_raw_q95,7,156,134,1,0,3,0,0,2,0,0
System_Failure,lstm_autoencoder_19_raw_q95,7,157,135,1,0,3,0,0,2,0,0
System_Failure,lstm_autoencoder_19_raw_q95,7,159,137,1,1,3,0,0,2,0,0
System_Failure,lstm_autoencoder_19_raw_q95,7,160,138,1,1,3,0,0,2,0,0
System_Failure,lstm_autoencoder_19_raw_q95,7,161,139,1,0,3,3,0,2,1,0
System_Failure,lstm_autoencoder_19_raw_q95,7,162,140,1,0,3,0,0,2,0,0
System_Failure,lstm_autoencoder_19_raw_q95,7,163,141,1,1,3,3,0,2,1,0
System_Failure,lstm_autoencoder_19_raw_q95,7,164,142,1,1,3,0,0,2,0,0
System_Failure,lstm_autoencoder_19_raw_q95,7,165,143,1,0,3,0,0,2,0,0
System_Failure,lstm_autoencoder_19_raw_q95,7,166,144,1,0,3,0,0,2,0,0
System_Failure,lstm_autoencoder_19_raw_q95,7,167,145,1,0,3,3,0,2,1,0
System_Failure,lstm_autoencoder_19_raw_q95,7,168,146,1,0,3,3,0,2,1,0
System_Failure,lstm_autoencoder_19_raw_q95,7,169,147,1,0,3,3,0,2,1,0
System_Failure,lstm_autoencoder_19_raw_q95,7,170,148,1,1,3,0,0,2,0,0
System_Failure,lstm_autoencoder_19_raw_q95,7,171,149,1,0,3,0,0,2,0,0
System_Failure,lstm_autoencoder_19_raw_q95,7,172,150,1,0,3,0,0,2,0,0
System_Failure,lstm_autoencoder_19_raw_q95,7,173,151,1,1,3,0,0,2,0,0
System_Failure,lstm_autoencoder_19_raw_q95,7,174,152,1,1,3,0,0,2,0,0
System_Failure,lstm_autoencoder_19_raw_q95,7,175,153,1,1,3,3,3,2,1,1
System_Failure,lstm_autoencoder_19_raw_q97.5,7,151,129,1,0,3,0,0,2,0,0
System_Failure,lstm_autoencoder_19_raw_q97.5,7,152,130,1,1,3,0,0,2,0,0
System_Failure,lstm_autoencoder_19_raw_q97.5,7,153,131,1,0,3,3,0,2,1,0
System_Failure,lstm_autoencoder_19_raw_q97.5,7,154,132,1,0,3,0,0,2,0,0
System_Failure,lstm_autoencoder_19_raw_q97.5,7,155,133,1,0,3,3,0,2,1,0
System_Failure,lstm_autoencoder_19_raw_q97.5,7,156,134,1,0,3,0,0,2,0,0
System_Failure,lstm_autoencoder_19_raw_q97.5,7,157,135,1,0,3,0,0,2,0,0
System_Failure,lstm_autoencoder_19_raw_q97.5,7,159,137,1,1,3,0,0,2,0,0
System_Failure,lstm_autoencoder_19_raw_q97.5,7,160,138,1,1,3,0,0,2,0,0
System_Failure,lstm_autoencoder_19_raw_q97.5,7,161,139,1,0,3,3,0,2,1,0
System_Failure,lstm_autoencoder_19_raw_q97.5,7,162,140,1,0,3,0,0,2,0,0
System_Failure,lstm_autoencoder_19_raw_q97.5,7,163,141,1,1,3,3,0,2,1,0
System_Failure,lstm_autoencoder_19_raw_q97.5,7,164,142,1,1,3,0,0,2,0,0
System_Failure,lstm_autoencoder_19_raw_q97.5,7,165,143,1,0,3,0,0,2,0,0
System_Failure,lstm_autoencoder_19_raw_q97.5,7,166,144,1,0,3,0,0,2,0,0
System_Failure,lstm_autoencoder_19_raw_q97.5,7,167,145,1,0,3,3,0,2,1,0
System_Failure,lstm_autoencoder_19_raw_q97.5,7,168,146,1,0,3,3,0,2,1,0
System_Failure,lstm_autoencoder_19_raw_q97.5,7,169,147,1,0,3,3,0,2,1,0
System_Failure,lstm_autoencoder_19_raw_q97.5,7,170,148,1,1,3,0,0,2,0,0
System_Failure,lstm_autoencoder_19_raw_q97.5,7,171,149,1,0,3,0,0,2,0,0
System_Failure,lstm_autoencoder_19_raw_q97.5,7,172,150,1,0,3,0,0,2,0,0
System_Failure,lstm_autoencoder_19_raw_q97.5,7,173,151,1,1,3,0,0,2,0,0
System_Failure,lstm_autoencoder_19_raw_q97.5,7,174,152,1,1,3,0,0,2,0,0
System_Failure,lstm_autoencoder_19_raw_q97.5,7,175,153,1,1,3,3,3,2,1,1
ProtectiveStop,lstm_autoencoder_19_raw_q90,7,151,129,1,0,3,3,0,2,1,0
ProtectiveStop,lstm_autoencoder_19_raw_q90,7,152,130,1,1,3,3,3,2,1,1
ProtectiveStop,lstm_autoencoder_19_raw_q90,7,153,131,1,0,3,3,0,2,1,0
ProtectiveStop,lstm_autoencoder_19_raw_q90,7,154,132,1,0,3,0,0,2,0,0
ProtectiveStop,lstm_autoencoder_19_raw_q90,7,155,133,1,0,3,3,0,2,1,0
ProtectiveStop,lstm_autoencoder_19_raw_q90,7,156,134,1,0,3,0,0,2,0,0
ProtectiveStop,lstm_autoencoder_19_raw_q90,7,157,135,1,0,3,1,0,2,0,0
ProtectiveStop,lstm_autoencoder_19_raw_q90,7,159,137,1,1,3,0,0,2,0,0
ProtectiveStop,lstm_autoencoder_19_raw_q90,7,160,138,1,0,3,0,0,2,0,0
ProtectiveStop,lstm_autoencoder_19_raw_q90,7,161,139,1,0,3,3,0,2,1,0
ProtectiveStop,lstm_autoencoder_19_raw_q90,7,162,140,1,0,3,0,0,2,0,0
ProtectiveStop,lstm_autoencoder_19_raw_q90,7,163,141,1,1,3,3,0,2,1,0
ProtectiveStop,lstm_autoencoder_19_raw_q90,7,164,142,1,1,3,0,0,2,0,0
ProtectiveStop,lstm_autoencoder_19_raw_q90,7,165,143,1,0,3,0,0,2,0,0
ProtectiveStop,lstm_autoencoder_19_raw_q90,7,166,144,1,0,3,0,0,2,0,0
ProtectiveStop,lstm_autoencoder_19_raw_q90,7,167,145,1,0,3,3,0,2,1,0
ProtectiveStop,lstm_autoencoder_19_raw_q90,7,168,146,1,0,3,3,0,2,1,0
ProtectiveStop,lstm_autoencoder_19_raw_q90,7,169,147,1,0,3,3,0,2,1,0
ProtectiveStop,lstm_autoencoder_19_raw_q90,7,170,148,1,1,3,0,0,2,0,0
ProtectiveStop,lstm_autoencoder_19_raw_q90,7,171,149,1,0,3,0,0,2,0,0
ProtectiveStop,lstm_autoencoder_19_raw_q90,7,172,150,1,0,3,0,0,2,0,0
ProtectiveStop,lstm_autoencoder_19_raw_q90,7,173,151,1,1,3,0,0,2,0,0
ProtectiveStop,lstm_autoencoder_19_raw_q90,7,174,152,1,1,3,0,0,2,0,0
ProtectiveStop,lstm_autoencoder_19_raw_q90,7,175,153,1,1,3,3,3,2,1,1
ProtectiveStop,lstm_autoencoder_19_raw_q95,7,151,129,1,0,3,0,0,2,0,0
ProtectiveStop,lstm_autoencoder_19_raw_q95,7,152,130,1,1,3,0,0,2,0,0
ProtectiveStop,lstm_autoencoder_19_raw_q95,7,153,131,1,0,3,3,0,2,1,0
ProtectiveStop,lstm_autoencoder_19_raw_q95,7,154,132,1,0,3,0,0,2,0,0
ProtectiveStop,lstm_autoencoder_19_raw_q95,7,155,133,1,0,3,3,0,2,1,0
ProtectiveStop,lstm_autoencoder_19_raw_q95,7,156,134,1,0,3,0,0,2,0,0
ProtectiveStop,lstm_autoencoder_19_raw_q95,7,157,135,1,0,3,0,0,2,0,0
ProtectiveStop,lstm_autoencoder_19_raw_q95,7,159,137,1,1,3,0,0,2,0,0
ProtectiveStop,lstm_autoencoder_19_raw_q95,7,160,138,1,0,3,0,0,2,0,0
ProtectiveStop,lstm_autoencoder_19_raw_q95,7,161,139,1,0,3,3,0,2,1,0
ProtectiveStop,lstm_autoencoder_19_raw_q95,7,162,140,1,0,3,0,0,2,0,0
ProtectiveStop,lstm_autoencoder_19_raw_q95,7,163,141,1,1,3,3,0,2,1,0
ProtectiveStop,lstm_autoencoder_19_raw_q95,7,164,142,1,1,3,0,0,2,0,0
ProtectiveStop,lstm_autoencoder_19_raw_q95,7,165,143,1,0,3,0,0,2,0,0
ProtectiveStop,lstm_autoencoder_19_raw_q95,7,166,144,1,0,3,0,0,2,0,0
ProtectiveStop,lstm_autoencoder_19_raw_q95,7,167,145,1,0,3,3,0,2,1,0
ProtectiveStop,lstm_autoencoder_19_raw_q95,7,168,146,1,0,3,3,0,2,1,0
ProtectiveStop,lstm_autoencoder_19_raw_q95,7,169,147,1,0,3,3,0,2,1,0
ProtectiveStop,lstm_autoencoder_19_raw_q95,7,170,148,1,1,3,0,0,2,0,0
ProtectiveStop,lstm_autoencoder_19_raw_q95,7,171,149,1,0,3,0,0,2,0,0
ProtectiveStop,lstm_autoencoder_19_raw_q95,7,172,150,1,0,3,0,0,2,0,0
ProtectiveStop,lstm_autoencoder_19_raw_q95,7,173,151,1,1,3,0,0,2,0,0
ProtectiveStop,lstm_autoencoder_19_raw_q95,7,174,152,1,1,3,0,0,2,0,0
ProtectiveStop,lstm_autoencoder_19_raw_q95,7,175,153,1,1,3,3,3,2,1,1
ProtectiveStop,lstm_autoencoder_19_raw_q97.5,7,151,129,1,0,3,0,0,2,0,0
ProtectiveStop,lstm_autoencoder_19_raw_q97.5,7,152,130,1,1,3,0,0,2,0,0
ProtectiveStop,lstm_autoencoder_19_raw_q97.5,7,153,131,1,0,3,3,0,2,1,0
ProtectiveStop,lstm_autoencoder_19_raw_q97.5,7,154,132,1,0,3,0,0,2,0,0
ProtectiveStop,lstm_autoencoder_19_raw_q97.5,7,155,133,1,0,3,3,0,2,1,0
ProtectiveStop,lstm_autoencoder_19_raw_q97.5,7,156,134,1,0,3,0,0,2,0,0
ProtectiveStop,lstm_autoencoder_19_raw_q97.5,7,157,135,1,0,3,0,0,2,0,0
ProtectiveStop,lstm_autoencoder_19_raw_q97.5,7,159,137,1,1,3,0,0,2,0,0
ProtectiveStop,lstm_autoencoder_19_raw_q97.5,7,160,138,1,0,3,0,0,2,0,0
ProtectiveStop,lstm_autoencoder_19_raw_q97.5,7,161,139,1,0,3,3,0,2,1,0
ProtectiveStop,lstm_autoencoder_19_raw_q97.5,7,162,140,1,0,3,0,0,2,0,0
ProtectiveStop,lstm_autoencoder_19_raw_q97.5,7,163,141,1,1,3,3,0,2,1,0
ProtectiveStop,lstm_autoencoder_19_raw_q97.5,7,164,142,1,1,3,0,0,2,0,0
ProtectiveStop,lstm_autoencoder_19_raw_q97.5,7,165,143,1,0,3,0,0,2,0,0
ProtectiveStop,lstm_autoencoder_19_raw_q97.5,7,166,144,1,0,3,0,0,2,0,0
ProtectiveStop,lstm_autoencoder_19_raw_q97.5,7,167,145,1,0,3,3,0,2,1,0
ProtectiveStop,lstm_autoencoder_19_raw_q97.5,7,168,146,1,0,3,3,0,2,1,0
ProtectiveStop,lstm_autoencoder_19_raw_q97.5,7,169,147,1,0,3,3,0,2,1,0
ProtectiveStop,lstm_autoencoder_19_raw_q97.5,7,170,148,1,1,3,0,0,2,0,0
ProtectiveStop,lstm_autoencoder_19_raw_q97.5,7,171,149,1,0,3,0,0,2,0,0
ProtectiveStop,lstm_autoencoder_19_raw_q97.5,7,172,150,1,0,3,0,0,2,0,0
ProtectiveStop,lstm_autoencoder_19_raw_q97.5,7,173,151,1,1,3,0,0,2,0,0
ProtectiveStop,lstm_autoencoder_19_raw_q97.5,7,174,152,1,1,3,0,0,2,0,0
ProtectiveStop,lstm_autoencoder_19_raw_q97.5,7,175,153,1,1,3,3,3,2,1,1
GripLost,lstm_autoencoder_19_raw_q90,7,151,129,1,0,3,3,0,2,1,0
GripLost,lstm_autoencoder_19_raw_q90,7,152,130,1,0,3,3,0,2,1,0
GripLost,lstm_autoencoder_19_raw_q90,7,153,131,1,0,3,3,0,2,1,0
GripLost,lstm_autoencoder_19_raw_q90,7,154,132,1,0,3,0,0,2,0,0
GripLost,lstm_autoencoder_19_raw_q90,7,155,133,1,0,3,3,0,2,1,0
GripLost,lstm_autoencoder_19_raw_q90,7,156,134,1,0,3,0,0,2,0,0
GripLost,lstm_autoencoder_19_raw_q90,7,157,135,1,0,3,1,0,2,0,0
GripLost,lstm_autoencoder_19_raw_q90,7,159,137,1,0,3,0,0,2,0,0
GripLost,lstm_autoencoder_19_raw_q90,7,160,138,1,1,3,0,0,2,0,0
GripLost,lstm_autoencoder_19_raw_q90,7,161,139,1,0,3,3,0,2,1,0
GripLost,lstm_autoencoder_19_raw_q90,7,162,140,1,0,3,0,0,2,0,0
GripLost,lstm_autoencoder_19_raw_q90,7,163,141,1,0,3,3,0,2,1,0
GripLost,lstm_autoencoder_19_raw_q90,7,164,142,1,1,3,0,0,2,0,0
GripLost,lstm_autoencoder_19_raw_q90,7,165,143,1,0,3,0,0,2,0,0
GripLost,lstm_autoencoder_19_raw_q90,7,166,144,1,0,3,0,0,2,0,0
GripLost,lstm_autoencoder_19_raw_q90,7,167,145,1,0,3,3,0,2,1,0
GripLost,lstm_autoencoder_19_raw_q90,7,168,146,1,0,3,3,0,2,1,0
GripLost,lstm_autoencoder_19_raw_q90,7,169,147,1,0,3,3,0,2,1,0
GripLost,lstm_autoencoder_19_raw_q90,7,170,148,1,0,3,0,0,2,0,0
GripLost,lstm_autoencoder_19_raw_q90,7,171,149,1,0,3,0,0,2,0,0
GripLost,lstm_autoencoder_19_raw_q90,7,172,150,1,0,3,0,0,2,0,0
GripLost,lstm_autoencoder_19_raw_q90,7,173,151,1,1,3,0,0,2,0,0
GripLost,lstm_autoencoder_19_raw_q90,7,174,152,1,1,3,0,0,2,0,0
GripLost,lstm_autoencoder_19_raw_q90,7,175,153,1,0,3,3,0,2,1,0
GripLost,lstm_autoencoder_19_raw_q95,7,151,129,1,0,3,0,0,2,0,0
GripLost,lstm_autoencoder_19_raw_q95,7,152,130,1,0,3,0,0,2,0,0
GripLost,lstm_autoencoder_19_raw_q95,7,153,131,1,0,3,3,0,2,1,0
GripLost,lstm_autoencoder_19_raw_q95,7,154,132,1,0,3,0,0,2,0,0
GripLost,lstm_autoencoder_19_raw_q95,7,155,133,1,0,3,3,0,2,1,0
GripLost,lstm_autoencoder_19_raw_q95,7,156,134,1,0,3,0,0,2,0,0
GripLost,lstm_autoencoder_19_raw_q95,7,157,135,1,0,3,0,0,2,0,0
GripLost,lstm_autoencoder_19_raw_q95,7,159,137,1,0,3,0,0,2,0,0
GripLost,lstm_autoencoder_19_raw_q95,7,160,138,1,1,3,0,0,2,0,0
GripLost,lstm_autoencoder_19_raw_q95,7,161,139,1,0,3,3,0,2,1,0
GripLost,lstm_autoencoder_19_raw_q95,7,162,140,1,0,3,0,0,2,0,0
GripLost,lstm_autoencoder_19_raw_q95,7,163,141,1,0,3,3,0,2,1,0
GripLost,lstm_autoencoder_19_raw_q95,7,164,142,1,1,3,0,0,2,0,0
GripLost,lstm_autoencoder_19_raw_q95,7,165,143,1,0,3,0,0,2,0,0
GripLost,lstm_autoencoder_19_raw_q95,7,166,144,1,0,3,0,0,2,0,0
GripLost,lstm_autoencoder_19_raw_q95,7,167,145,1,0,3,3,0,2,1,0
GripLost,lstm_autoencoder_19_raw_q95,7,168,146,1,0,3,3,0,2,1,0
GripLost,lstm_autoencoder_19_raw_q95,7,169,147,1,0,3,3,0,2,1,0
GripLost,lstm_autoencoder_19_raw_q95,7,170,148,1,0,3,0,0,2,0,0
GripLost,lstm_autoencoder_19_raw_q95,7,171,149,1,0,3,0,0,2,0,0
GripLost,lstm_autoencoder_19_raw_q95,7,172,150,1,0,3,0,0,2,0,0
GripLost,lstm_autoencoder_19_raw_q95,7,173,151,1,1,3,0,0,2,0,0
GripLost,lstm_autoencoder_19_raw_q95,7,174,152,1,1,3,0,0,2,0,0
GripLost,lstm_autoencoder_19_raw_q95,7,175,153,1,0,3,3,0,2,1,0
GripLost,lstm_autoencoder_19_raw_q97.5,7,151,129,1,0,3,0,0,2,0,0
GripLost,lstm_autoencoder_19_raw_q97.5,7,152,130,1,0,3,0,0,2,0,0
GripLost,lstm_autoencoder_19_raw_q97.5,7,153,131,1,0,3,3,0,2,1,0
GripLost,lstm_autoencoder_19_raw_q97.5,7,154,132,1,0,3,0,0,2,0,0
GripLost,lstm_autoencoder_19_raw_q97.5,7,155,133,1,0,3,3,0,2,1,0
GripLost,lstm_autoencoder_19_raw_q97.5,7,156,134,1,0,3,0,0,2,0,0
GripLost,lstm_autoencoder_19_raw_q97.5,7,157,135,1,0,3,0,0,2,0,0
GripLost,lstm_autoencoder_19_raw_q97.5,7,159,137,1,0,3,0,0,2,0,0
GripLost,lstm_autoencoder_19_raw_q97.5,7,160,138,1,1,3,0,0,2,0,0
GripLost,lstm_autoencoder_19_raw_q97.5,7,161,139,1,0,3,3,0,2,1,0
GripLost,lstm_autoencoder_19_raw_q97.5,7,162,140,1,0,3,0,0,2,0,0
GripLost,lstm_autoencoder_19_raw_q97.5,7,163,141,1,0,3,3,0,2,1,0
GripLost,lstm_autoencoder_19_raw_q97.5,7,164,142,1,1,3,0,0,2,0,0
GripLost,lstm_autoencoder_19_raw_q97.5,7,165,143,1,0,3,0,0,2,0,0
GripLost,lstm_autoencoder_19_raw_q97.5,7,166,144,1,0,3,0,0,2,0,0
GripLost,lstm_autoencoder_19_raw_q97.5,7,167,145,1,0,3,3,0,2,1,0
GripLost,lstm_autoencoder_19_raw_q97.5,7,168,146,1,0,3,3,0,2,1,0
GripLost,lstm_autoencoder_19_raw_q97.5,7,169,147,1,0,3,3,0,2,1,0
GripLost,lstm_autoencoder_19_raw_q97.5,7,170,148,1,0,3,0,0,2,0,0
GripLost,lstm_autoencoder_19_raw_q97.5,7,171,149,1,0,3,0,0,2,0,0
GripLost,lstm_autoencoder_19_raw_q97.5,7,172,150,1,0,3,0,0,2,0,0
GripLost,lstm_autoencoder_19_raw_q97.5,7,173,151,1,1,3,0,0,2,0,0
GripLost,lstm_autoencoder_19_raw_q97.5,7,174,152,1,1,3,0,0,2,0,0
GripLost,lstm_autoencoder_19_raw_q97.5,7,175,153,1,0,3,3,0,2,1,0
System_Failure,lstm_autoencoder_19_raw_q90,8,176,154,1,0,3,0,0,2,0,0
System_Failure,lstm_autoencoder_19_raw_q90,8,177,155,1,0,3,0,0,2,0,0
System_Failure,lstm_autoencoder_19_raw_q90,8,178,156,1,0,3,0,0,2,0,0
System_Failure,lstm_autoencoder_19_raw_q90,8,179,157,1,0,3,0,0,2,0,0
System_Failure,lstm_autoencoder_19_raw_q90,8,180,158,1,1,3,0,0,2,0,0
System_Failure,lstm_autoencoder_19_raw_q90,8,181,159,1,0,3,0,0,2,0,0
System_Failure,lstm_autoencoder_19_raw_q90,8,182,160,1,1,3,0,0,2,0,0
System_Failure,lstm_autoencoder_19_raw_q90,8,183,161,1,1,3,0,0,2,0,0
System_Failure,lstm_autoencoder_19_raw_q90,8,184,162,1,0,3,0,0,2,0,0
System_Failure,lstm_autoencoder_19_raw_q90,8,185,163,1,1,3,0,0,2,0,0
System_Failure,lstm_autoencoder_19_raw_q90,8,199,176,1,0,3,0,0,2,0,0
System_Failure,lstm_autoencoder_19_raw_q90,8,200,177,1,1,3,0,0,2,0,0
System_Failure,lstm_autoencoder_19_raw_q95,8,176,154,1,0,3,0,0,2,0,0
System_Failure,lstm_autoencoder_19_raw_q95,8,177,155,1,0,3,0,0,2,0,0
System_Failure,lstm_autoencoder_19_raw_q95,8,178,156,1,0,3,0,0,2,0,0
System_Failure,lstm_autoencoder_19_raw_q95,8,179,157,1,0,3,0,0,2,0,0
System_Failure,lstm_autoencoder_19_raw_q95,8,180,158,1,1,3,0,0,2,0,0
System_Failure,lstm_autoencoder_19_raw_q95,8,181,159,1,0,3,0,0,2,0,0
System_Failure,lstm_autoencoder_19_raw_q95,8,182,160,1,1,3,0,0,2,0,0
System_Failure,lstm_autoencoder_19_raw_q95,8,183,161,1,1,3,0,0,2,0,0
System_Failure,lstm_autoencoder_19_raw_q95,8,184,162,1,0,3,0,0,2,0,0
System_Failure,lstm_autoencoder_19_raw_q95,8,185,163,1,1,3,0,0,2,0,0
System_Failure,lstm_autoencoder_19_raw_q95,8,199,176,1,0,3,0,0,2,0,0
System_Failure,lstm_autoencoder_19_raw_q95,8,200,177,1,1,3,0,0,2,0,0
System_Failure,lstm_autoencoder_19_raw_q97.5,8,176,154,1,0,3,0,0,2,0,0
System_Failure,lstm_autoencoder_19_raw_q97.5,8,177,155,1,0,3,0,0,2,0,0
System_Failure,lstm_autoencoder_19_raw_q97.5,8,178,156,1,0,3,0,0,2,0,0
System_Failure,lstm_autoencoder_19_raw_q97.5,8,179,157,1,0,3,0,0,2,0,0
System_Failure,lstm_autoencoder_19_raw_q97.5,8,180,158,1,1,3,0,0,2,0,0
System_Failure,lstm_autoencoder_19_raw_q97.5,8,181,159,1,0,3,0,0,2,0,0
System_Failure,lstm_autoencoder_19_raw_q97.5,8,182,160,1,1,3,0,0,2,0,0
System_Failure,lstm_autoencoder_19_raw_q97.5,8,183,161,1,1,3,0,0,2,0,0
System_Failure,lstm_autoencoder_19_raw_q97.5,8,184,162,1,0,3,0,0,2,0,0
System_Failure,lstm_autoencoder_19_raw_q97.5,8,185,163,1,1,3,0,0,2,0,0
System_Failure,lstm_autoencoder_19_raw_q97.5,8,199,176,1,0,3,0,0,2,0,0
System_Failure,lstm_autoencoder_19_raw_q97.5,8,200,177,1,1,3,0,0,2,0,0
ProtectiveStop,lstm_autoencoder_19_raw_q90,8,176,154,1,0,3,0,0,2,0,0
ProtectiveStop,lstm_autoencoder_19_raw_q90,8,177,155,1,0,3,0,0,2,0,0
ProtectiveStop,lstm_autoencoder_19_raw_q90,8,178,156,1,0,3,0,0,2,0,0
ProtectiveStop,lstm_autoencoder_19_raw_q90,8,179,157,1,0,3,0,0,2,0,0
ProtectiveStop,lstm_autoencoder_19_raw_q90,8,180,158,1,0,3,0,0,2,0,0
ProtectiveStop,lstm_autoencoder_19_raw_q90,8,181,159,1,0,3,0,0,2,0,0
ProtectiveStop,lstm_autoencoder_19_raw_q90,8,182,160,1,1,3,0,0,2,0,0
ProtectiveStop,lstm_autoencoder_19_raw_q90,8,183,161,1,1,3,0,0,2,0,0
ProtectiveStop,lstm_autoencoder_19_raw_q90,8,184,162,1,0,3,0,0,2,0,0
ProtectiveStop,lstm_autoencoder_19_raw_q90,8,185,163,1,1,3,0,0,2,0,0
ProtectiveStop,lstm_autoencoder_19_raw_q90,8,199,176,1,0,3,0,0,2,0,0
ProtectiveStop,lstm_autoencoder_19_raw_q90,8,200,177,1,0,3,0,0,2,0,0
ProtectiveStop,lstm_autoencoder_19_raw_q95,8,176,154,1,0,3,0,0,2,0,0
ProtectiveStop,lstm_autoencoder_19_raw_q95,8,177,155,1,0,3,0,0,2,0,0
ProtectiveStop,lstm_autoencoder_19_raw_q95,8,178,156,1,0,3,0,0,2,0,0
ProtectiveStop,lstm_autoencoder_19_raw_q95,8,179,157,1,0,3,0,0,2,0,0
ProtectiveStop,lstm_autoencoder_19_raw_q95,8,180,158,1,0,3,0,0,2,0,0
ProtectiveStop,lstm_autoencoder_19_raw_q95,8,181,159,1,0,3,0,0,2,0,0
ProtectiveStop,lstm_autoencoder_19_raw_q95,8,182,160,1,1,3,0,0,2,0,0
ProtectiveStop,lstm_autoencoder_19_raw_q95,8,183,161,1,1,3,0,0,2,0,0
ProtectiveStop,lstm_autoencoder_19_raw_q95,8,184,162,1,0,3,0,0,2,0,0
ProtectiveStop,lstm_autoencoder_19_raw_q95,8,185,163,1,1,3,0,0,2,0,0
ProtectiveStop,lstm_autoencoder_19_raw_q95,8,199,176,1,0,3,0,0,2,0,0
ProtectiveStop,lstm_autoencoder_19_raw_q95,8,200,177,1,0,3,0,0,2,0,0
ProtectiveStop,lstm_autoencoder_19_raw_q97.5,8,176,154,1,0,3,0,0,2,0,0
ProtectiveStop,lstm_autoencoder_19_raw_q97.5,8,177,155,1,0,3,0,0,2,0,0
ProtectiveStop,lstm_autoencoder_19_raw_q97.5,8,178,156,1,0,3,0,0,2,0,0
ProtectiveStop,lstm_autoencoder_19_raw_q97.5,8,179,157,1,0,3,0,0,2,0,0
ProtectiveStop,lstm_autoencoder_19_raw_q97.5,8,180,158,1,0,3,0,0,2,0,0
ProtectiveStop,lstm_autoencoder_19_raw_q97.5,8,181,159,1,0,3,0,0,2,0,0
ProtectiveStop,lstm_autoencoder_19_raw_q97.5,8,182,160,1,1,3,0,0,2,0,0
ProtectiveStop,lstm_autoencoder_19_raw_q97.5,8,183,161,1,1,3,0,0,2,0,0
ProtectiveStop,lstm_autoencoder_19_raw_q97.5,8,184,162,1,0,3,0,0,2,0,0
ProtectiveStop,lstm_autoencoder_19_raw_q97.5,8,185,163,1,1,3,0,0,2,0,0
ProtectiveStop,lstm_autoencoder_19_raw_q97.5,8,199,176,1,0,3,0,0,2,0,0
ProtectiveStop,lstm_autoencoder_19_raw_q97.5,8,200,177,1,0,3,0,0,2,0,0
GripLost,lstm_autoencoder_19_raw_q90,8,176,154,1,0,3,0,0,2,0,0
GripLost,lstm_autoencoder_19_raw_q90,8,177,155,1,0,3,0,0,2,0,0
GripLost,lstm_autoencoder_19_raw_q90,8,178,156,1,0,3,0,0,2,0,0
GripLost,lstm_autoencoder_19_raw_q90,8,179,157,1,0,3,0,0,2,0,0
GripLost,lstm_autoencoder_19_raw_q90,8,180,158,1,1,3,0,0,2,0,0
GripLost,lstm_autoencoder_19_raw_q90,8,181,159,1,0,3,0,0,2,0,0
GripLost,lstm_autoencoder_19_raw_q90,8,182,160,1,0,3,0,0,2,0,0
GripLost,lstm_autoencoder_19_raw_q90,8,183,161,1,0,3,0,0,2,0,0
GripLost,lstm_autoencoder_19_raw_q90,8,184,162,1,0,3,0,0,2,0,0
GripLost,lstm_autoencoder_19_raw_q90,8,185,163,1,0,3,0,0,2,0,0
GripLost,lstm_autoencoder_19_raw_q90,8,199,176,1,0,3,0,0,2,0,0
GripLost,lstm_autoencoder_19_raw_q90,8,200,177,1,1,3,0,0,2,0,0
GripLost,lstm_autoencoder_19_raw_q95,8,176,154,1,0,3,0,0,2,0,0
GripLost,lstm_autoencoder_19_raw_q95,8,177,155,1,0,3,0,0,2,0,0
GripLost,lstm_autoencoder_19_raw_q95,8,178,156,1,0,3,0,0,2,0,0
GripLost,lstm_autoencoder_19_raw_q95,8,179,157,1,0,3,0,0,2,0,0
GripLost,lstm_autoencoder_19_raw_q95,8,180,158,1,1,3,0,0,2,0,0
GripLost,lstm_autoencoder_19_raw_q95,8,181,159,1,0,3,0,0,2,0,0
GripLost,lstm_autoencoder_19_raw_q95,8,182,160,1,0,3,0,0,2,0,0
GripLost,lstm_autoencoder_19_raw_q95,8,183,161,1,0,3,0,0,2,0,0
GripLost,lstm_autoencoder_19_raw_q95,8,184,162,1,0,3,0,0,2,0,0
GripLost,lstm_autoencoder_19_raw_q95,8,185,163,1,0,3,0,0,2,0,0
GripLost,lstm_autoencoder_19_raw_q95,8,199,176,1,0,3,0,0,2,0,0
GripLost,lstm_autoencoder_19_raw_q95,8,200,177,1,1,3,0,0,2,0,0
GripLost,lstm_autoencoder_19_raw_q97.5,8,176,154,1,0,3,0,0,2,0,0
GripLost,lstm_autoencoder_19_raw_q97.5,8,177,155,1,0,3,0,0,2,0,0
GripLost,lstm_autoencoder_19_raw_q97.5,8,178,156,1,0,3,0,0,2,0,0
GripLost,lstm_autoencoder_19_raw_q97.5,8,179,157,1,0,3,0,0,2,0,0
GripLost,lstm_autoencoder_19_raw_q97.5,8,180,158,1,1,3,0,0,2,0,0
GripLost,lstm_autoencoder_19_raw_q97.5,8,181,159,1,0,3,0,0,2,0,0
GripLost,lstm_autoencoder_19_raw_q97.5,8,182,160,1,0,3,0,0,2,0,0
GripLost,lstm_autoencoder_19_raw_q97.5,8,183,161,1,0,3,0,0,2,0,0
GripLost,lstm_autoencoder_19_raw_q97.5,8,184,162,1,0,3,0,0,2,0,0
GripLost,lstm_autoencoder_19_raw_q97.5,8,185,163,1,0,3,0,0,2,0,0
GripLost,lstm_autoencoder_19_raw_q97.5,8,199,176,1,0,3,0,0,2,0,0
GripLost,lstm_autoencoder_19_raw_q97.5,8,200,177,1,1,3,0,0,2,0,0
System_Failure,lstm_autoencoder_19_raw_q90,9,201,178,1,1,3,0,0,2,0,0
System_Failure,lstm_autoencoder_19_raw_q90,9,202,179,1,1,3,0,0,2,0,0
System_Failure,lstm_autoencoder_19_raw_q90,9,203,180,1,0,3,0,0,2,0,0
System_Failure,lstm_autoencoder_19_raw_q90,9,204,181,1,1,3,0,0,2,0,0
System_Failure,lstm_autoencoder_19_raw_q90,9,205,182,1,0,3,0,0,2,0,0
System_Failure,lstm_autoencoder_19_raw_q90,9,206,183,1,1,3,0,0,2,0,0
System_Failure,lstm_autoencoder_19_raw_q90,9,207,184,1,0,3,0,0,2,0,0
System_Failure,lstm_autoencoder_19_raw_q90,9,208,185,1,1,3,0,0,2,0,0
System_Failure,lstm_autoencoder_19_raw_q90,9,209,186,1,0,3,0,0,2,0,0
System_Failure,lstm_autoencoder_19_raw_q90,9,210,187,1,1,3,0,0,2,0,0
System_Failure,lstm_autoencoder_19_raw_q90,9,211,188,1,0,3,0,0,2,0,0
System_Failure,lstm_autoencoder_19_raw_q90,9,212,189,1,1,3,0,0,2,0,0
System_Failure,lstm_autoencoder_19_raw_q90,9,213,190,1,0,3,0,0,2,0,0
System_Failure,lstm_autoencoder_19_raw_q90,9,214,191,1,1,3,0,0,2,0,0
System_Failure,lstm_autoencoder_19_raw_q90,9,215,192,1,1,3,0,0,2,0,0
System_Failure,lstm_autoencoder_19_raw_q90,9,216,193,1,1,3,0,0,2,0,0
System_Failure,lstm_autoencoder_19_raw_q90,9,217,194,1,1,3,0,0,2,0,0
System_Failure,lstm_autoencoder_19_raw_q90,9,218,195,1,1,3,0,0,2,0,0
System_Failure,lstm_autoencoder_19_raw_q90,9,219,196,1,1,3,0,0,2,0,0
System_Failure,lstm_autoencoder_19_raw_q90,9,220,197,1,1,3,0,0,2,0,0
System_Failure,lstm_autoencoder_19_raw_q90,9,221,198,1,1,3,0,0,2,0,0
System_Failure,lstm_autoencoder_19_raw_q90,9,222,199,1,1,3,0,0,2,0,0
System_Failure,lstm_autoencoder_19_raw_q90,9,223,200,1,1,3,0,0,2,0,0
System_Failure,lstm_autoencoder_19_raw_q90,9,224,201,1,1,3,0,0,2,0,0
System_Failure,lstm_autoencoder_19_raw_q90,9,225,202,1,1,3,0,0,2,0,0
System_Failure,lstm_autoencoder_19_raw_q90,9,224,210,2,1,3,0,0,2,0,0
System_Failure,lstm_autoencoder_19_raw_q95,9,201,178,1,1,3,0,0,2,0,0
System_Failure,lstm_autoencoder_19_raw_q95,9,202,179,1,1,3,0,0,2,0,0
System_Failure,lstm_autoencoder_19_raw_q95,9,203,180,1,0,3,0,0,2,0,0
System_Failure,lstm_autoencoder_19_raw_q95,9,204,181,1,1,3,0,0,2,0,0
System_Failure,lstm_autoencoder_19_raw_q95,9,205,182,1,0,3,0,0,2,0,0
System_Failure,lstm_autoencoder_19_raw_q95,9,206,183,1,1,3,0,0,2,0,0
System_Failure,lstm_autoencoder_19_raw_q95,9,207,184,1,0,3,0,0,2,0,0
System_Failure,lstm_autoencoder_19_raw_q95,9,208,185,1,1,3,0,0,2,0,0
System_Failure,lstm_autoencoder_19_raw_q95,9,209,186,1,0,3,0,0,2,0,0
System_Failure,lstm_autoencoder_19_raw_q95,9,210,187,1,1,3,0,0,2,0,0
System_Failure,lstm_autoencoder_19_raw_q95,9,211,188,1,0,3,0,0,2,0,0
System_Failure,lstm_autoencoder_19_raw_q95,9,212,189,1,1,3,0,0,2,0,0
System_Failure,lstm_autoencoder_19_raw_q95,9,213,190,1,0,3,0,0,2,0,0
System_Failure,lstm_autoencoder_19_raw_q95,9,214,191,1,1,3,0,0,2,0,0
System_Failure,lstm_autoencoder_19_raw_q95,9,215,192,1,1,3,0,0,2,0,0
System_Failure,lstm_autoencoder_19_raw_q95,9,216,193,1,1,3,0,0,2,0,0
System_Failure,lstm_autoencoder_19_raw_q95,9,217,194,1,1,3,0,0,2,0,0
System_Failure,lstm_autoencoder_19_raw_q95,9,218,195,1,1,3,0,0,2,0,0
System_Failure,lstm_autoencoder_19_raw_q95,9,219,196,1,1,3,0,0,2,0,0
System_Failure,lstm_autoencoder_19_raw_q95,9,220,197,1,1,3,0,0,2,0,0
System_Failure,lstm_autoencoder_19_raw_q95,9,221,198,1,1,3,0,0,2,0,0
System_Failure,lstm_autoencoder_19_raw_q95,9,222,199,1,1,3,0,0,2,0,0
System_Failure,lstm_autoencoder_19_raw_q95,9,223,200,1,1,3,0,0,2,0,0
System_Failure,lstm_autoencoder_19_raw_q95,9,224,201,1,1,3,0,0,2,0,0
System_Failure,lstm_autoencoder_19_raw_q95,9,225,202,1,1,3,0,0,2,0,0
System_Failure,lstm_autoencoder_19_raw_q95,9,224,210,2,1,3,0,0,2,0,0
System_Failure,lstm_autoencoder_19_raw_q97.5,9,201,178,1,1,3,0,0,2,0,0
System_Failure,lstm_autoencoder_19_raw_q97.5,9,202,179,1,1,3,0,0,2,0,0
System_Failure,lstm_autoencoder_19_raw_q97.5,9,203,180,1,0,3,0,0,2,0,0
System_Failure,lstm_autoencoder_19_raw_q97.5,9,204,181,1,1,3,0,0,2,0,0
System_Failure,lstm_autoencoder_19_raw_q97.5,9,205,182,1,0,3,0,0,2,0,0
System_Failure,lstm_autoencoder_19_raw_q97.5,9,206,183,1,1,3,0,0,2,0,0
System_Failure,lstm_autoencoder_19_raw_q97.5,9,207,184,1,0,3,0,0,2,0,0
System_Failure,lstm_autoencoder_19_raw_q97.5,9,208,185,1,1,3,0,0,2,0,0
System_Failure,lstm_autoencoder_19_raw_q97.5,9,209,186,1,0,3,0,0,2,0,0
System_Failure,lstm_autoencoder_19_raw_q97.5,9,210,187,1,1,3,0,0,2,0,0
System_Failure,lstm_autoencoder_19_raw_q97.5,9,211,188,1,0,3,0,0,2,0,0
System_Failure,lstm_autoencoder_19_raw_q97.5,9,212,189,1,1,3,0,0,2,0,0
System_Failure,lstm_autoencoder_19_raw_q97.5,9,213,190,1,0,3,0,0,2,0,0
System_Failure,lstm_autoencoder_19_raw_q97.5,9,214,191,1,1,3,0,0,2,0,0
System_Failure,lstm_autoencoder_19_raw_q97.5,9,215,192,1,1,3,0,0,2,0,0
System_Failure,lstm_autoencoder_19_raw_q97.5,9,216,193,1,1,3,0,0,2,0,0
System_Failure,lstm_autoencoder_19_raw_q97.5,9,217,194,1,1,3,0,0,2,0,0
System_Failure,lstm_autoencoder_19_raw_q97.5,9,218,195,1,1,3,0,0,2,0,0
System_Failure,lstm_autoencoder_19_raw_q97.5,9,219,196,1,1,3,0,0,2,0,0
System_Failure,lstm_autoencoder_19_raw_q97.5,9,220,197,1,1,3,0,0,2,0,0
System_Failure,lstm_autoencoder_19_raw_q97.5,9,221,198,1,1,3,0,0,2,0,0
System_Failure,lstm_autoencoder_19_raw_q97.5,9,222,199,1,1,3,0,0,2,0,0
System_Failure,lstm_autoencoder_19_raw_q97.5,9,223,200,1,1,3,0,0,2,0,0
System_Failure,lstm_autoencoder_19_raw_q97.5,9,224,201,1,1,3,0,0,2,0,0
System_Failure,lstm_autoencoder_19_raw_q97.5,9,225,202,1,1,3,0,0,2,0,0
System_Failure,lstm_autoencoder_19_raw_q97.5,9,224,210,2,1,3,0,0,2,0,0
ProtectiveStop,lstm_autoencoder_19_raw_q90,9,201,178,1,1,3,0,0,2,0,0
ProtectiveStop,lstm_autoencoder_19_raw_q90,9,202,179,1,0,3,0,0,2,0,0
ProtectiveStop,lstm_autoencoder_19_raw_q90,9,203,180,1,0,3,0,0,2,0,0
ProtectiveStop,lstm_autoencoder_19_raw_q90,9,204,181,1,1,3,0,0,2,0,0
ProtectiveStop,lstm_autoencoder_19_raw_q90,9,205,182,1,0,3,0,0,2,0,0
ProtectiveStop,lstm_autoencoder_19_raw_q90,9,206,183,1,1,3,0,0,2,0,0
ProtectiveStop,lstm_autoencoder_19_raw_q90,9,207,184,1,0,3,0,0,2,0,0
ProtectiveStop,lstm_autoencoder_19_raw_q90,9,208,185,1,0,3,0,0,2,0,0
ProtectiveStop,lstm_autoencoder_19_raw_q90,9,209,186,1,0,3,0,0,2,0,0
ProtectiveStop,lstm_autoencoder_19_raw_q90,9,210,187,1,1,3,0,0,2,0,0
ProtectiveStop,lstm_autoencoder_19_raw_q90,9,211,188,1,0,3,0,0,2,0,0
ProtectiveStop,lstm_autoencoder_19_raw_q90,9,212,189,1,1,3,0,0,2,0,0
ProtectiveStop,lstm_autoencoder_19_raw_q90,9,213,190,1,0,3,0,0,2,0,0
ProtectiveStop,lstm_autoencoder_19_raw_q90,9,214,191,1,1,3,0,0,2,0,0
ProtectiveStop,lstm_autoencoder_19_raw_q90,9,215,192,1,1,3,0,0,2,0,0
ProtectiveStop,lstm_autoencoder_19_raw_q90,9,216,193,1,0,3,0,0,2,0,0
ProtectiveStop,lstm_autoencoder_19_raw_q90,9,217,194,1,1,3,0,0,2,0,0
ProtectiveStop,lstm_autoencoder_19_raw_q90,9,218,195,1,1,3,0,0,2,0,0
ProtectiveStop,lstm_autoencoder_19_raw_q90,9,219,196,1,1,3,0,0,2,0,0
ProtectiveStop,lstm_autoencoder_19_raw_q90,9,220,197,1,1,3,0,0,2,0,0
ProtectiveStop,lstm_autoencoder_19_raw_q90,9,221,198,1,1,3,0,0,2,0,0
ProtectiveStop,lstm_autoencoder_19_raw_q90,9,222,199,1,1,3,0,0,2,0,0
ProtectiveStop,lstm_autoencoder_19_raw_q90,9,223,200,1,1,3,0,0,2,0,0
ProtectiveStop,lstm_autoencoder_19_raw_q90,9,224,201,1,1,3,0,0,2,0,0
ProtectiveStop,lstm_autoencoder_19_raw_q90,9,225,202,1,1,3,0,0,2,0,0
ProtectiveStop,lstm_autoencoder_19_raw_q90,9,224,210,2,1,3,0,0,2,0,0
ProtectiveStop,lstm_autoencoder_19_raw_q95,9,201,178,1,1,3,0,0,2,0,0
ProtectiveStop,lstm_autoencoder_19_raw_q95,9,202,179,1,0,3,0,0,2,0,0
ProtectiveStop,lstm_autoencoder_19_raw_q95,9,203,180,1,0,3,0,0,2,0,0
ProtectiveStop,lstm_autoencoder_19_raw_q95,9,204,181,1,1,3,0,0,2,0,0
ProtectiveStop,lstm_autoencoder_19_raw_q95,9,205,182,1,0,3,0,0,2,0,0
ProtectiveStop,lstm_autoencoder_19_raw_q95,9,206,183,1,1,3,0,0,2,0,0
ProtectiveStop,lstm_autoencoder_19_raw_q95,9,207,184,1,0,3,0,0,2,0,0
ProtectiveStop,lstm_autoencoder_19_raw_q95,9,208,185,1,0,3,0,0,2,0,0
ProtectiveStop,lstm_autoencoder_19_raw_q95,9,209,186,1,0,3,0,0,2,0,0
ProtectiveStop,lstm_autoencoder_19_raw_q95,9,210,187,1,1,3,0,0,2,0,0
ProtectiveStop,lstm_autoencoder_19_raw_q95,9,211,188,1,0,3,0,0,2,0,0
ProtectiveStop,lstm_autoencoder_19_raw_q95,9,212,189,1,1,3,0,0,2,0,0
ProtectiveStop,lstm_autoencoder_19_raw_q95,9,213,190,1,0,3,0,0,2,0,0
ProtectiveStop,lstm_autoencoder_19_raw_q95,9,214,191,1,1,3,0,0,2,0,0
ProtectiveStop,lstm_autoencoder_19_raw_q95,9,215,192,1,1,3,0,0,2,0,0
ProtectiveStop,lstm_autoencoder_19_raw_q95,9,216,193,1,0,3,0,0,2,0,0
ProtectiveStop,lstm_autoencoder_19_raw_q95,9,217,194,1,1,3,0,0,2,0,0
ProtectiveStop,lstm_autoencoder_19_raw_q95,9,218,195,1,1,3,0,0,2,0,0
ProtectiveStop,lstm_autoencoder_19_raw_q95,9,219,196,1,1,3,0,0,2,0,0
ProtectiveStop,lstm_autoencoder_19_raw_q95,9,220,197,1,1,3,0,0,2,0,0
ProtectiveStop,lstm_autoencoder_19_raw_q95,9,221,198,1,1,3,0,0,2,0,0
ProtectiveStop,lstm_autoencoder_19_raw_q95,9,222,199,1,1,3,0,0,2,0,0
ProtectiveStop,lstm_autoencoder_19_raw_q95,9,223,200,1,1,3,0,0,2,0,0
ProtectiveStop,lstm_autoencoder_19_raw_q95,9,224,201,1,1,3,0,0,2,0,0
ProtectiveStop,lstm_autoencoder_19_raw_q95,9,225,202,1,1,3,0,0,2,0,0
ProtectiveStop,lstm_autoencoder_19_raw_q95,9,224,210,2,1,3,0,0,2,0,0
ProtectiveStop,lstm_autoencoder_19_raw_q97.5,9,201,178,1,1,3,0,0,2,0,0
ProtectiveStop,lstm_autoencoder_19_raw_q97.5,9,202,179,1,0,3,0,0,2,0,0
ProtectiveStop,lstm_autoencoder_19_raw_q97.5,9,203,180,1,0,3,0,0,2,0,0
ProtectiveStop,lstm_autoencoder_19_raw_q97.5,9,204,181,1,1,3,0,0,2,0,0
ProtectiveStop,lstm_autoencoder_19_raw_q97.5,9,205,182,1,0,3,0,0,2,0,0
ProtectiveStop,lstm_autoencoder_19_raw_q97.5,9,206,183,1,1,3,0,0,2,0,0
ProtectiveStop,lstm_autoencoder_19_raw_q97.5,9,207,184,1,0,3,0,0,2,0,0
ProtectiveStop,lstm_autoencoder_19_raw_q97.5,9,208,185,1,0,3,0,0,2,0,0
ProtectiveStop,lstm_autoencoder_19_raw_q97.5,9,209,186,1,0,3,0,0,2,0,0
ProtectiveStop,lstm_autoencoder_19_raw_q97.5,9,210,187,1,1,3,0,0,2,0,0
ProtectiveStop,lstm_autoencoder_19_raw_q97.5,9,211,188,1,0,3,0,0,2,0,0
ProtectiveStop,lstm_autoencoder_19_raw_q97.5,9,212,189,1,1,3,0,0,2,0,0
ProtectiveStop,lstm_autoencoder_19_raw_q97.5,9,213,190,1,0,3,0,0,2,0,0
ProtectiveStop,lstm_autoencoder_19_raw_q97.5,9,214,191,1,1,3,0,0,2,0,0
ProtectiveStop,lstm_autoencoder_19_raw_q97.5,9,215,192,1,1,3,0,0,2,0,0
ProtectiveStop,lstm_autoencoder_19_raw_q97.5,9,216,193,1,0,3,0,0,2,0,0
ProtectiveStop,lstm_autoencoder_19_raw_q97.5,9,217,194,1,1,3,0,0,2,0,0
ProtectiveStop,lstm_autoencoder_19_raw_q97.5,9,218,195,1,1,3,0,0,2,0,0
ProtectiveStop,lstm_autoencoder_19_raw_q97.5,9,219,196,1,1,3,0,0,2,0,0
ProtectiveStop,lstm_autoencoder_19_raw_q97.5,9,220,197,1,1,3,0,0,2,0,0
ProtectiveStop,lstm_autoencoder_19_raw_q97.5,9,221,198,1,1,3,0,0,2,0,0
ProtectiveStop,lstm_autoencoder_19_raw_q97.5,9,222,199,1,1,3,0,0,2,0,0
ProtectiveStop,lstm_autoencoder_19_raw_q97.5,9,223,200,1,1,3,0,0,2,0,0
ProtectiveStop,lstm_autoencoder_19_raw_q97.5,9,224,201,1,1,3,0,0,2,0,0
ProtectiveStop,lstm_autoencoder_19_raw_q97.5,9,225,202,1,1,3,0,0,2,0,0
ProtectiveStop,lstm_autoencoder_19_raw_q97.5,9,224,210,2,1,3,0,0,2,0,0
GripLost,lstm_autoencoder_19_raw_q90,9,201,178,1,0,3,0,0,2,0,0
GripLost,lstm_autoencoder_19_raw_q90,9,202,179,1,1,3,0,0,2,0,0
GripLost,lstm_autoencoder_19_raw_q90,9,203,180,1,0,3,0,0,2,0,0
GripLost,lstm_autoencoder_19_raw_q90,9,204,181,1,0,3,0,0,2,0,0
GripLost,lstm_autoencoder_19_raw_q90,9,205,182,1,0,3,0,0,2,0,0
GripLost,lstm_autoencoder_19_raw_q90,9,206,183,1,0,3,0,0,2,0,0
GripLost,lstm_autoencoder_19_raw_q90,9,207,184,1,0,3,0,0,2,0,0
GripLost,lstm_autoencoder_19_raw_q90,9,208,185,1,1,3,0,0,2,0,0
GripLost,lstm_autoencoder_19_raw_q90,9,209,186,1,0,3,0,0,2,0,0
GripLost,lstm_autoencoder_19_raw_q90,9,210,187,1,0,3,0,0,2,0,0
GripLost,lstm_autoencoder_19_raw_q90,9,211,188,1,0,3,0,0,2,0,0
GripLost,lstm_autoencoder_19_raw_q90,9,212,189,1,0,3,0,0,2,0,0
GripLost,lstm_autoencoder_19_raw_q90,9,213,190,1,0,3,0,0,2,0,0
GripLost,lstm_autoencoder_19_raw_q90,9,214,191,1,1,3,0,0,2,0,0
GripLost,lstm_autoencoder_19_raw_q90,9,215,192,1,0,3,0,0,2,0,0
GripLost,lstm_autoencoder_19_raw_q90,9,216,193,1,1,3,0,0,2,0,0
GripLost,lstm_autoencoder_19_raw_q90,9,217,194,1,0,3,0,0,2,0,0
GripLost,lstm_autoencoder_19_raw_q90,9,218,195,1,0,3,0,0,2,0,0
GripLost,lstm_autoencoder_19_raw_q90,9,219,196,1,1,3,0,0,2,0,0
GripLost,lstm_autoencoder_19_raw_q90,9,220,197,1,0,3,0,0,2,0,0
GripLost,lstm_autoencoder_19_raw_q90,9,221,198,1,1,3,0,0,2,0,0
GripLost,lstm_autoencoder_19_raw_q90,9,222,199,1,0,3,0,0,2,0,0
GripLost,lstm_autoencoder_19_raw_q90,9,223,200,1,0,3,0,0,2,0,0
GripLost,lstm_autoencoder_19_raw_q90,9,224,201,1,0,3,0,0,2,0,0
GripLost,lstm_autoencoder_19_raw_q90,9,225,202,1,0,3,0,0,2,0,0
GripLost,lstm_autoencoder_19_raw_q90,9,224,210,2,0,3,0,0,2,0,0
GripLost,lstm_autoencoder_19_raw_q95,9,201,178,1,0,3,0,0,2,0,0
GripLost,lstm_autoencoder_19_raw_q95,9,202,179,1,1,3,0,0,2,0,0
GripLost,lstm_autoencoder_19_raw_q95,9,203,180,1,0,3,0,0,2,0,0
GripLost,lstm_autoencoder_19_raw_q95,9,204,181,1,0,3,0,0,2,0,0
GripLost,lstm_autoencoder_19_raw_q95,9,205,182,1,0,3,0,0,2,0,0
GripLost,lstm_autoencoder_19_raw_q95,9,206,183,1,0,3,0,0,2,0,0
GripLost,lstm_autoencoder_19_raw_q95,9,207,184,1,0,3,0,0,2,0,0
GripLost,lstm_autoencoder_19_raw_q95,9,208,185,1,1,3,0,0,2,0,0
GripLost,lstm_autoencoder_19_raw_q95,9,209,186,1,0,3,0,0,2,0,0
GripLost,lstm_autoencoder_19_raw_q95,9,210,187,1,0,3,0,0,2,0,0
GripLost,lstm_autoencoder_19_raw_q95,9,211,188,1,0,3,0,0,2,0,0
GripLost,lstm_autoencoder_19_raw_q95,9,212,189,1,0,3,0,0,2,0,0
GripLost,lstm_autoencoder_19_raw_q95,9,213,190,1,0,3,0,0,2,0,0
GripLost,lstm_autoencoder_19_raw_q95,9,214,191,1,1,3,0,0,2,0,0
GripLost,lstm_autoencoder_19_raw_q95,9,215,192,1,0,3,0,0,2,0,0
GripLost,lstm_autoencoder_19_raw_q95,9,216,193,1,1,3,0,0,2,0,0
GripLost,lstm_autoencoder_19_raw_q95,9,217,194,1,0,3,0,0,2,0,0
GripLost,lstm_autoencoder_19_raw_q95,9,218,195,1,0,3,0,0,2,0,0
GripLost,lstm_autoencoder_19_raw_q95,9,219,196,1,1,3,0,0,2,0,0
GripLost,lstm_autoencoder_19_raw_q95,9,220,197,1,0,3,0,0,2,0,0
GripLost,lstm_autoencoder_19_raw_q95,9,221,198,1,1,3,0,0,2,0,0
GripLost,lstm_autoencoder_19_raw_q95,9,222,199,1,0,3,0,0,2,0,0
GripLost,lstm_autoencoder_19_raw_q95,9,223,200,1,0,3,0,0,2,0,0
GripLost,lstm_autoencoder_19_raw_q95,9,224,201,1,0,3,0,0,2,0,0
GripLost,lstm_autoencoder_19_raw_q95,9,225,202,1,0,3,0,0,2,0,0
GripLost,lstm_autoencoder_19_raw_q95,9,224,210,2,0,3,0,0,2,0,0
GripLost,lstm_autoencoder_19_raw_q97.5,9,201,178,1,0,3,0,0,2,0,0
GripLost,lstm_autoencoder_19_raw_q97.5,9,202,179,1,1,3,0,0,2,0,0
GripLost,lstm_autoencoder_19_raw_q97.5,9,203,180,1,0,3,0,0,2,0,0
GripLost,lstm_autoencoder_19_raw_q97.5,9,204,181,1,0,3,0,0,2,0,0
GripLost,lstm_autoencoder_19_raw_q97.5,9,205,182,1,0,3,0,0,2,0,0
GripLost,lstm_autoencoder_19_raw_q97.5,9,206,183,1,0,3,0,0,2,0,0
GripLost,lstm_autoencoder_19_raw_q97.5,9,207,184,1,0,3,0,0,2,0,0
GripLost,lstm_autoencoder_19_raw_q97.5,9,208,185,1,1,3,0,0,2,0,0
GripLost,lstm_autoencoder_19_raw_q97.5,9,209,186,1,0,3,0,0,2,0,0
GripLost,lstm_autoencoder_19_raw_q97.5,9,210,187,1,0,3,0,0,2,0,0
GripLost,lstm_autoencoder_19_raw_q97.5,9,211,188,1,0,3,0,0,2,0,0
GripLost,lstm_autoencoder_19_raw_q97.5,9,212,189,1,0,3,0,0,2,0,0
GripLost,lstm_autoencoder_19_raw_q97.5,9,213,190,1,0,3,0,0,2,0,0
GripLost,lstm_autoencoder_19_raw_q97.5,9,214,191,1,1,3,0,0,2,0,0
GripLost,lstm_autoencoder_19_raw_q97.5,9,215,192,1,0,3,0,0,2,0,0
GripLost,lstm_autoencoder_19_raw_q97.5,9,216,193,1,1,3,0,0,2,0,0
GripLost,lstm_autoencoder_19_raw_q97.5,9,217,194,1,0,3,0,0,2,0,0
GripLost,lstm_autoencoder_19_raw_q97.5,9,218,195,1,0,3,0,0,2,0,0
GripLost,lstm_autoencoder_19_raw_q97.5,9,219,196,1,1,3,0,0,2,0,0
GripLost,lstm_autoencoder_19_raw_q97.5,9,220,197,1,0,3,0,0,2,0,0
GripLost,lstm_autoencoder_19_raw_q97.5,9,221,198,1,1,3,0,0,2,0,0
GripLost,lstm_autoencoder_19_raw_q97.5,9,222,199,1,0,3,0,0,2,0,0
GripLost,lstm_autoencoder_19_raw_q97.5,9,223,200,1,0,3,0,0,2,0,0
GripLost,lstm_autoencoder_19_raw_q97.5,9,224,201,1,0,3,0,0,2,0,0
GripLost,lstm_autoencoder_19_raw_q97.5,9,225,202,1,0,3,0,0,2,0,0
GripLost,lstm_autoencoder_19_raw_q97.5,9,224,210,2,0,3,0,0,2,0,0
System_Failure,lstm_autoencoder_19_raw_q90,10,226,203,1,1,3,3,3,2,1,1
System_Failure,lstm_autoencoder_19_raw_q90,10,227,204,1,1,3,0,0,2,0,0
System_Failure,lstm_autoencoder_19_raw_q90,10,229,205,1,1,3,0,0,2,0,0
System_Failure,lstm_autoencoder_19_raw_q90,10,230,206,1,1,3,3,3,2,1,1
System_Failure,lstm_autoencoder_19_raw_q90,10,231,207,1,1,3,3,3,2,1,1
System_Failure,lstm_autoencoder_19_raw_q90,10,232,208,1,0,3,0,0,2,0,0
System_Failure,lstm_autoencoder_19_raw_q90,10,233,209,1,1,3,0,0,2,0,0
System_Failure,lstm_autoencoder_19_raw_q90,10,230,216,2,1,3,0,0,2,0,0
System_Failure,lstm_autoencoder_19_raw_q90,10,231,217,2,1,3,0,0,2,0,0
System_Failure,lstm_autoencoder_19_raw_q90,10,232,218,2,1,3,0,0,2,0,0
System_Failure,lstm_autoencoder_19_raw_q90,10,233,219,2,1,3,0,0,2,0,0
System_Failure,lstm_autoencoder_19_raw_q90,10,234,220,1,1,3,0,0,2,0,0
System_Failure,lstm_autoencoder_19_raw_q90,10,235,221,1,1,3,0,0,2,0,0
System_Failure,lstm_autoencoder_19_raw_q90,10,236,222,1,0,3,0,0,2,0,0
System_Failure,lstm_autoencoder_19_raw_q90,10,237,223,1,1,3,0,0,2,0,0
System_Failure,lstm_autoencoder_19_raw_q90,10,238,224,1,0,3,0,0,2,0,0
System_Failure,lstm_autoencoder_19_raw_q90,10,239,225,1,1,3,0,0,2,0,0
System_Failure,lstm_autoencoder_19_raw_q90,10,240,226,1,1,3,0,0,2,0,0
System_Failure,lstm_autoencoder_19_raw_q90,10,241,227,1,0,3,0,0,2,0,0
System_Failure,lstm_autoencoder_19_raw_q90,10,242,228,1,1,3,0,0,2,0,0
System_Failure,lstm_autoencoder_19_raw_q90,10,243,229,1,0,3,0,0,2,0,0
System_Failure,lstm_autoencoder_19_raw_q90,10,245,230,1,0,3,0,0,2,0,0
System_Failure,lstm_autoencoder_19_raw_q90,10,246,231,1,1,3,0,0,2,0,0
System_Failure,lstm_autoencoder_19_raw_q90,10,247,232,1,1,3,0,0,2,0,0
System_Failure,lstm_autoencoder_19_raw_q90,10,248,233,1,0,3,0,0,2,0,0
System_Failure,lstm_autoencoder_19_raw_q90,10,249,234,1,1,3,0,0,2,0,0
System_Failure,lstm_autoencoder_19_raw_q90,10,250,235,1,1,3,0,0,2,0,0
System_Failure,lstm_autoencoder_19_raw_q95,10,226,203,1,1,3,0,0,2,0,0
System_Failure,lstm_autoencoder_19_raw_q95,10,227,204,1,1,3,0,0,2,0,0
System_Failure,lstm_autoencoder_19_raw_q95,10,229,205,1,1,3,0,0,2,0,0
System_Failure,lstm_autoencoder_19_raw_q95,10,230,206,1,1,3,3,3,2,1,1
System_Failure,lstm_autoencoder_19_raw_q95,10,231,207,1,1,3,0,0,2,0,0
System_Failure,lstm_autoencoder_19_raw_q95,10,232,208,1,0,3,0,0,2,0,0
System_Failure,lstm_autoencoder_19_raw_q95,10,233,209,1,1,3,0,0,2,0,0
System_Failure,lstm_autoencoder_19_raw_q95,10,230,216,2,1,3,0,0,2,0,0
System_Failure,lstm_autoencoder_19_raw_q95,10,231,217,2,1,3,0,0,2,0,0
System_Failure,lstm_autoencoder_19_raw_q95,10,232,218,2,1,3,0,0,2,0,0
System_Failure,lstm_autoencoder_19_raw_q95,10,233,219,2,1,3,0,0,2,0,0
System_Failure,lstm_autoencoder_19_raw_q95,10,234,220,1,1,3,0,0,2,0,0
System_Failure,lstm_autoencoder_19_raw_q95,10,235,221,1,1,3,0,0,2,0,0
System_Failure,lstm_autoencoder_19_raw_q95,10,236,222,1,0,3,0,0,2,0,0
System_Failure,lstm_autoencoder_19_raw_q95,10,237,223,1,1,3,0,0,2,0,0
System_Failure,lstm_autoencoder_19_raw_q95,10,238,224,1,0,3,0,0,2,0,0
System_Failure,lstm_autoencoder_19_raw_q95,10,239,225,1,1,3,0,0,2,0,0
System_Failure,lstm_autoencoder_19_raw_q95,10,240,226,1,1,3,0,0,2,0,0
System_Failure,lstm_autoencoder_19_raw_q95,10,241,227,1,0,3,0,0,2,0,0
System_Failure,lstm_autoencoder_19_raw_q95,10,242,228,1,1,3,0,0,2,0,0
System_Failure,lstm_autoencoder_19_raw_q95,10,243,229,1,0,3,0,0,2,0,0
System_Failure,lstm_autoencoder_19_raw_q95,10,245,230,1,0,3,0,0,2,0,0
System_Failure,lstm_autoencoder_19_raw_q95,10,246,231,1,1,3,0,0,2,0,0
System_Failure,lstm_autoencoder_19_raw_q95,10,247,232,1,1,3,0,0,2,0,0
System_Failure,lstm_autoencoder_19_raw_q95,10,248,233,1,0,3,0,0,2,0,0
System_Failure,lstm_autoencoder_19_raw_q95,10,249,234,1,1,3,0,0,2,0,0
System_Failure,lstm_autoencoder_19_raw_q95,10,250,235,1,1,3,0,0,2,0,0
System_Failure,lstm_autoencoder_19_raw_q97.5,10,226,203,1,1,3,0,0,2,0,0
System_Failure,lstm_autoencoder_19_raw_q97.5,10,227,204,1,1,3,0,0,2,0,0
System_Failure,lstm_autoencoder_19_raw_q97.5,10,229,205,1,1,3,0,0,2,0,0
System_Failure,lstm_autoencoder_19_raw_q97.5,10,230,206,1,1,3,3,3,2,1,1
System_Failure,lstm_autoencoder_19_raw_q97.5,10,231,207,1,1,3,0,0,2,0,0
System_Failure,lstm_autoencoder_19_raw_q97.5,10,232,208,1,0,3,0,0,2,0,0
System_Failure,lstm_autoencoder_19_raw_q97.5,10,233,209,1,1,3,0,0,2,0,0
System_Failure,lstm_autoencoder_19_raw_q97.5,10,230,216,2,1,3,0,0,2,0,0
System_Failure,lstm_autoencoder_19_raw_q97.5,10,231,217,2,1,3,0,0,2,0,0
System_Failure,lstm_autoencoder_19_raw_q97.5,10,232,218,2,1,3,0,0,2,0,0
System_Failure,lstm_autoencoder_19_raw_q97.5,10,233,219,2,1,3,0,0,2,0,0
System_Failure,lstm_autoencoder_19_raw_q97.5,10,234,220,1,1,3,0,0,2,0,0
System_Failure,lstm_autoencoder_19_raw_q97.5,10,235,221,1,1,3,0,0,2,0,0
System_Failure,lstm_autoencoder_19_raw_q97.5,10,236,222,1,0,3,0,0,2,0,0
System_Failure,lstm_autoencoder_19_raw_q97.5,10,237,223,1,1,3,0,0,2,0,0
System_Failure,lstm_autoencoder_19_raw_q97.5,10,238,224,1,0,3,0,0,2,0,0
System_Failure,lstm_autoencoder_19_raw_q97.5,10,239,225,1,1,3,0,0,2,0,0
System_Failure,lstm_autoencoder_19_raw_q97.5,10,240,226,1,1,3,0,0,2,0,0
System_Failure,lstm_autoencoder_19_raw_q97.5,10,241,227,1,0,3,0,0,2,0,0
System_Failure,lstm_autoencoder_19_raw_q97.5,10,242,228,1,1,3,0,0,2,0,0
System_Failure,lstm_autoencoder_19_raw_q97.5,10,243,229,1,0,3,0,0,2,0,0
System_Failure,lstm_autoencoder_19_raw_q97.5,10,245,230,1,0,3,0,0,2,0,0
System_Failure,lstm_autoencoder_19_raw_q97.5,10,246,231,1,1,3,0,0,2,0,0
System_Failure,lstm_autoencoder_19_raw_q97.5,10,247,232,1,1,3,0,0,2,0,0
System_Failure,lstm_autoencoder_19_raw_q97.5,10,248,233,1,0,3,0,0,2,0,0
System_Failure,lstm_autoencoder_19_raw_q97.5,10,249,234,1,1,3,0,0,2,0,0
System_Failure,lstm_autoencoder_19_raw_q97.5,10,250,235,1,1,3,0,0,2,0,0
ProtectiveStop,lstm_autoencoder_19_raw_q90,10,226,203,1,1,3,3,3,2,1,1
ProtectiveStop,lstm_autoencoder_19_raw_q90,10,227,204,1,1,3,0,0,2,0,0
ProtectiveStop,lstm_autoencoder_19_raw_q90,10,229,205,1,1,3,0,0,2,0,0
ProtectiveStop,lstm_autoencoder_19_raw_q90,10,230,206,1,1,3,3,3,2,1,1
ProtectiveStop,lstm_autoencoder_19_raw_q90,10,231,207,1,1,3,3,3,2,1,1
ProtectiveStop,lstm_autoencoder_19_raw_q90,10,232,208,1,0,3,0,0,2,0,0
ProtectiveStop,lstm_autoencoder_19_raw_q90,10,233,209,1,1,3,0,0,2,0,0
ProtectiveStop,lstm_autoencoder_19_raw_q90,10,230,216,2,1,3,0,0,2,0,0
ProtectiveStop,lstm_autoencoder_19_raw_q90,10,231,217,2,1,3,0,0,2,0,0
ProtectiveStop,lstm_autoencoder_19_raw_q90,10,232,218,2,1,3,0,0,2,0,0
ProtectiveStop,lstm_autoencoder_19_raw_q90,10,233,219,2,0,3,0,0,2,0,0
ProtectiveStop,lstm_autoencoder_19_raw_q90,10,234,220,1,1,3,0,0,2,0,0
ProtectiveStop,lstm_autoencoder_19_raw_q90,10,235,221,1,1,3,0,0,2,0,0
ProtectiveStop,lstm_autoencoder_19_raw_q90,10,236,222,1,0,3,0,0,2,0,0
ProtectiveStop,lstm_autoencoder_19_raw_q90,10,237,223,1,1,3,0,0,2,0,0
ProtectiveStop,lstm_autoencoder_19_raw_q90,10,238,224,1,0,3,0,0,2,0,0
ProtectiveStop,lstm_autoencoder_19_raw_q90,10,239,225,1,1,3,0,0,2,0,0
ProtectiveStop,lstm_autoencoder_19_raw_q90,10,240,226,1,1,3,0,0,2,0,0
ProtectiveStop,lstm_autoencoder_19_raw_q90,10,241,227,1,0,3,0,0,2,0,0
ProtectiveStop,lstm_autoencoder_19_raw_q90,10,242,228,1,1,3,0,0,2,0,0
ProtectiveStop,lstm_autoencoder_19_raw_q90,10,243,229,1,0,3,0,0,2,0,0
ProtectiveStop,lstm_autoencoder_19_raw_q90,10,245,230,1,0,3,0,0,2,0,0
ProtectiveStop,lstm_autoencoder_19_raw_q90,10,246,231,1,1,3,0,0,2,0,0
ProtectiveStop,lstm_autoencoder_19_raw_q90,10,247,232,1,1,3,0,0,2,0,0
ProtectiveStop,lstm_autoencoder_19_raw_q90,10,248,233,1,0,3,0,0,2,0,0
ProtectiveStop,lstm_autoencoder_19_raw_q90,10,249,234,1,1,3,0,0,2,0,0
ProtectiveStop,lstm_autoencoder_19_raw_q90,10,250,235,1,1,3,0,0,2,0,0
ProtectiveStop,lstm_autoencoder_19_raw_q95,10,226,203,1,1,3,0,0,2,0,0
ProtectiveStop,lstm_autoencoder_19_raw_q95,10,227,204,1,1,3,0,0,2,0,0
ProtectiveStop,lstm_autoencoder_19_raw_q95,10,229,205,1,1,3,0,0,2,0,0
ProtectiveStop,lstm_autoencoder_19_raw_q95,10,230,206,1,1,3,3,3,2,1,1
ProtectiveStop,lstm_autoencoder_19_raw_q95,10,231,207,1,1,3,0,0,2,0,0
ProtectiveStop,lstm_autoencoder_19_raw_q95,10,232,208,1,0,3,0,0,2,0,0
ProtectiveStop,lstm_autoencoder_19_raw_q95,10,233,209,1,1,3,0,0,2,0,0
ProtectiveStop,lstm_autoencoder_19_raw_q95,10,230,216,2,1,3,0,0,2,0,0
ProtectiveStop,lstm_autoencoder_19_raw_q95,10,231,217,2,1,3,0,0,2,0,0
ProtectiveStop,lstm_autoencoder_19_raw_q95,10,232,218,2,1,3,0,0,2,0,0
ProtectiveStop,lstm_autoencoder_19_raw_q95,10,233,219,2,0,3,0,0,2,0,0
ProtectiveStop,lstm_autoencoder_19_raw_q95,10,234,220,1,1,3,0,0,2,0,0
ProtectiveStop,lstm_autoencoder_19_raw_q95,10,235,221,1,1,3,0,0,2,0,0
ProtectiveStop,lstm_autoencoder_19_raw_q95,10,236,222,1,0,3,0,0,2,0,0
ProtectiveStop,lstm_autoencoder_19_raw_q95,10,237,223,1,1,3,0,0,2,0,0
ProtectiveStop,lstm_autoencoder_19_raw_q95,10,238,224,1,0,3,0,0,2,0,0
ProtectiveStop,lstm_autoencoder_19_raw_q95,10,239,225,1,1,3,0,0,2,0,0
ProtectiveStop,lstm_autoencoder_19_raw_q95,10,240,226,1,1,3,0,0,2,0,0
ProtectiveStop,lstm_autoencoder_19_raw_q95,10,241,227,1,0,3,0,0,2,0,0
ProtectiveStop,lstm_autoencoder_19_raw_q95,10,242,228,1,1,3,0,0,2,0,0
ProtectiveStop,lstm_autoencoder_19_raw_q95,10,243,229,1,0,3,0,0,2,0,0
ProtectiveStop,lstm_autoencoder_19_raw_q95,10,245,230,1,0,3,0,0,2,0,0
ProtectiveStop,lstm_autoencoder_19_raw_q95,10,246,231,1,1,3,0,0,2,0,0
ProtectiveStop,lstm_autoencoder_19_raw_q95,10,247,232,1,1,3,0,0,2,0,0
ProtectiveStop,lstm_autoencoder_19_raw_q95,10,248,233,1,0,3,0,0,2,0,0
ProtectiveStop,lstm_autoencoder_19_raw_q95,10,249,234,1,1,3,0,0,2,0,0
ProtectiveStop,lstm_autoencoder_19_raw_q95,10,250,235,1,1,3,0,0,2,0,0
ProtectiveStop,lstm_autoencoder_19_raw_q97.5,10,226,203,1,1,3,0,0,2,0,0
ProtectiveStop,lstm_autoencoder_19_raw_q97.5,10,227,204,1,1,3,0,0,2,0,0
ProtectiveStop,lstm_autoencoder_19_raw_q97.5,10,229,205,1,1,3,0,0,2,0,0
ProtectiveStop,lstm_autoencoder_19_raw_q97.5,10,230,206,1,1,3,3,3,2,1,1
ProtectiveStop,lstm_autoencoder_19_raw_q97.5,10,231,207,1,1,3,0,0,2,0,0
ProtectiveStop,lstm_autoencoder_19_raw_q97.5,10,232,208,1,0,3,0,0,2,0,0
ProtectiveStop,lstm_autoencoder_19_raw_q97.5,10,233,209,1,1,3,0,0,2,0,0
ProtectiveStop,lstm_autoencoder_19_raw_q97.5,10,230,216,2,1,3,0,0,2,0,0
ProtectiveStop,lstm_autoencoder_19_raw_q97.5,10,231,217,2,1,3,0,0,2,0,0
ProtectiveStop,lstm_autoencoder_19_raw_q97.5,10,232,218,2,1,3,0,0,2,0,0
ProtectiveStop,lstm_autoencoder_19_raw_q97.5,10,233,219,2,0,3,0,0,2,0,0
ProtectiveStop,lstm_autoencoder_19_raw_q97.5,10,234,220,1,1,3,0,0,2,0,0
ProtectiveStop,lstm_autoencoder_19_raw_q97.5,10,235,221,1,1,3,0,0,2,0,0
ProtectiveStop,lstm_autoencoder_19_raw_q97.5,10,236,222,1,0,3,0,0,2,0,0
ProtectiveStop,lstm_autoencoder_19_raw_q97.5,10,237,223,1,1,3,0,0,2,0,0
ProtectiveStop,lstm_autoencoder_19_raw_q97.5,10,238,224,1,0,3,0,0,2,0,0
ProtectiveStop,lstm_autoencoder_19_raw_q97.5,10,239,225,1,1,3,0,0,2,0,0
ProtectiveStop,lstm_autoencoder_19_raw_q97.5,10,240,226,1,1,3,0,0,2,0,0
ProtectiveStop,lstm_autoencoder_19_raw_q97.5,10,241,227,1,0,3,0,0,2,0,0
ProtectiveStop,lstm_autoencoder_19_raw_q97.5,10,242,228,1,1,3,0,0,2,0,0
ProtectiveStop,lstm_autoencoder_19_raw_q97.5,10,243,229,1,0,3,0,0,2,0,0
ProtectiveStop,lstm_autoencoder_19_raw_q97.5,10,245,230,1,0,3,0,0,2,0,0
ProtectiveStop,lstm_autoencoder_19_raw_q97.5,10,246,231,1,1,3,0,0,2,0,0
ProtectiveStop,lstm_autoencoder_19_raw_q97.5,10,247,232,1,1,3,0,0,2,0,0
ProtectiveStop,lstm_autoencoder_19_raw_q97.5,10,248,233,1,0,3,0,0,2,0,0
ProtectiveStop,lstm_autoencoder_19_raw_q97.5,10,249,234,1,1,3,0,0,2,0,0
ProtectiveStop,lstm_autoencoder_19_raw_q97.5,10,250,235,1,1,3,0,0,2,0,0
GripLost,lstm_autoencoder_19_raw_q90,10,226,203,1,0,3,3,0,2,1,0
GripLost,lstm_autoencoder_19_raw_q90,10,227,204,1,0,3,0,0,2,0,0
GripLost,lstm_autoencoder_19_raw_q90,10,229,205,1,0,3,0,0,2,0,0
GripLost,lstm_autoencoder_19_raw_q90,10,230,206,1,0,3,3,0,2,1,0
GripLost,lstm_autoencoder_19_raw_q90,10,231,207,1,0,3,3,0,2,1,0
GripLost,lstm_autoencoder_19_raw_q90,10,232,208,1,0,3,0,0,2,0,0
GripLost,lstm_autoencoder_19_raw_q90,10,233,209,1,0,3,0,0,2,0,0
GripLost,lstm_autoencoder_19_raw_q90,10,230,216,2,0,3,0,0,2,0,0
GripLost,lstm_autoencoder_19_raw_q90,10,231,217,2,0,3,0,0,2,0,0
GripLost,lstm_autoencoder_19_raw_q90,10,232,218,2,1,3,0,0,2,0,0
GripLost,lstm_autoencoder_19_raw_q90,10,233,219,2,1,3,0,0,2,0,0
GripLost,lstm_autoencoder_19_raw_q90,10,234,220,1,1,3,0,0,2,0,0
GripLost,lstm_autoencoder_19_raw_q90,10,235,221,1,0,3,0,0,2,0,0
GripLost,lstm_autoencoder_19_raw_q90,10,236,222,1,0,3,0,0,2,0,0
GripLost,lstm_autoencoder_19_raw_q90,10,237,223,1,1,3,0,0,2,0,0
GripLost,lstm_autoencoder_19_raw_q90,10,238,224,1,0,3,0,0,2,0,0
GripLost,lstm_autoencoder_19_raw_q90,10,239,225,1,0,3,0,0,2,0,0
GripLost,lstm_autoencoder_19_raw_q90,10,240,226,1,0,3,0,0,2,0,0
GripLost,lstm_autoencoder_19_raw_q90,10,241,227,1,0,3,0,0,2,0,0
GripLost,lstm_autoencoder_19_raw_q90,10,242,228,1,0,3,0,0,2,0,0
GripLost,lstm_autoencoder_19_raw_q90,10,243,229,1,0,3,0,0,2,0,0
GripLost,lstm_autoencoder_19_raw_q90,10,245,230,1,0,3,0,0,2,0,0
GripLost,lstm_autoencoder_19_raw_q90,10,246,231,1,0,3,0,0,2,0,0
GripLost,lstm_autoencoder_19_raw_q90,10,247,232,1,1,3,0,0,2,0,0
GripLost,lstm_autoencoder_19_raw_q90,10,248,233,1,0,3,0,0,2,0,0
GripLost,lstm_autoencoder_19_raw_q90,10,249,234,1,0,3,0,0,2,0,0
GripLost,lstm_autoencoder_19_raw_q90,10,250,235,1,1,3,0,0,2,0,0
GripLost,lstm_autoencoder_19_raw_q95,10,226,203,1,0,3,0,0,2,0,0
GripLost,lstm_autoencoder_19_raw_q95,10,227,204,1,0,3,0,0,2,0,0
GripLost,lstm_autoencoder_19_raw_q95,10,229,205,1,0,3,0,0,2,0,0
GripLost,lstm_autoencoder_19_raw_q95,10,230,206,1,0,3,3,0,2,1,0
GripLost,lstm_autoencoder_19_raw_q95,10,231,207,1,0,3,0,0,2,0,0
GripLost,lstm_autoencoder_19_raw_q95,10,232,208,1,0,3,0,0,2,0,0
GripLost,lstm_autoencoder_19_raw_q95,10,233,209,1,0,3,0,0,2,0,0
GripLost,lstm_autoencoder_19_raw_q95,10,230,216,2,0,3,0,0,2,0,0
GripLost,lstm_autoencoder_19_raw_q95,10,231,217,2,0,3,0,0,2,0,0
GripLost,lstm_autoencoder_19_raw_q95,10,232,218,2,1,3,0,0,2,0,0
GripLost,lstm_autoencoder_19_raw_q95,10,233,219,2,1,3,0,0,2,0,0
GripLost,lstm_autoencoder_19_raw_q95,10,234,220,1,1,3,0,0,2,0,0
GripLost,lstm_autoencoder_19_raw_q95,10,235,221,1,0,3,0,0,2,0,0
GripLost,lstm_autoencoder_19_raw_q95,10,236,222,1,0,3,0,0,2,0,0
GripLost,lstm_autoencoder_19_raw_q95,10,237,223,1,1,3,0,0,2,0,0
GripLost,lstm_autoencoder_19_raw_q95,10,238,224,1,0,3,0,0,2,0,0
GripLost,lstm_autoencoder_19_raw_q95,10,239,225,1,0,3,0,0,2,0,0
GripLost,lstm_autoencoder_19_raw_q95,10,240,226,1,0,3,0,0,2,0,0
GripLost,lstm_autoencoder_19_raw_q95,10,241,227,1,0,3,0,0,2,0,0
GripLost,lstm_autoencoder_19_raw_q95,10,242,228,1,0,3,0,0,2,0,0
GripLost,lstm_autoencoder_19_raw_q95,10,243,229,1,0,3,0,0,2,0,0
GripLost,lstm_autoencoder_19_raw_q95,10,245,230,1,0,3,0,0,2,0,0
GripLost,lstm_autoencoder_19_raw_q95,10,246,231,1,0,3,0,0,2,0,0
GripLost,lstm_autoencoder_19_raw_q95,10,247,232,1,1,3,0,0,2,0,0
GripLost,lstm_autoencoder_19_raw_q95,10,248,233,1,0,3,0,0,2,0,0
GripLost,lstm_autoencoder_19_raw_q95,10,249,234,1,0,3,0,0,2,0,0
GripLost,lstm_autoencoder_19_raw_q95,10,250,235,1,1,3,0,0,2,0,0
GripLost,lstm_autoencoder_19_raw_q97.5,10,226,203,1,0,3,0,0,2,0,0
GripLost,lstm_autoencoder_19_raw_q97.5,10,227,204,1,0,3,0,0,2,0,0
GripLost,lstm_autoencoder_19_raw_q97.5,10,229,205,1,0,3,0,0,2,0,0
GripLost,lstm_autoencoder_19_raw_q97.5,10,230,206,1,0,3,3,0,2,1,0
GripLost,lstm_autoencoder_19_raw_q97.5,10,231,207,1,0,3,0,0,2,0,0
GripLost,lstm_autoencoder_19_raw_q97.5,10,232,208,1,0,3,0,0,2,0,0
GripLost,lstm_autoencoder_19_raw_q97.5,10,233,209,1,0,3,0,0,2,0,0
GripLost,lstm_autoencoder_19_raw_q97.5,10,230,216,2,0,3,0,0,2,0,0
GripLost,lstm_autoencoder_19_raw_q97.5,10,231,217,2,0,3,0,0,2,0,0
GripLost,lstm_autoencoder_19_raw_q97.5,10,232,218,2,1,3,0,0,2,0,0
GripLost,lstm_autoencoder_19_raw_q97.5,10,233,219,2,1,3,0,0,2,0,0
GripLost,lstm_autoencoder_19_raw_q97.5,10,234,220,1,1,3,0,0,2,0,0
GripLost,lstm_autoencoder_19_raw_q97.5,10,235,221,1,0,3,0,0,2,0,0
GripLost,lstm_autoencoder_19_raw_q97.5,10,236,222,1,0,3,0,0,2,0,0
GripLost,lstm_autoencoder_19_raw_q97.5,10,237,223,1,1,3,0,0,2,0,0
GripLost,lstm_autoencoder_19_raw_q97.5,10,238,224,1,0,3,0,0,2,0,0
GripLost,lstm_autoencoder_19_raw_q97.5,10,239,225,1,0,3,0,0,2,0,0
GripLost,lstm_autoencoder_19_raw_q97.5,10,240,226,1,0,3,0,0,2,0,0
GripLost,lstm_autoencoder_19_raw_q97.5,10,241,227,1,0,3,0,0,2,0,0
GripLost,lstm_autoencoder_19_raw_q97.5,10,242,228,1,0,3,0,0,2,0,0
GripLost,lstm_autoencoder_19_raw_q97.5,10,243,229,1,0,3,0,0,2,0,0
GripLost,lstm_autoencoder_19_raw_q97.5,10,245,230,1,0,3,0,0,2,0,0
GripLost,lstm_autoencoder_19_raw_q97.5,10,246,231,1,0,3,0,0,2,0,0
GripLost,lstm_autoencoder_19_raw_q97.5,10,247,232,1,1,3,0,0,2,0,0
GripLost,lstm_autoencoder_19_raw_q97.5,10,248,233,1,0,3,0,0,2,0,0
GripLost,lstm_autoencoder_19_raw_q97.5,10,249,234,1,0,3,0,0,2,0,0
GripLost,lstm_autoencoder_19_raw_q97.5,10,250,235,1,1,3,0,0,2,0,0
