target,variant,test_block,cycle,cycle_run,cycle_occurrence,true_event_cycle,cycle_alert,event_detected
System_Failure,all_19,1,1,1,1,1,1,1
System_Failure,all_19,1,2,2,1,1,1,1
System_Failure,all_19,1,3,3,1,0,0,0
System_Failure,all_19,1,4,4,1,0,0,0
System_Failure,all_19,1,5,5,1,1,1,1
System_Failure,all_19,1,6,6,1,1,1,1
System_Failure,all_19,1,8,8,1,0,0,0
System_Failure,all_19,1,9,9,1,0,0,0
System_Failure,all_19,1,10,10,1,0,0,0
System_Failure,all_19,1,11,11,1,0,0,0
System_Failure,all_19,1,12,12,1,0,0,0
System_Failure,all_19,1,13,13,1,0,0,0
System_Failure,all_19,1,14,14,1,1,1,1
System_Failure,all_19,1,15,15,1,1,1,1
System_Failure,all_19,1,16,16,1,0,0,0
System_Failure,all_19,1,17,17,1,0,0,0
System_Failure,all_19,1,18,18,1,0,0,0
System_Failure,all_19,1,19,19,1,0,0,0
System_Failure,all_19,1,20,20,1,0,0,0
System_Failure,all_19,1,21,21,1,0,0,0
System_Failure,all_19,1,22,22,1,1,1,1
System_Failure,all_19,1,23,23,1,0,0,0
System_Failure,all_19,1,24,24,1,0,0,0
System_Failure,all_19,1,25,25,1,0,0,0
System_Failure,all_19,2,26,26,1,0,0,0
System_Failure,all_19,2,27,27,1,0,0,0
System_Failure,all_19,2,28,28,1,0,0,0
System_Failure,all_19,2,29,29,1,0,0,0
System_Failure,all_19,2,30,30,1,0,0,0
System_Failure,all_19,2,31,31,1,0,0,0
System_Failure,all_19,2,32,32,1,0,0,0
System_Failure,all_19,2,33,33,1,0,0,0
System_Failure,all_19,2,34,34,1,0,0,0
System_Failure,all_19,2,35,35,1,1,1,1
System_Failure,all_19,2,36,36,1,1,1,1
System_Failure,all_19,2,37,37,1,0,0,0
System_Failure,all_19,2,38,38,1,0,0,0
System_Failure,all_19,2,39,39,1,1,1,1
System_Failure,all_19,2,40,40,1,1,1,1
System_Failure,all_19,2,41,41,1,0,0,0
System_Failure,all_19,2,42,42,1,1,1,1
System_Failure,all_19,2,43,43,1,0,0,0
System_Failure,all_19,2,44,44,1,0,0,0
System_Failure,all_19,2,45,45,1,0,0,0
System_Failure,all_19,2,48,48,1,0,0,0
System_Failure,all_19,2,49,49,1,0,0,0
System_Failure,all_19,2,50,50,1,0,0,0
System_Failure,all_19,3,51,51,1,0,0,0
System_Failure,all_19,3,52,52,1,0,0,0
System_Failure,all_19,3,53,53,1,1,1,1
System_Failure,all_19,3,54,54,1,0,0,0
System_Failure,all_19,3,55,55,1,0,0,0
System_Failure,all_19,3,56,56,1,0,0,0
System_Failure,all_19,3,57,57,1,0,1,0
System_Failure,all_19,3,58,58,1,0,0,0
System_Failure,all_19,3,59,59,1,0,0,0
System_Failure,all_19,3,60,60,1,0,0,0
System_Failure,all_19,3,61,61,1,0,0,0
System_Failure,all_19,3,62,62,1,0,1,0
System_Failure,all_19,3,63,63,1,1,1,1
System_Failure,all_19,3,64,64,1,1,1,1
System_Failure,all_19,3,65,65,1,1,1,1
System_Failure,all_19,3,66,66,1,0,0,0
System_Failure,all_19,3,67,67,1,1,1,1
System_Failure,all_19,3,68,68,1,0,0,0
System_Failure,all_19,3,69,69,1,1,1,1
System_Failure,all_19,3,70,70,1,0,0,0
System_Failure,all_19,3,71,71,1,0,1,0
System_Failure,all_19,3,72,72,1,0,0,0
System_Failure,all_19,3,73,73,1,0,0,0
System_Failure,all_19,3,75,74,1,0,0,0
System_Failure,all_19,4,76,75,1,1,1,1
System_Failure,all_19,4,85,84,1,0,1,0
System_Failure,all_19,4,86,85,1,1,1,1
System_Failure,all_19,4,87,86,1,1,1,1
System_Failure,all_19,4,88,87,1,0,0,0
System_Failure,all_19,4,89,88,1,0,0,0
System_Failure,all_19,4,90,89,1,0,0,0
System_Failure,all_19,4,91,90,1,1,1,1
System_Failure,all_19,4,92,91,1,1,1,1
System_Failure,all_19,4,93,92,1,0,0,0
System_Failure,all_19,4,94,93,1,0,0,0
System_Failure,all_19,4,95,94,1,1,1,1
System_Failure,all_19,4,96,95,1,1,1,1
System_Failure,all_19,4,97,96,1,1,1,1
System_Failure,all_19,4,98,97,1,0,0,0
System_Failure,all_19,4,99,98,1,1,1,1
System_Failure,all_19,4,100,99,1,0,0,0
System_Failure,all_19,5,101,100,1,0,0,0
System_Failure,all_19,5,102,101,1,0,0,0
System_Failure,all_19,5,103,102,1,1,1,1
System_Failure,all_19,5,104,103,1,0,0,0
System_Failure,all_19,5,105,104,1,1,1,1
System_Failure,all_19,5,106,105,1,0,0,0
System_Failure,all_19,5,107,106,1,0,0,0
System_Failure,all_19,5,108,107,1,1,1,1
System_Failure,all_19,5,109,108,1,0,0,0
System_Failure,all_19,5,110,109,1,0,0,0
System_Failure,all_19,5,111,110,1,0,0,0
System_Failure,all_19,5,112,111,1,0,0,0
System_Failure,all_19,5,113,112,1,0,0,0
System_Failure,all_19,5,114,113,1,0,0,0
System_Failure,all_19,5,115,114,1,1,1,1
System_Failure,all_19,5,116,115,1,0,0,0
System_Failure,all_19,5,117,116,1,1,1,1
System_Failure,all_19,5,118,117,1,1,1,1
System_Failure,all_19,5,119,118,1,0,0,0
System_Failure,all_19,5,120,119,1,0,0,0
System_Failure,all_19,5,121,120,1,0,0,0
System_Failure,all_19,5,122,121,1,0,0,0
System_Failure,all_19,5,123,122,1,0,1,0
System_Failure,all_19,5,124,123,1,0,0,0
System_Failure,all_19,5,125,124,1,0,0,0
System_Failure,all_19,7,151,129,1,0,0,0
System_Failure,all_19,7,152,130,1,1,1,1
System_Failure,all_19,7,153,131,1,0,0,0
System_Failure,all_19,7,154,132,1,0,0,0
System_Failure,all_19,7,155,133,1,0,0,0
System_Failure,all_19,7,156,134,1,0,0,0
System_Failure,all_19,7,157,135,1,0,0,0
System_Failure,all_19,7,159,137,1,1,1,1
System_Failure,all_19,7,160,138,1,1,1,1
System_Failure,all_19,7,161,139,1,0,0,0
System_Failure,all_19,7,162,140,1,0,0,0
System_Failure,all_19,7,163,141,1,1,1,1
System_Failure,all_19,7,164,142,1,1,1,1
System_Failure,all_19,7,165,143,1,0,0,0
System_Failure,all_19,7,166,144,1,0,0,0
System_Failure,all_19,7,167,145,1,0,0,0
System_Failure,all_19,7,168,146,1,0,0,0
System_Failure,all_19,7,169,147,1,0,0,0
System_Failure,all_19,7,170,148,1,1,1,1
System_Failure,all_19,7,171,149,1,0,0,0
System_Failure,all_19,7,172,150,1,0,0,0
System_Failure,all_19,7,173,151,1,1,1,1
System_Failure,all_19,7,174,152,1,1,1,1
System_Failure,all_19,7,175,153,1,1,1,1
System_Failure,all_19,8,176,154,1,0,0,0
System_Failure,all_19,8,177,155,1,0,0,0
System_Failure,all_19,8,178,156,1,0,0,0
System_Failure,all_19,8,179,157,1,0,0,0
System_Failure,all_19,8,180,158,1,1,1,1
System_Failure,all_19,8,181,159,1,0,0,0
System_Failure,all_19,8,182,160,1,1,1,1
System_Failure,all_19,8,183,161,1,1,1,1
System_Failure,all_19,8,184,162,1,0,0,0
System_Failure,all_19,8,185,163,1,1,1,1
System_Failure,all_19,8,199,176,1,0,0,0
System_Failure,all_19,8,200,177,1,1,1,1
System_Failure,all_19,9,201,178,1,1,1,1
System_Failure,all_19,9,202,179,1,1,1,1
System_Failure,all_19,9,203,180,1,0,0,0
System_Failure,all_19,9,204,181,1,1,1,1
System_Failure,all_19,9,205,182,1,0,0,0
System_Failure,all_19,9,206,183,1,1,1,1
System_Failure,all_19,9,207,184,1,0,0,0
System_Failure,all_19,9,208,185,1,1,1,1
System_Failure,all_19,9,209,186,1,0,0,0
System_Failure,all_19,9,210,187,1,1,1,1
System_Failure,all_19,9,211,188,1,0,0,0
System_Failure,all_19,9,212,189,1,1,1,1
System_Failure,all_19,9,213,190,1,0,0,0
System_Failure,all_19,9,214,191,1,1,1,1
System_Failure,all_19,9,215,192,1,1,1,1
System_Failure,all_19,9,216,193,1,1,0,0
System_Failure,all_19,9,217,194,1,1,1,1
System_Failure,all_19,9,218,195,1,1,1,1
System_Failure,all_19,9,219,196,1,1,1,1
System_Failure,all_19,9,220,197,1,1,1,1
System_Failure,all_19,9,221,198,1,1,1,1
System_Failure,all_19,9,222,199,1,1,1,1
System_Failure,all_19,9,223,200,1,1,1,1
System_Failure,all_19,9,224,201,1,1,1,1
System_Failure,all_19,9,225,202,1,1,1,1
System_Failure,all_19,9,224,210,2,1,1,1
System_Failure,all_19,10,226,203,1,1,1,1
System_Failure,all_19,10,227,204,1,1,0,0
System_Failure,all_19,10,229,205,1,1,1,1
System_Failure,all_19,10,230,206,1,1,1,1
System_Failure,all_19,10,231,207,1,1,1,1
System_Failure,all_19,10,232,208,1,0,0,0
System_Failure,all_19,10,233,209,1,1,1,1
System_Failure,all_19,10,230,216,2,1,1,1
System_Failure,all_19,10,231,217,2,1,1,1
System_Failure,all_19,10,232,218,2,1,1,1
System_Failure,all_19,10,233,219,2,1,1,1
System_Failure,all_19,10,234,220,1,1,1,1
System_Failure,all_19,10,235,221,1,1,1,1
System_Failure,all_19,10,236,222,1,0,0,0
System_Failure,all_19,10,237,223,1,1,1,1
System_Failure,all_19,10,238,224,1,0,0,0
System_Failure,all_19,10,239,225,1,1,1,1
System_Failure,all_19,10,240,226,1,1,1,1
System_Failure,all_19,10,241,227,1,0,0,0
System_Failure,all_19,10,242,228,1,1,1,1
System_Failure,all_19,10,243,229,1,0,0,0
System_Failure,all_19,10,245,230,1,0,0,0
System_Failure,all_19,10,246,231,1,1,1,1
System_Failure,all_19,10,247,232,1,1,1,1
System_Failure,all_19,10,248,233,1,0,0,0
System_Failure,all_19,10,249,234,1,1,1,1
System_Failure,all_19,10,250,235,1,1,1,1
System_Failure,current_family_only,1,1,1,1,1,1,1
System_Failure,current_family_only,1,2,2,1,1,1,1
System_Failure,current_family_only,1,3,3,1,0,0,0
System_Failure,current_family_only,1,4,4,1,0,0,0
System_Failure,current_family_only,1,5,5,1,1,1,1
System_Failure,current_family_only,1,6,6,1,1,1,1
System_Failure,current_family_only,1,8,8,1,0,0,0
System_Failure,current_family_only,1,9,9,1,0,0,0
System_Failure,current_family_only,1,10,10,1,0,0,0
System_Failure,current_family_only,1,11,11,1,0,0,0
System_Failure,current_family_only,1,12,12,1,0,0,0
System_Failure,current_family_only,1,13,13,1,0,0,0
System_Failure,current_family_only,1,14,14,1,1,1,1
System_Failure,current_family_only,1,15,15,1,1,0,0
System_Failure,current_family_only,1,16,16,1,0,0,0
System_Failure,current_family_only,1,17,17,1,0,0,0
System_Failure,current_family_only,1,18,18,1,0,0,0
System_Failure,current_family_only,1,19,19,1,0,0,0
System_Failure,current_family_only,1,20,20,1,0,0,0
System_Failure,current_family_only,1,21,21,1,0,0,0
System_Failure,current_family_only,1,22,22,1,1,1,1
System_Failure,current_family_only,1,23,23,1,0,0,0
System_Failure,current_family_only,1,24,24,1,0,0,0
System_Failure,current_family_only,1,25,25,1,0,0,0
System_Failure,current_family_only,2,26,26,1,0,0,0
System_Failure,current_family_only,2,27,27,1,0,0,0
System_Failure,current_family_only,2,28,28,1,0,0,0
System_Failure,current_family_only,2,29,29,1,0,0,0
System_Failure,current_family_only,2,30,30,1,0,0,0
System_Failure,current_family_only,2,31,31,1,0,0,0
System_Failure,current_family_only,2,32,32,1,0,0,0
System_Failure,current_family_only,2,33,33,1,0,0,0
System_Failure,current_family_only,2,34,34,1,0,1,0
System_Failure,current_family_only,2,35,35,1,1,1,1
System_Failure,current_family_only,2,36,36,1,1,1,1
System_Failure,current_family_only,2,37,37,1,0,0,0
System_Failure,current_family_only,2,38,38,1,0,0,0
System_Failure,current_family_only,2,39,39,1,1,1,1
System_Failure,current_family_only,2,40,40,1,1,1,1
System_Failure,current_family_only,2,41,41,1,0,0,0
System_Failure,current_family_only,2,42,42,1,1,1,1
System_Failure,current_family_only,2,43,43,1,0,0,0
System_Failure,current_family_only,2,44,44,1,0,0,0
System_Failure,current_family_only,2,45,45,1,0,0,0
System_Failure,current_family_only,2,48,48,1,0,0,0
System_Failure,current_family_only,2,49,49,1,0,0,0
System_Failure,current_family_only,2,50,50,1,0,0,0
System_Failure,current_family_only,3,51,51,1,0,0,0
System_Failure,current_family_only,3,52,52,1,0,0,0
System_Failure,current_family_only,3,53,53,1,1,1,1
System_Failure,current_family_only,3,54,54,1,0,0,0
System_Failure,current_family_only,3,55,55,1,0,0,0
System_Failure,current_family_only,3,56,56,1,0,0,0
System_Failure,current_family_only,3,57,57,1,0,1,0
System_Failure,current_family_only,3,58,58,1,0,0,0
System_Failure,current_family_only,3,59,59,1,0,1,0
System_Failure,current_family_only,3,60,60,1,0,0,0
System_Failure,current_family_only,3,61,61,1,0,0,0
System_Failure,current_family_only,3,62,62,1,0,1,0
System_Failure,current_family_only,3,63,63,1,1,1,1
System_Failure,current_family_only,3,64,64,1,1,1,1
System_Failure,current_family_only,3,65,65,1,1,1,1
System_Failure,current_family_only,3,66,66,1,0,0,0
System_Failure,current_family_only,3,67,67,1,1,1,1
System_Failure,current_family_only,3,68,68,1,0,0,0
System_Failure,current_family_only,3,69,69,1,1,1,1
System_Failure,current_family_only,3,70,70,1,0,0,0
System_Failure,current_family_only,3,71,71,1,0,1,0
System_Failure,current_family_only,3,72,72,1,0,0,0
System_Failure,current_family_only,3,73,73,1,0,0,0
System_Failure,current_family_only,3,75,74,1,0,0,0
System_Failure,current_family_only,4,76,75,1,1,1,1
System_Failure,current_family_only,4,85,84,1,0,1,0
System_Failure,current_family_only,4,86,85,1,1,1,1
System_Failure,current_family_only,4,87,86,1,1,1,1
System_Failure,current_family_only,4,88,87,1,0,0,0
System_Failure,current_family_only,4,89,88,1,0,0,0
System_Failure,current_family_only,4,90,89,1,0,0,0
System_Failure,current_family_only,4,91,90,1,1,1,1
System_Failure,current_family_only,4,92,91,1,1,1,1
System_Failure,current_family_only,4,93,92,1,0,0,0
System_Failure,current_family_only,4,94,93,1,0,0,0
System_Failure,current_family_only,4,95,94,1,1,1,1
System_Failure,current_family_only,4,96,95,1,1,1,1
System_Failure,current_family_only,4,97,96,1,1,1,1
System_Failure,current_family_only,4,98,97,1,0,0,0
System_Failure,current_family_only,4,99,98,1,1,1,1
System_Failure,current_family_only,4,100,99,1,0,0,0
System_Failure,current_family_only,5,101,100,1,0,0,0
System_Failure,current_family_only,5,102,101,1,0,0,0
System_Failure,current_family_only,5,103,102,1,1,1,1
System_Failure,current_family_only,5,104,103,1,0,0,0
System_Failure,current_family_only,5,105,104,1,1,1,1
System_Failure,current_family_only,5,106,105,1,0,0,0
System_Failure,current_family_only,5,107,106,1,0,0,0
System_Failure,current_family_only,5,108,107,1,1,1,1
System_Failure,current_family_only,5,109,108,1,0,0,0
System_Failure,current_family_only,5,110,109,1,0,0,0
System_Failure,current_family_only,5,111,110,1,0,1,0
System_Failure,current_family_only,5,112,111,1,0,0,0
System_Failure,current_family_only,5,113,112,1,0,0,0
System_Failure,current_family_only,5,114,113,1,0,0,0
System_Failure,current_family_only,5,115,114,1,1,1,1
System_Failure,current_family_only,5,116,115,1,0,0,0
System_Failure,current_family_only,5,117,116,1,1,1,1
System_Failure,current_family_only,5,118,117,1,1,1,1
System_Failure,current_family_only,5,119,118,1,0,0,0
System_Failure,current_family_only,5,120,119,1,0,1,0
System_Failure,current_family_only,5,121,120,1,0,0,0
System_Failure,current_family_only,5,122,121,1,0,0,0
System_Failure,current_family_only,5,123,122,1,0,0,0
System_Failure,current_family_only,5,124,123,1,0,0,0
System_Failure,current_family_only,5,125,124,1,0,0,0
System_Failure,current_family_only,7,151,129,1,0,0,0
System_Failure,current_family_only,7,152,130,1,1,1,1
System_Failure,current_family_only,7,153,131,1,0,0,0
System_Failure,current_family_only,7,154,132,1,0,0,0
System_Failure,current_family_only,7,155,133,1,0,0,0
System_Failure,current_family_only,7,156,134,1,0,0,0
System_Failure,current_family_only,7,157,135,1,0,1,0
System_Failure,current_family_only,7,159,137,1,1,1,1
System_Failure,current_family_only,7,160,138,1,1,1,1
System_Failure,current_family_only,7,161,139,1,0,0,0
System_Failure,current_family_only,7,162,140,1,0,0,0
System_Failure,current_family_only,7,163,141,1,1,1,1
System_Failure,current_family_only,7,164,142,1,1,1,1
System_Failure,current_family_only,7,165,143,1,0,0,0
System_Failure,current_family_only,7,166,144,1,0,0,0
System_Failure,current_family_only,7,167,145,1,0,0,0
System_Failure,current_family_only,7,168,146,1,0,0,0
System_Failure,current_family_only,7,169,147,1,0,0,0
System_Failure,current_family_only,7,170,148,1,1,1,1
System_Failure,current_family_only,7,171,149,1,0,0,0
System_Failure,current_family_only,7,172,150,1,0,0,0
System_Failure,current_family_only,7,173,151,1,1,1,1
System_Failure,current_family_only,7,174,152,1,1,1,1
System_Failure,current_family_only,7,175,153,1,1,1,1
System_Failure,current_family_only,8,176,154,1,0,0,0
System_Failure,current_family_only,8,177,155,1,0,0,0
System_Failure,current_family_only,8,178,156,1,0,0,0
System_Failure,current_family_only,8,179,157,1,0,0,0
System_Failure,current_family_only,8,180,158,1,1,1,1
System_Failure,current_family_only,8,181,159,1,0,0,0
System_Failure,current_family_only,8,182,160,1,1,1,1
System_Failure,current_family_only,8,183,161,1,1,1,1
System_Failure,current_family_only,8,184,162,1,0,0,0
System_Failure,current_family_only,8,185,163,1,1,1,1
System_Failure,current_family_only,8,199,176,1,0,0,0
System_Failure,current_family_only,8,200,177,1,1,1,1
System_Failure,current_family_only,9,201,178,1,1,1,1
System_Failure,current_family_only,9,202,179,1,1,1,1
System_Failure,current_family_only,9,203,180,1,0,0,0
System_Failure,current_family_only,9,204,181,1,1,1,1
System_Failure,current_family_only,9,205,182,1,0,0,0
System_Failure,current_family_only,9,206,183,1,1,1,1
System_Failure,current_family_only,9,207,184,1,0,0,0
System_Failure,current_family_only,9,208,185,1,1,1,1
System_Failure,current_family_only,9,209,186,1,0,0,0
System_Failure,current_family_only,9,210,187,1,1,1,1
System_Failure,current_family_only,9,211,188,1,0,0,0
System_Failure,current_family_only,9,212,189,1,1,1,1
System_Failure,current_family_only,9,213,190,1,0,0,0
System_Failure,current_family_only,9,214,191,1,1,1,1
System_Failure,current_family_only,9,215,192,1,1,1,0
System_Failure,current_family_only,9,216,193,1,1,1,1
System_Failure,current_family_only,9,217,194,1,1,1,1
System_Failure,current_family_only,9,218,195,1,1,1,1
System_Failure,current_family_only,9,219,196,1,1,1,1
System_Failure,current_family_only,9,220,197,1,1,1,1
System_Failure,current_family_only,9,221,198,1,1,1,1
System_Failure,current_family_only,9,222,199,1,1,1,1
System_Failure,current_family_only,9,223,200,1,1,1,1
System_Failure,current_family_only,9,224,201,1,1,1,1
System_Failure,current_family_only,9,225,202,1,1,1,1
System_Failure,current_family_only,9,224,210,2,1,1,1
System_Failure,current_family_only,10,226,203,1,1,1,1
System_Failure,current_family_only,10,227,204,1,1,1,1
System_Failure,current_family_only,10,229,205,1,1,1,1
System_Failure,current_family_only,10,230,206,1,1,1,1
System_Failure,current_family_only,10,231,207,1,1,1,1
System_Failure,current_family_only,10,232,208,1,0,0,0
System_Failure,current_family_only,10,233,209,1,1,1,1
System_Failure,current_family_only,10,230,216,2,1,1,1
System_Failure,current_family_only,10,231,217,2,1,1,1
System_Failure,current_family_only,10,232,218,2,1,1,1
System_Failure,current_family_only,10,233,219,2,1,1,1
System_Failure,current_family_only,10,234,220,1,1,1,1
System_Failure,current_family_only,10,235,221,1,1,1,1
System_Failure,current_family_only,10,236,222,1,0,0,0
System_Failure,current_family_only,10,237,223,1,1,1,1
System_Failure,current_family_only,10,238,224,1,0,1,0
System_Failure,current_family_only,10,239,225,1,1,1,1
System_Failure,current_family_only,10,240,226,1,1,1,1
System_Failure,current_family_only,10,241,227,1,0,0,0
System_Failure,current_family_only,10,242,228,1,1,1,1
System_Failure,current_family_only,10,243,229,1,0,0,0
System_Failure,current_family_only,10,245,230,1,0,0,0
System_Failure,current_family_only,10,246,231,1,1,1,1
System_Failure,current_family_only,10,247,232,1,1,1,1
System_Failure,current_family_only,10,248,233,1,0,0,0
System_Failure,current_family_only,10,249,234,1,1,1,1
System_Failure,current_family_only,10,250,235,1,1,1,1
System_Failure,joint_current_only,1,1,1,1,1,1,1
System_Failure,joint_current_only,1,2,2,1,1,1,1
System_Failure,joint_current_only,1,3,3,1,0,0,0
System_Failure,joint_current_only,1,4,4,1,0,0,0
System_Failure,joint_current_only,1,5,5,1,1,1,1
System_Failure,joint_current_only,1,6,6,1,1,1,1
System_Failure,joint_current_only,1,8,8,1,0,0,0
System_Failure,joint_current_only,1,9,9,1,0,0,0
System_Failure,joint_current_only,1,10,10,1,0,0,0
System_Failure,joint_current_only,1,11,11,1,0,0,0
System_Failure,joint_current_only,1,12,12,1,0,0,0
System_Failure,joint_current_only,1,13,13,1,0,0,0
System_Failure,joint_current_only,1,14,14,1,1,1,1
System_Failure,joint_current_only,1,15,15,1,1,1,1
System_Failure,joint_current_only,1,16,16,1,0,0,0
System_Failure,joint_current_only,1,17,17,1,0,0,0
System_Failure,joint_current_only,1,18,18,1,0,0,0
System_Failure,joint_current_only,1,19,19,1,0,0,0
System_Failure,joint_current_only,1,20,20,1,0,0,0
System_Failure,joint_current_only,1,21,21,1,0,0,0
System_Failure,joint_current_only,1,22,22,1,1,1,1
System_Failure,joint_current_only,1,23,23,1,0,0,0
System_Failure,joint_current_only,1,24,24,1,0,0,0
System_Failure,joint_current_only,1,25,25,1,0,0,0
System_Failure,joint_current_only,2,26,26,1,0,0,0
System_Failure,joint_current_only,2,27,27,1,0,0,0
System_Failure,joint_current_only,2,28,28,1,0,0,0
System_Failure,joint_current_only,2,29,29,1,0,0,0
System_Failure,joint_current_only,2,30,30,1,0,0,0
System_Failure,joint_current_only,2,31,31,1,0,0,0
System_Failure,joint_current_only,2,32,32,1,0,0,0
System_Failure,joint_current_only,2,33,33,1,0,0,0
System_Failure,joint_current_only,2,34,34,1,0,1,0
System_Failure,joint_current_only,2,35,35,1,1,1,1
System_Failure,joint_current_only,2,36,36,1,1,1,1
System_Failure,joint_current_only,2,37,37,1,0,0,0
System_Failure,joint_current_only,2,38,38,1,0,0,0
System_Failure,joint_current_only,2,39,39,1,1,1,1
System_Failure,joint_current_only,2,40,40,1,1,1,1
System_Failure,joint_current_only,2,41,41,1,0,0,0
System_Failure,joint_current_only,2,42,42,1,1,1,1
System_Failure,joint_current_only,2,43,43,1,0,0,0
System_Failure,joint_current_only,2,44,44,1,0,0,0
System_Failure,joint_current_only,2,45,45,1,0,0,0
System_Failure,joint_current_only,2,48,48,1,0,0,0
System_Failure,joint_current_only,2,49,49,1,0,0,0
System_Failure,joint_current_only,2,50,50,1,0,0,0
System_Failure,joint_current_only,3,51,51,1,0,0,0
System_Failure,joint_current_only,3,52,52,1,0,1,0
System_Failure,joint_current_only,3,53,53,1,1,1,1
System_Failure,joint_current_only,3,54,54,1,0,0,0
System_Failure,joint_current_only,3,55,55,1,0,0,0
System_Failure,joint_current_only,3,56,56,1,0,0,0
System_Failure,joint_current_only,3,57,57,1,0,1,0
System_Failure,joint_current_only,3,58,58,1,0,0,0
System_Failure,joint_current_only,3,59,59,1,0,1,0
System_Failure,joint_current_only,3,60,60,1,0,1,0
System_Failure,joint_current_only,3,61,61,1,0,0,0
System_Failure,joint_current_only,3,62,62,1,0,1,0
System_Failure,joint_current_only,3,63,63,1,1,1,1
System_Failure,joint_current_only,3,64,64,1,1,1,1
System_Failure,joint_current_only,3,65,65,1,1,1,1
System_Failure,joint_current_only,3,66,66,1,0,0,0
System_Failure,joint_current_only,3,67,67,1,1,1,1
System_Failure,joint_current_only,3,68,68,1,0,0,0
System_Failure,joint_current_only,3,69,69,1,1,1,1
System_Failure,joint_current_only,3,70,70,1,0,0,0
System_Failure,joint_current_only,3,71,71,1,0,1,0
System_Failure,joint_current_only,3,72,72,1,0,0,0
System_Failure,joint_current_only,3,73,73,1,0,0,0
System_Failure,joint_current_only,3,75,74,1,0,0,0
System_Failure,joint_current_only,4,76,75,1,1,1,1
System_Failure,joint_current_only,4,85,84,1,0,1,0
System_Failure,joint_current_only,4,86,85,1,1,1,1
System_Failure,joint_current_only,4,87,86,1,1,1,1
System_Failure,joint_current_only,4,88,87,1,0,0,0
System_Failure,joint_current_only,4,89,88,1,0,0,0
System_Failure,joint_current_only,4,90,89,1,0,0,0
System_Failure,joint_current_only,4,91,90,1,1,1,1
System_Failure,joint_current_only,4,92,91,1,1,1,1
System_Failure,joint_current_only,4,93,92,1,0,0,0
System_Failure,joint_current_only,4,94,93,1,0,0,0
System_Failure,joint_current_only,4,95,94,1,1,1,1
System_Failure,joint_current_only,4,96,95,1,1,1,1
System_Failure,joint_current_only,4,97,96,1,1,1,1
System_Failure,joint_current_only,4,98,97,1,0,0,0
System_Failure,joint_current_only,4,99,98,1,1,1,1
System_Failure,joint_current_only,4,100,99,1,0,0,0
System_Failure,joint_current_only,5,101,100,1,0,0,0
System_Failure,joint_current_only,5,102,101,1,0,0,0
System_Failure,joint_current_only,5,103,102,1,1,1,1
System_Failure,joint_current_only,5,104,103,1,0,0,0
System_Failure,joint_current_only,5,105,104,1,1,1,1
System_Failure,joint_current_only,5,106,105,1,0,0,0
System_Failure,joint_current_only,5,107,106,1,0,0,0
System_Failure,joint_current_only,5,108,107,1,1,1,1
System_Failure,joint_current_only,5,109,108,1,0,0,0
System_Failure,joint_current_only,5,110,109,1,0,0,0
System_Failure,joint_current_only,5,111,110,1,0,1,0
System_Failure,joint_current_only,5,112,111,1,0,0,0
System_Failure,joint_current_only,5,113,112,1,0,0,0
System_Failure,joint_current_only,5,114,113,1,0,0,0
System_Failure,joint_current_only,5,115,114,1,1,1,1
System_Failure,joint_current_only,5,116,115,1,0,0,0
System_Failure,joint_current_only,5,117,116,1,1,1,1
System_Failure,joint_current_only,5,118,117,1,1,1,1
System_Failure,joint_current_only,5,119,118,1,0,0,0
System_Failure,joint_current_only,5,120,119,1,0,1,0
System_Failure,joint_current_only,5,121,120,1,0,0,0
System_Failure,joint_current_only,5,122,121,1,0,0,0
System_Failure,joint_current_only,5,123,122,1,0,0,0
System_Failure,joint_current_only,5,124,123,1,0,0,0
System_Failure,joint_current_only,5,125,124,1,0,0,0
System_Failure,joint_current_only,7,151,129,1,0,0,0
System_Failure,joint_current_only,7,152,130,1,1,1,1
System_Failure,joint_current_only,7,153,131,1,0,0,0
System_Failure,joint_current_only,7,154,132,1,0,1,0
System_Failure,joint_current_only,7,155,133,1,0,0,0
System_Failure,joint_current_only,7,156,134,1,0,0,0
System_Failure,joint_current_only,7,157,135,1,0,1,0
System_Failure,joint_current_only,7,159,137,1,1,1,1
System_Failure,joint_current_only,7,160,138,1,1,1,1
System_Failure,joint_current_only,7,161,139,1,0,0,0
System_Failure,joint_current_only,7,162,140,1,0,0,0
System_Failure,joint_current_only,7,163,141,1,1,1,1
System_Failure,joint_current_only,7,164,142,1,1,1,1
System_Failure,joint_current_only,7,165,143,1,0,0,0
System_Failure,joint_current_only,7,166,144,1,0,0,0
System_Failure,joint_current_only,7,167,145,1,0,0,0
System_Failure,joint_current_only,7,168,146,1,0,0,0
System_Failure,joint_current_only,7,169,147,1,0,0,0
System_Failure,joint_current_only,7,170,148,1,1,1,1
System_Failure,joint_current_only,7,171,149,1,0,0,0
System_Failure,joint_current_only,7,172,150,1,0,0,0
System_Failure,joint_current_only,7,173,151,1,1,1,1
System_Failure,joint_current_only,7,174,152,1,1,1,1
System_Failure,joint_current_only,7,175,153,1,1,1,1
System_Failure,joint_current_only,8,176,154,1,0,0,0
System_Failure,joint_current_only,8,177,155,1,0,0,0
System_Failure,joint_current_only,8,178,156,1,0,0,0
System_Failure,joint_current_only,8,179,157,1,0,0,0
System_Failure,joint_current_only,8,180,158,1,1,1,1
System_Failure,joint_current_only,8,181,159,1,0,0,0
System_Failure,joint_current_only,8,182,160,1,1,1,1
System_Failure,joint_current_only,8,183,161,1,1,1,1
System_Failure,joint_current_only,8,184,162,1,0,0,0
System_Failure,joint_current_only,8,185,163,1,1,1,1
System_Failure,joint_current_only,8,199,176,1,0,0,0
System_Failure,joint_current_only,8,200,177,1,1,1,1
System_Failure,joint_current_only,9,201,178,1,1,1,1
System_Failure,joint_current_only,9,202,179,1,1,1,1
System_Failure,joint_current_only,9,203,180,1,0,0,0
System_Failure,joint_current_only,9,204,181,1,1,1,1
System_Failure,joint_current_only,9,205,182,1,0,0,0
System_Failure,joint_current_only,9,206,183,1,1,1,1
System_Failure,joint_current_only,9,207,184,1,0,0,0
System_Failure,joint_current_only,9,208,185,1,1,1,1
System_Failure,joint_current_only,9,209,186,1,0,0,0
System_Failure,joint_current_only,9,210,187,1,1,1,1
System_Failure,joint_current_only,9,211,188,1,0,0,0
System_Failure,joint_current_only,9,212,189,1,1,1,1
System_Failure,joint_current_only,9,213,190,1,0,0,0
System_Failure,joint_current_only,9,214,191,1,1,1,1
System_Failure,joint_current_only,9,215,192,1,1,1,0
System_Failure,joint_current_only,9,216,193,1,1,1,1
System_Failure,joint_current_only,9,217,194,1,1,1,1
System_Failure,joint_current_only,9,218,195,1,1,1,1
System_Failure,joint_current_only,9,219,196,1,1,1,1
System_Failure,joint_current_only,9,220,197,1,1,1,1
System_Failure,joint_current_only,9,221,198,1,1,1,1
System_Failure,joint_current_only,9,222,199,1,1,1,1
System_Failure,joint_current_only,9,223,200,1,1,1,1
System_Failure,joint_current_only,9,224,201,1,1,1,1
System_Failure,joint_current_only,9,225,202,1,1,1,1
System_Failure,joint_current_only,9,224,210,2,1,1,1
System_Failure,joint_current_only,10,226,203,1,1,1,1
System_Failure,joint_current_only,10,227,204,1,1,1,1
System_Failure,joint_current_only,10,229,205,1,1,1,1
System_Failure,joint_current_only,10,230,206,1,1,1,1
System_Failure,joint_current_only,10,231,207,1,1,1,1
System_Failure,joint_current_only,10,232,208,1,0,0,0
System_Failure,joint_current_only,10,233,209,1,1,1,1
System_Failure,joint_current_only,10,230,216,2,1,1,1
System_Failure,joint_current_only,10,231,217,2,1,1,1
System_Failure,joint_current_only,10,232,218,2,1,1,1
System_Failure,joint_current_only,10,233,219,2,1,1,1
System_Failure,joint_current_only,10,234,220,1,1,1,1
System_Failure,joint_current_only,10,235,221,1,1,1,1
System_Failure,joint_current_only,10,236,222,1,0,0,0
System_Failure,joint_current_only,10,237,223,1,1,1,1
System_Failure,joint_current_only,10,238,224,1,0,1,0
System_Failure,joint_current_only,10,239,225,1,1,1,1
System_Failure,joint_current_only,10,240,226,1,1,1,1
System_Failure,joint_current_only,10,241,227,1,0,1,0
System_Failure,joint_current_only,10,242,228,1,1,1,1
System_Failure,joint_current_only,10,243,229,1,0,0,0
System_Failure,joint_current_only,10,245,230,1,0,0,0
System_Failure,joint_current_only,10,246,231,1,1,1,1
System_Failure,joint_current_only,10,247,232,1,1,1,1
System_Failure,joint_current_only,10,248,233,1,0,0,0
System_Failure,joint_current_only,10,249,234,1,1,1,1
System_Failure,joint_current_only,10,250,235,1,1,1,1
System_Failure,tool_current_only,1,1,1,1,1,1,1
System_Failure,tool_current_only,1,2,2,1,1,1,1
System_Failure,tool_current_only,1,3,3,1,0,1,0
System_Failure,tool_current_only,1,4,4,1,0,1,0
System_Failure,tool_current_only,1,5,5,1,1,1,1
System_Failure,tool_current_only,1,6,6,1,1,1,1
System_Failure,tool_current_only,1,8,8,1,0,1,0
System_Failure,tool_current_only,1,9,9,1,0,1,0
System_Failure,tool_current_only,1,10,10,1,0,0,0
System_Failure,tool_current_only,1,11,11,1,0,1,0
System_Failure,tool_current_only,1,12,12,1,0,1,0
System_Failure,tool_current_only,1,13,13,1,0,1,0
System_Failure,tool_current_only,1,14,14,1,1,0,0
System_Failure,tool_current_only,1,15,15,1,1,1,1
System_Failure,tool_current_only,1,16,16,1,0,1,0
System_Failure,tool_current_only,1,17,17,1,0,1,0
System_Failure,tool_current_only,1,18,18,1,0,1,0
System_Failure,tool_current_only,1,19,19,1,0,1,0
System_Failure,tool_current_only,1,20,20,1,0,1,0
System_Failure,tool_current_only,1,21,21,1,0,1,0
System_Failure,tool_current_only,1,22,22,1,1,1,1
System_Failure,tool_current_only,1,23,23,1,0,1,0
System_Failure,tool_current_only,1,24,24,1,0,1,0
System_Failure,tool_current_only,1,25,25,1,0,1,0
System_Failure,tool_current_only,2,26,26,1,0,1,0
System_Failure,tool_current_only,2,27,27,1,0,1,0
System_Failure,tool_current_only,2,28,28,1,0,0,0
System_Failure,tool_current_only,2,29,29,1,0,1,0
System_Failure,tool_current_only,2,30,30,1,0,1,0
System_Failure,tool_current_only,2,31,31,1,0,1,0
System_Failure,tool_current_only,2,32,32,1,0,1,0
System_Failure,tool_current_only,2,33,33,1,0,1,0
System_Failure,tool_current_only,2,34,34,1,0,1,0
System_Failure,tool_current_only,2,35,35,1,1,1,1
System_Failure,tool_current_only,2,36,36,1,1,1,0
System_Failure,tool_current_only,2,37,37,1,0,1,0
System_Failure,tool_current_only,2,38,38,1,0,1,0
System_Failure,tool_current_only,2,39,39,1,1,1,1
System_Failure,tool_current_only,2,40,40,1,1,1,1
System_Failure,tool_current_only,2,41,41,1,0,1,0
System_Failure,tool_current_only,2,42,42,1,1,1,1
System_Failure,tool_current_only,2,43,43,1,0,1,0
System_Failure,tool_current_only,2,44,44,1,0,1,0
System_Failure,tool_current_only,2,45,45,1,0,1,0
System_Failure,tool_current_only,2,48,48,1,0,1,0
System_Failure,tool_current_only,2,49,49,1,0,1,0
System_Failure,tool_current_only,2,50,50,1,0,1,0
System_Failure,tool_current_only,3,51,51,1,0,1,0
System_Failure,tool_current_only,3,52,52,1,0,1,0
System_Failure,tool_current_only,3,53,53,1,1,1,1
System_Failure,tool_current_only,3,54,54,1,0,1,0
System_Failure,tool_current_only,3,55,55,1,0,1,0
System_Failure,tool_current_only,3,56,56,1,0,1,0
System_Failure,tool_current_only,3,57,57,1,0,1,0
System_Failure,tool_current_only,3,58,58,1,0,1,0
System_Failure,tool_current_only,3,59,59,1,0,0,0
System_Failure,tool_current_only,3,60,60,1,0,1,0
System_Failure,tool_current_only,3,61,61,1,0,1,0
System_Failure,tool_current_only,3,62,62,1,0,1,0
System_Failure,tool_current_only,3,63,63,1,1,1,1
System_Failure,tool_current_only,3,64,64,1,1,1,1
System_Failure,tool_current_only,3,65,65,1,1,1,1
System_Failure,tool_current_only,3,66,66,1,0,1,0
System_Failure,tool_current_only,3,67,67,1,1,1,0
System_Failure,tool_current_only,3,68,68,1,0,0,0
System_Failure,tool_current_only,3,69,69,1,1,1,1
System_Failure,tool_current_only,3,70,70,1,0,1,0
System_Failure,tool_current_only,3,71,71,1,0,1,0
System_Failure,tool_current_only,3,72,72,1,0,1,0
System_Failure,tool_current_only,3,73,73,1,0,1,0
System_Failure,tool_current_only,3,75,74,1,0,1,0
System_Failure,tool_current_only,4,76,75,1,1,1,1
System_Failure,tool_current_only,4,85,84,1,0,0,0
System_Failure,tool_current_only,4,86,85,1,1,1,1
System_Failure,tool_current_only,4,87,86,1,1,1,1
System_Failure,tool_current_only,4,88,87,1,0,1,0
System_Failure,tool_current_only,4,89,88,1,0,1,0
System_Failure,tool_current_only,4,90,89,1,0,1,0
System_Failure,tool_current_only,4,91,90,1,1,1,0
System_Failure,tool_current_only,4,92,91,1,1,1,1
System_Failure,tool_current_only,4,93,92,1,0,1,0
System_Failure,tool_current_only,4,94,93,1,0,1,0
System_Failure,tool_current_only,4,95,94,1,1,1,1
System_Failure,tool_current_only,4,96,95,1,1,1,1
System_Failure,tool_current_only,4,97,96,1,1,1,1
System_Failure,tool_current_only,4,98,97,1,0,1,0
System_Failure,tool_current_only,4,99,98,1,1,1,1
System_Failure,tool_current_only,4,100,99,1,0,1,0
System_Failure,tool_current_only,5,101,100,1,0,1,0
System_Failure,tool_current_only,5,102,101,1,0,1,0
System_Failure,tool_current_only,5,103,102,1,1,1,1
System_Failure,tool_current_only,5,104,103,1,0,0,0
System_Failure,tool_current_only,5,105,104,1,1,1,1
System_Failure,tool_current_only,5,106,105,1,0,1,0
System_Failure,tool_current_only,5,107,106,1,0,1,0
System_Failure,tool_current_only,5,108,107,1,1,1,1
System_Failure,tool_current_only,5,109,108,1,0,1,0
System_Failure,tool_current_only,5,110,109,1,0,1,0
System_Failure,tool_current_only,5,111,110,1,0,1,0
System_Failure,tool_current_only,5,112,111,1,0,1,0
System_Failure,tool_current_only,5,113,112,1,0,0,0
System_Failure,tool_current_only,5,114,113,1,0,1,0
System_Failure,tool_current_only,5,115,114,1,1,1,1
System_Failure,tool_current_only,5,116,115,1,0,1,0
System_Failure,tool_current_only,5,117,116,1,1,1,0
System_Failure,tool_current_only,5,118,117,1,1,1,1
System_Failure,tool_current_only,5,119,118,1,0,1,0
System_Failure,tool_current_only,5,120,119,1,0,1,0
System_Failure,tool_current_only,5,121,120,1,0,1,0
System_Failure,tool_current_only,5,122,121,1,0,1,0
System_Failure,tool_current_only,5,123,122,1,0,1,0
System_Failure,tool_current_only,5,124,123,1,0,1,0
System_Failure,tool_current_only,5,125,124,1,0,1,0
System_Failure,tool_current_only,7,151,129,1,0,1,0
System_Failure,tool_current_only,7,152,130,1,1,1,1
System_Failure,tool_current_only,7,153,131,1,0,1,0
System_Failure,tool_current_only,7,154,132,1,0,1,0
System_Failure,tool_current_only,7,155,133,1,0,1,0
System_Failure,tool_current_only,7,156,134,1,0,1,0
System_Failure,tool_current_only,7,157,135,1,0,1,0
System_Failure,tool_current_only,7,159,137,1,1,1,1
System_Failure,tool_current_only,7,160,138,1,1,0,0
System_Failure,tool_current_only,7,161,139,1,0,1,0
System_Failure,tool_current_only,7,162,140,1,0,1,0
System_Failure,tool_current_only,7,163,141,1,1,1,0
System_Failure,tool_current_only,7,164,142,1,1,0,0
System_Failure,tool_current_only,7,165,143,1,0,0,0
System_Failure,tool_current_only,7,166,144,1,0,1,0
System_Failure,tool_current_only,7,167,145,1,0,1,0
System_Failure,tool_current_only,7,168,146,1,0,0,0
System_Failure,tool_current_only,7,169,147,1,0,1,0
System_Failure,tool_current_only,7,170,148,1,1,1,0
System_Failure,tool_current_only,7,171,149,1,0,1,0
System_Failure,tool_current_only,7,172,150,1,0,1,0
System_Failure,tool_current_only,7,173,151,1,1,1,1
System_Failure,tool_current_only,7,174,152,1,1,1,1
System_Failure,tool_current_only,7,175,153,1,1,1,1
System_Failure,tool_current_only,8,176,154,1,0,1,0
System_Failure,tool_current_only,8,177,155,1,0,1,0
System_Failure,tool_current_only,8,178,156,1,0,1,0
System_Failure,tool_current_only,8,179,157,1,0,0,0
System_Failure,tool_current_only,8,180,158,1,1,0,0
System_Failure,tool_current_only,8,181,159,1,0,1,0
System_Failure,tool_current_only,8,182,160,1,1,1,1
System_Failure,tool_current_only,8,183,161,1,1,1,1
System_Failure,tool_current_only,8,184,162,1,0,1,0
System_Failure,tool_current_only,8,185,163,1,1,1,1
System_Failure,tool_current_only,8,199,176,1,0,0,0
System_Failure,tool_current_only,8,200,177,1,1,1,1
System_Failure,tool_current_only,9,201,178,1,1,1,1
System_Failure,tool_current_only,9,202,179,1,1,1,0
System_Failure,tool_current_only,9,203,180,1,0,1,0
System_Failure,tool_current_only,9,204,181,1,1,1,1
System_Failure,tool_current_only,9,205,182,1,0,0,0
System_Failure,tool_current_only,9,206,183,1,1,1,1
System_Failure,tool_current_only,9,207,184,1,0,1,0
System_Failure,tool_current_only,9,208,185,1,1,1,1
System_Failure,tool_current_only,9,209,186,1,0,1,0
System_Failure,tool_current_only,9,210,187,1,1,1,1
System_Failure,tool_current_only,9,211,188,1,0,1,0
System_Failure,tool_current_only,9,212,189,1,1,0,0
System_Failure,tool_current_only,9,213,190,1,0,1,0
System_Failure,tool_current_only,9,214,191,1,1,1,1
System_Failure,tool_current_only,9,215,192,1,1,1,1
System_Failure,tool_current_only,9,216,193,1,1,1,1
System_Failure,tool_current_only,9,217,194,1,1,1,0
System_Failure,tool_current_only,9,218,195,1,1,1,1
System_Failure,tool_current_only,9,219,196,1,1,1,1
System_Failure,tool_current_only,9,220,197,1,1,1,0
System_Failure,tool_current_only,9,221,198,1,1,1,1
System_Failure,tool_current_only,9,222,199,1,1,1,0
System_Failure,tool_current_only,9,223,200,1,1,1,0
System_Failure,tool_current_only,9,224,201,1,1,1,1
System_Failure,tool_current_only,9,225,202,1,1,1,1
System_Failure,tool_current_only,9,224,210,2,1,1,1
System_Failure,tool_current_only,10,226,203,1,1,1,1
System_Failure,tool_current_only,10,227,204,1,1,1,1
System_Failure,tool_current_only,10,229,205,1,1,1,1
System_Failure,tool_current_only,10,230,206,1,1,1,1
System_Failure,tool_current_only,10,231,207,1,1,1,1
System_Failure,tool_current_only,10,232,208,1,0,0,0
System_Failure,tool_current_only,10,233,209,1,1,1,1
System_Failure,tool_current_only,10,230,216,2,1,1,1
System_Failure,tool_current_only,10,231,217,2,1,1,1
System_Failure,tool_current_only,10,232,218,2,1,1,1
System_Failure,tool_current_only,10,233,219,2,1,1,1
System_Failure,tool_current_only,10,234,220,1,1,1,1
System_Failure,tool_current_only,10,235,221,1,1,1,1
System_Failure,tool_current_only,10,236,222,1,0,1,0
System_Failure,tool_current_only,10,237,223,1,1,1,1
System_Failure,tool_current_only,10,238,224,1,0,1,0
System_Failure,tool_current_only,10,239,225,1,1,1,1
System_Failure,tool_current_only,10,240,226,1,1,1,1
System_Failure,tool_current_only,10,241,227,1,0,0,0
System_Failure,tool_current_only,10,242,228,1,1,1,0
System_Failure,tool_current_only,10,243,229,1,0,0,0
System_Failure,tool_current_only,10,245,230,1,0,1,0
System_Failure,tool_current_only,10,246,231,1,1,1,1
System_Failure,tool_current_only,10,247,232,1,1,1,1
System_Failure,tool_current_only,10,248,233,1,0,1,0
System_Failure,tool_current_only,10,249,234,1,1,1,1
System_Failure,tool_current_only,10,250,235,1,1,1,1
System_Failure,speed_only,1,1,1,1,1,1,1
System_Failure,speed_only,1,2,2,1,1,1,1
System_Failure,speed_only,1,3,3,1,0,1,0
System_Failure,speed_only,1,4,4,1,0,0,0
System_Failure,speed_only,1,5,5,1,1,1,1
System_Failure,speed_only,1,6,6,1,1,1,1
System_Failure,speed_only,1,8,8,1,0,0,0
System_Failure,speed_only,1,9,9,1,0,0,0
System_Failure,speed_only,1,10,10,1,0,1,0
System_Failure,speed_only,1,11,11,1,0,0,0
System_Failure,speed_only,1,12,12,1,0,0,0
System_Failure,speed_only,1,13,13,1,0,1,0
System_Failure,speed_only,1,14,14,1,1,1,1
System_Failure,speed_only,1,15,15,1,1,1,1
System_Failure,speed_only,1,16,16,1,0,1,0
System_Failure,speed_only,1,17,17,1,0,1,0
System_Failure,speed_only,1,18,18,1,0,0,0
System_Failure,speed_only,1,19,19,1,0,0,0
System_Failure,speed_only,1,20,20,1,0,0,0
System_Failure,speed_only,1,21,21,1,0,0,0
System_Failure,speed_only,1,22,22,1,1,1,1
System_Failure,speed_only,1,23,23,1,0,0,0
System_Failure,speed_only,1,24,24,1,0,0,0
System_Failure,speed_only,1,25,25,1,0,0,0
System_Failure,speed_only,2,26,26,1,0,0,0
System_Failure,speed_only,2,27,27,1,0,0,0
System_Failure,speed_only,2,28,28,1,0,0,0
System_Failure,speed_only,2,29,29,1,0,0,0
System_Failure,speed_only,2,30,30,1,0,0,0
System_Failure,speed_only,2,31,31,1,0,0,0
System_Failure,speed_only,2,32,32,1,0,0,0
System_Failure,speed_only,2,33,33,1,0,1,0
System_Failure,speed_only,2,34,34,1,0,0,0
System_Failure,speed_only,2,35,35,1,1,1,1
System_Failure,speed_only,2,36,36,1,1,1,1
System_Failure,speed_only,2,37,37,1,0,0,0
System_Failure,speed_only,2,38,38,1,0,0,0
System_Failure,speed_only,2,39,39,1,1,1,1
System_Failure,speed_only,2,40,40,1,1,1,1
System_Failure,speed_only,2,41,41,1,0,0,0
System_Failure,speed_only,2,42,42,1,1,1,1
System_Failure,speed_only,2,43,43,1,0,0,0
System_Failure,speed_only,2,44,44,1,0,0,0
System_Failure,speed_only,2,45,45,1,0,1,0
System_Failure,speed_only,2,48,48,1,0,0,0
System_Failure,speed_only,2,49,49,1,0,1,0
System_Failure,speed_only,2,50,50,1,0,0,0
System_Failure,speed_only,3,51,51,1,0,0,0
System_Failure,speed_only,3,52,52,1,0,1,0
System_Failure,speed_only,3,53,53,1,1,1,1
System_Failure,speed_only,3,54,54,1,0,0,0
System_Failure,speed_only,3,55,55,1,0,0,0
System_Failure,speed_only,3,56,56,1,0,0,0
System_Failure,speed_only,3,57,57,1,0,1,0
System_Failure,speed_only,3,58,58,1,0,0,0
System_Failure,speed_only,3,59,59,1,0,0,0
System_Failure,speed_only,3,60,60,1,0,0,0
System_Failure,speed_only,3,61,61,1,0,0,0
System_Failure,speed_only,3,62,62,1,0,1,0
System_Failure,speed_only,3,63,63,1,1,1,1
System_Failure,speed_only,3,64,64,1,1,1,1
System_Failure,speed_only,3,65,65,1,1,1,1
System_Failure,speed_only,3,66,66,1,0,1,0
System_Failure,speed_only,3,67,67,1,1,1,1
System_Failure,speed_only,3,68,68,1,0,0,0
System_Failure,speed_only,3,69,69,1,1,1,1
System_Failure,speed_only,3,70,70,1,0,0,0
System_Failure,speed_only,3,71,71,1,0,1,0
System_Failure,speed_only,3,72,72,1,0,0,0
System_Failure,speed_only,3,73,73,1,0,1,0
System_Failure,speed_only,3,75,74,1,0,1,0
System_Failure,speed_only,4,76,75,1,1,0,0
System_Failure,speed_only,4,85,84,1,0,1,0
System_Failure,speed_only,4,86,85,1,1,1,1
System_Failure,speed_only,4,87,86,1,1,1,1
System_Failure,speed_only,4,88,87,1,0,0,0
System_Failure,speed_only,4,89,88,1,0,0,0
System_Failure,speed_only,4,90,89,1,0,0,0
System_Failure,speed_only,4,91,90,1,1,1,1
System_Failure,speed_only,4,92,91,1,1,1,1
System_Failure,speed_only,4,93,92,1,0,0,0
System_Failure,speed_only,4,94,93,1,0,0,0
System_Failure,speed_only,4,95,94,1,1,1,1
System_Failure,speed_only,4,96,95,1,1,1,1
System_Failure,speed_only,4,97,96,1,1,1,1
System_Failure,speed_only,4,98,97,1,0,0,0
System_Failure,speed_only,4,99,98,1,1,1,1
System_Failure,speed_only,4,100,99,1,0,1,0
System_Failure,speed_only,5,101,100,1,0,0,0
System_Failure,speed_only,5,102,101,1,0,0,0
System_Failure,speed_only,5,103,102,1,1,1,1
System_Failure,speed_only,5,104,103,1,0,0,0
System_Failure,speed_only,5,105,104,1,1,1,1
System_Failure,speed_only,5,106,105,1,0,0,0
System_Failure,speed_only,5,107,106,1,0,0,0
System_Failure,speed_only,5,108,107,1,1,1,1
System_Failure,speed_only,5,109,108,1,0,0,0
System_Failure,speed_only,5,110,109,1,0,1,0
System_Failure,speed_only,5,111,110,1,0,0,0
System_Failure,speed_only,5,112,111,1,0,0,0
System_Failure,speed_only,5,113,112,1,0,0,0
System_Failure,speed_only,5,114,113,1,0,0,0
System_Failure,speed_only,5,115,114,1,1,1,1
System_Failure,speed_only,5,116,115,1,0,0,0
System_Failure,speed_only,5,117,116,1,1,1,1
System_Failure,speed_only,5,118,117,1,1,1,1
System_Failure,speed_only,5,119,118,1,0,0,0
System_Failure,speed_only,5,120,119,1,0,1,0
System_Failure,speed_only,5,121,120,1,0,0,0
System_Failure,speed_only,5,122,121,1,0,0,0
System_Failure,speed_only,5,123,122,1,0,1,0
System_Failure,speed_only,5,124,123,1,0,0,0
System_Failure,speed_only,5,125,124,1,0,0,0
System_Failure,speed_only,7,151,129,1,0,0,0
System_Failure,speed_only,7,152,130,1,1,1,1
System_Failure,speed_only,7,153,131,1,0,0,0
System_Failure,speed_only,7,154,132,1,0,0,0
System_Failure,speed_only,7,155,133,1,0,1,0
System_Failure,speed_only,7,156,134,1,0,0,0
System_Failure,speed_only,7,157,135,1,0,0,0
System_Failure,speed_only,7,159,137,1,1,1,1
System_Failure,speed_only,7,160,138,1,1,1,1
System_Failure,speed_only,7,161,139,1,0,0,0
System_Failure,speed_only,7,162,140,1,0,0,0
System_Failure,speed_only,7,163,141,1,1,1,1
System_Failure,speed_only,7,164,142,1,1,1,1
System_Failure,speed_only,7,165,143,1,0,0,0
System_Failure,speed_only,7,166,144,1,0,0,0
System_Failure,speed_only,7,167,145,1,0,1,0
System_Failure,speed_only,7,168,146,1,0,1,0
System_Failure,speed_only,7,169,147,1,0,1,0
System_Failure,speed_only,7,170,148,1,1,1,1
System_Failure,speed_only,7,171,149,1,0,0,0
System_Failure,speed_only,7,172,150,1,0,0,0
System_Failure,speed_only,7,173,151,1,1,1,1
System_Failure,speed_only,7,174,152,1,1,1,1
System_Failure,speed_only,7,175,153,1,1,1,1
System_Failure,speed_only,8,176,154,1,0,0,0
System_Failure,speed_only,8,177,155,1,0,0,0
System_Failure,speed_only,8,178,156,1,0,1,0
System_Failure,speed_only,8,179,157,1,0,0,0
System_Failure,speed_only,8,180,158,1,1,1,1
System_Failure,speed_only,8,181,159,1,0,0,0
System_Failure,speed_only,8,182,160,1,1,1,1
System_Failure,speed_only,8,183,161,1,1,1,1
System_Failure,speed_only,8,184,162,1,0,0,0
System_Failure,speed_only,8,185,163,1,1,1,1
System_Failure,speed_only,8,199,176,1,0,0,0
System_Failure,speed_only,8,200,177,1,1,1,1
System_Failure,speed_only,9,201,178,1,1,1,1
System_Failure,speed_only,9,202,179,1,1,1,1
System_Failure,speed_only,9,203,180,1,0,0,0
System_Failure,speed_only,9,204,181,1,1,1,1
System_Failure,speed_only,9,205,182,1,0,0,0
System_Failure,speed_only,9,206,183,1,1,1,1
System_Failure,speed_only,9,207,184,1,0,0,0
System_Failure,speed_only,9,208,185,1,1,1,1
System_Failure,speed_only,9,209,186,1,0,0,0
System_Failure,speed_only,9,210,187,1,1,1,1
System_Failure,speed_only,9,211,188,1,0,0,0
System_Failure,speed_only,9,212,189,1,1,1,1
System_Failure,speed_only,9,213,190,1,0,0,0
System_Failure,speed_only,9,214,191,1,1,1,1
System_Failure,speed_only,9,215,192,1,1,1,1
System_Failure,speed_only,9,216,193,1,1,0,0
System_Failure,speed_only,9,217,194,1,1,1,1
System_Failure,speed_only,9,218,195,1,1,1,1
System_Failure,speed_only,9,219,196,1,1,1,1
System_Failure,speed_only,9,220,197,1,1,1,1
System_Failure,speed_only,9,221,198,1,1,1,1
System_Failure,speed_only,9,222,199,1,1,1,1
System_Failure,speed_only,9,223,200,1,1,1,1
System_Failure,speed_only,9,224,201,1,1,1,1
System_Failure,speed_only,9,225,202,1,1,1,1
System_Failure,speed_only,9,224,210,2,1,1,1
System_Failure,speed_only,10,226,203,1,1,1,1
System_Failure,speed_only,10,227,204,1,1,1,1
System_Failure,speed_only,10,229,205,1,1,1,1
System_Failure,speed_only,10,230,206,1,1,1,1
System_Failure,speed_only,10,231,207,1,1,1,1
System_Failure,speed_only,10,232,208,1,0,0,0
System_Failure,speed_only,10,233,209,1,1,1,1
System_Failure,speed_only,10,230,216,2,1,1,1
System_Failure,speed_only,10,231,217,2,1,1,1
System_Failure,speed_only,10,232,218,2,1,1,1
System_Failure,speed_only,10,233,219,2,1,1,1
System_Failure,speed_only,10,234,220,1,1,1,1
System_Failure,speed_only,10,235,221,1,1,1,1
System_Failure,speed_only,10,236,222,1,0,1,0
System_Failure,speed_only,10,237,223,1,1,1,1
System_Failure,speed_only,10,238,224,1,0,0,0
System_Failure,speed_only,10,239,225,1,1,1,1
System_Failure,speed_only,10,240,226,1,1,1,1
System_Failure,speed_only,10,241,227,1,0,0,0
System_Failure,speed_only,10,242,228,1,1,1,1
System_Failure,speed_only,10,243,229,1,0,1,0
System_Failure,speed_only,10,245,230,1,0,0,0
System_Failure,speed_only,10,246,231,1,1,1,1
System_Failure,speed_only,10,247,232,1,1,1,1
System_Failure,speed_only,10,248,233,1,0,0,0
System_Failure,speed_only,10,249,234,1,1,1,1
System_Failure,speed_only,10,250,235,1,1,1,1
System_Failure,temperature_only,1,1,1,1,1,0,0
System_Failure,temperature_only,1,2,2,1,1,0,0
System_Failure,temperature_only,1,3,3,1,0,0,0
System_Failure,temperature_only,1,4,4,1,0,0,0
System_Failure,temperature_only,1,5,5,1,1,0,0
System_Failure,temperature_only,1,6,6,1,1,0,0
System_Failure,temperature_only,1,8,8,1,0,0,0
System_Failure,temperature_only,1,9,9,1,0,0,0
System_Failure,temperature_only,1,10,10,1,0,0,0
System_Failure,temperature_only,1,11,11,1,0,0,0
System_Failure,temperature_only,1,12,12,1,0,0,0
System_Failure,temperature_only,1,13,13,1,0,0,0
System_Failure,temperature_only,1,14,14,1,1,0,0
System_Failure,temperature_only,1,15,15,1,1,0,0
System_Failure,temperature_only,1,16,16,1,0,0,0
System_Failure,temperature_only,1,17,17,1,0,0,0
System_Failure,temperature_only,1,18,18,1,0,0,0
System_Failure,temperature_only,1,19,19,1,0,0,0
System_Failure,temperature_only,1,20,20,1,0,0,0
System_Failure,temperature_only,1,21,21,1,0,0,0
System_Failure,temperature_only,1,22,22,1,1,0,0
System_Failure,temperature_only,1,23,23,1,0,0,0
System_Failure,temperature_only,1,24,24,1,0,0,0
System_Failure,temperature_only,1,25,25,1,0,0,0
System_Failure,temperature_only,2,26,26,1,0,0,0
System_Failure,temperature_only,2,27,27,1,0,0,0
System_Failure,temperature_only,2,28,28,1,0,0,0
System_Failure,temperature_only,2,29,29,1,0,0,0
System_Failure,temperature_only,2,30,30,1,0,0,0
System_Failure,temperature_only,2,31,31,1,0,0,0
System_Failure,temperature_only,2,32,32,1,0,0,0
System_Failure,temperature_only,2,33,33,1,0,0,0
System_Failure,temperature_only,2,34,34,1,0,0,0
System_Failure,temperature_only,2,35,35,1,1,0,0
System_Failure,temperature_only,2,36,36,1,1,0,0
System_Failure,temperature_only,2,37,37,1,0,0,0
System_Failure,temperature_only,2,38,38,1,0,0,0
System_Failure,temperature_only,2,39,39,1,1,0,0
System_Failure,temperature_only,2,40,40,1,1,0,0
System_Failure,temperature_only,2,41,41,1,0,0,0
System_Failure,temperature_only,2,42,42,1,1,0,0
System_Failure,temperature_only,2,43,43,1,0,0,0
System_Failure,temperature_only,2,44,44,1,0,0,0
System_Failure,temperature_only,2,45,45,1,0,0,0
System_Failure,temperature_only,2,48,48,1,0,0,0
System_Failure,temperature_only,2,49,49,1,0,0,0
System_Failure,temperature_only,2,50,50,1,0,0,0
System_Failure,temperature_only,3,51,51,1,0,0,0
System_Failure,temperature_only,3,52,52,1,0,0,0
System_Failure,temperature_only,3,53,53,1,1,0,0
System_Failure,temperature_only,3,54,54,1,0,0,0
System_Failure,temperature_only,3,55,55,1,0,0,0
System_Failure,temperature_only,3,56,56,1,0,0,0
System_Failure,temperature_only,3,57,57,1,0,0,0
System_Failure,temperature_only,3,58,58,1,0,0,0
System_Failure,temperature_only,3,59,59,1,0,0,0
System_Failure,temperature_only,3,60,60,1,0,0,0
System_Failure,temperature_only,3,61,61,1,0,0,0
System_Failure,temperature_only,3,62,62,1,0,0,0
System_Failure,temperature_only,3,63,63,1,1,0,0
System_Failure,temperature_only,3,64,64,1,1,0,0
System_Failure,temperature_only,3,65,65,1,1,0,0
System_Failure,temperature_only,3,66,66,1,0,0,0
System_Failure,temperature_only,3,67,67,1,1,0,0
System_Failure,temperature_only,3,68,68,1,0,0,0
System_Failure,temperature_only,3,69,69,1,1,0,0
System_Failure,temperature_only,3,70,70,1,0,0,0
System_Failure,temperature_only,3,71,71,1,0,0,0
System_Failure,temperature_only,3,72,72,1,0,0,0
System_Failure,temperature_only,3,73,73,1,0,0,0
System_Failure,temperature_only,3,75,74,1,0,0,0
System_Failure,temperature_only,4,76,75,1,1,0,0
System_Failure,temperature_only,4,85,84,1,0,0,0
System_Failure,temperature_only,4,86,85,1,1,0,0
System_Failure,temperature_only,4,87,86,1,1,0,0
System_Failure,temperature_only,4,88,87,1,0,0,0
System_Failure,temperature_only,4,89,88,1,0,0,0
System_Failure,temperature_only,4,90,89,1,0,0,0
System_Failure,temperature_only,4,91,90,1,1,0,0
System_Failure,temperature_only,4,92,91,1,1,0,0
System_Failure,temperature_only,4,93,92,1,0,0,0
System_Failure,temperature_only,4,94,93,1,0,0,0
System_Failure,temperature_only,4,95,94,1,1,0,0
System_Failure,temperature_only,4,96,95,1,1,0,0
System_Failure,temperature_only,4,97,96,1,1,0,0
System_Failure,temperature_only,4,98,97,1,0,0,0
System_Failure,temperature_only,4,99,98,1,1,0,0
System_Failure,temperature_only,4,100,99,1,0,0,0
System_Failure,temperature_only,5,101,100,1,0,0,0
System_Failure,temperature_only,5,102,101,1,0,0,0
System_Failure,temperature_only,5,103,102,1,1,0,0
System_Failure,temperature_only,5,104,103,1,0,0,0
System_Failure,temperature_only,5,105,104,1,1,0,0
System_Failure,temperature_only,5,106,105,1,0,0,0
System_Failure,temperature_only,5,107,106,1,0,0,0
System_Failure,temperature_only,5,108,107,1,1,0,0
System_Failure,temperature_only,5,109,108,1,0,0,0
System_Failure,temperature_only,5,110,109,1,0,0,0
System_Failure,temperature_only,5,111,110,1,0,0,0
System_Failure,temperature_only,5,112,111,1,0,0,0
System_Failure,temperature_only,5,113,112,1,0,0,0
System_Failure,temperature_only,5,114,113,1,0,0,0
System_Failure,temperature_only,5,115,114,1,1,1,0
System_Failure,temperature_only,5,116,115,1,0,0,0
System_Failure,temperature_only,5,117,116,1,1,0,0
System_Failure,temperature_only,5,118,117,1,1,0,0
System_Failure,temperature_only,5,119,118,1,0,0,0
System_Failure,temperature_only,5,120,119,1,0,0,0
System_Failure,temperature_only,5,121,120,1,0,0,0
System_Failure,temperature_only,5,122,121,1,0,0,0
System_Failure,temperature_only,5,123,122,1,0,0,0
System_Failure,temperature_only,5,124,123,1,0,0,0
System_Failure,temperature_only,5,125,124,1,0,0,0
System_Failure,temperature_only,7,151,129,1,0,0,0
System_Failure,temperature_only,7,152,130,1,1,0,0
System_Failure,temperature_only,7,153,131,1,0,0,0
System_Failure,temperature_only,7,154,132,1,0,0,0
System_Failure,temperature_only,7,155,133,1,0,0,0
System_Failure,temperature_only,7,156,134,1,0,0,0
System_Failure,temperature_only,7,157,135,1,0,0,0
System_Failure,temperature_only,7,159,137,1,1,0,0
System_Failure,temperature_only,7,160,138,1,1,0,0
System_Failure,temperature_only,7,161,139,1,0,0,0
System_Failure,temperature_only,7,162,140,1,0,0,0
System_Failure,temperature_only,7,163,141,1,1,0,0
System_Failure,temperature_only,7,164,142,1,1,0,0
System_Failure,temperature_only,7,165,143,1,0,0,0
System_Failure,temperature_only,7,166,144,1,0,0,0
System_Failure,temperature_only,7,167,145,1,0,0,0
System_Failure,temperature_only,7,168,146,1,0,0,0
System_Failure,temperature_only,7,169,147,1,0,0,0
System_Failure,temperature_only,7,170,148,1,1,0,0
System_Failure,temperature_only,7,171,149,1,0,0,0
System_Failure,temperature_only,7,172,150,1,0,0,0
System_Failure,temperature_only,7,173,151,1,1,0,0
System_Failure,temperature_only,7,174,152,1,1,0,0
System_Failure,temperature_only,7,175,153,1,1,0,0
System_Failure,temperature_only,8,176,154,1,0,0,0
System_Failure,temperature_only,8,177,155,1,0,0,0
System_Failure,temperature_only,8,178,156,1,0,1,0
System_Failure,temperature_only,8,179,157,1,0,1,0
System_Failure,temperature_only,8,180,158,1,1,0,0
System_Failure,temperature_only,8,181,159,1,0,1,0
System_Failure,temperature_only,8,182,160,1,1,1,1
System_Failure,temperature_only,8,183,161,1,1,0,0
System_Failure,temperature_only,8,184,162,1,0,0,0
System_Failure,temperature_only,8,185,163,1,1,0,0
System_Failure,temperature_only,8,199,176,1,0,0,0
System_Failure,temperature_only,8,200,177,1,1,0,0
System_Failure,temperature_only,9,201,178,1,1,1,1
System_Failure,temperature_only,9,202,179,1,1,1,1
System_Failure,temperature_only,9,203,180,1,0,1,0
System_Failure,temperature_only,9,204,181,1,1,1,1
System_Failure,temperature_only,9,205,182,1,0,0,0
System_Failure,temperature_only,9,206,183,1,1,1,1
System_Failure,temperature_only,9,207,184,1,0,1,0
System_Failure,temperature_only,9,208,185,1,1,1,1
System_Failure,temperature_only,9,209,186,1,0,1,0
System_Failure,temperature_only,9,210,187,1,1,1,1
System_Failure,temperature_only,9,211,188,1,0,1,0
System_Failure,temperature_only,9,212,189,1,1,1,1
System_Failure,temperature_only,9,213,190,1,0,1,0
System_Failure,temperature_only,9,214,191,1,1,1,1
System_Failure,temperature_only,9,215,192,1,1,1,1
System_Failure,temperature_only,9,216,193,1,1,1,1
System_Failure,temperature_only,9,217,194,1,1,1,0
System_Failure,temperature_only,9,218,195,1,1,1,0
System_Failure,temperature_only,9,219,196,1,1,1,1
System_Failure,temperature_only,9,220,197,1,1,1,1
System_Failure,temperature_only,9,221,198,1,1,1,1
System_Failure,temperature_only,9,222,199,1,1,1,1
System_Failure,temperature_only,9,223,200,1,1,1,1
System_Failure,temperature_only,9,224,201,1,1,1,1
System_Failure,temperature_only,9,225,202,1,1,1,1
System_Failure,temperature_only,9,224,210,2,1,1,0
System_Failure,temperature_only,10,226,203,1,1,0,0
System_Failure,temperature_only,10,227,204,1,1,0,0
System_Failure,temperature_only,10,229,205,1,1,0,0
System_Failure,temperature_only,10,230,206,1,1,0,0
System_Failure,temperature_only,10,231,207,1,1,1,0
System_Failure,temperature_only,10,232,208,1,0,0,0
System_Failure,temperature_only,10,233,209,1,1,1,1
System_Failure,temperature_only,10,230,216,2,1,1,0
System_Failure,temperature_only,10,231,217,2,1,1,1
System_Failure,temperature_only,10,232,218,2,1,1,1
System_Failure,temperature_only,10,233,219,2,1,0,0
System_Failure,temperature_only,10,234,220,1,1,0,0
System_Failure,temperature_only,10,235,221,1,1,1,1
System_Failure,temperature_only,10,236,222,1,0,1,0
System_Failure,temperature_only,10,237,223,1,1,0,0
System_Failure,temperature_only,10,238,224,1,0,0,0
System_Failure,temperature_only,10,239,225,1,1,0,0
System_Failure,temperature_only,10,240,226,1,1,1,0
System_Failure,temperature_only,10,241,227,1,0,0,0
System_Failure,temperature_only,10,242,228,1,1,0,0
System_Failure,temperature_only,10,243,229,1,0,0,0
System_Failure,temperature_only,10,245,230,1,0,0,0
System_Failure,temperature_only,10,246,231,1,1,0,0
System_Failure,temperature_only,10,247,232,1,1,0,0
System_Failure,temperature_only,10,248,233,1,0,0,0
System_Failure,temperature_only,10,249,234,1,1,0,0
System_Failure,temperature_only,10,250,235,1,1,0,0
System_Failure,drop_current_family,1,1,1,1,1,1,1
System_Failure,drop_current_family,1,2,2,1,1,1,1
System_Failure,drop_current_family,1,3,3,1,0,1,0
System_Failure,drop_current_family,1,4,4,1,0,0,0
System_Failure,drop_current_family,1,5,5,1,1,1,1
System_Failure,drop_current_family,1,6,6,1,1,1,1
System_Failure,drop_current_family,1,8,8,1,0,0,0
System_Failure,drop_current_family,1,9,9,1,0,0,0
System_Failure,drop_current_family,1,10,10,1,0,0,0
System_Failure,drop_current_family,1,11,11,1,0,0,0
System_Failure,drop_current_family,1,12,12,1,0,0,0
System_Failure,drop_current_family,1,13,13,1,0,0,0
System_Failure,drop_current_family,1,14,14,1,1,0,0
System_Failure,drop_current_family,1,15,15,1,1,0,0
System_Failure,drop_current_family,1,16,16,1,0,1,0
System_Failure,drop_current_family,1,17,17,1,0,0,0
System_Failure,drop_current_family,1,18,18,1,0,0,0
System_Failure,drop_current_family,1,19,19,1,0,0,0
System_Failure,drop_current_family,1,20,20,1,0,0,0
System_Failure,drop_current_family,1,21,21,1,0,0,0
System_Failure,drop_current_family,1,22,22,1,1,1,1
System_Failure,drop_current_family,1,23,23,1,0,0,0
System_Failure,drop_current_family,1,24,24,1,0,0,0
System_Failure,drop_current_family,1,25,25,1,0,0,0
System_Failure,drop_current_family,2,26,26,1,0,0,0
System_Failure,drop_current_family,2,27,27,1,0,0,0
System_Failure,drop_current_family,2,28,28,1,0,0,0
System_Failure,drop_current_family,2,29,29,1,0,0,0
System_Failure,drop_current_family,2,30,30,1,0,0,0
System_Failure,drop_current_family,2,31,31,1,0,0,0
System_Failure,drop_current_family,2,32,32,1,0,0,0
System_Failure,drop_current_family,2,33,33,1,0,0,0
System_Failure,drop_current_family,2,34,34,1,0,0,0
System_Failure,drop_current_family,2,35,35,1,1,1,1
System_Failure,drop_current_family,2,36,36,1,1,1,1
System_Failure,drop_current_family,2,37,37,1,0,0,0
System_Failure,drop_current_family,2,38,38,1,0,0,0
System_Failure,drop_current_family,2,39,39,1,1,1,1
System_Failure,drop_current_family,2,40,40,1,1,1,1
System_Failure,drop_current_family,2,41,41,1,0,0,0
System_Failure,drop_current_family,2,42,42,1,1,1,1
System_Failure,drop_current_family,2,43,43,1,0,0,0
System_Failure,drop_current_family,2,44,44,1,0,0,0
System_Failure,drop_current_family,2,45,45,1,0,0,0
System_Failure,drop_current_family,2,48,48,1,0,0,0
System_Failure,drop_current_family,2,49,49,1,0,0,0
System_Failure,drop_current_family,2,50,50,1,0,0,0
System_Failure,drop_current_family,3,51,51,1,0,0,0
System_Failure,drop_current_family,3,52,52,1,0,0,0
System_Failure,drop_current_family,3,53,53,1,1,1,1
System_Failure,drop_current_family,3,54,54,1,0,0,0
System_Failure,drop_current_family,3,55,55,1,0,0,0
System_Failure,drop_current_family,3,56,56,1,0,0,0
System_Failure,drop_current_family,3,57,57,1,0,1,0
System_Failure,drop_current_family,3,58,58,1,0,0,0
System_Failure,drop_current_family,3,59,59,1,0,0,0
System_Failure,drop_current_family,3,60,60,1,0,0,0
System_Failure,drop_current_family,3,61,61,1,0,0,0
System_Failure,drop_current_family,3,62,62,1,0,1,0
System_Failure,drop_current_family,3,63,63,1,1,1,1
System_Failure,drop_current_family,3,64,64,1,1,1,1
System_Failure,drop_current_family,3,65,65,1,1,1,1
System_Failure,drop_current_family,3,66,66,1,0,1,0
System_Failure,drop_current_family,3,67,67,1,1,1,1
System_Failure,drop_current_family,3,68,68,1,0,0,0
System_Failure,drop_current_family,3,69,69,1,1,1,1
System_Failure,drop_current_family,3,70,70,1,0,0,0
System_Failure,drop_current_family,3,71,71,1,0,1,0
System_Failure,drop_current_family,3,72,72,1,0,0,0
System_Failure,drop_current_family,3,73,73,1,0,0,0
System_Failure,drop_current_family,3,75,74,1,0,1,0
System_Failure,drop_current_family,4,76,75,1,1,0,0
System_Failure,drop_current_family,4,85,84,1,0,1,0
System_Failure,drop_current_family,4,86,85,1,1,1,1
System_Failure,drop_current_family,4,87,86,1,1,1,1
System_Failure,drop_current_family,4,88,87,1,0,0,0
System_Failure,drop_current_family,4,89,88,1,0,0,0
System_Failure,drop_current_family,4,90,89,1,0,0,0
System_Failure,drop_current_family,4,91,90,1,1,1,1
System_Failure,drop_current_family,4,92,91,1,1,0,0
System_Failure,drop_current_family,4,93,92,1,0,0,0
System_Failure,drop_current_family,4,94,93,1,0,0,0
System_Failure,drop_current_family,4,95,94,1,1,1,1
System_Failure,drop_current_family,4,96,95,1,1,1,1
System_Failure,drop_current_family,4,97,96,1,1,1,1
System_Failure,drop_current_family,4,98,97,1,0,0,0
System_Failure,drop_current_family,4,99,98,1,1,1,1
System_Failure,drop_current_family,4,100,99,1,0,1,0
System_Failure,drop_current_family,5,101,100,1,0,0,0
System_Failure,drop_current_family,5,102,101,1,0,0,0
System_Failure,drop_current_family,5,103,102,1,1,1,1
System_Failure,drop_current_family,5,104,103,1,0,0,0
System_Failure,drop_current_family,5,105,104,1,1,1,1
System_Failure,drop_current_family,5,106,105,1,0,0,0
System_Failure,drop_current_family,5,107,106,1,0,0,0
System_Failure,drop_current_family,5,108,107,1,1,1,1
System_Failure,drop_current_family,5,109,108,1,0,0,0
System_Failure,drop_current_family,5,110,109,1,0,1,0
System_Failure,drop_current_family,5,111,110,1,0,0,0
System_Failure,drop_current_family,5,112,111,1,0,0,0
System_Failure,drop_current_family,5,113,112,1,0,0,0
System_Failure,drop_current_family,5,114,113,1,0,0,0
System_Failure,drop_current_family,5,115,114,1,1,1,1
System_Failure,drop_current_family,5,116,115,1,0,0,0
System_Failure,drop_current_family,5,117,116,1,1,1,1
System_Failure,drop_current_family,5,118,117,1,1,1,1
System_Failure,drop_current_family,5,119,118,1,0,0,0
System_Failure,drop_current_family,5,120,119,1,0,0,0
System_Failure,drop_current_family,5,121,120,1,0,0,0
System_Failure,drop_current_family,5,122,121,1,0,0,0
System_Failure,drop_current_family,5,123,122,1,0,1,0
System_Failure,drop_current_family,5,124,123,1,0,0,0
System_Failure,drop_current_family,5,125,124,1,0,0,0
System_Failure,drop_current_family,7,151,129,1,0,0,0
System_Failure,drop_current_family,7,152,130,1,1,1,1
System_Failure,drop_current_family,7,153,131,1,0,0,0
System_Failure,drop_current_family,7,154,132,1,0,0,0
System_Failure,drop_current_family,7,155,133,1,0,0,0
System_Failure,drop_current_family,7,156,134,1,0,0,0
System_Failure,drop_current_family,7,157,135,1,0,0,0
System_Failure,drop_current_family,7,159,137,1,1,1,1
System_Failure,drop_current_family,7,160,138,1,1,0,0
System_Failure,drop_current_family,7,161,139,1,0,0,0
System_Failure,drop_current_family,7,162,140,1,0,0,0
System_Failure,drop_current_family,7,163,141,1,1,1,1
System_Failure,drop_current_family,7,164,142,1,1,1,1
System_Failure,drop_current_family,7,165,143,1,0,0,0
System_Failure,drop_current_family,7,166,144,1,0,0,0
System_Failure,drop_current_family,7,167,145,1,0,0,0
System_Failure,drop_current_family,7,168,146,1,0,0,0
System_Failure,drop_current_family,7,169,147,1,0,0,0
System_Failure,drop_current_family,7,170,148,1,1,1,1
System_Failure,drop_current_family,7,171,149,1,0,0,0
System_Failure,drop_current_family,7,172,150,1,0,0,0
System_Failure,drop_current_family,7,173,151,1,1,1,1
System_Failure,drop_current_family,7,174,152,1,1,1,1
System_Failure,drop_current_family,7,175,153,1,1,1,1
System_Failure,drop_current_family,8,176,154,1,0,0,0
System_Failure,drop_current_family,8,177,155,1,0,0,0
System_Failure,drop_current_family,8,178,156,1,0,1,0
System_Failure,drop_current_family,8,179,157,1,0,1,0
System_Failure,drop_current_family,8,180,158,1,1,1,1
System_Failure,drop_current_family,8,181,159,1,0,0,0
System_Failure,drop_current_family,8,182,160,1,1,1,1
System_Failure,drop_current_family,8,183,161,1,1,1,1
System_Failure,drop_current_family,8,184,162,1,0,0,0
System_Failure,drop_current_family,8,185,163,1,1,1,1
System_Failure,drop_current_family,8,199,176,1,0,0,0
System_Failure,drop_current_family,8,200,177,1,1,1,1
System_Failure,drop_current_family,9,201,178,1,1,1,1
System_Failure,drop_current_family,9,202,179,1,1,1,1
System_Failure,drop_current_family,9,203,180,1,0,0,0
System_Failure,drop_current_family,9,204,181,1,1,1,1
System_Failure,drop_current_family,9,205,182,1,0,0,0
System_Failure,drop_current_family,9,206,183,1,1,1,1
System_Failure,drop_current_family,9,207,184,1,0,1,0
System_Failure,drop_current_family,9,208,185,1,1,1,1
System_Failure,drop_current_family,9,209,186,1,0,0,0
System_Failure,drop_current_family,9,210,187,1,1,1,1
System_Failure,drop_current_family,9,211,188,1,0,0,0
System_Failure,drop_current_family,9,212,189,1,1,1,1
System_Failure,drop_current_family,9,213,190,1,0,0,0
System_Failure,drop_current_family,9,214,191,1,1,1,1
System_Failure,drop_current_family,9,215,192,1,1,1,1
System_Failure,drop_current_family,9,216,193,1,1,0,0
System_Failure,drop_current_family,9,217,194,1,1,1,1
System_Failure,drop_current_family,9,218,195,1,1,1,1
System_Failure,drop_current_family,9,219,196,1,1,1,1
System_Failure,drop_current_family,9,220,197,1,1,1,1
System_Failure,drop_current_family,9,221,198,1,1,1,1
System_Failure,drop_current_family,9,222,199,1,1,1,1
System_Failure,drop_current_family,9,223,200,1,1,1,1
System_Failure,drop_current_family,9,224,201,1,1,1,1
System_Failure,drop_current_family,9,225,202,1,1,1,1
System_Failure,drop_current_family,9,224,210,2,1,1,1
System_Failure,drop_current_family,10,226,203,1,1,1,1
System_Failure,drop_current_family,10,227,204,1,1,1,1
System_Failure,drop_current_family,10,229,205,1,1,1,1
System_Failure,drop_current_family,10,230,206,1,1,1,1
System_Failure,drop_current_family,10,231,207,1,1,1,1
System_Failure,drop_current_family,10,232,208,1,0,0,0
System_Failure,drop_current_family,10,233,209,1,1,1,1
System_Failure,drop_current_family,10,230,216,2,1,1,1
System_Failure,drop_current_family,10,231,217,2,1,1,1
System_Failure,drop_current_family,10,232,218,2,1,1,1
System_Failure,drop_current_family,10,233,219,2,1,1,1
System_Failure,drop_current_family,10,234,220,1,1,1,1
System_Failure,drop_current_family,10,235,221,1,1,1,1
System_Failure,drop_current_family,10,236,222,1,0,0,0
System_Failure,drop_current_family,10,237,223,1,1,1,1
System_Failure,drop_current_family,10,238,224,1,0,0,0
System_Failure,drop_current_family,10,239,225,1,1,1,1
System_Failure,drop_current_family,10,240,226,1,1,1,1
System_Failure,drop_current_family,10,241,227,1,0,0,0
System_Failure,drop_current_family,10,242,228,1,1,1,1
System_Failure,drop_current_family,10,243,229,1,0,0,0
System_Failure,drop_current_family,10,245,230,1,0,0,0
System_Failure,drop_current_family,10,246,231,1,1,1,1
System_Failure,drop_current_family,10,247,232,1,1,1,1
System_Failure,drop_current_family,10,248,233,1,0,0,0
System_Failure,drop_current_family,10,249,234,1,1,1,1
System_Failure,drop_current_family,10,250,235,1,1,1,1
System_Failure,drop_speed,1,1,1,1,1,0,0
System_Failure,drop_speed,1,2,2,1,1,1,1
System_Failure,drop_speed,1,3,3,1,0,0,0
System_Failure,drop_speed,1,4,4,1,0,0,0
System_Failure,drop_speed,1,5,5,1,1,1,1
System_Failure,drop_speed,1,6,6,1,1,1,1
System_Failure,drop_speed,1,8,8,1,0,0,0
System_Failure,drop_speed,1,9,9,1,0,0,0
System_Failure,drop_speed,1,10,10,1,0,0,0
System_Failure,drop_speed,1,11,11,1,0,0,0
System_Failure,drop_speed,1,12,12,1,0,0,0
System_Failure,drop_speed,1,13,13,1,0,0,0
System_Failure,drop_speed,1,14,14,1,1,1,1
System_Failure,drop_speed,1,15,15,1,1,0,0
System_Failure,drop_speed,1,16,16,1,0,0,0
System_Failure,drop_speed,1,17,17,1,0,0,0
System_Failure,drop_speed,1,18,18,1,0,0,0
System_Failure,drop_speed,1,19,19,1,0,0,0
System_Failure,drop_speed,1,20,20,1,0,0,0
System_Failure,drop_speed,1,21,21,1,0,0,0
System_Failure,drop_speed,1,22,22,1,1,1,1
System_Failure,drop_speed,1,23,23,1,0,0,0
System_Failure,drop_speed,1,24,24,1,0,0,0
System_Failure,drop_speed,1,25,25,1,0,0,0
System_Failure,drop_speed,2,26,26,1,0,0,0
System_Failure,drop_speed,2,27,27,1,0,0,0
System_Failure,drop_speed,2,28,28,1,0,0,0
System_Failure,drop_speed,2,29,29,1,0,0,0
System_Failure,drop_speed,2,30,30,1,0,0,0
System_Failure,drop_speed,2,31,31,1,0,0,0
System_Failure,drop_speed,2,32,32,1,0,0,0
System_Failure,drop_speed,2,33,33,1,0,0,0
System_Failure,drop_speed,2,34,34,1,0,0,0
System_Failure,drop_speed,2,35,35,1,1,1,1
System_Failure,drop_speed,2,36,36,1,1,1,1
System_Failure,drop_speed,2,37,37,1,0,0,0
System_Failure,drop_speed,2,38,38,1,0,0,0
System_Failure,drop_speed,2,39,39,1,1,1,1
System_Failure,drop_speed,2,40,40,1,1,1,1
System_Failure,drop_speed,2,41,41,1,0,0,0
System_Failure,drop_speed,2,42,42,1,1,1,1
System_Failure,drop_speed,2,43,43,1,0,0,0
System_Failure,drop_speed,2,44,44,1,0,0,0
System_Failure,drop_speed,2,45,45,1,0,0,0
System_Failure,drop_speed,2,48,48,1,0,0,0
System_Failure,drop_speed,2,49,49,1,0,0,0
System_Failure,drop_speed,2,50,50,1,0,0,0
System_Failure,drop_speed,3,51,51,1,0,0,0
System_Failure,drop_speed,3,52,52,1,0,0,0
System_Failure,drop_speed,3,53,53,1,1,1,1
System_Failure,drop_speed,3,54,54,1,0,0,0
System_Failure,drop_speed,3,55,55,1,0,0,0
System_Failure,drop_speed,3,56,56,1,0,0,0
System_Failure,drop_speed,3,57,57,1,0,0,0
System_Failure,drop_speed,3,58,58,1,0,0,0
System_Failure,drop_speed,3,59,59,1,0,0,0
System_Failure,drop_speed,3,60,60,1,0,0,0
System_Failure,drop_speed,3,61,61,1,0,0,0
System_Failure,drop_speed,3,62,62,1,0,1,0
System_Failure,drop_speed,3,63,63,1,1,1,1
System_Failure,drop_speed,3,64,64,1,1,1,1
System_Failure,drop_speed,3,65,65,1,1,1,1
System_Failure,drop_speed,3,66,66,1,0,0,0
System_Failure,drop_speed,3,67,67,1,1,1,1
System_Failure,drop_speed,3,68,68,1,0,0,0
System_Failure,drop_speed,3,69,69,1,1,1,1
System_Failure,drop_speed,3,70,70,1,0,0,0
System_Failure,drop_speed,3,71,71,1,0,1,0
System_Failure,drop_speed,3,72,72,1,0,0,0
System_Failure,drop_speed,3,73,73,1,0,0,0
System_Failure,drop_speed,3,75,74,1,0,0,0
System_Failure,drop_speed,4,76,75,1,1,1,1
System_Failure,drop_speed,4,85,84,1,0,0,0
System_Failure,drop_speed,4,86,85,1,1,1,1
System_Failure,drop_speed,4,87,86,1,1,1,1
System_Failure,drop_speed,4,88,87,1,0,0,0
System_Failure,drop_speed,4,89,88,1,0,0,0
System_Failure,drop_speed,4,90,89,1,0,0,0
System_Failure,drop_speed,4,91,90,1,1,1,1
System_Failure,drop_speed,4,92,91,1,1,1,1
System_Failure,drop_speed,4,93,92,1,0,0,0
System_Failure,drop_speed,4,94,93,1,0,0,0
System_Failure,drop_speed,4,95,94,1,1,1,1
System_Failure,drop_speed,4,96,95,1,1,1,1
System_Failure,drop_speed,4,97,96,1,1,1,1
System_Failure,drop_speed,4,98,97,1,0,0,0
System_Failure,drop_speed,4,99,98,1,1,1,1
System_Failure,drop_speed,4,100,99,1,0,0,0
System_Failure,drop_speed,5,101,100,1,0,0,0
System_Failure,drop_speed,5,102,101,1,0,0,0
System_Failure,drop_speed,5,103,102,1,1,1,1
System_Failure,drop_speed,5,104,103,1,0,0,0
System_Failure,drop_speed,5,105,104,1,1,1,1
System_Failure,drop_speed,5,106,105,1,0,0,0
System_Failure,drop_speed,5,107,106,1,0,0,0
System_Failure,drop_speed,5,108,107,1,1,1,1
System_Failure,drop_speed,5,109,108,1,0,0,0
System_Failure,drop_speed,5,110,109,1,0,0,0
System_Failure,drop_speed,5,111,110,1,0,0,0
System_Failure,drop_speed,5,112,111,1,0,0,0
System_Failure,drop_speed,5,113,112,1,0,0,0
System_Failure,drop_speed,5,114,113,1,0,0,0
System_Failure,drop_speed,5,115,114,1,1,1,1
System_Failure,drop_speed,5,116,115,1,0,0,0
System_Failure,drop_speed,5,117,116,1,1,1,1
System_Failure,drop_speed,5,118,117,1,1,1,1
System_Failure,drop_speed,5,119,118,1,0,0,0
System_Failure,drop_speed,5,120,119,1,0,0,0
System_Failure,drop_speed,5,121,120,1,0,0,0
System_Failure,drop_speed,5,122,121,1,0,0,0
System_Failure,drop_speed,5,123,122,1,0,0,0
System_Failure,drop_speed,5,124,123,1,0,0,0
System_Failure,drop_speed,5,125,124,1,0,0,0
System_Failure,drop_speed,7,151,129,1,0,0,0
System_Failure,drop_speed,7,152,130,1,1,1,1
System_Failure,drop_speed,7,153,131,1,0,0,0
System_Failure,drop_speed,7,154,132,1,0,0,0
System_Failure,drop_speed,7,155,133,1,0,0,0
System_Failure,drop_speed,7,156,134,1,0,0,0
System_Failure,drop_speed,7,157,135,1,0,0,0
System_Failure,drop_speed,7,159,137,1,1,1,1
System_Failure,drop_speed,7,160,138,1,1,0,0
System_Failure,drop_speed,7,161,139,1,0,0,0
System_Failure,drop_speed,7,162,140,1,0,0,0
System_Failure,drop_speed,7,163,141,1,1,1,1
System_Failure,drop_speed,7,164,142,1,1,1,1
System_Failure,drop_speed,7,165,143,1,0,0,0
System_Failure,drop_speed,7,166,144,1,0,0,0
System_Failure,drop_speed,7,167,145,1,0,0,0
System_Failure,drop_speed,7,168,146,1,0,0,0
System_Failure,drop_speed,7,169,147,1,0,0,0
System_Failure,drop_speed,7,170,148,1,1,1,1
System_Failure,drop_speed,7,171,149,1,0,0,0
System_Failure,drop_speed,7,172,150,1,0,0,0
System_Failure,drop_speed,7,173,151,1,1,1,1
System_Failure,drop_speed,7,174,152,1,1,1,1
System_Failure,drop_speed,7,175,153,1,1,1,1
System_Failure,drop_speed,8,176,154,1,0,0,0
System_Failure,drop_speed,8,177,155,1,0,0,0
System_Failure,drop_speed,8,178,156,1,0,0,0
System_Failure,drop_speed,8,179,157,1,0,0,0
System_Failure,drop_speed,8,180,158,1,1,1,1
System_Failure,drop_speed,8,181,159,1,0,0,0
System_Failure,drop_speed,8,182,160,1,1,1,1
System_Failure,drop_speed,8,183,161,1,1,1,1
System_Failure,drop_speed,8,184,162,1,0,0,0
System_Failure,drop_speed,8,185,163,1,1,1,1
System_Failure,drop_speed,8,199,176,1,0,0,0
System_Failure,drop_speed,8,200,177,1,1,1,1
System_Failure,drop_speed,9,201,178,1,1,1,1
System_Failure,drop_speed,9,202,179,1,1,1,1
System_Failure,drop_speed,9,203,180,1,0,0,0
System_Failure,drop_speed,9,204,181,1,1,1,1
System_Failure,drop_speed,9,205,182,1,0,0,0
System_Failure,drop_speed,9,206,183,1,1,1,1
System_Failure,drop_speed,9,207,184,1,0,0,0
System_Failure,drop_speed,9,208,185,1,1,1,1
System_Failure,drop_speed,9,209,186,1,0,0,0
System_Failure,drop_speed,9,210,187,1,1,1,1
System_Failure,drop_speed,9,211,188,1,0,0,0
System_Failure,drop_speed,9,212,189,1,1,1,1
System_Failure,drop_speed,9,213,190,1,0,1,0
System_Failure,drop_speed,9,214,191,1,1,1,1
System_Failure,drop_speed,9,215,192,1,1,1,1
System_Failure,drop_speed,9,216,193,1,1,1,1
System_Failure,drop_speed,9,217,194,1,1,1,1
System_Failure,drop_speed,9,218,195,1,1,1,1
System_Failure,drop_speed,9,219,196,1,1,1,1
System_Failure,drop_speed,9,220,197,1,1,1,1
System_Failure,drop_speed,9,221,198,1,1,1,1
System_Failure,drop_speed,9,222,199,1,1,1,1
System_Failure,drop_speed,9,223,200,1,1,1,1
System_Failure,drop_speed,9,224,201,1,1,1,1
System_Failure,drop_speed,9,225,202,1,1,1,1
System_Failure,drop_speed,9,224,210,2,1,1,1
System_Failure,drop_speed,10,226,203,1,1,1,1
System_Failure,drop_speed,10,227,204,1,1,1,1
System_Failure,drop_speed,10,229,205,1,1,1,1
System_Failure,drop_speed,10,230,206,1,1,1,1
System_Failure,drop_speed,10,231,207,1,1,1,1
System_Failure,drop_speed,10,232,208,1,0,0,0
System_Failure,drop_speed,10,233,209,1,1,1,1
System_Failure,drop_speed,10,230,216,2,1,1,1
System_Failure,drop_speed,10,231,217,2,1,1,1
System_Failure,drop_speed,10,232,218,2,1,1,1
System_Failure,drop_speed,10,233,219,2,1,1,1
System_Failure,drop_speed,10,234,220,1,1,1,1
System_Failure,drop_speed,10,235,221,1,1,1,1
System_Failure,drop_speed,10,236,222,1,0,0,0
System_Failure,drop_speed,10,237,223,1,1,1,1
System_Failure,drop_speed,10,238,224,1,0,1,0
System_Failure,drop_speed,10,239,225,1,1,1,1
System_Failure,drop_speed,10,240,226,1,1,1,1
System_Failure,drop_speed,10,241,227,1,0,0,0
System_Failure,drop_speed,10,242,228,1,1,1,1
System_Failure,drop_speed,10,243,229,1,0,0,0
System_Failure,drop_speed,10,245,230,1,0,0,0
System_Failure,drop_speed,10,246,231,1,1,1,1
System_Failure,drop_speed,10,247,232,1,1,1,1
System_Failure,drop_speed,10,248,233,1,0,0,0
System_Failure,drop_speed,10,249,234,1,1,1,1
System_Failure,drop_speed,10,250,235,1,1,1,1
System_Failure,drop_temperature,1,1,1,1,1,1,1
System_Failure,drop_temperature,1,2,2,1,1,1,1
System_Failure,drop_temperature,1,3,3,1,0,1,0
System_Failure,drop_temperature,1,4,4,1,0,0,0
System_Failure,drop_temperature,1,5,5,1,1,1,1
System_Failure,drop_temperature,1,6,6,1,1,1,1
System_Failure,drop_temperature,1,8,8,1,0,0,0
System_Failure,drop_temperature,1,9,9,1,0,0,0
System_Failure,drop_temperature,1,10,10,1,0,0,0
System_Failure,drop_temperature,1,11,11,1,0,0,0
System_Failure,drop_temperature,1,12,12,1,0,0,0
System_Failure,drop_temperature,1,13,13,1,0,0,0
System_Failure,drop_temperature,1,14,14,1,1,1,1
System_Failure,drop_temperature,1,15,15,1,1,1,1
System_Failure,drop_temperature,1,16,16,1,0,1,0
System_Failure,drop_temperature,1,17,17,1,0,1,0
System_Failure,drop_temperature,1,18,18,1,0,0,0
System_Failure,drop_temperature,1,19,19,1,0,0,0
System_Failure,drop_temperature,1,20,20,1,0,0,0
System_Failure,drop_temperature,1,21,21,1,0,0,0
System_Failure,drop_temperature,1,22,22,1,1,1,1
System_Failure,drop_temperature,1,23,23,1,0,0,0
System_Failure,drop_temperature,1,24,24,1,0,0,0
System_Failure,drop_temperature,1,25,25,1,0,0,0
System_Failure,drop_temperature,2,26,26,1,0,0,0
System_Failure,drop_temperature,2,27,27,1,0,0,0
System_Failure,drop_temperature,2,28,28,1,0,0,0
System_Failure,drop_temperature,2,29,29,1,0,0,0
System_Failure,drop_temperature,2,30,30,1,0,0,0
System_Failure,drop_temperature,2,31,31,1,0,0,0
System_Failure,drop_temperature,2,32,32,1,0,0,0
System_Failure,drop_temperature,2,33,33,1,0,0,0
System_Failure,drop_temperature,2,34,34,1,0,0,0
System_Failure,drop_temperature,2,35,35,1,1,1,1
System_Failure,drop_temperature,2,36,36,1,1,1,1
System_Failure,drop_temperature,2,37,37,1,0,0,0
System_Failure,drop_temperature,2,38,38,1,0,0,0
System_Failure,drop_temperature,2,39,39,1,1,1,1
System_Failure,drop_temperature,2,40,40,1,1,1,1
System_Failure,drop_temperature,2,41,41,1,0,0,0
System_Failure,drop_temperature,2,42,42,1,1,1,1
System_Failure,drop_temperature,2,43,43,1,0,0,0
System_Failure,drop_temperature,2,44,44,1,0,0,0
System_Failure,drop_temperature,2,45,45,1,0,0,0
System_Failure,drop_temperature,2,48,48,1,0,0,0
System_Failure,drop_temperature,2,49,49,1,0,0,0
System_Failure,drop_temperature,2,50,50,1,0,0,0
System_Failure,drop_temperature,3,51,51,1,0,0,0
System_Failure,drop_temperature,3,52,52,1,0,0,0
System_Failure,drop_temperature,3,53,53,1,1,1,1
System_Failure,drop_temperature,3,54,54,1,0,0,0
System_Failure,drop_temperature,3,55,55,1,0,0,0
System_Failure,drop_temperature,3,56,56,1,0,0,0
System_Failure,drop_temperature,3,57,57,1,0,1,0
System_Failure,drop_temperature,3,58,58,1,0,0,0
System_Failure,drop_temperature,3,59,59,1,0,0,0
System_Failure,drop_temperature,3,60,60,1,0,0,0
System_Failure,drop_temperature,3,61,61,1,0,0,0
System_Failure,drop_temperature,3,62,62,1,0,1,0
System_Failure,drop_temperature,3,63,63,1,1,1,1
System_Failure,drop_temperature,3,64,64,1,1,1,1
System_Failure,drop_temperature,3,65,65,1,1,1,1
System_Failure,drop_temperature,3,66,66,1,0,1,0
System_Failure,drop_temperature,3,67,67,1,1,1,1
System_Failure,drop_temperature,3,68,68,1,0,0,0
System_Failure,drop_temperature,3,69,69,1,1,1,1
System_Failure,drop_temperature,3,70,70,1,0,0,0
System_Failure,drop_temperature,3,71,71,1,0,1,0
System_Failure,drop_temperature,3,72,72,1,0,0,0
System_Failure,drop_temperature,3,73,73,1,0,0,0
System_Failure,drop_temperature,3,75,74,1,0,0,0
System_Failure,drop_temperature,4,76,75,1,1,1,1
System_Failure,drop_temperature,4,85,84,1,0,1,0
System_Failure,drop_temperature,4,86,85,1,1,1,1
System_Failure,drop_temperature,4,87,86,1,1,1,1
System_Failure,drop_temperature,4,88,87,1,0,0,0
System_Failure,drop_temperature,4,89,88,1,0,0,0
System_Failure,drop_temperature,4,90,89,1,0,0,0
System_Failure,drop_temperature,4,91,90,1,1,1,1
System_Failure,drop_temperature,4,92,91,1,1,1,1
System_Failure,drop_temperature,4,93,92,1,0,0,0
System_Failure,drop_temperature,4,94,93,1,0,0,0
System_Failure,drop_temperature,4,95,94,1,1,1,1
System_Failure,drop_temperature,4,96,95,1,1,1,1
System_Failure,drop_temperature,4,97,96,1,1,1,1
System_Failure,drop_temperature,4,98,97,1,0,0,0
System_Failure,drop_temperature,4,99,98,1,1,1,1
System_Failure,drop_temperature,4,100,99,1,0,0,0
System_Failure,drop_temperature,5,101,100,1,0,0,0
System_Failure,drop_temperature,5,102,101,1,0,0,0
System_Failure,drop_temperature,5,103,102,1,1,1,1
System_Failure,drop_temperature,5,104,103,1,0,0,0
System_Failure,drop_temperature,5,105,104,1,1,1,1
System_Failure,drop_temperature,5,106,105,1,0,0,0
System_Failure,drop_temperature,5,107,106,1,0,0,0
System_Failure,drop_temperature,5,108,107,1,1,1,1
System_Failure,drop_temperature,5,109,108,1,0,0,0
System_Failure,drop_temperature,5,110,109,1,0,0,0
System_Failure,drop_temperature,5,111,110,1,0,0,0
System_Failure,drop_temperature,5,112,111,1,0,0,0
System_Failure,drop_temperature,5,113,112,1,0,0,0
System_Failure,drop_temperature,5,114,113,1,0,0,0
System_Failure,drop_temperature,5,115,114,1,1,1,1
System_Failure,drop_temperature,5,116,115,1,0,0,0
System_Failure,drop_temperature,5,117,116,1,1,1,1
System_Failure,drop_temperature,5,118,117,1,1,1,1
System_Failure,drop_temperature,5,119,118,1,0,0,0
System_Failure,drop_temperature,5,120,119,1,0,0,0
System_Failure,drop_temperature,5,121,120,1,0,0,0
System_Failure,drop_temperature,5,122,121,1,0,0,0
System_Failure,drop_temperature,5,123,122,1,0,1,0
System_Failure,drop_temperature,5,124,123,1,0,0,0
System_Failure,drop_temperature,5,125,124,1,0,0,0
System_Failure,drop_temperature,7,151,129,1,0,0,0
System_Failure,drop_temperature,7,152,130,1,1,1,1
System_Failure,drop_temperature,7,153,131,1,0,0,0
System_Failure,drop_temperature,7,154,132,1,0,0,0
System_Failure,drop_temperature,7,155,133,1,0,0,0
System_Failure,drop_temperature,7,156,134,1,0,0,0
System_Failure,drop_temperature,7,157,135,1,0,0,0
System_Failure,drop_temperature,7,159,137,1,1,1,1
System_Failure,drop_temperature,7,160,138,1,1,1,1
System_Failure,drop_temperature,7,161,139,1,0,0,0
System_Failure,drop_temperature,7,162,140,1,0,0,0
System_Failure,drop_temperature,7,163,141,1,1,1,1
System_Failure,drop_temperature,7,164,142,1,1,1,1
System_Failure,drop_temperature,7,165,143,1,0,0,0
System_Failure,drop_temperature,7,166,144,1,0,0,0
System_Failure,drop_temperature,7,167,145,1,0,0,0
System_Failure,drop_temperature,7,168,146,1,0,0,0
System_Failure,drop_temperature,7,169,147,1,0,0,0
System_Failure,drop_temperature,7,170,148,1,1,1,1
System_Failure,drop_temperature,7,171,149,1,0,0,0
System_Failure,drop_temperature,7,172,150,1,0,0,0
System_Failure,drop_temperature,7,173,151,1,1,1,1
System_Failure,drop_temperature,7,174,152,1,1,1,1
System_Failure,drop_temperature,7,175,153,1,1,1,1
System_Failure,drop_temperature,8,176,154,1,0,0,0
System_Failure,drop_temperature,8,177,155,1,0,0,0
System_Failure,drop_temperature,8,178,156,1,0,1,0
System_Failure,drop_temperature,8,179,157,1,0,0,0
System_Failure,drop_temperature,8,180,158,1,1,1,1
System_Failure,drop_temperature,8,181,159,1,0,0,0
System_Failure,drop_temperature,8,182,160,1,1,1,1
System_Failure,drop_temperature,8,183,161,1,1,1,1
System_Failure,drop_temperature,8,184,162,1,0,0,0
System_Failure,drop_temperature,8,185,163,1,1,1,1
System_Failure,drop_temperature,8,199,176,1,0,0,0
System_Failure,drop_temperature,8,200,177,1,1,1,1
System_Failure,drop_temperature,9,201,178,1,1,1,1
System_Failure,drop_temperature,9,202,179,1,1,1,1
System_Failure,drop_temperature,9,203,180,1,0,0,0
System_Failure,drop_temperature,9,204,181,1,1,1,1
System_Failure,drop_temperature,9,205,182,1,0,0,0
System_Failure,drop_temperature,9,206,183,1,1,1,1
System_Failure,drop_temperature,9,207,184,1,0,0,0
System_Failure,drop_temperature,9,208,185,1,1,1,1
System_Failure,drop_temperature,9,209,186,1,0,0,0
System_Failure,drop_temperature,9,210,187,1,1,1,1
System_Failure,drop_temperature,9,211,188,1,0,0,0
System_Failure,drop_temperature,9,212,189,1,1,1,1
System_Failure,drop_temperature,9,213,190,1,0,0,0
System_Failure,drop_temperature,9,214,191,1,1,1,1
System_Failure,drop_temperature,9,215,192,1,1,1,1
System_Failure,drop_temperature,9,216,193,1,1,1,1
System_Failure,drop_temperature,9,217,194,1,1,1,1
System_Failure,drop_temperature,9,218,195,1,1,1,1
System_Failure,drop_temperature,9,219,196,1,1,1,1
System_Failure,drop_temperature,9,220,197,1,1,1,1
System_Failure,drop_temperature,9,221,198,1,1,1,1
System_Failure,drop_temperature,9,222,199,1,1,1,1
System_Failure,drop_temperature,9,223,200,1,1,1,1
System_Failure,drop_temperature,9,224,201,1,1,1,1
System_Failure,drop_temperature,9,225,202,1,1,1,1
System_Failure,drop_temperature,9,224,210,2,1,1,1
System_Failure,drop_temperature,10,226,203,1,1,1,1
System_Failure,drop_temperature,10,227,204,1,1,1,0
System_Failure,drop_temperature,10,229,205,1,1,1,1
System_Failure,drop_temperature,10,230,206,1,1,1,1
System_Failure,drop_temperature,10,231,207,1,1,1,1
System_Failure,drop_temperature,10,232,208,1,0,0,0
System_Failure,drop_temperature,10,233,209,1,1,1,1
System_Failure,drop_temperature,10,230,216,2,1,1,1
System_Failure,drop_temperature,10,231,217,2,1,1,1
System_Failure,drop_temperature,10,232,218,2,1,1,1
System_Failure,drop_temperature,10,233,219,2,1,1,1
System_Failure,drop_temperature,10,234,220,1,1,1,1
System_Failure,drop_temperature,10,235,221,1,1,1,1
System_Failure,drop_temperature,10,236,222,1,0,0,0
System_Failure,drop_temperature,10,237,223,1,1,1,1
System_Failure,drop_temperature,10,238,224,1,0,0,0
System_Failure,drop_temperature,10,239,225,1,1,1,1
System_Failure,drop_temperature,10,240,226,1,1,1,1
System_Failure,drop_temperature,10,241,227,1,0,0,0
System_Failure,drop_temperature,10,242,228,1,1,1,1
System_Failure,drop_temperature,10,243,229,1,0,0,0
System_Failure,drop_temperature,10,245,230,1,0,0,0
System_Failure,drop_temperature,10,246,231,1,1,1,1
System_Failure,drop_temperature,10,247,232,1,1,1,1
System_Failure,drop_temperature,10,248,233,1,0,0,0
System_Failure,drop_temperature,10,249,234,1,1,1,1
System_Failure,drop_temperature,10,250,235,1,1,1,1
System_Failure,drop_tool_current,1,1,1,1,1,1,1
System_Failure,drop_tool_current,1,2,2,1,1,1,1
System_Failure,drop_tool_current,1,3,3,1,0,1,0
System_Failure,drop_tool_current,1,4,4,1,0,0,0
System_Failure,drop_tool_current,1,5,5,1,1,1,1
System_Failure,drop_tool_current,1,6,6,1,1,1,1
System_Failure,drop_tool_current,1,8,8,1,0,0,0
System_Failure,drop_tool_current,1,9,9,1,0,0,0
System_Failure,drop_tool_current,1,10,10,1,0,0,0
System_Failure,drop_tool_current,1,11,11,1,0,0,0
System_Failure,drop_tool_current,1,12,12,1,0,0,0
System_Failure,drop_tool_current,1,13,13,1,0,0,0
System_Failure,drop_tool_current,1,14,14,1,1,1,1
System_Failure,drop_tool_current,1,15,15,1,1,1,1
System_Failure,drop_tool_current,1,16,16,1,0,0,0
System_Failure,drop_tool_current,1,17,17,1,0,0,0
System_Failure,drop_tool_current,1,18,18,1,0,0,0
System_Failure,drop_tool_current,1,19,19,1,0,0,0
System_Failure,drop_tool_current,1,20,20,1,0,0,0
System_Failure,drop_tool_current,1,21,21,1,0,0,0
System_Failure,drop_tool_current,1,22,22,1,1,1,1
System_Failure,drop_tool_current,1,23,23,1,0,0,0
System_Failure,drop_tool_current,1,24,24,1,0,0,0
System_Failure,drop_tool_current,1,25,25,1,0,0,0
System_Failure,drop_tool_current,2,26,26,1,0,0,0
System_Failure,drop_tool_current,2,27,27,1,0,0,0
System_Failure,drop_tool_current,2,28,28,1,0,0,0
System_Failure,drop_tool_current,2,29,29,1,0,0,0
System_Failure,drop_tool_current,2,30,30,1,0,0,0
System_Failure,drop_tool_current,2,31,31,1,0,0,0
System_Failure,drop_tool_current,2,32,32,1,0,0,0
System_Failure,drop_tool_current,2,33,33,1,0,0,0
System_Failure,drop_tool_current,2,34,34,1,0,0,0
System_Failure,drop_tool_current,2,35,35,1,1,1,1
System_Failure,drop_tool_current,2,36,36,1,1,1,1
System_Failure,drop_tool_current,2,37,37,1,0,0,0
System_Failure,drop_tool_current,2,38,38,1,0,0,0
System_Failure,drop_tool_current,2,39,39,1,1,1,1
System_Failure,drop_tool_current,2,40,40,1,1,1,1
System_Failure,drop_tool_current,2,41,41,1,0,0,0
System_Failure,drop_tool_current,2,42,42,1,1,1,1
System_Failure,drop_tool_current,2,43,43,1,0,0,0
System_Failure,drop_tool_current,2,44,44,1,0,0,0
System_Failure,drop_tool_current,2,45,45,1,0,0,0
System_Failure,drop_tool_current,2,48,48,1,0,0,0
System_Failure,drop_tool_current,2,49,49,1,0,0,0
System_Failure,drop_tool_current,2,50,50,1,0,0,0
System_Failure,drop_tool_current,3,51,51,1,0,0,0
System_Failure,drop_tool_current,3,52,52,1,0,0,0
System_Failure,drop_tool_current,3,53,53,1,1,1,1
System_Failure,drop_tool_current,3,54,54,1,0,0,0
System_Failure,drop_tool_current,3,55,55,1,0,0,0
System_Failure,drop_tool_current,3,56,56,1,0,0,0
System_Failure,drop_tool_current,3,57,57,1,0,1,0
System_Failure,drop_tool_current,3,58,58,1,0,0,0
System_Failure,drop_tool_current,3,59,59,1,0,0,0
System_Failure,drop_tool_current,3,60,60,1,0,0,0
System_Failure,drop_tool_current,3,61,61,1,0,0,0
System_Failure,drop_tool_current,3,62,62,1,0,1,0
System_Failure,drop_tool_current,3,63,63,1,1,1,1
System_Failure,drop_tool_current,3,64,64,1,1,1,1
System_Failure,drop_tool_current,3,65,65,1,1,1,1
System_Failure,drop_tool_current,3,66,66,1,0,0,0
System_Failure,drop_tool_current,3,67,67,1,1,1,1
System_Failure,drop_tool_current,3,68,68,1,0,0,0
System_Failure,drop_tool_current,3,69,69,1,1,1,1
System_Failure,drop_tool_current,3,70,70,1,0,0,0
System_Failure,drop_tool_current,3,71,71,1,0,1,0
System_Failure,drop_tool_current,3,72,72,1,0,0,0
System_Failure,drop_tool_current,3,73,73,1,0,0,0
System_Failure,drop_tool_current,3,75,74,1,0,0,0
System_Failure,drop_tool_current,4,76,75,1,1,1,1
System_Failure,drop_tool_current,4,85,84,1,0,1,0
System_Failure,drop_tool_current,4,86,85,1,1,1,1
System_Failure,drop_tool_current,4,87,86,1,1,1,1
System_Failure,drop_tool_current,4,88,87,1,0,0,0
System_Failure,drop_tool_current,4,89,88,1,0,0,0
System_Failure,drop_tool_current,4,90,89,1,0,0,0
System_Failure,drop_tool_current,4,91,90,1,1,1,1
System_Failure,drop_tool_current,4,92,91,1,1,1,1
System_Failure,drop_tool_current,4,93,92,1,0,0,0
System_Failure,drop_tool_current,4,94,93,1,0,0,0
System_Failure,drop_tool_current,4,95,94,1,1,1,1
System_Failure,drop_tool_current,4,96,95,1,1,1,1
System_Failure,drop_tool_current,4,97,96,1,1,1,1
System_Failure,drop_tool_current,4,98,97,1,0,0,0
System_Failure,drop_tool_current,4,99,98,1,1,1,1
System_Failure,drop_tool_current,4,100,99,1,0,0,0
System_Failure,drop_tool_current,5,101,100,1,0,0,0
System_Failure,drop_tool_current,5,102,101,1,0,0,0
System_Failure,drop_tool_current,5,103,102,1,1,1,1
System_Failure,drop_tool_current,5,104,103,1,0,0,0
System_Failure,drop_tool_current,5,105,104,1,1,1,1
System_Failure,drop_tool_current,5,106,105,1,0,0,0
System_Failure,drop_tool_current,5,107,106,1,0,0,0
System_Failure,drop_tool_current,5,108,107,1,1,1,1
System_Failure,drop_tool_current,5,109,108,1,0,0,0
System_Failure,drop_tool_current,5,110,109,1,0,0,0
System_Failure,drop_tool_current,5,111,110,1,0,0,0
System_Failure,drop_tool_current,5,112,111,1,0,0,0
System_Failure,drop_tool_current,5,113,112,1,0,0,0
System_Failure,drop_tool_current,5,114,113,1,0,0,0
System_Failure,drop_tool_current,5,115,114,1,1,1,1
System_Failure,drop_tool_current,5,116,115,1,0,0,0
System_Failure,drop_tool_current,5,117,116,1,1,1,1
System_Failure,drop_tool_current,5,118,117,1,1,1,1
System_Failure,drop_tool_current,5,119,118,1,0,0,0
System_Failure,drop_tool_current,5,120,119,1,0,0,0
System_Failure,drop_tool_current,5,121,120,1,0,0,0
System_Failure,drop_tool_current,5,122,121,1,0,0,0
System_Failure,drop_tool_current,5,123,122,1,0,0,0
System_Failure,drop_tool_current,5,124,123,1,0,0,0
System_Failure,drop_tool_current,5,125,124,1,0,0,0
System_Failure,drop_tool_current,7,151,129,1,0,0,0
System_Failure,drop_tool_current,7,152,130,1,1,1,1
System_Failure,drop_tool_current,7,153,131,1,0,0,0
System_Failure,drop_tool_current,7,154,132,1,0,0,0
System_Failure,drop_tool_current,7,155,133,1,0,0,0
System_Failure,drop_tool_current,7,156,134,1,0,0,0
System_Failure,drop_tool_current,7,157,135,1,0,0,0
System_Failure,drop_tool_current,7,159,137,1,1,1,1
System_Failure,drop_tool_current,7,160,138,1,1,1,1
System_Failure,drop_tool_current,7,161,139,1,0,0,0
System_Failure,drop_tool_current,7,162,140,1,0,0,0
System_Failure,drop_tool_current,7,163,141,1,1,1,1
System_Failure,drop_tool_current,7,164,142,1,1,1,1
System_Failure,drop_tool_current,7,165,143,1,0,0,0
System_Failure,drop_tool_current,7,166,144,1,0,0,0
System_Failure,drop_tool_current,7,167,145,1,0,0,0
System_Failure,drop_tool_current,7,168,146,1,0,0,0
System_Failure,drop_tool_current,7,169,147,1,0,0,0
System_Failure,drop_tool_current,7,170,148,1,1,1,1
System_Failure,drop_tool_current,7,171,149,1,0,0,0
System_Failure,drop_tool_current,7,172,150,1,0,0,0
System_Failure,drop_tool_current,7,173,151,1,1,1,1
System_Failure,drop_tool_current,7,174,152,1,1,1,1
System_Failure,drop_tool_current,7,175,153,1,1,1,1
System_Failure,drop_tool_current,8,176,154,1,0,0,0
System_Failure,drop_tool_current,8,177,155,1,0,0,0
System_Failure,drop_tool_current,8,178,156,1,0,0,0
System_Failure,drop_tool_current,8,179,157,1,0,0,0
System_Failure,drop_tool_current,8,180,158,1,1,1,1
System_Failure,drop_tool_current,8,181,159,1,0,0,0
System_Failure,drop_tool_current,8,182,160,1,1,1,1
System_Failure,drop_tool_current,8,183,161,1,1,1,1
System_Failure,drop_tool_current,8,184,162,1,0,0,0
System_Failure,drop_tool_current,8,185,163,1,1,1,1
System_Failure,drop_tool_current,8,199,176,1,0,0,0
System_Failure,drop_tool_current,8,200,177,1,1,1,1
System_Failure,drop_tool_current,9,201,178,1,1,1,1
System_Failure,drop_tool_current,9,202,179,1,1,1,1
System_Failure,drop_tool_current,9,203,180,1,0,0,0
System_Failure,drop_tool_current,9,204,181,1,1,1,1
System_Failure,drop_tool_current,9,205,182,1,0,0,0
System_Failure,drop_tool_current,9,206,183,1,1,1,1
System_Failure,drop_tool_current,9,207,184,1,0,0,0
System_Failure,drop_tool_current,9,208,185,1,1,1,1
System_Failure,drop_tool_current,9,209,186,1,0,0,0
System_Failure,drop_tool_current,9,210,187,1,1,1,1
System_Failure,drop_tool_current,9,211,188,1,0,0,0
System_Failure,drop_tool_current,9,212,189,1,1,1,1
System_Failure,drop_tool_current,9,213,190,1,0,0,0
System_Failure,drop_tool_current,9,214,191,1,1,1,1
System_Failure,drop_tool_current,9,215,192,1,1,1,1
System_Failure,drop_tool_current,9,216,193,1,1,1,1
System_Failure,drop_tool_current,9,217,194,1,1,1,1
System_Failure,drop_tool_current,9,218,195,1,1,1,1
System_Failure,drop_tool_current,9,219,196,1,1,1,1
System_Failure,drop_tool_current,9,220,197,1,1,1,1
System_Failure,drop_tool_current,9,221,198,1,1,1,1
System_Failure,drop_tool_current,9,222,199,1,1,1,1
System_Failure,drop_tool_current,9,223,200,1,1,1,1
System_Failure,drop_tool_current,9,224,201,1,1,1,1
System_Failure,drop_tool_current,9,225,202,1,1,1,1
System_Failure,drop_tool_current,9,224,210,2,1,1,1
System_Failure,drop_tool_current,10,226,203,1,1,1,1
System_Failure,drop_tool_current,10,227,204,1,1,1,1
System_Failure,drop_tool_current,10,229,205,1,1,1,1
System_Failure,drop_tool_current,10,230,206,1,1,1,1
System_Failure,drop_tool_current,10,231,207,1,1,1,1
System_Failure,drop_tool_current,10,232,208,1,0,0,0
System_Failure,drop_tool_current,10,233,209,1,1,1,1
System_Failure,drop_tool_current,10,230,216,2,1,1,1
System_Failure,drop_tool_current,10,231,217,2,1,1,1
System_Failure,drop_tool_current,10,232,218,2,1,1,1
System_Failure,drop_tool_current,10,233,219,2,1,1,1
System_Failure,drop_tool_current,10,234,220,1,1,1,1
System_Failure,drop_tool_current,10,235,221,1,1,1,1
System_Failure,drop_tool_current,10,236,222,1,0,0,0
System_Failure,drop_tool_current,10,237,223,1,1,1,1
System_Failure,drop_tool_current,10,238,224,1,0,0,0
System_Failure,drop_tool_current,10,239,225,1,1,1,1
System_Failure,drop_tool_current,10,240,226,1,1,1,1
System_Failure,drop_tool_current,10,241,227,1,0,0,0
System_Failure,drop_tool_current,10,242,228,1,1,1,1
System_Failure,drop_tool_current,10,243,229,1,0,0,0
System_Failure,drop_tool_current,10,245,230,1,0,0,0
System_Failure,drop_tool_current,10,246,231,1,1,1,1
System_Failure,drop_tool_current,10,247,232,1,1,1,1
System_Failure,drop_tool_current,10,248,233,1,0,0,0
System_Failure,drop_tool_current,10,249,234,1,1,1,1
System_Failure,drop_tool_current,10,250,235,1,1,1,1
ProtectiveStop,all_19,1,1,1,1,1,0,0
ProtectiveStop,all_19,1,2,2,1,0,0,0
ProtectiveStop,all_19,1,3,3,1,0,0,0
ProtectiveStop,all_19,1,4,4,1,0,0,0
ProtectiveStop,all_19,1,5,5,1,0,0,0
ProtectiveStop,all_19,1,6,6,1,0,0,0
ProtectiveStop,all_19,1,8,8,1,0,0,0
ProtectiveStop,all_19,1,9,9,1,0,0,0
ProtectiveStop,all_19,1,10,10,1,0,0,0
ProtectiveStop,all_19,1,11,11,1,0,0,0
ProtectiveStop,all_19,1,12,12,1,0,0,0
ProtectiveStop,all_19,1,13,13,1,0,0,0
ProtectiveStop,all_19,1,14,14,1,0,0,0
ProtectiveStop,all_19,1,15,15,1,0,0,0
ProtectiveStop,all_19,1,16,16,1,0,0,0
ProtectiveStop,all_19,1,17,17,1,0,0,0
ProtectiveStop,all_19,1,18,18,1,0,0,0
ProtectiveStop,all_19,1,19,19,1,0,0,0
ProtectiveStop,all_19,1,20,20,1,0,0,0
ProtectiveStop,all_19,1,21,21,1,0,0,0
ProtectiveStop,all_19,1,22,22,1,1,1,1
ProtectiveStop,all_19,1,23,23,1,0,0,0
ProtectiveStop,all_19,1,24,24,1,0,0,0
ProtectiveStop,all_19,1,25,25,1,0,0,0
ProtectiveStop,all_19,2,26,26,1,0,0,0
ProtectiveStop,all_19,2,27,27,1,0,0,0
ProtectiveStop,all_19,2,28,28,1,0,0,0
ProtectiveStop,all_19,2,29,29,1,0,0,0
ProtectiveStop,all_19,2,30,30,1,0,0,0
ProtectiveStop,all_19,2,31,31,1,0,0,0
ProtectiveStop,all_19,2,32,32,1,0,0,0
ProtectiveStop,all_19,2,33,33,1,0,0,0
ProtectiveStop,all_19,2,34,34,1,0,0,0
ProtectiveStop,all_19,2,35,35,1,1,1,1
ProtectiveStop,all_19,2,36,36,1,0,0,0
ProtectiveStop,all_19,2,37,37,1,0,0,0
ProtectiveStop,all_19,2,38,38,1,0,0,0
ProtectiveStop,all_19,2,39,39,1,0,0,0
ProtectiveStop,all_19,2,40,40,1,0,0,0
ProtectiveStop,all_19,2,41,41,1,0,0,0
ProtectiveStop,all_19,2,42,42,1,1,1,1
ProtectiveStop,all_19,2,43,43,1,0,0,0
ProtectiveStop,all_19,2,44,44,1,0,0,0
ProtectiveStop,all_19,2,45,45,1,0,0,0
ProtectiveStop,all_19,2,48,48,1,0,0,0
ProtectiveStop,all_19,2,49,49,1,0,0,0
ProtectiveStop,all_19,2,50,50,1,0,0,0
ProtectiveStop,all_19,3,51,51,1,0,0,0
ProtectiveStop,all_19,3,52,52,1,0,0,0
ProtectiveStop,all_19,3,53,53,1,1,1,1
ProtectiveStop,all_19,3,54,54,1,0,0,0
ProtectiveStop,all_19,3,55,55,1,0,0,0
ProtectiveStop,all_19,3,56,56,1,0,0,0
ProtectiveStop,all_19,3,57,57,1,0,1,0
ProtectiveStop,all_19,3,58,58,1,0,0,0
ProtectiveStop,all_19,3,59,59,1,0,0,0
ProtectiveStop,all_19,3,60,60,1,0,0,0
ProtectiveStop,all_19,3,61,61,1,0,0,0
ProtectiveStop,all_19,3,62,62,1,0,1,0
ProtectiveStop,all_19,3,63,63,1,1,1,1
ProtectiveStop,all_19,3,64,64,1,0,0,0
ProtectiveStop,all_19,3,65,65,1,0,0,0
ProtectiveStop,all_19,3,66,66,1,0,0,0
ProtectiveStop,all_19,3,67,67,1,0,0,0
ProtectiveStop,all_19,3,68,68,1,0,0,0
ProtectiveStop,all_19,3,69,69,1,1,1,1
ProtectiveStop,all_19,3,70,70,1,0,0,0
ProtectiveStop,all_19,3,71,71,1,0,1,0
ProtectiveStop,all_19,3,72,72,1,0,0,0
ProtectiveStop,all_19,3,73,73,1,0,0,0
ProtectiveStop,all_19,3,75,74,1,0,0,0
ProtectiveStop,all_19,4,76,75,1,0,0,0
ProtectiveStop,all_19,4,85,84,1,0,1,0
ProtectiveStop,all_19,4,86,85,1,1,1,1
ProtectiveStop,all_19,4,87,86,1,1,1,1
ProtectiveStop,all_19,4,88,87,1,0,0,0
ProtectiveStop,all_19,4,89,88,1,0,0,0
ProtectiveStop,all_19,4,90,89,1,0,0,0
ProtectiveStop,all_19,4,91,90,1,0,0,0
ProtectiveStop,all_19,4,92,91,1,0,0,0
ProtectiveStop,all_19,4,93,92,1,0,0,0
ProtectiveStop,all_19,4,94,93,1,0,0,0
ProtectiveStop,all_19,4,95,94,1,0,0,0
ProtectiveStop,all_19,4,96,95,1,0,0,0
ProtectiveStop,all_19,4,97,96,1,0,0,0
ProtectiveStop,all_19,4,98,97,1,0,0,0
ProtectiveStop,all_19,4,99,98,1,1,1,1
ProtectiveStop,all_19,4,100,99,1,0,0,0
ProtectiveStop,all_19,5,101,100,1,0,0,0
ProtectiveStop,all_19,5,102,101,1,0,0,0
ProtectiveStop,all_19,5,103,102,1,1,1,1
ProtectiveStop,all_19,5,104,103,1,0,0,0
ProtectiveStop,all_19,5,105,104,1,0,0,0
ProtectiveStop,all_19,5,106,105,1,0,0,0
ProtectiveStop,all_19,5,107,106,1,0,0,0
ProtectiveStop,all_19,5,108,107,1,1,1,1
ProtectiveStop,all_19,5,109,108,1,0,0,0
ProtectiveStop,all_19,5,110,109,1,0,0,0
ProtectiveStop,all_19,5,111,110,1,0,0,0
ProtectiveStop,all_19,5,112,111,1,0,0,0
ProtectiveStop,all_19,5,113,112,1,0,0,0
ProtectiveStop,all_19,5,114,113,1,0,0,0
ProtectiveStop,all_19,5,115,114,1,1,1,1
ProtectiveStop,all_19,5,116,115,1,0,0,0
ProtectiveStop,all_19,5,117,116,1,1,1,1
ProtectiveStop,all_19,5,118,117,1,1,1,1
ProtectiveStop,all_19,5,119,118,1,0,0,0
ProtectiveStop,all_19,5,120,119,1,0,0,0
ProtectiveStop,all_19,5,121,120,1,0,0,0
ProtectiveStop,all_19,5,122,121,1,0,0,0
ProtectiveStop,all_19,5,123,122,1,0,0,0
ProtectiveStop,all_19,5,124,123,1,0,0,0
ProtectiveStop,all_19,5,125,124,1,0,0,0
ProtectiveStop,all_19,7,151,129,1,0,0,0
ProtectiveStop,all_19,7,152,130,1,1,1,1
ProtectiveStop,all_19,7,153,131,1,0,0,0
ProtectiveStop,all_19,7,154,132,1,0,0,0
ProtectiveStop,all_19,7,155,133,1,0,0,0
ProtectiveStop,all_19,7,156,134,1,0,0,0
ProtectiveStop,all_19,7,157,135,1,0,0,0
ProtectiveStop,all_19,7,159,137,1,1,1,1
ProtectiveStop,all_19,7,160,138,1,0,0,0
ProtectiveStop,all_19,7,161,139,1,0,0,0
ProtectiveStop,all_19,7,162,140,1,0,0,0
ProtectiveStop,all_19,7,163,141,1,1,1,1
ProtectiveStop,all_19,7,164,142,1,1,1,1
ProtectiveStop,all_19,7,165,143,1,0,0,0
ProtectiveStop,all_19,7,166,144,1,0,0,0
ProtectiveStop,all_19,7,167,145,1,0,0,0
ProtectiveStop,all_19,7,168,146,1,0,0,0
ProtectiveStop,all_19,7,169,147,1,0,0,0
ProtectiveStop,all_19,7,170,148,1,1,1,1
ProtectiveStop,all_19,7,171,149,1,0,0,0
ProtectiveStop,all_19,7,172,150,1,0,0,0
ProtectiveStop,all_19,7,173,151,1,1,1,1
ProtectiveStop,all_19,7,174,152,1,1,1,1
ProtectiveStop,all_19,7,175,153,1,1,1,1
ProtectiveStop,all_19,8,176,154,1,0,0,0
ProtectiveStop,all_19,8,177,155,1,0,0,0
ProtectiveStop,all_19,8,178,156,1,0,0,0
ProtectiveStop,all_19,8,179,157,1,0,0,0
ProtectiveStop,all_19,8,180,158,1,0,0,0
ProtectiveStop,all_19,8,181,159,1,0,0,0
ProtectiveStop,all_19,8,182,160,1,1,1,1
ProtectiveStop,all_19,8,183,161,1,1,1,1
ProtectiveStop,all_19,8,184,162,1,0,0,0
ProtectiveStop,all_19,8,185,163,1,1,1,1
ProtectiveStop,all_19,8,199,176,1,0,0,0
ProtectiveStop,all_19,8,200,177,1,0,0,0
ProtectiveStop,all_19,9,201,178,1,1,1,1
ProtectiveStop,all_19,9,202,179,1,0,0,0
ProtectiveStop,all_19,9,203,180,1,0,0,0
ProtectiveStop,all_19,9,204,181,1,1,1,1
ProtectiveStop,all_19,9,205,182,1,0,0,0
ProtectiveStop,all_19,9,206,183,1,1,1,1
ProtectiveStop,all_19,9,207,184,1,0,0,0
ProtectiveStop,all_19,9,208,185,1,0,0,0
ProtectiveStop,all_19,9,209,186,1,0,0,0
ProtectiveStop,all_19,9,210,187,1,1,1,1
ProtectiveStop,all_19,9,211,188,1,0,0,0
ProtectiveStop,all_19,9,212,189,1,1,1,1
ProtectiveStop,all_19,9,213,190,1,0,0,0
ProtectiveStop,all_19,9,214,191,1,1,1,1
ProtectiveStop,all_19,9,215,192,1,1,1,1
ProtectiveStop,all_19,9,216,193,1,0,0,0
ProtectiveStop,all_19,9,217,194,1,1,1,1
ProtectiveStop,all_19,9,218,195,1,1,1,1
ProtectiveStop,all_19,9,219,196,1,1,1,1
ProtectiveStop,all_19,9,220,197,1,1,1,1
ProtectiveStop,all_19,9,221,198,1,1,0,0
ProtectiveStop,all_19,9,222,199,1,1,1,1
ProtectiveStop,all_19,9,223,200,1,1,1,1
ProtectiveStop,all_19,9,224,201,1,1,1,1
ProtectiveStop,all_19,9,225,202,1,1,1,1
ProtectiveStop,all_19,9,224,210,2,1,1,1
ProtectiveStop,all_19,10,226,203,1,1,1,1
ProtectiveStop,all_19,10,227,204,1,1,0,0
ProtectiveStop,all_19,10,229,205,1,1,1,1
ProtectiveStop,all_19,10,230,206,1,1,1,1
ProtectiveStop,all_19,10,231,207,1,1,1,1
ProtectiveStop,all_19,10,232,208,1,0,0,0
ProtectiveStop,all_19,10,233,209,1,1,1,1
ProtectiveStop,all_19,10,230,216,2,1,1,1
ProtectiveStop,all_19,10,231,217,2,1,1,1
ProtectiveStop,all_19,10,232,218,2,1,1,1
ProtectiveStop,all_19,10,233,219,2,0,0,0
ProtectiveStop,all_19,10,234,220,1,1,1,1
ProtectiveStop,all_19,10,235,221,1,1,1,1
ProtectiveStop,all_19,10,236,222,1,0,0,0
ProtectiveStop,all_19,10,237,223,1,1,1,1
ProtectiveStop,all_19,10,238,224,1,0,0,0
ProtectiveStop,all_19,10,239,225,1,1,1,1
ProtectiveStop,all_19,10,240,226,1,1,1,1
ProtectiveStop,all_19,10,241,227,1,0,0,0
ProtectiveStop,all_19,10,242,228,1,1,1,1
ProtectiveStop,all_19,10,243,229,1,0,0,0
ProtectiveStop,all_19,10,245,230,1,0,0,0
ProtectiveStop,all_19,10,246,231,1,1,1,1
ProtectiveStop,all_19,10,247,232,1,1,1,1
ProtectiveStop,all_19,10,248,233,1,0,0,0
ProtectiveStop,all_19,10,249,234,1,1,1,1
ProtectiveStop,all_19,10,250,235,1,1,1,1
ProtectiveStop,current_family_only,1,1,1,1,1,1,1
ProtectiveStop,current_family_only,1,2,2,1,0,0,0
ProtectiveStop,current_family_only,1,3,3,1,0,0,0
ProtectiveStop,current_family_only,1,4,4,1,0,0,0
ProtectiveStop,current_family_only,1,5,5,1,0,0,0
ProtectiveStop,current_family_only,1,6,6,1,0,1,0
ProtectiveStop,current_family_only,1,8,8,1,0,0,0
ProtectiveStop,current_family_only,1,9,9,1,0,0,0
ProtectiveStop,current_family_only,1,10,10,1,0,0,0
ProtectiveStop,current_family_only,1,11,11,1,0,0,0
ProtectiveStop,current_family_only,1,12,12,1,0,0,0
ProtectiveStop,current_family_only,1,13,13,1,0,0,0
ProtectiveStop,current_family_only,1,14,14,1,0,0,0
ProtectiveStop,current_family_only,1,15,15,1,0,0,0
ProtectiveStop,current_family_only,1,16,16,1,0,0,0
ProtectiveStop,current_family_only,1,17,17,1,0,0,0
ProtectiveStop,current_family_only,1,18,18,1,0,0,0
ProtectiveStop,current_family_only,1,19,19,1,0,0,0
ProtectiveStop,current_family_only,1,20,20,1,0,0,0
ProtectiveStop,current_family_only,1,21,21,1,0,0,0
ProtectiveStop,current_family_only,1,22,22,1,1,1,1
ProtectiveStop,current_family_only,1,23,23,1,0,0,0
ProtectiveStop,current_family_only,1,24,24,1,0,0,0
ProtectiveStop,current_family_only,1,25,25,1,0,0,0
ProtectiveStop,current_family_only,2,26,26,1,0,0,0
ProtectiveStop,current_family_only,2,27,27,1,0,0,0
ProtectiveStop,current_family_only,2,28,28,1,0,0,0
ProtectiveStop,current_family_only,2,29,29,1,0,0,0
ProtectiveStop,current_family_only,2,30,30,1,0,0,0
ProtectiveStop,current_family_only,2,31,31,1,0,1,0
ProtectiveStop,current_family_only,2,32,32,1,0,0,0
ProtectiveStop,current_family_only,2,33,33,1,0,0,0
ProtectiveStop,current_family_only,2,34,34,1,0,1,0
ProtectiveStop,current_family_only,2,35,35,1,1,1,1
ProtectiveStop,current_family_only,2,36,36,1,0,1,0
ProtectiveStop,current_family_only,2,37,37,1,0,0,0
ProtectiveStop,current_family_only,2,38,38,1,0,0,0
ProtectiveStop,current_family_only,2,39,39,1,0,0,0
ProtectiveStop,current_family_only,2,40,40,1,0,0,0
ProtectiveStop,current_family_only,2,41,41,1,0,0,0
ProtectiveStop,current_family_only,2,42,42,1,1,1,1
ProtectiveStop,current_family_only,2,43,43,1,0,0,0
ProtectiveStop,current_family_only,2,44,44,1,0,0,0
ProtectiveStop,current_family_only,2,45,45,1,0,0,0
ProtectiveStop,current_family_only,2,48,48,1,0,0,0
ProtectiveStop,current_family_only,2,49,49,1,0,0,0
ProtectiveStop,current_family_only,2,50,50,1,0,0,0
ProtectiveStop,current_family_only,3,51,51,1,0,0,0
ProtectiveStop,current_family_only,3,52,52,1,0,0,0
ProtectiveStop,current_family_only,3,53,53,1,1,1,1
ProtectiveStop,current_family_only,3,54,54,1,0,0,0
ProtectiveStop,current_family_only,3,55,55,1,0,0,0
ProtectiveStop,current_family_only,3,56,56,1,0,0,0
ProtectiveStop,current_family_only,3,57,57,1,0,0,0
ProtectiveStop,current_family_only,3,58,58,1,0,0,0
ProtectiveStop,current_family_only,3,59,59,1,0,0,0
ProtectiveStop,current_family_only,3,60,60,1,0,0,0
ProtectiveStop,current_family_only,3,61,61,1,0,0,0
ProtectiveStop,current_family_only,3,62,62,1,0,1,0
ProtectiveStop,current_family_only,3,63,63,1,1,1,1
ProtectiveStop,current_family_only,3,64,64,1,0,0,0
ProtectiveStop,current_family_only,3,65,65,1,0,0,0
ProtectiveStop,current_family_only,3,66,66,1,0,0,0
ProtectiveStop,current_family_only,3,67,67,1,0,0,0
ProtectiveStop,current_family_only,3,68,68,1,0,0,0
ProtectiveStop,current_family_only,3,69,69,1,1,0,0
ProtectiveStop,current_family_only,3,70,70,1,0,1,0
ProtectiveStop,current_family_only,3,71,71,1,0,1,0
ProtectiveStop,current_family_only,3,72,72,1,0,0,0
ProtectiveStop,current_family_only,3,73,73,1,0,0,0
ProtectiveStop,current_family_only,3,75,74,1,0,0,0
ProtectiveStop,current_family_only,4,76,75,1,0,0,0
ProtectiveStop,current_family_only,4,85,84,1,0,1,0
ProtectiveStop,current_family_only,4,86,85,1,1,1,1
ProtectiveStop,current_family_only,4,87,86,1,1,1,1
ProtectiveStop,current_family_only,4,88,87,1,0,0,0
ProtectiveStop,current_family_only,4,89,88,1,0,0,0
ProtectiveStop,current_family_only,4,90,89,1,0,0,0
ProtectiveStop,current_family_only,4,91,90,1,0,0,0
ProtectiveStop,current_family_only,4,92,91,1,0,0,0
ProtectiveStop,current_family_only,4,93,92,1,0,0,0
ProtectiveStop,current_family_only,4,94,93,1,0,0,0
ProtectiveStop,current_family_only,4,95,94,1,0,0,0
ProtectiveStop,current_family_only,4,96,95,1,0,0,0
ProtectiveStop,current_family_only,4,97,96,1,0,0,0
ProtectiveStop,current_family_only,4,98,97,1,0,0,0
ProtectiveStop,current_family_only,4,99,98,1,1,1,1
ProtectiveStop,current_family_only,4,100,99,1,0,0,0
ProtectiveStop,current_family_only,5,101,100,1,0,0,0
ProtectiveStop,current_family_only,5,102,101,1,0,0,0
ProtectiveStop,current_family_only,5,103,102,1,1,1,1
ProtectiveStop,current_family_only,5,104,103,1,0,0,0
ProtectiveStop,current_family_only,5,105,104,1,0,0,0
ProtectiveStop,current_family_only,5,106,105,1,0,0,0
ProtectiveStop,current_family_only,5,107,106,1,0,0,0
ProtectiveStop,current_family_only,5,108,107,1,1,1,1
ProtectiveStop,current_family_only,5,109,108,1,0,0,0
ProtectiveStop,current_family_only,5,110,109,1,0,0,0
ProtectiveStop,current_family_only,5,111,110,1,0,0,0
ProtectiveStop,current_family_only,5,112,111,1,0,0,0
ProtectiveStop,current_family_only,5,113,112,1,0,0,0
ProtectiveStop,current_family_only,5,114,113,1,0,0,0
ProtectiveStop,current_family_only,5,115,114,1,1,1,1
ProtectiveStop,current_family_only,5,116,115,1,0,0,0
ProtectiveStop,current_family_only,5,117,116,1,1,1,1
ProtectiveStop,current_family_only,5,118,117,1,1,1,1
ProtectiveStop,current_family_only,5,119,118,1,0,0,0
ProtectiveStop,current_family_only,5,120,119,1,0,1,0
ProtectiveStop,current_family_only,5,121,120,1,0,0,0
ProtectiveStop,current_family_only,5,122,121,1,0,0,0
ProtectiveStop,current_family_only,5,123,122,1,0,0,0
ProtectiveStop,current_family_only,5,124,123,1,0,0,0
ProtectiveStop,current_family_only,5,125,124,1,0,0,0
ProtectiveStop,current_family_only,7,151,129,1,0,0,0
ProtectiveStop,current_family_only,7,152,130,1,1,1,1
ProtectiveStop,current_family_only,7,153,131,1,0,0,0
ProtectiveStop,current_family_only,7,154,132,1,0,0,0
ProtectiveStop,current_family_only,7,155,133,1,0,0,0
ProtectiveStop,current_family_only,7,156,134,1,0,0,0
ProtectiveStop,current_family_only,7,157,135,1,0,0,0
ProtectiveStop,current_family_only,7,159,137,1,1,1,1
ProtectiveStop,current_family_only,7,160,138,1,0,0,0
ProtectiveStop,current_family_only,7,161,139,1,0,0,0
ProtectiveStop,current_family_only,7,162,140,1,0,0,0
ProtectiveStop,current_family_only,7,163,141,1,1,1,1
ProtectiveStop,current_family_only,7,164,142,1,1,1,1
ProtectiveStop,current_family_only,7,165,143,1,0,0,0
ProtectiveStop,current_family_only,7,166,144,1,0,0,0
ProtectiveStop,current_family_only,7,167,145,1,0,0,0
ProtectiveStop,current_family_only,7,168,146,1,0,0,0
ProtectiveStop,current_family_only,7,169,147,1,0,0,0
ProtectiveStop,current_family_only,7,170,148,1,1,1,1
ProtectiveStop,current_family_only,7,171,149,1,0,0,0
ProtectiveStop,current_family_only,7,172,150,1,0,0,0
ProtectiveStop,current_family_only,7,173,151,1,1,1,1
ProtectiveStop,current_family_only,7,174,152,1,1,1,1
ProtectiveStop,current_family_only,7,175,153,1,1,1,1
ProtectiveStop,current_family_only,8,176,154,1,0,0,0
ProtectiveStop,current_family_only,8,177,155,1,0,0,0
ProtectiveStop,current_family_only,8,178,156,1,0,0,0
ProtectiveStop,current_family_only,8,179,157,1,0,0,0
ProtectiveStop,current_family_only,8,180,158,1,0,0,0
ProtectiveStop,current_family_only,8,181,159,1,0,0,0
ProtectiveStop,current_family_only,8,182,160,1,1,1,1
ProtectiveStop,current_family_only,8,183,161,1,1,1,1
ProtectiveStop,current_family_only,8,184,162,1,0,0,0
ProtectiveStop,current_family_only,8,185,163,1,1,1,1
ProtectiveStop,current_family_only,8,199,176,1,0,0,0
ProtectiveStop,current_family_only,8,200,177,1,0,0,0
ProtectiveStop,current_family_only,9,201,178,1,1,1,1
ProtectiveStop,current_family_only,9,202,179,1,0,0,0
ProtectiveStop,current_family_only,9,203,180,1,0,0,0
ProtectiveStop,current_family_only,9,204,181,1,1,1,1
ProtectiveStop,current_family_only,9,205,182,1,0,0,0
ProtectiveStop,current_family_only,9,206,183,1,1,1,1
ProtectiveStop,current_family_only,9,207,184,1,0,0,0
ProtectiveStop,current_family_only,9,208,185,1,0,0,0
ProtectiveStop,current_family_only,9,209,186,1,0,0,0
ProtectiveStop,current_family_only,9,210,187,1,1,1,1
ProtectiveStop,current_family_only,9,211,188,1,0,0,0
ProtectiveStop,current_family_only,9,212,189,1,1,1,1
ProtectiveStop,current_family_only,9,213,190,1,0,0,0
ProtectiveStop,current_family_only,9,214,191,1,1,1,1
ProtectiveStop,current_family_only,9,215,192,1,1,0,0
ProtectiveStop,current_family_only,9,216,193,1,0,0,0
ProtectiveStop,current_family_only,9,217,194,1,1,1,1
ProtectiveStop,current_family_only,9,218,195,1,1,1,1
ProtectiveStop,current_family_only,9,219,196,1,1,1,1
ProtectiveStop,current_family_only,9,220,197,1,1,1,1
ProtectiveStop,current_family_only,9,221,198,1,1,0,0
ProtectiveStop,current_family_only,9,222,199,1,1,1,1
ProtectiveStop,current_family_only,9,223,200,1,1,1,1
ProtectiveStop,current_family_only,9,224,201,1,1,1,1
ProtectiveStop,current_family_only,9,225,202,1,1,1,1
ProtectiveStop,current_family_only,9,224,210,2,1,1,1
ProtectiveStop,current_family_only,10,226,203,1,1,1,1
ProtectiveStop,current_family_only,10,227,204,1,1,1,1
ProtectiveStop,current_family_only,10,229,205,1,1,1,1
ProtectiveStop,current_family_only,10,230,206,1,1,1,1
ProtectiveStop,current_family_only,10,231,207,1,1,1,1
ProtectiveStop,current_family_only,10,232,208,1,0,0,0
ProtectiveStop,current_family_only,10,233,209,1,1,1,1
ProtectiveStop,current_family_only,10,230,216,2,1,1,1
ProtectiveStop,current_family_only,10,231,217,2,1,1,1
ProtectiveStop,current_family_only,10,232,218,2,1,1,1
ProtectiveStop,current_family_only,10,233,219,2,0,0,0
ProtectiveStop,current_family_only,10,234,220,1,1,1,1
ProtectiveStop,current_family_only,10,235,221,1,1,1,1
ProtectiveStop,current_family_only,10,236,222,1,0,0,0
ProtectiveStop,current_family_only,10,237,223,1,1,1,1
ProtectiveStop,current_family_only,10,238,224,1,0,1,0
ProtectiveStop,current_family_only,10,239,225,1,1,1,1
ProtectiveStop,current_family_only,10,240,226,1,1,1,1
ProtectiveStop,current_family_only,10,241,227,1,0,0,0
ProtectiveStop,current_family_only,10,242,228,1,1,0,0
ProtectiveStop,current_family_only,10,243,229,1,0,0,0
ProtectiveStop,current_family_only,10,245,230,1,0,0,0
ProtectiveStop,current_family_only,10,246,231,1,1,1,1
ProtectiveStop,current_family_only,10,247,232,1,1,1,1
ProtectiveStop,current_family_only,10,248,233,1,0,0,0
ProtectiveStop,current_family_only,10,249,234,1,1,1,1
ProtectiveStop,current_family_only,10,250,235,1,1,1,1
ProtectiveStop,joint_current_only,1,1,1,1,1,1,1
ProtectiveStop,joint_current_only,1,2,2,1,0,0,0
ProtectiveStop,joint_current_only,1,3,3,1,0,0,0
ProtectiveStop,joint_current_only,1,4,4,1,0,0,0
ProtectiveStop,joint_current_only,1,5,5,1,0,0,0
ProtectiveStop,joint_current_only,1,6,6,1,0,1,0
ProtectiveStop,joint_current_only,1,8,8,1,0,0,0
ProtectiveStop,joint_current_only,1,9,9,1,0,0,0
ProtectiveStop,joint_current_only,1,10,10,1,0,0,0
ProtectiveStop,joint_current_only,1,11,11,1,0,0,0
ProtectiveStop,joint_current_only,1,12,12,1,0,0,0
ProtectiveStop,joint_current_only,1,13,13,1,0,0,0
ProtectiveStop,joint_current_only,1,14,14,1,0,0,0
ProtectiveStop,joint_current_only,1,15,15,1,0,0,0
ProtectiveStop,joint_current_only,1,16,16,1,0,0,0
ProtectiveStop,joint_current_only,1,17,17,1,0,0,0
ProtectiveStop,joint_current_only,1,18,18,1,0,0,0
ProtectiveStop,joint_current_only,1,19,19,1,0,0,0
ProtectiveStop,joint_current_only,1,20,20,1,0,0,0
ProtectiveStop,joint_current_only,1,21,21,1,0,0,0
ProtectiveStop,joint_current_only,1,22,22,1,1,1,1
ProtectiveStop,joint_current_only,1,23,23,1,0,0,0
ProtectiveStop,joint_current_only,1,24,24,1,0,0,0
ProtectiveStop,joint_current_only,1,25,25,1,0,0,0
ProtectiveStop,joint_current_only,2,26,26,1,0,0,0
ProtectiveStop,joint_current_only,2,27,27,1,0,0,0
ProtectiveStop,joint_current_only,2,28,28,1,0,0,0
ProtectiveStop,joint_current_only,2,29,29,1,0,0,0
ProtectiveStop,joint_current_only,2,30,30,1,0,0,0
ProtectiveStop,joint_current_only,2,31,31,1,0,1,0
ProtectiveStop,joint_current_only,2,32,32,1,0,0,0
ProtectiveStop,joint_current_only,2,33,33,1,0,0,0
ProtectiveStop,joint_current_only,2,34,34,1,0,1,0
ProtectiveStop,joint_current_only,2,35,35,1,1,1,1
ProtectiveStop,joint_current_only,2,36,36,1,0,1,0
ProtectiveStop,joint_current_only,2,37,37,1,0,0,0
ProtectiveStop,joint_current_only,2,38,38,1,0,0,0
ProtectiveStop,joint_current_only,2,39,39,1,0,0,0
ProtectiveStop,joint_current_only,2,40,40,1,0,0,0
ProtectiveStop,joint_current_only,2,41,41,1,0,0,0
ProtectiveStop,joint_current_only,2,42,42,1,1,1,1
ProtectiveStop,joint_current_only,2,43,43,1,0,0,0
ProtectiveStop,joint_current_only,2,44,44,1,0,0,0
ProtectiveStop,joint_current_only,2,45,45,1,0,0,0
ProtectiveStop,joint_current_only,2,48,48,1,0,0,0
ProtectiveStop,joint_current_only,2,49,49,1,0,0,0
ProtectiveStop,joint_current_only,2,50,50,1,0,0,0
ProtectiveStop,joint_current_only,3,51,51,1,0,0,0
ProtectiveStop,joint_current_only,3,52,52,1,0,0,0
ProtectiveStop,joint_current_only,3,53,53,1,1,1,1
ProtectiveStop,joint_current_only,3,54,54,1,0,0,0
ProtectiveStop,joint_current_only,3,55,55,1,0,0,0
ProtectiveStop,joint_current_only,3,56,56,1,0,0,0
ProtectiveStop,joint_current_only,3,57,57,1,0,0,0
ProtectiveStop,joint_current_only,3,58,58,1,0,0,0
ProtectiveStop,joint_current_only,3,59,59,1,0,0,0
ProtectiveStop,joint_current_only,3,60,60,1,0,0,0
ProtectiveStop,joint_current_only,3,61,61,1,0,0,0
ProtectiveStop,joint_current_only,3,62,62,1,0,0,0
ProtectiveStop,joint_current_only,3,63,63,1,1,1,1
ProtectiveStop,joint_current_only,3,64,64,1,0,0,0
ProtectiveStop,joint_current_only,3,65,65,1,0,0,0
ProtectiveStop,joint_current_only,3,66,66,1,0,0,0
ProtectiveStop,joint_current_only,3,67,67,1,0,0,0
ProtectiveStop,joint_current_only,3,68,68,1,0,0,0
ProtectiveStop,joint_current_only,3,69,69,1,1,1,1
ProtectiveStop,joint_current_only,3,70,70,1,0,1,0
ProtectiveStop,joint_current_only,3,71,71,1,0,1,0
ProtectiveStop,joint_current_only,3,72,72,1,0,0,0
ProtectiveStop,joint_current_only,3,73,73,1,0,0,0
ProtectiveStop,joint_current_only,3,75,74,1,0,0,0
ProtectiveStop,joint_current_only,4,76,75,1,0,0,0
ProtectiveStop,joint_current_only,4,85,84,1,0,0,0
ProtectiveStop,joint_current_only,4,86,85,1,1,1,1
ProtectiveStop,joint_current_only,4,87,86,1,1,1,1
ProtectiveStop,joint_current_only,4,88,87,1,0,0,0
ProtectiveStop,joint_current_only,4,89,88,1,0,0,0
ProtectiveStop,joint_current_only,4,90,89,1,0,0,0
ProtectiveStop,joint_current_only,4,91,90,1,0,0,0
ProtectiveStop,joint_current_only,4,92,91,1,0,0,0
ProtectiveStop,joint_current_only,4,93,92,1,0,0,0
ProtectiveStop,joint_current_only,4,94,93,1,0,0,0
ProtectiveStop,joint_current_only,4,95,94,1,0,0,0
ProtectiveStop,joint_current_only,4,96,95,1,0,0,0
ProtectiveStop,joint_current_only,4,97,96,1,0,0,0
ProtectiveStop,joint_current_only,4,98,97,1,0,0,0
ProtectiveStop,joint_current_only,4,99,98,1,1,1,1
ProtectiveStop,joint_current_only,4,100,99,1,0,0,0
ProtectiveStop,joint_current_only,5,101,100,1,0,0,0
ProtectiveStop,joint_current_only,5,102,101,1,0,0,0
ProtectiveStop,joint_current_only,5,103,102,1,1,1,1
ProtectiveStop,joint_current_only,5,104,103,1,0,0,0
ProtectiveStop,joint_current_only,5,105,104,1,0,0,0
ProtectiveStop,joint_current_only,5,106,105,1,0,0,0
ProtectiveStop,joint_current_only,5,107,106,1,0,0,0
ProtectiveStop,joint_current_only,5,108,107,1,1,1,1
ProtectiveStop,joint_current_only,5,109,108,1,0,0,0
ProtectiveStop,joint_current_only,5,110,109,1,0,0,0
ProtectiveStop,joint_current_only,5,111,110,1,0,0,0
ProtectiveStop,joint_current_only,5,112,111,1,0,0,0
ProtectiveStop,joint_current_only,5,113,112,1,0,0,0
ProtectiveStop,joint_current_only,5,114,113,1,0,0,0
ProtectiveStop,joint_current_only,5,115,114,1,1,1,1
ProtectiveStop,joint_current_only,5,116,115,1,0,0,0
ProtectiveStop,joint_current_only,5,117,116,1,1,1,1
ProtectiveStop,joint_current_only,5,118,117,1,1,1,1
ProtectiveStop,joint_current_only,5,119,118,1,0,0,0
ProtectiveStop,joint_current_only,5,120,119,1,0,1,0
ProtectiveStop,joint_current_only,5,121,120,1,0,0,0
ProtectiveStop,joint_current_only,5,122,121,1,0,0,0
ProtectiveStop,joint_current_only,5,123,122,1,0,0,0
ProtectiveStop,joint_current_only,5,124,123,1,0,0,0
ProtectiveStop,joint_current_only,5,125,124,1,0,1,0
ProtectiveStop,joint_current_only,7,151,129,1,0,0,0
ProtectiveStop,joint_current_only,7,152,130,1,1,1,1
ProtectiveStop,joint_current_only,7,153,131,1,0,0,0
ProtectiveStop,joint_current_only,7,154,132,1,0,0,0
ProtectiveStop,joint_current_only,7,155,133,1,0,0,0
ProtectiveStop,joint_current_only,7,156,134,1,0,0,0
ProtectiveStop,joint_current_only,7,157,135,1,0,0,0
ProtectiveStop,joint_current_only,7,159,137,1,1,1,1
ProtectiveStop,joint_current_only,7,160,138,1,0,0,0
ProtectiveStop,joint_current_only,7,161,139,1,0,0,0
ProtectiveStop,joint_current_only,7,162,140,1,0,0,0
ProtectiveStop,joint_current_only,7,163,141,1,1,1,1
ProtectiveStop,joint_current_only,7,164,142,1,1,1,1
ProtectiveStop,joint_current_only,7,165,143,1,0,0,0
ProtectiveStop,joint_current_only,7,166,144,1,0,0,0
ProtectiveStop,joint_current_only,7,167,145,1,0,0,0
ProtectiveStop,joint_current_only,7,168,146,1,0,0,0
ProtectiveStop,joint_current_only,7,169,147,1,0,0,0
ProtectiveStop,joint_current_only,7,170,148,1,1,1,1
ProtectiveStop,joint_current_only,7,171,149,1,0,0,0
ProtectiveStop,joint_current_only,7,172,150,1,0,0,0
ProtectiveStop,joint_current_only,7,173,151,1,1,1,1
ProtectiveStop,joint_current_only,7,174,152,1,1,1,1
ProtectiveStop,joint_current_only,7,175,153,1,1,1,1
ProtectiveStop,joint_current_only,8,176,154,1,0,0,0
ProtectiveStop,joint_current_only,8,177,155,1,0,0,0
ProtectiveStop,joint_current_only,8,178,156,1,0,0,0
ProtectiveStop,joint_current_only,8,179,157,1,0,0,0
ProtectiveStop,joint_current_only,8,180,158,1,0,0,0
ProtectiveStop,joint_current_only,8,181,159,1,0,0,0
ProtectiveStop,joint_current_only,8,182,160,1,1,1,1
ProtectiveStop,joint_current_only,8,183,161,1,1,1,1
ProtectiveStop,joint_current_only,8,184,162,1,0,0,0
ProtectiveStop,joint_current_only,8,185,163,1,1,1,1
ProtectiveStop,joint_current_only,8,199,176,1,0,0,0
ProtectiveStop,joint_current_only,8,200,177,1,0,0,0
ProtectiveStop,joint_current_only,9,201,178,1,1,1,1
ProtectiveStop,joint_current_only,9,202,179,1,0,0,0
ProtectiveStop,joint_current_only,9,203,180,1,0,0,0
ProtectiveStop,joint_current_only,9,204,181,1,1,1,1
ProtectiveStop,joint_current_only,9,205,182,1,0,0,0
ProtectiveStop,joint_current_only,9,206,183,1,1,1,1
ProtectiveStop,joint_current_only,9,207,184,1,0,0,0
ProtectiveStop,joint_current_only,9,208,185,1,0,0,0
ProtectiveStop,joint_current_only,9,209,186,1,0,0,0
ProtectiveStop,joint_current_only,9,210,187,1,1,1,1
ProtectiveStop,joint_current_only,9,211,188,1,0,0,0
ProtectiveStop,joint_current_only,9,212,189,1,1,1,1
ProtectiveStop,joint_current_only,9,213,190,1,0,0,0
ProtectiveStop,joint_current_only,9,214,191,1,1,1,1
ProtectiveStop,joint_current_only,9,215,192,1,1,0,0
ProtectiveStop,joint_current_only,9,216,193,1,0,0,0
ProtectiveStop,joint_current_only,9,217,194,1,1,1,1
ProtectiveStop,joint_current_only,9,218,195,1,1,1,1
ProtectiveStop,joint_current_only,9,219,196,1,1,1,1
ProtectiveStop,joint_current_only,9,220,197,1,1,1,1
ProtectiveStop,joint_current_only,9,221,198,1,1,0,0
ProtectiveStop,joint_current_only,9,222,199,1,1,1,1
ProtectiveStop,joint_current_only,9,223,200,1,1,1,1
ProtectiveStop,joint_current_only,9,224,201,1,1,1,1
ProtectiveStop,joint_current_only,9,225,202,1,1,1,1
ProtectiveStop,joint_current_only,9,224,210,2,1,1,1
ProtectiveStop,joint_current_only,10,226,203,1,1,1,1
ProtectiveStop,joint_current_only,10,227,204,1,1,1,1
ProtectiveStop,joint_current_only,10,229,205,1,1,1,1
ProtectiveStop,joint_current_only,10,230,206,1,1,1,1
ProtectiveStop,joint_current_only,10,231,207,1,1,1,1
ProtectiveStop,joint_current_only,10,232,208,1,0,0,0
ProtectiveStop,joint_current_only,10,233,209,1,1,1,1
ProtectiveStop,joint_current_only,10,230,216,2,1,1,1
ProtectiveStop,joint_current_only,10,231,217,2,1,1,1
ProtectiveStop,joint_current_only,10,232,218,2,1,1,1
ProtectiveStop,joint_current_only,10,233,219,2,0,0,0
ProtectiveStop,joint_current_only,10,234,220,1,1,1,1
ProtectiveStop,joint_current_only,10,235,221,1,1,1,1
ProtectiveStop,joint_current_only,10,236,222,1,0,0,0
ProtectiveStop,joint_current_only,10,237,223,1,1,1,1
ProtectiveStop,joint_current_only,10,238,224,1,0,1,0
ProtectiveStop,joint_current_only,10,239,225,1,1,1,1
ProtectiveStop,joint_current_only,10,240,226,1,1,1,1
ProtectiveStop,joint_current_only,10,241,227,1,0,0,0
ProtectiveStop,joint_current_only,10,242,228,1,1,0,0
ProtectiveStop,joint_current_only,10,243,229,1,0,0,0
ProtectiveStop,joint_current_only,10,245,230,1,0,0,0
ProtectiveStop,joint_current_only,10,246,231,1,1,1,1
ProtectiveStop,joint_current_only,10,247,232,1,1,1,1
ProtectiveStop,joint_current_only,10,248,233,1,0,0,0
ProtectiveStop,joint_current_only,10,249,234,1,1,1,1
ProtectiveStop,joint_current_only,10,250,235,1,1,1,1
ProtectiveStop,tool_current_only,1,1,1,1,1,1,1
ProtectiveStop,tool_current_only,1,2,2,1,0,1,0
ProtectiveStop,tool_current_only,1,3,3,1,0,1,0
ProtectiveStop,tool_current_only,1,4,4,1,0,1,0
ProtectiveStop,tool_current_only,1,5,5,1,0,1,0
ProtectiveStop,tool_current_only,1,6,6,1,0,1,0
ProtectiveStop,tool_current_only,1,8,8,1,0,1,0
ProtectiveStop,tool_current_only,1,9,9,1,0,0,0
ProtectiveStop,tool_current_only,1,10,10,1,0,0,0
ProtectiveStop,tool_current_only,1,11,11,1,0,1,0
ProtectiveStop,tool_current_only,1,12,12,1,0,1,0
ProtectiveStop,tool_current_only,1,13,13,1,0,1,0
ProtectiveStop,tool_current_only,1,14,14,1,0,0,0
ProtectiveStop,tool_current_only,1,15,15,1,0,1,0
ProtectiveStop,tool_current_only,1,16,16,1,0,1,0
ProtectiveStop,tool_current_only,1,17,17,1,0,1,0
ProtectiveStop,tool_current_only,1,18,18,1,0,0,0
ProtectiveStop,tool_current_only,1,19,19,1,0,1,0
ProtectiveStop,tool_current_only,1,20,20,1,0,0,0
ProtectiveStop,tool_current_only,1,21,21,1,0,1,0
ProtectiveStop,tool_current_only,1,22,22,1,1,1,1
ProtectiveStop,tool_current_only,1,23,23,1,0,0,0
ProtectiveStop,tool_current_only,1,24,24,1,0,0,0
ProtectiveStop,tool_current_only,1,25,25,1,0,1,0
ProtectiveStop,tool_current_only,2,26,26,1,0,1,0
ProtectiveStop,tool_current_only,2,27,27,1,0,0,0
ProtectiveStop,tool_current_only,2,28,28,1,0,0,0
ProtectiveStop,tool_current_only,2,29,29,1,0,1,0
ProtectiveStop,tool_current_only,2,30,30,1,0,0,0
ProtectiveStop,tool_current_only,2,31,31,1,0,1,0
ProtectiveStop,tool_current_only,2,32,32,1,0,1,0
ProtectiveStop,tool_current_only,2,33,33,1,0,1,0
ProtectiveStop,tool_current_only,2,34,34,1,0,1,0
ProtectiveStop,tool_current_only,2,35,35,1,1,0,0
ProtectiveStop,tool_current_only,2,36,36,1,0,1,0
ProtectiveStop,tool_current_only,2,37,37,1,0,0,0
ProtectiveStop,tool_current_only,2,38,38,1,0,0,0
ProtectiveStop,tool_current_only,2,39,39,1,0,1,0
ProtectiveStop,tool_current_only,2,40,40,1,0,1,0
ProtectiveStop,tool_current_only,2,41,41,1,0,1,0
ProtectiveStop,tool_current_only,2,42,42,1,1,1,1
ProtectiveStop,tool_current_only,2,43,43,1,0,1,0
ProtectiveStop,tool_current_only,2,44,44,1,0,1,0
ProtectiveStop,tool_current_only,2,45,45,1,0,1,0
ProtectiveStop,tool_current_only,2,48,48,1,0,1,0
ProtectiveStop,tool_current_only,2,49,49,1,0,0,0
ProtectiveStop,tool_current_only,2,50,50,1,0,0,0
ProtectiveStop,tool_current_only,3,51,51,1,0,0,0
ProtectiveStop,tool_current_only,3,52,52,1,0,1,0
ProtectiveStop,tool_current_only,3,53,53,1,1,1,1
ProtectiveStop,tool_current_only,3,54,54,1,0,0,0
ProtectiveStop,tool_current_only,3,55,55,1,0,1,0
ProtectiveStop,tool_current_only,3,56,56,1,0,1,0
ProtectiveStop,tool_current_only,3,57,57,1,0,0,0
ProtectiveStop,tool_current_only,3,58,58,1,0,0,0
ProtectiveStop,tool_current_only,3,59,59,1,0,0,0
ProtectiveStop,tool_current_only,3,60,60,1,0,1,0
ProtectiveStop,tool_current_only,3,61,61,1,0,0,0
ProtectiveStop,tool_current_only,3,62,62,1,0,1,0
ProtectiveStop,tool_current_only,3,63,63,1,1,1,1
ProtectiveStop,tool_current_only,3,64,64,1,0,1,0
ProtectiveStop,tool_current_only,3,65,65,1,0,1,0
ProtectiveStop,tool_current_only,3,66,66,1,0,1,0
ProtectiveStop,tool_current_only,3,67,67,1,0,1,0
ProtectiveStop,tool_current_only,3,68,68,1,0,0,0
ProtectiveStop,tool_current_only,3,69,69,1,1,1,1
ProtectiveStop,tool_current_only,3,70,70,1,0,1,0
ProtectiveStop,tool_current_only,3,71,71,1,0,0,0
ProtectiveStop,tool_current_only,3,72,72,1,0,1,0
ProtectiveStop,tool_current_only,3,73,73,1,0,1,0
ProtectiveStop,tool_current_only,3,75,74,1,0,1,0
ProtectiveStop,tool_current_only,4,76,75,1,0,1,0
ProtectiveStop,tool_current_only,4,85,84,1,0,1,0
ProtectiveStop,tool_current_only,4,86,85,1,1,1,1
ProtectiveStop,tool_current_only,4,87,86,1,1,1,1
ProtectiveStop,tool_current_only,4,88,87,1,0,1,0
ProtectiveStop,tool_current_only,4,89,88,1,0,1,0
ProtectiveStop,tool_current_only,4,90,89,1,0,0,0
ProtectiveStop,tool_current_only,4,91,90,1,0,1,0
ProtectiveStop,tool_current_only,4,92,91,1,0,0,0
ProtectiveStop,tool_current_only,4,93,92,1,0,1,0
ProtectiveStop,tool_current_only,4,94,93,1,0,1,0
ProtectiveStop,tool_current_only,4,95,94,1,0,1,0
ProtectiveStop,tool_current_only,4,96,95,1,0,0,0
ProtectiveStop,tool_current_only,4,97,96,1,0,0,0
ProtectiveStop,tool_current_only,4,98,97,1,0,1,0
ProtectiveStop,tool_current_only,4,99,98,1,1,1,1
ProtectiveStop,tool_current_only,4,100,99,1,0,1,0
ProtectiveStop,tool_current_only,5,101,100,1,0,1,0
ProtectiveStop,tool_current_only,5,102,101,1,0,1,0
ProtectiveStop,tool_current_only,5,103,102,1,1,1,1
ProtectiveStop,tool_current_only,5,104,103,1,0,0,0
ProtectiveStop,tool_current_only,5,105,104,1,0,0,0
ProtectiveStop,tool_current_only,5,106,105,1,0,0,0
ProtectiveStop,tool_current_only,5,107,106,1,0,1,0
ProtectiveStop,tool_current_only,5,108,107,1,1,1,1
ProtectiveStop,tool_current_only,5,109,108,1,0,1,0
ProtectiveStop,tool_current_only,5,110,109,1,0,0,0
ProtectiveStop,tool_current_only,5,111,110,1,0,1,0
ProtectiveStop,tool_current_only,5,112,111,1,0,0,0
ProtectiveStop,tool_current_only,5,113,112,1,0,0,0
ProtectiveStop,tool_current_only,5,114,113,1,0,1,0
ProtectiveStop,tool_current_only,5,115,114,1,1,1,1
ProtectiveStop,tool_current_only,5,116,115,1,0,1,0
ProtectiveStop,tool_current_only,5,117,116,1,1,1,0
ProtectiveStop,tool_current_only,5,118,117,1,1,1,1
ProtectiveStop,tool_current_only,5,119,118,1,0,1,0
ProtectiveStop,tool_current_only,5,120,119,1,0,1,0
ProtectiveStop,tool_current_only,5,121,120,1,0,1,0
ProtectiveStop,tool_current_only,5,122,121,1,0,1,0
ProtectiveStop,tool_current_only,5,123,122,1,0,1,0
ProtectiveStop,tool_current_only,5,124,123,1,0,1,0
ProtectiveStop,tool_current_only,5,125,124,1,0,1,0
ProtectiveStop,tool_current_only,7,151,129,1,0,1,0
ProtectiveStop,tool_current_only,7,152,130,1,1,1,1
ProtectiveStop,tool_current_only,7,153,131,1,0,1,0
ProtectiveStop,tool_current_only,7,154,132,1,0,0,0
ProtectiveStop,tool_current_only,7,155,133,1,0,1,0
ProtectiveStop,tool_current_only,7,156,134,1,0,1,0
ProtectiveStop,tool_current_only,7,157,135,1,0,0,0
ProtectiveStop,tool_current_only,7,159,137,1,1,1,0
ProtectiveStop,tool_current_only,7,160,138,1,0,0,0
ProtectiveStop,tool_current_only,7,161,139,1,0,0,0
ProtectiveStop,tool_current_only,7,162,140,1,0,1,0
ProtectiveStop,tool_current_only,7,163,141,1,1,1,0
ProtectiveStop,tool_current_only,7,164,142,1,1,0,0
ProtectiveStop,tool_current_only,7,165,143,1,0,0,0
ProtectiveStop,tool_current_only,7,166,144,1,0,0,0
ProtectiveStop,tool_current_only,7,167,145,1,0,1,0
ProtectiveStop,tool_current_only,7,168,146,1,0,0,0
ProtectiveStop,tool_current_only,7,169,147,1,0,1,0
ProtectiveStop,tool_current_only,7,170,148,1,1,1,1
ProtectiveStop,tool_current_only,7,171,149,1,0,0,0
ProtectiveStop,tool_current_only,7,172,150,1,0,0,0
ProtectiveStop,tool_current_only,7,173,151,1,1,1,1
ProtectiveStop,tool_current_only,7,174,152,1,1,1,1
ProtectiveStop,tool_current_only,7,175,153,1,1,1,1
ProtectiveStop,tool_current_only,8,176,154,1,0,0,0
ProtectiveStop,tool_current_only,8,177,155,1,0,1,0
ProtectiveStop,tool_current_only,8,178,156,1,0,1,0
ProtectiveStop,tool_current_only,8,179,157,1,0,0,0
ProtectiveStop,tool_current_only,8,180,158,1,0,0,0
ProtectiveStop,tool_current_only,8,181,159,1,0,0,0
ProtectiveStop,tool_current_only,8,182,160,1,1,1,0
ProtectiveStop,tool_current_only,8,183,161,1,1,1,1
ProtectiveStop,tool_current_only,8,184,162,1,0,1,0
ProtectiveStop,tool_current_only,8,185,163,1,1,0,0
ProtectiveStop,tool_current_only,8,199,176,1,0,0,0
ProtectiveStop,tool_current_only,8,200,177,1,0,1,0
ProtectiveStop,tool_current_only,9,201,178,1,1,1,1
ProtectiveStop,tool_current_only,9,202,179,1,0,1,0
ProtectiveStop,tool_current_only,9,203,180,1,0,1,0
ProtectiveStop,tool_current_only,9,204,181,1,1,1,1
ProtectiveStop,tool_current_only,9,205,182,1,0,0,0
ProtectiveStop,tool_current_only,9,206,183,1,1,1,1
ProtectiveStop,tool_current_only,9,207,184,1,0,0,0
ProtectiveStop,tool_current_only,9,208,185,1,0,1,0
ProtectiveStop,tool_current_only,9,209,186,1,0,0,0
ProtectiveStop,tool_current_only,9,210,187,1,1,1,1
ProtectiveStop,tool_current_only,9,211,188,1,0,0,0
ProtectiveStop,tool_current_only,9,212,189,1,1,1,0
ProtectiveStop,tool_current_only,9,213,190,1,0,0,0
ProtectiveStop,tool_current_only,9,214,191,1,1,1,0
ProtectiveStop,tool_current_only,9,215,192,1,1,1,0
ProtectiveStop,tool_current_only,9,216,193,1,0,1,0
ProtectiveStop,tool_current_only,9,217,194,1,1,1,0
ProtectiveStop,tool_current_only,9,218,195,1,1,1,0
ProtectiveStop,tool_current_only,9,219,196,1,1,1,1
ProtectiveStop,tool_current_only,9,220,197,1,1,1,1
ProtectiveStop,tool_current_only,9,221,198,1,1,0,0
ProtectiveStop,tool_current_only,9,222,199,1,1,0,0
ProtectiveStop,tool_current_only,9,223,200,1,1,1,0
ProtectiveStop,tool_current_only,9,224,201,1,1,1,1
ProtectiveStop,tool_current_only,9,225,202,1,1,1,1
ProtectiveStop,tool_current_only,9,224,210,2,1,1,1
ProtectiveStop,tool_current_only,10,226,203,1,1,1,1
ProtectiveStop,tool_current_only,10,227,204,1,1,1,1
ProtectiveStop,tool_current_only,10,229,205,1,1,1,1
ProtectiveStop,tool_current_only,10,230,206,1,1,1,0
ProtectiveStop,tool_current_only,10,231,207,1,1,1,1
ProtectiveStop,tool_current_only,10,232,208,1,0,0,0
ProtectiveStop,tool_current_only,10,233,209,1,1,1,1
ProtectiveStop,tool_current_only,10,230,216,2,1,1,1
ProtectiveStop,tool_current_only,10,231,217,2,1,1,1
ProtectiveStop,tool_current_only,10,232,218,2,1,0,0
ProtectiveStop,tool_current_only,10,233,219,2,0,1,0
ProtectiveStop,tool_current_only,10,234,220,1,1,1,1
ProtectiveStop,tool_current_only,10,235,221,1,1,1,0
ProtectiveStop,tool_current_only,10,236,222,1,0,0,0
ProtectiveStop,tool_current_only,10,237,223,1,1,1,1
ProtectiveStop,tool_current_only,10,238,224,1,0,1,0
ProtectiveStop,tool_current_only,10,239,225,1,1,1,1
ProtectiveStop,tool_current_only,10,240,226,1,1,1,1
ProtectiveStop,tool_current_only,10,241,227,1,0,0,0
ProtectiveStop,tool_current_only,10,242,228,1,1,1,0
ProtectiveStop,tool_current_only,10,243,229,1,0,1,0
ProtectiveStop,tool_current_only,10,245,230,1,0,1,0
ProtectiveStop,tool_current_only,10,246,231,1,1,1,1
ProtectiveStop,tool_current_only,10,247,232,1,1,1,1
ProtectiveStop,tool_current_only,10,248,233,1,0,1,0
ProtectiveStop,tool_current_only,10,249,234,1,1,1,0
ProtectiveStop,tool_current_only,10,250,235,1,1,1,1
ProtectiveStop,speed_only,1,1,1,1,1,1,1
ProtectiveStop,speed_only,1,2,2,1,0,1,0
ProtectiveStop,speed_only,1,3,3,1,0,1,0
ProtectiveStop,speed_only,1,4,4,1,0,0,0
ProtectiveStop,speed_only,1,5,5,1,0,1,0
ProtectiveStop,speed_only,1,6,6,1,0,1,0
ProtectiveStop,speed_only,1,8,8,1,0,0,0
ProtectiveStop,speed_only,1,9,9,1,0,0,0
ProtectiveStop,speed_only,1,10,10,1,0,0,0
ProtectiveStop,speed_only,1,11,11,1,0,0,0
ProtectiveStop,speed_only,1,12,12,1,0,0,0
ProtectiveStop,speed_only,1,13,13,1,0,0,0
ProtectiveStop,speed_only,1,14,14,1,0,0,0
ProtectiveStop,speed_only,1,15,15,1,0,0,0
ProtectiveStop,speed_only,1,16,16,1,0,1,0
ProtectiveStop,speed_only,1,17,17,1,0,1,0
ProtectiveStop,speed_only,1,18,18,1,0,0,0
ProtectiveStop,speed_only,1,19,19,1,0,0,0
ProtectiveStop,speed_only,1,20,20,1,0,0,0
ProtectiveStop,speed_only,1,21,21,1,0,0,0
ProtectiveStop,speed_only,1,22,22,1,1,1,1
ProtectiveStop,speed_only,1,23,23,1,0,0,0
ProtectiveStop,speed_only,1,24,24,1,0,0,0
ProtectiveStop,speed_only,1,25,25,1,0,0,0
ProtectiveStop,speed_only,2,26,26,1,0,0,0
ProtectiveStop,speed_only,2,27,27,1,0,0,0
ProtectiveStop,speed_only,2,28,28,1,0,0,0
ProtectiveStop,speed_only,2,29,29,1,0,0,0
ProtectiveStop,speed_only,2,30,30,1,0,0,0
ProtectiveStop,speed_only,2,31,31,1,0,0,0
ProtectiveStop,speed_only,2,32,32,1,0,0,0
ProtectiveStop,speed_only,2,33,33,1,0,0,0
ProtectiveStop,speed_only,2,34,34,1,0,0,0
ProtectiveStop,speed_only,2,35,35,1,1,1,1
ProtectiveStop,speed_only,2,36,36,1,0,1,0
ProtectiveStop,speed_only,2,37,37,1,0,0,0
ProtectiveStop,speed_only,2,38,38,1,0,0,0
ProtectiveStop,speed_only,2,39,39,1,0,0,0
ProtectiveStop,speed_only,2,40,40,1,0,1,0
ProtectiveStop,speed_only,2,41,41,1,0,0,0
ProtectiveStop,speed_only,2,42,42,1,1,1,1
ProtectiveStop,speed_only,2,43,43,1,0,0,0
ProtectiveStop,speed_only,2,44,44,1,0,0,0
ProtectiveStop,speed_only,2,45,45,1,0,1,0
ProtectiveStop,speed_only,2,48,48,1,0,0,0
ProtectiveStop,speed_only,2,49,49,1,0,0,0
ProtectiveStop,speed_only,2,50,50,1,0,0,0
ProtectiveStop,speed_only,3,51,51,1,0,0,0
ProtectiveStop,speed_only,3,52,52,1,0,0,0
ProtectiveStop,speed_only,3,53,53,1,1,1,1
ProtectiveStop,speed_only,3,54,54,1,0,0,0
ProtectiveStop,speed_only,3,55,55,1,0,0,0
ProtectiveStop,speed_only,3,56,56,1,0,0,0
ProtectiveStop,speed_only,3,57,57,1,0,0,0
ProtectiveStop,speed_only,3,58,58,1,0,0,0
ProtectiveStop,speed_only,3,59,59,1,0,0,0
ProtectiveStop,speed_only,3,60,60,1,0,0,0
ProtectiveStop,speed_only,3,61,61,1,0,0,0
ProtectiveStop,speed_only,3,62,62,1,0,1,0
ProtectiveStop,speed_only,3,63,63,1,1,1,1
ProtectiveStop,speed_only,3,64,64,1,0,1,0
ProtectiveStop,speed_only,3,65,65,1,0,0,0
ProtectiveStop,speed_only,3,66,66,1,0,1,0
ProtectiveStop,speed_only,3,67,67,1,0,0,0
ProtectiveStop,speed_only,3,68,68,1,0,0,0
ProtectiveStop,speed_only,3,69,69,1,1,1,1
ProtectiveStop,speed_only,3,70,70,1,0,0,0
ProtectiveStop,speed_only,3,71,71,1,0,1,0
ProtectiveStop,speed_only,3,72,72,1,0,0,0
ProtectiveStop,speed_only,3,73,73,1,0,0,0
ProtectiveStop,speed_only,3,75,74,1,0,0,0
ProtectiveStop,speed_only,4,76,75,1,0,0,0
ProtectiveStop,speed_only,4,85,84,1,0,1,0
ProtectiveStop,speed_only,4,86,85,1,1,1,1
ProtectiveStop,speed_only,4,87,86,1,1,1,1
ProtectiveStop,speed_only,4,88,87,1,0,0,0
ProtectiveStop,speed_only,4,89,88,1,0,0,0
ProtectiveStop,speed_only,4,90,89,1,0,0,0
ProtectiveStop,speed_only,4,91,90,1,0,0,0
ProtectiveStop,speed_only,4,92,91,1,0,0,0
ProtectiveStop,speed_only,4,93,92,1,0,0,0
ProtectiveStop,speed_only,4,94,93,1,0,0,0
ProtectiveStop,speed_only,4,95,94,1,0,0,0
ProtectiveStop,speed_only,4,96,95,1,0,0,0
ProtectiveStop,speed_only,4,97,96,1,0,0,0
ProtectiveStop,speed_only,4,98,97,1,0,1,0
ProtectiveStop,speed_only,4,99,98,1,1,1,1
ProtectiveStop,speed_only,4,100,99,1,0,0,0
ProtectiveStop,speed_only,5,101,100,1,0,0,0
ProtectiveStop,speed_only,5,102,101,1,0,0,0
ProtectiveStop,speed_only,5,103,102,1,1,1,1
ProtectiveStop,speed_only,5,104,103,1,0,0,0
ProtectiveStop,speed_only,5,105,104,1,0,0,0
ProtectiveStop,speed_only,5,106,105,1,0,0,0
ProtectiveStop,speed_only,5,107,106,1,0,0,0
ProtectiveStop,speed_only,5,108,107,1,1,1,1
ProtectiveStop,speed_only,5,109,108,1,0,0,0
ProtectiveStop,speed_only,5,110,109,1,0,0,0
ProtectiveStop,speed_only,5,111,110,1,0,0,0
ProtectiveStop,speed_only,5,112,111,1,0,0,0
ProtectiveStop,speed_only,5,113,112,1,0,0,0
ProtectiveStop,speed_only,5,114,113,1,0,0,0
ProtectiveStop,speed_only,5,115,114,1,1,1,1
ProtectiveStop,speed_only,5,116,115,1,0,0,0
ProtectiveStop,speed_only,5,117,116,1,1,1,1
ProtectiveStop,speed_only,5,118,117,1,1,1,1
ProtectiveStop,speed_only,5,119,118,1,0,0,0
ProtectiveStop,speed_only,5,120,119,1,0,0,0
ProtectiveStop,speed_only,5,121,120,1,0,0,0
ProtectiveStop,speed_only,5,122,121,1,0,0,0
ProtectiveStop,speed_only,5,123,122,1,0,1,0
ProtectiveStop,speed_only,5,124,123,1,0,0,0
ProtectiveStop,speed_only,5,125,124,1,0,0,0
ProtectiveStop,speed_only,7,151,129,1,0,0,0
ProtectiveStop,speed_only,7,152,130,1,1,1,1
ProtectiveStop,speed_only,7,153,131,1,0,0,0
ProtectiveStop,speed_only,7,154,132,1,0,0,0
ProtectiveStop,speed_only,7,155,133,1,0,0,0
ProtectiveStop,speed_only,7,156,134,1,0,0,0
ProtectiveStop,speed_only,7,157,135,1,0,0,0
ProtectiveStop,speed_only,7,159,137,1,1,1,1
ProtectiveStop,speed_only,7,160,138,1,0,0,0
ProtectiveStop,speed_only,7,161,139,1,0,0,0
ProtectiveStop,speed_only,7,162,140,1,0,0,0
ProtectiveStop,speed_only,7,163,141,1,1,1,1
ProtectiveStop,speed_only,7,164,142,1,1,1,1
ProtectiveStop,speed_only,7,165,143,1,0,0,0
ProtectiveStop,speed_only,7,166,144,1,0,0,0
ProtectiveStop,speed_only,7,167,145,1,0,0,0
ProtectiveStop,speed_only,7,168,146,1,0,0,0
ProtectiveStop,speed_only,7,169,147,1,0,0,0
ProtectiveStop,speed_only,7,170,148,1,1,1,1
ProtectiveStop,speed_only,7,171,149,1,0,0,0
ProtectiveStop,speed_only,7,172,150,1,0,0,0
ProtectiveStop,speed_only,7,173,151,1,1,1,1
ProtectiveStop,speed_only,7,174,152,1,1,1,1
ProtectiveStop,speed_only,7,175,153,1,1,1,1
ProtectiveStop,speed_only,8,176,154,1,0,0,0
ProtectiveStop,speed_only,8,177,155,1,0,0,0
ProtectiveStop,speed_only,8,178,156,1,0,0,0
ProtectiveStop,speed_only,8,179,157,1,0,0,0
ProtectiveStop,speed_only,8,180,158,1,0,0,0
ProtectiveStop,speed_only,8,181,159,1,0,0,0
ProtectiveStop,speed_only,8,182,160,1,1,1,1
ProtectiveStop,speed_only,8,183,161,1,1,1,1
ProtectiveStop,speed_only,8,184,162,1,0,0,0
ProtectiveStop,speed_only,8,185,163,1,1,1,1
ProtectiveStop,speed_only,8,199,176,1,0,0,0
ProtectiveStop,speed_only,8,200,177,1,0,0,0
ProtectiveStop,speed_only,9,201,178,1,1,1,1
ProtectiveStop,speed_only,9,202,179,1,0,0,0
ProtectiveStop,speed_only,9,203,180,1,0,0,0
ProtectiveStop,speed_only,9,204,181,1,1,1,1
ProtectiveStop,speed_only,9,205,182,1,0,0,0
ProtectiveStop,speed_only,9,206,183,1,1,1,1
ProtectiveStop,speed_only,9,207,184,1,0,0,0
ProtectiveStop,speed_only,9,208,185,1,0,0,0
ProtectiveStop,speed_only,9,209,186,1,0,0,0
ProtectiveStop,speed_only,9,210,187,1,1,1,1
ProtectiveStop,speed_only,9,211,188,1,0,0,0
ProtectiveStop,speed_only,9,212,189,1,1,1,1
ProtectiveStop,speed_only,9,213,190,1,0,0,0
ProtectiveStop,speed_only,9,214,191,1,1,1,1
ProtectiveStop,speed_only,9,215,192,1,1,1,1
ProtectiveStop,speed_only,9,216,193,1,0,0,0
ProtectiveStop,speed_only,9,217,194,1,1,0,0
ProtectiveStop,speed_only,9,218,195,1,1,1,1
ProtectiveStop,speed_only,9,219,196,1,1,1,1
ProtectiveStop,speed_only,9,220,197,1,1,1,1
ProtectiveStop,speed_only,9,221,198,1,1,1,1
ProtectiveStop,speed_only,9,222,199,1,1,1,1
ProtectiveStop,speed_only,9,223,200,1,1,1,1
ProtectiveStop,speed_only,9,224,201,1,1,1,1
ProtectiveStop,speed_only,9,225,202,1,1,1,1
ProtectiveStop,speed_only,9,224,210,2,1,1,1
ProtectiveStop,speed_only,10,226,203,1,1,1,1
ProtectiveStop,speed_only,10,227,204,1,1,1,1
ProtectiveStop,speed_only,10,229,205,1,1,1,1
ProtectiveStop,speed_only,10,230,206,1,1,1,1
ProtectiveStop,speed_only,10,231,207,1,1,1,1
ProtectiveStop,speed_only,10,232,208,1,0,0,0
ProtectiveStop,speed_only,10,233,209,1,1,1,1
ProtectiveStop,speed_only,10,230,216,2,1,1,1
ProtectiveStop,speed_only,10,231,217,2,1,1,1
ProtectiveStop,speed_only,10,232,218,2,1,1,1
ProtectiveStop,speed_only,10,233,219,2,0,1,0
ProtectiveStop,speed_only,10,234,220,1,1,1,1
ProtectiveStop,speed_only,10,235,221,1,1,1,1
ProtectiveStop,speed_only,10,236,222,1,0,0,0
ProtectiveStop,speed_only,10,237,223,1,1,1,1
ProtectiveStop,speed_only,10,238,224,1,0,0,0
ProtectiveStop,speed_only,10,239,225,1,1,1,1
ProtectiveStop,speed_only,10,240,226,1,1,1,1
ProtectiveStop,speed_only,10,241,227,1,0,0,0
ProtectiveStop,speed_only,10,242,228,1,1,1,1
ProtectiveStop,speed_only,10,243,229,1,0,0,0
ProtectiveStop,speed_only,10,245,230,1,0,0,0
ProtectiveStop,speed_only,10,246,231,1,1,1,1
ProtectiveStop,speed_only,10,247,232,1,1,1,1
ProtectiveStop,speed_only,10,248,233,1,0,0,0
ProtectiveStop,speed_only,10,249,234,1,1,1,1
ProtectiveStop,speed_only,10,250,235,1,1,1,1
ProtectiveStop,temperature_only,1,1,1,1,1,0,0
ProtectiveStop,temperature_only,1,2,2,1,0,0,0
ProtectiveStop,temperature_only,1,3,3,1,0,0,0
ProtectiveStop,temperature_only,1,4,4,1,0,0,0
ProtectiveStop,temperature_only,1,5,5,1,0,0,0
ProtectiveStop,temperature_only,1,6,6,1,0,0,0
ProtectiveStop,temperature_only,1,8,8,1,0,0,0
ProtectiveStop,temperature_only,1,9,9,1,0,0,0
ProtectiveStop,temperature_only,1,10,10,1,0,0,0
ProtectiveStop,temperature_only,1,11,11,1,0,0,0
ProtectiveStop,temperature_only,1,12,12,1,0,0,0
ProtectiveStop,temperature_only,1,13,13,1,0,0,0
ProtectiveStop,temperature_only,1,14,14,1,0,0,0
ProtectiveStop,temperature_only,1,15,15,1,0,0,0
ProtectiveStop,temperature_only,1,16,16,1,0,0,0
ProtectiveStop,temperature_only,1,17,17,1,0,0,0
ProtectiveStop,temperature_only,1,18,18,1,0,0,0
ProtectiveStop,temperature_only,1,19,19,1,0,0,0
ProtectiveStop,temperature_only,1,20,20,1,0,0,0
ProtectiveStop,temperature_only,1,21,21,1,0,0,0
ProtectiveStop,temperature_only,1,22,22,1,1,0,0
ProtectiveStop,temperature_only,1,23,23,1,0,0,0
ProtectiveStop,temperature_only,1,24,24,1,0,0,0
ProtectiveStop,temperature_only,1,25,25,1,0,0,0
ProtectiveStop,temperature_only,2,26,26,1,0,0,0
ProtectiveStop,temperature_only,2,27,27,1,0,0,0
ProtectiveStop,temperature_only,2,28,28,1,0,0,0
ProtectiveStop,temperature_only,2,29,29,1,0,0,0
ProtectiveStop,temperature_only,2,30,30,1,0,0,0
ProtectiveStop,temperature_only,2,31,31,1,0,0,0
ProtectiveStop,temperature_only,2,32,32,1,0,0,0
ProtectiveStop,temperature_only,2,33,33,1,0,0,0
ProtectiveStop,temperature_only,2,34,34,1,0,0,0
ProtectiveStop,temperature_only,2,35,35,1,1,0,0
ProtectiveStop,temperature_only,2,36,36,1,0,0,0
ProtectiveStop,temperature_only,2,37,37,1,0,0,0
ProtectiveStop,temperature_only,2,38,38,1,0,0,0
ProtectiveStop,temperature_only,2,39,39,1,0,0,0
ProtectiveStop,temperature_only,2,40,40,1,0,0,0
ProtectiveStop,temperature_only,2,41,41,1,0,0,0
ProtectiveStop,temperature_only,2,42,42,1,1,0,0
ProtectiveStop,temperature_only,2,43,43,1,0,0,0
ProtectiveStop,temperature_only,2,44,44,1,0,0,0
ProtectiveStop,temperature_only,2,45,45,1,0,0,0
ProtectiveStop,temperature_only,2,48,48,1,0,0,0
ProtectiveStop,temperature_only,2,49,49,1,0,0,0
ProtectiveStop,temperature_only,2,50,50,1,0,0,0
ProtectiveStop,temperature_only,3,51,51,1,0,0,0
ProtectiveStop,temperature_only,3,52,52,1,0,0,0
ProtectiveStop,temperature_only,3,53,53,1,1,0,0
ProtectiveStop,temperature_only,3,54,54,1,0,0,0
ProtectiveStop,temperature_only,3,55,55,1,0,0,0
ProtectiveStop,temperature_only,3,56,56,1,0,0,0
ProtectiveStop,temperature_only,3,57,57,1,0,0,0
ProtectiveStop,temperature_only,3,58,58,1,0,0,0
ProtectiveStop,temperature_only,3,59,59,1,0,0,0
ProtectiveStop,temperature_only,3,60,60,1,0,0,0
ProtectiveStop,temperature_only,3,61,61,1,0,0,0
ProtectiveStop,temperature_only,3,62,62,1,0,0,0
ProtectiveStop,temperature_only,3,63,63,1,1,0,0
ProtectiveStop,temperature_only,3,64,64,1,0,0,0
ProtectiveStop,temperature_only,3,65,65,1,0,0,0
ProtectiveStop,temperature_only,3,66,66,1,0,0,0
ProtectiveStop,temperature_only,3,67,67,1,0,0,0
ProtectiveStop,temperature_only,3,68,68,1,0,0,0
ProtectiveStop,temperature_only,3,69,69,1,1,0,0
ProtectiveStop,temperature_only,3,70,70,1,0,0,0
ProtectiveStop,temperature_only,3,71,71,1,0,0,0
ProtectiveStop,temperature_only,3,72,72,1,0,0,0
ProtectiveStop,temperature_only,3,73,73,1,0,0,0
ProtectiveStop,temperature_only,3,75,74,1,0,0,0
ProtectiveStop,temperature_only,4,76,75,1,0,0,0
ProtectiveStop,temperature_only,4,85,84,1,0,0,0
ProtectiveStop,temperature_only,4,86,85,1,1,0,0
ProtectiveStop,temperature_only,4,87,86,1,1,0,0
ProtectiveStop,temperature_only,4,88,87,1,0,0,0
ProtectiveStop,temperature_only,4,89,88,1,0,0,0
ProtectiveStop,temperature_only,4,90,89,1,0,0,0
ProtectiveStop,temperature_only,4,91,90,1,0,0,0
ProtectiveStop,temperature_only,4,92,91,1,0,0,0
ProtectiveStop,temperature_only,4,93,92,1,0,0,0
ProtectiveStop,temperature_only,4,94,93,1,0,0,0
ProtectiveStop,temperature_only,4,95,94,1,0,0,0
ProtectiveStop,temperature_only,4,96,95,1,0,0,0
ProtectiveStop,temperature_only,4,97,96,1,0,0,0
ProtectiveStop,temperature_only,4,98,97,1,0,0,0
ProtectiveStop,temperature_only,4,99,98,1,1,0,0
ProtectiveStop,temperature_only,4,100,99,1,0,0,0
ProtectiveStop,temperature_only,5,101,100,1,0,0,0
ProtectiveStop,temperature_only,5,102,101,1,0,0,0
ProtectiveStop,temperature_only,5,103,102,1,1,0,0
ProtectiveStop,temperature_only,5,104,103,1,0,0,0
ProtectiveStop,temperature_only,5,105,104,1,0,0,0
ProtectiveStop,temperature_only,5,106,105,1,0,0,0
ProtectiveStop,temperature_only,5,107,106,1,0,0,0
ProtectiveStop,temperature_only,5,108,107,1,1,0,0
ProtectiveStop,temperature_only,5,109,108,1,0,0,0
ProtectiveStop,temperature_only,5,110,109,1,0,0,0
ProtectiveStop,temperature_only,5,111,110,1,0,0,0
ProtectiveStop,temperature_only,5,112,111,1,0,0,0
ProtectiveStop,temperature_only,5,113,112,1,0,0,0
ProtectiveStop,temperature_only,5,114,113,1,0,0,0
ProtectiveStop,temperature_only,5,115,114,1,1,1,0
ProtectiveStop,temperature_only,5,116,115,1,0,0,0
ProtectiveStop,temperature_only,5,117,116,1,1,0,0
ProtectiveStop,temperature_only,5,118,117,1,1,0,0
ProtectiveStop,temperature_only,5,119,118,1,0,0,0
ProtectiveStop,temperature_only,5,120,119,1,0,0,0
ProtectiveStop,temperature_only,5,121,120,1,0,0,0
ProtectiveStop,temperature_only,5,122,121,1,0,0,0
ProtectiveStop,temperature_only,5,123,122,1,0,0,0
ProtectiveStop,temperature_only,5,124,123,1,0,0,0
ProtectiveStop,temperature_only,5,125,124,1,0,0,0
ProtectiveStop,temperature_only,7,151,129,1,0,0,0
ProtectiveStop,temperature_only,7,152,130,1,1,0,0
ProtectiveStop,temperature_only,7,153,131,1,0,0,0
ProtectiveStop,temperature_only,7,154,132,1,0,0,0
ProtectiveStop,temperature_only,7,155,133,1,0,0,0
ProtectiveStop,temperature_only,7,156,134,1,0,0,0
ProtectiveStop,temperature_only,7,157,135,1,0,0,0
ProtectiveStop,temperature_only,7,159,137,1,1,0,0
ProtectiveStop,temperature_only,7,160,138,1,0,0,0
ProtectiveStop,temperature_only,7,161,139,1,0,0,0
ProtectiveStop,temperature_only,7,162,140,1,0,0,0
ProtectiveStop,temperature_only,7,163,141,1,1,0,0
ProtectiveStop,temperature_only,7,164,142,1,1,0,0
ProtectiveStop,temperature_only,7,165,143,1,0,0,0
ProtectiveStop,temperature_only,7,166,144,1,0,0,0
ProtectiveStop,temperature_only,7,167,145,1,0,0,0
ProtectiveStop,temperature_only,7,168,146,1,0,0,0
ProtectiveStop,temperature_only,7,169,147,1,0,0,0
ProtectiveStop,temperature_only,7,170,148,1,1,0,0
ProtectiveStop,temperature_only,7,171,149,1,0,0,0
ProtectiveStop,temperature_only,7,172,150,1,0,0,0
ProtectiveStop,temperature_only,7,173,151,1,1,0,0
ProtectiveStop,temperature_only,7,174,152,1,1,0,0
ProtectiveStop,temperature_only,7,175,153,1,1,0,0
ProtectiveStop,temperature_only,8,176,154,1,0,0,0
ProtectiveStop,temperature_only,8,177,155,1,0,0,0
ProtectiveStop,temperature_only,8,178,156,1,0,0,0
ProtectiveStop,temperature_only,8,179,157,1,0,0,0
ProtectiveStop,temperature_only,8,180,158,1,0,0,0
ProtectiveStop,temperature_only,8,181,159,1,0,1,0
ProtectiveStop,temperature_only,8,182,160,1,1,1,1
ProtectiveStop,temperature_only,8,183,161,1,1,1,0
ProtectiveStop,temperature_only,8,184,162,1,0,0,0
ProtectiveStop,temperature_only,8,185,163,1,1,0,0
ProtectiveStop,temperature_only,8,199,176,1,0,0,0
ProtectiveStop,temperature_only,8,200,177,1,0,0,0
ProtectiveStop,temperature_only,9,201,178,1,1,1,0
ProtectiveStop,temperature_only,9,202,179,1,0,0,0
ProtectiveStop,temperature_only,9,203,180,1,0,0,0
ProtectiveStop,temperature_only,9,204,181,1,1,1,0
ProtectiveStop,temperature_only,9,205,182,1,0,0,0
ProtectiveStop,temperature_only,9,206,183,1,1,0,0
ProtectiveStop,temperature_only,9,207,184,1,0,0,0
ProtectiveStop,temperature_only,9,208,185,1,0,1,0
ProtectiveStop,temperature_only,9,209,186,1,0,0,0
ProtectiveStop,temperature_only,9,210,187,1,1,1,0
ProtectiveStop,temperature_only,9,211,188,1,0,0,0
ProtectiveStop,temperature_only,9,212,189,1,1,1,0
ProtectiveStop,temperature_only,9,213,190,1,0,0,0
ProtectiveStop,temperature_only,9,214,191,1,1,0,0
ProtectiveStop,temperature_only,9,215,192,1,1,1,1
ProtectiveStop,temperature_only,9,216,193,1,0,1,0
ProtectiveStop,temperature_only,9,217,194,1,1,1,0
ProtectiveStop,temperature_only,9,218,195,1,1,1,0
ProtectiveStop,temperature_only,9,219,196,1,1,1,1
ProtectiveStop,temperature_only,9,220,197,1,1,1,1
ProtectiveStop,temperature_only,9,221,198,1,1,0,0
ProtectiveStop,temperature_only,9,222,199,1,1,1,1
ProtectiveStop,temperature_only,9,223,200,1,1,1,1
ProtectiveStop,temperature_only,9,224,201,1,1,1,0
ProtectiveStop,temperature_only,9,225,202,1,1,1,1
ProtectiveStop,temperature_only,9,224,210,2,1,0,0
ProtectiveStop,temperature_only,10,226,203,1,1,1,0
ProtectiveStop,temperature_only,10,227,204,1,1,1,1
ProtectiveStop,temperature_only,10,229,205,1,1,1,1
ProtectiveStop,temperature_only,10,230,206,1,1,0,0
ProtectiveStop,temperature_only,10,231,207,1,1,0,0
ProtectiveStop,temperature_only,10,232,208,1,0,0,0
ProtectiveStop,temperature_only,10,233,209,1,1,0,0
ProtectiveStop,temperature_only,10,230,216,2,1,1,0
ProtectiveStop,temperature_only,10,231,217,2,1,0,0
ProtectiveStop,temperature_only,10,232,218,2,1,0,0
ProtectiveStop,temperature_only,10,233,219,2,0,0,0
ProtectiveStop,temperature_only,10,234,220,1,1,0,0
ProtectiveStop,temperature_only,10,235,221,1,1,1,1
ProtectiveStop,temperature_only,10,236,222,1,0,1,0
ProtectiveStop,temperature_only,10,237,223,1,1,0,0
ProtectiveStop,temperature_only,10,238,224,1,0,0,0
ProtectiveStop,temperature_only,10,239,225,1,1,0,0
ProtectiveStop,temperature_only,10,240,226,1,1,1,0
ProtectiveStop,temperature_only,10,241,227,1,0,0,0
ProtectiveStop,temperature_only,10,242,228,1,1,0,0
ProtectiveStop,temperature_only,10,243,229,1,0,0,0
ProtectiveStop,temperature_only,10,245,230,1,0,0,0
ProtectiveStop,temperature_only,10,246,231,1,1,0,0
ProtectiveStop,temperature_only,10,247,232,1,1,0,0
ProtectiveStop,temperature_only,10,248,233,1,0,0,0
ProtectiveStop,temperature_only,10,249,234,1,1,0,0
ProtectiveStop,temperature_only,10,250,235,1,1,0,0
ProtectiveStop,drop_current_family,1,1,1,1,1,0,0
ProtectiveStop,drop_current_family,1,2,2,1,0,1,0
ProtectiveStop,drop_current_family,1,3,3,1,0,0,0
ProtectiveStop,drop_current_family,1,4,4,1,0,0,0
ProtectiveStop,drop_current_family,1,5,5,1,0,0,0
ProtectiveStop,drop_current_family,1,6,6,1,0,1,0
ProtectiveStop,drop_current_family,1,8,8,1,0,0,0
ProtectiveStop,drop_current_family,1,9,9,1,0,0,0
ProtectiveStop,drop_current_family,1,10,10,1,0,0,0
ProtectiveStop,drop_current_family,1,11,11,1,0,0,0
ProtectiveStop,drop_current_family,1,12,12,1,0,0,0
ProtectiveStop,drop_current_family,1,13,13,1,0,0,0
ProtectiveStop,drop_current_family,1,14,14,1,0,0,0
ProtectiveStop,drop_current_family,1,15,15,1,0,0,0
ProtectiveStop,drop_current_family,1,16,16,1,0,1,0
ProtectiveStop,drop_current_family,1,17,17,1,0,0,0
ProtectiveStop,drop_current_family,1,18,18,1,0,0,0
ProtectiveStop,drop_current_family,1,19,19,1,0,0,0
ProtectiveStop,drop_current_family,1,20,20,1,0,0,0
ProtectiveStop,drop_current_family,1,21,21,1,0,0,0
ProtectiveStop,drop_current_family,1,22,22,1,1,1,1
ProtectiveStop,drop_current_family,1,23,23,1,0,0,0
ProtectiveStop,drop_current_family,1,24,24,1,0,0,0
ProtectiveStop,drop_current_family,1,25,25,1,0,0,0
ProtectiveStop,drop_current_family,2,26,26,1,0,0,0
ProtectiveStop,drop_current_family,2,27,27,1,0,0,0
ProtectiveStop,drop_current_family,2,28,28,1,0,0,0
ProtectiveStop,drop_current_family,2,29,29,1,0,0,0
ProtectiveStop,drop_current_family,2,30,30,1,0,0,0
ProtectiveStop,drop_current_family,2,31,31,1,0,0,0
ProtectiveStop,drop_current_family,2,32,32,1,0,0,0
ProtectiveStop,drop_current_family,2,33,33,1,0,0,0
ProtectiveStop,drop_current_family,2,34,34,1,0,0,0
ProtectiveStop,drop_current_family,2,35,35,1,1,1,1
ProtectiveStop,drop_current_family,2,36,36,1,0,0,0
ProtectiveStop,drop_current_family,2,37,37,1,0,0,0
ProtectiveStop,drop_current_family,2,38,38,1,0,0,0
ProtectiveStop,drop_current_family,2,39,39,1,0,0,0
ProtectiveStop,drop_current_family,2,40,40,1,0,0,0
ProtectiveStop,drop_current_family,2,41,41,1,0,0,0
ProtectiveStop,drop_current_family,2,42,42,1,1,1,1
ProtectiveStop,drop_current_family,2,43,43,1,0,0,0
ProtectiveStop,drop_current_family,2,44,44,1,0,0,0
ProtectiveStop,drop_current_family,2,45,45,1,0,0,0
ProtectiveStop,drop_current_family,2,48,48,1,0,0,0
ProtectiveStop,drop_current_family,2,49,49,1,0,0,0
ProtectiveStop,drop_current_family,2,50,50,1,0,0,0
ProtectiveStop,drop_current_family,3,51,51,1,0,0,0
ProtectiveStop,drop_current_family,3,52,52,1,0,0,0
ProtectiveStop,drop_current_family,3,53,53,1,1,1,1
ProtectiveStop,drop_current_family,3,54,54,1,0,0,0
ProtectiveStop,drop_current_family,3,55,55,1,0,0,0
ProtectiveStop,drop_current_family,3,56,56,1,0,0,0
ProtectiveStop,drop_current_family,3,57,57,1,0,1,0
ProtectiveStop,drop_current_family,3,58,58,1,0,0,0
ProtectiveStop,drop_current_family,3,59,59,1,0,0,0
ProtectiveStop,drop_current_family,3,60,60,1,0,0,0
ProtectiveStop,drop_current_family,3,61,61,1,0,0,0
ProtectiveStop,drop_current_family,3,62,62,1,0,1,0
ProtectiveStop,drop_current_family,3,63,63,1,1,1,1
ProtectiveStop,drop_current_family,3,64,64,1,0,1,0
ProtectiveStop,drop_current_family,3,65,65,1,0,0,0
ProtectiveStop,drop_current_family,3,66,66,1,0,1,0
ProtectiveStop,drop_current_family,3,67,67,1,0,0,0
ProtectiveStop,drop_current_family,3,68,68,1,0,0,0
ProtectiveStop,drop_current_family,3,69,69,1,1,1,1
ProtectiveStop,drop_current_family,3,70,70,1,0,0,0
ProtectiveStop,drop_current_family,3,71,71,1,0,0,0
ProtectiveStop,drop_current_family,3,72,72,1,0,0,0
ProtectiveStop,drop_current_family,3,73,73,1,0,0,0
ProtectiveStop,drop_current_family,3,75,74,1,0,0,0
ProtectiveStop,drop_current_family,4,76,75,1,0,0,0
ProtectiveStop,drop_current_family,4,85,84,1,0,1,0
ProtectiveStop,drop_current_family,4,86,85,1,1,1,1
ProtectiveStop,drop_current_family,4,87,86,1,1,1,1
ProtectiveStop,drop_current_family,4,88,87,1,0,0,0
ProtectiveStop,drop_current_family,4,89,88,1,0,0,0
ProtectiveStop,drop_current_family,4,90,89,1,0,0,0
ProtectiveStop,drop_current_family,4,91,90,1,0,0,0
ProtectiveStop,drop_current_family,4,92,91,1,0,0,0
ProtectiveStop,drop_current_family,4,93,92,1,0,0,0
ProtectiveStop,drop_current_family,4,94,93,1,0,0,0
ProtectiveStop,drop_current_family,4,95,94,1,0,0,0
ProtectiveStop,drop_current_family,4,96,95,1,0,0,0
ProtectiveStop,drop_current_family,4,97,96,1,0,0,0
ProtectiveStop,drop_current_family,4,98,97,1,0,0,0
ProtectiveStop,drop_current_family,4,99,98,1,1,1,1
ProtectiveStop,drop_current_family,4,100,99,1,0,0,0
ProtectiveStop,drop_current_family,5,101,100,1,0,0,0
ProtectiveStop,drop_current_family,5,102,101,1,0,0,0
ProtectiveStop,drop_current_family,5,103,102,1,1,1,1
ProtectiveStop,drop_current_family,5,104,103,1,0,0,0
ProtectiveStop,drop_current_family,5,105,104,1,0,0,0
ProtectiveStop,drop_current_family,5,106,105,1,0,0,0
ProtectiveStop,drop_current_family,5,107,106,1,0,0,0
ProtectiveStop,drop_current_family,5,108,107,1,1,1,1
ProtectiveStop,drop_current_family,5,109,108,1,0,0,0
ProtectiveStop,drop_current_family,5,110,109,1,0,1,0
ProtectiveStop,drop_current_family,5,111,110,1,0,0,0
ProtectiveStop,drop_current_family,5,112,111,1,0,0,0
ProtectiveStop,drop_current_family,5,113,112,1,0,0,0
ProtectiveStop,drop_current_family,5,114,113,1,0,1,0
ProtectiveStop,drop_current_family,5,115,114,1,1,1,1
ProtectiveStop,drop_current_family,5,116,115,1,0,0,0
ProtectiveStop,drop_current_family,5,117,116,1,1,1,1
ProtectiveStop,drop_current_family,5,118,117,1,1,1,1
ProtectiveStop,drop_current_family,5,119,118,1,0,0,0
ProtectiveStop,drop_current_family,5,120,119,1,0,0,0
ProtectiveStop,drop_current_family,5,121,120,1,0,0,0
ProtectiveStop,drop_current_family,5,122,121,1,0,0,0
ProtectiveStop,drop_current_family,5,123,122,1,0,0,0
ProtectiveStop,drop_current_family,5,124,123,1,0,0,0
ProtectiveStop,drop_current_family,5,125,124,1,0,0,0
ProtectiveStop,drop_current_family,7,151,129,1,0,0,0
ProtectiveStop,drop_current_family,7,152,130,1,1,1,1
ProtectiveStop,drop_current_family,7,153,131,1,0,0,0
ProtectiveStop,drop_current_family,7,154,132,1,0,0,0
ProtectiveStop,drop_current_family,7,155,133,1,0,0,0
ProtectiveStop,drop_current_family,7,156,134,1,0,0,0
ProtectiveStop,drop_current_family,7,157,135,1,0,0,0
ProtectiveStop,drop_current_family,7,159,137,1,1,1,1
ProtectiveStop,drop_current_family,7,160,138,1,0,0,0
ProtectiveStop,drop_current_family,7,161,139,1,0,0,0
ProtectiveStop,drop_current_family,7,162,140,1,0,0,0
ProtectiveStop,drop_current_family,7,163,141,1,1,1,1
ProtectiveStop,drop_current_family,7,164,142,1,1,1,1
ProtectiveStop,drop_current_family,7,165,143,1,0,0,0
ProtectiveStop,drop_current_family,7,166,144,1,0,0,0
ProtectiveStop,drop_current_family,7,167,145,1,0,0,0
ProtectiveStop,drop_current_family,7,168,146,1,0,0,0
ProtectiveStop,drop_current_family,7,169,147,1,0,0,0
ProtectiveStop,drop_current_family,7,170,148,1,1,1,1
ProtectiveStop,drop_current_family,7,171,149,1,0,0,0
ProtectiveStop,drop_current_family,7,172,150,1,0,0,0
ProtectiveStop,drop_current_family,7,173,151,1,1,1,1
ProtectiveStop,drop_current_family,7,174,152,1,1,1,1
ProtectiveStop,drop_current_family,7,175,153,1,1,1,1
ProtectiveStop,drop_current_family,8,176,154,1,0,0,0
ProtectiveStop,drop_current_family,8,177,155,1,0,0,0
ProtectiveStop,drop_current_family,8,178,156,1,0,0,0
ProtectiveStop,drop_current_family,8,179,157,1,0,0,0
ProtectiveStop,drop_current_family,8,180,158,1,0,0,0
ProtectiveStop,drop_current_family,8,181,159,1,0,0,0
ProtectiveStop,drop_current_family,8,182,160,1,1,1,1
ProtectiveStop,drop_current_family,8,183,161,1,1,1,1
ProtectiveStop,drop_current_family,8,184,162,1,0,0,0
ProtectiveStop,drop_current_family,8,185,163,1,1,1,1
ProtectiveStop,drop_current_family,8,199,176,1,0,0,0
ProtectiveStop,drop_current_family,8,200,177,1,0,0,0
ProtectiveStop,drop_current_family,9,201,178,1,1,1,1
ProtectiveStop,drop_current_family,9,202,179,1,0,0,0
ProtectiveStop,drop_current_family,9,203,180,1,0,0,0
ProtectiveStop,drop_current_family,9,204,181,1,1,1,1
ProtectiveStop,drop_current_family,9,205,182,1,0,0,0
ProtectiveStop,drop_current_family,9,206,183,1,1,1,1
ProtectiveStop,drop_current_family,9,207,184,1,0,0,0
ProtectiveStop,drop_current_family,9,208,185,1,0,0,0
ProtectiveStop,drop_current_family,9,209,186,1,0,0,0
ProtectiveStop,drop_current_family,9,210,187,1,1,1,1
ProtectiveStop,drop_current_family,9,211,188,1,0,0,0
ProtectiveStop,drop_current_family,9,212,189,1,1,1,1
ProtectiveStop,drop_current_family,9,213,190,1,0,0,0
ProtectiveStop,drop_current_family,9,214,191,1,1,1,1
ProtectiveStop,drop_current_family,9,215,192,1,1,1,1
ProtectiveStop,drop_current_family,9,216,193,1,0,0,0
ProtectiveStop,drop_current_family,9,217,194,1,1,1,0
ProtectiveStop,drop_current_family,9,218,195,1,1,1,1
ProtectiveStop,drop_current_family,9,219,196,1,1,1,1
ProtectiveStop,drop_current_family,9,220,197,1,1,1,1
ProtectiveStop,drop_current_family,9,221,198,1,1,1,1
ProtectiveStop,drop_current_family,9,222,199,1,1,1,1
ProtectiveStop,drop_current_family,9,223,200,1,1,1,1
ProtectiveStop,drop_current_family,9,224,201,1,1,1,1
ProtectiveStop,drop_current_family,9,225,202,1,1,1,1
ProtectiveStop,drop_current_family,9,224,210,2,1,1,1
ProtectiveStop,drop_current_family,10,226,203,1,1,1,1
ProtectiveStop,drop_current_family,10,227,204,1,1,1,1
ProtectiveStop,drop_current_family,10,229,205,1,1,1,1
ProtectiveStop,drop_current_family,10,230,206,1,1,1,1
ProtectiveStop,drop_current_family,10,231,207,1,1,1,1
ProtectiveStop,drop_current_family,10,232,208,1,0,0,0
ProtectiveStop,drop_current_family,10,233,209,1,1,1,1
ProtectiveStop,drop_current_family,10,230,216,2,1,1,1
ProtectiveStop,drop_current_family,10,231,217,2,1,1,1
ProtectiveStop,drop_current_family,10,232,218,2,1,1,1
ProtectiveStop,drop_current_family,10,233,219,2,0,1,0
ProtectiveStop,drop_current_family,10,234,220,1,1,1,1
ProtectiveStop,drop_current_family,10,235,221,1,1,1,1
ProtectiveStop,drop_current_family,10,236,222,1,0,0,0
ProtectiveStop,drop_current_family,10,237,223,1,1,1,1
ProtectiveStop,drop_current_family,10,238,224,1,0,0,0
ProtectiveStop,drop_current_family,10,239,225,1,1,1,1
ProtectiveStop,drop_current_family,10,240,226,1,1,1,1
ProtectiveStop,drop_current_family,10,241,227,1,0,0,0
ProtectiveStop,drop_current_family,10,242,228,1,1,1,1
ProtectiveStop,drop_current_family,10,243,229,1,0,0,0
ProtectiveStop,drop_current_family,10,245,230,1,0,0,0
ProtectiveStop,drop_current_family,10,246,231,1,1,1,1
ProtectiveStop,drop_current_family,10,247,232,1,1,1,1
ProtectiveStop,drop_current_family,10,248,233,1,0,0,0
ProtectiveStop,drop_current_family,10,249,234,1,1,1,1
ProtectiveStop,drop_current_family,10,250,235,1,1,1,1
ProtectiveStop,drop_speed,1,1,1,1,1,0,0
ProtectiveStop,drop_speed,1,2,2,1,0,0,0
ProtectiveStop,drop_speed,1,3,3,1,0,0,0
ProtectiveStop,drop_speed,1,4,4,1,0,0,0
ProtectiveStop,drop_speed,1,5,5,1,0,0,0
ProtectiveStop,drop_speed,1,6,6,1,0,0,0
ProtectiveStop,drop_speed,1,8,8,1,0,0,0
ProtectiveStop,drop_speed,1,9,9,1,0,0,0
ProtectiveStop,drop_speed,1,10,10,1,0,0,0
ProtectiveStop,drop_speed,1,11,11,1,0,0,0
ProtectiveStop,drop_speed,1,12,12,1,0,0,0
ProtectiveStop,drop_speed,1,13,13,1,0,0,0
ProtectiveStop,drop_speed,1,14,14,1,0,0,0
ProtectiveStop,drop_speed,1,15,15,1,0,0,0
ProtectiveStop,drop_speed,1,16,16,1,0,0,0
ProtectiveStop,drop_speed,1,17,17,1,0,0,0
ProtectiveStop,drop_speed,1,18,18,1,0,0,0
ProtectiveStop,drop_speed,1,19,19,1,0,0,0
ProtectiveStop,drop_speed,1,20,20,1,0,0,0
ProtectiveStop,drop_speed,1,21,21,1,0,0,0
ProtectiveStop,drop_speed,1,22,22,1,1,1,1
ProtectiveStop,drop_speed,1,23,23,1,0,0,0
ProtectiveStop,drop_speed,1,24,24,1,0,0,0
ProtectiveStop,drop_speed,1,25,25,1,0,0,0
ProtectiveStop,drop_speed,2,26,26,1,0,0,0
ProtectiveStop,drop_speed,2,27,27,1,0,0,0
ProtectiveStop,drop_speed,2,28,28,1,0,0,0
ProtectiveStop,drop_speed,2,29,29,1,0,0,0
ProtectiveStop,drop_speed,2,30,30,1,0,0,0
ProtectiveStop,drop_speed,2,31,31,1,0,0,0
ProtectiveStop,drop_speed,2,32,32,1,0,0,0
ProtectiveStop,drop_speed,2,33,33,1,0,0,0
ProtectiveStop,drop_speed,2,34,34,1,0,0,0
ProtectiveStop,drop_speed,2,35,35,1,1,1,1
ProtectiveStop,drop_speed,2,36,36,1,0,0,0
ProtectiveStop,drop_speed,2,37,37,1,0,0,0
ProtectiveStop,drop_speed,2,38,38,1,0,0,0
ProtectiveStop,drop_speed,2,39,39,1,0,0,0
ProtectiveStop,drop_speed,2,40,40,1,0,0,0
ProtectiveStop,drop_speed,2,41,41,1,0,0,0
ProtectiveStop,drop_speed,2,42,42,1,1,1,1
ProtectiveStop,drop_speed,2,43,43,1,0,0,0
ProtectiveStop,drop_speed,2,44,44,1,0,0,0
ProtectiveStop,drop_speed,2,45,45,1,0,0,0
ProtectiveStop,drop_speed,2,48,48,1,0,0,0
ProtectiveStop,drop_speed,2,49,49,1,0,0,0
ProtectiveStop,drop_speed,2,50,50,1,0,0,0
ProtectiveStop,drop_speed,3,51,51,1,0,0,0
ProtectiveStop,drop_speed,3,52,52,1,0,0,0
ProtectiveStop,drop_speed,3,53,53,1,1,1,1
ProtectiveStop,drop_speed,3,54,54,1,0,0,0
ProtectiveStop,drop_speed,3,55,55,1,0,0,0
ProtectiveStop,drop_speed,3,56,56,1,0,0,0
ProtectiveStop,drop_speed,3,57,57,1,0,0,0
ProtectiveStop,drop_speed,3,58,58,1,0,0,0
ProtectiveStop,drop_speed,3,59,59,1,0,0,0
ProtectiveStop,drop_speed,3,60,60,1,0,0,0
ProtectiveStop,drop_speed,3,61,61,1,0,0,0
ProtectiveStop,drop_speed,3,62,62,1,0,0,0
ProtectiveStop,drop_speed,3,63,63,1,1,1,1
ProtectiveStop,drop_speed,3,64,64,1,0,0,0
ProtectiveStop,drop_speed,3,65,65,1,0,0,0
ProtectiveStop,drop_speed,3,66,66,1,0,0,0
ProtectiveStop,drop_speed,3,67,67,1,0,0,0
ProtectiveStop,drop_speed,3,68,68,1,0,0,0
ProtectiveStop,drop_speed,3,69,69,1,1,0,0
ProtectiveStop,drop_speed,3,70,70,1,0,0,0
ProtectiveStop,drop_speed,3,71,71,1,0,1,0
ProtectiveStop,drop_speed,3,72,72,1,0,0,0
ProtectiveStop,drop_speed,3,73,73,1,0,0,0
ProtectiveStop,drop_speed,3,75,74,1,0,0,0
ProtectiveStop,drop_speed,4,76,75,1,0,0,0
ProtectiveStop,drop_speed,4,85,84,1,0,0,0
ProtectiveStop,drop_speed,4,86,85,1,1,1,1
ProtectiveStop,drop_speed,4,87,86,1,1,1,1
ProtectiveStop,drop_speed,4,88,87,1,0,0,0
ProtectiveStop,drop_speed,4,89,88,1,0,0,0
ProtectiveStop,drop_speed,4,90,89,1,0,0,0
ProtectiveStop,drop_speed,4,91,90,1,0,0,0
ProtectiveStop,drop_speed,4,92,91,1,0,0,0
ProtectiveStop,drop_speed,4,93,92,1,0,0,0
ProtectiveStop,drop_speed,4,94,93,1,0,0,0
ProtectiveStop,drop_speed,4,95,94,1,0,0,0
ProtectiveStop,drop_speed,4,96,95,1,0,0,0
ProtectiveStop,drop_speed,4,97,96,1,0,0,0
ProtectiveStop,drop_speed,4,98,97,1,0,0,0
ProtectiveStop,drop_speed,4,99,98,1,1,1,1
ProtectiveStop,drop_speed,4,100,99,1,0,0,0
ProtectiveStop,drop_speed,5,101,100,1,0,0,0
ProtectiveStop,drop_speed,5,102,101,1,0,0,0
ProtectiveStop,drop_speed,5,103,102,1,1,1,1
ProtectiveStop,drop_speed,5,104,103,1,0,0,0
ProtectiveStop,drop_speed,5,105,104,1,0,0,0
ProtectiveStop,drop_speed,5,106,105,1,0,0,0
ProtectiveStop,drop_speed,5,107,106,1,0,0,0
ProtectiveStop,drop_speed,5,108,107,1,1,1,1
ProtectiveStop,drop_speed,5,109,108,1,0,0,0
ProtectiveStop,drop_speed,5,110,109,1,0,0,0
ProtectiveStop,drop_speed,5,111,110,1,0,0,0
ProtectiveStop,drop_speed,5,112,111,1,0,0,0
ProtectiveStop,drop_speed,5,113,112,1,0,0,0
ProtectiveStop,drop_speed,5,114,113,1,0,0,0
ProtectiveStop,drop_speed,5,115,114,1,1,1,1
ProtectiveStop,drop_speed,5,116,115,1,0,0,0
ProtectiveStop,drop_speed,5,117,116,1,1,1,1
ProtectiveStop,drop_speed,5,118,117,1,1,1,1
ProtectiveStop,drop_speed,5,119,118,1,0,0,0
ProtectiveStop,drop_speed,5,120,119,1,0,0,0
ProtectiveStop,drop_speed,5,121,120,1,0,0,0
ProtectiveStop,drop_speed,5,122,121,1,0,0,0
ProtectiveStop,drop_speed,5,123,122,1,0,0,0
ProtectiveStop,drop_speed,5,124,123,1,0,0,0
ProtectiveStop,drop_speed,5,125,124,1,0,1,0
ProtectiveStop,drop_speed,7,151,129,1,0,0,0
ProtectiveStop,drop_speed,7,152,130,1,1,1,1
ProtectiveStop,drop_speed,7,153,131,1,0,0,0
ProtectiveStop,drop_speed,7,154,132,1,0,0,0
ProtectiveStop,drop_speed,7,155,133,1,0,0,0
ProtectiveStop,drop_speed,7,156,134,1,0,0,0
ProtectiveStop,drop_speed,7,157,135,1,0,0,0
ProtectiveStop,drop_speed,7,159,137,1,1,1,1
ProtectiveStop,drop_speed,7,160,138,1,0,0,0
ProtectiveStop,drop_speed,7,161,139,1,0,0,0
ProtectiveStop,drop_speed,7,162,140,1,0,0,0
ProtectiveStop,drop_speed,7,163,141,1,1,1,1
ProtectiveStop,drop_speed,7,164,142,1,1,1,1
ProtectiveStop,drop_speed,7,165,143,1,0,0,0
ProtectiveStop,drop_speed,7,166,144,1,0,0,0
ProtectiveStop,drop_speed,7,167,145,1,0,0,0
ProtectiveStop,drop_speed,7,168,146,1,0,0,0
ProtectiveStop,drop_speed,7,169,147,1,0,0,0
ProtectiveStop,drop_speed,7,170,148,1,1,1,1
ProtectiveStop,drop_speed,7,171,149,1,0,0,0
ProtectiveStop,drop_speed,7,172,150,1,0,0,0
ProtectiveStop,drop_speed,7,173,151,1,1,1,1
ProtectiveStop,drop_speed,7,174,152,1,1,1,1
ProtectiveStop,drop_speed,7,175,153,1,1,1,1
ProtectiveStop,drop_speed,8,176,154,1,0,0,0
ProtectiveStop,drop_speed,8,177,155,1,0,0,0
ProtectiveStop,drop_speed,8,178,156,1,0,0,0
ProtectiveStop,drop_speed,8,179,157,1,0,0,0
ProtectiveStop,drop_speed,8,180,158,1,0,0,0
ProtectiveStop,drop_speed,8,181,159,1,0,0,0
ProtectiveStop,drop_speed,8,182,160,1,1,1,1
ProtectiveStop,drop_speed,8,183,161,1,1,1,1
ProtectiveStop,drop_speed,8,184,162,1,0,0,0
ProtectiveStop,drop_speed,8,185,163,1,1,1,1
ProtectiveStop,drop_speed,8,199,176,1,0,0,0
ProtectiveStop,drop_speed,8,200,177,1,0,0,0
ProtectiveStop,drop_speed,9,201,178,1,1,1,1
ProtectiveStop,drop_speed,9,202,179,1,0,0,0
ProtectiveStop,drop_speed,9,203,180,1,0,0,0
ProtectiveStop,drop_speed,9,204,181,1,1,1,1
ProtectiveStop,drop_speed,9,205,182,1,0,0,0
ProtectiveStop,drop_speed,9,206,183,1,1,1,1
ProtectiveStop,drop_speed,9,207,184,1,0,0,0
ProtectiveStop,drop_speed,9,208,185,1,0,0,0
ProtectiveStop,drop_speed,9,209,186,1,0,0,0
ProtectiveStop,drop_speed,9,210,187,1,1,1,1
ProtectiveStop,drop_speed,9,211,188,1,0,0,0
ProtectiveStop,drop_speed,9,212,189,1,1,1,1
ProtectiveStop,drop_speed,9,213,190,1,0,0,0
ProtectiveStop,drop_speed,9,214,191,1,1,1,1
ProtectiveStop,drop_speed,9,215,192,1,1,0,0
ProtectiveStop,drop_speed,9,216,193,1,0,0,0
ProtectiveStop,drop_speed,9,217,194,1,1,1,1
ProtectiveStop,drop_speed,9,218,195,1,1,1,1
ProtectiveStop,drop_speed,9,219,196,1,1,1,1
ProtectiveStop,drop_speed,9,220,197,1,1,1,1
ProtectiveStop,drop_speed,9,221,198,1,1,0,0
ProtectiveStop,drop_speed,9,222,199,1,1,1,1
ProtectiveStop,drop_speed,9,223,200,1,1,1,1
ProtectiveStop,drop_speed,9,224,201,1,1,1,1
ProtectiveStop,drop_speed,9,225,202,1,1,1,1
ProtectiveStop,drop_speed,9,224,210,2,1,1,1
ProtectiveStop,drop_speed,10,226,203,1,1,1,1
ProtectiveStop,drop_speed,10,227,204,1,1,1,1
ProtectiveStop,drop_speed,10,229,205,1,1,1,1
ProtectiveStop,drop_speed,10,230,206,1,1,1,1
ProtectiveStop,drop_speed,10,231,207,1,1,1,1
ProtectiveStop,drop_speed,10,232,208,1,0,0,0
ProtectiveStop,drop_speed,10,233,209,1,1,1,1
ProtectiveStop,drop_speed,10,230,216,2,1,1,1
ProtectiveStop,drop_speed,10,231,217,2,1,1,1
ProtectiveStop,drop_speed,10,232,218,2,1,1,1
ProtectiveStop,drop_speed,10,233,219,2,0,0,0
ProtectiveStop,drop_speed,10,234,220,1,1,1,1
ProtectiveStop,drop_speed,10,235,221,1,1,1,1
ProtectiveStop,drop_speed,10,236,222,1,0,0,0
ProtectiveStop,drop_speed,10,237,223,1,1,1,1
ProtectiveStop,drop_speed,10,238,224,1,0,1,0
ProtectiveStop,drop_speed,10,239,225,1,1,1,1
ProtectiveStop,drop_speed,10,240,226,1,1,1,1
ProtectiveStop,drop_speed,10,241,227,1,0,0,0
ProtectiveStop,drop_speed,10,242,228,1,1,0,0
ProtectiveStop,drop_speed,10,243,229,1,0,0,0
ProtectiveStop,drop_speed,10,245,230,1,0,0,0
ProtectiveStop,drop_speed,10,246,231,1,1,1,1
ProtectiveStop,drop_speed,10,247,232,1,1,1,1
ProtectiveStop,drop_speed,10,248,233,1,0,1,0
ProtectiveStop,drop_speed,10,249,234,1,1,1,1
ProtectiveStop,drop_speed,10,250,235,1,1,1,1
ProtectiveStop,drop_temperature,1,1,1,1,1,0,0
ProtectiveStop,drop_temperature,1,2,2,1,0,1,0
ProtectiveStop,drop_temperature,1,3,3,1,0,1,0
ProtectiveStop,drop_temperature,1,4,4,1,0,0,0
ProtectiveStop,drop_temperature,1,5,5,1,0,1,0
ProtectiveStop,drop_temperature,1,6,6,1,0,1,0
ProtectiveStop,drop_temperature,1,8,8,1,0,0,0
ProtectiveStop,drop_temperature,1,9,9,1,0,0,0
ProtectiveStop,drop_temperature,1,10,10,1,0,0,0
ProtectiveStop,drop_temperature,1,11,11,1,0,0,0
ProtectiveStop,drop_temperature,1,12,12,1,0,0,0
ProtectiveStop,drop_temperature,1,13,13,1,0,0,0
ProtectiveStop,drop_temperature,1,14,14,1,0,0,0
ProtectiveStop,drop_temperature,1,15,15,1,0,0,0
ProtectiveStop,drop_temperature,1,16,16,1,0,1,0
ProtectiveStop,drop_temperature,1,17,17,1,0,1,0
ProtectiveStop,drop_temperature,1,18,18,1,0,0,0
ProtectiveStop,drop_temperature,1,19,19,1,0,0,0
ProtectiveStop,drop_temperature,1,20,20,1,0,0,0
ProtectiveStop,drop_temperature,1,21,21,1,0,1,0
ProtectiveStop,drop_temperature,1,22,22,1,1,1,1
ProtectiveStop,drop_temperature,1,23,23,1,0,0,0
ProtectiveStop,drop_temperature,1,24,24,1,0,0,0
ProtectiveStop,drop_temperature,1,25,25,1,0,0,0
ProtectiveStop,drop_temperature,2,26,26,1,0,0,0
ProtectiveStop,drop_temperature,2,27,27,1,0,0,0
ProtectiveStop,drop_temperature,2,28,28,1,0,0,0
ProtectiveStop,drop_temperature,2,29,29,1,0,0,0
ProtectiveStop,drop_temperature,2,30,30,1,0,0,0
ProtectiveStop,drop_temperature,2,31,31,1,0,0,0
ProtectiveStop,drop_temperature,2,32,32,1,0,0,0
ProtectiveStop,drop_temperature,2,33,33,1,0,0,0
ProtectiveStop,drop_temperature,2,34,34,1,0,0,0
ProtectiveStop,drop_temperature,2,35,35,1,1,1,1
ProtectiveStop,drop_temperature,2,36,36,1,0,0,0
ProtectiveStop,drop_temperature,2,37,37,1,0,0,0
ProtectiveStop,drop_temperature,2,38,38,1,0,0,0
ProtectiveStop,drop_temperature,2,39,39,1,0,0,0
ProtectiveStop,drop_temperature,2,40,40,1,0,0,0
ProtectiveStop,drop_temperature,2,41,41,1,0,0,0
ProtectiveStop,drop_temperature,2,42,42,1,1,1,1
ProtectiveStop,drop_temperature,2,43,43,1,0,0,0
ProtectiveStop,drop_temperature,2,44,44,1,0,0,0
ProtectiveStop,drop_temperature,2,45,45,1,0,0,0
ProtectiveStop,drop_temperature,2,48,48,1,0,0,0
ProtectiveStop,drop_temperature,2,49,49,1,0,0,0
ProtectiveStop,drop_temperature,2,50,50,1,0,0,0
ProtectiveStop,drop_temperature,3,51,51,1,0,0,0
ProtectiveStop,drop_temperature,3,52,52,1,0,0,0
ProtectiveStop,drop_temperature,3,53,53,1,1,1,1
ProtectiveStop,drop_temperature,3,54,54,1,0,0,0
ProtectiveStop,drop_temperature,3,55,55,1,0,0,0
ProtectiveStop,drop_temperature,3,56,56,1,0,0,0
ProtectiveStop,drop_temperature,3,57,57,1,0,1,0
ProtectiveStop,drop_temperature,3,58,58,1,0,0,0
ProtectiveStop,drop_temperature,3,59,59,1,0,0,0
ProtectiveStop,drop_temperature,3,60,60,1,0,0,0
ProtectiveStop,drop_temperature,3,61,61,1,0,0,0
ProtectiveStop,drop_temperature,3,62,62,1,0,1,0
ProtectiveStop,drop_temperature,3,63,63,1,1,1,1
ProtectiveStop,drop_temperature,3,64,64,1,0,0,0
ProtectiveStop,drop_temperature,3,65,65,1,0,0,0
ProtectiveStop,drop_temperature,3,66,66,1,0,0,0
ProtectiveStop,drop_temperature,3,67,67,1,0,0,0
ProtectiveStop,drop_temperature,3,68,68,1,0,0,0
ProtectiveStop,drop_temperature,3,69,69,1,1,1,1
ProtectiveStop,drop_temperature,3,70,70,1,0,0,0
ProtectiveStop,drop_temperature,3,71,71,1,0,1,0
ProtectiveStop,drop_temperature,3,72,72,1,0,0,0
ProtectiveStop,drop_temperature,3,73,73,1,0,0,0
ProtectiveStop,drop_temperature,3,75,74,1,0,0,0
ProtectiveStop,drop_temperature,4,76,75,1,0,0,0
ProtectiveStop,drop_temperature,4,85,84,1,0,1,0
ProtectiveStop,drop_temperature,4,86,85,1,1,1,1
ProtectiveStop,drop_temperature,4,87,86,1,1,1,1
ProtectiveStop,drop_temperature,4,88,87,1,0,0,0
ProtectiveStop,drop_temperature,4,89,88,1,0,0,0
ProtectiveStop,drop_temperature,4,90,89,1,0,0,0
ProtectiveStop,drop_temperature,4,91,90,1,0,0,0
ProtectiveStop,drop_temperature,4,92,91,1,0,0,0
ProtectiveStop,drop_temperature,4,93,92,1,0,0,0
ProtectiveStop,drop_temperature,4,94,93,1,0,0,0
ProtectiveStop,drop_temperature,4,95,94,1,0,0,0
ProtectiveStop,drop_temperature,4,96,95,1,0,0,0
ProtectiveStop,drop_temperature,4,97,96,1,0,0,0
ProtectiveStop,drop_temperature,4,98,97,1,0,0,0
ProtectiveStop,drop_temperature,4,99,98,1,1,1,1
ProtectiveStop,drop_temperature,4,100,99,1,0,0,0
ProtectiveStop,drop_temperature,5,101,100,1,0,0,0
ProtectiveStop,drop_temperature,5,102,101,1,0,0,0
ProtectiveStop,drop_temperature,5,103,102,1,1,1,1
ProtectiveStop,drop_temperature,5,104,103,1,0,0,0
ProtectiveStop,drop_temperature,5,105,104,1,0,0,0
ProtectiveStop,drop_temperature,5,106,105,1,0,0,0
ProtectiveStop,drop_temperature,5,107,106,1,0,0,0
ProtectiveStop,drop_temperature,5,108,107,1,1,1,1
ProtectiveStop,drop_temperature,5,109,108,1,0,0,0
ProtectiveStop,drop_temperature,5,110,109,1,0,0,0
ProtectiveStop,drop_temperature,5,111,110,1,0,0,0
ProtectiveStop,drop_temperature,5,112,111,1,0,0,0
ProtectiveStop,drop_temperature,5,113,112,1,0,0,0
ProtectiveStop,drop_temperature,5,114,113,1,0,0,0
ProtectiveStop,drop_temperature,5,115,114,1,1,1,1
ProtectiveStop,drop_temperature,5,116,115,1,0,0,0
ProtectiveStop,drop_temperature,5,117,116,1,1,1,1
ProtectiveStop,drop_temperature,5,118,117,1,1,1,1
ProtectiveStop,drop_temperature,5,119,118,1,0,0,0
ProtectiveStop,drop_temperature,5,120,119,1,0,0,0
ProtectiveStop,drop_temperature,5,121,120,1,0,0,0
ProtectiveStop,drop_temperature,5,122,121,1,0,0,0
ProtectiveStop,drop_temperature,5,123,122,1,0,0,0
ProtectiveStop,drop_temperature,5,124,123,1,0,0,0
ProtectiveStop,drop_temperature,5,125,124,1,0,0,0
ProtectiveStop,drop_temperature,7,151,129,1,0,0,0
ProtectiveStop,drop_temperature,7,152,130,1,1,1,1
ProtectiveStop,drop_temperature,7,153,131,1,0,0,0
ProtectiveStop,drop_temperature,7,154,132,1,0,0,0
ProtectiveStop,drop_temperature,7,155,133,1,0,0,0
ProtectiveStop,drop_temperature,7,156,134,1,0,0,0
ProtectiveStop,drop_temperature,7,157,135,1,0,0,0
ProtectiveStop,drop_temperature,7,159,137,1,1,1,1
ProtectiveStop,drop_temperature,7,160,138,1,0,0,0
ProtectiveStop,drop_temperature,7,161,139,1,0,0,0
ProtectiveStop,drop_temperature,7,162,140,1,0,0,0
ProtectiveStop,drop_temperature,7,163,141,1,1,1,1
ProtectiveStop,drop_temperature,7,164,142,1,1,1,1
ProtectiveStop,drop_temperature,7,165,143,1,0,0,0
ProtectiveStop,drop_temperature,7,166,144,1,0,0,0
ProtectiveStop,drop_temperature,7,167,145,1,0,0,0
ProtectiveStop,drop_temperature,7,168,146,1,0,0,0
ProtectiveStop,drop_temperature,7,169,147,1,0,0,0
ProtectiveStop,drop_temperature,7,170,148,1,1,1,1
ProtectiveStop,drop_temperature,7,171,149,1,0,0,0
ProtectiveStop,drop_temperature,7,172,150,1,0,0,0
ProtectiveStop,drop_temperature,7,173,151,1,1,1,1
ProtectiveStop,drop_temperature,7,174,152,1,1,1,1
ProtectiveStop,drop_temperature,7,175,153,1,1,1,1
ProtectiveStop,drop_temperature,8,176,154,1,0,0,0
ProtectiveStop,drop_temperature,8,177,155,1,0,0,0
ProtectiveStop,drop_temperature,8,178,156,1,0,0,0
ProtectiveStop,drop_temperature,8,179,157,1,0,0,0
ProtectiveStop,drop_temperature,8,180,158,1,0,0,0
ProtectiveStop,drop_temperature,8,181,159,1,0,0,0
ProtectiveStop,drop_temperature,8,182,160,1,1,1,1
ProtectiveStop,drop_temperature,8,183,161,1,1,1,1
ProtectiveStop,drop_temperature,8,184,162,1,0,0,0
ProtectiveStop,drop_temperature,8,185,163,1,1,1,1
ProtectiveStop,drop_temperature,8,199,176,1,0,0,0
ProtectiveStop,drop_temperature,8,200,177,1,0,0,0
ProtectiveStop,drop_temperature,9,201,178,1,1,1,1
ProtectiveStop,drop_temperature,9,202,179,1,0,0,0
ProtectiveStop,drop_temperature,9,203,180,1,0,0,0
ProtectiveStop,drop_temperature,9,204,181,1,1,1,1
ProtectiveStop,drop_temperature,9,205,182,1,0,0,0
ProtectiveStop,drop_temperature,9,206,183,1,1,1,1
ProtectiveStop,drop_temperature,9,207,184,1,0,0,0
ProtectiveStop,drop_temperature,9,208,185,1,0,0,0
ProtectiveStop,drop_temperature,9,209,186,1,0,0,0
ProtectiveStop,drop_temperature,9,210,187,1,1,1,1
ProtectiveStop,drop_temperature,9,211,188,1,0,0,0
ProtectiveStop,drop_temperature,9,212,189,1,1,1,1
ProtectiveStop,drop_temperature,9,213,190,1,0,0,0
ProtectiveStop,drop_temperature,9,214,191,1,1,1,1
ProtectiveStop,drop_temperature,9,215,192,1,1,1,1
ProtectiveStop,drop_temperature,9,216,193,1,0,0,0
ProtectiveStop,drop_temperature,9,217,194,1,1,1,1
ProtectiveStop,drop_temperature,9,218,195,1,1,1,1
ProtectiveStop,drop_temperature,9,219,196,1,1,1,1
ProtectiveStop,drop_temperature,9,220,197,1,1,1,1
ProtectiveStop,drop_temperature,9,221,198,1,1,0,0
ProtectiveStop,drop_temperature,9,222,199,1,1,1,1
ProtectiveStop,drop_temperature,9,223,200,1,1,1,1
ProtectiveStop,drop_temperature,9,224,201,1,1,1,1
ProtectiveStop,drop_temperature,9,225,202,1,1,1,1
ProtectiveStop,drop_temperature,9,224,210,2,1,1,1
ProtectiveStop,drop_temperature,10,226,203,1,1,1,1
ProtectiveStop,drop_temperature,10,227,204,1,1,0,0
ProtectiveStop,drop_temperature,10,229,205,1,1,1,1
ProtectiveStop,drop_temperature,10,230,206,1,1,1,1
ProtectiveStop,drop_temperature,10,231,207,1,1,1,1
ProtectiveStop,drop_temperature,10,232,208,1,0,0,0
ProtectiveStop,drop_temperature,10,233,209,1,1,1,1
ProtectiveStop,drop_temperature,10,230,216,2,1,1,1
ProtectiveStop,drop_temperature,10,231,217,2,1,1,1
ProtectiveStop,drop_temperature,10,232,218,2,1,1,1
ProtectiveStop,drop_temperature,10,233,219,2,0,1,0
ProtectiveStop,drop_temperature,10,234,220,1,1,1,1
ProtectiveStop,drop_temperature,10,235,221,1,1,1,1
ProtectiveStop,drop_temperature,10,236,222,1,0,0,0
ProtectiveStop,drop_temperature,10,237,223,1,1,1,1
ProtectiveStop,drop_temperature,10,238,224,1,0,0,0
ProtectiveStop,drop_temperature,10,239,225,1,1,1,1
ProtectiveStop,drop_temperature,10,240,226,1,1,1,1
ProtectiveStop,drop_temperature,10,241,227,1,0,0,0
ProtectiveStop,drop_temperature,10,242,228,1,1,1,1
ProtectiveStop,drop_temperature,10,243,229,1,0,0,0
ProtectiveStop,drop_temperature,10,245,230,1,0,0,0
ProtectiveStop,drop_temperature,10,246,231,1,1,1,1
ProtectiveStop,drop_temperature,10,247,232,1,1,1,1
ProtectiveStop,drop_temperature,10,248,233,1,0,0,0
ProtectiveStop,drop_temperature,10,249,234,1,1,1,1
ProtectiveStop,drop_temperature,10,250,235,1,1,1,1
ProtectiveStop,drop_tool_current,1,1,1,1,1,1,1
ProtectiveStop,drop_tool_current,1,2,2,1,0,0,0
ProtectiveStop,drop_tool_current,1,3,3,1,0,0,0
ProtectiveStop,drop_tool_current,1,4,4,1,0,0,0
ProtectiveStop,drop_tool_current,1,5,5,1,0,0,0
ProtectiveStop,drop_tool_current,1,6,6,1,0,0,0
ProtectiveStop,drop_tool_current,1,8,8,1,0,0,0
ProtectiveStop,drop_tool_current,1,9,9,1,0,0,0
ProtectiveStop,drop_tool_current,1,10,10,1,0,0,0
ProtectiveStop,drop_tool_current,1,11,11,1,0,0,0
ProtectiveStop,drop_tool_current,1,12,12,1,0,0,0
ProtectiveStop,drop_tool_current,1,13,13,1,0,0,0
ProtectiveStop,drop_tool_current,1,14,14,1,0,0,0
ProtectiveStop,drop_tool_current,1,15,15,1,0,0,0
ProtectiveStop,drop_tool_current,1,16,16,1,0,0,0
ProtectiveStop,drop_tool_current,1,17,17,1,0,0,0
ProtectiveStop,drop_tool_current,1,18,18,1,0,0,0
ProtectiveStop,drop_tool_current,1,19,19,1,0,0,0
ProtectiveStop,drop_tool_current,1,20,20,1,0,0,0
ProtectiveStop,drop_tool_current,1,21,21,1,0,0,0
ProtectiveStop,drop_tool_current,1,22,22,1,1,1,1
ProtectiveStop,drop_tool_current,1,23,23,1,0,0,0
ProtectiveStop,drop_tool_current,1,24,24,1,0,0,0
ProtectiveStop,drop_tool_current,1,25,25,1,0,0,0
ProtectiveStop,drop_tool_current,2,26,26,1,0,0,0
ProtectiveStop,drop_tool_current,2,27,27,1,0,0,0
ProtectiveStop,drop_tool_current,2,28,28,1,0,0,0
ProtectiveStop,drop_tool_current,2,29,29,1,0,0,0
ProtectiveStop,drop_tool_current,2,30,30,1,0,0,0
ProtectiveStop,drop_tool_current,2,31,31,1,0,0,0
ProtectiveStop,drop_tool_current,2,32,32,1,0,0,0
ProtectiveStop,drop_tool_current,2,33,33,1,0,0,0
ProtectiveStop,drop_tool_current,2,34,34,1,0,0,0
ProtectiveStop,drop_tool_current,2,35,35,1,1,1,1
ProtectiveStop,drop_tool_current,2,36,36,1,0,0,0
ProtectiveStop,drop_tool_current,2,37,37,1,0,0,0
ProtectiveStop,drop_tool_current,2,38,38,1,0,0,0
ProtectiveStop,drop_tool_current,2,39,39,1,0,0,0
ProtectiveStop,drop_tool_current,2,40,40,1,0,0,0
ProtectiveStop,drop_tool_current,2,41,41,1,0,0,0
ProtectiveStop,drop_tool_current,2,42,42,1,1,1,1
ProtectiveStop,drop_tool_current,2,43,43,1,0,0,0
ProtectiveStop,drop_tool_current,2,44,44,1,0,0,0
ProtectiveStop,drop_tool_current,2,45,45,1,0,0,0
ProtectiveStop,drop_tool_current,2,48,48,1,0,0,0
ProtectiveStop,drop_tool_current,2,49,49,1,0,0,0
ProtectiveStop,drop_tool_current,2,50,50,1,0,0,0
ProtectiveStop,drop_tool_current,3,51,51,1,0,0,0
ProtectiveStop,drop_tool_current,3,52,52,1,0,0,0
ProtectiveStop,drop_tool_current,3,53,53,1,1,1,1
ProtectiveStop,drop_tool_current,3,54,54,1,0,0,0
ProtectiveStop,drop_tool_current,3,55,55,1,0,0,0
ProtectiveStop,drop_tool_current,3,56,56,1,0,0,0
ProtectiveStop,drop_tool_current,3,57,57,1,0,1,0
ProtectiveStop,drop_tool_current,3,58,58,1,0,0,0
ProtectiveStop,drop_tool_current,3,59,59,1,0,0,0
ProtectiveStop,drop_tool_current,3,60,60,1,0,0,0
ProtectiveStop,drop_tool_current,3,61,61,1,0,0,0
ProtectiveStop,drop_tool_current,3,62,62,1,0,1,0
ProtectiveStop,drop_tool_current,3,63,63,1,1,1,1
ProtectiveStop,drop_tool_current,3,64,64,1,0,0,0
ProtectiveStop,drop_tool_current,3,65,65,1,0,0,0
ProtectiveStop,drop_tool_current,3,66,66,1,0,0,0
ProtectiveStop,drop_tool_current,3,67,67,1,0,0,0
ProtectiveStop,drop_tool_current,3,68,68,1,0,0,0
ProtectiveStop,drop_tool_current,3,69,69,1,1,1,1
ProtectiveStop,drop_tool_current,3,70,70,1,0,0,0
ProtectiveStop,drop_tool_current,3,71,71,1,0,1,0
ProtectiveStop,drop_tool_current,3,72,72,1,0,0,0
ProtectiveStop,drop_tool_current,3,73,73,1,0,0,0
ProtectiveStop,drop_tool_current,3,75,74,1,0,0,0
ProtectiveStop,drop_tool_current,4,76,75,1,0,0,0
ProtectiveStop,drop_tool_current,4,85,84,1,0,1,0
ProtectiveStop,drop_tool_current,4,86,85,1,1,1,1
ProtectiveStop,drop_tool_current,4,87,86,1,1,1,1
ProtectiveStop,drop_tool_current,4,88,87,1,0,0,0
ProtectiveStop,drop_tool_current,4,89,88,1,0,0,0
ProtectiveStop,drop_tool_current,4,90,89,1,0,0,0
ProtectiveStop,drop_tool_current,4,91,90,1,0,0,0
ProtectiveStop,drop_tool_current,4,92,91,1,0,0,0
ProtectiveStop,drop_tool_current,4,93,92,1,0,0,0
ProtectiveStop,drop_tool_current,4,94,93,1,0,0,0
ProtectiveStop,drop_tool_current,4,95,94,1,0,0,0
ProtectiveStop,drop_tool_current,4,96,95,1,0,0,0
ProtectiveStop,drop_tool_current,4,97,96,1,0,0,0
ProtectiveStop,drop_tool_current,4,98,97,1,0,0,0
ProtectiveStop,drop_tool_current,4,99,98,1,1,1,1
ProtectiveStop,drop_tool_current,4,100,99,1,0,0,0
ProtectiveStop,drop_tool_current,5,101,100,1,0,0,0
ProtectiveStop,drop_tool_current,5,102,101,1,0,0,0
ProtectiveStop,drop_tool_current,5,103,102,1,1,1,1
ProtectiveStop,drop_tool_current,5,104,103,1,0,0,0
ProtectiveStop,drop_tool_current,5,105,104,1,0,0,0
ProtectiveStop,drop_tool_current,5,106,105,1,0,0,0
ProtectiveStop,drop_tool_current,5,107,106,1,0,0,0
ProtectiveStop,drop_tool_current,5,108,107,1,1,1,1
ProtectiveStop,drop_tool_current,5,109,108,1,0,0,0
ProtectiveStop,drop_tool_current,5,110,109,1,0,0,0
ProtectiveStop,drop_tool_current,5,111,110,1,0,0,0
ProtectiveStop,drop_tool_current,5,112,111,1,0,0,0
ProtectiveStop,drop_tool_current,5,113,112,1,0,0,0
ProtectiveStop,drop_tool_current,5,114,113,1,0,0,0
ProtectiveStop,drop_tool_current,5,115,114,1,1,1,1
ProtectiveStop,drop_tool_current,5,116,115,1,0,0,0
ProtectiveStop,drop_tool_current,5,117,116,1,1,1,1
ProtectiveStop,drop_tool_current,5,118,117,1,1,1,1
ProtectiveStop,drop_tool_current,5,119,118,1,0,0,0
ProtectiveStop,drop_tool_current,5,120,119,1,0,0,0
ProtectiveStop,drop_tool_current,5,121,120,1,0,0,0
ProtectiveStop,drop_tool_current,5,122,121,1,0,0,0
ProtectiveStop,drop_tool_current,5,123,122,1,0,0,0
ProtectiveStop,drop_tool_current,5,124,123,1,0,0,0
ProtectiveStop,drop_tool_current,5,125,124,1,0,0,0
ProtectiveStop,drop_tool_current,7,151,129,1,0,0,0
ProtectiveStop,drop_tool_current,7,152,130,1,1,1,1
ProtectiveStop,drop_tool_current,7,153,131,1,0,0,0
ProtectiveStop,drop_tool_current,7,154,132,1,0,0,0
ProtectiveStop,drop_tool_current,7,155,133,1,0,0,0
ProtectiveStop,drop_tool_current,7,156,134,1,0,0,0
ProtectiveStop,drop_tool_current,7,157,135,1,0,0,0
ProtectiveStop,drop_tool_current,7,159,137,1,1,1,1
ProtectiveStop,drop_tool_current,7,160,138,1,0,0,0
ProtectiveStop,drop_tool_current,7,161,139,1,0,0,0
ProtectiveStop,drop_tool_current,7,162,140,1,0,0,0
ProtectiveStop,drop_tool_current,7,163,141,1,1,1,1
ProtectiveStop,drop_tool_current,7,164,142,1,1,1,1
ProtectiveStop,drop_tool_current,7,165,143,1,0,0,0
ProtectiveStop,drop_tool_current,7,166,144,1,0,0,0
ProtectiveStop,drop_tool_current,7,167,145,1,0,0,0
ProtectiveStop,drop_tool_current,7,168,146,1,0,0,0
ProtectiveStop,drop_tool_current,7,169,147,1,0,0,0
ProtectiveStop,drop_tool_current,7,170,148,1,1,1,1
ProtectiveStop,drop_tool_current,7,171,149,1,0,0,0
ProtectiveStop,drop_tool_current,7,172,150,1,0,0,0
ProtectiveStop,drop_tool_current,7,173,151,1,1,1,1
ProtectiveStop,drop_tool_current,7,174,152,1,1,1,1
ProtectiveStop,drop_tool_current,7,175,153,1,1,1,1
ProtectiveStop,drop_tool_current,8,176,154,1,0,0,0
ProtectiveStop,drop_tool_current,8,177,155,1,0,0,0
ProtectiveStop,drop_tool_current,8,178,156,1,0,0,0
ProtectiveStop,drop_tool_current,8,179,157,1,0,0,0
ProtectiveStop,drop_tool_current,8,180,158,1,0,0,0
ProtectiveStop,drop_tool_current,8,181,159,1,0,0,0
ProtectiveStop,drop_tool_current,8,182,160,1,1,1,1
ProtectiveStop,drop_tool_current,8,183,161,1,1,1,1
ProtectiveStop,drop_tool_current,8,184,162,1,0,0,0
ProtectiveStop,drop_tool_current,8,185,163,1,1,1,1
ProtectiveStop,drop_tool_current,8,199,176,1,0,0,0
ProtectiveStop,drop_tool_current,8,200,177,1,0,0,0
ProtectiveStop,drop_tool_current,9,201,178,1,1,1,1
ProtectiveStop,drop_tool_current,9,202,179,1,0,0,0
ProtectiveStop,drop_tool_current,9,203,180,1,0,0,0
ProtectiveStop,drop_tool_current,9,204,181,1,1,1,1
ProtectiveStop,drop_tool_current,9,205,182,1,0,0,0
ProtectiveStop,drop_tool_current,9,206,183,1,1,1,1
ProtectiveStop,drop_tool_current,9,207,184,1,0,0,0
ProtectiveStop,drop_tool_current,9,208,185,1,0,0,0
ProtectiveStop,drop_tool_current,9,209,186,1,0,0,0
ProtectiveStop,drop_tool_current,9,210,187,1,1,1,1
ProtectiveStop,drop_tool_current,9,211,188,1,0,0,0
ProtectiveStop,drop_tool_current,9,212,189,1,1,1,1
ProtectiveStop,drop_tool_current,9,213,190,1,0,0,0
ProtectiveStop,drop_tool_current,9,214,191,1,1,1,1
ProtectiveStop,drop_tool_current,9,215,192,1,1,1,1
ProtectiveStop,drop_tool_current,9,216,193,1,0,0,0
ProtectiveStop,drop_tool_current,9,217,194,1,1,1,1
ProtectiveStop,drop_tool_current,9,218,195,1,1,1,1
ProtectiveStop,drop_tool_current,9,219,196,1,1,1,1
ProtectiveStop,drop_tool_current,9,220,197,1,1,1,1
ProtectiveStop,drop_tool_current,9,221,198,1,1,0,0
ProtectiveStop,drop_tool_current,9,222,199,1,1,1,1
ProtectiveStop,drop_tool_current,9,223,200,1,1,1,1
ProtectiveStop,drop_tool_current,9,224,201,1,1,1,1
ProtectiveStop,drop_tool_current,9,225,202,1,1,1,1
ProtectiveStop,drop_tool_current,9,224,210,2,1,1,1
ProtectiveStop,drop_tool_current,10,226,203,1,1,1,1
ProtectiveStop,drop_tool_current,10,227,204,1,1,0,0
ProtectiveStop,drop_tool_current,10,229,205,1,1,1,1
ProtectiveStop,drop_tool_current,10,230,206,1,1,1,1
ProtectiveStop,drop_tool_current,10,231,207,1,1,1,1
ProtectiveStop,drop_tool_current,10,232,208,1,0,0,0
ProtectiveStop,drop_tool_current,10,233,209,1,1,1,1
ProtectiveStop,drop_tool_current,10,230,216,2,1,1,1
ProtectiveStop,drop_tool_current,10,231,217,2,1,1,1
ProtectiveStop,drop_tool_current,10,232,218,2,1,1,1
ProtectiveStop,drop_tool_current,10,233,219,2,0,0,0
ProtectiveStop,drop_tool_current,10,234,220,1,1,1,1
ProtectiveStop,drop_tool_current,10,235,221,1,1,1,1
ProtectiveStop,drop_tool_current,10,236,222,1,0,0,0
ProtectiveStop,drop_tool_current,10,237,223,1,1,1,1
ProtectiveStop,drop_tool_current,10,238,224,1,0,0,0
ProtectiveStop,drop_tool_current,10,239,225,1,1,1,1
ProtectiveStop,drop_tool_current,10,240,226,1,1,1,1
ProtectiveStop,drop_tool_current,10,241,227,1,0,0,0
ProtectiveStop,drop_tool_current,10,242,228,1,1,1,1
ProtectiveStop,drop_tool_current,10,243,229,1,0,0,0
ProtectiveStop,drop_tool_current,10,245,230,1,0,0,0
ProtectiveStop,drop_tool_current,10,246,231,1,1,1,1
ProtectiveStop,drop_tool_current,10,247,232,1,1,1,1
ProtectiveStop,drop_tool_current,10,248,233,1,0,0,0
ProtectiveStop,drop_tool_current,10,249,234,1,1,1,1
ProtectiveStop,drop_tool_current,10,250,235,1,1,1,1
GripLost,all_19,1,1,1,1,0,0,0
GripLost,all_19,1,2,2,1,1,1,1
GripLost,all_19,1,3,3,1,0,0,0
GripLost,all_19,1,4,4,1,0,0,0
GripLost,all_19,1,5,5,1,1,1,1
GripLost,all_19,1,6,6,1,1,0,0
GripLost,all_19,1,8,8,1,0,0,0
GripLost,all_19,1,9,9,1,0,0,0
GripLost,all_19,1,10,10,1,0,0,0
GripLost,all_19,1,11,11,1,0,0,0
GripLost,all_19,1,12,12,1,0,0,0
GripLost,all_19,1,13,13,1,0,0,0
GripLost,all_19,1,14,14,1,1,1,1
GripLost,all_19,1,15,15,1,1,1,1
GripLost,all_19,1,16,16,1,0,0,0
GripLost,all_19,1,17,17,1,0,0,0
GripLost,all_19,1,18,18,1,0,0,0
GripLost,all_19,1,19,19,1,0,0,0
GripLost,all_19,1,20,20,1,0,0,0
GripLost,all_19,1,21,21,1,0,0,0
GripLost,all_19,1,22,22,1,0,0,0
GripLost,all_19,1,23,23,1,0,0,0
GripLost,all_19,1,24,24,1,0,0,0
GripLost,all_19,1,25,25,1,0,0,0
GripLost,all_19,2,26,26,1,0,0,0
GripLost,all_19,2,27,27,1,0,0,0
GripLost,all_19,2,28,28,1,0,0,0
GripLost,all_19,2,29,29,1,0,0,0
GripLost,all_19,2,30,30,1,0,0,0
GripLost,all_19,2,31,31,1,0,0,0
GripLost,all_19,2,32,32,1,0,0,0
GripLost,all_19,2,33,33,1,0,0,0
GripLost,all_19,2,34,34,1,0,0,0
GripLost,all_19,2,35,35,1,0,0,0
GripLost,all_19,2,36,36,1,1,1,1
GripLost,all_19,2,37,37,1,0,0,0
GripLost,all_19,2,38,38,1,0,0,0
GripLost,all_19,2,39,39,1,1,1,1
GripLost,all_19,2,40,40,1,1,1,1
GripLost,all_19,2,41,41,1,0,0,0
GripLost,all_19,2,42,42,1,0,0,0
GripLost,all_19,2,43,43,1,0,0,0
GripLost,all_19,2,44,44,1,0,0,0
GripLost,all_19,2,45,45,1,0,0,0
GripLost,all_19,2,48,48,1,0,0,0
GripLost,all_19,2,49,49,1,0,0,0
GripLost,all_19,2,50,50,1,0,0,0
GripLost,all_19,3,51,51,1,0,0,0
GripLost,all_19,3,52,52,1,0,0,0
GripLost,all_19,3,53,53,1,0,0,0
GripLost,all_19,3,54,54,1,0,0,0
GripLost,all_19,3,55,55,1,0,0,0
GripLost,all_19,3,56,56,1,0,0,0
GripLost,all_19,3,57,57,1,0,1,0
GripLost,all_19,3,58,58,1,0,0,0
GripLost,all_19,3,59,59,1,0,0,0
GripLost,all_19,3,60,60,1,0,0,0
GripLost,all_19,3,61,61,1,0,0,0
GripLost,all_19,3,62,62,1,0,0,0
GripLost,all_19,3,63,63,1,1,1,1
GripLost,all_19,3,64,64,1,1,1,1
GripLost,all_19,3,65,65,1,1,1,1
GripLost,all_19,3,66,66,1,0,0,0
GripLost,all_19,3,67,67,1,1,1,1
GripLost,all_19,3,68,68,1,0,0,0
GripLost,all_19,3,69,69,1,1,1,1
GripLost,all_19,3,70,70,1,0,0,0
GripLost,all_19,3,71,71,1,0,0,0
GripLost,all_19,3,72,72,1,0,0,0
GripLost,all_19,3,73,73,1,0,0,0
GripLost,all_19,3,75,74,1,0,0,0
GripLost,all_19,4,76,75,1,1,1,1
GripLost,all_19,4,85,84,1,0,0,0
GripLost,all_19,4,86,85,1,1,1,1
GripLost,all_19,4,87,86,1,0,0,0
GripLost,all_19,4,88,87,1,0,0,0
GripLost,all_19,4,89,88,1,0,0,0
GripLost,all_19,4,90,89,1,0,0,0
GripLost,all_19,4,91,90,1,1,1,1
GripLost,all_19,4,92,91,1,1,1,1
GripLost,all_19,4,93,92,1,0,0,0
GripLost,all_19,4,94,93,1,0,0,0
GripLost,all_19,4,95,94,1,1,1,1
GripLost,all_19,4,96,95,1,1,1,1
GripLost,all_19,4,97,96,1,1,1,1
GripLost,all_19,4,98,97,1,0,0,0
GripLost,all_19,4,99,98,1,0,0,0
GripLost,all_19,4,100,99,1,0,0,0
GripLost,all_19,5,101,100,1,0,0,0
GripLost,all_19,5,102,101,1,0,0,0
GripLost,all_19,5,103,102,1,0,0,0
GripLost,all_19,5,104,103,1,0,0,0
GripLost,all_19,5,105,104,1,1,1,1
GripLost,all_19,5,106,105,1,0,0,0
GripLost,all_19,5,107,106,1,0,0,0
GripLost,all_19,5,108,107,1,0,0,0
GripLost,all_19,5,109,108,1,0,0,0
GripLost,all_19,5,110,109,1,0,0,0
GripLost,all_19,5,111,110,1,0,0,0
GripLost,all_19,5,112,111,1,0,0,0
GripLost,all_19,5,113,112,1,0,0,0
GripLost,all_19,5,114,113,1,0,0,0
GripLost,all_19,5,115,114,1,0,0,0
GripLost,all_19,5,116,115,1,0,0,0
GripLost,all_19,5,117,116,1,0,0,0
GripLost,all_19,5,118,117,1,0,0,0
GripLost,all_19,5,119,118,1,0,0,0
GripLost,all_19,5,120,119,1,0,0,0
GripLost,all_19,5,121,120,1,0,0,0
GripLost,all_19,5,122,121,1,0,0,0
GripLost,all_19,5,123,122,1,0,0,0
GripLost,all_19,5,124,123,1,0,0,0
GripLost,all_19,5,125,124,1,0,0,0
GripLost,all_19,7,151,129,1,0,0,0
GripLost,all_19,7,152,130,1,0,0,0
GripLost,all_19,7,153,131,1,0,0,0
GripLost,all_19,7,154,132,1,0,0,0
GripLost,all_19,7,155,133,1,0,0,0
GripLost,all_19,7,156,134,1,0,0,0
GripLost,all_19,7,157,135,1,0,0,0
GripLost,all_19,7,159,137,1,0,0,0
GripLost,all_19,7,160,138,1,1,1,1
GripLost,all_19,7,161,139,1,0,0,0
GripLost,all_19,7,162,140,1,0,0,0
GripLost,all_19,7,163,141,1,0,0,0
GripLost,all_19,7,164,142,1,1,1,1
GripLost,all_19,7,165,143,1,0,0,0
GripLost,all_19,7,166,144,1,0,0,0
GripLost,all_19,7,167,145,1,0,0,0
GripLost,all_19,7,168,146,1,0,0,0
GripLost,all_19,7,169,147,1,0,0,0
GripLost,all_19,7,170,148,1,0,0,0
GripLost,all_19,7,171,149,1,0,0,0
GripLost,all_19,7,172,150,1,0,0,0
GripLost,all_19,7,173,151,1,1,1,1
GripLost,all_19,7,174,152,1,1,1,1
GripLost,all_19,7,175,153,1,0,0,0
GripLost,all_19,8,176,154,1,0,0,0
GripLost,all_19,8,177,155,1,0,0,0
GripLost,all_19,8,178,156,1,0,0,0
GripLost,all_19,8,179,157,1,0,1,0
GripLost,all_19,8,180,158,1,1,1,1
GripLost,all_19,8,181,159,1,0,0,0
GripLost,all_19,8,182,160,1,0,0,0
GripLost,all_19,8,183,161,1,0,0,0
GripLost,all_19,8,184,162,1,0,0,0
GripLost,all_19,8,185,163,1,0,0,0
GripLost,all_19,8,199,176,1,0,0,0
GripLost,all_19,8,200,177,1,1,1,1
GripLost,all_19,9,201,178,1,0,0,0
GripLost,all_19,9,202,179,1,1,1,1
GripLost,all_19,9,203,180,1,0,0,0
GripLost,all_19,9,204,181,1,0,0,0
GripLost,all_19,9,205,182,1,0,0,0
GripLost,all_19,9,206,183,1,0,0,0
GripLost,all_19,9,207,184,1,0,0,0
GripLost,all_19,9,208,185,1,1,1,1
GripLost,all_19,9,209,186,1,0,0,0
GripLost,all_19,9,210,187,1,0,1,0
GripLost,all_19,9,211,188,1,0,0,0
GripLost,all_19,9,212,189,1,0,0,0
GripLost,all_19,9,213,190,1,0,0,0
GripLost,all_19,9,214,191,1,1,1,1
GripLost,all_19,9,215,192,1,0,0,0
GripLost,all_19,9,216,193,1,1,1,1
GripLost,all_19,9,217,194,1,0,0,0
GripLost,all_19,9,218,195,1,0,1,0
GripLost,all_19,9,219,196,1,1,1,1
GripLost,all_19,9,220,197,1,0,0,0
GripLost,all_19,9,221,198,1,1,1,1
GripLost,all_19,9,222,199,1,0,1,0
GripLost,all_19,9,223,200,1,0,0,0
GripLost,all_19,9,224,201,1,0,0,0
GripLost,all_19,9,225,202,1,0,0,0
GripLost,all_19,9,224,210,2,0,0,0
GripLost,all_19,10,226,203,1,0,0,0
GripLost,all_19,10,227,204,1,0,0,0
GripLost,all_19,10,229,205,1,0,0,0
GripLost,all_19,10,230,206,1,0,0,0
GripLost,all_19,10,231,207,1,0,0,0
GripLost,all_19,10,232,208,1,0,0,0
GripLost,all_19,10,233,209,1,0,0,0
GripLost,all_19,10,230,216,2,0,0,0
GripLost,all_19,10,231,217,2,0,0,0
GripLost,all_19,10,232,218,2,1,1,1
GripLost,all_19,10,233,219,2,1,1,1
GripLost,all_19,10,234,220,1,1,0,0
GripLost,all_19,10,235,221,1,0,0,0
GripLost,all_19,10,236,222,1,0,0,0
GripLost,all_19,10,237,223,1,1,1,1
GripLost,all_19,10,238,224,1,0,0,0
GripLost,all_19,10,239,225,1,0,1,0
GripLost,all_19,10,240,226,1,0,0,0
GripLost,all_19,10,241,227,1,0,0,0
GripLost,all_19,10,242,228,1,0,0,0
GripLost,all_19,10,243,229,1,0,0,0
GripLost,all_19,10,245,230,1,0,0,0
GripLost,all_19,10,246,231,1,0,0,0
GripLost,all_19,10,247,232,1,1,0,0
GripLost,all_19,10,248,233,1,0,0,0
GripLost,all_19,10,249,234,1,0,0,0
GripLost,all_19,10,250,235,1,1,1,1
GripLost,current_family_only,1,1,1,1,0,0,0
GripLost,current_family_only,1,2,2,1,1,1,1
GripLost,current_family_only,1,3,3,1,0,0,0
GripLost,current_family_only,1,4,4,1,0,0,0
GripLost,current_family_only,1,5,5,1,1,1,1
GripLost,current_family_only,1,6,6,1,1,1,1
GripLost,current_family_only,1,8,8,1,0,0,0
GripLost,current_family_only,1,9,9,1,0,0,0
GripLost,current_family_only,1,10,10,1,0,0,0
GripLost,current_family_only,1,11,11,1,0,0,0
GripLost,current_family_only,1,12,12,1,0,0,0
GripLost,current_family_only,1,13,13,1,0,0,0
GripLost,current_family_only,1,14,14,1,1,1,1
GripLost,current_family_only,1,15,15,1,1,0,0
GripLost,current_family_only,1,16,16,1,0,0,0
GripLost,current_family_only,1,17,17,1,0,0,0
GripLost,current_family_only,1,18,18,1,0,0,0
GripLost,current_family_only,1,19,19,1,0,0,0
GripLost,current_family_only,1,20,20,1,0,0,0
GripLost,current_family_only,1,21,21,1,0,0,0
GripLost,current_family_only,1,22,22,1,0,0,0
GripLost,current_family_only,1,23,23,1,0,0,0
GripLost,current_family_only,1,24,24,1,0,0,0
GripLost,current_family_only,1,25,25,1,0,0,0
GripLost,current_family_only,2,26,26,1,0,0,0
GripLost,current_family_only,2,27,27,1,0,0,0
GripLost,current_family_only,2,28,28,1,0,0,0
GripLost,current_family_only,2,29,29,1,0,0,0
GripLost,current_family_only,2,30,30,1,0,0,0
GripLost,current_family_only,2,31,31,1,0,0,0
GripLost,current_family_only,2,32,32,1,0,0,0
GripLost,current_family_only,2,33,33,1,0,0,0
GripLost,current_family_only,2,34,34,1,0,0,0
GripLost,current_family_only,2,35,35,1,0,0,0
GripLost,current_family_only,2,36,36,1,1,1,1
GripLost,current_family_only,2,37,37,1,0,0,0
GripLost,current_family_only,2,38,38,1,0,0,0
GripLost,current_family_only,2,39,39,1,1,1,1
GripLost,current_family_only,2,40,40,1,1,1,1
GripLost,current_family_only,2,41,41,1,0,0,0
GripLost,current_family_only,2,42,42,1,0,0,0
GripLost,current_family_only,2,43,43,1,0,0,0
GripLost,current_family_only,2,44,44,1,0,0,0
GripLost,current_family_only,2,45,45,1,0,0,0
GripLost,current_family_only,2,48,48,1,0,0,0
GripLost,current_family_only,2,49,49,1,0,0,0
GripLost,current_family_only,2,50,50,1,0,0,0
GripLost,current_family_only,3,51,51,1,0,0,0
GripLost,current_family_only,3,52,52,1,0,0,0
GripLost,current_family_only,3,53,53,1,0,1,0
GripLost,current_family_only,3,54,54,1,0,0,0
GripLost,current_family_only,3,55,55,1,0,0,0
GripLost,current_family_only,3,56,56,1,0,1,0
GripLost,current_family_only,3,57,57,1,0,1,0
GripLost,current_family_only,3,58,58,1,0,0,0
GripLost,current_family_only,3,59,59,1,0,0,0
GripLost,current_family_only,3,60,60,1,0,0,0
GripLost,current_family_only,3,61,61,1,0,0,0
GripLost,current_family_only,3,62,62,1,0,0,0
GripLost,current_family_only,3,63,63,1,1,1,1
GripLost,current_family_only,3,64,64,1,1,1,1
GripLost,current_family_only,3,65,65,1,1,1,1
GripLost,current_family_only,3,66,66,1,0,0,0
GripLost,current_family_only,3,67,67,1,1,1,1
GripLost,current_family_only,3,68,68,1,0,0,0
GripLost,current_family_only,3,69,69,1,1,1,1
GripLost,current_family_only,3,70,70,1,0,1,0
GripLost,current_family_only,3,71,71,1,0,0,0
GripLost,current_family_only,3,72,72,1,0,0,0
GripLost,current_family_only,3,73,73,1,0,0,0
GripLost,current_family_only,3,75,74,1,0,0,0
GripLost,current_family_only,4,76,75,1,1,1,1
GripLost,current_family_only,4,85,84,1,0,0,0
GripLost,current_family_only,4,86,85,1,1,1,1
GripLost,current_family_only,4,87,86,1,0,0,0
GripLost,current_family_only,4,88,87,1,0,0,0
GripLost,current_family_only,4,89,88,1,0,0,0
GripLost,current_family_only,4,90,89,1,0,1,0
GripLost,current_family_only,4,91,90,1,1,1,1
GripLost,current_family_only,4,92,91,1,1,1,1
GripLost,current_family_only,4,93,92,1,0,0,0
GripLost,current_family_only,4,94,93,1,0,0,0
GripLost,current_family_only,4,95,94,1,1,1,1
GripLost,current_family_only,4,96,95,1,1,1,1
GripLost,current_family_only,4,97,96,1,1,1,1
GripLost,current_family_only,4,98,97,1,0,0,0
GripLost,current_family_only,4,99,98,1,0,0,0
GripLost,current_family_only,4,100,99,1,0,0,0
GripLost,current_family_only,5,101,100,1,0,0,0
GripLost,current_family_only,5,102,101,1,0,0,0
GripLost,current_family_only,5,103,102,1,0,0,0
GripLost,current_family_only,5,104,103,1,0,0,0
GripLost,current_family_only,5,105,104,1,1,1,1
GripLost,current_family_only,5,106,105,1,0,0,0
GripLost,current_family_only,5,107,106,1,0,0,0
GripLost,current_family_only,5,108,107,1,0,1,0
GripLost,current_family_only,5,109,108,1,0,1,0
GripLost,current_family_only,5,110,109,1,0,0,0
GripLost,current_family_only,5,111,110,1,0,0,0
GripLost,current_family_only,5,112,111,1,0,0,0
GripLost,current_family_only,5,113,112,1,0,0,0
GripLost,current_family_only,5,114,113,1,0,0,0
GripLost,current_family_only,5,115,114,1,0,0,0
GripLost,current_family_only,5,116,115,1,0,0,0
GripLost,current_family_only,5,117,116,1,0,0,0
GripLost,current_family_only,5,118,117,1,0,0,0
GripLost,current_family_only,5,119,118,1,0,0,0
GripLost,current_family_only,5,120,119,1,0,0,0
GripLost,current_family_only,5,121,120,1,0,0,0
GripLost,current_family_only,5,122,121,1,0,0,0
GripLost,current_family_only,5,123,122,1,0,0,0
GripLost,current_family_only,5,124,123,1,0,0,0
GripLost,current_family_only,5,125,124,1,0,0,0
GripLost,current_family_only,7,151,129,1,0,0,0
GripLost,current_family_only,7,152,130,1,0,0,0
GripLost,current_family_only,7,153,131,1,0,0,0
GripLost,current_family_only,7,154,132,1,0,0,0
GripLost,current_family_only,7,155,133,1,0,0,0
GripLost,current_family_only,7,156,134,1,0,0,0
GripLost,current_family_only,7,157,135,1,0,0,0
GripLost,current_family_only,7,159,137,1,0,0,0
GripLost,current_family_only,7,160,138,1,1,1,1
GripLost,current_family_only,7,161,139,1,0,0,0
GripLost,current_family_only,7,162,140,1,0,0,0
GripLost,current_family_only,7,163,141,1,0,0,0
GripLost,current_family_only,7,164,142,1,1,1,1
GripLost,current_family_only,7,165,143,1,0,0,0
GripLost,current_family_only,7,166,144,1,0,0,0
GripLost,current_family_only,7,167,145,1,0,0,0
GripLost,current_family_only,7,168,146,1,0,0,0
GripLost,current_family_only,7,169,147,1,0,0,0
GripLost,current_family_only,7,170,148,1,0,0,0
GripLost,current_family_only,7,171,149,1,0,0,0
GripLost,current_family_only,7,172,150,1,0,0,0
GripLost,current_family_only,7,173,151,1,1,1,1
GripLost,current_family_only,7,174,152,1,1,1,1
GripLost,current_family_only,7,175,153,1,0,0,0
GripLost,current_family_only,8,176,154,1,0,0,0
GripLost,current_family_only,8,177,155,1,0,0,0
GripLost,current_family_only,8,178,156,1,0,0,0
GripLost,current_family_only,8,179,157,1,0,1,0
GripLost,current_family_only,8,180,158,1,1,1,1
GripLost,current_family_only,8,181,159,1,0,0,0
GripLost,current_family_only,8,182,160,1,0,0,0
GripLost,current_family_only,8,183,161,1,0,1,0
GripLost,current_family_only,8,184,162,1,0,0,0
GripLost,current_family_only,8,185,163,1,0,0,0
GripLost,current_family_only,8,199,176,1,0,0,0
GripLost,current_family_only,8,200,177,1,1,1,1
GripLost,current_family_only,9,201,178,1,0,0,0
GripLost,current_family_only,9,202,179,1,1,1,1
GripLost,current_family_only,9,203,180,1,0,0,0
GripLost,current_family_only,9,204,181,1,0,1,0
GripLost,current_family_only,9,205,182,1,0,0,0
GripLost,current_family_only,9,206,183,1,0,0,0
GripLost,current_family_only,9,207,184,1,0,0,0
GripLost,current_family_only,9,208,185,1,1,1,1
GripLost,current_family_only,9,209,186,1,0,0,0
GripLost,current_family_only,9,210,187,1,0,0,0
GripLost,current_family_only,9,211,188,1,0,0,0
GripLost,current_family_only,9,212,189,1,0,0,0
GripLost,current_family_only,9,213,190,1,0,0,0
GripLost,current_family_only,9,214,191,1,1,1,1
GripLost,current_family_only,9,215,192,1,0,1,0
GripLost,current_family_only,9,216,193,1,1,1,1
GripLost,current_family_only,9,217,194,1,0,0,0
GripLost,current_family_only,9,218,195,1,0,1,0
GripLost,current_family_only,9,219,196,1,1,1,1
GripLost,current_family_only,9,220,197,1,0,0,0
GripLost,current_family_only,9,221,198,1,1,1,1
GripLost,current_family_only,9,222,199,1,0,0,0
GripLost,current_family_only,9,223,200,1,0,0,0
GripLost,current_family_only,9,224,201,1,0,0,0
GripLost,current_family_only,9,225,202,1,0,0,0
GripLost,current_family_only,9,224,210,2,0,0,0
GripLost,current_family_only,10,226,203,1,0,0,0
GripLost,current_family_only,10,227,204,1,0,0,0
GripLost,current_family_only,10,229,205,1,0,1,0
GripLost,current_family_only,10,230,206,1,0,0,0
GripLost,current_family_only,10,231,207,1,0,0,0
GripLost,current_family_only,10,232,208,1,0,0,0
GripLost,current_family_only,10,233,209,1,0,0,0
GripLost,current_family_only,10,230,216,2,0,0,0
GripLost,current_family_only,10,231,217,2,0,0,0
GripLost,current_family_only,10,232,218,2,1,1,1
GripLost,current_family_only,10,233,219,2,1,1,1
GripLost,current_family_only,10,234,220,1,1,1,0
GripLost,current_family_only,10,235,221,1,0,1,0
GripLost,current_family_only,10,236,222,1,0,1,0
GripLost,current_family_only,10,237,223,1,1,1,1
GripLost,current_family_only,10,238,224,1,0,0,0
GripLost,current_family_only,10,239,225,1,0,1,0
GripLost,current_family_only,10,240,226,1,0,1,0
GripLost,current_family_only,10,241,227,1,0,1,0
GripLost,current_family_only,10,242,228,1,0,0,0
GripLost,current_family_only,10,243,229,1,0,0,0
GripLost,current_family_only,10,245,230,1,0,0,0
GripLost,current_family_only,10,246,231,1,0,1,0
GripLost,current_family_only,10,247,232,1,1,1,1
GripLost,current_family_only,10,248,233,1,0,0,0
GripLost,current_family_only,10,249,234,1,0,1,0
GripLost,current_family_only,10,250,235,1,1,1,1
GripLost,joint_current_only,1,1,1,1,0,1,0
GripLost,joint_current_only,1,2,2,1,1,1,1
GripLost,joint_current_only,1,3,3,1,0,0,0
GripLost,joint_current_only,1,4,4,1,0,0,0
GripLost,joint_current_only,1,5,5,1,1,1,1
GripLost,joint_current_only,1,6,6,1,1,1,1
GripLost,joint_current_only,1,8,8,1,0,0,0
GripLost,joint_current_only,1,9,9,1,0,0,0
GripLost,joint_current_only,1,10,10,1,0,0,0
GripLost,joint_current_only,1,11,11,1,0,0,0
GripLost,joint_current_only,1,12,12,1,0,0,0
GripLost,joint_current_only,1,13,13,1,0,0,0
GripLost,joint_current_only,1,14,14,1,1,1,1
GripLost,joint_current_only,1,15,15,1,1,1,1
GripLost,joint_current_only,1,16,16,1,0,0,0
GripLost,joint_current_only,1,17,17,1,0,0,0
GripLost,joint_current_only,1,18,18,1,0,0,0
GripLost,joint_current_only,1,19,19,1,0,0,0
GripLost,joint_current_only,1,20,20,1,0,0,0
GripLost,joint_current_only,1,21,21,1,0,0,0
GripLost,joint_current_only,1,22,22,1,0,0,0
GripLost,joint_current_only,1,23,23,1,0,0,0
GripLost,joint_current_only,1,24,24,1,0,0,0
GripLost,joint_current_only,1,25,25,1,0,0,0
GripLost,joint_current_only,2,26,26,1,0,0,0
GripLost,joint_current_only,2,27,27,1,0,0,0
GripLost,joint_current_only,2,28,28,1,0,0,0
GripLost,joint_current_only,2,29,29,1,0,0,0
GripLost,joint_current_only,2,30,30,1,0,0,0
GripLost,joint_current_only,2,31,31,1,0,0,0
GripLost,joint_current_only,2,32,32,1,0,0,0
GripLost,joint_current_only,2,33,33,1,0,0,0
GripLost,joint_current_only,2,34,34,1,0,0,0
GripLost,joint_current_only,2,35,35,1,0,0,0
GripLost,joint_current_only,2,36,36,1,1,1,1
GripLost,joint_current_only,2,37,37,1,0,0,0
GripLost,joint_current_only,2,38,38,1,0,0,0
GripLost,joint_current_only,2,39,39,1,1,1,1
GripLost,joint_current_only,2,40,40,1,1,1,1
GripLost,joint_current_only,2,41,41,1,0,0,0
GripLost,joint_current_only,2,42,42,1,0,0,0
GripLost,joint_current_only,2,43,43,1,0,0,0
GripLost,joint_current_only,2,44,44,1,0,0,0
GripLost,joint_current_only,2,45,45,1,0,0,0
GripLost,joint_current_only,2,48,48,1,0,0,0
GripLost,joint_current_only,2,49,49,1,0,0,0
GripLost,joint_current_only,2,50,50,1,0,0,0
GripLost,joint_current_only,3,51,51,1,0,0,0
GripLost,joint_current_only,3,52,52,1,0,1,0
GripLost,joint_current_only,3,53,53,1,0,0,0
GripLost,joint_current_only,3,54,54,1,0,0,0
GripLost,joint_current_only,3,55,55,1,0,0,0
GripLost,joint_current_only,3,56,56,1,0,0,0
GripLost,joint_current_only,3,57,57,1,0,0,0
GripLost,joint_current_only,3,58,58,1,0,0,0
GripLost,joint_current_only,3,59,59,1,0,0,0
GripLost,joint_current_only,3,60,60,1,0,0,0
GripLost,joint_current_only,3,61,61,1,0,0,0
GripLost,joint_current_only,3,62,62,1,0,0,0
GripLost,joint_current_only,3,63,63,1,1,1,1
GripLost,joint_current_only,3,64,64,1,1,1,1
GripLost,joint_current_only,3,65,65,1,1,1,1
GripLost,joint_current_only,3,66,66,1,0,0,0
GripLost,joint_current_only,3,67,67,1,1,1,1
GripLost,joint_current_only,3,68,68,1,0,0,0
GripLost,joint_current_only,3,69,69,1,1,1,1
GripLost,joint_current_only,3,70,70,1,0,1,0
GripLost,joint_current_only,3,71,71,1,0,0,0
GripLost,joint_current_only,3,72,72,1,0,0,0
GripLost,joint_current_only,3,73,73,1,0,1,0
GripLost,joint_current_only,3,75,74,1,0,0,0
GripLost,joint_current_only,4,76,75,1,1,1,1
GripLost,joint_current_only,4,85,84,1,0,0,0
GripLost,joint_current_only,4,86,85,1,1,1,1
GripLost,joint_current_only,4,87,86,1,0,0,0
GripLost,joint_current_only,4,88,87,1,0,0,0
GripLost,joint_current_only,4,89,88,1,0,0,0
GripLost,joint_current_only,4,90,89,1,0,0,0
GripLost,joint_current_only,4,91,90,1,1,1,1
GripLost,joint_current_only,4,92,91,1,1,1,1
GripLost,joint_current_only,4,93,92,1,0,0,0
GripLost,joint_current_only,4,94,93,1,0,0,0
GripLost,joint_current_only,4,95,94,1,1,1,1
GripLost,joint_current_only,4,96,95,1,1,1,1
GripLost,joint_current_only,4,97,96,1,1,1,1
GripLost,joint_current_only,4,98,97,1,0,0,0
GripLost,joint_current_only,4,99,98,1,0,0,0
GripLost,joint_current_only,4,100,99,1,0,0,0
GripLost,joint_current_only,5,101,100,1,0,0,0
GripLost,joint_current_only,5,102,101,1,0,0,0
GripLost,joint_current_only,5,103,102,1,0,0,0
GripLost,joint_current_only,5,104,103,1,0,0,0
GripLost,joint_current_only,5,105,104,1,1,1,1
GripLost,joint_current_only,5,106,105,1,0,0,0
GripLost,joint_current_only,5,107,106,1,0,0,0
GripLost,joint_current_only,5,108,107,1,0,0,0
GripLost,joint_current_only,5,109,108,1,0,0,0
GripLost,joint_current_only,5,110,109,1,0,0,0
GripLost,joint_current_only,5,111,110,1,0,0,0
GripLost,joint_current_only,5,112,111,1,0,0,0
GripLost,joint_current_only,5,113,112,1,0,0,0
GripLost,joint_current_only,5,114,113,1,0,0,0
GripLost,joint_current_only,5,115,114,1,0,0,0
GripLost,joint_current_only,5,116,115,1,0,0,0
GripLost,joint_current_only,5,117,116,1,0,0,0
GripLost,joint_current_only,5,118,117,1,0,0,0
GripLost,joint_current_only,5,119,118,1,0,0,0
GripLost,joint_current_only,5,120,119,1,0,0,0
GripLost,joint_current_only,5,121,120,1,0,0,0
GripLost,joint_current_only,5,122,121,1,0,0,0
GripLost,joint_current_only,5,123,122,1,0,0,0
GripLost,joint_current_only,5,124,123,1,0,0,0
GripLost,joint_current_only,5,125,124,1,0,0,0
GripLost,joint_current_only,7,151,129,1,0,0,0
GripLost,joint_current_only,7,152,130,1,0,0,0
GripLost,joint_current_only,7,153,131,1,0,0,0
GripLost,joint_current_only,7,154,132,1,0,0,0
GripLost,joint_current_only,7,155,133,1,0,0,0
GripLost,joint_current_only,7,156,134,1,0,0,0
GripLost,joint_current_only,7,157,135,1,0,0,0
GripLost,joint_current_only,7,159,137,1,0,0,0
GripLost,joint_current_only,7,160,138,1,1,1,1
GripLost,joint_current_only,7,161,139,1,0,0,0
GripLost,joint_current_only,7,162,140,1,0,0,0
GripLost,joint_current_only,7,163,141,1,0,0,0
GripLost,joint_current_only,7,164,142,1,1,1,1
GripLost,joint_current_only,7,165,143,1,0,0,0
GripLost,joint_current_only,7,166,144,1,0,0,0
GripLost,joint_current_only,7,167,145,1,0,0,0
GripLost,joint_current_only,7,168,146,1,0,0,0
GripLost,joint_current_only,7,169,147,1,0,1,0
GripLost,joint_current_only,7,170,148,1,0,0,0
GripLost,joint_current_only,7,171,149,1,0,1,0
GripLost,joint_current_only,7,172,150,1,0,0,0
GripLost,joint_current_only,7,173,151,1,1,1,1
GripLost,joint_current_only,7,174,152,1,1,1,1
GripLost,joint_current_only,7,175,153,1,0,0,0
GripLost,joint_current_only,8,176,154,1,0,0,0
GripLost,joint_current_only,8,177,155,1,0,0,0
GripLost,joint_current_only,8,178,156,1,0,0,0
GripLost,joint_current_only,8,179,157,1,0,0,0
GripLost,joint_current_only,8,180,158,1,1,1,1
GripLost,joint_current_only,8,181,159,1,0,0,0
GripLost,joint_current_only,8,182,160,1,0,0,0
GripLost,joint_current_only,8,183,161,1,0,0,0
GripLost,joint_current_only,8,184,162,1,0,0,0
GripLost,joint_current_only,8,185,163,1,0,0,0
GripLost,joint_current_only,8,199,176,1,0,0,0
GripLost,joint_current_only,8,200,177,1,1,1,1
GripLost,joint_current_only,9,201,178,1,0,0,0
GripLost,joint_current_only,9,202,179,1,1,1,1
GripLost,joint_current_only,9,203,180,1,0,0,0
GripLost,joint_current_only,9,204,181,1,0,1,0
GripLost,joint_current_only,9,205,182,1,0,0,0
GripLost,joint_current_only,9,206,183,1,0,0,0
GripLost,joint_current_only,9,207,184,1,0,0,0
GripLost,joint_current_only,9,208,185,1,1,1,1
GripLost,joint_current_only,9,209,186,1,0,0,0
GripLost,joint_current_only,9,210,187,1,0,1,0
GripLost,joint_current_only,9,211,188,1,0,0,0
GripLost,joint_current_only,9,212,189,1,0,0,0
GripLost,joint_current_only,9,213,190,1,0,0,0
GripLost,joint_current_only,9,214,191,1,1,1,1
GripLost,joint_current_only,9,215,192,1,0,1,0
GripLost,joint_current_only,9,216,193,1,1,1,1
GripLost,joint_current_only,9,217,194,1,0,0,0
GripLost,joint_current_only,9,218,195,1,0,0,0
GripLost,joint_current_only,9,219,196,1,1,1,1
GripLost,joint_current_only,9,220,197,1,0,0,0
GripLost,joint_current_only,9,221,198,1,1,1,1
GripLost,joint_current_only,9,222,199,1,0,1,0
GripLost,joint_current_only,9,223,200,1,0,0,0
GripLost,joint_current_only,9,224,201,1,0,0,0
GripLost,joint_current_only,9,225,202,1,0,0,0
GripLost,joint_current_only,9,224,210,2,0,0,0
GripLost,joint_current_only,10,226,203,1,0,0,0
GripLost,joint_current_only,10,227,204,1,0,0,0
GripLost,joint_current_only,10,229,205,1,0,1,0
GripLost,joint_current_only,10,230,206,1,0,0,0
GripLost,joint_current_only,10,231,207,1,0,1,0
GripLost,joint_current_only,10,232,208,1,0,0,0
GripLost,joint_current_only,10,233,209,1,0,0,0
GripLost,joint_current_only,10,230,216,2,0,0,0
GripLost,joint_current_only,10,231,217,2,0,0,0
GripLost,joint_current_only,10,232,218,2,1,1,1
GripLost,joint_current_only,10,233,219,2,1,1,1
GripLost,joint_current_only,10,234,220,1,1,1,0
GripLost,joint_current_only,10,235,221,1,0,1,0
GripLost,joint_current_only,10,236,222,1,0,0,0
GripLost,joint_current_only,10,237,223,1,1,1,1
GripLost,joint_current_only,10,238,224,1,0,0,0
GripLost,joint_current_only,10,239,225,1,0,1,0
GripLost,joint_current_only,10,240,226,1,0,1,0
GripLost,joint_current_only,10,241,227,1,0,1,0
GripLost,joint_current_only,10,242,228,1,0,0,0
GripLost,joint_current_only,10,243,229,1,0,0,0
GripLost,joint_current_only,10,245,230,1,0,0,0
GripLost,joint_current_only,10,246,231,1,0,1,0
GripLost,joint_current_only,10,247,232,1,1,1,0
GripLost,joint_current_only,10,248,233,1,0,0,0
GripLost,joint_current_only,10,249,234,1,0,1,0
GripLost,joint_current_only,10,250,235,1,1,1,1
GripLost,tool_current_only,1,1,1,1,0,0,0
GripLost,tool_current_only,1,2,2,1,1,1,1
GripLost,tool_current_only,1,3,3,1,0,0,0
GripLost,tool_current_only,1,4,4,1,0,0,0
GripLost,tool_current_only,1,5,5,1,1,1,0
GripLost,tool_current_only,1,6,6,1,1,0,0
GripLost,tool_current_only,1,8,8,1,0,1,0
GripLost,tool_current_only,1,9,9,1,0,1,0
GripLost,tool_current_only,1,10,10,1,0,1,0
GripLost,tool_current_only,1,11,11,1,0,0,0
GripLost,tool_current_only,1,12,12,1,0,1,0
GripLost,tool_current_only,1,13,13,1,0,1,0
GripLost,tool_current_only,1,14,14,1,1,0,0
GripLost,tool_current_only,1,15,15,1,1,1,1
GripLost,tool_current_only,1,16,16,1,0,1,0
GripLost,tool_current_only,1,17,17,1,0,0,0
GripLost,tool_current_only,1,18,18,1,0,0,0
GripLost,tool_current_only,1,19,19,1,0,1,0
GripLost,tool_current_only,1,20,20,1,0,1,0
GripLost,tool_current_only,1,21,21,1,0,1,0
GripLost,tool_current_only,1,22,22,1,0,1,0
GripLost,tool_current_only,1,23,23,1,0,1,0
GripLost,tool_current_only,1,24,24,1,0,1,0
GripLost,tool_current_only,1,25,25,1,0,1,0
GripLost,tool_current_only,2,26,26,1,0,1,0
GripLost,tool_current_only,2,27,27,1,0,0,0
GripLost,tool_current_only,2,28,28,1,0,0,0
GripLost,tool_current_only,2,29,29,1,0,0,0
GripLost,tool_current_only,2,30,30,1,0,1,0
GripLost,tool_current_only,2,31,31,1,0,1,0
GripLost,tool_current_only,2,32,32,1,0,1,0
GripLost,tool_current_only,2,33,33,1,0,1,0
GripLost,tool_current_only,2,34,34,1,0,1,0
GripLost,tool_current_only,2,35,35,1,0,1,0
GripLost,tool_current_only,2,36,36,1,1,1,1
GripLost,tool_current_only,2,37,37,1,0,0,0
GripLost,tool_current_only,2,38,38,1,0,1,0
GripLost,tool_current_only,2,39,39,1,1,1,1
GripLost,tool_current_only,2,40,40,1,1,1,1
GripLost,tool_current_only,2,41,41,1,0,1,0
GripLost,tool_current_only,2,42,42,1,0,1,0
GripLost,tool_current_only,2,43,43,1,0,0,0
GripLost,tool_current_only,2,44,44,1,0,1,0
GripLost,tool_current_only,2,45,45,1,0,1,0
GripLost,tool_current_only,2,48,48,1,0,1,0
GripLost,tool_current_only,2,49,49,1,0,1,0
GripLost,tool_current_only,2,50,50,1,0,1,0
GripLost,tool_current_only,3,51,51,1,0,1,0
GripLost,tool_current_only,3,52,52,1,0,1,0
GripLost,tool_current_only,3,53,53,1,0,1,0
GripLost,tool_current_only,3,54,54,1,0,1,0
GripLost,tool_current_only,3,55,55,1,0,1,0
GripLost,tool_current_only,3,56,56,1,0,1,0
GripLost,tool_current_only,3,57,57,1,0,1,0
GripLost,tool_current_only,3,58,58,1,0,1,0
GripLost,tool_current_only,3,59,59,1,0,1,0
GripLost,tool_current_only,3,60,60,1,0,1,0
GripLost,tool_current_only,3,61,61,1,0,0,0
GripLost,tool_current_only,3,62,62,1,0,0,0
GripLost,tool_current_only,3,63,63,1,1,0,0
GripLost,tool_current_only,3,64,64,1,1,1,1
GripLost,tool_current_only,3,65,65,1,1,1,1
GripLost,tool_current_only,3,66,66,1,0,1,0
GripLost,tool_current_only,3,67,67,1,1,0,0
GripLost,tool_current_only,3,68,68,1,0,0,0
GripLost,tool_current_only,3,69,69,1,1,1,1
GripLost,tool_current_only,3,70,70,1,0,1,0
GripLost,tool_current_only,3,71,71,1,0,1,0
GripLost,tool_current_only,3,72,72,1,0,1,0
GripLost,tool_current_only,3,73,73,1,0,0,0
GripLost,tool_current_only,3,75,74,1,0,1,0
GripLost,tool_current_only,4,76,75,1,1,0,0
GripLost,tool_current_only,4,85,84,1,0,0,0
GripLost,tool_current_only,4,86,85,1,1,1,0
GripLost,tool_current_only,4,87,86,1,0,0,0
GripLost,tool_current_only,4,88,87,1,0,0,0
GripLost,tool_current_only,4,89,88,1,0,1,0
GripLost,tool_current_only,4,90,89,1,0,1,0
GripLost,tool_current_only,4,91,90,1,1,1,0
GripLost,tool_current_only,4,92,91,1,1,1,1
GripLost,tool_current_only,4,93,92,1,0,1,0
GripLost,tool_current_only,4,94,93,1,0,1,0
GripLost,tool_current_only,4,95,94,1,1,0,0
GripLost,tool_current_only,4,96,95,1,1,1,1
GripLost,tool_current_only,4,97,96,1,1,1,1
GripLost,tool_current_only,4,98,97,1,0,1,0
GripLost,tool_current_only,4,99,98,1,0,1,0
GripLost,tool_current_only,4,100,99,1,0,0,0
GripLost,tool_current_only,5,101,100,1,0,1,0
GripLost,tool_current_only,5,102,101,1,0,1,0
GripLost,tool_current_only,5,103,102,1,0,1,0
GripLost,tool_current_only,5,104,103,1,0,0,0
GripLost,tool_current_only,5,105,104,1,1,1,1
GripLost,tool_current_only,5,106,105,1,0,1,0
GripLost,tool_current_only,5,107,106,1,0,0,0
GripLost,tool_current_only,5,108,107,1,0,1,0
GripLost,tool_current_only,5,109,108,1,0,1,0
GripLost,tool_current_only,5,110,109,1,0,1,0
GripLost,tool_current_only,5,111,110,1,0,1,0
GripLost,tool_current_only,5,112,111,1,0,1,0
GripLost,tool_current_only,5,113,112,1,0,0,0
GripLost,tool_current_only,5,114,113,1,0,0,0
GripLost,tool_current_only,5,115,114,1,0,1,0
GripLost,tool_current_only,5,116,115,1,0,1,0
GripLost,tool_current_only,5,117,116,1,0,1,0
GripLost,tool_current_only,5,118,117,1,0,0,0
GripLost,tool_current_only,5,119,118,1,0,1,0
GripLost,tool_current_only,5,120,119,1,0,1,0
GripLost,tool_current_only,5,121,120,1,0,1,0
GripLost,tool_current_only,5,122,121,1,0,1,0
GripLost,tool_current_only,5,123,122,1,0,1,0
GripLost,tool_current_only,5,124,123,1,0,1,0
GripLost,tool_current_only,5,125,124,1,0,1,0
GripLost,tool_current_only,7,151,129,1,0,1,0
GripLost,tool_current_only,7,152,130,1,0,1,0
GripLost,tool_current_only,7,153,131,1,0,1,0
GripLost,tool_current_only,7,154,132,1,0,1,0
GripLost,tool_current_only,7,155,133,1,0,1,0
GripLost,tool_current_only,7,156,134,1,0,1,0
GripLost,tool_current_only,7,157,135,1,0,1,0
GripLost,tool_current_only,7,159,137,1,0,1,0
GripLost,tool_current_only,7,160,138,1,1,0,0
GripLost,tool_current_only,7,161,139,1,0,1,0
GripLost,tool_current_only,7,162,140,1,0,1,0
GripLost,tool_current_only,7,163,141,1,0,1,0
GripLost,tool_current_only,7,164,142,1,1,0,0
GripLost,tool_current_only,7,165,143,1,0,1,0
GripLost,tool_current_only,7,166,144,1,0,1,0
GripLost,tool_current_only,7,167,145,1,0,1,0
GripLost,tool_current_only,7,168,146,1,0,0,0
GripLost,tool_current_only,7,169,147,1,0,0,0
GripLost,tool_current_only,7,170,148,1,0,1,0
GripLost,tool_current_only,7,171,149,1,0,1,0
GripLost,tool_current_only,7,172,150,1,0,1,0
GripLost,tool_current_only,7,173,151,1,1,1,1
GripLost,tool_current_only,7,174,152,1,1,0,0
GripLost,tool_current_only,7,175,153,1,0,1,0
GripLost,tool_current_only,8,176,154,1,0,1,0
GripLost,tool_current_only,8,177,155,1,0,1,0
GripLost,tool_current_only,8,178,156,1,0,1,0
GripLost,tool_current_only,8,179,157,1,0,1,0
GripLost,tool_current_only,8,180,158,1,1,0,0
GripLost,tool_current_only,8,181,159,1,0,1,0
GripLost,tool_current_only,8,182,160,1,0,1,0
GripLost,tool_current_only,8,183,161,1,0,1,0
GripLost,tool_current_only,8,184,162,1,0,1,0
GripLost,tool_current_only,8,185,163,1,0,0,0
GripLost,tool_current_only,8,199,176,1,0,1,0
GripLost,tool_current_only,8,200,177,1,1,1,1
GripLost,tool_current_only,9,201,178,1,0,1,0
GripLost,tool_current_only,9,202,179,1,1,0,0
GripLost,tool_current_only,9,203,180,1,0,1,0
GripLost,tool_current_only,9,204,181,1,0,1,0
GripLost,tool_current_only,9,205,182,1,0,0,0
GripLost,tool_current_only,9,206,183,1,0,1,0
GripLost,tool_current_only,9,207,184,1,0,1,0
GripLost,tool_current_only,9,208,185,1,1,1,1
GripLost,tool_current_only,9,209,186,1,0,1,0
GripLost,tool_current_only,9,210,187,1,0,1,0
GripLost,tool_current_only,9,211,188,1,0,1,0
GripLost,tool_current_only,9,212,189,1,0,0,0
GripLost,tool_current_only,9,213,190,1,0,1,0
GripLost,tool_current_only,9,214,191,1,1,1,1
GripLost,tool_current_only,9,215,192,1,0,1,0
GripLost,tool_current_only,9,216,193,1,1,1,1
GripLost,tool_current_only,9,217,194,1,0,0,0
GripLost,tool_current_only,9,218,195,1,0,1,0
GripLost,tool_current_only,9,219,196,1,1,1,1
GripLost,tool_current_only,9,220,197,1,0,1,0
GripLost,tool_current_only,9,221,198,1,1,1,1
GripLost,tool_current_only,9,222,199,1,0,1,0
GripLost,tool_current_only,9,223,200,1,0,1,0
GripLost,tool_current_only,9,224,201,1,0,1,0
GripLost,tool_current_only,9,225,202,1,0,1,0
GripLost,tool_current_only,9,224,210,2,0,1,0
GripLost,tool_current_only,10,226,203,1,0,1,0
GripLost,tool_current_only,10,227,204,1,0,1,0
GripLost,tool_current_only,10,229,205,1,0,1,0
GripLost,tool_current_only,10,230,206,1,0,1,0
GripLost,tool_current_only,10,231,207,1,0,1,0
GripLost,tool_current_only,10,232,208,1,0,0,0
GripLost,tool_current_only,10,233,209,1,0,1,0
GripLost,tool_current_only,10,230,216,2,0,0,0
GripLost,tool_current_only,10,231,217,2,0,0,0
GripLost,tool_current_only,10,232,218,2,1,1,1
GripLost,tool_current_only,10,233,219,2,1,1,1
GripLost,tool_current_only,10,234,220,1,1,1,0
GripLost,tool_current_only,10,235,221,1,0,1,0
GripLost,tool_current_only,10,236,222,1,0,1,0
GripLost,tool_current_only,10,237,223,1,1,1,0
GripLost,tool_current_only,10,238,224,1,0,1,0
GripLost,tool_current_only,10,239,225,1,0,1,0
GripLost,tool_current_only,10,240,226,1,0,1,0
GripLost,tool_current_only,10,241,227,1,0,0,0
GripLost,tool_current_only,10,242,228,1,0,1,0
GripLost,tool_current_only,10,243,229,1,0,0,0
GripLost,tool_current_only,10,245,230,1,0,1,0
GripLost,tool_current_only,10,246,231,1,0,1,0
GripLost,tool_current_only,10,247,232,1,1,1,0
GripLost,tool_current_only,10,248,233,1,0,0,0
GripLost,tool_current_only,10,249,234,1,0,1,0
GripLost,tool_current_only,10,250,235,1,1,1,1
GripLost,speed_only,1,1,1,1,0,1,0
GripLost,speed_only,1,2,2,1,1,1,1
GripLost,speed_only,1,3,3,1,0,1,0
GripLost,speed_only,1,4,4,1,0,0,0
GripLost,speed_only,1,5,5,1,1,1,1
GripLost,speed_only,1,6,6,1,1,1,1
GripLost,speed_only,1,8,8,1,0,0,0
GripLost,speed_only,1,9,9,1,0,0,0
GripLost,speed_only,1,10,10,1,0,1,0
GripLost,speed_only,1,11,11,1,0,0,0
GripLost,speed_only,1,12,12,1,0,0,0
GripLost,speed_only,1,13,13,1,0,1,0
GripLost,speed_only,1,14,14,1,1,1,1
GripLost,speed_only,1,15,15,1,1,1,1
GripLost,speed_only,1,16,16,1,0,1,0
GripLost,speed_only,1,17,17,1,0,0,0
GripLost,speed_only,1,18,18,1,0,0,0
GripLost,speed_only,1,19,19,1,0,0,0
GripLost,speed_only,1,20,20,1,0,0,0
GripLost,speed_only,1,21,21,1,0,1,0
GripLost,speed_only,1,22,22,1,0,0,0
GripLost,speed_only,1,23,23,1,0,0,0
GripLost,speed_only,1,24,24,1,0,0,0
GripLost,speed_only,1,25,25,1,0,0,0
GripLost,speed_only,2,26,26,1,0,0,0
GripLost,speed_only,2,27,27,1,0,0,0
GripLost,speed_only,2,28,28,1,0,0,0
GripLost,speed_only,2,29,29,1,0,0,0
GripLost,speed_only,2,30,30,1,0,0,0
GripLost,speed_only,2,31,31,1,0,0,0
GripLost,speed_only,2,32,32,1,0,0,0
GripLost,speed_only,2,33,33,1,0,1,0
GripLost,speed_only,2,34,34,1,0,0,0
GripLost,speed_only,2,35,35,1,0,1,0
GripLost,speed_only,2,36,36,1,1,1,1
GripLost,speed_only,2,37,37,1,0,0,0
GripLost,speed_only,2,38,38,1,0,0,0
GripLost,speed_only,2,39,39,1,1,1,1
GripLost,speed_only,2,40,40,1,1,1,1
GripLost,speed_only,2,41,41,1,0,1,0
GripLost,speed_only,2,42,42,1,0,1,0
GripLost,speed_only,2,43,43,1,0,0,0
GripLost,speed_only,2,44,44,1,0,0,0
GripLost,speed_only,2,45,45,1,0,0,0
GripLost,speed_only,2,48,48,1,0,0,0
GripLost,speed_only,2,49,49,1,0,0,0
GripLost,speed_only,2,50,50,1,0,0,0
GripLost,speed_only,3,51,51,1,0,0,0
GripLost,speed_only,3,52,52,1,0,1,0
GripLost,speed_only,3,53,53,1,0,1,0
GripLost,speed_only,3,54,54,1,0,0,0
GripLost,speed_only,3,55,55,1,0,0,0
GripLost,speed_only,3,56,56,1,0,0,0
GripLost,speed_only,3,57,57,1,0,1,0
GripLost,speed_only,3,58,58,1,0,0,0
GripLost,speed_only,3,59,59,1,0,0,0
GripLost,speed_only,3,60,60,1,0,0,0
GripLost,speed_only,3,61,61,1,0,0,0
GripLost,speed_only,3,62,62,1,0,0,0
GripLost,speed_only,3,63,63,1,1,1,1
GripLost,speed_only,3,64,64,1,1,1,1
GripLost,speed_only,3,65,65,1,1,1,1
GripLost,speed_only,3,66,66,1,0,1,0
GripLost,speed_only,3,67,67,1,1,1,1
GripLost,speed_only,3,68,68,1,0,1,0
GripLost,speed_only,3,69,69,1,1,1,1
GripLost,speed_only,3,70,70,1,0,0,0
GripLost,speed_only,3,71,71,1,0,0,0
GripLost,speed_only,3,72,72,1,0,1,0
GripLost,speed_only,3,73,73,1,0,1,0
GripLost,speed_only,3,75,74,1,0,1,0
GripLost,speed_only,4,76,75,1,1,0,0
GripLost,speed_only,4,85,84,1,0,1,0
GripLost,speed_only,4,86,85,1,1,1,1
GripLost,speed_only,4,87,86,1,0,1,0
GripLost,speed_only,4,88,87,1,0,0,0
GripLost,speed_only,4,89,88,1,0,0,0
GripLost,speed_only,4,90,89,1,0,1,0
GripLost,speed_only,4,91,90,1,1,1,1
GripLost,speed_only,4,92,91,1,1,1,1
GripLost,speed_only,4,93,92,1,0,0,0
GripLost,speed_only,4,94,93,1,0,0,0
GripLost,speed_only,4,95,94,1,1,1,1
GripLost,speed_only,4,96,95,1,1,1,1
GripLost,speed_only,4,97,96,1,1,1,1
GripLost,speed_only,4,98,97,1,0,0,0
GripLost,speed_only,4,99,98,1,0,1,0
GripLost,speed_only,4,100,99,1,0,1,0
GripLost,speed_only,5,101,100,1,0,0,0
GripLost,speed_only,5,102,101,1,0,0,0
GripLost,speed_only,5,103,102,1,0,0,0
GripLost,speed_only,5,104,103,1,0,0,0
GripLost,speed_only,5,105,104,1,1,1,1
GripLost,speed_only,5,106,105,1,0,0,0
GripLost,speed_only,5,107,106,1,0,0,0
GripLost,speed_only,5,108,107,1,0,0,0
GripLost,speed_only,5,109,108,1,0,0,0
GripLost,speed_only,5,110,109,1,0,0,0
GripLost,speed_only,5,111,110,1,0,1,0
GripLost,speed_only,5,112,111,1,0,0,0
GripLost,speed_only,5,113,112,1,0,0,0
GripLost,speed_only,5,114,113,1,0,0,0
GripLost,speed_only,5,115,114,1,0,1,0
GripLost,speed_only,5,116,115,1,0,0,0
GripLost,speed_only,5,117,116,1,0,0,0
GripLost,speed_only,5,118,117,1,0,0,0
GripLost,speed_only,5,119,118,1,0,0,0
GripLost,speed_only,5,120,119,1,0,1,0
GripLost,speed_only,5,121,120,1,0,0,0
GripLost,speed_only,5,122,121,1,0,0,0
GripLost,speed_only,5,123,122,1,0,0,0
GripLost,speed_only,5,124,123,1,0,0,0
GripLost,speed_only,5,125,124,1,0,0,0
GripLost,speed_only,7,151,129,1,0,0,0
GripLost,speed_only,7,152,130,1,0,0,0
GripLost,speed_only,7,153,131,1,0,0,0
GripLost,speed_only,7,154,132,1,0,0,0
GripLost,speed_only,7,155,133,1,0,1,0
GripLost,speed_only,7,156,134,1,0,0,0
GripLost,speed_only,7,157,135,1,0,0,0
GripLost,speed_only,7,159,137,1,0,0,0
GripLost,speed_only,7,160,138,1,1,1,1
GripLost,speed_only,7,161,139,1,0,0,0
GripLost,speed_only,7,162,140,1,0,0,0
GripLost,speed_only,7,163,141,1,0,1,0
GripLost,speed_only,7,164,142,1,1,1,1
GripLost,speed_only,7,165,143,1,0,0,0
GripLost,speed_only,7,166,144,1,0,0,0
GripLost,speed_only,7,167,145,1,0,1,0
GripLost,speed_only,7,168,146,1,0,1,0
GripLost,speed_only,7,169,147,1,0,1,0
GripLost,speed_only,7,170,148,1,0,1,0
GripLost,speed_only,7,171,149,1,0,0,0
GripLost,speed_only,7,172,150,1,0,0,0
GripLost,speed_only,7,173,151,1,1,1,1
GripLost,speed_only,7,174,152,1,1,1,1
GripLost,speed_only,7,175,153,1,0,1,0
GripLost,speed_only,8,176,154,1,0,0,0
GripLost,speed_only,8,177,155,1,0,0,0
GripLost,speed_only,8,178,156,1,0,1,0
GripLost,speed_only,8,179,157,1,0,1,0
GripLost,speed_only,8,180,158,1,1,1,1
GripLost,speed_only,8,181,159,1,0,0,0
GripLost,speed_only,8,182,160,1,0,0,0
GripLost,speed_only,8,183,161,1,0,1,0
GripLost,speed_only,8,184,162,1,0,0,0
GripLost,speed_only,8,185,163,1,0,0,0
GripLost,speed_only,8,199,176,1,0,0,0
GripLost,speed_only,8,200,177,1,1,1,1
GripLost,speed_only,9,201,178,1,0,0,0
GripLost,speed_only,9,202,179,1,1,1,1
GripLost,speed_only,9,203,180,1,0,0,0
GripLost,speed_only,9,204,181,1,0,1,0
GripLost,speed_only,9,205,182,1,0,1,0
GripLost,speed_only,9,206,183,1,0,0,0
GripLost,speed_only,9,207,184,1,0,0,0
GripLost,speed_only,9,208,185,1,1,1,1
GripLost,speed_only,9,209,186,1,0,0,0
GripLost,speed_only,9,210,187,1,0,1,0
GripLost,speed_only,9,211,188,1,0,0,0
GripLost,speed_only,9,212,189,1,0,0,0
GripLost,speed_only,9,213,190,1,0,0,0
GripLost,speed_only,9,214,191,1,1,1,1
GripLost,speed_only,9,215,192,1,0,1,0
GripLost,speed_only,9,216,193,1,1,1,1
GripLost,speed_only,9,217,194,1,0,0,0
GripLost,speed_only,9,218,195,1,0,0,0
GripLost,speed_only,9,219,196,1,1,1,1
GripLost,speed_only,9,220,197,1,0,0,0
GripLost,speed_only,9,221,198,1,1,1,1
GripLost,speed_only,9,222,199,1,0,0,0
GripLost,speed_only,9,223,200,1,0,0,0
GripLost,speed_only,9,224,201,1,0,1,0
GripLost,speed_only,9,225,202,1,0,0,0
GripLost,speed_only,9,224,210,2,0,0,0
GripLost,speed_only,10,226,203,1,0,0,0
GripLost,speed_only,10,227,204,1,0,1,0
GripLost,speed_only,10,229,205,1,0,0,0
GripLost,speed_only,10,230,206,1,0,0,0
GripLost,speed_only,10,231,207,1,0,1,0
GripLost,speed_only,10,232,208,1,0,0,0
GripLost,speed_only,10,233,209,1,0,0,0
GripLost,speed_only,10,230,216,2,0,0,0
GripLost,speed_only,10,231,217,2,0,0,0
GripLost,speed_only,10,232,218,2,1,1,1
GripLost,speed_only,10,233,219,2,1,1,1
GripLost,speed_only,10,234,220,1,1,1,0
GripLost,speed_only,10,235,221,1,0,0,0
GripLost,speed_only,10,236,222,1,0,1,0
GripLost,speed_only,10,237,223,1,1,1,1
GripLost,speed_only,10,238,224,1,0,0,0
GripLost,speed_only,10,239,225,1,0,1,0
GripLost,speed_only,10,240,226,1,0,1,0
GripLost,speed_only,10,241,227,1,0,0,0
GripLost,speed_only,10,242,228,1,0,1,0
GripLost,speed_only,10,243,229,1,0,0,0
GripLost,speed_only,10,245,230,1,0,0,0
GripLost,speed_only,10,246,231,1,0,1,0
GripLost,speed_only,10,247,232,1,1,1,0
GripLost,speed_only,10,248,233,1,0,0,0
GripLost,speed_only,10,249,234,1,0,1,0
GripLost,speed_only,10,250,235,1,1,1,1
GripLost,temperature_only,1,1,1,1,0,0,0
GripLost,temperature_only,1,2,2,1,1,0,0
GripLost,temperature_only,1,3,3,1,0,0,0
GripLost,temperature_only,1,4,4,1,0,0,0
GripLost,temperature_only,1,5,5,1,1,0,0
GripLost,temperature_only,1,6,6,1,1,0,0
GripLost,temperature_only,1,8,8,1,0,0,0
GripLost,temperature_only,1,9,9,1,0,0,0
GripLost,temperature_only,1,10,10,1,0,0,0
GripLost,temperature_only,1,11,11,1,0,0,0
GripLost,temperature_only,1,12,12,1,0,0,0
GripLost,temperature_only,1,13,13,1,0,0,0
GripLost,temperature_only,1,14,14,1,1,0,0
GripLost,temperature_only,1,15,15,1,1,0,0
GripLost,temperature_only,1,16,16,1,0,0,0
GripLost,temperature_only,1,17,17,1,0,0,0
GripLost,temperature_only,1,18,18,1,0,0,0
GripLost,temperature_only,1,19,19,1,0,0,0
GripLost,temperature_only,1,20,20,1,0,0,0
GripLost,temperature_only,1,21,21,1,0,0,0
GripLost,temperature_only,1,22,22,1,0,0,0
GripLost,temperature_only,1,23,23,1,0,0,0
GripLost,temperature_only,1,24,24,1,0,0,0
GripLost,temperature_only,1,25,25,1,0,0,0
GripLost,temperature_only,2,26,26,1,0,0,0
GripLost,temperature_only,2,27,27,1,0,0,0
GripLost,temperature_only,2,28,28,1,0,0,0
GripLost,temperature_only,2,29,29,1,0,0,0
GripLost,temperature_only,2,30,30,1,0,0,0
GripLost,temperature_only,2,31,31,1,0,0,0
GripLost,temperature_only,2,32,32,1,0,0,0
GripLost,temperature_only,2,33,33,1,0,0,0
GripLost,temperature_only,2,34,34,1,0,0,0
GripLost,temperature_only,2,35,35,1,0,0,0
GripLost,temperature_only,2,36,36,1,1,0,0
GripLost,temperature_only,2,37,37,1,0,0,0
GripLost,temperature_only,2,38,38,1,0,0,0
GripLost,temperature_only,2,39,39,1,1,0,0
GripLost,temperature_only,2,40,40,1,1,0,0
GripLost,temperature_only,2,41,41,1,0,0,0
GripLost,temperature_only,2,42,42,1,0,0,0
GripLost,temperature_only,2,43,43,1,0,0,0
GripLost,temperature_only,2,44,44,1,0,0,0
GripLost,temperature_only,2,45,45,1,0,0,0
GripLost,temperature_only,2,48,48,1,0,0,0
GripLost,temperature_only,2,49,49,1,0,0,0
GripLost,temperature_only,2,50,50,1,0,0,0
GripLost,temperature_only,3,51,51,1,0,0,0
GripLost,temperature_only,3,52,52,1,0,0,0
GripLost,temperature_only,3,53,53,1,0,0,0
GripLost,temperature_only,3,54,54,1,0,0,0
GripLost,temperature_only,3,55,55,1,0,0,0
GripLost,temperature_only,3,56,56,1,0,0,0
GripLost,temperature_only,3,57,57,1,0,0,0
GripLost,temperature_only,3,58,58,1,0,0,0
GripLost,temperature_only,3,59,59,1,0,0,0
GripLost,temperature_only,3,60,60,1,0,0,0
GripLost,temperature_only,3,61,61,1,0,0,0
GripLost,temperature_only,3,62,62,1,0,0,0
GripLost,temperature_only,3,63,63,1,1,0,0
GripLost,temperature_only,3,64,64,1,1,0,0
GripLost,temperature_only,3,65,65,1,1,0,0
GripLost,temperature_only,3,66,66,1,0,0,0
GripLost,temperature_only,3,67,67,1,1,0,0
GripLost,temperature_only,3,68,68,1,0,0,0
GripLost,temperature_only,3,69,69,1,1,0,0
GripLost,temperature_only,3,70,70,1,0,0,0
GripLost,temperature_only,3,71,71,1,0,0,0
GripLost,temperature_only,3,72,72,1,0,0,0
GripLost,temperature_only,3,73,73,1,0,0,0
GripLost,temperature_only,3,75,74,1,0,0,0
GripLost,temperature_only,4,76,75,1,1,0,0
GripLost,temperature_only,4,85,84,1,0,0,0
GripLost,temperature_only,4,86,85,1,1,0,0
GripLost,temperature_only,4,87,86,1,0,0,0
GripLost,temperature_only,4,88,87,1,0,0,0
GripLost,temperature_only,4,89,88,1,0,0,0
GripLost,temperature_only,4,90,89,1,0,0,0
GripLost,temperature_only,4,91,90,1,1,0,0
GripLost,temperature_only,4,92,91,1,1,0,0
GripLost,temperature_only,4,93,92,1,0,0,0
GripLost,temperature_only,4,94,93,1,0,0,0
GripLost,temperature_only,4,95,94,1,1,0,0
GripLost,temperature_only,4,96,95,1,1,0,0
GripLost,temperature_only,4,97,96,1,1,0,0
GripLost,temperature_only,4,98,97,1,0,0,0
GripLost,temperature_only,4,99,98,1,0,0,0
GripLost,temperature_only,4,100,99,1,0,0,0
GripLost,temperature_only,5,101,100,1,0,0,0
GripLost,temperature_only,5,102,101,1,0,0,0
GripLost,temperature_only,5,103,102,1,0,0,0
GripLost,temperature_only,5,104,103,1,0,0,0
GripLost,temperature_only,5,105,104,1,1,0,0
GripLost,temperature_only,5,106,105,1,0,0,0
GripLost,temperature_only,5,107,106,1,0,0,0
GripLost,temperature_only,5,108,107,1,0,0,0
GripLost,temperature_only,5,109,108,1,0,0,0
GripLost,temperature_only,5,110,109,1,0,0,0
GripLost,temperature_only,5,111,110,1,0,0,0
GripLost,temperature_only,5,112,111,1,0,0,0
GripLost,temperature_only,5,113,112,1,0,0,0
GripLost,temperature_only,5,114,113,1,0,0,0
GripLost,temperature_only,5,115,114,1,0,0,0
GripLost,temperature_only,5,116,115,1,0,0,0
GripLost,temperature_only,5,117,116,1,0,0,0
GripLost,temperature_only,5,118,117,1,0,0,0
GripLost,temperature_only,5,119,118,1,0,0,0
GripLost,temperature_only,5,120,119,1,0,0,0
GripLost,temperature_only,5,121,120,1,0,0,0
GripLost,temperature_only,5,122,121,1,0,0,0
GripLost,temperature_only,5,123,122,1,0,0,0
GripLost,temperature_only,5,124,123,1,0,0,0
GripLost,temperature_only,5,125,124,1,0,0,0
GripLost,temperature_only,7,151,129,1,0,0,0
GripLost,temperature_only,7,152,130,1,0,0,0
GripLost,temperature_only,7,153,131,1,0,0,0
GripLost,temperature_only,7,154,132,1,0,0,0
GripLost,temperature_only,7,155,133,1,0,0,0
GripLost,temperature_only,7,156,134,1,0,0,0
GripLost,temperature_only,7,157,135,1,0,0,0
GripLost,temperature_only,7,159,137,1,0,0,0
GripLost,temperature_only,7,160,138,1,1,0,0
GripLost,temperature_only,7,161,139,1,0,0,0
GripLost,temperature_only,7,162,140,1,0,0,0
GripLost,temperature_only,7,163,141,1,0,0,0
GripLost,temperature_only,7,164,142,1,1,0,0
GripLost,temperature_only,7,165,143,1,0,0,0
GripLost,temperature_only,7,166,144,1,0,0,0
GripLost,temperature_only,7,167,145,1,0,0,0
GripLost,temperature_only,7,168,146,1,0,0,0
GripLost,temperature_only,7,169,147,1,0,0,0
GripLost,temperature_only,7,170,148,1,0,0,0
GripLost,temperature_only,7,171,149,1,0,0,0
GripLost,temperature_only,7,172,150,1,0,0,0
GripLost,temperature_only,7,173,151,1,1,0,0
GripLost,temperature_only,7,174,152,1,1,0,0
GripLost,temperature_only,7,175,153,1,0,0,0
GripLost,temperature_only,8,176,154,1,0,0,0
GripLost,temperature_only,8,177,155,1,0,0,0
GripLost,temperature_only,8,178,156,1,0,0,0
GripLost,temperature_only,8,179,157,1,0,0,0
GripLost,temperature_only,8,180,158,1,1,0,0
GripLost,temperature_only,8,181,159,1,0,0,0
GripLost,temperature_only,8,182,160,1,0,0,0
GripLost,temperature_only,8,183,161,1,0,0,0
GripLost,temperature_only,8,184,162,1,0,0,0
GripLost,temperature_only,8,185,163,1,0,0,0
GripLost,temperature_only,8,199,176,1,0,0,0
GripLost,temperature_only,8,200,177,1,1,0,0
GripLost,temperature_only,9,201,178,1,0,1,0
GripLost,temperature_only,9,202,179,1,1,1,1
GripLost,temperature_only,9,203,180,1,0,1,0
GripLost,temperature_only,9,204,181,1,0,1,0
GripLost,temperature_only,9,205,182,1,0,0,0
GripLost,temperature_only,9,206,183,1,0,0,0
GripLost,temperature_only,9,207,184,1,0,1,0
GripLost,temperature_only,9,208,185,1,1,0,0
GripLost,temperature_only,9,209,186,1,0,0,0
GripLost,temperature_only,9,210,187,1,0,0,0
GripLost,temperature_only,9,211,188,1,0,0,0
GripLost,temperature_only,9,212,189,1,0,0,0
GripLost,temperature_only,9,213,190,1,0,0,0
GripLost,temperature_only,9,214,191,1,1,0,0
GripLost,temperature_only,9,215,192,1,0,0,0
GripLost,temperature_only,9,216,193,1,1,0,0
GripLost,temperature_only,9,217,194,1,0,0,0
GripLost,temperature_only,9,218,195,1,0,0,0
GripLost,temperature_only,9,219,196,1,1,0,0
GripLost,temperature_only,9,220,197,1,0,0,0
GripLost,temperature_only,9,221,198,1,1,0,0
GripLost,temperature_only,9,222,199,1,0,0,0
GripLost,temperature_only,9,223,200,1,0,0,0
GripLost,temperature_only,9,224,201,1,0,0,0
GripLost,temperature_only,9,225,202,1,0,0,0
GripLost,temperature_only,9,224,210,2,0,0,0
GripLost,temperature_only,10,226,203,1,0,0,0
GripLost,temperature_only,10,227,204,1,0,0,0
GripLost,temperature_only,10,229,205,1,0,0,0
GripLost,temperature_only,10,230,206,1,0,0,0
GripLost,temperature_only,10,231,207,1,0,0,0
GripLost,temperature_only,10,232,208,1,0,0,0
GripLost,temperature_only,10,233,209,1,0,0,0
GripLost,temperature_only,10,230,216,2,0,0,0
GripLost,temperature_only,10,231,217,2,0,0,0
GripLost,temperature_only,10,232,218,2,1,0,0
GripLost,temperature_only,10,233,219,2,1,0,0
GripLost,temperature_only,10,234,220,1,1,0,0
GripLost,temperature_only,10,235,221,1,0,0,0
GripLost,temperature_only,10,236,222,1,0,0,0
GripLost,temperature_only,10,237,223,1,1,0,0
GripLost,temperature_only,10,238,224,1,0,0,0
GripLost,temperature_only,10,239,225,1,0,0,0
GripLost,temperature_only,10,240,226,1,0,0,0
GripLost,temperature_only,10,241,227,1,0,0,0
GripLost,temperature_only,10,242,228,1,0,0,0
GripLost,temperature_only,10,243,229,1,0,0,0
GripLost,temperature_only,10,245,230,1,0,0,0
GripLost,temperature_only,10,246,231,1,0,0,0
GripLost,temperature_only,10,247,232,1,1,0,0
GripLost,temperature_only,10,248,233,1,0,0,0
GripLost,temperature_only,10,249,234,1,0,0,0
GripLost,temperature_only,10,250,235,1,1,0,0
GripLost,drop_current_family,1,1,1,1,0,0,0
GripLost,drop_current_family,1,2,2,1,1,0,0
GripLost,drop_current_family,1,3,3,1,0,0,0
GripLost,drop_current_family,1,4,4,1,0,0,0
GripLost,drop_current_family,1,5,5,1,1,0,0
GripLost,drop_current_family,1,6,6,1,1,0,0
GripLost,drop_current_family,1,8,8,1,0,0,0
GripLost,drop_current_family,1,9,9,1,0,0,0
GripLost,drop_current_family,1,10,10,1,0,0,0
GripLost,drop_current_family,1,11,11,1,0,0,0
GripLost,drop_current_family,1,12,12,1,0,0,0
GripLost,drop_current_family,1,13,13,1,0,0,0
GripLost,drop_current_family,1,14,14,1,1,0,0
GripLost,drop_current_family,1,15,15,1,1,0,0
GripLost,drop_current_family,1,16,16,1,0,0,0
GripLost,drop_current_family,1,17,17,1,0,0,0
GripLost,drop_current_family,1,18,18,1,0,0,0
GripLost,drop_current_family,1,19,19,1,0,0,0
GripLost,drop_current_family,1,20,20,1,0,0,0
GripLost,drop_current_family,1,21,21,1,0,0,0
GripLost,drop_current_family,1,22,22,1,0,0,0
GripLost,drop_current_family,1,23,23,1,0,0,0
GripLost,drop_current_family,1,24,24,1,0,0,0
GripLost,drop_current_family,1,25,25,1,0,0,0
GripLost,drop_current_family,2,26,26,1,0,0,0
GripLost,drop_current_family,2,27,27,1,0,0,0
GripLost,drop_current_family,2,28,28,1,0,0,0
GripLost,drop_current_family,2,29,29,1,0,0,0
GripLost,drop_current_family,2,30,30,1,0,0,0
GripLost,drop_current_family,2,31,31,1,0,0,0
GripLost,drop_current_family,2,32,32,1,0,0,0
GripLost,drop_current_family,2,33,33,1,0,0,0
GripLost,drop_current_family,2,34,34,1,0,0,0
GripLost,drop_current_family,2,35,35,1,0,0,0
GripLost,drop_current_family,2,36,36,1,1,0,0
GripLost,drop_current_family,2,37,37,1,0,0,0
GripLost,drop_current_family,2,38,38,1,0,0,0
GripLost,drop_current_family,2,39,39,1,1,0,0
GripLost,drop_current_family,2,40,40,1,1,0,0
GripLost,drop_current_family,2,41,41,1,0,0,0
GripLost,drop_current_family,2,42,42,1,0,0,0
GripLost,drop_current_family,2,43,43,1,0,0,0
GripLost,drop_current_family,2,44,44,1,0,0,0
GripLost,drop_current_family,2,45,45,1,0,0,0
GripLost,drop_current_family,2,48,48,1,0,0,0
GripLost,drop_current_family,2,49,49,1,0,0,0
GripLost,drop_current_family,2,50,50,1,0,0,0
GripLost,drop_current_family,3,51,51,1,0,0,0
GripLost,drop_current_family,3,52,52,1,0,0,0
GripLost,drop_current_family,3,53,53,1,0,0,0
GripLost,drop_current_family,3,54,54,1,0,0,0
GripLost,drop_current_family,3,55,55,1,0,0,0
GripLost,drop_current_family,3,56,56,1,0,0,0
GripLost,drop_current_family,3,57,57,1,0,0,0
GripLost,drop_current_family,3,58,58,1,0,0,0
GripLost,drop_current_family,3,59,59,1,0,0,0
GripLost,drop_current_family,3,60,60,1,0,0,0
GripLost,drop_current_family,3,61,61,1,0,0,0
GripLost,drop_current_family,3,62,62,1,0,0,0
GripLost,drop_current_family,3,63,63,1,1,1,1
GripLost,drop_current_family,3,64,64,1,1,1,1
GripLost,drop_current_family,3,65,65,1,1,0,0
GripLost,drop_current_family,3,66,66,1,0,0,0
GripLost,drop_current_family,3,67,67,1,1,1,1
GripLost,drop_current_family,3,68,68,1,0,0,0
GripLost,drop_current_family,3,69,69,1,1,1,1
GripLost,drop_current_family,3,70,70,1,0,0,0
GripLost,drop_current_family,3,71,71,1,0,0,0
GripLost,drop_current_family,3,72,72,1,0,1,0
GripLost,drop_current_family,3,73,73,1,0,0,0
GripLost,drop_current_family,3,75,74,1,0,1,0
GripLost,drop_current_family,4,76,75,1,1,0,0
GripLost,drop_current_family,4,85,84,1,0,0,0
GripLost,drop_current_family,4,86,85,1,1,0,0
GripLost,drop_current_family,4,87,86,1,0,0,0
GripLost,drop_current_family,4,88,87,1,0,0,0
GripLost,drop_current_family,4,89,88,1,0,0,0
GripLost,drop_current_family,4,90,89,1,0,0,0
GripLost,drop_current_family,4,91,90,1,1,0,0
GripLost,drop_current_family,4,92,91,1,1,1,1
GripLost,drop_current_family,4,93,92,1,0,0,0
GripLost,drop_current_family,4,94,93,1,0,0,0
GripLost,drop_current_family,4,95,94,1,1,1,1
GripLost,drop_current_family,4,96,95,1,1,1,1
GripLost,drop_current_family,4,97,96,1,1,1,1
GripLost,drop_current_family,4,98,97,1,0,0,0
GripLost,drop_current_family,4,99,98,1,0,0,0
GripLost,drop_current_family,4,100,99,1,0,0,0
GripLost,drop_current_family,5,101,100,1,0,0,0
GripLost,drop_current_family,5,102,101,1,0,1,0
GripLost,drop_current_family,5,103,102,1,0,0,0
GripLost,drop_current_family,5,104,103,1,0,0,0
GripLost,drop_current_family,5,105,104,1,1,1,1
GripLost,drop_current_family,5,106,105,1,0,0,0
GripLost,drop_current_family,5,107,106,1,0,0,0
GripLost,drop_current_family,5,108,107,1,0,0,0
GripLost,drop_current_family,5,109,108,1,0,0,0
GripLost,drop_current_family,5,110,109,1,0,0,0
GripLost,drop_current_family,5,111,110,1,0,0,0
GripLost,drop_current_family,5,112,111,1,0,0,0
GripLost,drop_current_family,5,113,112,1,0,0,0
GripLost,drop_current_family,5,114,113,1,0,0,0
GripLost,drop_current_family,5,115,114,1,0,0,0
GripLost,drop_current_family,5,116,115,1,0,0,0
GripLost,drop_current_family,5,117,116,1,0,0,0
GripLost,drop_current_family,5,118,117,1,0,0,0
GripLost,drop_current_family,5,119,118,1,0,0,0
GripLost,drop_current_family,5,120,119,1,0,0,0
GripLost,drop_current_family,5,121,120,1,0,0,0
GripLost,drop_current_family,5,122,121,1,0,0,0
GripLost,drop_current_family,5,123,122,1,0,0,0
GripLost,drop_current_family,5,124,123,1,0,0,0
GripLost,drop_current_family,5,125,124,1,0,0,0
GripLost,drop_current_family,7,151,129,1,0,0,0
GripLost,drop_current_family,7,152,130,1,0,0,0
GripLost,drop_current_family,7,153,131,1,0,0,0
GripLost,drop_current_family,7,154,132,1,0,0,0
GripLost,drop_current_family,7,155,133,1,0,0,0
GripLost,drop_current_family,7,156,134,1,0,0,0
GripLost,drop_current_family,7,157,135,1,0,0,0
GripLost,drop_current_family,7,159,137,1,0,0,0
GripLost,drop_current_family,7,160,138,1,1,0,0
GripLost,drop_current_family,7,161,139,1,0,0,0
GripLost,drop_current_family,7,162,140,1,0,0,0
GripLost,drop_current_family,7,163,141,1,0,0,0
GripLost,drop_current_family,7,164,142,1,1,1,1
GripLost,drop_current_family,7,165,143,1,0,0,0
GripLost,drop_current_family,7,166,144,1,0,0,0
GripLost,drop_current_family,7,167,145,1,0,0,0
GripLost,drop_current_family,7,168,146,1,0,0,0
GripLost,drop_current_family,7,169,147,1,0,0,0
GripLost,drop_current_family,7,170,148,1,0,0,0
GripLost,drop_current_family,7,171,149,1,0,0,0
GripLost,drop_current_family,7,172,150,1,0,0,0
GripLost,drop_current_family,7,173,151,1,1,0,0
GripLost,drop_current_family,7,174,152,1,1,1,1
GripLost,drop_current_family,7,175,153,1,0,0,0
GripLost,drop_current_family,8,176,154,1,0,0,0
GripLost,drop_current_family,8,177,155,1,0,0,0
GripLost,drop_current_family,8,178,156,1,0,0,0
GripLost,drop_current_family,8,179,157,1,0,0,0
GripLost,drop_current_family,8,180,158,1,1,1,1
GripLost,drop_current_family,8,181,159,1,0,0,0
GripLost,drop_current_family,8,182,160,1,0,0,0
GripLost,drop_current_family,8,183,161,1,0,0,0
GripLost,drop_current_family,8,184,162,1,0,0,0
GripLost,drop_current_family,8,185,163,1,0,0,0
GripLost,drop_current_family,8,199,176,1,0,0,0
GripLost,drop_current_family,8,200,177,1,1,1,1
GripLost,drop_current_family,9,201,178,1,0,0,0
GripLost,drop_current_family,9,202,179,1,1,1,1
GripLost,drop_current_family,9,203,180,1,0,0,0
GripLost,drop_current_family,9,204,181,1,0,0,0
GripLost,drop_current_family,9,205,182,1,0,0,0
GripLost,drop_current_family,9,206,183,1,0,0,0
GripLost,drop_current_family,9,207,184,1,0,1,0
GripLost,drop_current_family,9,208,185,1,1,1,1
GripLost,drop_current_family,9,209,186,1,0,0,0
GripLost,drop_current_family,9,210,187,1,0,0,0
GripLost,drop_current_family,9,211,188,1,0,0,0
GripLost,drop_current_family,9,212,189,1,0,0,0
GripLost,drop_current_family,9,213,190,1,0,0,0
GripLost,drop_current_family,9,214,191,1,1,1,1
GripLost,drop_current_family,9,215,192,1,0,1,0
GripLost,drop_current_family,9,216,193,1,1,0,0
GripLost,drop_current_family,9,217,194,1,0,0,0
GripLost,drop_current_family,9,218,195,1,0,0,0
GripLost,drop_current_family,9,219,196,1,1,0,0
GripLost,drop_current_family,9,220,197,1,0,0,0
GripLost,drop_current_family,9,221,198,1,1,0,0
GripLost,drop_current_family,9,222,199,1,0,0,0
GripLost,drop_current_family,9,223,200,1,0,0,0
GripLost,drop_current_family,9,224,201,1,0,0,0
GripLost,drop_current_family,9,225,202,1,0,0,0
GripLost,drop_current_family,9,224,210,2,0,0,0
GripLost,drop_current_family,10,226,203,1,0,0,0
GripLost,drop_current_family,10,227,204,1,0,0,0
GripLost,drop_current_family,10,229,205,1,0,0,0
GripLost,drop_current_family,10,230,206,1,0,0,0
GripLost,drop_current_family,10,231,207,1,0,1,0
GripLost,drop_current_family,10,232,208,1,0,0,0
GripLost,drop_current_family,10,233,209,1,0,0,0
GripLost,drop_current_family,10,230,216,2,0,0,0
GripLost,drop_current_family,10,231,217,2,0,0,0
GripLost,drop_current_family,10,232,218,2,1,0,0
GripLost,drop_current_family,10,233,219,2,1,0,0
GripLost,drop_current_family,10,234,220,1,1,0,0
GripLost,drop_current_family,10,235,221,1,0,0,0
GripLost,drop_current_family,10,236,222,1,0,0,0
GripLost,drop_current_family,10,237,223,1,1,0,0
GripLost,drop_current_family,10,238,224,1,0,0,0
GripLost,drop_current_family,10,239,225,1,0,0,0
GripLost,drop_current_family,10,240,226,1,0,0,0
GripLost,drop_current_family,10,241,227,1,0,0,0
GripLost,drop_current_family,10,242,228,1,0,0,0
GripLost,drop_current_family,10,243,229,1,0,0,0
GripLost,drop_current_family,10,245,230,1,0,0,0
GripLost,drop_current_family,10,246,231,1,0,0,0
GripLost,drop_current_family,10,247,232,1,1,0,0
GripLost,drop_current_family,10,248,233,1,0,0,0
GripLost,drop_current_family,10,249,234,1,0,0,0
GripLost,drop_current_family,10,250,235,1,1,0,0
GripLost,drop_speed,1,1,1,1,0,0,0
GripLost,drop_speed,1,2,2,1,1,1,1
GripLost,drop_speed,1,3,3,1,0,0,0
GripLost,drop_speed,1,4,4,1,0,0,0
GripLost,drop_speed,1,5,5,1,1,0,0
GripLost,drop_speed,1,6,6,1,1,0,0
GripLost,drop_speed,1,8,8,1,0,0,0
GripLost,drop_speed,1,9,9,1,0,0,0
GripLost,drop_speed,1,10,10,1,0,0,0
GripLost,drop_speed,1,11,11,1,0,0,0
GripLost,drop_speed,1,12,12,1,0,0,0
GripLost,drop_speed,1,13,13,1,0,0,0
GripLost,drop_speed,1,14,14,1,1,0,0
GripLost,drop_speed,1,15,15,1,1,0,0
GripLost,drop_speed,1,16,16,1,0,0,0
GripLost,drop_speed,1,17,17,1,0,0,0
GripLost,drop_speed,1,18,18,1,0,0,0
GripLost,drop_speed,1,19,19,1,0,0,0
GripLost,drop_speed,1,20,20,1,0,0,0
GripLost,drop_speed,1,21,21,1,0,0,0
GripLost,drop_speed,1,22,22,1,0,0,0
GripLost,drop_speed,1,23,23,1,0,0,0
GripLost,drop_speed,1,24,24,1,0,0,0
GripLost,drop_speed,1,25,25,1,0,0,0
GripLost,drop_speed,2,26,26,1,0,0,0
GripLost,drop_speed,2,27,27,1,0,0,0
GripLost,drop_speed,2,28,28,1,0,0,0
GripLost,drop_speed,2,29,29,1,0,0,0
GripLost,drop_speed,2,30,30,1,0,0,0
GripLost,drop_speed,2,31,31,1,0,0,0
GripLost,drop_speed,2,32,32,1,0,0,0
GripLost,drop_speed,2,33,33,1,0,0,0
GripLost,drop_speed,2,34,34,1,0,0,0
GripLost,drop_speed,2,35,35,1,0,0,0
GripLost,drop_speed,2,36,36,1,1,1,1
GripLost,drop_speed,2,37,37,1,0,0,0
GripLost,drop_speed,2,38,38,1,0,0,0
GripLost,drop_speed,2,39,39,1,1,1,1
GripLost,drop_speed,2,40,40,1,1,1,1
GripLost,drop_speed,2,41,41,1,0,0,0
GripLost,drop_speed,2,42,42,1,0,0,0
GripLost,drop_speed,2,43,43,1,0,0,0
GripLost,drop_speed,2,44,44,1,0,0,0
GripLost,drop_speed,2,45,45,1,0,0,0
GripLost,drop_speed,2,48,48,1,0,0,0
GripLost,drop_speed,2,49,49,1,0,0,0
GripLost,drop_speed,2,50,50,1,0,0,0
GripLost,drop_speed,3,51,51,1,0,0,0
GripLost,drop_speed,3,52,52,1,0,0,0
GripLost,drop_speed,3,53,53,1,0,0,0
GripLost,drop_speed,3,54,54,1,0,0,0
GripLost,drop_speed,3,55,55,1,0,0,0
GripLost,drop_speed,3,56,56,1,0,0,0
GripLost,drop_speed,3,57,57,1,0,0,0
GripLost,drop_speed,3,58,58,1,0,0,0
GripLost,drop_speed,3,59,59,1,0,0,0
GripLost,drop_speed,3,60,60,1,0,0,0
GripLost,drop_speed,3,61,61,1,0,0,0
GripLost,drop_speed,3,62,62,1,0,0,0
GripLost,drop_speed,3,63,63,1,1,1,1
GripLost,drop_speed,3,64,64,1,1,1,1
GripLost,drop_speed,3,65,65,1,1,1,1
GripLost,drop_speed,3,66,66,1,0,0,0
GripLost,drop_speed,3,67,67,1,1,1,1
GripLost,drop_speed,3,68,68,1,0,0,0
GripLost,drop_speed,3,69,69,1,1,1,1
GripLost,drop_speed,3,70,70,1,0,1,0
GripLost,drop_speed,3,71,71,1,0,0,0
GripLost,drop_speed,3,72,72,1,0,0,0
GripLost,drop_speed,3,73,73,1,0,0,0
GripLost,drop_speed,3,75,74,1,0,0,0
GripLost,drop_speed,4,76,75,1,1,1,1
GripLost,drop_speed,4,85,84,1,0,0,0
GripLost,drop_speed,4,86,85,1,1,1,1
GripLost,drop_speed,4,87,86,1,0,0,0
GripLost,drop_speed,4,88,87,1,0,0,0
GripLost,drop_speed,4,89,88,1,0,0,0
GripLost,drop_speed,4,90,89,1,0,1,0
GripLost,drop_speed,4,91,90,1,1,1,1
GripLost,drop_speed,4,92,91,1,1,1,1
GripLost,drop_speed,4,93,92,1,0,0,0
GripLost,drop_speed,4,94,93,1,0,0,0
GripLost,drop_speed,4,95,94,1,1,1,1
GripLost,drop_speed,4,96,95,1,1,1,1
GripLost,drop_speed,4,97,96,1,1,1,1
GripLost,drop_speed,4,98,97,1,0,0,0
GripLost,drop_speed,4,99,98,1,0,0,0
GripLost,drop_speed,4,100,99,1,0,1,0
GripLost,drop_speed,5,101,100,1,0,0,0
GripLost,drop_speed,5,102,101,1,0,0,0
GripLost,drop_speed,5,103,102,1,0,0,0
GripLost,drop_speed,5,104,103,1,0,0,0
GripLost,drop_speed,5,105,104,1,1,1,1
GripLost,drop_speed,5,106,105,1,0,0,0
GripLost,drop_speed,5,107,106,1,0,0,0
GripLost,drop_speed,5,108,107,1,0,0,0
GripLost,drop_speed,5,109,108,1,0,0,0
GripLost,drop_speed,5,110,109,1,0,0,0
GripLost,drop_speed,5,111,110,1,0,0,0
GripLost,drop_speed,5,112,111,1,0,0,0
GripLost,drop_speed,5,113,112,1,0,0,0
GripLost,drop_speed,5,114,113,1,0,0,0
GripLost,drop_speed,5,115,114,1,0,0,0
GripLost,drop_speed,5,116,115,1,0,0,0
GripLost,drop_speed,5,117,116,1,0,0,0
GripLost,drop_speed,5,118,117,1,0,0,0
GripLost,drop_speed,5,119,118,1,0,0,0
GripLost,drop_speed,5,120,119,1,0,0,0
GripLost,drop_speed,5,121,120,1,0,0,0
GripLost,drop_speed,5,122,121,1,0,0,0
GripLost,drop_speed,5,123,122,1,0,0,0
GripLost,drop_speed,5,124,123,1,0,0,0
GripLost,drop_speed,5,125,124,1,0,0,0
GripLost,drop_speed,7,151,129,1,0,0,0
GripLost,drop_speed,7,152,130,1,0,0,0
GripLost,drop_speed,7,153,131,1,0,0,0
GripLost,drop_speed,7,154,132,1,0,0,0
GripLost,drop_speed,7,155,133,1,0,0,0
GripLost,drop_speed,7,156,134,1,0,0,0
GripLost,drop_speed,7,157,135,1,0,0,0
GripLost,drop_speed,7,159,137,1,0,0,0
GripLost,drop_speed,7,160,138,1,1,1,1
GripLost,drop_speed,7,161,139,1,0,0,0
GripLost,drop_speed,7,162,140,1,0,0,0
GripLost,drop_speed,7,163,141,1,0,0,0
GripLost,drop_speed,7,164,142,1,1,1,0
GripLost,drop_speed,7,165,143,1,0,0,0
GripLost,drop_speed,7,166,144,1,0,0,0
GripLost,drop_speed,7,167,145,1,0,0,0
GripLost,drop_speed,7,168,146,1,0,0,0
GripLost,drop_speed,7,169,147,1,0,0,0
GripLost,drop_speed,7,170,148,1,0,0,0
GripLost,drop_speed,7,171,149,1,0,0,0
GripLost,drop_speed,7,172,150,1,0,0,0
GripLost,drop_speed,7,173,151,1,1,1,1
GripLost,drop_speed,7,174,152,1,1,1,1
GripLost,drop_speed,7,175,153,1,0,0,0
GripLost,drop_speed,8,176,154,1,0,0,0
GripLost,drop_speed,8,177,155,1,0,0,0
GripLost,drop_speed,8,178,156,1,0,0,0
GripLost,drop_speed,8,179,157,1,0,0,0
GripLost,drop_speed,8,180,158,1,1,1,1
GripLost,drop_speed,8,181,159,1,0,0,0
GripLost,drop_speed,8,182,160,1,0,0,0
GripLost,drop_speed,8,183,161,1,0,0,0
GripLost,drop_speed,8,184,162,1,0,0,0
GripLost,drop_speed,8,185,163,1,0,0,0
GripLost,drop_speed,8,199,176,1,0,0,0
GripLost,drop_speed,8,200,177,1,1,1,1
GripLost,drop_speed,9,201,178,1,0,0,0
GripLost,drop_speed,9,202,179,1,1,1,1
GripLost,drop_speed,9,203,180,1,0,0,0
GripLost,drop_speed,9,204,181,1,0,0,0
GripLost,drop_speed,9,205,182,1,0,0,0
GripLost,drop_speed,9,206,183,1,0,0,0
GripLost,drop_speed,9,207,184,1,0,0,0
GripLost,drop_speed,9,208,185,1,1,1,1
GripLost,drop_speed,9,209,186,1,0,0,0
GripLost,drop_speed,9,210,187,1,0,0,0
GripLost,drop_speed,9,211,188,1,0,0,0
GripLost,drop_speed,9,212,189,1,0,0,0
GripLost,drop_speed,9,213,190,1,0,0,0
GripLost,drop_speed,9,214,191,1,1,1,1
GripLost,drop_speed,9,215,192,1,0,0,0
GripLost,drop_speed,9,216,193,1,1,1,1
GripLost,drop_speed,9,217,194,1,0,0,0
GripLost,drop_speed,9,218,195,1,0,0,0
GripLost,drop_speed,9,219,196,1,1,1,1
GripLost,drop_speed,9,220,197,1,0,0,0
GripLost,drop_speed,9,221,198,1,1,1,1
GripLost,drop_speed,9,222,199,1,0,0,0
GripLost,drop_speed,9,223,200,1,0,0,0
GripLost,drop_speed,9,224,201,1,0,0,0
GripLost,drop_speed,9,225,202,1,0,0,0
GripLost,drop_speed,9,224,210,2,0,0,0
GripLost,drop_speed,10,226,203,1,0,0,0
GripLost,drop_speed,10,227,204,1,0,0,0
GripLost,drop_speed,10,229,205,1,0,0,0
GripLost,drop_speed,10,230,206,1,0,0,0
GripLost,drop_speed,10,231,207,1,0,0,0
GripLost,drop_speed,10,232,208,1,0,0,0
GripLost,drop_speed,10,233,209,1,0,0,0
GripLost,drop_speed,10,230,216,2,0,0,0
GripLost,drop_speed,10,231,217,2,0,0,0
GripLost,drop_speed,10,232,218,2,1,1,1
GripLost,drop_speed,10,233,219,2,1,1,1
GripLost,drop_speed,10,234,220,1,1,0,0
GripLost,drop_speed,10,235,221,1,0,0,0
GripLost,drop_speed,10,236,222,1,0,0,0
GripLost,drop_speed,10,237,223,1,1,1,1
GripLost,drop_speed,10,238,224,1,0,0,0
GripLost,drop_speed,10,239,225,1,0,1,0
GripLost,drop_speed,10,240,226,1,0,0,0
GripLost,drop_speed,10,241,227,1,0,0,0
GripLost,drop_speed,10,242,228,1,0,0,0
GripLost,drop_speed,10,243,229,1,0,0,0
GripLost,drop_speed,10,245,230,1,0,0,0
GripLost,drop_speed,10,246,231,1,0,0,0
GripLost,drop_speed,10,247,232,1,1,0,0
GripLost,drop_speed,10,248,233,1,0,0,0
GripLost,drop_speed,10,249,234,1,0,0,0
GripLost,drop_speed,10,250,235,1,1,1,1
GripLost,drop_temperature,1,1,1,1,0,1,0
GripLost,drop_temperature,1,2,2,1,1,1,1
GripLost,drop_temperature,1,3,3,1,0,0,0
GripLost,drop_temperature,1,4,4,1,0,0,0
GripLost,drop_temperature,1,5,5,1,1,1,1
GripLost,drop_temperature,1,6,6,1,1,1,1
GripLost,drop_temperature,1,8,8,1,0,0,0
GripLost,drop_temperature,1,9,9,1,0,0,0
GripLost,drop_temperature,1,10,10,1,0,0,0
GripLost,drop_temperature,1,11,11,1,0,0,0
GripLost,drop_temperature,1,12,12,1,0,0,0
GripLost,drop_temperature,1,13,13,1,0,0,0
GripLost,drop_temperature,1,14,14,1,1,1,1
GripLost,drop_temperature,1,15,15,1,1,1,1
GripLost,drop_temperature,1,16,16,1,0,0,0
GripLost,drop_temperature,1,17,17,1,0,0,0
GripLost,drop_temperature,1,18,18,1,0,0,0
GripLost,drop_temperature,1,19,19,1,0,0,0
GripLost,drop_temperature,1,20,20,1,0,0,0
GripLost,drop_temperature,1,21,21,1,0,0,0
GripLost,drop_temperature,1,22,22,1,0,0,0
GripLost,drop_temperature,1,23,23,1,0,0,0
GripLost,drop_temperature,1,24,24,1,0,0,0
GripLost,drop_temperature,1,25,25,1,0,0,0
GripLost,drop_temperature,2,26,26,1,0,0,0
GripLost,drop_temperature,2,27,27,1,0,0,0
GripLost,drop_temperature,2,28,28,1,0,0,0
GripLost,drop_temperature,2,29,29,1,0,0,0
GripLost,drop_temperature,2,30,30,1,0,0,0
GripLost,drop_temperature,2,31,31,1,0,0,0
GripLost,drop_temperature,2,32,32,1,0,0,0
GripLost,drop_temperature,2,33,33,1,0,0,0
GripLost,drop_temperature,2,34,34,1,0,0,0
GripLost,drop_temperature,2,35,35,1,0,0,0
GripLost,drop_temperature,2,36,36,1,1,1,1
GripLost,drop_temperature,2,37,37,1,0,0,0
GripLost,drop_temperature,2,38,38,1,0,0,0
GripLost,drop_temperature,2,39,39,1,1,1,1
GripLost,drop_temperature,2,40,40,1,1,1,1
GripLost,drop_temperature,2,41,41,1,0,0,0
GripLost,drop_temperature,2,42,42,1,0,0,0
GripLost,drop_temperature,2,43,43,1,0,0,0
GripLost,drop_temperature,2,44,44,1,0,0,0
GripLost,drop_temperature,2,45,45,1,0,0,0
GripLost,drop_temperature,2,48,48,1,0,0,0
GripLost,drop_temperature,2,49,49,1,0,0,0
GripLost,drop_temperature,2,50,50,1,0,0,0
GripLost,drop_temperature,3,51,51,1,0,0,0
GripLost,drop_temperature,3,52,52,1,0,0,0
GripLost,drop_temperature,3,53,53,1,0,0,0
GripLost,drop_temperature,3,54,54,1,0,0,0
GripLost,drop_temperature,3,55,55,1,0,0,0
GripLost,drop_temperature,3,56,56,1,0,0,0
GripLost,drop_temperature,3,57,57,1,0,1,0
GripLost,drop_temperature,3,58,58,1,0,0,0
GripLost,drop_temperature,3,59,59,1,0,0,0
GripLost,drop_temperature,3,60,60,1,0,0,0
GripLost,drop_temperature,3,61,61,1,0,0,0
GripLost,drop_temperature,3,62,62,1,0,0,0
GripLost,drop_temperature,3,63,63,1,1,1,1
GripLost,drop_temperature,3,64,64,1,1,1,1
GripLost,drop_temperature,3,65,65,1,1,1,1
GripLost,drop_temperature,3,66,66,1,0,0,0
GripLost,drop_temperature,3,67,67,1,1,1,1
GripLost,drop_temperature,3,68,68,1,0,0,0
GripLost,drop_temperature,3,69,69,1,1,1,1
GripLost,drop_temperature,3,70,70,1,0,0,0
GripLost,drop_temperature,3,71,71,1,0,0,0
GripLost,drop_temperature,3,72,72,1,0,0,0
GripLost,drop_temperature,3,73,73,1,0,0,0
GripLost,drop_temperature,3,75,74,1,0,0,0
GripLost,drop_temperature,4,76,75,1,1,1,1
GripLost,drop_temperature,4,85,84,1,0,0,0
GripLost,drop_temperature,4,86,85,1,1,1,1
GripLost,drop_temperature,4,87,86,1,0,0,0
GripLost,drop_temperature,4,88,87,1,0,0,0
GripLost,drop_temperature,4,89,88,1,0,0,0
GripLost,drop_temperature,4,90,89,1,0,0,0
GripLost,drop_temperature,4,91,90,1,1,1,1
GripLost,drop_temperature,4,92,91,1,1,1,1
GripLost,drop_temperature,4,93,92,1,0,0,0
GripLost,drop_temperature,4,94,93,1,0,0,0
GripLost,drop_temperature,4,95,94,1,1,1,1
GripLost,drop_temperature,4,96,95,1,1,1,1
GripLost,drop_temperature,4,97,96,1,1,1,1
GripLost,drop_temperature,4,98,97,1,0,0,0
GripLost,drop_temperature,4,99,98,1,0,0,0
GripLost,drop_temperature,4,100,99,1,0,0,0
GripLost,drop_temperature,5,101,100,1,0,0,0
GripLost,drop_temperature,5,102,101,1,0,0,0
GripLost,drop_temperature,5,103,102,1,0,0,0
GripLost,drop_temperature,5,104,103,1,0,0,0
GripLost,drop_temperature,5,105,104,1,1,1,1
GripLost,drop_temperature,5,106,105,1,0,0,0
GripLost,drop_temperature,5,107,106,1,0,0,0
GripLost,drop_temperature,5,108,107,1,0,0,0
GripLost,drop_temperature,5,109,108,1,0,0,0
GripLost,drop_temperature,5,110,109,1,0,0,0
GripLost,drop_temperature,5,111,110,1,0,0,0
GripLost,drop_temperature,5,112,111,1,0,0,0
GripLost,drop_temperature,5,113,112,1,0,0,0
GripLost,drop_temperature,5,114,113,1,0,0,0
GripLost,drop_temperature,5,115,114,1,0,0,0
GripLost,drop_temperature,5,116,115,1,0,0,0
GripLost,drop_temperature,5,117,116,1,0,0,0
GripLost,drop_temperature,5,118,117,1,0,0,0
GripLost,drop_temperature,5,119,118,1,0,0,0
GripLost,drop_temperature,5,120,119,1,0,0,0
GripLost,drop_temperature,5,121,120,1,0,0,0
GripLost,drop_temperature,5,122,121,1,0,0,0
GripLost,drop_temperature,5,123,122,1,0,0,0
GripLost,drop_temperature,5,124,123,1,0,0,0
GripLost,drop_temperature,5,125,124,1,0,0,0
GripLost,drop_temperature,7,151,129,1,0,0,0
GripLost,drop_temperature,7,152,130,1,0,0,0
GripLost,drop_temperature,7,153,131,1,0,0,0
GripLost,drop_temperature,7,154,132,1,0,0,0
GripLost,drop_temperature,7,155,133,1,0,0,0
GripLost,drop_temperature,7,156,134,1,0,0,0
GripLost,drop_temperature,7,157,135,1,0,0,0
GripLost,drop_temperature,7,159,137,1,0,0,0
GripLost,drop_temperature,7,160,138,1,1,1,1
GripLost,drop_temperature,7,161,139,1,0,0,0
GripLost,drop_temperature,7,162,140,1,0,0,0
GripLost,drop_temperature,7,163,141,1,0,0,0
GripLost,drop_temperature,7,164,142,1,1,1,1
GripLost,drop_temperature,7,165,143,1,0,0,0
GripLost,drop_temperature,7,166,144,1,0,0,0
GripLost,drop_temperature,7,167,145,1,0,0,0
GripLost,drop_temperature,7,168,146,1,0,0,0
GripLost,drop_temperature,7,169,147,1,0,0,0
GripLost,drop_temperature,7,170,148,1,0,0,0
GripLost,drop_temperature,7,171,149,1,0,0,0
GripLost,drop_temperature,7,172,150,1,0,0,0
GripLost,drop_temperature,7,173,151,1,1,1,1
GripLost,drop_temperature,7,174,152,1,1,1,1
GripLost,drop_temperature,7,175,153,1,0,0,0
GripLost,drop_temperature,8,176,154,1,0,0,0
GripLost,drop_temperature,8,177,155,1,0,0,0
GripLost,drop_temperature,8,178,156,1,0,1,0
GripLost,drop_temperature,8,179,157,1,0,1,0
GripLost,drop_temperature,8,180,158,1,1,1,1
GripLost,drop_temperature,8,181,159,1,0,0,0
GripLost,drop_temperature,8,182,160,1,0,0,0
GripLost,drop_temperature,8,183,161,1,0,0,0
GripLost,drop_temperature,8,184,162,1,0,0,0
GripLost,drop_temperature,8,185,163,1,0,0,0
GripLost,drop_temperature,8,199,176,1,0,0,0
GripLost,drop_temperature,8,200,177,1,1,1,1
GripLost,drop_temperature,9,201,178,1,0,0,0
GripLost,drop_temperature,9,202,179,1,1,1,1
GripLost,drop_temperature,9,203,180,1,0,0,0
GripLost,drop_temperature,9,204,181,1,0,1,0
GripLost,drop_temperature,9,205,182,1,0,0,0
GripLost,drop_temperature,9,206,183,1,0,0,0
GripLost,drop_temperature,9,207,184,1,0,0,0
GripLost,drop_temperature,9,208,185,1,1,1,1
GripLost,drop_temperature,9,209,186,1,0,0,0
GripLost,drop_temperature,9,210,187,1,0,1,0
GripLost,drop_temperature,9,211,188,1,0,0,0
GripLost,drop_temperature,9,212,189,1,0,0,0
GripLost,drop_temperature,9,213,190,1,0,0,0
GripLost,drop_temperature,9,214,191,1,1,1,1
GripLost,drop_temperature,9,215,192,1,0,1,0
GripLost,drop_temperature,9,216,193,1,1,1,1
GripLost,drop_temperature,9,217,194,1,0,0,0
GripLost,drop_temperature,9,218,195,1,0,1,0
GripLost,drop_temperature,9,219,196,1,1,1,1
GripLost,drop_temperature,9,220,197,1,0,0,0
GripLost,drop_temperature,9,221,198,1,1,1,1
GripLost,drop_temperature,9,222,199,1,0,1,0
GripLost,drop_temperature,9,223,200,1,0,0,0
GripLost,drop_temperature,9,224,201,1,0,0,0
GripLost,drop_temperature,9,225,202,1,0,0,0
GripLost,drop_temperature,9,224,210,2,0,0,0
GripLost,drop_temperature,10,226,203,1,0,0,0
GripLost,drop_temperature,10,227,204,1,0,0,0
GripLost,drop_temperature,10,229,205,1,0,0,0
GripLost,drop_temperature,10,230,206,1,0,0,0
GripLost,drop_temperature,10,231,207,1,0,0,0
GripLost,drop_temperature,10,232,208,1,0,0,0
GripLost,drop_temperature,10,233,209,1,0,0,0
GripLost,drop_temperature,10,230,216,2,0,0,0
GripLost,drop_temperature,10,231,217,2,0,0,0
GripLost,drop_temperature,10,232,218,2,1,1,1
GripLost,drop_temperature,10,233,219,2,1,1,1
GripLost,drop_temperature,10,234,220,1,1,0,0
GripLost,drop_temperature,10,235,221,1,0,1,0
GripLost,drop_temperature,10,236,222,1,0,0,0
GripLost,drop_temperature,10,237,223,1,1,1,1
GripLost,drop_temperature,10,238,224,1,0,0,0
GripLost,drop_temperature,10,239,225,1,0,1,0
GripLost,drop_temperature,10,240,226,1,0,0,0
GripLost,drop_temperature,10,241,227,1,0,1,0
GripLost,drop_temperature,10,242,228,1,0,0,0
GripLost,drop_temperature,10,243,229,1,0,0,0
GripLost,drop_temperature,10,245,230,1,0,0,0
GripLost,drop_temperature,10,246,231,1,0,0,0
GripLost,drop_temperature,10,247,232,1,1,0,0
GripLost,drop_temperature,10,248,233,1,0,0,0
GripLost,drop_temperature,10,249,234,1,0,0,0
GripLost,drop_temperature,10,250,235,1,1,1,1
GripLost,drop_tool_current,1,1,1,1,0,0,0
GripLost,drop_tool_current,1,2,2,1,1,1,1
GripLost,drop_tool_current,1,3,3,1,0,0,0
GripLost,drop_tool_current,1,4,4,1,0,0,0
GripLost,drop_tool_current,1,5,5,1,1,1,1
GripLost,drop_tool_current,1,6,6,1,1,0,0
GripLost,drop_tool_current,1,8,8,1,0,0,0
GripLost,drop_tool_current,1,9,9,1,0,0,0
GripLost,drop_tool_current,1,10,10,1,0,0,0
GripLost,drop_tool_current,1,11,11,1,0,0,0
GripLost,drop_tool_current,1,12,12,1,0,0,0
GripLost,drop_tool_current,1,13,13,1,0,0,0
GripLost,drop_tool_current,1,14,14,1,1,1,1
GripLost,drop_tool_current,1,15,15,1,1,1,1
GripLost,drop_tool_current,1,16,16,1,0,0,0
GripLost,drop_tool_current,1,17,17,1,0,0,0
GripLost,drop_tool_current,1,18,18,1,0,0,0
GripLost,drop_tool_current,1,19,19,1,0,0,0
GripLost,drop_tool_current,1,20,20,1,0,0,0
GripLost,drop_tool_current,1,21,21,1,0,0,0
GripLost,drop_tool_current,1,22,22,1,0,0,0
GripLost,drop_tool_current,1,23,23,1,0,0,0
GripLost,drop_tool_current,1,24,24,1,0,0,0
GripLost,drop_tool_current,1,25,25,1,0,0,0
GripLost,drop_tool_current,2,26,26,1,0,0,0
GripLost,drop_tool_current,2,27,27,1,0,0,0
GripLost,drop_tool_current,2,28,28,1,0,0,0
GripLost,drop_tool_current,2,29,29,1,0,0,0
GripLost,drop_tool_current,2,30,30,1,0,0,0
GripLost,drop_tool_current,2,31,31,1,0,0,0
GripLost,drop_tool_current,2,32,32,1,0,0,0
GripLost,drop_tool_current,2,33,33,1,0,0,0
GripLost,drop_tool_current,2,34,34,1,0,0,0
GripLost,drop_tool_current,2,35,35,1,0,0,0
GripLost,drop_tool_current,2,36,36,1,1,1,1
GripLost,drop_tool_current,2,37,37,1,0,0,0
GripLost,drop_tool_current,2,38,38,1,0,0,0
GripLost,drop_tool_current,2,39,39,1,1,1,1
GripLost,drop_tool_current,2,40,40,1,1,1,1
GripLost,drop_tool_current,2,41,41,1,0,0,0
GripLost,drop_tool_current,2,42,42,1,0,1,0
GripLost,drop_tool_current,2,43,43,1,0,0,0
GripLost,drop_tool_current,2,44,44,1,0,0,0
GripLost,drop_tool_current,2,45,45,1,0,0,0
GripLost,drop_tool_current,2,48,48,1,0,0,0
GripLost,drop_tool_current,2,49,49,1,0,0,0
GripLost,drop_tool_current,2,50,50,1,0,0,0
GripLost,drop_tool_current,3,51,51,1,0,0,0
GripLost,drop_tool_current,3,52,52,1,0,0,0
GripLost,drop_tool_current,3,53,53,1,0,0,0
GripLost,drop_tool_current,3,54,54,1,0,0,0
GripLost,drop_tool_current,3,55,55,1,0,0,0
GripLost,drop_tool_current,3,56,56,1,0,0,0
GripLost,drop_tool_current,3,57,57,1,0,1,0
GripLost,drop_tool_current,3,58,58,1,0,0,0
GripLost,drop_tool_current,3,59,59,1,0,0,0
GripLost,drop_tool_current,3,60,60,1,0,0,0
GripLost,drop_tool_current,3,61,61,1,0,0,0
GripLost,drop_tool_current,3,62,62,1,0,0,0
GripLost,drop_tool_current,3,63,63,1,1,1,1
GripLost,drop_tool_current,3,64,64,1,1,1,1
GripLost,drop_tool_current,3,65,65,1,1,1,1
GripLost,drop_tool_current,3,66,66,1,0,0,0
GripLost,drop_tool_current,3,67,67,1,1,1,1
GripLost,drop_tool_current,3,68,68,1,0,0,0
GripLost,drop_tool_current,3,69,69,1,1,1,1
GripLost,drop_tool_current,3,70,70,1,0,0,0
GripLost,drop_tool_current,3,71,71,1,0,0,0
GripLost,drop_tool_current,3,72,72,1,0,0,0
GripLost,drop_tool_current,3,73,73,1,0,0,0
GripLost,drop_tool_current,3,75,74,1,0,0,0
GripLost,drop_tool_current,4,76,75,1,1,1,1
GripLost,drop_tool_current,4,85,84,1,0,0,0
GripLost,drop_tool_current,4,86,85,1,1,1,1
GripLost,drop_tool_current,4,87,86,1,0,0,0
GripLost,drop_tool_current,4,88,87,1,0,0,0
GripLost,drop_tool_current,4,89,88,1,0,0,0
GripLost,drop_tool_current,4,90,89,1,0,0,0
GripLost,drop_tool_current,4,91,90,1,1,1,1
GripLost,drop_tool_current,4,92,91,1,1,1,1
GripLost,drop_tool_current,4,93,92,1,0,0,0
GripLost,drop_tool_current,4,94,93,1,0,0,0
GripLost,drop_tool_current,4,95,94,1,1,1,1
GripLost,drop_tool_current,4,96,95,1,1,1,1
GripLost,drop_tool_current,4,97,96,1,1,1,1
GripLost,drop_tool_current,4,98,97,1,0,0,0
GripLost,drop_tool_current,4,99,98,1,0,0,0
GripLost,drop_tool_current,4,100,99,1,0,0,0
GripLost,drop_tool_current,5,101,100,1,0,0,0
GripLost,drop_tool_current,5,102,101,1,0,0,0
GripLost,drop_tool_current,5,103,102,1,0,0,0
GripLost,drop_tool_current,5,104,103,1,0,0,0
GripLost,drop_tool_current,5,105,104,1,1,1,1
GripLost,drop_tool_current,5,106,105,1,0,0,0
GripLost,drop_tool_current,5,107,106,1,0,0,0
GripLost,drop_tool_current,5,108,107,1,0,0,0
GripLost,drop_tool_current,5,109,108,1,0,0,0
GripLost,drop_tool_current,5,110,109,1,0,0,0
GripLost,drop_tool_current,5,111,110,1,0,0,0
GripLost,drop_tool_current,5,112,111,1,0,0,0
GripLost,drop_tool_current,5,113,112,1,0,0,0
GripLost,drop_tool_current,5,114,113,1,0,0,0
GripLost,drop_tool_current,5,115,114,1,0,0,0
GripLost,drop_tool_current,5,116,115,1,0,0,0
GripLost,drop_tool_current,5,117,116,1,0,0,0
GripLost,drop_tool_current,5,118,117,1,0,0,0
GripLost,drop_tool_current,5,119,118,1,0,0,0
GripLost,drop_tool_current,5,120,119,1,0,0,0
GripLost,drop_tool_current,5,121,120,1,0,0,0
GripLost,drop_tool_current,5,122,121,1,0,0,0
GripLost,drop_tool_current,5,123,122,1,0,0,0
GripLost,drop_tool_current,5,124,123,1,0,0,0
GripLost,drop_tool_current,5,125,124,1,0,0,0
GripLost,drop_tool_current,7,151,129,1,0,0,0
GripLost,drop_tool_current,7,152,130,1,0,0,0
GripLost,drop_tool_current,7,153,131,1,0,0,0
GripLost,drop_tool_current,7,154,132,1,0,0,0
GripLost,drop_tool_current,7,155,133,1,0,0,0
GripLost,drop_tool_current,7,156,134,1,0,0,0
GripLost,drop_tool_current,7,157,135,1,0,0,0
GripLost,drop_tool_current,7,159,137,1,0,0,0
GripLost,drop_tool_current,7,160,138,1,1,1,1
GripLost,drop_tool_current,7,161,139,1,0,0,0
GripLost,drop_tool_current,7,162,140,1,0,0,0
GripLost,drop_tool_current,7,163,141,1,0,0,0
GripLost,drop_tool_current,7,164,142,1,1,1,1
GripLost,drop_tool_current,7,165,143,1,0,0,0
GripLost,drop_tool_current,7,166,144,1,0,0,0
GripLost,drop_tool_current,7,167,145,1,0,0,0
GripLost,drop_tool_current,7,168,146,1,0,0,0
GripLost,drop_tool_current,7,169,147,1,0,0,0
GripLost,drop_tool_current,7,170,148,1,0,0,0
GripLost,drop_tool_current,7,171,149,1,0,0,0
GripLost,drop_tool_current,7,172,150,1,0,0,0
GripLost,drop_tool_current,7,173,151,1,1,1,1
GripLost,drop_tool_current,7,174,152,1,1,1,1
GripLost,drop_tool_current,7,175,153,1,0,0,0
GripLost,drop_tool_current,8,176,154,1,0,0,0
GripLost,drop_tool_current,8,177,155,1,0,0,0
GripLost,drop_tool_current,8,178,156,1,0,0,0
GripLost,drop_tool_current,8,179,157,1,0,1,0
GripLost,drop_tool_current,8,180,158,1,1,1,1
GripLost,drop_tool_current,8,181,159,1,0,0,0
GripLost,drop_tool_current,8,182,160,1,0,0,0
GripLost,drop_tool_current,8,183,161,1,0,0,0
GripLost,drop_tool_current,8,184,162,1,0,0,0
GripLost,drop_tool_current,8,185,163,1,0,0,0
GripLost,drop_tool_current,8,199,176,1,0,0,0
GripLost,drop_tool_current,8,200,177,1,1,1,1
GripLost,drop_tool_current,9,201,178,1,0,0,0
GripLost,drop_tool_current,9,202,179,1,1,1,1
GripLost,drop_tool_current,9,203,180,1,0,0,0
GripLost,drop_tool_current,9,204,181,1,0,1,0
GripLost,drop_tool_current,9,205,182,1,0,0,0
GripLost,drop_tool_current,9,206,183,1,0,0,0
GripLost,drop_tool_current,9,207,184,1,0,0,0
GripLost,drop_tool_current,9,208,185,1,1,1,1
GripLost,drop_tool_current,9,209,186,1,0,0,0
GripLost,drop_tool_current,9,210,187,1,0,1,0
GripLost,drop_tool_current,9,211,188,1,0,0,0
GripLost,drop_tool_current,9,212,189,1,0,0,0
GripLost,drop_tool_current,9,213,190,1,0,0,0
GripLost,drop_tool_current,9,214,191,1,1,1,1
GripLost,drop_tool_current,9,215,192,1,0,0,0
GripLost,drop_tool_current,9,216,193,1,1,1,1
GripLost,drop_tool_current,9,217,194,1,0,0,0
GripLost,drop_tool_current,9,218,195,1,0,0,0
GripLost,drop_tool_current,9,219,196,1,1,1,1
GripLost,drop_tool_current,9,220,197,1,0,0,0
GripLost,drop_tool_current,9,221,198,1,1,1,1
GripLost,drop_tool_current,9,222,199,1,0,1,0
GripLost,drop_tool_current,9,223,200,1,0,0,0
GripLost,drop_tool_current,9,224,201,1,0,0,0
GripLost,drop_tool_current,9,225,202,1,0,0,0
GripLost,drop_tool_current,9,224,210,2,0,0,0
GripLost,drop_tool_current,10,226,203,1,0,0,0
GripLost,drop_tool_current,10,227,204,1,0,0,0
GripLost,drop_tool_current,10,229,205,1,0,0,0
GripLost,drop_tool_current,10,230,206,1,0,0,0
GripLost,drop_tool_current,10,231,207,1,0,0,0
GripLost,drop_tool_current,10,232,208,1,0,0,0
GripLost,drop_tool_current,10,233,209,1,0,0,0
GripLost,drop_tool_current,10,230,216,2,0,0,0
GripLost,drop_tool_current,10,231,217,2,0,0,0
GripLost,drop_tool_current,10,232,218,2,1,1,1
GripLost,drop_tool_current,10,233,219,2,1,1,1
GripLost,drop_tool_current,10,234,220,1,1,0,0
GripLost,drop_tool_current,10,235,221,1,0,0,0
GripLost,drop_tool_current,10,236,222,1,0,0,0
GripLost,drop_tool_current,10,237,223,1,1,1,1
GripLost,drop_tool_current,10,238,224,1,0,0,0
GripLost,drop_tool_current,10,239,225,1,0,1,0
GripLost,drop_tool_current,10,240,226,1,0,0,0
GripLost,drop_tool_current,10,241,227,1,0,0,0
GripLost,drop_tool_current,10,242,228,1,0,0,0
GripLost,drop_tool_current,10,243,229,1,0,0,0
GripLost,drop_tool_current,10,245,230,1,0,0,0
GripLost,drop_tool_current,10,246,231,1,0,0,0
GripLost,drop_tool_current,10,247,232,1,1,0,0
GripLost,drop_tool_current,10,248,233,1,0,0,0
GripLost,drop_tool_current,10,249,234,1,0,0,0
GripLost,drop_tool_current,10,250,235,1,1,1,1
