source,candidate,target,test_block,cycle,cycle_run,cycle_occurrence,true_event_cycle,cycle_alert,event_detected,any_failure_cycle,true_normal_cycle,other_fault_only_cycle
12_matched_models,1d_cnn_19_raw,System_Failure,1,1,1,1,1,1,1,1,0,0
12_matched_models,1d_cnn_19_raw,System_Failure,1,2,2,1,1,1,1,1,0,0
12_matched_models,1d_cnn_19_raw,System_Failure,1,3,3,1,0,0,0,0,1,0
12_matched_models,1d_cnn_19_raw,System_Failure,1,4,4,1,0,0,0,0,1,0
12_matched_models,1d_cnn_19_raw,System_Failure,1,5,5,1,1,0,0,1,0,0
12_matched_models,1d_cnn_19_raw,System_Failure,1,6,6,1,1,1,1,1,0,0
12_matched_models,1d_cnn_19_raw,System_Failure,1,8,8,1,0,0,0,0,1,0
12_matched_models,1d_cnn_19_raw,System_Failure,1,9,9,1,0,0,0,0,1,0
12_matched_models,1d_cnn_19_raw,System_Failure,1,10,10,1,0,0,0,0,1,0
12_matched_models,1d_cnn_19_raw,System_Failure,1,11,11,1,0,1,0,0,1,0
12_matched_models,1d_cnn_19_raw,System_Failure,1,12,12,1,0,0,0,0,1,0
12_matched_models,1d_cnn_19_raw,System_Failure,1,13,13,1,0,0,0,0,1,0
12_matched_models,1d_cnn_19_raw,System_Failure,1,14,14,1,1,1,1,1,0,0
12_matched_models,1d_cnn_19_raw,System_Failure,1,15,15,1,1,1,1,1,0,0
12_matched_models,1d_cnn_19_raw,System_Failure,1,16,16,1,0,0,0,0,1,0
12_matched_models,1d_cnn_19_raw,System_Failure,1,17,17,1,0,0,0,0,1,0
12_matched_models,1d_cnn_19_raw,System_Failure,1,18,18,1,0,1,0,0,1,0
12_matched_models,1d_cnn_19_raw,System_Failure,1,19,19,1,0,0,0,0,1,0
12_matched_models,1d_cnn_19_raw,System_Failure,1,20,20,1,0,0,0,0,1,0
12_matched_models,1d_cnn_19_raw,System_Failure,1,21,21,1,0,0,0,0,1,0
12_matched_models,1d_cnn_19_raw,System_Failure,1,22,22,1,1,1,1,1,0,0
12_matched_models,1d_cnn_19_raw,System_Failure,1,23,23,1,0,0,0,0,1,0
12_matched_models,1d_cnn_19_raw,System_Failure,1,24,24,1,0,0,0,0,1,0
12_matched_models,1d_cnn_19_raw,System_Failure,1,25,25,1,0,0,0,0,1,0
12_matched_models,1d_cnn_19_raw,System_Failure,2,26,26,1,0,0,0,0,1,0
12_matched_models,1d_cnn_19_raw,System_Failure,2,27,27,1,0,0,0,0,1,0
12_matched_models,1d_cnn_19_raw,System_Failure,2,28,28,1,0,1,0,0,1,0
12_matched_models,1d_cnn_19_raw,System_Failure,2,29,29,1,0,0,0,0,1,0
12_matched_models,1d_cnn_19_raw,System_Failure,2,30,30,1,0,0,0,0,1,0
12_matched_models,1d_cnn_19_raw,System_Failure,2,31,31,1,0,0,0,0,1,0
12_matched_models,1d_cnn_19_raw,System_Failure,2,32,32,1,0,0,0,0,1,0
12_matched_models,1d_cnn_19_raw,System_Failure,2,33,33,1,0,1,0,0,1,0
12_matched_models,1d_cnn_19_raw,System_Failure,2,34,34,1,0,0,0,0,1,0
12_matched_models,1d_cnn_19_raw,System_Failure,2,35,35,1,1,1,1,1,0,0
12_matched_models,1d_cnn_19_raw,System_Failure,2,36,36,1,1,1,1,1,0,0
12_matched_models,1d_cnn_19_raw,System_Failure,2,37,37,1,0,0,0,0,1,0
12_matched_models,1d_cnn_19_raw,System_Failure,2,38,38,1,0,0,0,0,1,0
12_matched_models,1d_cnn_19_raw,System_Failure,2,39,39,1,1,1,1,1,0,0
12_matched_models,1d_cnn_19_raw,System_Failure,2,40,40,1,1,1,1,1,0,0
12_matched_models,1d_cnn_19_raw,System_Failure,2,41,41,1,0,0,0,0,1,0
12_matched_models,1d_cnn_19_raw,System_Failure,2,42,42,1,1,1,1,1,0,0
12_matched_models,1d_cnn_19_raw,System_Failure,2,43,43,1,0,0,0,0,1,0
12_matched_models,1d_cnn_19_raw,System_Failure,2,44,44,1,0,0,0,0,1,0
12_matched_models,1d_cnn_19_raw,System_Failure,2,45,45,1,0,0,0,0,1,0
12_matched_models,1d_cnn_19_raw,System_Failure,2,48,48,1,0,0,0,0,1,0
12_matched_models,1d_cnn_19_raw,System_Failure,2,49,49,1,0,0,0,0,1,0
12_matched_models,1d_cnn_19_raw,System_Failure,2,50,50,1,0,0,0,0,1,0
12_matched_models,1d_cnn_19_raw,System_Failure,3,51,51,1,0,0,0,0,1,0
12_matched_models,1d_cnn_19_raw,System_Failure,3,52,52,1,0,0,0,0,1,0
12_matched_models,1d_cnn_19_raw,System_Failure,3,53,53,1,1,1,1,1,0,0
12_matched_models,1d_cnn_19_raw,System_Failure,3,54,54,1,0,0,0,0,1,0
12_matched_models,1d_cnn_19_raw,System_Failure,3,55,55,1,0,0,0,0,1,0
12_matched_models,1d_cnn_19_raw,System_Failure,3,56,56,1,0,0,0,0,1,0
12_matched_models,1d_cnn_19_raw,System_Failure,3,57,57,1,0,1,0,0,1,0
12_matched_models,1d_cnn_19_raw,System_Failure,3,58,58,1,0,0,0,0,1,0
12_matched_models,1d_cnn_19_raw,System_Failure,3,59,59,1,0,0,0,0,1,0
12_matched_models,1d_cnn_19_raw,System_Failure,3,60,60,1,0,0,0,0,1,0
12_matched_models,1d_cnn_19_raw,System_Failure,3,61,61,1,0,0,0,0,1,0
12_matched_models,1d_cnn_19_raw,System_Failure,3,62,62,1,0,0,0,0,1,0
12_matched_models,1d_cnn_19_raw,System_Failure,3,63,63,1,1,1,1,1,0,0
12_matched_models,1d_cnn_19_raw,System_Failure,3,64,64,1,1,1,1,1,0,0
12_matched_models,1d_cnn_19_raw,System_Failure,3,65,65,1,1,1,1,1,0,0
12_matched_models,1d_cnn_19_raw,System_Failure,3,66,66,1,0,0,0,0,1,0
12_matched_models,1d_cnn_19_raw,System_Failure,3,67,67,1,1,1,1,1,0,0
12_matched_models,1d_cnn_19_raw,System_Failure,3,68,68,1,0,0,0,0,1,0
12_matched_models,1d_cnn_19_raw,System_Failure,3,69,69,1,1,1,1,1,0,0
12_matched_models,1d_cnn_19_raw,System_Failure,3,70,70,1,0,0,0,0,1,0
12_matched_models,1d_cnn_19_raw,System_Failure,3,71,71,1,0,0,0,0,1,0
12_matched_models,1d_cnn_19_raw,System_Failure,3,72,72,1,0,0,0,0,1,0
12_matched_models,1d_cnn_19_raw,System_Failure,3,73,73,1,0,1,0,0,1,0
12_matched_models,1d_cnn_19_raw,System_Failure,3,75,74,1,0,0,0,0,1,0
12_matched_models,1d_cnn_19_raw,System_Failure,4,76,75,1,1,1,1,1,0,0
12_matched_models,1d_cnn_19_raw,System_Failure,4,85,84,1,0,1,0,0,1,0
12_matched_models,1d_cnn_19_raw,System_Failure,4,86,85,1,1,1,1,1,0,0
12_matched_models,1d_cnn_19_raw,System_Failure,4,87,86,1,1,1,1,1,0,0
12_matched_models,1d_cnn_19_raw,System_Failure,4,88,87,1,0,0,0,0,1,0
12_matched_models,1d_cnn_19_raw,System_Failure,4,89,88,1,0,1,0,0,1,0
12_matched_models,1d_cnn_19_raw,System_Failure,4,90,89,1,0,0,0,0,1,0
12_matched_models,1d_cnn_19_raw,System_Failure,4,91,90,1,1,1,1,1,0,0
12_matched_models,1d_cnn_19_raw,System_Failure,4,92,91,1,1,1,1,1,0,0
12_matched_models,1d_cnn_19_raw,System_Failure,4,93,92,1,0,0,0,0,1,0
12_matched_models,1d_cnn_19_raw,System_Failure,4,94,93,1,0,0,0,0,1,0
12_matched_models,1d_cnn_19_raw,System_Failure,4,95,94,1,1,1,1,1,0,0
12_matched_models,1d_cnn_19_raw,System_Failure,4,96,95,1,1,1,1,1,0,0
12_matched_models,1d_cnn_19_raw,System_Failure,4,97,96,1,1,1,1,1,0,0
12_matched_models,1d_cnn_19_raw,System_Failure,4,98,97,1,0,1,0,0,1,0
12_matched_models,1d_cnn_19_raw,System_Failure,4,99,98,1,1,1,1,1,0,0
12_matched_models,1d_cnn_19_raw,System_Failure,4,100,99,1,0,0,0,0,1,0
12_matched_models,1d_cnn_19_raw,System_Failure,5,101,100,1,0,0,0,0,1,0
12_matched_models,1d_cnn_19_raw,System_Failure,5,102,101,1,0,0,0,0,1,0
12_matched_models,1d_cnn_19_raw,System_Failure,5,103,102,1,1,1,1,1,0,0
12_matched_models,1d_cnn_19_raw,System_Failure,5,104,103,1,0,0,0,0,1,0
12_matched_models,1d_cnn_19_raw,System_Failure,5,105,104,1,1,1,1,1,0,0
12_matched_models,1d_cnn_19_raw,System_Failure,5,106,105,1,0,0,0,0,1,0
12_matched_models,1d_cnn_19_raw,System_Failure,5,107,106,1,0,0,0,0,1,0
12_matched_models,1d_cnn_19_raw,System_Failure,5,108,107,1,1,1,1,1,0,0
12_matched_models,1d_cnn_19_raw,System_Failure,5,109,108,1,0,0,0,0,1,0
12_matched_models,1d_cnn_19_raw,System_Failure,5,110,109,1,0,0,0,0,1,0
12_matched_models,1d_cnn_19_raw,System_Failure,5,111,110,1,0,0,0,0,1,0
12_matched_models,1d_cnn_19_raw,System_Failure,5,112,111,1,0,0,0,0,1,0
12_matched_models,1d_cnn_19_raw,System_Failure,5,113,112,1,0,0,0,0,1,0
12_matched_models,1d_cnn_19_raw,System_Failure,5,114,113,1,0,1,0,0,1,0
12_matched_models,1d_cnn_19_raw,System_Failure,5,115,114,1,1,1,1,1,0,0
12_matched_models,1d_cnn_19_raw,System_Failure,5,116,115,1,0,0,0,0,1,0
12_matched_models,1d_cnn_19_raw,System_Failure,5,117,116,1,1,1,1,1,0,0
12_matched_models,1d_cnn_19_raw,System_Failure,5,118,117,1,1,1,1,1,0,0
12_matched_models,1d_cnn_19_raw,System_Failure,5,119,118,1,0,0,0,0,1,0
12_matched_models,1d_cnn_19_raw,System_Failure,5,120,119,1,0,0,0,0,1,0
12_matched_models,1d_cnn_19_raw,System_Failure,5,121,120,1,0,0,0,0,1,0
12_matched_models,1d_cnn_19_raw,System_Failure,5,122,121,1,0,0,0,0,1,0
12_matched_models,1d_cnn_19_raw,System_Failure,5,123,122,1,0,0,0,0,1,0
12_matched_models,1d_cnn_19_raw,System_Failure,5,124,123,1,0,0,0,0,1,0
12_matched_models,1d_cnn_19_raw,System_Failure,5,125,124,1,0,0,0,0,1,0
12_matched_models,1d_cnn_19_raw,System_Failure,7,151,129,1,0,0,0,0,1,0
12_matched_models,1d_cnn_19_raw,System_Failure,7,152,130,1,1,1,1,1,0,0
12_matched_models,1d_cnn_19_raw,System_Failure,7,153,131,1,0,0,0,0,1,0
12_matched_models,1d_cnn_19_raw,System_Failure,7,154,132,1,0,0,0,0,1,0
12_matched_models,1d_cnn_19_raw,System_Failure,7,155,133,1,0,0,0,0,1,0
12_matched_models,1d_cnn_19_raw,System_Failure,7,156,134,1,0,0,0,0,1,0
12_matched_models,1d_cnn_19_raw,System_Failure,7,157,135,1,0,0,0,0,1,0
12_matched_models,1d_cnn_19_raw,System_Failure,7,159,137,1,1,1,1,1,0,0
12_matched_models,1d_cnn_19_raw,System_Failure,7,160,138,1,1,1,1,1,0,0
12_matched_models,1d_cnn_19_raw,System_Failure,7,161,139,1,0,0,0,0,1,0
12_matched_models,1d_cnn_19_raw,System_Failure,7,162,140,1,0,0,0,0,1,0
12_matched_models,1d_cnn_19_raw,System_Failure,7,163,141,1,1,1,1,1,0,0
12_matched_models,1d_cnn_19_raw,System_Failure,7,164,142,1,1,1,1,1,0,0
12_matched_models,1d_cnn_19_raw,System_Failure,7,165,143,1,0,0,0,0,1,0
12_matched_models,1d_cnn_19_raw,System_Failure,7,166,144,1,0,0,0,0,1,0
12_matched_models,1d_cnn_19_raw,System_Failure,7,167,145,1,0,1,0,0,1,0
12_matched_models,1d_cnn_19_raw,System_Failure,7,168,146,1,0,1,0,0,1,0
12_matched_models,1d_cnn_19_raw,System_Failure,7,169,147,1,0,0,0,0,1,0
12_matched_models,1d_cnn_19_raw,System_Failure,7,170,148,1,1,1,1,1,0,0
12_matched_models,1d_cnn_19_raw,System_Failure,7,171,149,1,0,0,0,0,1,0
12_matched_models,1d_cnn_19_raw,System_Failure,7,172,150,1,0,0,0,0,1,0
12_matched_models,1d_cnn_19_raw,System_Failure,7,173,151,1,1,1,1,1,0,0
12_matched_models,1d_cnn_19_raw,System_Failure,7,174,152,1,1,1,1,1,0,0
12_matched_models,1d_cnn_19_raw,System_Failure,7,175,153,1,1,1,1,1,0,0
12_matched_models,1d_cnn_19_raw,System_Failure,8,176,154,1,0,0,0,0,1,0
12_matched_models,1d_cnn_19_raw,System_Failure,8,177,155,1,0,0,0,0,1,0
12_matched_models,1d_cnn_19_raw,System_Failure,8,178,156,1,0,0,0,0,1,0
12_matched_models,1d_cnn_19_raw,System_Failure,8,179,157,1,0,0,0,0,1,0
12_matched_models,1d_cnn_19_raw,System_Failure,8,180,158,1,1,0,0,1,0,0
12_matched_models,1d_cnn_19_raw,System_Failure,8,181,159,1,0,0,0,0,1,0
12_matched_models,1d_cnn_19_raw,System_Failure,8,182,160,1,1,1,1,1,0,0
12_matched_models,1d_cnn_19_raw,System_Failure,8,183,161,1,1,1,1,1,0,0
12_matched_models,1d_cnn_19_raw,System_Failure,8,184,162,1,0,0,0,0,1,0
12_matched_models,1d_cnn_19_raw,System_Failure,8,185,163,1,1,1,1,1,0,0
12_matched_models,1d_cnn_19_raw,System_Failure,8,199,176,1,0,0,0,0,1,0
12_matched_models,1d_cnn_19_raw,System_Failure,8,200,177,1,1,1,1,1,0,0
12_matched_models,1d_cnn_19_raw,System_Failure,9,201,178,1,1,1,1,1,0,0
12_matched_models,1d_cnn_19_raw,System_Failure,9,202,179,1,1,1,1,1,0,0
12_matched_models,1d_cnn_19_raw,System_Failure,9,203,180,1,0,1,0,0,1,0
12_matched_models,1d_cnn_19_raw,System_Failure,9,204,181,1,1,1,1,1,0,0
12_matched_models,1d_cnn_19_raw,System_Failure,9,205,182,1,0,1,0,0,1,0
12_matched_models,1d_cnn_19_raw,System_Failure,9,206,183,1,1,1,1,1,0,0
12_matched_models,1d_cnn_19_raw,System_Failure,9,207,184,1,0,1,0,0,1,0
12_matched_models,1d_cnn_19_raw,System_Failure,9,208,185,1,1,1,1,1,0,0
12_matched_models,1d_cnn_19_raw,System_Failure,9,209,186,1,0,1,0,0,1,0
12_matched_models,1d_cnn_19_raw,System_Failure,9,210,187,1,1,1,1,1,0,0
12_matched_models,1d_cnn_19_raw,System_Failure,9,211,188,1,0,1,0,0,1,0
12_matched_models,1d_cnn_19_raw,System_Failure,9,212,189,1,1,1,1,1,0,0
12_matched_models,1d_cnn_19_raw,System_Failure,9,213,190,1,0,0,0,0,1,0
12_matched_models,1d_cnn_19_raw,System_Failure,9,214,191,1,1,1,1,1,0,0
12_matched_models,1d_cnn_19_raw,System_Failure,9,215,192,1,1,1,1,1,0,0
12_matched_models,1d_cnn_19_raw,System_Failure,9,216,193,1,1,1,1,1,0,0
12_matched_models,1d_cnn_19_raw,System_Failure,9,217,194,1,1,1,1,1,0,0
12_matched_models,1d_cnn_19_raw,System_Failure,9,218,195,1,1,1,1,1,0,0
12_matched_models,1d_cnn_19_raw,System_Failure,9,219,196,1,1,1,1,1,0,0
12_matched_models,1d_cnn_19_raw,System_Failure,9,220,197,1,1,1,1,1,0,0
12_matched_models,1d_cnn_19_raw,System_Failure,9,221,198,1,1,1,1,1,0,0
12_matched_models,1d_cnn_19_raw,System_Failure,9,222,199,1,1,1,1,1,0,0
12_matched_models,1d_cnn_19_raw,System_Failure,9,223,200,1,1,1,1,1,0,0
12_matched_models,1d_cnn_19_raw,System_Failure,9,224,201,1,1,1,1,1,0,0
12_matched_models,1d_cnn_19_raw,System_Failure,9,225,202,1,1,1,1,1,0,0
12_matched_models,1d_cnn_19_raw,System_Failure,9,224,210,2,1,1,1,1,0,0
12_matched_models,1d_cnn_19_raw,System_Failure,10,226,203,1,1,1,1,1,0,0
12_matched_models,1d_cnn_19_raw,System_Failure,10,227,204,1,1,1,1,1,0,0
12_matched_models,1d_cnn_19_raw,System_Failure,10,229,205,1,1,1,1,1,0,0
12_matched_models,1d_cnn_19_raw,System_Failure,10,230,206,1,1,1,1,1,0,0
12_matched_models,1d_cnn_19_raw,System_Failure,10,231,207,1,1,1,1,1,0,0
12_matched_models,1d_cnn_19_raw,System_Failure,10,232,208,1,0,1,0,0,1,0
12_matched_models,1d_cnn_19_raw,System_Failure,10,233,209,1,1,1,1,1,0,0
12_matched_models,1d_cnn_19_raw,System_Failure,10,230,216,2,1,1,1,1,0,0
12_matched_models,1d_cnn_19_raw,System_Failure,10,231,217,2,1,1,1,1,0,0
12_matched_models,1d_cnn_19_raw,System_Failure,10,232,218,2,1,1,1,1,0,0
12_matched_models,1d_cnn_19_raw,System_Failure,10,233,219,2,1,1,1,1,0,0
12_matched_models,1d_cnn_19_raw,System_Failure,10,234,220,1,1,1,1,1,0,0
12_matched_models,1d_cnn_19_raw,System_Failure,10,235,221,1,1,1,1,1,0,0
12_matched_models,1d_cnn_19_raw,System_Failure,10,236,222,1,0,1,0,0,1,0
12_matched_models,1d_cnn_19_raw,System_Failure,10,237,223,1,1,1,1,1,0,0
12_matched_models,1d_cnn_19_raw,System_Failure,10,238,224,1,0,0,0,0,1,0
12_matched_models,1d_cnn_19_raw,System_Failure,10,239,225,1,1,1,1,1,0,0
12_matched_models,1d_cnn_19_raw,System_Failure,10,240,226,1,1,1,1,1,0,0
12_matched_models,1d_cnn_19_raw,System_Failure,10,241,227,1,0,0,0,0,1,0
12_matched_models,1d_cnn_19_raw,System_Failure,10,242,228,1,1,1,1,1,0,0
12_matched_models,1d_cnn_19_raw,System_Failure,10,243,229,1,0,1,0,0,1,0
12_matched_models,1d_cnn_19_raw,System_Failure,10,245,230,1,0,1,0,0,1,0
12_matched_models,1d_cnn_19_raw,System_Failure,10,246,231,1,1,1,1,1,0,0
12_matched_models,1d_cnn_19_raw,System_Failure,10,247,232,1,1,1,1,1,0,0
12_matched_models,1d_cnn_19_raw,System_Failure,10,248,233,1,0,1,0,0,1,0
12_matched_models,1d_cnn_19_raw,System_Failure,10,249,234,1,1,1,1,1,0,0
12_matched_models,1d_cnn_19_raw,System_Failure,10,250,235,1,1,1,1,1,0,0
12_matched_models,1d_cnn_19_raw,ProtectiveStop,1,1,1,1,1,0,0,1,0,0
12_matched_models,1d_cnn_19_raw,ProtectiveStop,1,2,2,1,0,0,0,1,0,1
12_matched_models,1d_cnn_19_raw,ProtectiveStop,1,3,3,1,0,0,0,0,1,0
12_matched_models,1d_cnn_19_raw,ProtectiveStop,1,4,4,1,0,0,0,0,1,0
12_matched_models,1d_cnn_19_raw,ProtectiveStop,1,5,5,1,0,0,0,1,0,1
12_matched_models,1d_cnn_19_raw,ProtectiveStop,1,6,6,1,0,0,0,1,0,1
12_matched_models,1d_cnn_19_raw,ProtectiveStop,1,8,8,1,0,0,0,0,1,0
12_matched_models,1d_cnn_19_raw,ProtectiveStop,1,9,9,1,0,0,0,0,1,0
12_matched_models,1d_cnn_19_raw,ProtectiveStop,1,10,10,1,0,0,0,0,1,0
12_matched_models,1d_cnn_19_raw,ProtectiveStop,1,11,11,1,0,0,0,0,1,0
12_matched_models,1d_cnn_19_raw,ProtectiveStop,1,12,12,1,0,0,0,0,1,0
12_matched_models,1d_cnn_19_raw,ProtectiveStop,1,13,13,1,0,0,0,0,1,0
12_matched_models,1d_cnn_19_raw,ProtectiveStop,1,14,14,1,0,0,0,1,0,1
12_matched_models,1d_cnn_19_raw,ProtectiveStop,1,15,15,1,0,0,0,1,0,1
12_matched_models,1d_cnn_19_raw,ProtectiveStop,1,16,16,1,0,0,0,0,1,0
12_matched_models,1d_cnn_19_raw,ProtectiveStop,1,17,17,1,0,0,0,0,1,0
12_matched_models,1d_cnn_19_raw,ProtectiveStop,1,18,18,1,0,0,0,0,1,0
12_matched_models,1d_cnn_19_raw,ProtectiveStop,1,19,19,1,0,0,0,0,1,0
12_matched_models,1d_cnn_19_raw,ProtectiveStop,1,20,20,1,0,0,0,0,1,0
12_matched_models,1d_cnn_19_raw,ProtectiveStop,1,21,21,1,0,0,0,0,1,0
12_matched_models,1d_cnn_19_raw,ProtectiveStop,1,22,22,1,1,1,1,1,0,0
12_matched_models,1d_cnn_19_raw,ProtectiveStop,1,23,23,1,0,0,0,0,1,0
12_matched_models,1d_cnn_19_raw,ProtectiveStop,1,24,24,1,0,0,0,0,1,0
12_matched_models,1d_cnn_19_raw,ProtectiveStop,1,25,25,1,0,0,0,0,1,0
12_matched_models,1d_cnn_19_raw,ProtectiveStop,2,26,26,1,0,0,0,0,1,0
12_matched_models,1d_cnn_19_raw,ProtectiveStop,2,27,27,1,0,0,0,0,1,0
12_matched_models,1d_cnn_19_raw,ProtectiveStop,2,28,28,1,0,0,0,0,1,0
12_matched_models,1d_cnn_19_raw,ProtectiveStop,2,29,29,1,0,0,0,0,1,0
12_matched_models,1d_cnn_19_raw,ProtectiveStop,2,30,30,1,0,0,0,0,1,0
12_matched_models,1d_cnn_19_raw,ProtectiveStop,2,31,31,1,0,0,0,0,1,0
12_matched_models,1d_cnn_19_raw,ProtectiveStop,2,32,32,1,0,0,0,0,1,0
12_matched_models,1d_cnn_19_raw,ProtectiveStop,2,33,33,1,0,0,0,0,1,0
12_matched_models,1d_cnn_19_raw,ProtectiveStop,2,34,34,1,0,0,0,0,1,0
12_matched_models,1d_cnn_19_raw,ProtectiveStop,2,35,35,1,1,1,1,1,0,0
12_matched_models,1d_cnn_19_raw,ProtectiveStop,2,36,36,1,0,1,0,1,0,1
12_matched_models,1d_cnn_19_raw,ProtectiveStop,2,37,37,1,0,0,0,0,1,0
12_matched_models,1d_cnn_19_raw,ProtectiveStop,2,38,38,1,0,0,0,0,1,0
12_matched_models,1d_cnn_19_raw,ProtectiveStop,2,39,39,1,0,0,0,1,0,1
12_matched_models,1d_cnn_19_raw,ProtectiveStop,2,40,40,1,0,1,0,1,0,1
12_matched_models,1d_cnn_19_raw,ProtectiveStop,2,41,41,1,0,0,0,0,1,0
12_matched_models,1d_cnn_19_raw,ProtectiveStop,2,42,42,1,1,1,1,1,0,0
12_matched_models,1d_cnn_19_raw,ProtectiveStop,2,43,43,1,0,0,0,0,1,0
12_matched_models,1d_cnn_19_raw,ProtectiveStop,2,44,44,1,0,0,0,0,1,0
12_matched_models,1d_cnn_19_raw,ProtectiveStop,2,45,45,1,0,0,0,0,1,0
12_matched_models,1d_cnn_19_raw,ProtectiveStop,2,48,48,1,0,0,0,0,1,0
12_matched_models,1d_cnn_19_raw,ProtectiveStop,2,49,49,1,0,0,0,0,1,0
12_matched_models,1d_cnn_19_raw,ProtectiveStop,2,50,50,1,0,0,0,0,1,0
12_matched_models,1d_cnn_19_raw,ProtectiveStop,3,51,51,1,0,0,0,0,1,0
12_matched_models,1d_cnn_19_raw,ProtectiveStop,3,52,52,1,0,0,0,0,1,0
12_matched_models,1d_cnn_19_raw,ProtectiveStop,3,53,53,1,1,1,1,1,0,0
12_matched_models,1d_cnn_19_raw,ProtectiveStop,3,54,54,1,0,1,0,0,1,0
12_matched_models,1d_cnn_19_raw,ProtectiveStop,3,55,55,1,0,0,0,0,1,0
12_matched_models,1d_cnn_19_raw,ProtectiveStop,3,56,56,1,0,0,0,0,1,0
12_matched_models,1d_cnn_19_raw,ProtectiveStop,3,57,57,1,0,0,0,0,1,0
12_matched_models,1d_cnn_19_raw,ProtectiveStop,3,58,58,1,0,0,0,0,1,0
12_matched_models,1d_cnn_19_raw,ProtectiveStop,3,59,59,1,0,1,0,0,1,0
12_matched_models,1d_cnn_19_raw,ProtectiveStop,3,60,60,1,0,0,0,0,1,0
12_matched_models,1d_cnn_19_raw,ProtectiveStop,3,61,61,1,0,0,0,0,1,0
12_matched_models,1d_cnn_19_raw,ProtectiveStop,3,62,62,1,0,0,0,0,1,0
12_matched_models,1d_cnn_19_raw,ProtectiveStop,3,63,63,1,1,1,1,1,0,0
12_matched_models,1d_cnn_19_raw,ProtectiveStop,3,64,64,1,0,0,0,1,0,1
12_matched_models,1d_cnn_19_raw,ProtectiveStop,3,65,65,1,0,0,0,1,0,1
12_matched_models,1d_cnn_19_raw,ProtectiveStop,3,66,66,1,0,0,0,0,1,0
12_matched_models,1d_cnn_19_raw,ProtectiveStop,3,67,67,1,0,0,0,1,0,1
12_matched_models,1d_cnn_19_raw,ProtectiveStop,3,68,68,1,0,0,0,0,1,0
12_matched_models,1d_cnn_19_raw,ProtectiveStop,3,69,69,1,1,0,0,1,0,0
12_matched_models,1d_cnn_19_raw,ProtectiveStop,3,70,70,1,0,1,0,0,1,0
12_matched_models,1d_cnn_19_raw,ProtectiveStop,3,71,71,1,0,1,0,0,1,0
12_matched_models,1d_cnn_19_raw,ProtectiveStop,3,72,72,1,0,0,0,0,1,0
12_matched_models,1d_cnn_19_raw,ProtectiveStop,3,73,73,1,0,0,0,0,1,0
12_matched_models,1d_cnn_19_raw,ProtectiveStop,3,75,74,1,0,0,0,0,1,0
12_matched_models,1d_cnn_19_raw,ProtectiveStop,4,76,75,1,0,0,0,1,0,1
12_matched_models,1d_cnn_19_raw,ProtectiveStop,4,85,84,1,0,1,0,0,1,0
12_matched_models,1d_cnn_19_raw,ProtectiveStop,4,86,85,1,1,1,1,1,0,0
12_matched_models,1d_cnn_19_raw,ProtectiveStop,4,87,86,1,1,1,1,1,0,0
12_matched_models,1d_cnn_19_raw,ProtectiveStop,4,88,87,1,0,0,0,0,1,0
12_matched_models,1d_cnn_19_raw,ProtectiveStop,4,89,88,1,0,0,0,0,1,0
12_matched_models,1d_cnn_19_raw,ProtectiveStop,4,90,89,1,0,0,0,0,1,0
12_matched_models,1d_cnn_19_raw,ProtectiveStop,4,91,90,1,0,0,0,1,0,1
12_matched_models,1d_cnn_19_raw,ProtectiveStop,4,92,91,1,0,0,0,1,0,1
12_matched_models,1d_cnn_19_raw,ProtectiveStop,4,93,92,1,0,0,0,0,1,0
12_matched_models,1d_cnn_19_raw,ProtectiveStop,4,94,93,1,0,0,0,0,1,0
12_matched_models,1d_cnn_19_raw,ProtectiveStop,4,95,94,1,0,0,0,1,0,1
12_matched_models,1d_cnn_19_raw,ProtectiveStop,4,96,95,1,0,0,0,1,0,1
12_matched_models,1d_cnn_19_raw,ProtectiveStop,4,97,96,1,0,0,0,1,0,1
12_matched_models,1d_cnn_19_raw,ProtectiveStop,4,98,97,1,0,1,0,0,1,0
12_matched_models,1d_cnn_19_raw,ProtectiveStop,4,99,98,1,1,1,1,1,0,0
12_matched_models,1d_cnn_19_raw,ProtectiveStop,4,100,99,1,0,0,0,0,1,0
12_matched_models,1d_cnn_19_raw,ProtectiveStop,5,101,100,1,0,0,0,0,1,0
12_matched_models,1d_cnn_19_raw,ProtectiveStop,5,102,101,1,0,0,0,0,1,0
12_matched_models,1d_cnn_19_raw,ProtectiveStop,5,103,102,1,1,1,1,1,0,0
12_matched_models,1d_cnn_19_raw,ProtectiveStop,5,104,103,1,0,0,0,0,1,0
12_matched_models,1d_cnn_19_raw,ProtectiveStop,5,105,104,1,0,0,0,1,0,1
12_matched_models,1d_cnn_19_raw,ProtectiveStop,5,106,105,1,0,0,0,0,1,0
12_matched_models,1d_cnn_19_raw,ProtectiveStop,5,107,106,1,0,1,0,0,1,0
12_matched_models,1d_cnn_19_raw,ProtectiveStop,5,108,107,1,1,1,1,1,0,0
12_matched_models,1d_cnn_19_raw,ProtectiveStop,5,109,108,1,0,0,0,0,1,0
12_matched_models,1d_cnn_19_raw,ProtectiveStop,5,110,109,1,0,0,0,0,1,0
12_matched_models,1d_cnn_19_raw,ProtectiveStop,5,111,110,1,0,1,0,0,1,0
12_matched_models,1d_cnn_19_raw,ProtectiveStop,5,112,111,1,0,1,0,0,1,0
12_matched_models,1d_cnn_19_raw,ProtectiveStop,5,113,112,1,0,1,0,0,1,0
12_matched_models,1d_cnn_19_raw,ProtectiveStop,5,114,113,1,0,1,0,0,1,0
12_matched_models,1d_cnn_19_raw,ProtectiveStop,5,115,114,1,1,1,1,1,0,0
12_matched_models,1d_cnn_19_raw,ProtectiveStop,5,116,115,1,0,1,0,0,1,0
12_matched_models,1d_cnn_19_raw,ProtectiveStop,5,117,116,1,1,1,1,1,0,0
12_matched_models,1d_cnn_19_raw,ProtectiveStop,5,118,117,1,1,1,1,1,0,0
12_matched_models,1d_cnn_19_raw,ProtectiveStop,5,119,118,1,0,0,0,0,1,0
12_matched_models,1d_cnn_19_raw,ProtectiveStop,5,120,119,1,0,0,0,0,1,0
12_matched_models,1d_cnn_19_raw,ProtectiveStop,5,121,120,1,0,1,0,0,1,0
12_matched_models,1d_cnn_19_raw,ProtectiveStop,5,122,121,1,0,1,0,0,1,0
12_matched_models,1d_cnn_19_raw,ProtectiveStop,5,123,122,1,0,1,0,0,1,0
12_matched_models,1d_cnn_19_raw,ProtectiveStop,5,124,123,1,0,1,0,0,1,0
12_matched_models,1d_cnn_19_raw,ProtectiveStop,5,125,124,1,0,1,0,0,1,0
12_matched_models,1d_cnn_19_raw,ProtectiveStop,7,151,129,1,0,0,0,0,1,0
12_matched_models,1d_cnn_19_raw,ProtectiveStop,7,152,130,1,1,1,1,1,0,0
12_matched_models,1d_cnn_19_raw,ProtectiveStop,7,153,131,1,0,0,0,0,1,0
12_matched_models,1d_cnn_19_raw,ProtectiveStop,7,154,132,1,0,0,0,0,1,0
12_matched_models,1d_cnn_19_raw,ProtectiveStop,7,155,133,1,0,0,0,0,1,0
12_matched_models,1d_cnn_19_raw,ProtectiveStop,7,156,134,1,0,0,0,0,1,0
12_matched_models,1d_cnn_19_raw,ProtectiveStop,7,157,135,1,0,0,0,0,1,0
12_matched_models,1d_cnn_19_raw,ProtectiveStop,7,159,137,1,1,1,1,1,0,0
12_matched_models,1d_cnn_19_raw,ProtectiveStop,7,160,138,1,0,0,0,1,0,1
12_matched_models,1d_cnn_19_raw,ProtectiveStop,7,161,139,1,0,0,0,0,1,0
12_matched_models,1d_cnn_19_raw,ProtectiveStop,7,162,140,1,0,0,0,0,1,0
12_matched_models,1d_cnn_19_raw,ProtectiveStop,7,163,141,1,1,1,1,1,0,0
12_matched_models,1d_cnn_19_raw,ProtectiveStop,7,164,142,1,1,1,1,1,0,0
12_matched_models,1d_cnn_19_raw,ProtectiveStop,7,165,143,1,0,0,0,0,1,0
12_matched_models,1d_cnn_19_raw,ProtectiveStop,7,166,144,1,0,0,0,0,1,0
12_matched_models,1d_cnn_19_raw,ProtectiveStop,7,167,145,1,0,0,0,0,1,0
12_matched_models,1d_cnn_19_raw,ProtectiveStop,7,168,146,1,0,0,0,0,1,0
12_matched_models,1d_cnn_19_raw,ProtectiveStop,7,169,147,1,0,0,0,0,1,0
12_matched_models,1d_cnn_19_raw,ProtectiveStop,7,170,148,1,1,1,1,1,0,0
12_matched_models,1d_cnn_19_raw,ProtectiveStop,7,171,149,1,0,0,0,0,1,0
12_matched_models,1d_cnn_19_raw,ProtectiveStop,7,172,150,1,0,0,0,0,1,0
12_matched_models,1d_cnn_19_raw,ProtectiveStop,7,173,151,1,1,1,1,1,0,0
12_matched_models,1d_cnn_19_raw,ProtectiveStop,7,174,152,1,1,1,1,1,0,0
12_matched_models,1d_cnn_19_raw,ProtectiveStop,7,175,153,1,1,1,1,1,0,0
12_matched_models,1d_cnn_19_raw,ProtectiveStop,8,176,154,1,0,1,0,0,1,0
12_matched_models,1d_cnn_19_raw,ProtectiveStop,8,177,155,1,0,0,0,0,1,0
12_matched_models,1d_cnn_19_raw,ProtectiveStop,8,178,156,1,0,0,0,0,1,0
12_matched_models,1d_cnn_19_raw,ProtectiveStop,8,179,157,1,0,0,0,0,1,0
12_matched_models,1d_cnn_19_raw,ProtectiveStop,8,180,158,1,0,0,0,1,0,1
12_matched_models,1d_cnn_19_raw,ProtectiveStop,8,181,159,1,0,1,0,0,1,0
12_matched_models,1d_cnn_19_raw,ProtectiveStop,8,182,160,1,1,1,1,1,0,0
12_matched_models,1d_cnn_19_raw,ProtectiveStop,8,183,161,1,1,1,1,1,0,0
12_matched_models,1d_cnn_19_raw,ProtectiveStop,8,184,162,1,0,0,0,0,1,0
12_matched_models,1d_cnn_19_raw,ProtectiveStop,8,185,163,1,1,1,1,1,0,0
12_matched_models,1d_cnn_19_raw,ProtectiveStop,8,199,176,1,0,0,0,0,1,0
12_matched_models,1d_cnn_19_raw,ProtectiveStop,8,200,177,1,0,0,0,1,0,1
12_matched_models,1d_cnn_19_raw,ProtectiveStop,9,201,178,1,1,1,1,1,0,0
12_matched_models,1d_cnn_19_raw,ProtectiveStop,9,202,179,1,0,0,0,1,0,1
12_matched_models,1d_cnn_19_raw,ProtectiveStop,9,203,180,1,0,0,0,0,1,0
12_matched_models,1d_cnn_19_raw,ProtectiveStop,9,204,181,1,1,1,1,1,0,0
12_matched_models,1d_cnn_19_raw,ProtectiveStop,9,205,182,1,0,0,0,0,1,0
12_matched_models,1d_cnn_19_raw,ProtectiveStop,9,206,183,1,1,1,1,1,0,0
12_matched_models,1d_cnn_19_raw,ProtectiveStop,9,207,184,1,0,1,0,0,1,0
12_matched_models,1d_cnn_19_raw,ProtectiveStop,9,208,185,1,0,0,0,1,0,1
12_matched_models,1d_cnn_19_raw,ProtectiveStop,9,209,186,1,0,0,0,0,1,0
12_matched_models,1d_cnn_19_raw,ProtectiveStop,9,210,187,1,1,1,1,1,0,0
12_matched_models,1d_cnn_19_raw,ProtectiveStop,9,211,188,1,0,0,0,0,1,0
12_matched_models,1d_cnn_19_raw,ProtectiveStop,9,212,189,1,1,1,1,1,0,0
12_matched_models,1d_cnn_19_raw,ProtectiveStop,9,213,190,1,0,0,0,0,1,0
12_matched_models,1d_cnn_19_raw,ProtectiveStop,9,214,191,1,1,1,1,1,0,0
12_matched_models,1d_cnn_19_raw,ProtectiveStop,9,215,192,1,1,0,0,1,0,0
12_matched_models,1d_cnn_19_raw,ProtectiveStop,9,216,193,1,0,1,0,1,0,1
12_matched_models,1d_cnn_19_raw,ProtectiveStop,9,217,194,1,1,1,1,1,0,0
12_matched_models,1d_cnn_19_raw,ProtectiveStop,9,218,195,1,1,1,1,1,0,0
12_matched_models,1d_cnn_19_raw,ProtectiveStop,9,219,196,1,1,1,1,1,0,0
12_matched_models,1d_cnn_19_raw,ProtectiveStop,9,220,197,1,1,1,1,1,0,0
12_matched_models,1d_cnn_19_raw,ProtectiveStop,9,221,198,1,1,0,0,1,0,0
12_matched_models,1d_cnn_19_raw,ProtectiveStop,9,222,199,1,1,1,1,1,0,0
12_matched_models,1d_cnn_19_raw,ProtectiveStop,9,223,200,1,1,1,1,1,0,0
12_matched_models,1d_cnn_19_raw,ProtectiveStop,9,224,201,1,1,1,1,1,0,0
12_matched_models,1d_cnn_19_raw,ProtectiveStop,9,225,202,1,1,1,1,1,0,0
12_matched_models,1d_cnn_19_raw,ProtectiveStop,9,224,210,2,1,1,1,1,0,0
12_matched_models,1d_cnn_19_raw,ProtectiveStop,10,226,203,1,1,1,1,1,0,0
12_matched_models,1d_cnn_19_raw,ProtectiveStop,10,227,204,1,1,1,1,1,0,0
12_matched_models,1d_cnn_19_raw,ProtectiveStop,10,229,205,1,1,1,1,1,0,0
12_matched_models,1d_cnn_19_raw,ProtectiveStop,10,230,206,1,1,1,1,1,0,0
12_matched_models,1d_cnn_19_raw,ProtectiveStop,10,231,207,1,1,1,1,1,0,0
12_matched_models,1d_cnn_19_raw,ProtectiveStop,10,232,208,1,0,1,0,0,1,0
12_matched_models,1d_cnn_19_raw,ProtectiveStop,10,233,209,1,1,1,1,1,0,0
12_matched_models,1d_cnn_19_raw,ProtectiveStop,10,230,216,2,1,1,1,1,0,0
12_matched_models,1d_cnn_19_raw,ProtectiveStop,10,231,217,2,1,1,1,1,0,0
12_matched_models,1d_cnn_19_raw,ProtectiveStop,10,232,218,2,1,1,1,1,0,0
12_matched_models,1d_cnn_19_raw,ProtectiveStop,10,233,219,2,0,0,0,1,0,1
12_matched_models,1d_cnn_19_raw,ProtectiveStop,10,234,220,1,1,1,1,1,0,0
12_matched_models,1d_cnn_19_raw,ProtectiveStop,10,235,221,1,1,1,1,1,0,0
12_matched_models,1d_cnn_19_raw,ProtectiveStop,10,236,222,1,0,1,0,0,1,0
12_matched_models,1d_cnn_19_raw,ProtectiveStop,10,237,223,1,1,1,1,1,0,0
12_matched_models,1d_cnn_19_raw,ProtectiveStop,10,238,224,1,0,0,0,0,1,0
12_matched_models,1d_cnn_19_raw,ProtectiveStop,10,239,225,1,1,1,1,1,0,0
12_matched_models,1d_cnn_19_raw,ProtectiveStop,10,240,226,1,1,1,1,1,0,0
12_matched_models,1d_cnn_19_raw,ProtectiveStop,10,241,227,1,0,0,0,0,1,0
12_matched_models,1d_cnn_19_raw,ProtectiveStop,10,242,228,1,1,1,1,1,0,0
12_matched_models,1d_cnn_19_raw,ProtectiveStop,10,243,229,1,0,1,0,0,1,0
12_matched_models,1d_cnn_19_raw,ProtectiveStop,10,245,230,1,0,1,0,0,1,0
12_matched_models,1d_cnn_19_raw,ProtectiveStop,10,246,231,1,1,1,1,1,0,0
12_matched_models,1d_cnn_19_raw,ProtectiveStop,10,247,232,1,1,1,1,1,0,0
12_matched_models,1d_cnn_19_raw,ProtectiveStop,10,248,233,1,0,0,0,0,1,0
12_matched_models,1d_cnn_19_raw,ProtectiveStop,10,249,234,1,1,1,1,1,0,0
12_matched_models,1d_cnn_19_raw,ProtectiveStop,10,250,235,1,1,1,1,1,0,0
12_matched_models,1d_cnn_19_raw,GripLost,1,1,1,1,0,0,0,1,0,1
12_matched_models,1d_cnn_19_raw,GripLost,1,2,2,1,1,1,1,1,0,0
12_matched_models,1d_cnn_19_raw,GripLost,1,3,3,1,0,0,0,0,1,0
12_matched_models,1d_cnn_19_raw,GripLost,1,4,4,1,0,0,0,0,1,0
12_matched_models,1d_cnn_19_raw,GripLost,1,5,5,1,1,0,0,1,0,0
12_matched_models,1d_cnn_19_raw,GripLost,1,6,6,1,1,0,0,1,0,0
12_matched_models,1d_cnn_19_raw,GripLost,1,8,8,1,0,0,0,0,1,0
12_matched_models,1d_cnn_19_raw,GripLost,1,9,9,1,0,0,0,0,1,0
12_matched_models,1d_cnn_19_raw,GripLost,1,10,10,1,0,0,0,0,1,0
12_matched_models,1d_cnn_19_raw,GripLost,1,11,11,1,0,0,0,0,1,0
12_matched_models,1d_cnn_19_raw,GripLost,1,12,12,1,0,0,0,0,1,0
12_matched_models,1d_cnn_19_raw,GripLost,1,13,13,1,0,0,0,0,1,0
12_matched_models,1d_cnn_19_raw,GripLost,1,14,14,1,1,1,1,1,0,0
12_matched_models,1d_cnn_19_raw,GripLost,1,15,15,1,1,1,1,1,0,0
12_matched_models,1d_cnn_19_raw,GripLost,1,16,16,1,0,0,0,0,1,0
12_matched_models,1d_cnn_19_raw,GripLost,1,17,17,1,0,0,0,0,1,0
12_matched_models,1d_cnn_19_raw,GripLost,1,18,18,1,0,0,0,0,1,0
12_matched_models,1d_cnn_19_raw,GripLost,1,19,19,1,0,0,0,0,1,0
12_matched_models,1d_cnn_19_raw,GripLost,1,20,20,1,0,0,0,0,1,0
12_matched_models,1d_cnn_19_raw,GripLost,1,21,21,1,0,0,0,0,1,0
12_matched_models,1d_cnn_19_raw,GripLost,1,22,22,1,0,0,0,1,0,1
12_matched_models,1d_cnn_19_raw,GripLost,1,23,23,1,0,0,0,0,1,0
12_matched_models,1d_cnn_19_raw,GripLost,1,24,24,1,0,0,0,0,1,0
12_matched_models,1d_cnn_19_raw,GripLost,1,25,25,1,0,0,0,0,1,0
12_matched_models,1d_cnn_19_raw,GripLost,2,26,26,1,0,1,0,0,1,0
12_matched_models,1d_cnn_19_raw,GripLost,2,27,27,1,0,1,0,0,1,0
12_matched_models,1d_cnn_19_raw,GripLost,2,28,28,1,0,1,0,0,1,0
12_matched_models,1d_cnn_19_raw,GripLost,2,29,29,1,0,0,0,0,1,0
12_matched_models,1d_cnn_19_raw,GripLost,2,30,30,1,0,0,0,0,1,0
12_matched_models,1d_cnn_19_raw,GripLost,2,31,31,1,0,0,0,0,1,0
12_matched_models,1d_cnn_19_raw,GripLost,2,32,32,1,0,1,0,0,1,0
12_matched_models,1d_cnn_19_raw,GripLost,2,33,33,1,0,1,0,0,1,0
12_matched_models,1d_cnn_19_raw,GripLost,2,34,34,1,0,0,0,0,1,0
12_matched_models,1d_cnn_19_raw,GripLost,2,35,35,1,0,0,0,1,0,1
12_matched_models,1d_cnn_19_raw,GripLost,2,36,36,1,1,1,1,1,0,0
12_matched_models,1d_cnn_19_raw,GripLost,2,37,37,1,0,0,0,0,1,0
12_matched_models,1d_cnn_19_raw,GripLost,2,38,38,1,0,0,0,0,1,0
12_matched_models,1d_cnn_19_raw,GripLost,2,39,39,1,1,1,1,1,0,0
12_matched_models,1d_cnn_19_raw,GripLost,2,40,40,1,1,1,1,1,0,0
12_matched_models,1d_cnn_19_raw,GripLost,2,41,41,1,0,1,0,0,1,0
12_matched_models,1d_cnn_19_raw,GripLost,2,42,42,1,0,1,0,1,0,1
12_matched_models,1d_cnn_19_raw,GripLost,2,43,43,1,0,0,0,0,1,0
12_matched_models,1d_cnn_19_raw,GripLost,2,44,44,1,0,0,0,0,1,0
12_matched_models,1d_cnn_19_raw,GripLost,2,45,45,1,0,0,0,0,1,0
12_matched_models,1d_cnn_19_raw,GripLost,2,48,48,1,0,0,0,0,1,0
12_matched_models,1d_cnn_19_raw,GripLost,2,49,49,1,0,0,0,0,1,0
12_matched_models,1d_cnn_19_raw,GripLost,2,50,50,1,0,0,0,0,1,0
12_matched_models,1d_cnn_19_raw,GripLost,3,51,51,1,0,0,0,0,1,0
12_matched_models,1d_cnn_19_raw,GripLost,3,52,52,1,0,0,0,0,1,0
12_matched_models,1d_cnn_19_raw,GripLost,3,53,53,1,0,1,0,1,0,1
12_matched_models,1d_cnn_19_raw,GripLost,3,54,54,1,0,0,0,0,1,0
12_matched_models,1d_cnn_19_raw,GripLost,3,55,55,1,0,0,0,0,1,0
12_matched_models,1d_cnn_19_raw,GripLost,3,56,56,1,0,0,0,0,1,0
12_matched_models,1d_cnn_19_raw,GripLost,3,57,57,1,0,1,0,0,1,0
12_matched_models,1d_cnn_19_raw,GripLost,3,58,58,1,0,0,0,0,1,0
12_matched_models,1d_cnn_19_raw,GripLost,3,59,59,1,0,0,0,0,1,0
12_matched_models,1d_cnn_19_raw,GripLost,3,60,60,1,0,0,0,0,1,0
12_matched_models,1d_cnn_19_raw,GripLost,3,61,61,1,0,0,0,0,1,0
12_matched_models,1d_cnn_19_raw,GripLost,3,62,62,1,0,0,0,0,1,0
12_matched_models,1d_cnn_19_raw,GripLost,3,63,63,1,1,1,1,1,0,0
12_matched_models,1d_cnn_19_raw,GripLost,3,64,64,1,1,1,1,1,0,0
12_matched_models,1d_cnn_19_raw,GripLost,3,65,65,1,1,1,1,1,0,0
12_matched_models,1d_cnn_19_raw,GripLost,3,66,66,1,0,1,0,0,1,0
12_matched_models,1d_cnn_19_raw,GripLost,3,67,67,1,1,1,1,1,0,0
12_matched_models,1d_cnn_19_raw,GripLost,3,68,68,1,0,0,0,0,1,0
12_matched_models,1d_cnn_19_raw,GripLost,3,69,69,1,1,1,1,1,0,0
12_matched_models,1d_cnn_19_raw,GripLost,3,70,70,1,0,0,0,0,1,0
12_matched_models,1d_cnn_19_raw,GripLost,3,71,71,1,0,0,0,0,1,0
12_matched_models,1d_cnn_19_raw,GripLost,3,72,72,1,0,0,0,0,1,0
12_matched_models,1d_cnn_19_raw,GripLost,3,73,73,1,0,1,0,0,1,0
12_matched_models,1d_cnn_19_raw,GripLost,3,75,74,1,0,0,0,0,1,0
12_matched_models,1d_cnn_19_raw,GripLost,4,76,75,1,1,1,1,1,0,0
12_matched_models,1d_cnn_19_raw,GripLost,4,85,84,1,0,0,0,0,1,0
12_matched_models,1d_cnn_19_raw,GripLost,4,86,85,1,1,1,1,1,0,0
12_matched_models,1d_cnn_19_raw,GripLost,4,87,86,1,0,0,0,1,0,1
12_matched_models,1d_cnn_19_raw,GripLost,4,88,87,1,0,0,0,0,1,0
12_matched_models,1d_cnn_19_raw,GripLost,4,89,88,1,0,0,0,0,1,0
12_matched_models,1d_cnn_19_raw,GripLost,4,90,89,1,0,0,0,0,1,0
12_matched_models,1d_cnn_19_raw,GripLost,4,91,90,1,1,1,1,1,0,0
12_matched_models,1d_cnn_19_raw,GripLost,4,92,91,1,1,1,1,1,0,0
12_matched_models,1d_cnn_19_raw,GripLost,4,93,92,1,0,0,0,0,1,0
12_matched_models,1d_cnn_19_raw,GripLost,4,94,93,1,0,0,0,0,1,0
12_matched_models,1d_cnn_19_raw,GripLost,4,95,94,1,1,1,1,1,0,0
12_matched_models,1d_cnn_19_raw,GripLost,4,96,95,1,1,1,1,1,0,0
12_matched_models,1d_cnn_19_raw,GripLost,4,97,96,1,1,1,1,1,0,0
12_matched_models,1d_cnn_19_raw,GripLost,4,98,97,1,0,0,0,0,1,0
12_matched_models,1d_cnn_19_raw,GripLost,4,99,98,1,0,0,0,1,0,1
12_matched_models,1d_cnn_19_raw,GripLost,4,100,99,1,0,0,0,0,1,0
12_matched_models,1d_cnn_19_raw,GripLost,5,101,100,1,0,0,0,0,1,0
12_matched_models,1d_cnn_19_raw,GripLost,5,102,101,1,0,0,0,0,1,0
12_matched_models,1d_cnn_19_raw,GripLost,5,103,102,1,0,0,0,1,0,1
12_matched_models,1d_cnn_19_raw,GripLost,5,104,103,1,0,0,0,0,1,0
12_matched_models,1d_cnn_19_raw,GripLost,5,105,104,1,1,1,1,1,0,0
12_matched_models,1d_cnn_19_raw,GripLost,5,106,105,1,0,0,0,0,1,0
12_matched_models,1d_cnn_19_raw,GripLost,5,107,106,1,0,1,0,0,1,0
12_matched_models,1d_cnn_19_raw,GripLost,5,108,107,1,0,1,0,1,0,1
12_matched_models,1d_cnn_19_raw,GripLost,5,109,108,1,0,1,0,0,1,0
12_matched_models,1d_cnn_19_raw,GripLost,5,110,109,1,0,0,0,0,1,0
12_matched_models,1d_cnn_19_raw,GripLost,5,111,110,1,0,0,0,0,1,0
12_matched_models,1d_cnn_19_raw,GripLost,5,112,111,1,0,0,0,0,1,0
12_matched_models,1d_cnn_19_raw,GripLost,5,113,112,1,0,0,0,0,1,0
12_matched_models,1d_cnn_19_raw,GripLost,5,114,113,1,0,0,0,0,1,0
12_matched_models,1d_cnn_19_raw,GripLost,5,115,114,1,0,1,0,1,0,1
12_matched_models,1d_cnn_19_raw,GripLost,5,116,115,1,0,1,0,0,1,0
12_matched_models,1d_cnn_19_raw,GripLost,5,117,116,1,0,0,0,1,0,1
12_matched_models,1d_cnn_19_raw,GripLost,5,118,117,1,0,0,0,1,0,1
12_matched_models,1d_cnn_19_raw,GripLost,5,119,118,1,0,0,0,0,1,0
12_matched_models,1d_cnn_19_raw,GripLost,5,120,119,1,0,0,0,0,1,0
12_matched_models,1d_cnn_19_raw,GripLost,5,121,120,1,0,0,0,0,1,0
12_matched_models,1d_cnn_19_raw,GripLost,5,122,121,1,0,0,0,0,1,0
12_matched_models,1d_cnn_19_raw,GripLost,5,123,122,1,0,1,0,0,1,0
12_matched_models,1d_cnn_19_raw,GripLost,5,124,123,1,0,0,0,0,1,0
12_matched_models,1d_cnn_19_raw,GripLost,5,125,124,1,0,0,0,0,1,0
12_matched_models,1d_cnn_19_raw,GripLost,7,151,129,1,0,0,0,0,1,0
12_matched_models,1d_cnn_19_raw,GripLost,7,152,130,1,0,0,0,1,0,1
12_matched_models,1d_cnn_19_raw,GripLost,7,153,131,1,0,0,0,0,1,0
12_matched_models,1d_cnn_19_raw,GripLost,7,154,132,1,0,0,0,0,1,0
12_matched_models,1d_cnn_19_raw,GripLost,7,155,133,1,0,0,0,0,1,0
12_matched_models,1d_cnn_19_raw,GripLost,7,156,134,1,0,0,0,0,1,0
12_matched_models,1d_cnn_19_raw,GripLost,7,157,135,1,0,0,0,0,1,0
12_matched_models,1d_cnn_19_raw,GripLost,7,159,137,1,0,1,0,1,0,1
12_matched_models,1d_cnn_19_raw,GripLost,7,160,138,1,1,1,1,1,0,0
12_matched_models,1d_cnn_19_raw,GripLost,7,161,139,1,0,0,0,0,1,0
12_matched_models,1d_cnn_19_raw,GripLost,7,162,140,1,0,0,0,0,1,0
12_matched_models,1d_cnn_19_raw,GripLost,7,163,141,1,0,0,0,1,0,1
12_matched_models,1d_cnn_19_raw,GripLost,7,164,142,1,1,1,1,1,0,0
12_matched_models,1d_cnn_19_raw,GripLost,7,165,143,1,0,0,0,0,1,0
12_matched_models,1d_cnn_19_raw,GripLost,7,166,144,1,0,0,0,0,1,0
12_matched_models,1d_cnn_19_raw,GripLost,7,167,145,1,0,0,0,0,1,0
12_matched_models,1d_cnn_19_raw,GripLost,7,168,146,1,0,1,0,0,1,0
12_matched_models,1d_cnn_19_raw,GripLost,7,169,147,1,0,0,0,0,1,0
12_matched_models,1d_cnn_19_raw,GripLost,7,170,148,1,0,1,0,1,0,1
12_matched_models,1d_cnn_19_raw,GripLost,7,171,149,1,0,0,0,0,1,0
12_matched_models,1d_cnn_19_raw,GripLost,7,172,150,1,0,0,0,0,1,0
12_matched_models,1d_cnn_19_raw,GripLost,7,173,151,1,1,1,1,1,0,0
12_matched_models,1d_cnn_19_raw,GripLost,7,174,152,1,1,1,1,1,0,0
12_matched_models,1d_cnn_19_raw,GripLost,7,175,153,1,0,0,0,1,0,1
12_matched_models,1d_cnn_19_raw,GripLost,8,176,154,1,0,0,0,0,1,0
12_matched_models,1d_cnn_19_raw,GripLost,8,177,155,1,0,0,0,0,1,0
12_matched_models,1d_cnn_19_raw,GripLost,8,178,156,1,0,0,0,0,1,0
12_matched_models,1d_cnn_19_raw,GripLost,8,179,157,1,0,0,0,0,1,0
12_matched_models,1d_cnn_19_raw,GripLost,8,180,158,1,1,0,0,1,0,0
12_matched_models,1d_cnn_19_raw,GripLost,8,181,159,1,0,0,0,0,1,0
12_matched_models,1d_cnn_19_raw,GripLost,8,182,160,1,0,0,0,1,0,1
12_matched_models,1d_cnn_19_raw,GripLost,8,183,161,1,0,1,0,1,0,1
12_matched_models,1d_cnn_19_raw,GripLost,8,184,162,1,0,0,0,0,1,0
12_matched_models,1d_cnn_19_raw,GripLost,8,185,163,1,0,0,0,1,0,1
12_matched_models,1d_cnn_19_raw,GripLost,8,199,176,1,0,0,0,0,1,0
12_matched_models,1d_cnn_19_raw,GripLost,8,200,177,1,1,1,1,1,0,0
12_matched_models,1d_cnn_19_raw,GripLost,9,201,178,1,0,1,0,1,0,1
12_matched_models,1d_cnn_19_raw,GripLost,9,202,179,1,1,1,1,1,0,0
12_matched_models,1d_cnn_19_raw,GripLost,9,203,180,1,0,0,0,0,1,0
12_matched_models,1d_cnn_19_raw,GripLost,9,204,181,1,0,1,0,1,0,1
12_matched_models,1d_cnn_19_raw,GripLost,9,205,182,1,0,1,0,0,1,0
12_matched_models,1d_cnn_19_raw,GripLost,9,206,183,1,0,0,0,1,0,1
12_matched_models,1d_cnn_19_raw,GripLost,9,207,184,1,0,0,0,0,1,0
12_matched_models,1d_cnn_19_raw,GripLost,9,208,185,1,1,1,1,1,0,0
12_matched_models,1d_cnn_19_raw,GripLost,9,209,186,1,0,0,0,0,1,0
12_matched_models,1d_cnn_19_raw,GripLost,9,210,187,1,0,1,0,1,0,1
12_matched_models,1d_cnn_19_raw,GripLost,9,211,188,1,0,0,0,0,1,0
12_matched_models,1d_cnn_19_raw,GripLost,9,212,189,1,0,0,0,1,0,1
12_matched_models,1d_cnn_19_raw,GripLost,9,213,190,1,0,0,0,0,1,0
12_matched_models,1d_cnn_19_raw,GripLost,9,214,191,1,1,1,1,1,0,0
12_matched_models,1d_cnn_19_raw,GripLost,9,215,192,1,0,0,0,1,0,1
12_matched_models,1d_cnn_19_raw,GripLost,9,216,193,1,1,1,1,1,0,0
12_matched_models,1d_cnn_19_raw,GripLost,9,217,194,1,0,0,0,1,0,1
12_matched_models,1d_cnn_19_raw,GripLost,9,218,195,1,0,0,0,1,0,1
12_matched_models,1d_cnn_19_raw,GripLost,9,219,196,1,1,1,1,1,0,0
12_matched_models,1d_cnn_19_raw,GripLost,9,220,197,1,0,0,0,1,0,1
12_matched_models,1d_cnn_19_raw,GripLost,9,221,198,1,1,1,1,1,0,0
12_matched_models,1d_cnn_19_raw,GripLost,9,222,199,1,0,0,0,1,0,1
12_matched_models,1d_cnn_19_raw,GripLost,9,223,200,1,0,0,0,1,0,1
12_matched_models,1d_cnn_19_raw,GripLost,9,224,201,1,0,0,0,1,0,1
12_matched_models,1d_cnn_19_raw,GripLost,9,225,202,1,0,0,0,1,0,1
12_matched_models,1d_cnn_19_raw,GripLost,9,224,210,2,0,0,0,1,0,1
12_matched_models,1d_cnn_19_raw,GripLost,10,226,203,1,0,1,0,1,0,1
12_matched_models,1d_cnn_19_raw,GripLost,10,227,204,1,0,1,0,1,0,1
12_matched_models,1d_cnn_19_raw,GripLost,10,229,205,1,0,1,0,1,0,1
12_matched_models,1d_cnn_19_raw,GripLost,10,230,206,1,0,1,0,1,0,1
12_matched_models,1d_cnn_19_raw,GripLost,10,231,207,1,0,1,0,1,0,1
12_matched_models,1d_cnn_19_raw,GripLost,10,232,208,1,0,1,0,0,1,0
12_matched_models,1d_cnn_19_raw,GripLost,10,233,209,1,0,0,0,1,0,1
12_matched_models,1d_cnn_19_raw,GripLost,10,230,216,2,0,0,0,1,0,1
12_matched_models,1d_cnn_19_raw,GripLost,10,231,217,2,0,0,0,1,0,1
12_matched_models,1d_cnn_19_raw,GripLost,10,232,218,2,1,1,1,1,0,0
12_matched_models,1d_cnn_19_raw,GripLost,10,233,219,2,1,1,1,1,0,0
12_matched_models,1d_cnn_19_raw,GripLost,10,234,220,1,1,1,1,1,0,0
12_matched_models,1d_cnn_19_raw,GripLost,10,235,221,1,0,1,0,1,0,1
12_matched_models,1d_cnn_19_raw,GripLost,10,236,222,1,0,1,0,0,1,0
12_matched_models,1d_cnn_19_raw,GripLost,10,237,223,1,1,1,1,1,0,0
12_matched_models,1d_cnn_19_raw,GripLost,10,238,224,1,0,0,0,0,1,0
12_matched_models,1d_cnn_19_raw,GripLost,10,239,225,1,0,1,0,1,0,1
12_matched_models,1d_cnn_19_raw,GripLost,10,240,226,1,0,1,0,1,0,1
12_matched_models,1d_cnn_19_raw,GripLost,10,241,227,1,0,1,0,0,1,0
12_matched_models,1d_cnn_19_raw,GripLost,10,242,228,1,0,1,0,1,0,1
12_matched_models,1d_cnn_19_raw,GripLost,10,243,229,1,0,1,0,0,1,0
12_matched_models,1d_cnn_19_raw,GripLost,10,245,230,1,0,0,0,0,1,0
12_matched_models,1d_cnn_19_raw,GripLost,10,246,231,1,0,1,0,1,0,1
12_matched_models,1d_cnn_19_raw,GripLost,10,247,232,1,1,1,1,1,0,0
12_matched_models,1d_cnn_19_raw,GripLost,10,248,233,1,0,0,0,0,1,0
12_matched_models,1d_cnn_19_raw,GripLost,10,249,234,1,0,1,0,1,0,1
12_matched_models,1d_cnn_19_raw,GripLost,10,250,235,1,1,1,1,1,0,0
12_matched_models,lstm_autoencoder_19_raw_q90,System_Failure,1,1,1,1,1,0,0,1,0,0
12_matched_models,lstm_autoencoder_19_raw_q90,System_Failure,1,2,2,1,1,0,0,1,0,0
12_matched_models,lstm_autoencoder_19_raw_q90,System_Failure,1,3,3,1,0,1,0,0,1,0
12_matched_models,lstm_autoencoder_19_raw_q90,System_Failure,1,4,4,1,0,1,0,0,1,0
12_matched_models,lstm_autoencoder_19_raw_q90,System_Failure,1,5,5,1,1,0,0,1,0,0
12_matched_models,lstm_autoencoder_19_raw_q90,System_Failure,1,6,6,1,1,0,0,1,0,0
12_matched_models,lstm_autoencoder_19_raw_q90,System_Failure,1,8,8,1,0,0,0,0,1,0
12_matched_models,lstm_autoencoder_19_raw_q90,System_Failure,1,9,9,1,0,0,0,0,1,0
12_matched_models,lstm_autoencoder_19_raw_q90,System_Failure,1,10,10,1,0,1,0,0,1,0
12_matched_models,lstm_autoencoder_19_raw_q90,System_Failure,1,11,11,1,0,0,0,0,1,0
12_matched_models,lstm_autoencoder_19_raw_q90,System_Failure,1,12,12,1,0,0,0,0,1,0
12_matched_models,lstm_autoencoder_19_raw_q90,System_Failure,1,13,13,1,0,0,0,0,1,0
12_matched_models,lstm_autoencoder_19_raw_q90,System_Failure,1,14,14,1,1,0,0,1,0,0
12_matched_models,lstm_autoencoder_19_raw_q90,System_Failure,1,15,15,1,1,0,0,1,0,0
12_matched_models,lstm_autoencoder_19_raw_q90,System_Failure,1,16,16,1,0,0,0,0,1,0
12_matched_models,lstm_autoencoder_19_raw_q90,System_Failure,1,17,17,1,0,0,0,0,1,0
12_matched_models,lstm_autoencoder_19_raw_q90,System_Failure,1,18,18,1,0,0,0,0,1,0
12_matched_models,lstm_autoencoder_19_raw_q90,System_Failure,1,19,19,1,0,1,0,0,1,0
12_matched_models,lstm_autoencoder_19_raw_q90,System_Failure,1,20,20,1,0,0,0,0,1,0
12_matched_models,lstm_autoencoder_19_raw_q90,System_Failure,1,21,21,1,0,0,0,0,1,0
12_matched_models,lstm_autoencoder_19_raw_q90,System_Failure,1,22,22,1,1,0,0,1,0,0
12_matched_models,lstm_autoencoder_19_raw_q90,System_Failure,1,23,23,1,0,0,0,0,1,0
12_matched_models,lstm_autoencoder_19_raw_q90,System_Failure,1,24,24,1,0,0,0,0,1,0
12_matched_models,lstm_autoencoder_19_raw_q90,System_Failure,1,25,25,1,0,0,0,0,1,0
12_matched_models,lstm_autoencoder_19_raw_q90,System_Failure,2,26,26,1,0,0,0,0,1,0
12_matched_models,lstm_autoencoder_19_raw_q90,System_Failure,2,27,27,1,0,0,0,0,1,0
12_matched_models,lstm_autoencoder_19_raw_q90,System_Failure,2,28,28,1,0,0,0,0,1,0
12_matched_models,lstm_autoencoder_19_raw_q90,System_Failure,2,29,29,1,0,0,0,0,1,0
12_matched_models,lstm_autoencoder_19_raw_q90,System_Failure,2,30,30,1,0,0,0,0,1,0
12_matched_models,lstm_autoencoder_19_raw_q90,System_Failure,2,31,31,1,0,0,0,0,1,0
12_matched_models,lstm_autoencoder_19_raw_q90,System_Failure,2,32,32,1,0,1,0,0,1,0
12_matched_models,lstm_autoencoder_19_raw_q90,System_Failure,2,33,33,1,0,0,0,0,1,0
12_matched_models,lstm_autoencoder_19_raw_q90,System_Failure,2,34,34,1,0,1,0,0,1,0
12_matched_models,lstm_autoencoder_19_raw_q90,System_Failure,2,35,35,1,1,0,0,1,0,0
12_matched_models,lstm_autoencoder_19_raw_q90,System_Failure,2,36,36,1,1,0,0,1,0,0
12_matched_models,lstm_autoencoder_19_raw_q90,System_Failure,2,37,37,1,0,0,0,0,1,0
12_matched_models,lstm_autoencoder_19_raw_q90,System_Failure,2,38,38,1,0,0,0,0,1,0
12_matched_models,lstm_autoencoder_19_raw_q90,System_Failure,2,39,39,1,1,0,0,1,0,0
12_matched_models,lstm_autoencoder_19_raw_q90,System_Failure,2,40,40,1,1,0,0,1,0,0
12_matched_models,lstm_autoencoder_19_raw_q90,System_Failure,2,41,41,1,0,0,0,0,1,0
12_matched_models,lstm_autoencoder_19_raw_q90,System_Failure,2,42,42,1,1,0,0,1,0,0
12_matched_models,lstm_autoencoder_19_raw_q90,System_Failure,2,43,43,1,0,0,0,0,1,0
12_matched_models,lstm_autoencoder_19_raw_q90,System_Failure,2,44,44,1,0,0,0,0,1,0
12_matched_models,lstm_autoencoder_19_raw_q90,System_Failure,2,45,45,1,0,0,0,0,1,0
12_matched_models,lstm_autoencoder_19_raw_q90,System_Failure,2,48,48,1,0,0,0,0,1,0
12_matched_models,lstm_autoencoder_19_raw_q90,System_Failure,2,49,49,1,0,0,0,0,1,0
12_matched_models,lstm_autoencoder_19_raw_q90,System_Failure,2,50,50,1,0,0,0,0,1,0
12_matched_models,lstm_autoencoder_19_raw_q90,System_Failure,3,51,51,1,0,0,0,0,1,0
12_matched_models,lstm_autoencoder_19_raw_q90,System_Failure,3,52,52,1,0,0,0,0,1,0
12_matched_models,lstm_autoencoder_19_raw_q90,System_Failure,3,53,53,1,1,0,0,1,0,0
12_matched_models,lstm_autoencoder_19_raw_q90,System_Failure,3,54,54,1,0,0,0,0,1,0
12_matched_models,lstm_autoencoder_19_raw_q90,System_Failure,3,55,55,1,0,0,0,0,1,0
12_matched_models,lstm_autoencoder_19_raw_q90,System_Failure,3,56,56,1,0,0,0,0,1,0
12_matched_models,lstm_autoencoder_19_raw_q90,System_Failure,3,57,57,1,0,0,0,0,1,0
12_matched_models,lstm_autoencoder_19_raw_q90,System_Failure,3,58,58,1,0,0,0,0,1,0
12_matched_models,lstm_autoencoder_19_raw_q90,System_Failure,3,59,59,1,0,0,0,0,1,0
12_matched_models,lstm_autoencoder_19_raw_q90,System_Failure,3,60,60,1,0,0,0,0,1,0
12_matched_models,lstm_autoencoder_19_raw_q90,System_Failure,3,61,61,1,0,0,0,0,1,0
12_matched_models,lstm_autoencoder_19_raw_q90,System_Failure,3,62,62,1,0,0,0,0,1,0
12_matched_models,lstm_autoencoder_19_raw_q90,System_Failure,3,63,63,1,1,0,0,1,0,0
12_matched_models,lstm_autoencoder_19_raw_q90,System_Failure,3,64,64,1,1,0,0,1,0,0
12_matched_models,lstm_autoencoder_19_raw_q90,System_Failure,3,65,65,1,1,0,0,1,0,0
12_matched_models,lstm_autoencoder_19_raw_q90,System_Failure,3,66,66,1,0,0,0,0,1,0
12_matched_models,lstm_autoencoder_19_raw_q90,System_Failure,3,67,67,1,1,0,0,1,0,0
12_matched_models,lstm_autoencoder_19_raw_q90,System_Failure,3,68,68,1,0,0,0,0,1,0
12_matched_models,lstm_autoencoder_19_raw_q90,System_Failure,3,69,69,1,1,0,0,1,0,0
12_matched_models,lstm_autoencoder_19_raw_q90,System_Failure,3,70,70,1,0,0,0,0,1,0
12_matched_models,lstm_autoencoder_19_raw_q90,System_Failure,3,71,71,1,0,0,0,0,1,0
12_matched_models,lstm_autoencoder_19_raw_q90,System_Failure,3,72,72,1,0,1,0,0,1,0
12_matched_models,lstm_autoencoder_19_raw_q90,System_Failure,3,73,73,1,0,0,0,0,1,0
12_matched_models,lstm_autoencoder_19_raw_q90,System_Failure,3,75,74,1,0,0,0,0,1,0
12_matched_models,lstm_autoencoder_19_raw_q90,System_Failure,4,76,75,1,1,0,0,1,0,0
12_matched_models,lstm_autoencoder_19_raw_q90,System_Failure,4,85,84,1,0,0,0,0,1,0
12_matched_models,lstm_autoencoder_19_raw_q90,System_Failure,4,86,85,1,1,0,0,1,0,0
12_matched_models,lstm_autoencoder_19_raw_q90,System_Failure,4,87,86,1,1,0,0,1,0,0
12_matched_models,lstm_autoencoder_19_raw_q90,System_Failure,4,88,87,1,0,0,0,0,1,0
12_matched_models,lstm_autoencoder_19_raw_q90,System_Failure,4,89,88,1,0,0,0,0,1,0
12_matched_models,lstm_autoencoder_19_raw_q90,System_Failure,4,90,89,1,0,0,0,0,1,0
12_matched_models,lstm_autoencoder_19_raw_q90,System_Failure,4,91,90,1,1,0,0,1,0,0
12_matched_models,lstm_autoencoder_19_raw_q90,System_Failure,4,92,91,1,1,0,0,1,0,0
12_matched_models,lstm_autoencoder_19_raw_q90,System_Failure,4,93,92,1,0,1,0,0,1,0
12_matched_models,lstm_autoencoder_19_raw_q90,System_Failure,4,94,93,1,0,1,0,0,1,0
12_matched_models,lstm_autoencoder_19_raw_q90,System_Failure,4,95,94,1,1,0,0,1,0,0
12_matched_models,lstm_autoencoder_19_raw_q90,System_Failure,4,96,95,1,1,0,0,1,0,0
12_matched_models,lstm_autoencoder_19_raw_q90,System_Failure,4,97,96,1,1,0,0,1,0,0
12_matched_models,lstm_autoencoder_19_raw_q90,System_Failure,4,98,97,1,0,0,0,0,1,0
12_matched_models,lstm_autoencoder_19_raw_q90,System_Failure,4,99,98,1,1,0,0,1,0,0
12_matched_models,lstm_autoencoder_19_raw_q90,System_Failure,4,100,99,1,0,0,0,0,1,0
12_matched_models,lstm_autoencoder_19_raw_q90,System_Failure,5,101,100,1,0,0,0,0,1,0
12_matched_models,lstm_autoencoder_19_raw_q90,System_Failure,5,102,101,1,0,0,0,0,1,0
12_matched_models,lstm_autoencoder_19_raw_q90,System_Failure,5,103,102,1,1,1,1,1,0,0
12_matched_models,lstm_autoencoder_19_raw_q90,System_Failure,5,104,103,1,0,0,0,0,1,0
12_matched_models,lstm_autoencoder_19_raw_q90,System_Failure,5,105,104,1,1,0,0,1,0,0
12_matched_models,lstm_autoencoder_19_raw_q90,System_Failure,5,106,105,1,0,1,0,0,1,0
12_matched_models,lstm_autoencoder_19_raw_q90,System_Failure,5,107,106,1,0,1,0,0,1,0
12_matched_models,lstm_autoencoder_19_raw_q90,System_Failure,5,108,107,1,1,0,0,1,0,0
12_matched_models,lstm_autoencoder_19_raw_q90,System_Failure,5,109,108,1,0,0,0,0,1,0
12_matched_models,lstm_autoencoder_19_raw_q90,System_Failure,5,110,109,1,0,0,0,0,1,0
12_matched_models,lstm_autoencoder_19_raw_q90,System_Failure,5,111,110,1,0,1,0,0,1,0
12_matched_models,lstm_autoencoder_19_raw_q90,System_Failure,5,112,111,1,0,0,0,0,1,0
12_matched_models,lstm_autoencoder_19_raw_q90,System_Failure,5,113,112,1,0,1,0,0,1,0
12_matched_models,lstm_autoencoder_19_raw_q90,System_Failure,5,114,113,1,0,1,0,0,1,0
12_matched_models,lstm_autoencoder_19_raw_q90,System_Failure,5,115,114,1,1,0,0,1,0,0
12_matched_models,lstm_autoencoder_19_raw_q90,System_Failure,5,116,115,1,0,1,0,0,1,0
12_matched_models,lstm_autoencoder_19_raw_q90,System_Failure,5,117,116,1,1,1,1,1,0,0
12_matched_models,lstm_autoencoder_19_raw_q90,System_Failure,5,118,117,1,1,0,0,1,0,0
12_matched_models,lstm_autoencoder_19_raw_q90,System_Failure,5,119,118,1,0,1,0,0,1,0
12_matched_models,lstm_autoencoder_19_raw_q90,System_Failure,5,120,119,1,0,0,0,0,1,0
12_matched_models,lstm_autoencoder_19_raw_q90,System_Failure,5,121,120,1,0,0,0,0,1,0
12_matched_models,lstm_autoencoder_19_raw_q90,System_Failure,5,122,121,1,0,0,0,0,1,0
12_matched_models,lstm_autoencoder_19_raw_q90,System_Failure,5,123,122,1,0,0,0,0,1,0
12_matched_models,lstm_autoencoder_19_raw_q90,System_Failure,5,124,123,1,0,1,0,0,1,0
12_matched_models,lstm_autoencoder_19_raw_q90,System_Failure,5,125,124,1,0,0,0,0,1,0
12_matched_models,lstm_autoencoder_19_raw_q90,System_Failure,7,151,129,1,0,1,0,0,1,0
12_matched_models,lstm_autoencoder_19_raw_q90,System_Failure,7,152,130,1,1,1,1,1,0,0
12_matched_models,lstm_autoencoder_19_raw_q90,System_Failure,7,153,131,1,0,1,0,0,1,0
12_matched_models,lstm_autoencoder_19_raw_q90,System_Failure,7,154,132,1,0,0,0,0,1,0
12_matched_models,lstm_autoencoder_19_raw_q90,System_Failure,7,155,133,1,0,1,0,0,1,0
12_matched_models,lstm_autoencoder_19_raw_q90,System_Failure,7,156,134,1,0,0,0,0,1,0
12_matched_models,lstm_autoencoder_19_raw_q90,System_Failure,7,157,135,1,0,0,0,0,1,0
12_matched_models,lstm_autoencoder_19_raw_q90,System_Failure,7,159,137,1,1,0,0,1,0,0
12_matched_models,lstm_autoencoder_19_raw_q90,System_Failure,7,160,138,1,1,0,0,1,0,0
12_matched_models,lstm_autoencoder_19_raw_q90,System_Failure,7,161,139,1,0,1,0,0,1,0
12_matched_models,lstm_autoencoder_19_raw_q90,System_Failure,7,162,140,1,0,0,0,0,1,0
12_matched_models,lstm_autoencoder_19_raw_q90,System_Failure,7,163,141,1,1,1,0,1,0,0
12_matched_models,lstm_autoencoder_19_raw_q90,System_Failure,7,164,142,1,1,0,0,1,0,0
12_matched_models,lstm_autoencoder_19_raw_q90,System_Failure,7,165,143,1,0,0,0,0,1,0
12_matched_models,lstm_autoencoder_19_raw_q90,System_Failure,7,166,144,1,0,0,0,0,1,0
12_matched_models,lstm_autoencoder_19_raw_q90,System_Failure,7,167,145,1,0,1,0,0,1,0
12_matched_models,lstm_autoencoder_19_raw_q90,System_Failure,7,168,146,1,0,1,0,0,1,0
12_matched_models,lstm_autoencoder_19_raw_q90,System_Failure,7,169,147,1,0,1,0,0,1,0
12_matched_models,lstm_autoencoder_19_raw_q90,System_Failure,7,170,148,1,1,0,0,1,0,0
12_matched_models,lstm_autoencoder_19_raw_q90,System_Failure,7,171,149,1,0,0,0,0,1,0
12_matched_models,lstm_autoencoder_19_raw_q90,System_Failure,7,172,150,1,0,0,0,0,1,0
12_matched_models,lstm_autoencoder_19_raw_q90,System_Failure,7,173,151,1,1,0,0,1,0,0
12_matched_models,lstm_autoencoder_19_raw_q90,System_Failure,7,174,152,1,1,0,0,1,0,0
12_matched_models,lstm_autoencoder_19_raw_q90,System_Failure,7,175,153,1,1,1,1,1,0,0
12_matched_models,lstm_autoencoder_19_raw_q90,System_Failure,8,176,154,1,0,0,0,0,1,0
12_matched_models,lstm_autoencoder_19_raw_q90,System_Failure,8,177,155,1,0,0,0,0,1,0
12_matched_models,lstm_autoencoder_19_raw_q90,System_Failure,8,178,156,1,0,0,0,0,1,0
12_matched_models,lstm_autoencoder_19_raw_q90,System_Failure,8,179,157,1,0,0,0,0,1,0
12_matched_models,lstm_autoencoder_19_raw_q90,System_Failure,8,180,158,1,1,0,0,1,0,0
12_matched_models,lstm_autoencoder_19_raw_q90,System_Failure,8,181,159,1,0,0,0,0,1,0
12_matched_models,lstm_autoencoder_19_raw_q90,System_Failure,8,182,160,1,1,0,0,1,0,0
12_matched_models,lstm_autoencoder_19_raw_q90,System_Failure,8,183,161,1,1,0,0,1,0,0
12_matched_models,lstm_autoencoder_19_raw_q90,System_Failure,8,184,162,1,0,0,0,0,1,0
12_matched_models,lstm_autoencoder_19_raw_q90,System_Failure,8,185,163,1,1,0,0,1,0,0
12_matched_models,lstm_autoencoder_19_raw_q90,System_Failure,8,199,176,1,0,0,0,0,1,0
12_matched_models,lstm_autoencoder_19_raw_q90,System_Failure,8,200,177,1,1,0,0,1,0,0
12_matched_models,lstm_autoencoder_19_raw_q90,System_Failure,9,201,178,1,1,0,0,1,0,0
12_matched_models,lstm_autoencoder_19_raw_q90,System_Failure,9,202,179,1,1,0,0,1,0,0
12_matched_models,lstm_autoencoder_19_raw_q90,System_Failure,9,203,180,1,0,0,0,0,1,0
12_matched_models,lstm_autoencoder_19_raw_q90,System_Failure,9,204,181,1,1,0,0,1,0,0
12_matched_models,lstm_autoencoder_19_raw_q90,System_Failure,9,205,182,1,0,0,0,0,1,0
12_matched_models,lstm_autoencoder_19_raw_q90,System_Failure,9,206,183,1,1,0,0,1,0,0
12_matched_models,lstm_autoencoder_19_raw_q90,System_Failure,9,207,184,1,0,0,0,0,1,0
12_matched_models,lstm_autoencoder_19_raw_q90,System_Failure,9,208,185,1,1,0,0,1,0,0
12_matched_models,lstm_autoencoder_19_raw_q90,System_Failure,9,209,186,1,0,0,0,0,1,0
12_matched_models,lstm_autoencoder_19_raw_q90,System_Failure,9,210,187,1,1,0,0,1,0,0
12_matched_models,lstm_autoencoder_19_raw_q90,System_Failure,9,211,188,1,0,0,0,0,1,0
12_matched_models,lstm_autoencoder_19_raw_q90,System_Failure,9,212,189,1,1,0,0,1,0,0
12_matched_models,lstm_autoencoder_19_raw_q90,System_Failure,9,213,190,1,0,0,0,0,1,0
12_matched_models,lstm_autoencoder_19_raw_q90,System_Failure,9,214,191,1,1,0,0,1,0,0
12_matched_models,lstm_autoencoder_19_raw_q90,System_Failure,9,215,192,1,1,0,0,1,0,0
12_matched_models,lstm_autoencoder_19_raw_q90,System_Failure,9,216,193,1,1,0,0,1,0,0
12_matched_models,lstm_autoencoder_19_raw_q90,System_Failure,9,217,194,1,1,0,0,1,0,0
12_matched_models,lstm_autoencoder_19_raw_q90,System_Failure,9,218,195,1,1,0,0,1,0,0
12_matched_models,lstm_autoencoder_19_raw_q90,System_Failure,9,219,196,1,1,0,0,1,0,0
12_matched_models,lstm_autoencoder_19_raw_q90,System_Failure,9,220,197,1,1,0,0,1,0,0
12_matched_models,lstm_autoencoder_19_raw_q90,System_Failure,9,221,198,1,1,0,0,1,0,0
12_matched_models,lstm_autoencoder_19_raw_q90,System_Failure,9,222,199,1,1,0,0,1,0,0
12_matched_models,lstm_autoencoder_19_raw_q90,System_Failure,9,223,200,1,1,0,0,1,0,0
12_matched_models,lstm_autoencoder_19_raw_q90,System_Failure,9,224,201,1,1,0,0,1,0,0
12_matched_models,lstm_autoencoder_19_raw_q90,System_Failure,9,225,202,1,1,0,0,1,0,0
12_matched_models,lstm_autoencoder_19_raw_q90,System_Failure,9,224,210,2,1,0,0,1,0,0
12_matched_models,lstm_autoencoder_19_raw_q90,System_Failure,10,226,203,1,1,1,1,1,0,0
12_matched_models,lstm_autoencoder_19_raw_q90,System_Failure,10,227,204,1,1,0,0,1,0,0
12_matched_models,lstm_autoencoder_19_raw_q90,System_Failure,10,229,205,1,1,0,0,1,0,0
12_matched_models,lstm_autoencoder_19_raw_q90,System_Failure,10,230,206,1,1,1,1,1,0,0
12_matched_models,lstm_autoencoder_19_raw_q90,System_Failure,10,231,207,1,1,1,1,1,0,0
12_matched_models,lstm_autoencoder_19_raw_q90,System_Failure,10,232,208,1,0,0,0,0,1,0
12_matched_models,lstm_autoencoder_19_raw_q90,System_Failure,10,233,209,1,1,0,0,1,0,0
12_matched_models,lstm_autoencoder_19_raw_q90,System_Failure,10,230,216,2,1,0,0,1,0,0
12_matched_models,lstm_autoencoder_19_raw_q90,System_Failure,10,231,217,2,1,0,0,1,0,0
12_matched_models,lstm_autoencoder_19_raw_q90,System_Failure,10,232,218,2,1,0,0,1,0,0
12_matched_models,lstm_autoencoder_19_raw_q90,System_Failure,10,233,219,2,1,0,0,1,0,0
12_matched_models,lstm_autoencoder_19_raw_q90,System_Failure,10,234,220,1,1,0,0,1,0,0
12_matched_models,lstm_autoencoder_19_raw_q90,System_Failure,10,235,221,1,1,0,0,1,0,0
12_matched_models,lstm_autoencoder_19_raw_q90,System_Failure,10,236,222,1,0,0,0,0,1,0
12_matched_models,lstm_autoencoder_19_raw_q90,System_Failure,10,237,223,1,1,0,0,1,0,0
12_matched_models,lstm_autoencoder_19_raw_q90,System_Failure,10,238,224,1,0,0,0,0,1,0
12_matched_models,lstm_autoencoder_19_raw_q90,System_Failure,10,239,225,1,1,0,0,1,0,0
12_matched_models,lstm_autoencoder_19_raw_q90,System_Failure,10,240,226,1,1,0,0,1,0,0
12_matched_models,lstm_autoencoder_19_raw_q90,System_Failure,10,241,227,1,0,0,0,0,1,0
12_matched_models,lstm_autoencoder_19_raw_q90,System_Failure,10,242,228,1,1,0,0,1,0,0
12_matched_models,lstm_autoencoder_19_raw_q90,System_Failure,10,243,229,1,0,0,0,0,1,0
12_matched_models,lstm_autoencoder_19_raw_q90,System_Failure,10,245,230,1,0,0,0,0,1,0
12_matched_models,lstm_autoencoder_19_raw_q90,System_Failure,10,246,231,1,1,0,0,1,0,0
12_matched_models,lstm_autoencoder_19_raw_q90,System_Failure,10,247,232,1,1,0,0,1,0,0
12_matched_models,lstm_autoencoder_19_raw_q90,System_Failure,10,248,233,1,0,0,0,0,1,0
12_matched_models,lstm_autoencoder_19_raw_q90,System_Failure,10,249,234,1,1,0,0,1,0,0
12_matched_models,lstm_autoencoder_19_raw_q90,System_Failure,10,250,235,1,1,0,0,1,0,0
12_matched_models,lstm_autoencoder_19_raw_q90,ProtectiveStop,1,1,1,1,1,0,0,1,0,0
12_matched_models,lstm_autoencoder_19_raw_q90,ProtectiveStop,1,2,2,1,0,0,0,1,0,1
12_matched_models,lstm_autoencoder_19_raw_q90,ProtectiveStop,1,3,3,1,0,1,0,0,1,0
12_matched_models,lstm_autoencoder_19_raw_q90,ProtectiveStop,1,4,4,1,0,1,0,0,1,0
12_matched_models,lstm_autoencoder_19_raw_q90,ProtectiveStop,1,5,5,1,0,0,0,1,0,1
12_matched_models,lstm_autoencoder_19_raw_q90,ProtectiveStop,1,6,6,1,0,0,0,1,0,1
12_matched_models,lstm_autoencoder_19_raw_q90,ProtectiveStop,1,8,8,1,0,0,0,0,1,0
12_matched_models,lstm_autoencoder_19_raw_q90,ProtectiveStop,1,9,9,1,0,0,0,0,1,0
12_matched_models,lstm_autoencoder_19_raw_q90,ProtectiveStop,1,10,10,1,0,1,0,0,1,0
12_matched_models,lstm_autoencoder_19_raw_q90,ProtectiveStop,1,11,11,1,0,0,0,0,1,0
12_matched_models,lstm_autoencoder_19_raw_q90,ProtectiveStop,1,12,12,1,0,0,0,0,1,0
12_matched_models,lstm_autoencoder_19_raw_q90,ProtectiveStop,1,13,13,1,0,0,0,0,1,0
12_matched_models,lstm_autoencoder_19_raw_q90,ProtectiveStop,1,14,14,1,0,0,0,1,0,1
12_matched_models,lstm_autoencoder_19_raw_q90,ProtectiveStop,1,15,15,1,0,0,0,1,0,1
12_matched_models,lstm_autoencoder_19_raw_q90,ProtectiveStop,1,16,16,1,0,0,0,0,1,0
12_matched_models,lstm_autoencoder_19_raw_q90,ProtectiveStop,1,17,17,1,0,0,0,0,1,0
12_matched_models,lstm_autoencoder_19_raw_q90,ProtectiveStop,1,18,18,1,0,0,0,0,1,0
12_matched_models,lstm_autoencoder_19_raw_q90,ProtectiveStop,1,19,19,1,0,1,0,0,1,0
12_matched_models,lstm_autoencoder_19_raw_q90,ProtectiveStop,1,20,20,1,0,0,0,0,1,0
12_matched_models,lstm_autoencoder_19_raw_q90,ProtectiveStop,1,21,21,1,0,0,0,0,1,0
12_matched_models,lstm_autoencoder_19_raw_q90,ProtectiveStop,1,22,22,1,1,0,0,1,0,0
12_matched_models,lstm_autoencoder_19_raw_q90,ProtectiveStop,1,23,23,1,0,0,0,0,1,0
12_matched_models,lstm_autoencoder_19_raw_q90,ProtectiveStop,1,24,24,1,0,0,0,0,1,0
12_matched_models,lstm_autoencoder_19_raw_q90,ProtectiveStop,1,25,25,1,0,0,0,0,1,0
12_matched_models,lstm_autoencoder_19_raw_q90,ProtectiveStop,2,26,26,1,0,0,0,0,1,0
12_matched_models,lstm_autoencoder_19_raw_q90,ProtectiveStop,2,27,27,1,0,0,0,0,1,0
12_matched_models,lstm_autoencoder_19_raw_q90,ProtectiveStop,2,28,28,1,0,0,0,0,1,0
12_matched_models,lstm_autoencoder_19_raw_q90,ProtectiveStop,2,29,29,1,0,0,0,0,1,0
12_matched_models,lstm_autoencoder_19_raw_q90,ProtectiveStop,2,30,30,1,0,0,0,0,1,0
12_matched_models,lstm_autoencoder_19_raw_q90,ProtectiveStop,2,31,31,1,0,0,0,0,1,0
12_matched_models,lstm_autoencoder_19_raw_q90,ProtectiveStop,2,32,32,1,0,1,0,0,1,0
12_matched_models,lstm_autoencoder_19_raw_q90,ProtectiveStop,2,33,33,1,0,0,0,0,1,0
12_matched_models,lstm_autoencoder_19_raw_q90,ProtectiveStop,2,34,34,1,0,1,0,0,1,0
12_matched_models,lstm_autoencoder_19_raw_q90,ProtectiveStop,2,35,35,1,1,0,0,1,0,0
12_matched_models,lstm_autoencoder_19_raw_q90,ProtectiveStop,2,36,36,1,0,0,0,1,0,1
12_matched_models,lstm_autoencoder_19_raw_q90,ProtectiveStop,2,37,37,1,0,0,0,0,1,0
12_matched_models,lstm_autoencoder_19_raw_q90,ProtectiveStop,2,38,38,1,0,0,0,0,1,0
12_matched_models,lstm_autoencoder_19_raw_q90,ProtectiveStop,2,39,39,1,0,0,0,1,0,1
12_matched_models,lstm_autoencoder_19_raw_q90,ProtectiveStop,2,40,40,1,0,0,0,1,0,1
12_matched_models,lstm_autoencoder_19_raw_q90,ProtectiveStop,2,41,41,1,0,0,0,0,1,0
12_matched_models,lstm_autoencoder_19_raw_q90,ProtectiveStop,2,42,42,1,1,0,0,1,0,0
12_matched_models,lstm_autoencoder_19_raw_q90,ProtectiveStop,2,43,43,1,0,0,0,0,1,0
12_matched_models,lstm_autoencoder_19_raw_q90,ProtectiveStop,2,44,44,1,0,0,0,0,1,0
12_matched_models,lstm_autoencoder_19_raw_q90,ProtectiveStop,2,45,45,1,0,0,0,0,1,0
12_matched_models,lstm_autoencoder_19_raw_q90,ProtectiveStop,2,48,48,1,0,0,0,0,1,0
12_matched_models,lstm_autoencoder_19_raw_q90,ProtectiveStop,2,49,49,1,0,0,0,0,1,0
12_matched_models,lstm_autoencoder_19_raw_q90,ProtectiveStop,2,50,50,1,0,0,0,0,1,0
12_matched_models,lstm_autoencoder_19_raw_q90,ProtectiveStop,3,51,51,1,0,0,0,0,1,0
12_matched_models,lstm_autoencoder_19_raw_q90,ProtectiveStop,3,52,52,1,0,0,0,0,1,0
12_matched_models,lstm_autoencoder_19_raw_q90,ProtectiveStop,3,53,53,1,1,0,0,1,0,0
12_matched_models,lstm_autoencoder_19_raw_q90,ProtectiveStop,3,54,54,1,0,0,0,0,1,0
12_matched_models,lstm_autoencoder_19_raw_q90,ProtectiveStop,3,55,55,1,0,0,0,0,1,0
12_matched_models,lstm_autoencoder_19_raw_q90,ProtectiveStop,3,56,56,1,0,0,0,0,1,0
12_matched_models,lstm_autoencoder_19_raw_q90,ProtectiveStop,3,57,57,1,0,0,0,0,1,0
12_matched_models,lstm_autoencoder_19_raw_q90,ProtectiveStop,3,58,58,1,0,0,0,0,1,0
12_matched_models,lstm_autoencoder_19_raw_q90,ProtectiveStop,3,59,59,1,0,0,0,0,1,0
12_matched_models,lstm_autoencoder_19_raw_q90,ProtectiveStop,3,60,60,1,0,0,0,0,1,0
12_matched_models,lstm_autoencoder_19_raw_q90,ProtectiveStop,3,61,61,1,0,0,0,0,1,0
12_matched_models,lstm_autoencoder_19_raw_q90,ProtectiveStop,3,62,62,1,0,0,0,0,1,0
12_matched_models,lstm_autoencoder_19_raw_q90,ProtectiveStop,3,63,63,1,1,0,0,1,0,0
12_matched_models,lstm_autoencoder_19_raw_q90,ProtectiveStop,3,64,64,1,0,0,0,1,0,1
12_matched_models,lstm_autoencoder_19_raw_q90,ProtectiveStop,3,65,65,1,0,0,0,1,0,1
12_matched_models,lstm_autoencoder_19_raw_q90,ProtectiveStop,3,66,66,1,0,0,0,0,1,0
12_matched_models,lstm_autoencoder_19_raw_q90,ProtectiveStop,3,67,67,1,0,0,0,1,0,1
12_matched_models,lstm_autoencoder_19_raw_q90,ProtectiveStop,3,68,68,1,0,0,0,0,1,0
12_matched_models,lstm_autoencoder_19_raw_q90,ProtectiveStop,3,69,69,1,1,0,0,1,0,0
12_matched_models,lstm_autoencoder_19_raw_q90,ProtectiveStop,3,70,70,1,0,0,0,0,1,0
12_matched_models,lstm_autoencoder_19_raw_q90,ProtectiveStop,3,71,71,1,0,0,0,0,1,0
12_matched_models,lstm_autoencoder_19_raw_q90,ProtectiveStop,3,72,72,1,0,1,0,0,1,0
12_matched_models,lstm_autoencoder_19_raw_q90,ProtectiveStop,3,73,73,1,0,0,0,0,1,0
12_matched_models,lstm_autoencoder_19_raw_q90,ProtectiveStop,3,75,74,1,0,0,0,0,1,0
12_matched_models,lstm_autoencoder_19_raw_q90,ProtectiveStop,4,76,75,1,0,0,0,1,0,1
12_matched_models,lstm_autoencoder_19_raw_q90,ProtectiveStop,4,85,84,1,0,0,0,0,1,0
12_matched_models,lstm_autoencoder_19_raw_q90,ProtectiveStop,4,86,85,1,1,0,0,1,0,0
12_matched_models,lstm_autoencoder_19_raw_q90,ProtectiveStop,4,87,86,1,1,0,0,1,0,0
12_matched_models,lstm_autoencoder_19_raw_q90,ProtectiveStop,4,88,87,1,0,0,0,0,1,0
12_matched_models,lstm_autoencoder_19_raw_q90,ProtectiveStop,4,89,88,1,0,0,0,0,1,0
12_matched_models,lstm_autoencoder_19_raw_q90,ProtectiveStop,4,90,89,1,0,0,0,0,1,0
12_matched_models,lstm_autoencoder_19_raw_q90,ProtectiveStop,4,91,90,1,0,0,0,1,0,1
12_matched_models,lstm_autoencoder_19_raw_q90,ProtectiveStop,4,92,91,1,0,0,0,1,0,1
12_matched_models,lstm_autoencoder_19_raw_q90,ProtectiveStop,4,93,92,1,0,1,0,0,1,0
12_matched_models,lstm_autoencoder_19_raw_q90,ProtectiveStop,4,94,93,1,0,1,0,0,1,0
12_matched_models,lstm_autoencoder_19_raw_q90,ProtectiveStop,4,95,94,1,0,0,0,1,0,1
12_matched_models,lstm_autoencoder_19_raw_q90,ProtectiveStop,4,96,95,1,0,0,0,1,0,1
12_matched_models,lstm_autoencoder_19_raw_q90,ProtectiveStop,4,97,96,1,0,0,0,1,0,1
12_matched_models,lstm_autoencoder_19_raw_q90,ProtectiveStop,4,98,97,1,0,0,0,0,1,0
12_matched_models,lstm_autoencoder_19_raw_q90,ProtectiveStop,4,99,98,1,1,0,0,1,0,0
12_matched_models,lstm_autoencoder_19_raw_q90,ProtectiveStop,4,100,99,1,0,0,0,0,1,0
12_matched_models,lstm_autoencoder_19_raw_q90,ProtectiveStop,5,101,100,1,0,0,0,0,1,0
12_matched_models,lstm_autoencoder_19_raw_q90,ProtectiveStop,5,102,101,1,0,0,0,0,1,0
12_matched_models,lstm_autoencoder_19_raw_q90,ProtectiveStop,5,103,102,1,1,1,1,1,0,0
12_matched_models,lstm_autoencoder_19_raw_q90,ProtectiveStop,5,104,103,1,0,0,0,0,1,0
12_matched_models,lstm_autoencoder_19_raw_q90,ProtectiveStop,5,105,104,1,0,0,0,1,0,1
12_matched_models,lstm_autoencoder_19_raw_q90,ProtectiveStop,5,106,105,1,0,1,0,0,1,0
12_matched_models,lstm_autoencoder_19_raw_q90,ProtectiveStop,5,107,106,1,0,1,0,0,1,0
12_matched_models,lstm_autoencoder_19_raw_q90,ProtectiveStop,5,108,107,1,1,0,0,1,0,0
12_matched_models,lstm_autoencoder_19_raw_q90,ProtectiveStop,5,109,108,1,0,0,0,0,1,0
12_matched_models,lstm_autoencoder_19_raw_q90,ProtectiveStop,5,110,109,1,0,0,0,0,1,0
12_matched_models,lstm_autoencoder_19_raw_q90,ProtectiveStop,5,111,110,1,0,1,0,0,1,0
12_matched_models,lstm_autoencoder_19_raw_q90,ProtectiveStop,5,112,111,1,0,0,0,0,1,0
12_matched_models,lstm_autoencoder_19_raw_q90,ProtectiveStop,5,113,112,1,0,1,0,0,1,0
12_matched_models,lstm_autoencoder_19_raw_q90,ProtectiveStop,5,114,113,1,0,1,0,0,1,0
12_matched_models,lstm_autoencoder_19_raw_q90,ProtectiveStop,5,115,114,1,1,0,0,1,0,0
12_matched_models,lstm_autoencoder_19_raw_q90,ProtectiveStop,5,116,115,1,0,1,0,0,1,0
12_matched_models,lstm_autoencoder_19_raw_q90,ProtectiveStop,5,117,116,1,1,1,1,1,0,0
12_matched_models,lstm_autoencoder_19_raw_q90,ProtectiveStop,5,118,117,1,1,0,0,1,0,0
12_matched_models,lstm_autoencoder_19_raw_q90,ProtectiveStop,5,119,118,1,0,1,0,0,1,0
12_matched_models,lstm_autoencoder_19_raw_q90,ProtectiveStop,5,120,119,1,0,0,0,0,1,0
12_matched_models,lstm_autoencoder_19_raw_q90,ProtectiveStop,5,121,120,1,0,0,0,0,1,0
12_matched_models,lstm_autoencoder_19_raw_q90,ProtectiveStop,5,122,121,1,0,0,0,0,1,0
12_matched_models,lstm_autoencoder_19_raw_q90,ProtectiveStop,5,123,122,1,0,0,0,0,1,0
12_matched_models,lstm_autoencoder_19_raw_q90,ProtectiveStop,5,124,123,1,0,1,0,0,1,0
12_matched_models,lstm_autoencoder_19_raw_q90,ProtectiveStop,5,125,124,1,0,0,0,0,1,0
12_matched_models,lstm_autoencoder_19_raw_q90,ProtectiveStop,7,151,129,1,0,1,0,0,1,0
12_matched_models,lstm_autoencoder_19_raw_q90,ProtectiveStop,7,152,130,1,1,1,1,1,0,0
12_matched_models,lstm_autoencoder_19_raw_q90,ProtectiveStop,7,153,131,1,0,1,0,0,1,0
12_matched_models,lstm_autoencoder_19_raw_q90,ProtectiveStop,7,154,132,1,0,0,0,0,1,0
12_matched_models,lstm_autoencoder_19_raw_q90,ProtectiveStop,7,155,133,1,0,1,0,0,1,0
12_matched_models,lstm_autoencoder_19_raw_q90,ProtectiveStop,7,156,134,1,0,0,0,0,1,0
12_matched_models,lstm_autoencoder_19_raw_q90,ProtectiveStop,7,157,135,1,0,0,0,0,1,0
12_matched_models,lstm_autoencoder_19_raw_q90,ProtectiveStop,7,159,137,1,1,0,0,1,0,0
12_matched_models,lstm_autoencoder_19_raw_q90,ProtectiveStop,7,160,138,1,0,0,0,1,0,1
12_matched_models,lstm_autoencoder_19_raw_q90,ProtectiveStop,7,161,139,1,0,1,0,0,1,0
12_matched_models,lstm_autoencoder_19_raw_q90,ProtectiveStop,7,162,140,1,0,0,0,0,1,0
12_matched_models,lstm_autoencoder_19_raw_q90,ProtectiveStop,7,163,141,1,1,1,0,1,0,0
12_matched_models,lstm_autoencoder_19_raw_q90,ProtectiveStop,7,164,142,1,1,0,0,1,0,0
12_matched_models,lstm_autoencoder_19_raw_q90,ProtectiveStop,7,165,143,1,0,0,0,0,1,0
12_matched_models,lstm_autoencoder_19_raw_q90,ProtectiveStop,7,166,144,1,0,0,0,0,1,0
12_matched_models,lstm_autoencoder_19_raw_q90,ProtectiveStop,7,167,145,1,0,1,0,0,1,0
12_matched_models,lstm_autoencoder_19_raw_q90,ProtectiveStop,7,168,146,1,0,1,0,0,1,0
12_matched_models,lstm_autoencoder_19_raw_q90,ProtectiveStop,7,169,147,1,0,1,0,0,1,0
12_matched_models,lstm_autoencoder_19_raw_q90,ProtectiveStop,7,170,148,1,1,0,0,1,0,0
12_matched_models,lstm_autoencoder_19_raw_q90,ProtectiveStop,7,171,149,1,0,0,0,0,1,0
12_matched_models,lstm_autoencoder_19_raw_q90,ProtectiveStop,7,172,150,1,0,0,0,0,1,0
12_matched_models,lstm_autoencoder_19_raw_q90,ProtectiveStop,7,173,151,1,1,0,0,1,0,0
12_matched_models,lstm_autoencoder_19_raw_q90,ProtectiveStop,7,174,152,1,1,0,0,1,0,0
12_matched_models,lstm_autoencoder_19_raw_q90,ProtectiveStop,7,175,153,1,1,1,1,1,0,0
12_matched_models,lstm_autoencoder_19_raw_q90,ProtectiveStop,8,176,154,1,0,0,0,0,1,0
12_matched_models,lstm_autoencoder_19_raw_q90,ProtectiveStop,8,177,155,1,0,0,0,0,1,0
12_matched_models,lstm_autoencoder_19_raw_q90,ProtectiveStop,8,178,156,1,0,0,0,0,1,0
12_matched_models,lstm_autoencoder_19_raw_q90,ProtectiveStop,8,179,157,1,0,0,0,0,1,0
12_matched_models,lstm_autoencoder_19_raw_q90,ProtectiveStop,8,180,158,1,0,0,0,1,0,1
12_matched_models,lstm_autoencoder_19_raw_q90,ProtectiveStop,8,181,159,1,0,0,0,0,1,0
12_matched_models,lstm_autoencoder_19_raw_q90,ProtectiveStop,8,182,160,1,1,0,0,1,0,0
12_matched_models,lstm_autoencoder_19_raw_q90,ProtectiveStop,8,183,161,1,1,0,0,1,0,0
12_matched_models,lstm_autoencoder_19_raw_q90,ProtectiveStop,8,184,162,1,0,0,0,0,1,0
12_matched_models,lstm_autoencoder_19_raw_q90,ProtectiveStop,8,185,163,1,1,0,0,1,0,0
12_matched_models,lstm_autoencoder_19_raw_q90,ProtectiveStop,8,199,176,1,0,0,0,0,1,0
12_matched_models,lstm_autoencoder_19_raw_q90,ProtectiveStop,8,200,177,1,0,0,0,1,0,1
12_matched_models,lstm_autoencoder_19_raw_q90,ProtectiveStop,9,201,178,1,1,0,0,1,0,0
12_matched_models,lstm_autoencoder_19_raw_q90,ProtectiveStop,9,202,179,1,0,0,0,1,0,1
12_matched_models,lstm_autoencoder_19_raw_q90,ProtectiveStop,9,203,180,1,0,0,0,0,1,0
12_matched_models,lstm_autoencoder_19_raw_q90,ProtectiveStop,9,204,181,1,1,0,0,1,0,0
12_matched_models,lstm_autoencoder_19_raw_q90,ProtectiveStop,9,205,182,1,0,0,0,0,1,0
12_matched_models,lstm_autoencoder_19_raw_q90,ProtectiveStop,9,206,183,1,1,0,0,1,0,0
12_matched_models,lstm_autoencoder_19_raw_q90,ProtectiveStop,9,207,184,1,0,0,0,0,1,0
12_matched_models,lstm_autoencoder_19_raw_q90,ProtectiveStop,9,208,185,1,0,0,0,1,0,1
12_matched_models,lstm_autoencoder_19_raw_q90,ProtectiveStop,9,209,186,1,0,0,0,0,1,0
12_matched_models,lstm_autoencoder_19_raw_q90,ProtectiveStop,9,210,187,1,1,0,0,1,0,0
12_matched_models,lstm_autoencoder_19_raw_q90,ProtectiveStop,9,211,188,1,0,0,0,0,1,0
12_matched_models,lstm_autoencoder_19_raw_q90,ProtectiveStop,9,212,189,1,1,0,0,1,0,0
12_matched_models,lstm_autoencoder_19_raw_q90,ProtectiveStop,9,213,190,1,0,0,0,0,1,0
12_matched_models,lstm_autoencoder_19_raw_q90,ProtectiveStop,9,214,191,1,1,0,0,1,0,0
12_matched_models,lstm_autoencoder_19_raw_q90,ProtectiveStop,9,215,192,1,1,0,0,1,0,0
12_matched_models,lstm_autoencoder_19_raw_q90,ProtectiveStop,9,216,193,1,0,0,0,1,0,1
12_matched_models,lstm_autoencoder_19_raw_q90,ProtectiveStop,9,217,194,1,1,0,0,1,0,0
12_matched_models,lstm_autoencoder_19_raw_q90,ProtectiveStop,9,218,195,1,1,0,0,1,0,0
12_matched_models,lstm_autoencoder_19_raw_q90,ProtectiveStop,9,219,196,1,1,0,0,1,0,0
12_matched_models,lstm_autoencoder_19_raw_q90,ProtectiveStop,9,220,197,1,1,0,0,1,0,0
12_matched_models,lstm_autoencoder_19_raw_q90,ProtectiveStop,9,221,198,1,1,0,0,1,0,0
12_matched_models,lstm_autoencoder_19_raw_q90,ProtectiveStop,9,222,199,1,1,0,0,1,0,0
12_matched_models,lstm_autoencoder_19_raw_q90,ProtectiveStop,9,223,200,1,1,0,0,1,0,0
12_matched_models,lstm_autoencoder_19_raw_q90,ProtectiveStop,9,224,201,1,1,0,0,1,0,0
12_matched_models,lstm_autoencoder_19_raw_q90,ProtectiveStop,9,225,202,1,1,0,0,1,0,0
12_matched_models,lstm_autoencoder_19_raw_q90,ProtectiveStop,9,224,210,2,1,0,0,1,0,0
12_matched_models,lstm_autoencoder_19_raw_q90,ProtectiveStop,10,226,203,1,1,1,1,1,0,0
12_matched_models,lstm_autoencoder_19_raw_q90,ProtectiveStop,10,227,204,1,1,0,0,1,0,0
12_matched_models,lstm_autoencoder_19_raw_q90,ProtectiveStop,10,229,205,1,1,0,0,1,0,0
12_matched_models,lstm_autoencoder_19_raw_q90,ProtectiveStop,10,230,206,1,1,1,1,1,0,0
12_matched_models,lstm_autoencoder_19_raw_q90,ProtectiveStop,10,231,207,1,1,1,1,1,0,0
12_matched_models,lstm_autoencoder_19_raw_q90,ProtectiveStop,10,232,208,1,0,0,0,0,1,0
12_matched_models,lstm_autoencoder_19_raw_q90,ProtectiveStop,10,233,209,1,1,0,0,1,0,0
12_matched_models,lstm_autoencoder_19_raw_q90,ProtectiveStop,10,230,216,2,1,0,0,1,0,0
12_matched_models,lstm_autoencoder_19_raw_q90,ProtectiveStop,10,231,217,2,1,0,0,1,0,0
12_matched_models,lstm_autoencoder_19_raw_q90,ProtectiveStop,10,232,218,2,1,0,0,1,0,0
12_matched_models,lstm_autoencoder_19_raw_q90,ProtectiveStop,10,233,219,2,0,0,0,1,0,1
12_matched_models,lstm_autoencoder_19_raw_q90,ProtectiveStop,10,234,220,1,1,0,0,1,0,0
12_matched_models,lstm_autoencoder_19_raw_q90,ProtectiveStop,10,235,221,1,1,0,0,1,0,0
12_matched_models,lstm_autoencoder_19_raw_q90,ProtectiveStop,10,236,222,1,0,0,0,0,1,0
12_matched_models,lstm_autoencoder_19_raw_q90,ProtectiveStop,10,237,223,1,1,0,0,1,0,0
12_matched_models,lstm_autoencoder_19_raw_q90,ProtectiveStop,10,238,224,1,0,0,0,0,1,0
12_matched_models,lstm_autoencoder_19_raw_q90,ProtectiveStop,10,239,225,1,1,0,0,1,0,0
12_matched_models,lstm_autoencoder_19_raw_q90,ProtectiveStop,10,240,226,1,1,0,0,1,0,0
12_matched_models,lstm_autoencoder_19_raw_q90,ProtectiveStop,10,241,227,1,0,0,0,0,1,0
12_matched_models,lstm_autoencoder_19_raw_q90,ProtectiveStop,10,242,228,1,1,0,0,1,0,0
12_matched_models,lstm_autoencoder_19_raw_q90,ProtectiveStop,10,243,229,1,0,0,0,0,1,0
12_matched_models,lstm_autoencoder_19_raw_q90,ProtectiveStop,10,245,230,1,0,0,0,0,1,0
12_matched_models,lstm_autoencoder_19_raw_q90,ProtectiveStop,10,246,231,1,1,0,0,1,0,0
12_matched_models,lstm_autoencoder_19_raw_q90,ProtectiveStop,10,247,232,1,1,0,0,1,0,0
12_matched_models,lstm_autoencoder_19_raw_q90,ProtectiveStop,10,248,233,1,0,0,0,0,1,0
12_matched_models,lstm_autoencoder_19_raw_q90,ProtectiveStop,10,249,234,1,1,0,0,1,0,0
12_matched_models,lstm_autoencoder_19_raw_q90,ProtectiveStop,10,250,235,1,1,0,0,1,0,0
12_matched_models,lstm_autoencoder_19_raw_q90,GripLost,1,1,1,1,0,0,0,1,0,1
12_matched_models,lstm_autoencoder_19_raw_q90,GripLost,1,2,2,1,1,0,0,1,0,0
12_matched_models,lstm_autoencoder_19_raw_q90,GripLost,1,3,3,1,0,1,0,0,1,0
12_matched_models,lstm_autoencoder_19_raw_q90,GripLost,1,4,4,1,0,1,0,0,1,0
12_matched_models,lstm_autoencoder_19_raw_q90,GripLost,1,5,5,1,1,0,0,1,0,0
12_matched_models,lstm_autoencoder_19_raw_q90,GripLost,1,6,6,1,1,0,0,1,0,0
12_matched_models,lstm_autoencoder_19_raw_q90,GripLost,1,8,8,1,0,0,0,0,1,0
12_matched_models,lstm_autoencoder_19_raw_q90,GripLost,1,9,9,1,0,0,0,0,1,0
12_matched_models,lstm_autoencoder_19_raw_q90,GripLost,1,10,10,1,0,1,0,0,1,0
12_matched_models,lstm_autoencoder_19_raw_q90,GripLost,1,11,11,1,0,0,0,0,1,0
12_matched_models,lstm_autoencoder_19_raw_q90,GripLost,1,12,12,1,0,0,0,0,1,0
12_matched_models,lstm_autoencoder_19_raw_q90,GripLost,1,13,13,1,0,0,0,0,1,0
12_matched_models,lstm_autoencoder_19_raw_q90,GripLost,1,14,14,1,1,0,0,1,0,0
12_matched_models,lstm_autoencoder_19_raw_q90,GripLost,1,15,15,1,1,0,0,1,0,0
12_matched_models,lstm_autoencoder_19_raw_q90,GripLost,1,16,16,1,0,0,0,0,1,0
12_matched_models,lstm_autoencoder_19_raw_q90,GripLost,1,17,17,1,0,0,0,0,1,0
12_matched_models,lstm_autoencoder_19_raw_q90,GripLost,1,18,18,1,0,0,0,0,1,0
12_matched_models,lstm_autoencoder_19_raw_q90,GripLost,1,19,19,1,0,1,0,0,1,0
12_matched_models,lstm_autoencoder_19_raw_q90,GripLost,1,20,20,1,0,0,0,0,1,0
12_matched_models,lstm_autoencoder_19_raw_q90,GripLost,1,21,21,1,0,0,0,0,1,0
12_matched_models,lstm_autoencoder_19_raw_q90,GripLost,1,22,22,1,0,0,0,1,0,1
12_matched_models,lstm_autoencoder_19_raw_q90,GripLost,1,23,23,1,0,0,0,0,1,0
12_matched_models,lstm_autoencoder_19_raw_q90,GripLost,1,24,24,1,0,0,0,0,1,0
12_matched_models,lstm_autoencoder_19_raw_q90,GripLost,1,25,25,1,0,0,0,0,1,0
12_matched_models,lstm_autoencoder_19_raw_q90,GripLost,2,26,26,1,0,0,0,0,1,0
12_matched_models,lstm_autoencoder_19_raw_q90,GripLost,2,27,27,1,0,0,0,0,1,0
12_matched_models,lstm_autoencoder_19_raw_q90,GripLost,2,28,28,1,0,0,0,0,1,0
12_matched_models,lstm_autoencoder_19_raw_q90,GripLost,2,29,29,1,0,0,0,0,1,0
12_matched_models,lstm_autoencoder_19_raw_q90,GripLost,2,30,30,1,0,0,0,0,1,0
12_matched_models,lstm_autoencoder_19_raw_q90,GripLost,2,31,31,1,0,0,0,0,1,0
12_matched_models,lstm_autoencoder_19_raw_q90,GripLost,2,32,32,1,0,1,0,0,1,0
12_matched_models,lstm_autoencoder_19_raw_q90,GripLost,2,33,33,1,0,0,0,0,1,0
12_matched_models,lstm_autoencoder_19_raw_q90,GripLost,2,34,34,1,0,1,0,0,1,0
12_matched_models,lstm_autoencoder_19_raw_q90,GripLost,2,35,35,1,0,0,0,1,0,1
12_matched_models,lstm_autoencoder_19_raw_q90,GripLost,2,36,36,1,1,0,0,1,0,0
12_matched_models,lstm_autoencoder_19_raw_q90,GripLost,2,37,37,1,0,0,0,0,1,0
12_matched_models,lstm_autoencoder_19_raw_q90,GripLost,2,38,38,1,0,0,0,0,1,0
12_matched_models,lstm_autoencoder_19_raw_q90,GripLost,2,39,39,1,1,0,0,1,0,0
12_matched_models,lstm_autoencoder_19_raw_q90,GripLost,2,40,40,1,1,0,0,1,0,0
12_matched_models,lstm_autoencoder_19_raw_q90,GripLost,2,41,41,1,0,0,0,0,1,0
12_matched_models,lstm_autoencoder_19_raw_q90,GripLost,2,42,42,1,0,0,0,1,0,1
12_matched_models,lstm_autoencoder_19_raw_q90,GripLost,2,43,43,1,0,0,0,0,1,0
12_matched_models,lstm_autoencoder_19_raw_q90,GripLost,2,44,44,1,0,0,0,0,1,0
12_matched_models,lstm_autoencoder_19_raw_q90,GripLost,2,45,45,1,0,0,0,0,1,0
12_matched_models,lstm_autoencoder_19_raw_q90,GripLost,2,48,48,1,0,0,0,0,1,0
12_matched_models,lstm_autoencoder_19_raw_q90,GripLost,2,49,49,1,0,0,0,0,1,0
12_matched_models,lstm_autoencoder_19_raw_q90,GripLost,2,50,50,1,0,0,0,0,1,0
12_matched_models,lstm_autoencoder_19_raw_q90,GripLost,3,51,51,1,0,0,0,0,1,0
12_matched_models,lstm_autoencoder_19_raw_q90,GripLost,3,52,52,1,0,0,0,0,1,0
12_matched_models,lstm_autoencoder_19_raw_q90,GripLost,3,53,53,1,0,0,0,1,0,1
12_matched_models,lstm_autoencoder_19_raw_q90,GripLost,3,54,54,1,0,0,0,0,1,0
12_matched_models,lstm_autoencoder_19_raw_q90,GripLost,3,55,55,1,0,0,0,0,1,0
12_matched_models,lstm_autoencoder_19_raw_q90,GripLost,3,56,56,1,0,0,0,0,1,0
12_matched_models,lstm_autoencoder_19_raw_q90,GripLost,3,57,57,1,0,0,0,0,1,0
12_matched_models,lstm_autoencoder_19_raw_q90,GripLost,3,58,58,1,0,0,0,0,1,0
12_matched_models,lstm_autoencoder_19_raw_q90,GripLost,3,59,59,1,0,0,0,0,1,0
12_matched_models,lstm_autoencoder_19_raw_q90,GripLost,3,60,60,1,0,0,0,0,1,0
12_matched_models,lstm_autoencoder_19_raw_q90,GripLost,3,61,61,1,0,0,0,0,1,0
12_matched_models,lstm_autoencoder_19_raw_q90,GripLost,3,62,62,1,0,0,0,0,1,0
12_matched_models,lstm_autoencoder_19_raw_q90,GripLost,3,63,63,1,1,0,0,1,0,0
12_matched_models,lstm_autoencoder_19_raw_q90,GripLost,3,64,64,1,1,0,0,1,0,0
12_matched_models,lstm_autoencoder_19_raw_q90,GripLost,3,65,65,1,1,0,0,1,0,0
12_matched_models,lstm_autoencoder_19_raw_q90,GripLost,3,66,66,1,0,0,0,0,1,0
12_matched_models,lstm_autoencoder_19_raw_q90,GripLost,3,67,67,1,1,0,0,1,0,0
12_matched_models,lstm_autoencoder_19_raw_q90,GripLost,3,68,68,1,0,0,0,0,1,0
12_matched_models,lstm_autoencoder_19_raw_q90,GripLost,3,69,69,1,1,0,0,1,0,0
12_matched_models,lstm_autoencoder_19_raw_q90,GripLost,3,70,70,1,0,0,0,0,1,0
12_matched_models,lstm_autoencoder_19_raw_q90,GripLost,3,71,71,1,0,0,0,0,1,0
12_matched_models,lstm_autoencoder_19_raw_q90,GripLost,3,72,72,1,0,1,0,0,1,0
12_matched_models,lstm_autoencoder_19_raw_q90,GripLost,3,73,73,1,0,0,0,0,1,0
12_matched_models,lstm_autoencoder_19_raw_q90,GripLost,3,75,74,1,0,0,0,0,1,0
12_matched_models,lstm_autoencoder_19_raw_q90,GripLost,4,76,75,1,1,0,0,1,0,0
12_matched_models,lstm_autoencoder_19_raw_q90,GripLost,4,85,84,1,0,0,0,0,1,0
12_matched_models,lstm_autoencoder_19_raw_q90,GripLost,4,86,85,1,1,0,0,1,0,0
12_matched_models,lstm_autoencoder_19_raw_q90,GripLost,4,87,86,1,0,0,0,1,0,1
12_matched_models,lstm_autoencoder_19_raw_q90,GripLost,4,88,87,1,0,0,0,0,1,0
12_matched_models,lstm_autoencoder_19_raw_q90,GripLost,4,89,88,1,0,0,0,0,1,0
12_matched_models,lstm_autoencoder_19_raw_q90,GripLost,4,90,89,1,0,0,0,0,1,0
12_matched_models,lstm_autoencoder_19_raw_q90,GripLost,4,91,90,1,1,0,0,1,0,0
12_matched_models,lstm_autoencoder_19_raw_q90,GripLost,4,92,91,1,1,0,0,1,0,0
12_matched_models,lstm_autoencoder_19_raw_q90,GripLost,4,93,92,1,0,1,0,0,1,0
12_matched_models,lstm_autoencoder_19_raw_q90,GripLost,4,94,93,1,0,1,0,0,1,0
12_matched_models,lstm_autoencoder_19_raw_q90,GripLost,4,95,94,1,1,0,0,1,0,0
12_matched_models,lstm_autoencoder_19_raw_q90,GripLost,4,96,95,1,1,0,0,1,0,0
12_matched_models,lstm_autoencoder_19_raw_q90,GripLost,4,97,96,1,1,0,0,1,0,0
12_matched_models,lstm_autoencoder_19_raw_q90,GripLost,4,98,97,1,0,0,0,0,1,0
12_matched_models,lstm_autoencoder_19_raw_q90,GripLost,4,99,98,1,0,0,0,1,0,1
12_matched_models,lstm_autoencoder_19_raw_q90,GripLost,4,100,99,1,0,0,0,0,1,0
12_matched_models,lstm_autoencoder_19_raw_q90,GripLost,5,101,100,1,0,0,0,0,1,0
12_matched_models,lstm_autoencoder_19_raw_q90,GripLost,5,102,101,1,0,0,0,0,1,0
12_matched_models,lstm_autoencoder_19_raw_q90,GripLost,5,103,102,1,0,1,0,1,0,1
12_matched_models,lstm_autoencoder_19_raw_q90,GripLost,5,104,103,1,0,0,0,0,1,0
12_matched_models,lstm_autoencoder_19_raw_q90,GripLost,5,105,104,1,1,0,0,1,0,0
12_matched_models,lstm_autoencoder_19_raw_q90,GripLost,5,106,105,1,0,1,0,0,1,0
12_matched_models,lstm_autoencoder_19_raw_q90,GripLost,5,107,106,1,0,1,0,0,1,0
12_matched_models,lstm_autoencoder_19_raw_q90,GripLost,5,108,107,1,0,0,0,1,0,1
12_matched_models,lstm_autoencoder_19_raw_q90,GripLost,5,109,108,1,0,0,0,0,1,0
12_matched_models,lstm_autoencoder_19_raw_q90,GripLost,5,110,109,1,0,0,0,0,1,0
12_matched_models,lstm_autoencoder_19_raw_q90,GripLost,5,111,110,1,0,1,0,0,1,0
12_matched_models,lstm_autoencoder_19_raw_q90,GripLost,5,112,111,1,0,0,0,0,1,0
12_matched_models,lstm_autoencoder_19_raw_q90,GripLost,5,113,112,1,0,1,0,0,1,0
12_matched_models,lstm_autoencoder_19_raw_q90,GripLost,5,114,113,1,0,1,0,0,1,0
12_matched_models,lstm_autoencoder_19_raw_q90,GripLost,5,115,114,1,0,0,0,1,0,1
12_matched_models,lstm_autoencoder_19_raw_q90,GripLost,5,116,115,1,0,1,0,0,1,0
12_matched_models,lstm_autoencoder_19_raw_q90,GripLost,5,117,116,1,0,1,0,1,0,1
12_matched_models,lstm_autoencoder_19_raw_q90,GripLost,5,118,117,1,0,0,0,1,0,1
12_matched_models,lstm_autoencoder_19_raw_q90,GripLost,5,119,118,1,0,1,0,0,1,0
12_matched_models,lstm_autoencoder_19_raw_q90,GripLost,5,120,119,1,0,0,0,0,1,0
12_matched_models,lstm_autoencoder_19_raw_q90,GripLost,5,121,120,1,0,0,0,0,1,0
12_matched_models,lstm_autoencoder_19_raw_q90,GripLost,5,122,121,1,0,0,0,0,1,0
12_matched_models,lstm_autoencoder_19_raw_q90,GripLost,5,123,122,1,0,0,0,0,1,0
12_matched_models,lstm_autoencoder_19_raw_q90,GripLost,5,124,123,1,0,1,0,0,1,0
12_matched_models,lstm_autoencoder_19_raw_q90,GripLost,5,125,124,1,0,0,0,0,1,0
12_matched_models,lstm_autoencoder_19_raw_q90,GripLost,7,151,129,1,0,1,0,0,1,0
12_matched_models,lstm_autoencoder_19_raw_q90,GripLost,7,152,130,1,0,1,0,1,0,1
12_matched_models,lstm_autoencoder_19_raw_q90,GripLost,7,153,131,1,0,1,0,0,1,0
12_matched_models,lstm_autoencoder_19_raw_q90,GripLost,7,154,132,1,0,0,0,0,1,0
12_matched_models,lstm_autoencoder_19_raw_q90,GripLost,7,155,133,1,0,1,0,0,1,0
12_matched_models,lstm_autoencoder_19_raw_q90,GripLost,7,156,134,1,0,0,0,0,1,0
12_matched_models,lstm_autoencoder_19_raw_q90,GripLost,7,157,135,1,0,0,0,0,1,0
12_matched_models,lstm_autoencoder_19_raw_q90,GripLost,7,159,137,1,0,0,0,1,0,1
12_matched_models,lstm_autoencoder_19_raw_q90,GripLost,7,160,138,1,1,0,0,1,0,0
12_matched_models,lstm_autoencoder_19_raw_q90,GripLost,7,161,139,1,0,1,0,0,1,0
12_matched_models,lstm_autoencoder_19_raw_q90,GripLost,7,162,140,1,0,0,0,0,1,0
12_matched_models,lstm_autoencoder_19_raw_q90,GripLost,7,163,141,1,0,1,0,1,0,1
12_matched_models,lstm_autoencoder_19_raw_q90,GripLost,7,164,142,1,1,0,0,1,0,0
12_matched_models,lstm_autoencoder_19_raw_q90,GripLost,7,165,143,1,0,0,0,0,1,0
12_matched_models,lstm_autoencoder_19_raw_q90,GripLost,7,166,144,1,0,0,0,0,1,0
12_matched_models,lstm_autoencoder_19_raw_q90,GripLost,7,167,145,1,0,1,0,0,1,0
12_matched_models,lstm_autoencoder_19_raw_q90,GripLost,7,168,146,1,0,1,0,0,1,0
12_matched_models,lstm_autoencoder_19_raw_q90,GripLost,7,169,147,1,0,1,0,0,1,0
12_matched_models,lstm_autoencoder_19_raw_q90,GripLost,7,170,148,1,0,0,0,1,0,1
12_matched_models,lstm_autoencoder_19_raw_q90,GripLost,7,171,149,1,0,0,0,0,1,0
12_matched_models,lstm_autoencoder_19_raw_q90,GripLost,7,172,150,1,0,0,0,0,1,0
12_matched_models,lstm_autoencoder_19_raw_q90,GripLost,7,173,151,1,1,0,0,1,0,0
12_matched_models,lstm_autoencoder_19_raw_q90,GripLost,7,174,152,1,1,0,0,1,0,0
12_matched_models,lstm_autoencoder_19_raw_q90,GripLost,7,175,153,1,0,1,0,1,0,1
12_matched_models,lstm_autoencoder_19_raw_q90,GripLost,8,176,154,1,0,0,0,0,1,0
12_matched_models,lstm_autoencoder_19_raw_q90,GripLost,8,177,155,1,0,0,0,0,1,0
12_matched_models,lstm_autoencoder_19_raw_q90,GripLost,8,178,156,1,0,0,0,0,1,0
12_matched_models,lstm_autoencoder_19_raw_q90,GripLost,8,179,157,1,0,0,0,0,1,0
12_matched_models,lstm_autoencoder_19_raw_q90,GripLost,8,180,158,1,1,0,0,1,0,0
12_matched_models,lstm_autoencoder_19_raw_q90,GripLost,8,181,159,1,0,0,0,0,1,0
12_matched_models,lstm_autoencoder_19_raw_q90,GripLost,8,182,160,1,0,0,0,1,0,1
12_matched_models,lstm_autoencoder_19_raw_q90,GripLost,8,183,161,1,0,0,0,1,0,1
12_matched_models,lstm_autoencoder_19_raw_q90,GripLost,8,184,162,1,0,0,0,0,1,0
12_matched_models,lstm_autoencoder_19_raw_q90,GripLost,8,185,163,1,0,0,0,1,0,1
12_matched_models,lstm_autoencoder_19_raw_q90,GripLost,8,199,176,1,0,0,0,0,1,0
12_matched_models,lstm_autoencoder_19_raw_q90,GripLost,8,200,177,1,1,0,0,1,0,0
12_matched_models,lstm_autoencoder_19_raw_q90,GripLost,9,201,178,1,0,0,0,1,0,1
12_matched_models,lstm_autoencoder_19_raw_q90,GripLost,9,202,179,1,1,0,0,1,0,0
12_matched_models,lstm_autoencoder_19_raw_q90,GripLost,9,203,180,1,0,0,0,0,1,0
12_matched_models,lstm_autoencoder_19_raw_q90,GripLost,9,204,181,1,0,0,0,1,0,1
12_matched_models,lstm_autoencoder_19_raw_q90,GripLost,9,205,182,1,0,0,0,0,1,0
12_matched_models,lstm_autoencoder_19_raw_q90,GripLost,9,206,183,1,0,0,0,1,0,1
12_matched_models,lstm_autoencoder_19_raw_q90,GripLost,9,207,184,1,0,0,0,0,1,0
12_matched_models,lstm_autoencoder_19_raw_q90,GripLost,9,208,185,1,1,0,0,1,0,0
12_matched_models,lstm_autoencoder_19_raw_q90,GripLost,9,209,186,1,0,0,0,0,1,0
12_matched_models,lstm_autoencoder_19_raw_q90,GripLost,9,210,187,1,0,0,0,1,0,1
12_matched_models,lstm_autoencoder_19_raw_q90,GripLost,9,211,188,1,0,0,0,0,1,0
12_matched_models,lstm_autoencoder_19_raw_q90,GripLost,9,212,189,1,0,0,0,1,0,1
12_matched_models,lstm_autoencoder_19_raw_q90,GripLost,9,213,190,1,0,0,0,0,1,0
12_matched_models,lstm_autoencoder_19_raw_q90,GripLost,9,214,191,1,1,0,0,1,0,0
12_matched_models,lstm_autoencoder_19_raw_q90,GripLost,9,215,192,1,0,0,0,1,0,1
12_matched_models,lstm_autoencoder_19_raw_q90,GripLost,9,216,193,1,1,0,0,1,0,0
12_matched_models,lstm_autoencoder_19_raw_q90,GripLost,9,217,194,1,0,0,0,1,0,1
12_matched_models,lstm_autoencoder_19_raw_q90,GripLost,9,218,195,1,0,0,0,1,0,1
12_matched_models,lstm_autoencoder_19_raw_q90,GripLost,9,219,196,1,1,0,0,1,0,0
12_matched_models,lstm_autoencoder_19_raw_q90,GripLost,9,220,197,1,0,0,0,1,0,1
12_matched_models,lstm_autoencoder_19_raw_q90,GripLost,9,221,198,1,1,0,0,1,0,0
12_matched_models,lstm_autoencoder_19_raw_q90,GripLost,9,222,199,1,0,0,0,1,0,1
12_matched_models,lstm_autoencoder_19_raw_q90,GripLost,9,223,200,1,0,0,0,1,0,1
12_matched_models,lstm_autoencoder_19_raw_q90,GripLost,9,224,201,1,0,0,0,1,0,1
12_matched_models,lstm_autoencoder_19_raw_q90,GripLost,9,225,202,1,0,0,0,1,0,1
12_matched_models,lstm_autoencoder_19_raw_q90,GripLost,9,224,210,2,0,0,0,1,0,1
12_matched_models,lstm_autoencoder_19_raw_q90,GripLost,10,226,203,1,0,1,0,1,0,1
12_matched_models,lstm_autoencoder_19_raw_q90,GripLost,10,227,204,1,0,0,0,1,0,1
12_matched_models,lstm_autoencoder_19_raw_q90,GripLost,10,229,205,1,0,0,0,1,0,1
12_matched_models,lstm_autoencoder_19_raw_q90,GripLost,10,230,206,1,0,1,0,1,0,1
12_matched_models,lstm_autoencoder_19_raw_q90,GripLost,10,231,207,1,0,1,0,1,0,1
12_matched_models,lstm_autoencoder_19_raw_q90,GripLost,10,232,208,1,0,0,0,0,1,0
12_matched_models,lstm_autoencoder_19_raw_q90,GripLost,10,233,209,1,0,0,0,1,0,1
12_matched_models,lstm_autoencoder_19_raw_q90,GripLost,10,230,216,2,0,0,0,1,0,1
12_matched_models,lstm_autoencoder_19_raw_q90,GripLost,10,231,217,2,0,0,0,1,0,1
12_matched_models,lstm_autoencoder_19_raw_q90,GripLost,10,232,218,2,1,0,0,1,0,0
12_matched_models,lstm_autoencoder_19_raw_q90,GripLost,10,233,219,2,1,0,0,1,0,0
12_matched_models,lstm_autoencoder_19_raw_q90,GripLost,10,234,220,1,1,0,0,1,0,0
12_matched_models,lstm_autoencoder_19_raw_q90,GripLost,10,235,221,1,0,0,0,1,0,1
12_matched_models,lstm_autoencoder_19_raw_q90,GripLost,10,236,222,1,0,0,0,0,1,0
12_matched_models,lstm_autoencoder_19_raw_q90,GripLost,10,237,223,1,1,0,0,1,0,0
12_matched_models,lstm_autoencoder_19_raw_q90,GripLost,10,238,224,1,0,0,0,0,1,0
12_matched_models,lstm_autoencoder_19_raw_q90,GripLost,10,239,225,1,0,0,0,1,0,1
12_matched_models,lstm_autoencoder_19_raw_q90,GripLost,10,240,226,1,0,0,0,1,0,1
12_matched_models,lstm_autoencoder_19_raw_q90,GripLost,10,241,227,1,0,0,0,0,1,0
12_matched_models,lstm_autoencoder_19_raw_q90,GripLost,10,242,228,1,0,0,0,1,0,1
12_matched_models,lstm_autoencoder_19_raw_q90,GripLost,10,243,229,1,0,0,0,0,1,0
12_matched_models,lstm_autoencoder_19_raw_q90,GripLost,10,245,230,1,0,0,0,0,1,0
12_matched_models,lstm_autoencoder_19_raw_q90,GripLost,10,246,231,1,0,0,0,1,0,1
12_matched_models,lstm_autoencoder_19_raw_q90,GripLost,10,247,232,1,1,0,0,1,0,0
12_matched_models,lstm_autoencoder_19_raw_q90,GripLost,10,248,233,1,0,0,0,0,1,0
12_matched_models,lstm_autoencoder_19_raw_q90,GripLost,10,249,234,1,0,0,0,1,0,1
12_matched_models,lstm_autoencoder_19_raw_q90,GripLost,10,250,235,1,1,0,0,1,0,0
12_matched_models,lstm_autoencoder_19_raw_q95,System_Failure,1,1,1,1,1,0,0,1,0,0
12_matched_models,lstm_autoencoder_19_raw_q95,System_Failure,1,2,2,1,1,0,0,1,0,0
12_matched_models,lstm_autoencoder_19_raw_q95,System_Failure,1,3,3,1,0,1,0,0,1,0
12_matched_models,lstm_autoencoder_19_raw_q95,System_Failure,1,4,4,1,0,0,0,0,1,0
12_matched_models,lstm_autoencoder_19_raw_q95,System_Failure,1,5,5,1,1,0,0,1,0,0
12_matched_models,lstm_autoencoder_19_raw_q95,System_Failure,1,6,6,1,1,0,0,1,0,0
12_matched_models,lstm_autoencoder_19_raw_q95,System_Failure,1,8,8,1,0,0,0,0,1,0
12_matched_models,lstm_autoencoder_19_raw_q95,System_Failure,1,9,9,1,0,0,0,0,1,0
12_matched_models,lstm_autoencoder_19_raw_q95,System_Failure,1,10,10,1,0,0,0,0,1,0
12_matched_models,lstm_autoencoder_19_raw_q95,System_Failure,1,11,11,1,0,0,0,0,1,0
12_matched_models,lstm_autoencoder_19_raw_q95,System_Failure,1,12,12,1,0,0,0,0,1,0
12_matched_models,lstm_autoencoder_19_raw_q95,System_Failure,1,13,13,1,0,0,0,0,1,0
12_matched_models,lstm_autoencoder_19_raw_q95,System_Failure,1,14,14,1,1,0,0,1,0,0
12_matched_models,lstm_autoencoder_19_raw_q95,System_Failure,1,15,15,1,1,0,0,1,0,0
12_matched_models,lstm_autoencoder_19_raw_q95,System_Failure,1,16,16,1,0,0,0,0,1,0
12_matched_models,lstm_autoencoder_19_raw_q95,System_Failure,1,17,17,1,0,0,0,0,1,0
12_matched_models,lstm_autoencoder_19_raw_q95,System_Failure,1,18,18,1,0,0,0,0,1,0
12_matched_models,lstm_autoencoder_19_raw_q95,System_Failure,1,19,19,1,0,0,0,0,1,0
12_matched_models,lstm_autoencoder_19_raw_q95,System_Failure,1,20,20,1,0,0,0,0,1,0
12_matched_models,lstm_autoencoder_19_raw_q95,System_Failure,1,21,21,1,0,0,0,0,1,0
12_matched_models,lstm_autoencoder_19_raw_q95,System_Failure,1,22,22,1,1,0,0,1,0,0
12_matched_models,lstm_autoencoder_19_raw_q95,System_Failure,1,23,23,1,0,0,0,0,1,0
12_matched_models,lstm_autoencoder_19_raw_q95,System_Failure,1,24,24,1,0,0,0,0,1,0
12_matched_models,lstm_autoencoder_19_raw_q95,System_Failure,1,25,25,1,0,0,0,0,1,0
12_matched_models,lstm_autoencoder_19_raw_q95,System_Failure,2,26,26,1,0,0,0,0,1,0
12_matched_models,lstm_autoencoder_19_raw_q95,System_Failure,2,27,27,1,0,0,0,0,1,0
12_matched_models,lstm_autoencoder_19_raw_q95,System_Failure,2,28,28,1,0,0,0,0,1,0
12_matched_models,lstm_autoencoder_19_raw_q95,System_Failure,2,29,29,1,0,0,0,0,1,0
12_matched_models,lstm_autoencoder_19_raw_q95,System_Failure,2,30,30,1,0,0,0,0,1,0
12_matched_models,lstm_autoencoder_19_raw_q95,System_Failure,2,31,31,1,0,0,0,0,1,0
12_matched_models,lstm_autoencoder_19_raw_q95,System_Failure,2,32,32,1,0,0,0,0,1,0
12_matched_models,lstm_autoencoder_19_raw_q95,System_Failure,2,33,33,1,0,0,0,0,1,0
12_matched_models,lstm_autoencoder_19_raw_q95,System_Failure,2,34,34,1,0,0,0,0,1,0
12_matched_models,lstm_autoencoder_19_raw_q95,System_Failure,2,35,35,1,1,0,0,1,0,0
12_matched_models,lstm_autoencoder_19_raw_q95,System_Failure,2,36,36,1,1,0,0,1,0,0
12_matched_models,lstm_autoencoder_19_raw_q95,System_Failure,2,37,37,1,0,0,0,0,1,0
12_matched_models,lstm_autoencoder_19_raw_q95,System_Failure,2,38,38,1,0,0,0,0,1,0
12_matched_models,lstm_autoencoder_19_raw_q95,System_Failure,2,39,39,1,1,0,0,1,0,0
12_matched_models,lstm_autoencoder_19_raw_q95,System_Failure,2,40,40,1,1,0,0,1,0,0
12_matched_models,lstm_autoencoder_19_raw_q95,System_Failure,2,41,41,1,0,0,0,0,1,0
12_matched_models,lstm_autoencoder_19_raw_q95,System_Failure,2,42,42,1,1,0,0,1,0,0
12_matched_models,lstm_autoencoder_19_raw_q95,System_Failure,2,43,43,1,0,0,0,0,1,0
12_matched_models,lstm_autoencoder_19_raw_q95,System_Failure,2,44,44,1,0,0,0,0,1,0
12_matched_models,lstm_autoencoder_19_raw_q95,System_Failure,2,45,45,1,0,0,0,0,1,0
12_matched_models,lstm_autoencoder_19_raw_q95,System_Failure,2,48,48,1,0,0,0,0,1,0
12_matched_models,lstm_autoencoder_19_raw_q95,System_Failure,2,49,49,1,0,0,0,0,1,0
12_matched_models,lstm_autoencoder_19_raw_q95,System_Failure,2,50,50,1,0,0,0,0,1,0
12_matched_models,lstm_autoencoder_19_raw_q95,System_Failure,3,51,51,1,0,0,0,0,1,0
12_matched_models,lstm_autoencoder_19_raw_q95,System_Failure,3,52,52,1,0,0,0,0,1,0
12_matched_models,lstm_autoencoder_19_raw_q95,System_Failure,3,53,53,1,1,0,0,1,0,0
12_matched_models,lstm_autoencoder_19_raw_q95,System_Failure,3,54,54,1,0,0,0,0,1,0
12_matched_models,lstm_autoencoder_19_raw_q95,System_Failure,3,55,55,1,0,0,0,0,1,0
12_matched_models,lstm_autoencoder_19_raw_q95,System_Failure,3,56,56,1,0,0,0,0,1,0
12_matched_models,lstm_autoencoder_19_raw_q95,System_Failure,3,57,57,1,0,0,0,0,1,0
12_matched_models,lstm_autoencoder_19_raw_q95,System_Failure,3,58,58,1,0,0,0,0,1,0
12_matched_models,lstm_autoencoder_19_raw_q95,System_Failure,3,59,59,1,0,0,0,0,1,0
12_matched_models,lstm_autoencoder_19_raw_q95,System_Failure,3,60,60,1,0,0,0,0,1,0
12_matched_models,lstm_autoencoder_19_raw_q95,System_Failure,3,61,61,1,0,0,0,0,1,0
12_matched_models,lstm_autoencoder_19_raw_q95,System_Failure,3,62,62,1,0,0,0,0,1,0
12_matched_models,lstm_autoencoder_19_raw_q95,System_Failure,3,63,63,1,1,0,0,1,0,0
12_matched_models,lstm_autoencoder_19_raw_q95,System_Failure,3,64,64,1,1,0,0,1,0,0
12_matched_models,lstm_autoencoder_19_raw_q95,System_Failure,3,65,65,1,1,0,0,1,0,0
12_matched_models,lstm_autoencoder_19_raw_q95,System_Failure,3,66,66,1,0,0,0,0,1,0
12_matched_models,lstm_autoencoder_19_raw_q95,System_Failure,3,67,67,1,1,0,0,1,0,0
12_matched_models,lstm_autoencoder_19_raw_q95,System_Failure,3,68,68,1,0,0,0,0,1,0
12_matched_models,lstm_autoencoder_19_raw_q95,System_Failure,3,69,69,1,1,0,0,1,0,0
12_matched_models,lstm_autoencoder_19_raw_q95,System_Failure,3,70,70,1,0,0,0,0,1,0
12_matched_models,lstm_autoencoder_19_raw_q95,System_Failure,3,71,71,1,0,0,0,0,1,0
12_matched_models,lstm_autoencoder_19_raw_q95,System_Failure,3,72,72,1,0,0,0,0,1,0
12_matched_models,lstm_autoencoder_19_raw_q95,System_Failure,3,73,73,1,0,0,0,0,1,0
12_matched_models,lstm_autoencoder_19_raw_q95,System_Failure,3,75,74,1,0,0,0,0,1,0
12_matched_models,lstm_autoencoder_19_raw_q95,System_Failure,4,76,75,1,1,0,0,1,0,0
12_matched_models,lstm_autoencoder_19_raw_q95,System_Failure,4,85,84,1,0,0,0,0,1,0
12_matched_models,lstm_autoencoder_19_raw_q95,System_Failure,4,86,85,1,1,0,0,1,0,0
12_matched_models,lstm_autoencoder_19_raw_q95,System_Failure,4,87,86,1,1,0,0,1,0,0
12_matched_models,lstm_autoencoder_19_raw_q95,System_Failure,4,88,87,1,0,0,0,0,1,0
12_matched_models,lstm_autoencoder_19_raw_q95,System_Failure,4,89,88,1,0,0,0,0,1,0
12_matched_models,lstm_autoencoder_19_raw_q95,System_Failure,4,90,89,1,0,0,0,0,1,0
12_matched_models,lstm_autoencoder_19_raw_q95,System_Failure,4,91,90,1,1,0,0,1,0,0
12_matched_models,lstm_autoencoder_19_raw_q95,System_Failure,4,92,91,1,1,0,0,1,0,0
12_matched_models,lstm_autoencoder_19_raw_q95,System_Failure,4,93,92,1,0,1,0,0,1,0
12_matched_models,lstm_autoencoder_19_raw_q95,System_Failure,4,94,93,1,0,0,0,0,1,0
12_matched_models,lstm_autoencoder_19_raw_q95,System_Failure,4,95,94,1,1,0,0,1,0,0
12_matched_models,lstm_autoencoder_19_raw_q95,System_Failure,4,96,95,1,1,0,0,1,0,0
12_matched_models,lstm_autoencoder_19_raw_q95,System_Failure,4,97,96,1,1,0,0,1,0,0
12_matched_models,lstm_autoencoder_19_raw_q95,System_Failure,4,98,97,1,0,0,0,0,1,0
12_matched_models,lstm_autoencoder_19_raw_q95,System_Failure,4,99,98,1,1,0,0,1,0,0
12_matched_models,lstm_autoencoder_19_raw_q95,System_Failure,4,100,99,1,0,0,0,0,1,0
12_matched_models,lstm_autoencoder_19_raw_q95,System_Failure,5,101,100,1,0,0,0,0,1,0
12_matched_models,lstm_autoencoder_19_raw_q95,System_Failure,5,102,101,1,0,0,0,0,1,0
12_matched_models,lstm_autoencoder_19_raw_q95,System_Failure,5,103,102,1,1,1,1,1,0,0
12_matched_models,lstm_autoencoder_19_raw_q95,System_Failure,5,104,103,1,0,0,0,0,1,0
12_matched_models,lstm_autoencoder_19_raw_q95,System_Failure,5,105,104,1,1,0,0,1,0,0
12_matched_models,lstm_autoencoder_19_raw_q95,System_Failure,5,106,105,1,0,1,0,0,1,0
12_matched_models,lstm_autoencoder_19_raw_q95,System_Failure,5,107,106,1,0,1,0,0,1,0
12_matched_models,lstm_autoencoder_19_raw_q95,System_Failure,5,108,107,1,1,0,0,1,0,0
12_matched_models,lstm_autoencoder_19_raw_q95,System_Failure,5,109,108,1,0,0,0,0,1,0
12_matched_models,lstm_autoencoder_19_raw_q95,System_Failure,5,110,109,1,0,0,0,0,1,0
12_matched_models,lstm_autoencoder_19_raw_q95,System_Failure,5,111,110,1,0,0,0,0,1,0
12_matched_models,lstm_autoencoder_19_raw_q95,System_Failure,5,112,111,1,0,0,0,0,1,0
12_matched_models,lstm_autoencoder_19_raw_q95,System_Failure,5,113,112,1,0,1,0,0,1,0
12_matched_models,lstm_autoencoder_19_raw_q95,System_Failure,5,114,113,1,0,1,0,0,1,0
12_matched_models,lstm_autoencoder_19_raw_q95,System_Failure,5,115,114,1,1,0,0,1,0,0
12_matched_models,lstm_autoencoder_19_raw_q95,System_Failure,5,116,115,1,0,1,0,0,1,0
12_matched_models,lstm_autoencoder_19_raw_q95,System_Failure,5,117,116,1,1,1,1,1,0,0
12_matched_models,lstm_autoencoder_19_raw_q95,System_Failure,5,118,117,1,1,0,0,1,0,0
12_matched_models,lstm_autoencoder_19_raw_q95,System_Failure,5,119,118,1,0,1,0,0,1,0
12_matched_models,lstm_autoencoder_19_raw_q95,System_Failure,5,120,119,1,0,0,0,0,1,0
12_matched_models,lstm_autoencoder_19_raw_q95,System_Failure,5,121,120,1,0,0,0,0,1,0
12_matched_models,lstm_autoencoder_19_raw_q95,System_Failure,5,122,121,1,0,0,0,0,1,0
12_matched_models,lstm_autoencoder_19_raw_q95,System_Failure,5,123,122,1,0,0,0,0,1,0
12_matched_models,lstm_autoencoder_19_raw_q95,System_Failure,5,124,123,1,0,1,0,0,1,0
12_matched_models,lstm_autoencoder_19_raw_q95,System_Failure,5,125,124,1,0,0,0,0,1,0
12_matched_models,lstm_autoencoder_19_raw_q95,System_Failure,7,151,129,1,0,0,0,0,1,0
12_matched_models,lstm_autoencoder_19_raw_q95,System_Failure,7,152,130,1,1,0,0,1,0,0
12_matched_models,lstm_autoencoder_19_raw_q95,System_Failure,7,153,131,1,0,1,0,0,1,0
12_matched_models,lstm_autoencoder_19_raw_q95,System_Failure,7,154,132,1,0,0,0,0,1,0
12_matched_models,lstm_autoencoder_19_raw_q95,System_Failure,7,155,133,1,0,1,0,0,1,0
12_matched_models,lstm_autoencoder_19_raw_q95,System_Failure,7,156,134,1,0,0,0,0,1,0
12_matched_models,lstm_autoencoder_19_raw_q95,System_Failure,7,157,135,1,0,0,0,0,1,0
12_matched_models,lstm_autoencoder_19_raw_q95,System_Failure,7,159,137,1,1,0,0,1,0,0
12_matched_models,lstm_autoencoder_19_raw_q95,System_Failure,7,160,138,1,1,0,0,1,0,0
12_matched_models,lstm_autoencoder_19_raw_q95,System_Failure,7,161,139,1,0,1,0,0,1,0
12_matched_models,lstm_autoencoder_19_raw_q95,System_Failure,7,162,140,1,0,0,0,0,1,0
12_matched_models,lstm_autoencoder_19_raw_q95,System_Failure,7,163,141,1,1,1,0,1,0,0
12_matched_models,lstm_autoencoder_19_raw_q95,System_Failure,7,164,142,1,1,0,0,1,0,0
12_matched_models,lstm_autoencoder_19_raw_q95,System_Failure,7,165,143,1,0,0,0,0,1,0
12_matched_models,lstm_autoencoder_19_raw_q95,System_Failure,7,166,144,1,0,0,0,0,1,0
12_matched_models,lstm_autoencoder_19_raw_q95,System_Failure,7,167,145,1,0,1,0,0,1,0
12_matched_models,lstm_autoencoder_19_raw_q95,System_Failure,7,168,146,1,0,1,0,0,1,0
12_matched_models,lstm_autoencoder_19_raw_q95,System_Failure,7,169,147,1,0,1,0,0,1,0
12_matched_models,lstm_autoencoder_19_raw_q95,System_Failure,7,170,148,1,1,0,0,1,0,0
12_matched_models,lstm_autoencoder_19_raw_q95,System_Failure,7,171,149,1,0,0,0,0,1,0
12_matched_models,lstm_autoencoder_19_raw_q95,System_Failure,7,172,150,1,0,0,0,0,1,0
12_matched_models,lstm_autoencoder_19_raw_q95,System_Failure,7,173,151,1,1,0,0,1,0,0
12_matched_models,lstm_autoencoder_19_raw_q95,System_Failure,7,174,152,1,1,0,0,1,0,0
12_matched_models,lstm_autoencoder_19_raw_q95,System_Failure,7,175,153,1,1,1,1,1,0,0
12_matched_models,lstm_autoencoder_19_raw_q95,System_Failure,8,176,154,1,0,0,0,0,1,0
12_matched_models,lstm_autoencoder_19_raw_q95,System_Failure,8,177,155,1,0,0,0,0,1,0
12_matched_models,lstm_autoencoder_19_raw_q95,System_Failure,8,178,156,1,0,0,0,0,1,0
12_matched_models,lstm_autoencoder_19_raw_q95,System_Failure,8,179,157,1,0,0,0,0,1,0
12_matched_models,lstm_autoencoder_19_raw_q95,System_Failure,8,180,158,1,1,0,0,1,0,0
12_matched_models,lstm_autoencoder_19_raw_q95,System_Failure,8,181,159,1,0,0,0,0,1,0
12_matched_models,lstm_autoencoder_19_raw_q95,System_Failure,8,182,160,1,1,0,0,1,0,0
12_matched_models,lstm_autoencoder_19_raw_q95,System_Failure,8,183,161,1,1,0,0,1,0,0
12_matched_models,lstm_autoencoder_19_raw_q95,System_Failure,8,184,162,1,0,0,0,0,1,0
12_matched_models,lstm_autoencoder_19_raw_q95,System_Failure,8,185,163,1,1,0,0,1,0,0
12_matched_models,lstm_autoencoder_19_raw_q95,System_Failure,8,199,176,1,0,0,0,0,1,0
12_matched_models,lstm_autoencoder_19_raw_q95,System_Failure,8,200,177,1,1,0,0,1,0,0
12_matched_models,lstm_autoencoder_19_raw_q95,System_Failure,9,201,178,1,1,0,0,1,0,0
12_matched_models,lstm_autoencoder_19_raw_q95,System_Failure,9,202,179,1,1,0,0,1,0,0
12_matched_models,lstm_autoencoder_19_raw_q95,System_Failure,9,203,180,1,0,0,0,0,1,0
12_matched_models,lstm_autoencoder_19_raw_q95,System_Failure,9,204,181,1,1,0,0,1,0,0
12_matched_models,lstm_autoencoder_19_raw_q95,System_Failure,9,205,182,1,0,0,0,0,1,0
12_matched_models,lstm_autoencoder_19_raw_q95,System_Failure,9,206,183,1,1,0,0,1,0,0
12_matched_models,lstm_autoencoder_19_raw_q95,System_Failure,9,207,184,1,0,0,0,0,1,0
12_matched_models,lstm_autoencoder_19_raw_q95,System_Failure,9,208,185,1,1,0,0,1,0,0
12_matched_models,lstm_autoencoder_19_raw_q95,System_Failure,9,209,186,1,0,0,0,0,1,0
12_matched_models,lstm_autoencoder_19_raw_q95,System_Failure,9,210,187,1,1,0,0,1,0,0
12_matched_models,lstm_autoencoder_19_raw_q95,System_Failure,9,211,188,1,0,0,0,0,1,0
12_matched_models,lstm_autoencoder_19_raw_q95,System_Failure,9,212,189,1,1,0,0,1,0,0
12_matched_models,lstm_autoencoder_19_raw_q95,System_Failure,9,213,190,1,0,0,0,0,1,0
12_matched_models,lstm_autoencoder_19_raw_q95,System_Failure,9,214,191,1,1,0,0,1,0,0
12_matched_models,lstm_autoencoder_19_raw_q95,System_Failure,9,215,192,1,1,0,0,1,0,0
12_matched_models,lstm_autoencoder_19_raw_q95,System_Failure,9,216,193,1,1,0,0,1,0,0
12_matched_models,lstm_autoencoder_19_raw_q95,System_Failure,9,217,194,1,1,0,0,1,0,0
12_matched_models,lstm_autoencoder_19_raw_q95,System_Failure,9,218,195,1,1,0,0,1,0,0
12_matched_models,lstm_autoencoder_19_raw_q95,System_Failure,9,219,196,1,1,0,0,1,0,0
12_matched_models,lstm_autoencoder_19_raw_q95,System_Failure,9,220,197,1,1,0,0,1,0,0
12_matched_models,lstm_autoencoder_19_raw_q95,System_Failure,9,221,198,1,1,0,0,1,0,0
12_matched_models,lstm_autoencoder_19_raw_q95,System_Failure,9,222,199,1,1,0,0,1,0,0
12_matched_models,lstm_autoencoder_19_raw_q95,System_Failure,9,223,200,1,1,0,0,1,0,0
12_matched_models,lstm_autoencoder_19_raw_q95,System_Failure,9,224,201,1,1,0,0,1,0,0
12_matched_models,lstm_autoencoder_19_raw_q95,System_Failure,9,225,202,1,1,0,0,1,0,0
12_matched_models,lstm_autoencoder_19_raw_q95,System_Failure,9,224,210,2,1,0,0,1,0,0
12_matched_models,lstm_autoencoder_19_raw_q95,System_Failure,10,226,203,1,1,0,0,1,0,0
12_matched_models,lstm_autoencoder_19_raw_q95,System_Failure,10,227,204,1,1,0,0,1,0,0
12_matched_models,lstm_autoencoder_19_raw_q95,System_Failure,10,229,205,1,1,0,0,1,0,0
12_matched_models,lstm_autoencoder_19_raw_q95,System_Failure,10,230,206,1,1,1,1,1,0,0
12_matched_models,lstm_autoencoder_19_raw_q95,System_Failure,10,231,207,1,1,0,0,1,0,0
12_matched_models,lstm_autoencoder_19_raw_q95,System_Failure,10,232,208,1,0,0,0,0,1,0
12_matched_models,lstm_autoencoder_19_raw_q95,System_Failure,10,233,209,1,1,0,0,1,0,0
12_matched_models,lstm_autoencoder_19_raw_q95,System_Failure,10,230,216,2,1,0,0,1,0,0
12_matched_models,lstm_autoencoder_19_raw_q95,System_Failure,10,231,217,2,1,0,0,1,0,0
12_matched_models,lstm_autoencoder_19_raw_q95,System_Failure,10,232,218,2,1,0,0,1,0,0
12_matched_models,lstm_autoencoder_19_raw_q95,System_Failure,10,233,219,2,1,0,0,1,0,0
12_matched_models,lstm_autoencoder_19_raw_q95,System_Failure,10,234,220,1,1,0,0,1,0,0
12_matched_models,lstm_autoencoder_19_raw_q95,System_Failure,10,235,221,1,1,0,0,1,0,0
12_matched_models,lstm_autoencoder_19_raw_q95,System_Failure,10,236,222,1,0,0,0,0,1,0
12_matched_models,lstm_autoencoder_19_raw_q95,System_Failure,10,237,223,1,1,0,0,1,0,0
12_matched_models,lstm_autoencoder_19_raw_q95,System_Failure,10,238,224,1,0,0,0,0,1,0
12_matched_models,lstm_autoencoder_19_raw_q95,System_Failure,10,239,225,1,1,0,0,1,0,0
12_matched_models,lstm_autoencoder_19_raw_q95,System_Failure,10,240,226,1,1,0,0,1,0,0
12_matched_models,lstm_autoencoder_19_raw_q95,System_Failure,10,241,227,1,0,0,0,0,1,0
12_matched_models,lstm_autoencoder_19_raw_q95,System_Failure,10,242,228,1,1,0,0,1,0,0
12_matched_models,lstm_autoencoder_19_raw_q95,System_Failure,10,243,229,1,0,0,0,0,1,0
12_matched_models,lstm_autoencoder_19_raw_q95,System_Failure,10,245,230,1,0,0,0,0,1,0
12_matched_models,lstm_autoencoder_19_raw_q95,System_Failure,10,246,231,1,1,0,0,1,0,0
12_matched_models,lstm_autoencoder_19_raw_q95,System_Failure,10,247,232,1,1,0,0,1,0,0
12_matched_models,lstm_autoencoder_19_raw_q95,System_Failure,10,248,233,1,0,0,0,0,1,0
12_matched_models,lstm_autoencoder_19_raw_q95,System_Failure,10,249,234,1,1,0,0,1,0,0
12_matched_models,lstm_autoencoder_19_raw_q95,System_Failure,10,250,235,1,1,0,0,1,0,0
12_matched_models,lstm_autoencoder_19_raw_q95,ProtectiveStop,1,1,1,1,1,0,0,1,0,0
12_matched_models,lstm_autoencoder_19_raw_q95,ProtectiveStop,1,2,2,1,0,0,0,1,0,1
12_matched_models,lstm_autoencoder_19_raw_q95,ProtectiveStop,1,3,3,1,0,1,0,0,1,0
12_matched_models,lstm_autoencoder_19_raw_q95,ProtectiveStop,1,4,4,1,0,0,0,0,1,0
12_matched_models,lstm_autoencoder_19_raw_q95,ProtectiveStop,1,5,5,1,0,0,0,1,0,1
12_matched_models,lstm_autoencoder_19_raw_q95,ProtectiveStop,1,6,6,1,0,0,0,1,0,1
12_matched_models,lstm_autoencoder_19_raw_q95,ProtectiveStop,1,8,8,1,0,0,0,0,1,0
12_matched_models,lstm_autoencoder_19_raw_q95,ProtectiveStop,1,9,9,1,0,0,0,0,1,0
12_matched_models,lstm_autoencoder_19_raw_q95,ProtectiveStop,1,10,10,1,0,0,0,0,1,0
12_matched_models,lstm_autoencoder_19_raw_q95,ProtectiveStop,1,11,11,1,0,0,0,0,1,0
12_matched_models,lstm_autoencoder_19_raw_q95,ProtectiveStop,1,12,12,1,0,0,0,0,1,0
12_matched_models,lstm_autoencoder_19_raw_q95,ProtectiveStop,1,13,13,1,0,0,0,0,1,0
12_matched_models,lstm_autoencoder_19_raw_q95,ProtectiveStop,1,14,14,1,0,0,0,1,0,1
12_matched_models,lstm_autoencoder_19_raw_q95,ProtectiveStop,1,15,15,1,0,0,0,1,0,1
12_matched_models,lstm_autoencoder_19_raw_q95,ProtectiveStop,1,16,16,1,0,0,0,0,1,0
12_matched_models,lstm_autoencoder_19_raw_q95,ProtectiveStop,1,17,17,1,0,0,0,0,1,0
12_matched_models,lstm_autoencoder_19_raw_q95,ProtectiveStop,1,18,18,1,0,0,0,0,1,0
12_matched_models,lstm_autoencoder_19_raw_q95,ProtectiveStop,1,19,19,1,0,0,0,0,1,0
12_matched_models,lstm_autoencoder_19_raw_q95,ProtectiveStop,1,20,20,1,0,0,0,0,1,0
12_matched_models,lstm_autoencoder_19_raw_q95,ProtectiveStop,1,21,21,1,0,0,0,0,1,0
12_matched_models,lstm_autoencoder_19_raw_q95,ProtectiveStop,1,22,22,1,1,0,0,1,0,0
12_matched_models,lstm_autoencoder_19_raw_q95,ProtectiveStop,1,23,23,1,0,0,0,0,1,0
12_matched_models,lstm_autoencoder_19_raw_q95,ProtectiveStop,1,24,24,1,0,0,0,0,1,0
12_matched_models,lstm_autoencoder_19_raw_q95,ProtectiveStop,1,25,25,1,0,0,0,0,1,0
12_matched_models,lstm_autoencoder_19_raw_q95,ProtectiveStop,2,26,26,1,0,0,0,0,1,0
12_matched_models,lstm_autoencoder_19_raw_q95,ProtectiveStop,2,27,27,1,0,0,0,0,1,0
12_matched_models,lstm_autoencoder_19_raw_q95,ProtectiveStop,2,28,28,1,0,0,0,0,1,0
12_matched_models,lstm_autoencoder_19_raw_q95,ProtectiveStop,2,29,29,1,0,0,0,0,1,0
12_matched_models,lstm_autoencoder_19_raw_q95,ProtectiveStop,2,30,30,1,0,0,0,0,1,0
12_matched_models,lstm_autoencoder_19_raw_q95,ProtectiveStop,2,31,31,1,0,0,0,0,1,0
12_matched_models,lstm_autoencoder_19_raw_q95,ProtectiveStop,2,32,32,1,0,0,0,0,1,0
12_matched_models,lstm_autoencoder_19_raw_q95,ProtectiveStop,2,33,33,1,0,0,0,0,1,0
12_matched_models,lstm_autoencoder_19_raw_q95,ProtectiveStop,2,34,34,1,0,0,0,0,1,0
12_matched_models,lstm_autoencoder_19_raw_q95,ProtectiveStop,2,35,35,1,1,0,0,1,0,0
12_matched_models,lstm_autoencoder_19_raw_q95,ProtectiveStop,2,36,36,1,0,0,0,1,0,1
12_matched_models,lstm_autoencoder_19_raw_q95,ProtectiveStop,2,37,37,1,0,0,0,0,1,0
12_matched_models,lstm_autoencoder_19_raw_q95,ProtectiveStop,2,38,38,1,0,0,0,0,1,0
12_matched_models,lstm_autoencoder_19_raw_q95,ProtectiveStop,2,39,39,1,0,0,0,1,0,1
12_matched_models,lstm_autoencoder_19_raw_q95,ProtectiveStop,2,40,40,1,0,0,0,1,0,1
12_matched_models,lstm_autoencoder_19_raw_q95,ProtectiveStop,2,41,41,1,0,0,0,0,1,0
12_matched_models,lstm_autoencoder_19_raw_q95,ProtectiveStop,2,42,42,1,1,0,0,1,0,0
12_matched_models,lstm_autoencoder_19_raw_q95,ProtectiveStop,2,43,43,1,0,0,0,0,1,0
12_matched_models,lstm_autoencoder_19_raw_q95,ProtectiveStop,2,44,44,1,0,0,0,0,1,0
12_matched_models,lstm_autoencoder_19_raw_q95,ProtectiveStop,2,45,45,1,0,0,0,0,1,0
12_matched_models,lstm_autoencoder_19_raw_q95,ProtectiveStop,2,48,48,1,0,0,0,0,1,0
12_matched_models,lstm_autoencoder_19_raw_q95,ProtectiveStop,2,49,49,1,0,0,0,0,1,0
12_matched_models,lstm_autoencoder_19_raw_q95,ProtectiveStop,2,50,50,1,0,0,0,0,1,0
12_matched_models,lstm_autoencoder_19_raw_q95,ProtectiveStop,3,51,51,1,0,0,0,0,1,0
12_matched_models,lstm_autoencoder_19_raw_q95,ProtectiveStop,3,52,52,1,0,0,0,0,1,0
12_matched_models,lstm_autoencoder_19_raw_q95,ProtectiveStop,3,53,53,1,1,0,0,1,0,0
12_matched_models,lstm_autoencoder_19_raw_q95,ProtectiveStop,3,54,54,1,0,0,0,0,1,0
12_matched_models,lstm_autoencoder_19_raw_q95,ProtectiveStop,3,55,55,1,0,0,0,0,1,0
12_matched_models,lstm_autoencoder_19_raw_q95,ProtectiveStop,3,56,56,1,0,0,0,0,1,0
12_matched_models,lstm_autoencoder_19_raw_q95,ProtectiveStop,3,57,57,1,0,0,0,0,1,0
12_matched_models,lstm_autoencoder_19_raw_q95,ProtectiveStop,3,58,58,1,0,0,0,0,1,0
12_matched_models,lstm_autoencoder_19_raw_q95,ProtectiveStop,3,59,59,1,0,0,0,0,1,0
12_matched_models,lstm_autoencoder_19_raw_q95,ProtectiveStop,3,60,60,1,0,0,0,0,1,0
12_matched_models,lstm_autoencoder_19_raw_q95,ProtectiveStop,3,61,61,1,0,0,0,0,1,0
12_matched_models,lstm_autoencoder_19_raw_q95,ProtectiveStop,3,62,62,1,0,0,0,0,1,0
12_matched_models,lstm_autoencoder_19_raw_q95,ProtectiveStop,3,63,63,1,1,0,0,1,0,0
12_matched_models,lstm_autoencoder_19_raw_q95,ProtectiveStop,3,64,64,1,0,0,0,1,0,1
12_matched_models,lstm_autoencoder_19_raw_q95,ProtectiveStop,3,65,65,1,0,0,0,1,0,1
12_matched_models,lstm_autoencoder_19_raw_q95,ProtectiveStop,3,66,66,1,0,0,0,0,1,0
12_matched_models,lstm_autoencoder_19_raw_q95,ProtectiveStop,3,67,67,1,0,0,0,1,0,1
12_matched_models,lstm_autoencoder_19_raw_q95,ProtectiveStop,3,68,68,1,0,0,0,0,1,0
12_matched_models,lstm_autoencoder_19_raw_q95,ProtectiveStop,3,69,69,1,1,0,0,1,0,0
12_matched_models,lstm_autoencoder_19_raw_q95,ProtectiveStop,3,70,70,1,0,0,0,0,1,0
12_matched_models,lstm_autoencoder_19_raw_q95,ProtectiveStop,3,71,71,1,0,0,0,0,1,0
12_matched_models,lstm_autoencoder_19_raw_q95,ProtectiveStop,3,72,72,1,0,0,0,0,1,0
12_matched_models,lstm_autoencoder_19_raw_q95,ProtectiveStop,3,73,73,1,0,0,0,0,1,0
12_matched_models,lstm_autoencoder_19_raw_q95,ProtectiveStop,3,75,74,1,0,0,0,0,1,0
12_matched_models,lstm_autoencoder_19_raw_q95,ProtectiveStop,4,76,75,1,0,0,0,1,0,1
12_matched_models,lstm_autoencoder_19_raw_q95,ProtectiveStop,4,85,84,1,0,0,0,0,1,0
12_matched_models,lstm_autoencoder_19_raw_q95,ProtectiveStop,4,86,85,1,1,0,0,1,0,0
12_matched_models,lstm_autoencoder_19_raw_q95,ProtectiveStop,4,87,86,1,1,0,0,1,0,0
12_matched_models,lstm_autoencoder_19_raw_q95,ProtectiveStop,4,88,87,1,0,0,0,0,1,0
12_matched_models,lstm_autoencoder_19_raw_q95,ProtectiveStop,4,89,88,1,0,0,0,0,1,0
12_matched_models,lstm_autoencoder_19_raw_q95,ProtectiveStop,4,90,89,1,0,0,0,0,1,0
12_matched_models,lstm_autoencoder_19_raw_q95,ProtectiveStop,4,91,90,1,0,0,0,1,0,1
12_matched_models,lstm_autoencoder_19_raw_q95,ProtectiveStop,4,92,91,1,0,0,0,1,0,1
12_matched_models,lstm_autoencoder_19_raw_q95,ProtectiveStop,4,93,92,1,0,1,0,0,1,0
12_matched_models,lstm_autoencoder_19_raw_q95,ProtectiveStop,4,94,93,1,0,0,0,0,1,0
12_matched_models,lstm_autoencoder_19_raw_q95,ProtectiveStop,4,95,94,1,0,0,0,1,0,1
12_matched_models,lstm_autoencoder_19_raw_q95,ProtectiveStop,4,96,95,1,0,0,0,1,0,1
12_matched_models,lstm_autoencoder_19_raw_q95,ProtectiveStop,4,97,96,1,0,0,0,1,0,1
12_matched_models,lstm_autoencoder_19_raw_q95,ProtectiveStop,4,98,97,1,0,0,0,0,1,0
12_matched_models,lstm_autoencoder_19_raw_q95,ProtectiveStop,4,99,98,1,1,0,0,1,0,0
12_matched_models,lstm_autoencoder_19_raw_q95,ProtectiveStop,4,100,99,1,0,0,0,0,1,0
12_matched_models,lstm_autoencoder_19_raw_q95,ProtectiveStop,5,101,100,1,0,0,0,0,1,0
12_matched_models,lstm_autoencoder_19_raw_q95,ProtectiveStop,5,102,101,1,0,0,0,0,1,0
12_matched_models,lstm_autoencoder_19_raw_q95,ProtectiveStop,5,103,102,1,1,1,1,1,0,0
12_matched_models,lstm_autoencoder_19_raw_q95,ProtectiveStop,5,104,103,1,0,0,0,0,1,0
12_matched_models,lstm_autoencoder_19_raw_q95,ProtectiveStop,5,105,104,1,0,0,0,1,0,1
12_matched_models,lstm_autoencoder_19_raw_q95,ProtectiveStop,5,106,105,1,0,1,0,0,1,0
12_matched_models,lstm_autoencoder_19_raw_q95,ProtectiveStop,5,107,106,1,0,1,0,0,1,0
12_matched_models,lstm_autoencoder_19_raw_q95,ProtectiveStop,5,108,107,1,1,0,0,1,0,0
12_matched_models,lstm_autoencoder_19_raw_q95,ProtectiveStop,5,109,108,1,0,0,0,0,1,0
12_matched_models,lstm_autoencoder_19_raw_q95,ProtectiveStop,5,110,109,1,0,0,0,0,1,0
12_matched_models,lstm_autoencoder_19_raw_q95,ProtectiveStop,5,111,110,1,0,0,0,0,1,0
12_matched_models,lstm_autoencoder_19_raw_q95,ProtectiveStop,5,112,111,1,0,0,0,0,1,0
12_matched_models,lstm_autoencoder_19_raw_q95,ProtectiveStop,5,113,112,1,0,1,0,0,1,0
12_matched_models,lstm_autoencoder_19_raw_q95,ProtectiveStop,5,114,113,1,0,1,0,0,1,0
12_matched_models,lstm_autoencoder_19_raw_q95,ProtectiveStop,5,115,114,1,1,0,0,1,0,0
12_matched_models,lstm_autoencoder_19_raw_q95,ProtectiveStop,5,116,115,1,0,1,0,0,1,0
12_matched_models,lstm_autoencoder_19_raw_q95,ProtectiveStop,5,117,116,1,1,1,1,1,0,0
12_matched_models,lstm_autoencoder_19_raw_q95,ProtectiveStop,5,118,117,1,1,0,0,1,0,0
12_matched_models,lstm_autoencoder_19_raw_q95,ProtectiveStop,5,119,118,1,0,1,0,0,1,0
12_matched_models,lstm_autoencoder_19_raw_q95,ProtectiveStop,5,120,119,1,0,0,0,0,1,0
12_matched_models,lstm_autoencoder_19_raw_q95,ProtectiveStop,5,121,120,1,0,0,0,0,1,0
12_matched_models,lstm_autoencoder_19_raw_q95,ProtectiveStop,5,122,121,1,0,0,0,0,1,0
12_matched_models,lstm_autoencoder_19_raw_q95,ProtectiveStop,5,123,122,1,0,0,0,0,1,0
12_matched_models,lstm_autoencoder_19_raw_q95,ProtectiveStop,5,124,123,1,0,1,0,0,1,0
12_matched_models,lstm_autoencoder_19_raw_q95,ProtectiveStop,5,125,124,1,0,0,0,0,1,0
12_matched_models,lstm_autoencoder_19_raw_q95,ProtectiveStop,7,151,129,1,0,0,0,0,1,0
12_matched_models,lstm_autoencoder_19_raw_q95,ProtectiveStop,7,152,130,1,1,0,0,1,0,0
12_matched_models,lstm_autoencoder_19_raw_q95,ProtectiveStop,7,153,131,1,0,1,0,0,1,0
12_matched_models,lstm_autoencoder_19_raw_q95,ProtectiveStop,7,154,132,1,0,0,0,0,1,0
12_matched_models,lstm_autoencoder_19_raw_q95,ProtectiveStop,7,155,133,1,0,1,0,0,1,0
12_matched_models,lstm_autoencoder_19_raw_q95,ProtectiveStop,7,156,134,1,0,0,0,0,1,0
12_matched_models,lstm_autoencoder_19_raw_q95,ProtectiveStop,7,157,135,1,0,0,0,0,1,0
12_matched_models,lstm_autoencoder_19_raw_q95,ProtectiveStop,7,159,137,1,1,0,0,1,0,0
12_matched_models,lstm_autoencoder_19_raw_q95,ProtectiveStop,7,160,138,1,0,0,0,1,0,1
12_matched_models,lstm_autoencoder_19_raw_q95,ProtectiveStop,7,161,139,1,0,1,0,0,1,0
12_matched_models,lstm_autoencoder_19_raw_q95,ProtectiveStop,7,162,140,1,0,0,0,0,1,0
12_matched_models,lstm_autoencoder_19_raw_q95,ProtectiveStop,7,163,141,1,1,1,0,1,0,0
12_matched_models,lstm_autoencoder_19_raw_q95,ProtectiveStop,7,164,142,1,1,0,0,1,0,0
12_matched_models,lstm_autoencoder_19_raw_q95,ProtectiveStop,7,165,143,1,0,0,0,0,1,0
12_matched_models,lstm_autoencoder_19_raw_q95,ProtectiveStop,7,166,144,1,0,0,0,0,1,0
12_matched_models,lstm_autoencoder_19_raw_q95,ProtectiveStop,7,167,145,1,0,1,0,0,1,0
12_matched_models,lstm_autoencoder_19_raw_q95,ProtectiveStop,7,168,146,1,0,1,0,0,1,0
12_matched_models,lstm_autoencoder_19_raw_q95,ProtectiveStop,7,169,147,1,0,1,0,0,1,0
12_matched_models,lstm_autoencoder_19_raw_q95,ProtectiveStop,7,170,148,1,1,0,0,1,0,0
12_matched_models,lstm_autoencoder_19_raw_q95,ProtectiveStop,7,171,149,1,0,0,0,0,1,0
12_matched_models,lstm_autoencoder_19_raw_q95,ProtectiveStop,7,172,150,1,0,0,0,0,1,0
12_matched_models,lstm_autoencoder_19_raw_q95,ProtectiveStop,7,173,151,1,1,0,0,1,0,0
12_matched_models,lstm_autoencoder_19_raw_q95,ProtectiveStop,7,174,152,1,1,0,0,1,0,0
12_matched_models,lstm_autoencoder_19_raw_q95,ProtectiveStop,7,175,153,1,1,1,1,1,0,0
12_matched_models,lstm_autoencoder_19_raw_q95,ProtectiveStop,8,176,154,1,0,0,0,0,1,0
12_matched_models,lstm_autoencoder_19_raw_q95,ProtectiveStop,8,177,155,1,0,0,0,0,1,0
12_matched_models,lstm_autoencoder_19_raw_q95,ProtectiveStop,8,178,156,1,0,0,0,0,1,0
12_matched_models,lstm_autoencoder_19_raw_q95,ProtectiveStop,8,179,157,1,0,0,0,0,1,0
12_matched_models,lstm_autoencoder_19_raw_q95,ProtectiveStop,8,180,158,1,0,0,0,1,0,1
12_matched_models,lstm_autoencoder_19_raw_q95,ProtectiveStop,8,181,159,1,0,0,0,0,1,0
12_matched_models,lstm_autoencoder_19_raw_q95,ProtectiveStop,8,182,160,1,1,0,0,1,0,0
12_matched_models,lstm_autoencoder_19_raw_q95,ProtectiveStop,8,183,161,1,1,0,0,1,0,0
12_matched_models,lstm_autoencoder_19_raw_q95,ProtectiveStop,8,184,162,1,0,0,0,0,1,0
12_matched_models,lstm_autoencoder_19_raw_q95,ProtectiveStop,8,185,163,1,1,0,0,1,0,0
12_matched_models,lstm_autoencoder_19_raw_q95,ProtectiveStop,8,199,176,1,0,0,0,0,1,0
12_matched_models,lstm_autoencoder_19_raw_q95,ProtectiveStop,8,200,177,1,0,0,0,1,0,1
12_matched_models,lstm_autoencoder_19_raw_q95,ProtectiveStop,9,201,178,1,1,0,0,1,0,0
12_matched_models,lstm_autoencoder_19_raw_q95,ProtectiveStop,9,202,179,1,0,0,0,1,0,1
12_matched_models,lstm_autoencoder_19_raw_q95,ProtectiveStop,9,203,180,1,0,0,0,0,1,0
12_matched_models,lstm_autoencoder_19_raw_q95,ProtectiveStop,9,204,181,1,1,0,0,1,0,0
12_matched_models,lstm_autoencoder_19_raw_q95,ProtectiveStop,9,205,182,1,0,0,0,0,1,0
12_matched_models,lstm_autoencoder_19_raw_q95,ProtectiveStop,9,206,183,1,1,0,0,1,0,0
12_matched_models,lstm_autoencoder_19_raw_q95,ProtectiveStop,9,207,184,1,0,0,0,0,1,0
12_matched_models,lstm_autoencoder_19_raw_q95,ProtectiveStop,9,208,185,1,0,0,0,1,0,1
12_matched_models,lstm_autoencoder_19_raw_q95,ProtectiveStop,9,209,186,1,0,0,0,0,1,0
12_matched_models,lstm_autoencoder_19_raw_q95,ProtectiveStop,9,210,187,1,1,0,0,1,0,0
12_matched_models,lstm_autoencoder_19_raw_q95,ProtectiveStop,9,211,188,1,0,0,0,0,1,0
12_matched_models,lstm_autoencoder_19_raw_q95,ProtectiveStop,9,212,189,1,1,0,0,1,0,0
12_matched_models,lstm_autoencoder_19_raw_q95,ProtectiveStop,9,213,190,1,0,0,0,0,1,0
12_matched_models,lstm_autoencoder_19_raw_q95,ProtectiveStop,9,214,191,1,1,0,0,1,0,0
12_matched_models,lstm_autoencoder_19_raw_q95,ProtectiveStop,9,215,192,1,1,0,0,1,0,0
12_matched_models,lstm_autoencoder_19_raw_q95,ProtectiveStop,9,216,193,1,0,0,0,1,0,1
12_matched_models,lstm_autoencoder_19_raw_q95,ProtectiveStop,9,217,194,1,1,0,0,1,0,0
12_matched_models,lstm_autoencoder_19_raw_q95,ProtectiveStop,9,218,195,1,1,0,0,1,0,0
12_matched_models,lstm_autoencoder_19_raw_q95,ProtectiveStop,9,219,196,1,1,0,0,1,0,0
12_matched_models,lstm_autoencoder_19_raw_q95,ProtectiveStop,9,220,197,1,1,0,0,1,0,0
12_matched_models,lstm_autoencoder_19_raw_q95,ProtectiveStop,9,221,198,1,1,0,0,1,0,0
12_matched_models,lstm_autoencoder_19_raw_q95,ProtectiveStop,9,222,199,1,1,0,0,1,0,0
12_matched_models,lstm_autoencoder_19_raw_q95,ProtectiveStop,9,223,200,1,1,0,0,1,0,0
12_matched_models,lstm_autoencoder_19_raw_q95,ProtectiveStop,9,224,201,1,1,0,0,1,0,0
12_matched_models,lstm_autoencoder_19_raw_q95,ProtectiveStop,9,225,202,1,1,0,0,1,0,0
12_matched_models,lstm_autoencoder_19_raw_q95,ProtectiveStop,9,224,210,2,1,0,0,1,0,0
12_matched_models,lstm_autoencoder_19_raw_q95,ProtectiveStop,10,226,203,1,1,0,0,1,0,0
12_matched_models,lstm_autoencoder_19_raw_q95,ProtectiveStop,10,227,204,1,1,0,0,1,0,0
12_matched_models,lstm_autoencoder_19_raw_q95,ProtectiveStop,10,229,205,1,1,0,0,1,0,0
12_matched_models,lstm_autoencoder_19_raw_q95,ProtectiveStop,10,230,206,1,1,1,1,1,0,0
12_matched_models,lstm_autoencoder_19_raw_q95,ProtectiveStop,10,231,207,1,1,0,0,1,0,0
12_matched_models,lstm_autoencoder_19_raw_q95,ProtectiveStop,10,232,208,1,0,0,0,0,1,0
12_matched_models,lstm_autoencoder_19_raw_q95,ProtectiveStop,10,233,209,1,1,0,0,1,0,0
12_matched_models,lstm_autoencoder_19_raw_q95,ProtectiveStop,10,230,216,2,1,0,0,1,0,0
12_matched_models,lstm_autoencoder_19_raw_q95,ProtectiveStop,10,231,217,2,1,0,0,1,0,0
12_matched_models,lstm_autoencoder_19_raw_q95,ProtectiveStop,10,232,218,2,1,0,0,1,0,0
12_matched_models,lstm_autoencoder_19_raw_q95,ProtectiveStop,10,233,219,2,0,0,0,1,0,1
12_matched_models,lstm_autoencoder_19_raw_q95,ProtectiveStop,10,234,220,1,1,0,0,1,0,0
12_matched_models,lstm_autoencoder_19_raw_q95,ProtectiveStop,10,235,221,1,1,0,0,1,0,0
12_matched_models,lstm_autoencoder_19_raw_q95,ProtectiveStop,10,236,222,1,0,0,0,0,1,0
12_matched_models,lstm_autoencoder_19_raw_q95,ProtectiveStop,10,237,223,1,1,0,0,1,0,0
12_matched_models,lstm_autoencoder_19_raw_q95,ProtectiveStop,10,238,224,1,0,0,0,0,1,0
12_matched_models,lstm_autoencoder_19_raw_q95,ProtectiveStop,10,239,225,1,1,0,0,1,0,0
12_matched_models,lstm_autoencoder_19_raw_q95,ProtectiveStop,10,240,226,1,1,0,0,1,0,0
12_matched_models,lstm_autoencoder_19_raw_q95,ProtectiveStop,10,241,227,1,0,0,0,0,1,0
12_matched_models,lstm_autoencoder_19_raw_q95,ProtectiveStop,10,242,228,1,1,0,0,1,0,0
12_matched_models,lstm_autoencoder_19_raw_q95,ProtectiveStop,10,243,229,1,0,0,0,0,1,0
12_matched_models,lstm_autoencoder_19_raw_q95,ProtectiveStop,10,245,230,1,0,0,0,0,1,0
12_matched_models,lstm_autoencoder_19_raw_q95,ProtectiveStop,10,246,231,1,1,0,0,1,0,0
12_matched_models,lstm_autoencoder_19_raw_q95,ProtectiveStop,10,247,232,1,1,0,0,1,0,0
12_matched_models,lstm_autoencoder_19_raw_q95,ProtectiveStop,10,248,233,1,0,0,0,0,1,0
12_matched_models,lstm_autoencoder_19_raw_q95,ProtectiveStop,10,249,234,1,1,0,0,1,0,0
12_matched_models,lstm_autoencoder_19_raw_q95,ProtectiveStop,10,250,235,1,1,0,0,1,0,0
12_matched_models,lstm_autoencoder_19_raw_q95,GripLost,1,1,1,1,0,0,0,1,0,1
12_matched_models,lstm_autoencoder_19_raw_q95,GripLost,1,2,2,1,1,0,0,1,0,0
12_matched_models,lstm_autoencoder_19_raw_q95,GripLost,1,3,3,1,0,1,0,0,1,0
12_matched_models,lstm_autoencoder_19_raw_q95,GripLost,1,4,4,1,0,0,0,0,1,0
12_matched_models,lstm_autoencoder_19_raw_q95,GripLost,1,5,5,1,1,0,0,1,0,0
12_matched_models,lstm_autoencoder_19_raw_q95,GripLost,1,6,6,1,1,0,0,1,0,0
12_matched_models,lstm_autoencoder_19_raw_q95,GripLost,1,8,8,1,0,0,0,0,1,0
12_matched_models,lstm_autoencoder_19_raw_q95,GripLost,1,9,9,1,0,0,0,0,1,0
12_matched_models,lstm_autoencoder_19_raw_q95,GripLost,1,10,10,1,0,0,0,0,1,0
12_matched_models,lstm_autoencoder_19_raw_q95,GripLost,1,11,11,1,0,0,0,0,1,0
12_matched_models,lstm_autoencoder_19_raw_q95,GripLost,1,12,12,1,0,0,0,0,1,0
12_matched_models,lstm_autoencoder_19_raw_q95,GripLost,1,13,13,1,0,0,0,0,1,0
12_matched_models,lstm_autoencoder_19_raw_q95,GripLost,1,14,14,1,1,0,0,1,0,0
12_matched_models,lstm_autoencoder_19_raw_q95,GripLost,1,15,15,1,1,0,0,1,0,0
12_matched_models,lstm_autoencoder_19_raw_q95,GripLost,1,16,16,1,0,0,0,0,1,0
12_matched_models,lstm_autoencoder_19_raw_q95,GripLost,1,17,17,1,0,0,0,0,1,0
12_matched_models,lstm_autoencoder_19_raw_q95,GripLost,1,18,18,1,0,0,0,0,1,0
12_matched_models,lstm_autoencoder_19_raw_q95,GripLost,1,19,19,1,0,0,0,0,1,0
12_matched_models,lstm_autoencoder_19_raw_q95,GripLost,1,20,20,1,0,0,0,0,1,0
12_matched_models,lstm_autoencoder_19_raw_q95,GripLost,1,21,21,1,0,0,0,0,1,0
12_matched_models,lstm_autoencoder_19_raw_q95,GripLost,1,22,22,1,0,0,0,1,0,1
12_matched_models,lstm_autoencoder_19_raw_q95,GripLost,1,23,23,1,0,0,0,0,1,0
12_matched_models,lstm_autoencoder_19_raw_q95,GripLost,1,24,24,1,0,0,0,0,1,0
12_matched_models,lstm_autoencoder_19_raw_q95,GripLost,1,25,25,1,0,0,0,0,1,0
12_matched_models,lstm_autoencoder_19_raw_q95,GripLost,2,26,26,1,0,0,0,0,1,0
12_matched_models,lstm_autoencoder_19_raw_q95,GripLost,2,27,27,1,0,0,0,0,1,0
12_matched_models,lstm_autoencoder_19_raw_q95,GripLost,2,28,28,1,0,0,0,0,1,0
12_matched_models,lstm_autoencoder_19_raw_q95,GripLost,2,29,29,1,0,0,0,0,1,0
12_matched_models,lstm_autoencoder_19_raw_q95,GripLost,2,30,30,1,0,0,0,0,1,0
12_matched_models,lstm_autoencoder_19_raw_q95,GripLost,2,31,31,1,0,0,0,0,1,0
12_matched_models,lstm_autoencoder_19_raw_q95,GripLost,2,32,32,1,0,0,0,0,1,0
12_matched_models,lstm_autoencoder_19_raw_q95,GripLost,2,33,33,1,0,0,0,0,1,0
12_matched_models,lstm_autoencoder_19_raw_q95,GripLost,2,34,34,1,0,0,0,0,1,0
12_matched_models,lstm_autoencoder_19_raw_q95,GripLost,2,35,35,1,0,0,0,1,0,1
12_matched_models,lstm_autoencoder_19_raw_q95,GripLost,2,36,36,1,1,0,0,1,0,0
12_matched_models,lstm_autoencoder_19_raw_q95,GripLost,2,37,37,1,0,0,0,0,1,0
12_matched_models,lstm_autoencoder_19_raw_q95,GripLost,2,38,38,1,0,0,0,0,1,0
12_matched_models,lstm_autoencoder_19_raw_q95,GripLost,2,39,39,1,1,0,0,1,0,0
12_matched_models,lstm_autoencoder_19_raw_q95,GripLost,2,40,40,1,1,0,0,1,0,0
12_matched_models,lstm_autoencoder_19_raw_q95,GripLost,2,41,41,1,0,0,0,0,1,0
12_matched_models,lstm_autoencoder_19_raw_q95,GripLost,2,42,42,1,0,0,0,1,0,1
12_matched_models,lstm_autoencoder_19_raw_q95,GripLost,2,43,43,1,0,0,0,0,1,0
12_matched_models,lstm_autoencoder_19_raw_q95,GripLost,2,44,44,1,0,0,0,0,1,0
12_matched_models,lstm_autoencoder_19_raw_q95,GripLost,2,45,45,1,0,0,0,0,1,0
12_matched_models,lstm_autoencoder_19_raw_q95,GripLost,2,48,48,1,0,0,0,0,1,0
12_matched_models,lstm_autoencoder_19_raw_q95,GripLost,2,49,49,1,0,0,0,0,1,0
12_matched_models,lstm_autoencoder_19_raw_q95,GripLost,2,50,50,1,0,0,0,0,1,0
12_matched_models,lstm_autoencoder_19_raw_q95,GripLost,3,51,51,1,0,0,0,0,1,0
12_matched_models,lstm_autoencoder_19_raw_q95,GripLost,3,52,52,1,0,0,0,0,1,0
12_matched_models,lstm_autoencoder_19_raw_q95,GripLost,3,53,53,1,0,0,0,1,0,1
12_matched_models,lstm_autoencoder_19_raw_q95,GripLost,3,54,54,1,0,0,0,0,1,0
12_matched_models,lstm_autoencoder_19_raw_q95,GripLost,3,55,55,1,0,0,0,0,1,0
12_matched_models,lstm_autoencoder_19_raw_q95,GripLost,3,56,56,1,0,0,0,0,1,0
12_matched_models,lstm_autoencoder_19_raw_q95,GripLost,3,57,57,1,0,0,0,0,1,0
12_matched_models,lstm_autoencoder_19_raw_q95,GripLost,3,58,58,1,0,0,0,0,1,0
12_matched_models,lstm_autoencoder_19_raw_q95,GripLost,3,59,59,1,0,0,0,0,1,0
12_matched_models,lstm_autoencoder_19_raw_q95,GripLost,3,60,60,1,0,0,0,0,1,0
12_matched_models,lstm_autoencoder_19_raw_q95,GripLost,3,61,61,1,0,0,0,0,1,0
12_matched_models,lstm_autoencoder_19_raw_q95,GripLost,3,62,62,1,0,0,0,0,1,0
12_matched_models,lstm_autoencoder_19_raw_q95,GripLost,3,63,63,1,1,0,0,1,0,0
12_matched_models,lstm_autoencoder_19_raw_q95,GripLost,3,64,64,1,1,0,0,1,0,0
12_matched_models,lstm_autoencoder_19_raw_q95,GripLost,3,65,65,1,1,0,0,1,0,0
12_matched_models,lstm_autoencoder_19_raw_q95,GripLost,3,66,66,1,0,0,0,0,1,0
12_matched_models,lstm_autoencoder_19_raw_q95,GripLost,3,67,67,1,1,0,0,1,0,0
12_matched_models,lstm_autoencoder_19_raw_q95,GripLost,3,68,68,1,0,0,0,0,1,0
12_matched_models,lstm_autoencoder_19_raw_q95,GripLost,3,69,69,1,1,0,0,1,0,0
12_matched_models,lstm_autoencoder_19_raw_q95,GripLost,3,70,70,1,0,0,0,0,1,0
12_matched_models,lstm_autoencoder_19_raw_q95,GripLost,3,71,71,1,0,0,0,0,1,0
12_matched_models,lstm_autoencoder_19_raw_q95,GripLost,3,72,72,1,0,0,0,0,1,0
12_matched_models,lstm_autoencoder_19_raw_q95,GripLost,3,73,73,1,0,0,0,0,1,0
12_matched_models,lstm_autoencoder_19_raw_q95,GripLost,3,75,74,1,0,0,0,0,1,0
12_matched_models,lstm_autoencoder_19_raw_q95,GripLost,4,76,75,1,1,0,0,1,0,0
12_matched_models,lstm_autoencoder_19_raw_q95,GripLost,4,85,84,1,0,0,0,0,1,0
12_matched_models,lstm_autoencoder_19_raw_q95,GripLost,4,86,85,1,1,0,0,1,0,0
12_matched_models,lstm_autoencoder_19_raw_q95,GripLost,4,87,86,1,0,0,0,1,0,1
12_matched_models,lstm_autoencoder_19_raw_q95,GripLost,4,88,87,1,0,0,0,0,1,0
12_matched_models,lstm_autoencoder_19_raw_q95,GripLost,4,89,88,1,0,0,0,0,1,0
12_matched_models,lstm_autoencoder_19_raw_q95,GripLost,4,90,89,1,0,0,0,0,1,0
12_matched_models,lstm_autoencoder_19_raw_q95,GripLost,4,91,90,1,1,0,0,1,0,0
12_matched_models,lstm_autoencoder_19_raw_q95,GripLost,4,92,91,1,1,0,0,1,0,0
12_matched_models,lstm_autoencoder_19_raw_q95,GripLost,4,93,92,1,0,1,0,0,1,0
12_matched_models,lstm_autoencoder_19_raw_q95,GripLost,4,94,93,1,0,0,0,0,1,0
12_matched_models,lstm_autoencoder_19_raw_q95,GripLost,4,95,94,1,1,0,0,1,0,0
12_matched_models,lstm_autoencoder_19_raw_q95,GripLost,4,96,95,1,1,0,0,1,0,0
12_matched_models,lstm_autoencoder_19_raw_q95,GripLost,4,97,96,1,1,0,0,1,0,0
12_matched_models,lstm_autoencoder_19_raw_q95,GripLost,4,98,97,1,0,0,0,0,1,0
12_matched_models,lstm_autoencoder_19_raw_q95,GripLost,4,99,98,1,0,0,0,1,0,1
12_matched_models,lstm_autoencoder_19_raw_q95,GripLost,4,100,99,1,0,0,0,0,1,0
12_matched_models,lstm_autoencoder_19_raw_q95,GripLost,5,101,100,1,0,0,0,0,1,0
12_matched_models,lstm_autoencoder_19_raw_q95,GripLost,5,102,101,1,0,0,0,0,1,0
12_matched_models,lstm_autoencoder_19_raw_q95,GripLost,5,103,102,1,0,1,0,1,0,1
12_matched_models,lstm_autoencoder_19_raw_q95,GripLost,5,104,103,1,0,0,0,0,1,0
12_matched_models,lstm_autoencoder_19_raw_q95,GripLost,5,105,104,1,1,0,0,1,0,0
12_matched_models,lstm_autoencoder_19_raw_q95,GripLost,5,106,105,1,0,1,0,0,1,0
12_matched_models,lstm_autoencoder_19_raw_q95,GripLost,5,107,106,1,0,1,0,0,1,0
12_matched_models,lstm_autoencoder_19_raw_q95,GripLost,5,108,107,1,0,0,0,1,0,1
12_matched_models,lstm_autoencoder_19_raw_q95,GripLost,5,109,108,1,0,0,0,0,1,0
12_matched_models,lstm_autoencoder_19_raw_q95,GripLost,5,110,109,1,0,0,0,0,1,0
12_matched_models,lstm_autoencoder_19_raw_q95,GripLost,5,111,110,1,0,0,0,0,1,0
12_matched_models,lstm_autoencoder_19_raw_q95,GripLost,5,112,111,1,0,0,0,0,1,0
12_matched_models,lstm_autoencoder_19_raw_q95,GripLost,5,113,112,1,0,1,0,0,1,0
12_matched_models,lstm_autoencoder_19_raw_q95,GripLost,5,114,113,1,0,1,0,0,1,0
12_matched_models,lstm_autoencoder_19_raw_q95,GripLost,5,115,114,1,0,0,0,1,0,1
12_matched_models,lstm_autoencoder_19_raw_q95,GripLost,5,116,115,1,0,1,0,0,1,0
12_matched_models,lstm_autoencoder_19_raw_q95,GripLost,5,117,116,1,0,1,0,1,0,1
12_matched_models,lstm_autoencoder_19_raw_q95,GripLost,5,118,117,1,0,0,0,1,0,1
12_matched_models,lstm_autoencoder_19_raw_q95,GripLost,5,119,118,1,0,1,0,0,1,0
12_matched_models,lstm_autoencoder_19_raw_q95,GripLost,5,120,119,1,0,0,0,0,1,0
12_matched_models,lstm_autoencoder_19_raw_q95,GripLost,5,121,120,1,0,0,0,0,1,0
12_matched_models,lstm_autoencoder_19_raw_q95,GripLost,5,122,121,1,0,0,0,0,1,0
12_matched_models,lstm_autoencoder_19_raw_q95,GripLost,5,123,122,1,0,0,0,0,1,0
12_matched_models,lstm_autoencoder_19_raw_q95,GripLost,5,124,123,1,0,1,0,0,1,0
12_matched_models,lstm_autoencoder_19_raw_q95,GripLost,5,125,124,1,0,0,0,0,1,0
12_matched_models,lstm_autoencoder_19_raw_q95,GripLost,7,151,129,1,0,0,0,0,1,0
12_matched_models,lstm_autoencoder_19_raw_q95,GripLost,7,152,130,1,0,0,0,1,0,1
12_matched_models,lstm_autoencoder_19_raw_q95,GripLost,7,153,131,1,0,1,0,0,1,0
12_matched_models,lstm_autoencoder_19_raw_q95,GripLost,7,154,132,1,0,0,0,0,1,0
12_matched_models,lstm_autoencoder_19_raw_q95,GripLost,7,155,133,1,0,1,0,0,1,0
12_matched_models,lstm_autoencoder_19_raw_q95,GripLost,7,156,134,1,0,0,0,0,1,0
12_matched_models,lstm_autoencoder_19_raw_q95,GripLost,7,157,135,1,0,0,0,0,1,0
12_matched_models,lstm_autoencoder_19_raw_q95,GripLost,7,159,137,1,0,0,0,1,0,1
12_matched_models,lstm_autoencoder_19_raw_q95,GripLost,7,160,138,1,1,0,0,1,0,0
12_matched_models,lstm_autoencoder_19_raw_q95,GripLost,7,161,139,1,0,1,0,0,1,0
12_matched_models,lstm_autoencoder_19_raw_q95,GripLost,7,162,140,1,0,0,0,0,1,0
12_matched_models,lstm_autoencoder_19_raw_q95,GripLost,7,163,141,1,0,1,0,1,0,1
12_matched_models,lstm_autoencoder_19_raw_q95,GripLost,7,164,142,1,1,0,0,1,0,0
12_matched_models,lstm_autoencoder_19_raw_q95,GripLost,7,165,143,1,0,0,0,0,1,0
12_matched_models,lstm_autoencoder_19_raw_q95,GripLost,7,166,144,1,0,0,0,0,1,0
12_matched_models,lstm_autoencoder_19_raw_q95,GripLost,7,167,145,1,0,1,0,0,1,0
12_matched_models,lstm_autoencoder_19_raw_q95,GripLost,7,168,146,1,0,1,0,0,1,0
12_matched_models,lstm_autoencoder_19_raw_q95,GripLost,7,169,147,1,0,1,0,0,1,0
12_matched_models,lstm_autoencoder_19_raw_q95,GripLost,7,170,148,1,0,0,0,1,0,1
12_matched_models,lstm_autoencoder_19_raw_q95,GripLost,7,171,149,1,0,0,0,0,1,0
12_matched_models,lstm_autoencoder_19_raw_q95,GripLost,7,172,150,1,0,0,0,0,1,0
12_matched_models,lstm_autoencoder_19_raw_q95,GripLost,7,173,151,1,1,0,0,1,0,0
12_matched_models,lstm_autoencoder_19_raw_q95,GripLost,7,174,152,1,1,0,0,1,0,0
12_matched_models,lstm_autoencoder_19_raw_q95,GripLost,7,175,153,1,0,1,0,1,0,1
12_matched_models,lstm_autoencoder_19_raw_q95,GripLost,8,176,154,1,0,0,0,0,1,0
12_matched_models,lstm_autoencoder_19_raw_q95,GripLost,8,177,155,1,0,0,0,0,1,0
12_matched_models,lstm_autoencoder_19_raw_q95,GripLost,8,178,156,1,0,0,0,0,1,0
12_matched_models,lstm_autoencoder_19_raw_q95,GripLost,8,179,157,1,0,0,0,0,1,0
12_matched_models,lstm_autoencoder_19_raw_q95,GripLost,8,180,158,1,1,0,0,1,0,0
12_matched_models,lstm_autoencoder_19_raw_q95,GripLost,8,181,159,1,0,0,0,0,1,0
12_matched_models,lstm_autoencoder_19_raw_q95,GripLost,8,182,160,1,0,0,0,1,0,1
12_matched_models,lstm_autoencoder_19_raw_q95,GripLost,8,183,161,1,0,0,0,1,0,1
12_matched_models,lstm_autoencoder_19_raw_q95,GripLost,8,184,162,1,0,0,0,0,1,0
12_matched_models,lstm_autoencoder_19_raw_q95,GripLost,8,185,163,1,0,0,0,1,0,1
12_matched_models,lstm_autoencoder_19_raw_q95,GripLost,8,199,176,1,0,0,0,0,1,0
12_matched_models,lstm_autoencoder_19_raw_q95,GripLost,8,200,177,1,1,0,0,1,0,0
12_matched_models,lstm_autoencoder_19_raw_q95,GripLost,9,201,178,1,0,0,0,1,0,1
12_matched_models,lstm_autoencoder_19_raw_q95,GripLost,9,202,179,1,1,0,0,1,0,0
12_matched_models,lstm_autoencoder_19_raw_q95,GripLost,9,203,180,1,0,0,0,0,1,0
12_matched_models,lstm_autoencoder_19_raw_q95,GripLost,9,204,181,1,0,0,0,1,0,1
12_matched_models,lstm_autoencoder_19_raw_q95,GripLost,9,205,182,1,0,0,0,0,1,0
12_matched_models,lstm_autoencoder_19_raw_q95,GripLost,9,206,183,1,0,0,0,1,0,1
12_matched_models,lstm_autoencoder_19_raw_q95,GripLost,9,207,184,1,0,0,0,0,1,0
12_matched_models,lstm_autoencoder_19_raw_q95,GripLost,9,208,185,1,1,0,0,1,0,0
12_matched_models,lstm_autoencoder_19_raw_q95,GripLost,9,209,186,1,0,0,0,0,1,0
12_matched_models,lstm_autoencoder_19_raw_q95,GripLost,9,210,187,1,0,0,0,1,0,1
12_matched_models,lstm_autoencoder_19_raw_q95,GripLost,9,211,188,1,0,0,0,0,1,0
12_matched_models,lstm_autoencoder_19_raw_q95,GripLost,9,212,189,1,0,0,0,1,0,1
12_matched_models,lstm_autoencoder_19_raw_q95,GripLost,9,213,190,1,0,0,0,0,1,0
12_matched_models,lstm_autoencoder_19_raw_q95,GripLost,9,214,191,1,1,0,0,1,0,0
12_matched_models,lstm_autoencoder_19_raw_q95,GripLost,9,215,192,1,0,0,0,1,0,1
12_matched_models,lstm_autoencoder_19_raw_q95,GripLost,9,216,193,1,1,0,0,1,0,0
12_matched_models,lstm_autoencoder_19_raw_q95,GripLost,9,217,194,1,0,0,0,1,0,1
12_matched_models,lstm_autoencoder_19_raw_q95,GripLost,9,218,195,1,0,0,0,1,0,1
12_matched_models,lstm_autoencoder_19_raw_q95,GripLost,9,219,196,1,1,0,0,1,0,0
12_matched_models,lstm_autoencoder_19_raw_q95,GripLost,9,220,197,1,0,0,0,1,0,1
12_matched_models,lstm_autoencoder_19_raw_q95,GripLost,9,221,198,1,1,0,0,1,0,0
12_matched_models,lstm_autoencoder_19_raw_q95,GripLost,9,222,199,1,0,0,0,1,0,1
12_matched_models,lstm_autoencoder_19_raw_q95,GripLost,9,223,200,1,0,0,0,1,0,1
12_matched_models,lstm_autoencoder_19_raw_q95,GripLost,9,224,201,1,0,0,0,1,0,1
12_matched_models,lstm_autoencoder_19_raw_q95,GripLost,9,225,202,1,0,0,0,1,0,1
12_matched_models,lstm_autoencoder_19_raw_q95,GripLost,9,224,210,2,0,0,0,1,0,1
12_matched_models,lstm_autoencoder_19_raw_q95,GripLost,10,226,203,1,0,0,0,1,0,1
12_matched_models,lstm_autoencoder_19_raw_q95,GripLost,10,227,204,1,0,0,0,1,0,1
12_matched_models,lstm_autoencoder_19_raw_q95,GripLost,10,229,205,1,0,0,0,1,0,1
12_matched_models,lstm_autoencoder_19_raw_q95,GripLost,10,230,206,1,0,1,0,1,0,1
12_matched_models,lstm_autoencoder_19_raw_q95,GripLost,10,231,207,1,0,0,0,1,0,1
12_matched_models,lstm_autoencoder_19_raw_q95,GripLost,10,232,208,1,0,0,0,0,1,0
12_matched_models,lstm_autoencoder_19_raw_q95,GripLost,10,233,209,1,0,0,0,1,0,1
12_matched_models,lstm_autoencoder_19_raw_q95,GripLost,10,230,216,2,0,0,0,1,0,1
12_matched_models,lstm_autoencoder_19_raw_q95,GripLost,10,231,217,2,0,0,0,1,0,1
12_matched_models,lstm_autoencoder_19_raw_q95,GripLost,10,232,218,2,1,0,0,1,0,0
12_matched_models,lstm_autoencoder_19_raw_q95,GripLost,10,233,219,2,1,0,0,1,0,0
12_matched_models,lstm_autoencoder_19_raw_q95,GripLost,10,234,220,1,1,0,0,1,0,0
12_matched_models,lstm_autoencoder_19_raw_q95,GripLost,10,235,221,1,0,0,0,1,0,1
12_matched_models,lstm_autoencoder_19_raw_q95,GripLost,10,236,222,1,0,0,0,0,1,0
12_matched_models,lstm_autoencoder_19_raw_q95,GripLost,10,237,223,1,1,0,0,1,0,0
12_matched_models,lstm_autoencoder_19_raw_q95,GripLost,10,238,224,1,0,0,0,0,1,0
12_matched_models,lstm_autoencoder_19_raw_q95,GripLost,10,239,225,1,0,0,0,1,0,1
12_matched_models,lstm_autoencoder_19_raw_q95,GripLost,10,240,226,1,0,0,0,1,0,1
12_matched_models,lstm_autoencoder_19_raw_q95,GripLost,10,241,227,1,0,0,0,0,1,0
12_matched_models,lstm_autoencoder_19_raw_q95,GripLost,10,242,228,1,0,0,0,1,0,1
12_matched_models,lstm_autoencoder_19_raw_q95,GripLost,10,243,229,1,0,0,0,0,1,0
12_matched_models,lstm_autoencoder_19_raw_q95,GripLost,10,245,230,1,0,0,0,0,1,0
12_matched_models,lstm_autoencoder_19_raw_q95,GripLost,10,246,231,1,0,0,0,1,0,1
12_matched_models,lstm_autoencoder_19_raw_q95,GripLost,10,247,232,1,1,0,0,1,0,0
12_matched_models,lstm_autoencoder_19_raw_q95,GripLost,10,248,233,1,0,0,0,0,1,0
12_matched_models,lstm_autoencoder_19_raw_q95,GripLost,10,249,234,1,0,0,0,1,0,1
12_matched_models,lstm_autoencoder_19_raw_q95,GripLost,10,250,235,1,1,0,0,1,0,0
12_matched_models,lstm_autoencoder_19_raw_q97.5,System_Failure,1,1,1,1,1,0,0,1,0,0
12_matched_models,lstm_autoencoder_19_raw_q97.5,System_Failure,1,2,2,1,1,0,0,1,0,0
12_matched_models,lstm_autoencoder_19_raw_q97.5,System_Failure,1,3,3,1,0,1,0,0,1,0
12_matched_models,lstm_autoencoder_19_raw_q97.5,System_Failure,1,4,4,1,0,0,0,0,1,0
12_matched_models,lstm_autoencoder_19_raw_q97.5,System_Failure,1,5,5,1,1,0,0,1,0,0
12_matched_models,lstm_autoencoder_19_raw_q97.5,System_Failure,1,6,6,1,1,0,0,1,0,0
12_matched_models,lstm_autoencoder_19_raw_q97.5,System_Failure,1,8,8,1,0,0,0,0,1,0
12_matched_models,lstm_autoencoder_19_raw_q97.5,System_Failure,1,9,9,1,0,0,0,0,1,0
12_matched_models,lstm_autoencoder_19_raw_q97.5,System_Failure,1,10,10,1,0,0,0,0,1,0
12_matched_models,lstm_autoencoder_19_raw_q97.5,System_Failure,1,11,11,1,0,0,0,0,1,0
12_matched_models,lstm_autoencoder_19_raw_q97.5,System_Failure,1,12,12,1,0,0,0,0,1,0
12_matched_models,lstm_autoencoder_19_raw_q97.5,System_Failure,1,13,13,1,0,0,0,0,1,0
12_matched_models,lstm_autoencoder_19_raw_q97.5,System_Failure,1,14,14,1,1,0,0,1,0,0
12_matched_models,lstm_autoencoder_19_raw_q97.5,System_Failure,1,15,15,1,1,0,0,1,0,0
12_matched_models,lstm_autoencoder_19_raw_q97.5,System_Failure,1,16,16,1,0,0,0,0,1,0
12_matched_models,lstm_autoencoder_19_raw_q97.5,System_Failure,1,17,17,1,0,0,0,0,1,0
12_matched_models,lstm_autoencoder_19_raw_q97.5,System_Failure,1,18,18,1,0,0,0,0,1,0
12_matched_models,lstm_autoencoder_19_raw_q97.5,System_Failure,1,19,19,1,0,0,0,0,1,0
12_matched_models,lstm_autoencoder_19_raw_q97.5,System_Failure,1,20,20,1,0,0,0,0,1,0
12_matched_models,lstm_autoencoder_19_raw_q97.5,System_Failure,1,21,21,1,0,0,0,0,1,0
12_matched_models,lstm_autoencoder_19_raw_q97.5,System_Failure,1,22,22,1,1,0,0,1,0,0
12_matched_models,lstm_autoencoder_19_raw_q97.5,System_Failure,1,23,23,1,0,0,0,0,1,0
12_matched_models,lstm_autoencoder_19_raw_q97.5,System_Failure,1,24,24,1,0,0,0,0,1,0
12_matched_models,lstm_autoencoder_19_raw_q97.5,System_Failure,1,25,25,1,0,0,0,0,1,0
12_matched_models,lstm_autoencoder_19_raw_q97.5,System_Failure,2,26,26,1,0,0,0,0,1,0
12_matched_models,lstm_autoencoder_19_raw_q97.5,System_Failure,2,27,27,1,0,0,0,0,1,0
12_matched_models,lstm_autoencoder_19_raw_q97.5,System_Failure,2,28,28,1,0,0,0,0,1,0
12_matched_models,lstm_autoencoder_19_raw_q97.5,System_Failure,2,29,29,1,0,0,0,0,1,0
12_matched_models,lstm_autoencoder_19_raw_q97.5,System_Failure,2,30,30,1,0,0,0,0,1,0
12_matched_models,lstm_autoencoder_19_raw_q97.5,System_Failure,2,31,31,1,0,0,0,0,1,0
12_matched_models,lstm_autoencoder_19_raw_q97.5,System_Failure,2,32,32,1,0,0,0,0,1,0
12_matched_models,lstm_autoencoder_19_raw_q97.5,System_Failure,2,33,33,1,0,0,0,0,1,0
12_matched_models,lstm_autoencoder_19_raw_q97.5,System_Failure,2,34,34,1,0,0,0,0,1,0
12_matched_models,lstm_autoencoder_19_raw_q97.5,System_Failure,2,35,35,1,1,0,0,1,0,0
12_matched_models,lstm_autoencoder_19_raw_q97.5,System_Failure,2,36,36,1,1,0,0,1,0,0
12_matched_models,lstm_autoencoder_19_raw_q97.5,System_Failure,2,37,37,1,0,0,0,0,1,0
12_matched_models,lstm_autoencoder_19_raw_q97.5,System_Failure,2,38,38,1,0,0,0,0,1,0
12_matched_models,lstm_autoencoder_19_raw_q97.5,System_Failure,2,39,39,1,1,0,0,1,0,0
12_matched_models,lstm_autoencoder_19_raw_q97.5,System_Failure,2,40,40,1,1,0,0,1,0,0
12_matched_models,lstm_autoencoder_19_raw_q97.5,System_Failure,2,41,41,1,0,0,0,0,1,0
12_matched_models,lstm_autoencoder_19_raw_q97.5,System_Failure,2,42,42,1,1,0,0,1,0,0
12_matched_models,lstm_autoencoder_19_raw_q97.5,System_Failure,2,43,43,1,0,0,0,0,1,0
12_matched_models,lstm_autoencoder_19_raw_q97.5,System_Failure,2,44,44,1,0,0,0,0,1,0
12_matched_models,lstm_autoencoder_19_raw_q97.5,System_Failure,2,45,45,1,0,0,0,0,1,0
12_matched_models,lstm_autoencoder_19_raw_q97.5,System_Failure,2,48,48,1,0,0,0,0,1,0
12_matched_models,lstm_autoencoder_19_raw_q97.5,System_Failure,2,49,49,1,0,0,0,0,1,0
12_matched_models,lstm_autoencoder_19_raw_q97.5,System_Failure,2,50,50,1,0,0,0,0,1,0
12_matched_models,lstm_autoencoder_19_raw_q97.5,System_Failure,3,51,51,1,0,0,0,0,1,0
12_matched_models,lstm_autoencoder_19_raw_q97.5,System_Failure,3,52,52,1,0,0,0,0,1,0
12_matched_models,lstm_autoencoder_19_raw_q97.5,System_Failure,3,53,53,1,1,0,0,1,0,0
12_matched_models,lstm_autoencoder_19_raw_q97.5,System_Failure,3,54,54,1,0,0,0,0,1,0
12_matched_models,lstm_autoencoder_19_raw_q97.5,System_Failure,3,55,55,1,0,0,0,0,1,0
12_matched_models,lstm_autoencoder_19_raw_q97.5,System_Failure,3,56,56,1,0,0,0,0,1,0
12_matched_models,lstm_autoencoder_19_raw_q97.5,System_Failure,3,57,57,1,0,0,0,0,1,0
12_matched_models,lstm_autoencoder_19_raw_q97.5,System_Failure,3,58,58,1,0,0,0,0,1,0
12_matched_models,lstm_autoencoder_19_raw_q97.5,System_Failure,3,59,59,1,0,0,0,0,1,0
12_matched_models,lstm_autoencoder_19_raw_q97.5,System_Failure,3,60,60,1,0,0,0,0,1,0
12_matched_models,lstm_autoencoder_19_raw_q97.5,System_Failure,3,61,61,1,0,0,0,0,1,0
12_matched_models,lstm_autoencoder_19_raw_q97.5,System_Failure,3,62,62,1,0,0,0,0,1,0
12_matched_models,lstm_autoencoder_19_raw_q97.5,System_Failure,3,63,63,1,1,0,0,1,0,0
12_matched_models,lstm_autoencoder_19_raw_q97.5,System_Failure,3,64,64,1,1,0,0,1,0,0
12_matched_models,lstm_autoencoder_19_raw_q97.5,System_Failure,3,65,65,1,1,0,0,1,0,0
12_matched_models,lstm_autoencoder_19_raw_q97.5,System_Failure,3,66,66,1,0,0,0,0,1,0
12_matched_models,lstm_autoencoder_19_raw_q97.5,System_Failure,3,67,67,1,1,0,0,1,0,0
12_matched_models,lstm_autoencoder_19_raw_q97.5,System_Failure,3,68,68,1,0,0,0,0,1,0
12_matched_models,lstm_autoencoder_19_raw_q97.5,System_Failure,3,69,69,1,1,0,0,1,0,0
12_matched_models,lstm_autoencoder_19_raw_q97.5,System_Failure,3,70,70,1,0,0,0,0,1,0
12_matched_models,lstm_autoencoder_19_raw_q97.5,System_Failure,3,71,71,1,0,0,0,0,1,0
12_matched_models,lstm_autoencoder_19_raw_q97.5,System_Failure,3,72,72,1,0,0,0,0,1,0
12_matched_models,lstm_autoencoder_19_raw_q97.5,System_Failure,3,73,73,1,0,0,0,0,1,0
12_matched_models,lstm_autoencoder_19_raw_q97.5,System_Failure,3,75,74,1,0,0,0,0,1,0
12_matched_models,lstm_autoencoder_19_raw_q97.5,System_Failure,4,76,75,1,1,0,0,1,0,0
12_matched_models,lstm_autoencoder_19_raw_q97.5,System_Failure,4,85,84,1,0,0,0,0,1,0
12_matched_models,lstm_autoencoder_19_raw_q97.5,System_Failure,4,86,85,1,1,0,0,1,0,0
12_matched_models,lstm_autoencoder_19_raw_q97.5,System_Failure,4,87,86,1,1,0,0,1,0,0
12_matched_models,lstm_autoencoder_19_raw_q97.5,System_Failure,4,88,87,1,0,0,0,0,1,0
12_matched_models,lstm_autoencoder_19_raw_q97.5,System_Failure,4,89,88,1,0,0,0,0,1,0
12_matched_models,lstm_autoencoder_19_raw_q97.5,System_Failure,4,90,89,1,0,0,0,0,1,0
12_matched_models,lstm_autoencoder_19_raw_q97.5,System_Failure,4,91,90,1,1,0,0,1,0,0
12_matched_models,lstm_autoencoder_19_raw_q97.5,System_Failure,4,92,91,1,1,0,0,1,0,0
12_matched_models,lstm_autoencoder_19_raw_q97.5,System_Failure,4,93,92,1,0,1,0,0,1,0
12_matched_models,lstm_autoencoder_19_raw_q97.5,System_Failure,4,94,93,1,0,0,0,0,1,0
12_matched_models,lstm_autoencoder_19_raw_q97.5,System_Failure,4,95,94,1,1,0,0,1,0,0
12_matched_models,lstm_autoencoder_19_raw_q97.5,System_Failure,4,96,95,1,1,0,0,1,0,0
12_matched_models,lstm_autoencoder_19_raw_q97.5,System_Failure,4,97,96,1,1,0,0,1,0,0
12_matched_models,lstm_autoencoder_19_raw_q97.5,System_Failure,4,98,97,1,0,0,0,0,1,0
12_matched_models,lstm_autoencoder_19_raw_q97.5,System_Failure,4,99,98,1,1,0,0,1,0,0
12_matched_models,lstm_autoencoder_19_raw_q97.5,System_Failure,4,100,99,1,0,0,0,0,1,0
12_matched_models,lstm_autoencoder_19_raw_q97.5,System_Failure,5,101,100,1,0,0,0,0,1,0
12_matched_models,lstm_autoencoder_19_raw_q97.5,System_Failure,5,102,101,1,0,0,0,0,1,0
12_matched_models,lstm_autoencoder_19_raw_q97.5,System_Failure,5,103,102,1,1,1,1,1,0,0
12_matched_models,lstm_autoencoder_19_raw_q97.5,System_Failure,5,104,103,1,0,0,0,0,1,0
12_matched_models,lstm_autoencoder_19_raw_q97.5,System_Failure,5,105,104,1,1,0,0,1,0,0
12_matched_models,lstm_autoencoder_19_raw_q97.5,System_Failure,5,106,105,1,0,1,0,0,1,0
12_matched_models,lstm_autoencoder_19_raw_q97.5,System_Failure,5,107,106,1,0,1,0,0,1,0
12_matched_models,lstm_autoencoder_19_raw_q97.5,System_Failure,5,108,107,1,1,0,0,1,0,0
12_matched_models,lstm_autoencoder_19_raw_q97.5,System_Failure,5,109,108,1,0,0,0,0,1,0
12_matched_models,lstm_autoencoder_19_raw_q97.5,System_Failure,5,110,109,1,0,0,0,0,1,0
12_matched_models,lstm_autoencoder_19_raw_q97.5,System_Failure,5,111,110,1,0,0,0,0,1,0
12_matched_models,lstm_autoencoder_19_raw_q97.5,System_Failure,5,112,111,1,0,0,0,0,1,0
12_matched_models,lstm_autoencoder_19_raw_q97.5,System_Failure,5,113,112,1,0,1,0,0,1,0
12_matched_models,lstm_autoencoder_19_raw_q97.5,System_Failure,5,114,113,1,0,1,0,0,1,0
12_matched_models,lstm_autoencoder_19_raw_q97.5,System_Failure,5,115,114,1,1,0,0,1,0,0
12_matched_models,lstm_autoencoder_19_raw_q97.5,System_Failure,5,116,115,1,0,1,0,0,1,0
12_matched_models,lstm_autoencoder_19_raw_q97.5,System_Failure,5,117,116,1,1,1,1,1,0,0
12_matched_models,lstm_autoencoder_19_raw_q97.5,System_Failure,5,118,117,1,1,0,0,1,0,0
12_matched_models,lstm_autoencoder_19_raw_q97.5,System_Failure,5,119,118,1,0,1,0,0,1,0
12_matched_models,lstm_autoencoder_19_raw_q97.5,System_Failure,5,120,119,1,0,0,0,0,1,0
12_matched_models,lstm_autoencoder_19_raw_q97.5,System_Failure,5,121,120,1,0,0,0,0,1,0
12_matched_models,lstm_autoencoder_19_raw_q97.5,System_Failure,5,122,121,1,0,0,0,0,1,0
12_matched_models,lstm_autoencoder_19_raw_q97.5,System_Failure,5,123,122,1,0,0,0,0,1,0
12_matched_models,lstm_autoencoder_19_raw_q97.5,System_Failure,5,124,123,1,0,1,0,0,1,0
12_matched_models,lstm_autoencoder_19_raw_q97.5,System_Failure,5,125,124,1,0,0,0,0,1,0
12_matched_models,lstm_autoencoder_19_raw_q97.5,System_Failure,7,151,129,1,0,0,0,0,1,0
12_matched_models,lstm_autoencoder_19_raw_q97.5,System_Failure,7,152,130,1,1,0,0,1,0,0
12_matched_models,lstm_autoencoder_19_raw_q97.5,System_Failure,7,153,131,1,0,1,0,0,1,0
12_matched_models,lstm_autoencoder_19_raw_q97.5,System_Failure,7,154,132,1,0,0,0,0,1,0
12_matched_models,lstm_autoencoder_19_raw_q97.5,System_Failure,7,155,133,1,0,1,0,0,1,0
12_matched_models,lstm_autoencoder_19_raw_q97.5,System_Failure,7,156,134,1,0,0,0,0,1,0
12_matched_models,lstm_autoencoder_19_raw_q97.5,System_Failure,7,157,135,1,0,0,0,0,1,0
12_matched_models,lstm_autoencoder_19_raw_q97.5,System_Failure,7,159,137,1,1,0,0,1,0,0
12_matched_models,lstm_autoencoder_19_raw_q97.5,System_Failure,7,160,138,1,1,0,0,1,0,0
12_matched_models,lstm_autoencoder_19_raw_q97.5,System_Failure,7,161,139,1,0,1,0,0,1,0
12_matched_models,lstm_autoencoder_19_raw_q97.5,System_Failure,7,162,140,1,0,0,0,0,1,0
12_matched_models,lstm_autoencoder_19_raw_q97.5,System_Failure,7,163,141,1,1,1,0,1,0,0
12_matched_models,lstm_autoencoder_19_raw_q97.5,System_Failure,7,164,142,1,1,0,0,1,0,0
12_matched_models,lstm_autoencoder_19_raw_q97.5,System_Failure,7,165,143,1,0,0,0,0,1,0
12_matched_models,lstm_autoencoder_19_raw_q97.5,System_Failure,7,166,144,1,0,0,0,0,1,0
12_matched_models,lstm_autoencoder_19_raw_q97.5,System_Failure,7,167,145,1,0,1,0,0,1,0
12_matched_models,lstm_autoencoder_19_raw_q97.5,System_Failure,7,168,146,1,0,1,0,0,1,0
12_matched_models,lstm_autoencoder_19_raw_q97.5,System_Failure,7,169,147,1,0,1,0,0,1,0
12_matched_models,lstm_autoencoder_19_raw_q97.5,System_Failure,7,170,148,1,1,0,0,1,0,0
12_matched_models,lstm_autoencoder_19_raw_q97.5,System_Failure,7,171,149,1,0,0,0,0,1,0
12_matched_models,lstm_autoencoder_19_raw_q97.5,System_Failure,7,172,150,1,0,0,0,0,1,0
12_matched_models,lstm_autoencoder_19_raw_q97.5,System_Failure,7,173,151,1,1,0,0,1,0,0
12_matched_models,lstm_autoencoder_19_raw_q97.5,System_Failure,7,174,152,1,1,0,0,1,0,0
12_matched_models,lstm_autoencoder_19_raw_q97.5,System_Failure,7,175,153,1,1,1,1,1,0,0
12_matched_models,lstm_autoencoder_19_raw_q97.5,System_Failure,8,176,154,1,0,0,0,0,1,0
12_matched_models,lstm_autoencoder_19_raw_q97.5,System_Failure,8,177,155,1,0,0,0,0,1,0
12_matched_models,lstm_autoencoder_19_raw_q97.5,System_Failure,8,178,156,1,0,0,0,0,1,0
12_matched_models,lstm_autoencoder_19_raw_q97.5,System_Failure,8,179,157,1,0,0,0,0,1,0
12_matched_models,lstm_autoencoder_19_raw_q97.5,System_Failure,8,180,158,1,1,0,0,1,0,0
12_matched_models,lstm_autoencoder_19_raw_q97.5,System_Failure,8,181,159,1,0,0,0,0,1,0
12_matched_models,lstm_autoencoder_19_raw_q97.5,System_Failure,8,182,160,1,1,0,0,1,0,0
12_matched_models,lstm_autoencoder_19_raw_q97.5,System_Failure,8,183,161,1,1,0,0,1,0,0
12_matched_models,lstm_autoencoder_19_raw_q97.5,System_Failure,8,184,162,1,0,0,0,0,1,0
12_matched_models,lstm_autoencoder_19_raw_q97.5,System_Failure,8,185,163,1,1,0,0,1,0,0
12_matched_models,lstm_autoencoder_19_raw_q97.5,System_Failure,8,199,176,1,0,0,0,0,1,0
12_matched_models,lstm_autoencoder_19_raw_q97.5,System_Failure,8,200,177,1,1,0,0,1,0,0
12_matched_models,lstm_autoencoder_19_raw_q97.5,System_Failure,9,201,178,1,1,0,0,1,0,0
12_matched_models,lstm_autoencoder_19_raw_q97.5,System_Failure,9,202,179,1,1,0,0,1,0,0
12_matched_models,lstm_autoencoder_19_raw_q97.5,System_Failure,9,203,180,1,0,0,0,0,1,0
12_matched_models,lstm_autoencoder_19_raw_q97.5,System_Failure,9,204,181,1,1,0,0,1,0,0
12_matched_models,lstm_autoencoder_19_raw_q97.5,System_Failure,9,205,182,1,0,0,0,0,1,0
12_matched_models,lstm_autoencoder_19_raw_q97.5,System_Failure,9,206,183,1,1,0,0,1,0,0
12_matched_models,lstm_autoencoder_19_raw_q97.5,System_Failure,9,207,184,1,0,0,0,0,1,0
12_matched_models,lstm_autoencoder_19_raw_q97.5,System_Failure,9,208,185,1,1,0,0,1,0,0
12_matched_models,lstm_autoencoder_19_raw_q97.5,System_Failure,9,209,186,1,0,0,0,0,1,0
12_matched_models,lstm_autoencoder_19_raw_q97.5,System_Failure,9,210,187,1,1,0,0,1,0,0
12_matched_models,lstm_autoencoder_19_raw_q97.5,System_Failure,9,211,188,1,0,0,0,0,1,0
12_matched_models,lstm_autoencoder_19_raw_q97.5,System_Failure,9,212,189,1,1,0,0,1,0,0
12_matched_models,lstm_autoencoder_19_raw_q97.5,System_Failure,9,213,190,1,0,0,0,0,1,0
12_matched_models,lstm_autoencoder_19_raw_q97.5,System_Failure,9,214,191,1,1,0,0,1,0,0
12_matched_models,lstm_autoencoder_19_raw_q97.5,System_Failure,9,215,192,1,1,0,0,1,0,0
12_matched_models,lstm_autoencoder_19_raw_q97.5,System_Failure,9,216,193,1,1,0,0,1,0,0
12_matched_models,lstm_autoencoder_19_raw_q97.5,System_Failure,9,217,194,1,1,0,0,1,0,0
12_matched_models,lstm_autoencoder_19_raw_q97.5,System_Failure,9,218,195,1,1,0,0,1,0,0
12_matched_models,lstm_autoencoder_19_raw_q97.5,System_Failure,9,219,196,1,1,0,0,1,0,0
12_matched_models,lstm_autoencoder_19_raw_q97.5,System_Failure,9,220,197,1,1,0,0,1,0,0
12_matched_models,lstm_autoencoder_19_raw_q97.5,System_Failure,9,221,198,1,1,0,0,1,0,0
12_matched_models,lstm_autoencoder_19_raw_q97.5,System_Failure,9,222,199,1,1,0,0,1,0,0
12_matched_models,lstm_autoencoder_19_raw_q97.5,System_Failure,9,223,200,1,1,0,0,1,0,0
12_matched_models,lstm_autoencoder_19_raw_q97.5,System_Failure,9,224,201,1,1,0,0,1,0,0
12_matched_models,lstm_autoencoder_19_raw_q97.5,System_Failure,9,225,202,1,1,0,0,1,0,0
12_matched_models,lstm_autoencoder_19_raw_q97.5,System_Failure,9,224,210,2,1,0,0,1,0,0
12_matched_models,lstm_autoencoder_19_raw_q97.5,System_Failure,10,226,203,1,1,0,0,1,0,0
12_matched_models,lstm_autoencoder_19_raw_q97.5,System_Failure,10,227,204,1,1,0,0,1,0,0
12_matched_models,lstm_autoencoder_19_raw_q97.5,System_Failure,10,229,205,1,1,0,0,1,0,0
12_matched_models,lstm_autoencoder_19_raw_q97.5,System_Failure,10,230,206,1,1,1,1,1,0,0
12_matched_models,lstm_autoencoder_19_raw_q97.5,System_Failure,10,231,207,1,1,0,0,1,0,0
12_matched_models,lstm_autoencoder_19_raw_q97.5,System_Failure,10,232,208,1,0,0,0,0,1,0
12_matched_models,lstm_autoencoder_19_raw_q97.5,System_Failure,10,233,209,1,1,0,0,1,0,0
12_matched_models,lstm_autoencoder_19_raw_q97.5,System_Failure,10,230,216,2,1,0,0,1,0,0
12_matched_models,lstm_autoencoder_19_raw_q97.5,System_Failure,10,231,217,2,1,0,0,1,0,0
12_matched_models,lstm_autoencoder_19_raw_q97.5,System_Failure,10,232,218,2,1,0,0,1,0,0
12_matched_models,lstm_autoencoder_19_raw_q97.5,System_Failure,10,233,219,2,1,0,0,1,0,0
12_matched_models,lstm_autoencoder_19_raw_q97.5,System_Failure,10,234,220,1,1,0,0,1,0,0
12_matched_models,lstm_autoencoder_19_raw_q97.5,System_Failure,10,235,221,1,1,0,0,1,0,0
12_matched_models,lstm_autoencoder_19_raw_q97.5,System_Failure,10,236,222,1,0,0,0,0,1,0
12_matched_models,lstm_autoencoder_19_raw_q97.5,System_Failure,10,237,223,1,1,0,0,1,0,0
12_matched_models,lstm_autoencoder_19_raw_q97.5,System_Failure,10,238,224,1,0,0,0,0,1,0
12_matched_models,lstm_autoencoder_19_raw_q97.5,System_Failure,10,239,225,1,1,0,0,1,0,0
12_matched_models,lstm_autoencoder_19_raw_q97.5,System_Failure,10,240,226,1,1,0,0,1,0,0
12_matched_models,lstm_autoencoder_19_raw_q97.5,System_Failure,10,241,227,1,0,0,0,0,1,0
12_matched_models,lstm_autoencoder_19_raw_q97.5,System_Failure,10,242,228,1,1,0,0,1,0,0
12_matched_models,lstm_autoencoder_19_raw_q97.5,System_Failure,10,243,229,1,0,0,0,0,1,0
12_matched_models,lstm_autoencoder_19_raw_q97.5,System_Failure,10,245,230,1,0,0,0,0,1,0
12_matched_models,lstm_autoencoder_19_raw_q97.5,System_Failure,10,246,231,1,1,0,0,1,0,0
12_matched_models,lstm_autoencoder_19_raw_q97.5,System_Failure,10,247,232,1,1,0,0,1,0,0
12_matched_models,lstm_autoencoder_19_raw_q97.5,System_Failure,10,248,233,1,0,0,0,0,1,0
12_matched_models,lstm_autoencoder_19_raw_q97.5,System_Failure,10,249,234,1,1,0,0,1,0,0
12_matched_models,lstm_autoencoder_19_raw_q97.5,System_Failure,10,250,235,1,1,0,0,1,0,0
12_matched_models,lstm_autoencoder_19_raw_q97.5,ProtectiveStop,1,1,1,1,1,0,0,1,0,0
12_matched_models,lstm_autoencoder_19_raw_q97.5,ProtectiveStop,1,2,2,1,0,0,0,1,0,1
12_matched_models,lstm_autoencoder_19_raw_q97.5,ProtectiveStop,1,3,3,1,0,1,0,0,1,0
12_matched_models,lstm_autoencoder_19_raw_q97.5,ProtectiveStop,1,4,4,1,0,0,0,0,1,0
12_matched_models,lstm_autoencoder_19_raw_q97.5,ProtectiveStop,1,5,5,1,0,0,0,1,0,1
12_matched_models,lstm_autoencoder_19_raw_q97.5,ProtectiveStop,1,6,6,1,0,0,0,1,0,1
12_matched_models,lstm_autoencoder_19_raw_q97.5,ProtectiveStop,1,8,8,1,0,0,0,0,1,0
12_matched_models,lstm_autoencoder_19_raw_q97.5,ProtectiveStop,1,9,9,1,0,0,0,0,1,0
12_matched_models,lstm_autoencoder_19_raw_q97.5,ProtectiveStop,1,10,10,1,0,0,0,0,1,0
12_matched_models,lstm_autoencoder_19_raw_q97.5,ProtectiveStop,1,11,11,1,0,0,0,0,1,0
12_matched_models,lstm_autoencoder_19_raw_q97.5,ProtectiveStop,1,12,12,1,0,0,0,0,1,0
12_matched_models,lstm_autoencoder_19_raw_q97.5,ProtectiveStop,1,13,13,1,0,0,0,0,1,0
12_matched_models,lstm_autoencoder_19_raw_q97.5,ProtectiveStop,1,14,14,1,0,0,0,1,0,1
12_matched_models,lstm_autoencoder_19_raw_q97.5,ProtectiveStop,1,15,15,1,0,0,0,1,0,1
12_matched_models,lstm_autoencoder_19_raw_q97.5,ProtectiveStop,1,16,16,1,0,0,0,0,1,0
12_matched_models,lstm_autoencoder_19_raw_q97.5,ProtectiveStop,1,17,17,1,0,0,0,0,1,0
12_matched_models,lstm_autoencoder_19_raw_q97.5,ProtectiveStop,1,18,18,1,0,0,0,0,1,0
12_matched_models,lstm_autoencoder_19_raw_q97.5,ProtectiveStop,1,19,19,1,0,0,0,0,1,0
12_matched_models,lstm_autoencoder_19_raw_q97.5,ProtectiveStop,1,20,20,1,0,0,0,0,1,0
12_matched_models,lstm_autoencoder_19_raw_q97.5,ProtectiveStop,1,21,21,1,0,0,0,0,1,0
12_matched_models,lstm_autoencoder_19_raw_q97.5,ProtectiveStop,1,22,22,1,1,0,0,1,0,0
12_matched_models,lstm_autoencoder_19_raw_q97.5,ProtectiveStop,1,23,23,1,0,0,0,0,1,0
12_matched_models,lstm_autoencoder_19_raw_q97.5,ProtectiveStop,1,24,24,1,0,0,0,0,1,0
12_matched_models,lstm_autoencoder_19_raw_q97.5,ProtectiveStop,1,25,25,1,0,0,0,0,1,0
12_matched_models,lstm_autoencoder_19_raw_q97.5,ProtectiveStop,2,26,26,1,0,0,0,0,1,0
12_matched_models,lstm_autoencoder_19_raw_q97.5,ProtectiveStop,2,27,27,1,0,0,0,0,1,0
12_matched_models,lstm_autoencoder_19_raw_q97.5,ProtectiveStop,2,28,28,1,0,0,0,0,1,0
12_matched_models,lstm_autoencoder_19_raw_q97.5,ProtectiveStop,2,29,29,1,0,0,0,0,1,0
12_matched_models,lstm_autoencoder_19_raw_q97.5,ProtectiveStop,2,30,30,1,0,0,0,0,1,0
12_matched_models,lstm_autoencoder_19_raw_q97.5,ProtectiveStop,2,31,31,1,0,0,0,0,1,0
12_matched_models,lstm_autoencoder_19_raw_q97.5,ProtectiveStop,2,32,32,1,0,0,0,0,1,0
12_matched_models,lstm_autoencoder_19_raw_q97.5,ProtectiveStop,2,33,33,1,0,0,0,0,1,0
12_matched_models,lstm_autoencoder_19_raw_q97.5,ProtectiveStop,2,34,34,1,0,0,0,0,1,0
12_matched_models,lstm_autoencoder_19_raw_q97.5,ProtectiveStop,2,35,35,1,1,0,0,1,0,0
12_matched_models,lstm_autoencoder_19_raw_q97.5,ProtectiveStop,2,36,36,1,0,0,0,1,0,1
12_matched_models,lstm_autoencoder_19_raw_q97.5,ProtectiveStop,2,37,37,1,0,0,0,0,1,0
12_matched_models,lstm_autoencoder_19_raw_q97.5,ProtectiveStop,2,38,38,1,0,0,0,0,1,0
12_matched_models,lstm_autoencoder_19_raw_q97.5,ProtectiveStop,2,39,39,1,0,0,0,1,0,1
12_matched_models,lstm_autoencoder_19_raw_q97.5,ProtectiveStop,2,40,40,1,0,0,0,1,0,1
12_matched_models,lstm_autoencoder_19_raw_q97.5,ProtectiveStop,2,41,41,1,0,0,0,0,1,0
12_matched_models,lstm_autoencoder_19_raw_q97.5,ProtectiveStop,2,42,42,1,1,0,0,1,0,0
12_matched_models,lstm_autoencoder_19_raw_q97.5,ProtectiveStop,2,43,43,1,0,0,0,0,1,0
12_matched_models,lstm_autoencoder_19_raw_q97.5,ProtectiveStop,2,44,44,1,0,0,0,0,1,0
12_matched_models,lstm_autoencoder_19_raw_q97.5,ProtectiveStop,2,45,45,1,0,0,0,0,1,0
12_matched_models,lstm_autoencoder_19_raw_q97.5,ProtectiveStop,2,48,48,1,0,0,0,0,1,0
12_matched_models,lstm_autoencoder_19_raw_q97.5,ProtectiveStop,2,49,49,1,0,0,0,0,1,0
12_matched_models,lstm_autoencoder_19_raw_q97.5,ProtectiveStop,2,50,50,1,0,0,0,0,1,0
12_matched_models,lstm_autoencoder_19_raw_q97.5,ProtectiveStop,3,51,51,1,0,0,0,0,1,0
12_matched_models,lstm_autoencoder_19_raw_q97.5,ProtectiveStop,3,52,52,1,0,0,0,0,1,0
12_matched_models,lstm_autoencoder_19_raw_q97.5,ProtectiveStop,3,53,53,1,1,0,0,1,0,0
12_matched_models,lstm_autoencoder_19_raw_q97.5,ProtectiveStop,3,54,54,1,0,0,0,0,1,0
12_matched_models,lstm_autoencoder_19_raw_q97.5,ProtectiveStop,3,55,55,1,0,0,0,0,1,0
12_matched_models,lstm_autoencoder_19_raw_q97.5,ProtectiveStop,3,56,56,1,0,0,0,0,1,0
12_matched_models,lstm_autoencoder_19_raw_q97.5,ProtectiveStop,3,57,57,1,0,0,0,0,1,0
12_matched_models,lstm_autoencoder_19_raw_q97.5,ProtectiveStop,3,58,58,1,0,0,0,0,1,0
12_matched_models,lstm_autoencoder_19_raw_q97.5,ProtectiveStop,3,59,59,1,0,0,0,0,1,0
12_matched_models,lstm_autoencoder_19_raw_q97.5,ProtectiveStop,3,60,60,1,0,0,0,0,1,0
12_matched_models,lstm_autoencoder_19_raw_q97.5,ProtectiveStop,3,61,61,1,0,0,0,0,1,0
12_matched_models,lstm_autoencoder_19_raw_q97.5,ProtectiveStop,3,62,62,1,0,0,0,0,1,0
12_matched_models,lstm_autoencoder_19_raw_q97.5,ProtectiveStop,3,63,63,1,1,0,0,1,0,0
12_matched_models,lstm_autoencoder_19_raw_q97.5,ProtectiveStop,3,64,64,1,0,0,0,1,0,1
12_matched_models,lstm_autoencoder_19_raw_q97.5,ProtectiveStop,3,65,65,1,0,0,0,1,0,1
12_matched_models,lstm_autoencoder_19_raw_q97.5,ProtectiveStop,3,66,66,1,0,0,0,0,1,0
12_matched_models,lstm_autoencoder_19_raw_q97.5,ProtectiveStop,3,67,67,1,0,0,0,1,0,1
12_matched_models,lstm_autoencoder_19_raw_q97.5,ProtectiveStop,3,68,68,1,0,0,0,0,1,0
12_matched_models,lstm_autoencoder_19_raw_q97.5,ProtectiveStop,3,69,69,1,1,0,0,1,0,0
12_matched_models,lstm_autoencoder_19_raw_q97.5,ProtectiveStop,3,70,70,1,0,0,0,0,1,0
12_matched_models,lstm_autoencoder_19_raw_q97.5,ProtectiveStop,3,71,71,1,0,0,0,0,1,0
12_matched_models,lstm_autoencoder_19_raw_q97.5,ProtectiveStop,3,72,72,1,0,0,0,0,1,0
12_matched_models,lstm_autoencoder_19_raw_q97.5,ProtectiveStop,3,73,73,1,0,0,0,0,1,0
12_matched_models,lstm_autoencoder_19_raw_q97.5,ProtectiveStop,3,75,74,1,0,0,0,0,1,0
12_matched_models,lstm_autoencoder_19_raw_q97.5,ProtectiveStop,4,76,75,1,0,0,0,1,0,1
12_matched_models,lstm_autoencoder_19_raw_q97.5,ProtectiveStop,4,85,84,1,0,0,0,0,1,0
12_matched_models,lstm_autoencoder_19_raw_q97.5,ProtectiveStop,4,86,85,1,1,0,0,1,0,0
12_matched_models,lstm_autoencoder_19_raw_q97.5,ProtectiveStop,4,87,86,1,1,0,0,1,0,0
12_matched_models,lstm_autoencoder_19_raw_q97.5,ProtectiveStop,4,88,87,1,0,0,0,0,1,0
12_matched_models,lstm_autoencoder_19_raw_q97.5,ProtectiveStop,4,89,88,1,0,0,0,0,1,0
12_matched_models,lstm_autoencoder_19_raw_q97.5,ProtectiveStop,4,90,89,1,0,0,0,0,1,0
12_matched_models,lstm_autoencoder_19_raw_q97.5,ProtectiveStop,4,91,90,1,0,0,0,1,0,1
12_matched_models,lstm_autoencoder_19_raw_q97.5,ProtectiveStop,4,92,91,1,0,0,0,1,0,1
12_matched_models,lstm_autoencoder_19_raw_q97.5,ProtectiveStop,4,93,92,1,0,1,0,0,1,0
12_matched_models,lstm_autoencoder_19_raw_q97.5,ProtectiveStop,4,94,93,1,0,0,0,0,1,0
12_matched_models,lstm_autoencoder_19_raw_q97.5,ProtectiveStop,4,95,94,1,0,0,0,1,0,1
12_matched_models,lstm_autoencoder_19_raw_q97.5,ProtectiveStop,4,96,95,1,0,0,0,1,0,1
12_matched_models,lstm_autoencoder_19_raw_q97.5,ProtectiveStop,4,97,96,1,0,0,0,1,0,1
12_matched_models,lstm_autoencoder_19_raw_q97.5,ProtectiveStop,4,98,97,1,0,0,0,0,1,0
12_matched_models,lstm_autoencoder_19_raw_q97.5,ProtectiveStop,4,99,98,1,1,0,0,1,0,0
12_matched_models,lstm_autoencoder_19_raw_q97.5,ProtectiveStop,4,100,99,1,0,0,0,0,1,0
12_matched_models,lstm_autoencoder_19_raw_q97.5,ProtectiveStop,5,101,100,1,0,0,0,0,1,0
12_matched_models,lstm_autoencoder_19_raw_q97.5,ProtectiveStop,5,102,101,1,0,0,0,0,1,0
12_matched_models,lstm_autoencoder_19_raw_q97.5,ProtectiveStop,5,103,102,1,1,1,1,1,0,0
12_matched_models,lstm_autoencoder_19_raw_q97.5,ProtectiveStop,5,104,103,1,0,0,0,0,1,0
12_matched_models,lstm_autoencoder_19_raw_q97.5,ProtectiveStop,5,105,104,1,0,0,0,1,0,1
12_matched_models,lstm_autoencoder_19_raw_q97.5,ProtectiveStop,5,106,105,1,0,1,0,0,1,0
12_matched_models,lstm_autoencoder_19_raw_q97.5,ProtectiveStop,5,107,106,1,0,1,0,0,1,0
12_matched_models,lstm_autoencoder_19_raw_q97.5,ProtectiveStop,5,108,107,1,1,0,0,1,0,0
12_matched_models,lstm_autoencoder_19_raw_q97.5,ProtectiveStop,5,109,108,1,0,0,0,0,1,0
12_matched_models,lstm_autoencoder_19_raw_q97.5,ProtectiveStop,5,110,109,1,0,0,0,0,1,0
12_matched_models,lstm_autoencoder_19_raw_q97.5,ProtectiveStop,5,111,110,1,0,0,0,0,1,0
12_matched_models,lstm_autoencoder_19_raw_q97.5,ProtectiveStop,5,112,111,1,0,0,0,0,1,0
12_matched_models,lstm_autoencoder_19_raw_q97.5,ProtectiveStop,5,113,112,1,0,1,0,0,1,0
12_matched_models,lstm_autoencoder_19_raw_q97.5,ProtectiveStop,5,114,113,1,0,1,0,0,1,0
12_matched_models,lstm_autoencoder_19_raw_q97.5,ProtectiveStop,5,115,114,1,1,0,0,1,0,0
12_matched_models,lstm_autoencoder_19_raw_q97.5,ProtectiveStop,5,116,115,1,0,1,0,0,1,0
12_matched_models,lstm_autoencoder_19_raw_q97.5,ProtectiveStop,5,117,116,1,1,1,1,1,0,0
12_matched_models,lstm_autoencoder_19_raw_q97.5,ProtectiveStop,5,118,117,1,1,0,0,1,0,0
12_matched_models,lstm_autoencoder_19_raw_q97.5,ProtectiveStop,5,119,118,1,0,1,0,0,1,0
12_matched_models,lstm_autoencoder_19_raw_q97.5,ProtectiveStop,5,120,119,1,0,0,0,0,1,0
12_matched_models,lstm_autoencoder_19_raw_q97.5,ProtectiveStop,5,121,120,1,0,0,0,0,1,0
12_matched_models,lstm_autoencoder_19_raw_q97.5,ProtectiveStop,5,122,121,1,0,0,0,0,1,0
12_matched_models,lstm_autoencoder_19_raw_q97.5,ProtectiveStop,5,123,122,1,0,0,0,0,1,0
12_matched_models,lstm_autoencoder_19_raw_q97.5,ProtectiveStop,5,124,123,1,0,1,0,0,1,0
12_matched_models,lstm_autoencoder_19_raw_q97.5,ProtectiveStop,5,125,124,1,0,0,0,0,1,0
12_matched_models,lstm_autoencoder_19_raw_q97.5,ProtectiveStop,7,151,129,1,0,0,0,0,1,0
12_matched_models,lstm_autoencoder_19_raw_q97.5,ProtectiveStop,7,152,130,1,1,0,0,1,0,0
12_matched_models,lstm_autoencoder_19_raw_q97.5,ProtectiveStop,7,153,131,1,0,1,0,0,1,0
12_matched_models,lstm_autoencoder_19_raw_q97.5,ProtectiveStop,7,154,132,1,0,0,0,0,1,0
12_matched_models,lstm_autoencoder_19_raw_q97.5,ProtectiveStop,7,155,133,1,0,1,0,0,1,0
12_matched_models,lstm_autoencoder_19_raw_q97.5,ProtectiveStop,7,156,134,1,0,0,0,0,1,0
12_matched_models,lstm_autoencoder_19_raw_q97.5,ProtectiveStop,7,157,135,1,0,0,0,0,1,0
12_matched_models,lstm_autoencoder_19_raw_q97.5,ProtectiveStop,7,159,137,1,1,0,0,1,0,0
12_matched_models,lstm_autoencoder_19_raw_q97.5,ProtectiveStop,7,160,138,1,0,0,0,1,0,1
12_matched_models,lstm_autoencoder_19_raw_q97.5,ProtectiveStop,7,161,139,1,0,1,0,0,1,0
12_matched_models,lstm_autoencoder_19_raw_q97.5,ProtectiveStop,7,162,140,1,0,0,0,0,1,0
12_matched_models,lstm_autoencoder_19_raw_q97.5,ProtectiveStop,7,163,141,1,1,1,0,1,0,0
12_matched_models,lstm_autoencoder_19_raw_q97.5,ProtectiveStop,7,164,142,1,1,0,0,1,0,0
12_matched_models,lstm_autoencoder_19_raw_q97.5,ProtectiveStop,7,165,143,1,0,0,0,0,1,0
12_matched_models,lstm_autoencoder_19_raw_q97.5,ProtectiveStop,7,166,144,1,0,0,0,0,1,0
12_matched_models,lstm_autoencoder_19_raw_q97.5,ProtectiveStop,7,167,145,1,0,1,0,0,1,0
12_matched_models,lstm_autoencoder_19_raw_q97.5,ProtectiveStop,7,168,146,1,0,1,0,0,1,0
12_matched_models,lstm_autoencoder_19_raw_q97.5,ProtectiveStop,7,169,147,1,0,1,0,0,1,0
12_matched_models,lstm_autoencoder_19_raw_q97.5,ProtectiveStop,7,170,148,1,1,0,0,1,0,0
12_matched_models,lstm_autoencoder_19_raw_q97.5,ProtectiveStop,7,171,149,1,0,0,0,0,1,0
12_matched_models,lstm_autoencoder_19_raw_q97.5,ProtectiveStop,7,172,150,1,0,0,0,0,1,0
12_matched_models,lstm_autoencoder_19_raw_q97.5,ProtectiveStop,7,173,151,1,1,0,0,1,0,0
12_matched_models,lstm_autoencoder_19_raw_q97.5,ProtectiveStop,7,174,152,1,1,0,0,1,0,0
12_matched_models,lstm_autoencoder_19_raw_q97.5,ProtectiveStop,7,175,153,1,1,1,1,1,0,0
12_matched_models,lstm_autoencoder_19_raw_q97.5,ProtectiveStop,8,176,154,1,0,0,0,0,1,0
12_matched_models,lstm_autoencoder_19_raw_q97.5,ProtectiveStop,8,177,155,1,0,0,0,0,1,0
12_matched_models,lstm_autoencoder_19_raw_q97.5,ProtectiveStop,8,178,156,1,0,0,0,0,1,0
12_matched_models,lstm_autoencoder_19_raw_q97.5,ProtectiveStop,8,179,157,1,0,0,0,0,1,0
12_matched_models,lstm_autoencoder_19_raw_q97.5,ProtectiveStop,8,180,158,1,0,0,0,1,0,1
12_matched_models,lstm_autoencoder_19_raw_q97.5,ProtectiveStop,8,181,159,1,0,0,0,0,1,0
12_matched_models,lstm_autoencoder_19_raw_q97.5,ProtectiveStop,8,182,160,1,1,0,0,1,0,0
12_matched_models,lstm_autoencoder_19_raw_q97.5,ProtectiveStop,8,183,161,1,1,0,0,1,0,0
12_matched_models,lstm_autoencoder_19_raw_q97.5,ProtectiveStop,8,184,162,1,0,0,0,0,1,0
12_matched_models,lstm_autoencoder_19_raw_q97.5,ProtectiveStop,8,185,163,1,1,0,0,1,0,0
12_matched_models,lstm_autoencoder_19_raw_q97.5,ProtectiveStop,8,199,176,1,0,0,0,0,1,0
12_matched_models,lstm_autoencoder_19_raw_q97.5,ProtectiveStop,8,200,177,1,0,0,0,1,0,1
12_matched_models,lstm_autoencoder_19_raw_q97.5,ProtectiveStop,9,201,178,1,1,0,0,1,0,0
12_matched_models,lstm_autoencoder_19_raw_q97.5,ProtectiveStop,9,202,179,1,0,0,0,1,0,1
12_matched_models,lstm_autoencoder_19_raw_q97.5,ProtectiveStop,9,203,180,1,0,0,0,0,1,0
12_matched_models,lstm_autoencoder_19_raw_q97.5,ProtectiveStop,9,204,181,1,1,0,0,1,0,0
12_matched_models,lstm_autoencoder_19_raw_q97.5,ProtectiveStop,9,205,182,1,0,0,0,0,1,0
12_matched_models,lstm_autoencoder_19_raw_q97.5,ProtectiveStop,9,206,183,1,1,0,0,1,0,0
12_matched_models,lstm_autoencoder_19_raw_q97.5,ProtectiveStop,9,207,184,1,0,0,0,0,1,0
12_matched_models,lstm_autoencoder_19_raw_q97.5,ProtectiveStop,9,208,185,1,0,0,0,1,0,1
12_matched_models,lstm_autoencoder_19_raw_q97.5,ProtectiveStop,9,209,186,1,0,0,0,0,1,0
12_matched_models,lstm_autoencoder_19_raw_q97.5,ProtectiveStop,9,210,187,1,1,0,0,1,0,0
12_matched_models,lstm_autoencoder_19_raw_q97.5,ProtectiveStop,9,211,188,1,0,0,0,0,1,0
12_matched_models,lstm_autoencoder_19_raw_q97.5,ProtectiveStop,9,212,189,1,1,0,0,1,0,0
12_matched_models,lstm_autoencoder_19_raw_q97.5,ProtectiveStop,9,213,190,1,0,0,0,0,1,0
12_matched_models,lstm_autoencoder_19_raw_q97.5,ProtectiveStop,9,214,191,1,1,0,0,1,0,0
12_matched_models,lstm_autoencoder_19_raw_q97.5,ProtectiveStop,9,215,192,1,1,0,0,1,0,0
12_matched_models,lstm_autoencoder_19_raw_q97.5,ProtectiveStop,9,216,193,1,0,0,0,1,0,1
12_matched_models,lstm_autoencoder_19_raw_q97.5,ProtectiveStop,9,217,194,1,1,0,0,1,0,0
12_matched_models,lstm_autoencoder_19_raw_q97.5,ProtectiveStop,9,218,195,1,1,0,0,1,0,0
12_matched_models,lstm_autoencoder_19_raw_q97.5,ProtectiveStop,9,219,196,1,1,0,0,1,0,0
12_matched_models,lstm_autoencoder_19_raw_q97.5,ProtectiveStop,9,220,197,1,1,0,0,1,0,0
12_matched_models,lstm_autoencoder_19_raw_q97.5,ProtectiveStop,9,221,198,1,1,0,0,1,0,0
12_matched_models,lstm_autoencoder_19_raw_q97.5,ProtectiveStop,9,222,199,1,1,0,0,1,0,0
12_matched_models,lstm_autoencoder_19_raw_q97.5,ProtectiveStop,9,223,200,1,1,0,0,1,0,0
12_matched_models,lstm_autoencoder_19_raw_q97.5,ProtectiveStop,9,224,201,1,1,0,0,1,0,0
12_matched_models,lstm_autoencoder_19_raw_q97.5,ProtectiveStop,9,225,202,1,1,0,0,1,0,0
12_matched_models,lstm_autoencoder_19_raw_q97.5,ProtectiveStop,9,224,210,2,1,0,0,1,0,0
12_matched_models,lstm_autoencoder_19_raw_q97.5,ProtectiveStop,10,226,203,1,1,0,0,1,0,0
12_matched_models,lstm_autoencoder_19_raw_q97.5,ProtectiveStop,10,227,204,1,1,0,0,1,0,0
12_matched_models,lstm_autoencoder_19_raw_q97.5,ProtectiveStop,10,229,205,1,1,0,0,1,0,0
12_matched_models,lstm_autoencoder_19_raw_q97.5,ProtectiveStop,10,230,206,1,1,1,1,1,0,0
12_matched_models,lstm_autoencoder_19_raw_q97.5,ProtectiveStop,10,231,207,1,1,0,0,1,0,0
12_matched_models,lstm_autoencoder_19_raw_q97.5,ProtectiveStop,10,232,208,1,0,0,0,0,1,0
12_matched_models,lstm_autoencoder_19_raw_q97.5,ProtectiveStop,10,233,209,1,1,0,0,1,0,0
12_matched_models,lstm_autoencoder_19_raw_q97.5,ProtectiveStop,10,230,216,2,1,0,0,1,0,0
12_matched_models,lstm_autoencoder_19_raw_q97.5,ProtectiveStop,10,231,217,2,1,0,0,1,0,0
12_matched_models,lstm_autoencoder_19_raw_q97.5,ProtectiveStop,10,232,218,2,1,0,0,1,0,0
12_matched_models,lstm_autoencoder_19_raw_q97.5,ProtectiveStop,10,233,219,2,0,0,0,1,0,1
12_matched_models,lstm_autoencoder_19_raw_q97.5,ProtectiveStop,10,234,220,1,1,0,0,1,0,0
12_matched_models,lstm_autoencoder_19_raw_q97.5,ProtectiveStop,10,235,221,1,1,0,0,1,0,0
12_matched_models,lstm_autoencoder_19_raw_q97.5,ProtectiveStop,10,236,222,1,0,0,0,0,1,0
12_matched_models,lstm_autoencoder_19_raw_q97.5,ProtectiveStop,10,237,223,1,1,0,0,1,0,0
12_matched_models,lstm_autoencoder_19_raw_q97.5,ProtectiveStop,10,238,224,1,0,0,0,0,1,0
12_matched_models,lstm_autoencoder_19_raw_q97.5,ProtectiveStop,10,239,225,1,1,0,0,1,0,0
12_matched_models,lstm_autoencoder_19_raw_q97.5,ProtectiveStop,10,240,226,1,1,0,0,1,0,0
12_matched_models,lstm_autoencoder_19_raw_q97.5,ProtectiveStop,10,241,227,1,0,0,0,0,1,0
12_matched_models,lstm_autoencoder_19_raw_q97.5,ProtectiveStop,10,242,228,1,1,0,0,1,0,0
12_matched_models,lstm_autoencoder_19_raw_q97.5,ProtectiveStop,10,243,229,1,0,0,0,0,1,0
12_matched_models,lstm_autoencoder_19_raw_q97.5,ProtectiveStop,10,245,230,1,0,0,0,0,1,0
12_matched_models,lstm_autoencoder_19_raw_q97.5,ProtectiveStop,10,246,231,1,1,0,0,1,0,0
12_matched_models,lstm_autoencoder_19_raw_q97.5,ProtectiveStop,10,247,232,1,1,0,0,1,0,0
12_matched_models,lstm_autoencoder_19_raw_q97.5,ProtectiveStop,10,248,233,1,0,0,0,0,1,0
12_matched_models,lstm_autoencoder_19_raw_q97.5,ProtectiveStop,10,249,234,1,1,0,0,1,0,0
12_matched_models,lstm_autoencoder_19_raw_q97.5,ProtectiveStop,10,250,235,1,1,0,0,1,0,0
12_matched_models,lstm_autoencoder_19_raw_q97.5,GripLost,1,1,1,1,0,0,0,1,0,1
12_matched_models,lstm_autoencoder_19_raw_q97.5,GripLost,1,2,2,1,1,0,0,1,0,0
12_matched_models,lstm_autoencoder_19_raw_q97.5,GripLost,1,3,3,1,0,1,0,0,1,0
12_matched_models,lstm_autoencoder_19_raw_q97.5,GripLost,1,4,4,1,0,0,0,0,1,0
12_matched_models,lstm_autoencoder_19_raw_q97.5,GripLost,1,5,5,1,1,0,0,1,0,0
12_matched_models,lstm_autoencoder_19_raw_q97.5,GripLost,1,6,6,1,1,0,0,1,0,0
12_matched_models,lstm_autoencoder_19_raw_q97.5,GripLost,1,8,8,1,0,0,0,0,1,0
12_matched_models,lstm_autoencoder_19_raw_q97.5,GripLost,1,9,9,1,0,0,0,0,1,0
12_matched_models,lstm_autoencoder_19_raw_q97.5,GripLost,1,10,10,1,0,0,0,0,1,0
12_matched_models,lstm_autoencoder_19_raw_q97.5,GripLost,1,11,11,1,0,0,0,0,1,0
12_matched_models,lstm_autoencoder_19_raw_q97.5,GripLost,1,12,12,1,0,0,0,0,1,0
12_matched_models,lstm_autoencoder_19_raw_q97.5,GripLost,1,13,13,1,0,0,0,0,1,0
12_matched_models,lstm_autoencoder_19_raw_q97.5,GripLost,1,14,14,1,1,0,0,1,0,0
12_matched_models,lstm_autoencoder_19_raw_q97.5,GripLost,1,15,15,1,1,0,0,1,0,0
12_matched_models,lstm_autoencoder_19_raw_q97.5,GripLost,1,16,16,1,0,0,0,0,1,0
12_matched_models,lstm_autoencoder_19_raw_q97.5,GripLost,1,17,17,1,0,0,0,0,1,0
12_matched_models,lstm_autoencoder_19_raw_q97.5,GripLost,1,18,18,1,0,0,0,0,1,0
12_matched_models,lstm_autoencoder_19_raw_q97.5,GripLost,1,19,19,1,0,0,0,0,1,0
12_matched_models,lstm_autoencoder_19_raw_q97.5,GripLost,1,20,20,1,0,0,0,0,1,0
12_matched_models,lstm_autoencoder_19_raw_q97.5,GripLost,1,21,21,1,0,0,0,0,1,0
12_matched_models,lstm_autoencoder_19_raw_q97.5,GripLost,1,22,22,1,0,0,0,1,0,1
12_matched_models,lstm_autoencoder_19_raw_q97.5,GripLost,1,23,23,1,0,0,0,0,1,0
12_matched_models,lstm_autoencoder_19_raw_q97.5,GripLost,1,24,24,1,0,0,0,0,1,0
12_matched_models,lstm_autoencoder_19_raw_q97.5,GripLost,1,25,25,1,0,0,0,0,1,0
12_matched_models,lstm_autoencoder_19_raw_q97.5,GripLost,2,26,26,1,0,0,0,0,1,0
12_matched_models,lstm_autoencoder_19_raw_q97.5,GripLost,2,27,27,1,0,0,0,0,1,0
12_matched_models,lstm_autoencoder_19_raw_q97.5,GripLost,2,28,28,1,0,0,0,0,1,0
12_matched_models,lstm_autoencoder_19_raw_q97.5,GripLost,2,29,29,1,0,0,0,0,1,0
12_matched_models,lstm_autoencoder_19_raw_q97.5,GripLost,2,30,30,1,0,0,0,0,1,0
12_matched_models,lstm_autoencoder_19_raw_q97.5,GripLost,2,31,31,1,0,0,0,0,1,0
12_matched_models,lstm_autoencoder_19_raw_q97.5,GripLost,2,32,32,1,0,0,0,0,1,0
12_matched_models,lstm_autoencoder_19_raw_q97.5,GripLost,2,33,33,1,0,0,0,0,1,0
12_matched_models,lstm_autoencoder_19_raw_q97.5,GripLost,2,34,34,1,0,0,0,0,1,0
12_matched_models,lstm_autoencoder_19_raw_q97.5,GripLost,2,35,35,1,0,0,0,1,0,1
12_matched_models,lstm_autoencoder_19_raw_q97.5,GripLost,2,36,36,1,1,0,0,1,0,0
12_matched_models,lstm_autoencoder_19_raw_q97.5,GripLost,2,37,37,1,0,0,0,0,1,0
12_matched_models,lstm_autoencoder_19_raw_q97.5,GripLost,2,38,38,1,0,0,0,0,1,0
12_matched_models,lstm_autoencoder_19_raw_q97.5,GripLost,2,39,39,1,1,0,0,1,0,0
12_matched_models,lstm_autoencoder_19_raw_q97.5,GripLost,2,40,40,1,1,0,0,1,0,0
12_matched_models,lstm_autoencoder_19_raw_q97.5,GripLost,2,41,41,1,0,0,0,0,1,0
12_matched_models,lstm_autoencoder_19_raw_q97.5,GripLost,2,42,42,1,0,0,0,1,0,1
12_matched_models,lstm_autoencoder_19_raw_q97.5,GripLost,2,43,43,1,0,0,0,0,1,0
12_matched_models,lstm_autoencoder_19_raw_q97.5,GripLost,2,44,44,1,0,0,0,0,1,0
12_matched_models,lstm_autoencoder_19_raw_q97.5,GripLost,2,45,45,1,0,0,0,0,1,0
12_matched_models,lstm_autoencoder_19_raw_q97.5,GripLost,2,48,48,1,0,0,0,0,1,0
12_matched_models,lstm_autoencoder_19_raw_q97.5,GripLost,2,49,49,1,0,0,0,0,1,0
12_matched_models,lstm_autoencoder_19_raw_q97.5,GripLost,2,50,50,1,0,0,0,0,1,0
12_matched_models,lstm_autoencoder_19_raw_q97.5,GripLost,3,51,51,1,0,0,0,0,1,0
12_matched_models,lstm_autoencoder_19_raw_q97.5,GripLost,3,52,52,1,0,0,0,0,1,0
12_matched_models,lstm_autoencoder_19_raw_q97.5,GripLost,3,53,53,1,0,0,0,1,0,1
12_matched_models,lstm_autoencoder_19_raw_q97.5,GripLost,3,54,54,1,0,0,0,0,1,0
12_matched_models,lstm_autoencoder_19_raw_q97.5,GripLost,3,55,55,1,0,0,0,0,1,0
12_matched_models,lstm_autoencoder_19_raw_q97.5,GripLost,3,56,56,1,0,0,0,0,1,0
12_matched_models,lstm_autoencoder_19_raw_q97.5,GripLost,3,57,57,1,0,0,0,0,1,0
12_matched_models,lstm_autoencoder_19_raw_q97.5,GripLost,3,58,58,1,0,0,0,0,1,0
12_matched_models,lstm_autoencoder_19_raw_q97.5,GripLost,3,59,59,1,0,0,0,0,1,0
12_matched_models,lstm_autoencoder_19_raw_q97.5,GripLost,3,60,60,1,0,0,0,0,1,0
12_matched_models,lstm_autoencoder_19_raw_q97.5,GripLost,3,61,61,1,0,0,0,0,1,0
12_matched_models,lstm_autoencoder_19_raw_q97.5,GripLost,3,62,62,1,0,0,0,0,1,0
12_matched_models,lstm_autoencoder_19_raw_q97.5,GripLost,3,63,63,1,1,0,0,1,0,0
12_matched_models,lstm_autoencoder_19_raw_q97.5,GripLost,3,64,64,1,1,0,0,1,0,0
12_matched_models,lstm_autoencoder_19_raw_q97.5,GripLost,3,65,65,1,1,0,0,1,0,0
12_matched_models,lstm_autoencoder_19_raw_q97.5,GripLost,3,66,66,1,0,0,0,0,1,0
12_matched_models,lstm_autoencoder_19_raw_q97.5,GripLost,3,67,67,1,1,0,0,1,0,0
12_matched_models,lstm_autoencoder_19_raw_q97.5,GripLost,3,68,68,1,0,0,0,0,1,0
12_matched_models,lstm_autoencoder_19_raw_q97.5,GripLost,3,69,69,1,1,0,0,1,0,0
12_matched_models,lstm_autoencoder_19_raw_q97.5,GripLost,3,70,70,1,0,0,0,0,1,0
12_matched_models,lstm_autoencoder_19_raw_q97.5,GripLost,3,71,71,1,0,0,0,0,1,0
12_matched_models,lstm_autoencoder_19_raw_q97.5,GripLost,3,72,72,1,0,0,0,0,1,0
12_matched_models,lstm_autoencoder_19_raw_q97.5,GripLost,3,73,73,1,0,0,0,0,1,0
12_matched_models,lstm_autoencoder_19_raw_q97.5,GripLost,3,75,74,1,0,0,0,0,1,0
12_matched_models,lstm_autoencoder_19_raw_q97.5,GripLost,4,76,75,1,1,0,0,1,0,0
12_matched_models,lstm_autoencoder_19_raw_q97.5,GripLost,4,85,84,1,0,0,0,0,1,0
12_matched_models,lstm_autoencoder_19_raw_q97.5,GripLost,4,86,85,1,1,0,0,1,0,0
12_matched_models,lstm_autoencoder_19_raw_q97.5,GripLost,4,87,86,1,0,0,0,1,0,1
12_matched_models,lstm_autoencoder_19_raw_q97.5,GripLost,4,88,87,1,0,0,0,0,1,0
12_matched_models,lstm_autoencoder_19_raw_q97.5,GripLost,4,89,88,1,0,0,0,0,1,0
12_matched_models,lstm_autoencoder_19_raw_q97.5,GripLost,4,90,89,1,0,0,0,0,1,0
12_matched_models,lstm_autoencoder_19_raw_q97.5,GripLost,4,91,90,1,1,0,0,1,0,0
12_matched_models,lstm_autoencoder_19_raw_q97.5,GripLost,4,92,91,1,1,0,0,1,0,0
12_matched_models,lstm_autoencoder_19_raw_q97.5,GripLost,4,93,92,1,0,1,0,0,1,0
12_matched_models,lstm_autoencoder_19_raw_q97.5,GripLost,4,94,93,1,0,0,0,0,1,0
12_matched_models,lstm_autoencoder_19_raw_q97.5,GripLost,4,95,94,1,1,0,0,1,0,0
12_matched_models,lstm_autoencoder_19_raw_q97.5,GripLost,4,96,95,1,1,0,0,1,0,0
12_matched_models,lstm_autoencoder_19_raw_q97.5,GripLost,4,97,96,1,1,0,0,1,0,0
12_matched_models,lstm_autoencoder_19_raw_q97.5,GripLost,4,98,97,1,0,0,0,0,1,0
12_matched_models,lstm_autoencoder_19_raw_q97.5,GripLost,4,99,98,1,0,0,0,1,0,1
12_matched_models,lstm_autoencoder_19_raw_q97.5,GripLost,4,100,99,1,0,0,0,0,1,0
12_matched_models,lstm_autoencoder_19_raw_q97.5,GripLost,5,101,100,1,0,0,0,0,1,0
12_matched_models,lstm_autoencoder_19_raw_q97.5,GripLost,5,102,101,1,0,0,0,0,1,0
12_matched_models,lstm_autoencoder_19_raw_q97.5,GripLost,5,103,102,1,0,1,0,1,0,1
12_matched_models,lstm_autoencoder_19_raw_q97.5,GripLost,5,104,103,1,0,0,0,0,1,0
12_matched_models,lstm_autoencoder_19_raw_q97.5,GripLost,5,105,104,1,1,0,0,1,0,0
12_matched_models,lstm_autoencoder_19_raw_q97.5,GripLost,5,106,105,1,0,1,0,0,1,0
12_matched_models,lstm_autoencoder_19_raw_q97.5,GripLost,5,107,106,1,0,1,0,0,1,0
12_matched_models,lstm_autoencoder_19_raw_q97.5,GripLost,5,108,107,1,0,0,0,1,0,1
12_matched_models,lstm_autoencoder_19_raw_q97.5,GripLost,5,109,108,1,0,0,0,0,1,0
12_matched_models,lstm_autoencoder_19_raw_q97.5,GripLost,5,110,109,1,0,0,0,0,1,0
12_matched_models,lstm_autoencoder_19_raw_q97.5,GripLost,5,111,110,1,0,0,0,0,1,0
12_matched_models,lstm_autoencoder_19_raw_q97.5,GripLost,5,112,111,1,0,0,0,0,1,0
12_matched_models,lstm_autoencoder_19_raw_q97.5,GripLost,5,113,112,1,0,1,0,0,1,0
12_matched_models,lstm_autoencoder_19_raw_q97.5,GripLost,5,114,113,1,0,1,0,0,1,0
12_matched_models,lstm_autoencoder_19_raw_q97.5,GripLost,5,115,114,1,0,0,0,1,0,1
12_matched_models,lstm_autoencoder_19_raw_q97.5,GripLost,5,116,115,1,0,1,0,0,1,0
12_matched_models,lstm_autoencoder_19_raw_q97.5,GripLost,5,117,116,1,0,1,0,1,0,1
12_matched_models,lstm_autoencoder_19_raw_q97.5,GripLost,5,118,117,1,0,0,0,1,0,1
12_matched_models,lstm_autoencoder_19_raw_q97.5,GripLost,5,119,118,1,0,1,0,0,1,0
12_matched_models,lstm_autoencoder_19_raw_q97.5,GripLost,5,120,119,1,0,0,0,0,1,0
12_matched_models,lstm_autoencoder_19_raw_q97.5,GripLost,5,121,120,1,0,0,0,0,1,0
12_matched_models,lstm_autoencoder_19_raw_q97.5,GripLost,5,122,121,1,0,0,0,0,1,0
12_matched_models,lstm_autoencoder_19_raw_q97.5,GripLost,5,123,122,1,0,0,0,0,1,0
12_matched_models,lstm_autoencoder_19_raw_q97.5,GripLost,5,124,123,1,0,1,0,0,1,0
12_matched_models,lstm_autoencoder_19_raw_q97.5,GripLost,5,125,124,1,0,0,0,0,1,0
12_matched_models,lstm_autoencoder_19_raw_q97.5,GripLost,7,151,129,1,0,0,0,0,1,0
12_matched_models,lstm_autoencoder_19_raw_q97.5,GripLost,7,152,130,1,0,0,0,1,0,1
12_matched_models,lstm_autoencoder_19_raw_q97.5,GripLost,7,153,131,1,0,1,0,0,1,0
12_matched_models,lstm_autoencoder_19_raw_q97.5,GripLost,7,154,132,1,0,0,0,0,1,0
12_matched_models,lstm_autoencoder_19_raw_q97.5,GripLost,7,155,133,1,0,1,0,0,1,0
12_matched_models,lstm_autoencoder_19_raw_q97.5,GripLost,7,156,134,1,0,0,0,0,1,0
12_matched_models,lstm_autoencoder_19_raw_q97.5,GripLost,7,157,135,1,0,0,0,0,1,0
12_matched_models,lstm_autoencoder_19_raw_q97.5,GripLost,7,159,137,1,0,0,0,1,0,1
12_matched_models,lstm_autoencoder_19_raw_q97.5,GripLost,7,160,138,1,1,0,0,1,0,0
12_matched_models,lstm_autoencoder_19_raw_q97.5,GripLost,7,161,139,1,0,1,0,0,1,0
12_matched_models,lstm_autoencoder_19_raw_q97.5,GripLost,7,162,140,1,0,0,0,0,1,0
12_matched_models,lstm_autoencoder_19_raw_q97.5,GripLost,7,163,141,1,0,1,0,1,0,1
12_matched_models,lstm_autoencoder_19_raw_q97.5,GripLost,7,164,142,1,1,0,0,1,0,0
12_matched_models,lstm_autoencoder_19_raw_q97.5,GripLost,7,165,143,1,0,0,0,0,1,0
12_matched_models,lstm_autoencoder_19_raw_q97.5,GripLost,7,166,144,1,0,0,0,0,1,0
12_matched_models,lstm_autoencoder_19_raw_q97.5,GripLost,7,167,145,1,0,1,0,0,1,0
12_matched_models,lstm_autoencoder_19_raw_q97.5,GripLost,7,168,146,1,0,1,0,0,1,0
12_matched_models,lstm_autoencoder_19_raw_q97.5,GripLost,7,169,147,1,0,1,0,0,1,0
12_matched_models,lstm_autoencoder_19_raw_q97.5,GripLost,7,170,148,1,0,0,0,1,0,1
12_matched_models,lstm_autoencoder_19_raw_q97.5,GripLost,7,171,149,1,0,0,0,0,1,0
12_matched_models,lstm_autoencoder_19_raw_q97.5,GripLost,7,172,150,1,0,0,0,0,1,0
12_matched_models,lstm_autoencoder_19_raw_q97.5,GripLost,7,173,151,1,1,0,0,1,0,0
12_matched_models,lstm_autoencoder_19_raw_q97.5,GripLost,7,174,152,1,1,0,0,1,0,0
12_matched_models,lstm_autoencoder_19_raw_q97.5,GripLost,7,175,153,1,0,1,0,1,0,1
12_matched_models,lstm_autoencoder_19_raw_q97.5,GripLost,8,176,154,1,0,0,0,0,1,0
12_matched_models,lstm_autoencoder_19_raw_q97.5,GripLost,8,177,155,1,0,0,0,0,1,0
12_matched_models,lstm_autoencoder_19_raw_q97.5,GripLost,8,178,156,1,0,0,0,0,1,0
12_matched_models,lstm_autoencoder_19_raw_q97.5,GripLost,8,179,157,1,0,0,0,0,1,0
12_matched_models,lstm_autoencoder_19_raw_q97.5,GripLost,8,180,158,1,1,0,0,1,0,0
12_matched_models,lstm_autoencoder_19_raw_q97.5,GripLost,8,181,159,1,0,0,0,0,1,0
12_matched_models,lstm_autoencoder_19_raw_q97.5,GripLost,8,182,160,1,0,0,0,1,0,1
12_matched_models,lstm_autoencoder_19_raw_q97.5,GripLost,8,183,161,1,0,0,0,1,0,1
12_matched_models,lstm_autoencoder_19_raw_q97.5,GripLost,8,184,162,1,0,0,0,0,1,0
12_matched_models,lstm_autoencoder_19_raw_q97.5,GripLost,8,185,163,1,0,0,0,1,0,1
12_matched_models,lstm_autoencoder_19_raw_q97.5,GripLost,8,199,176,1,0,0,0,0,1,0
12_matched_models,lstm_autoencoder_19_raw_q97.5,GripLost,8,200,177,1,1,0,0,1,0,0
12_matched_models,lstm_autoencoder_19_raw_q97.5,GripLost,9,201,178,1,0,0,0,1,0,1
12_matched_models,lstm_autoencoder_19_raw_q97.5,GripLost,9,202,179,1,1,0,0,1,0,0
12_matched_models,lstm_autoencoder_19_raw_q97.5,GripLost,9,203,180,1,0,0,0,0,1,0
12_matched_models,lstm_autoencoder_19_raw_q97.5,GripLost,9,204,181,1,0,0,0,1,0,1
12_matched_models,lstm_autoencoder_19_raw_q97.5,GripLost,9,205,182,1,0,0,0,0,1,0
12_matched_models,lstm_autoencoder_19_raw_q97.5,GripLost,9,206,183,1,0,0,0,1,0,1
12_matched_models,lstm_autoencoder_19_raw_q97.5,GripLost,9,207,184,1,0,0,0,0,1,0
12_matched_models,lstm_autoencoder_19_raw_q97.5,GripLost,9,208,185,1,1,0,0,1,0,0
12_matched_models,lstm_autoencoder_19_raw_q97.5,GripLost,9,209,186,1,0,0,0,0,1,0
12_matched_models,lstm_autoencoder_19_raw_q97.5,GripLost,9,210,187,1,0,0,0,1,0,1
12_matched_models,lstm_autoencoder_19_raw_q97.5,GripLost,9,211,188,1,0,0,0,0,1,0
12_matched_models,lstm_autoencoder_19_raw_q97.5,GripLost,9,212,189,1,0,0,0,1,0,1
12_matched_models,lstm_autoencoder_19_raw_q97.5,GripLost,9,213,190,1,0,0,0,0,1,0
12_matched_models,lstm_autoencoder_19_raw_q97.5,GripLost,9,214,191,1,1,0,0,1,0,0
12_matched_models,lstm_autoencoder_19_raw_q97.5,GripLost,9,215,192,1,0,0,0,1,0,1
12_matched_models,lstm_autoencoder_19_raw_q97.5,GripLost,9,216,193,1,1,0,0,1,0,0
12_matched_models,lstm_autoencoder_19_raw_q97.5,GripLost,9,217,194,1,0,0,0,1,0,1
12_matched_models,lstm_autoencoder_19_raw_q97.5,GripLost,9,218,195,1,0,0,0,1,0,1
12_matched_models,lstm_autoencoder_19_raw_q97.5,GripLost,9,219,196,1,1,0,0,1,0,0
12_matched_models,lstm_autoencoder_19_raw_q97.5,GripLost,9,220,197,1,0,0,0,1,0,1
12_matched_models,lstm_autoencoder_19_raw_q97.5,GripLost,9,221,198,1,1,0,0,1,0,0
12_matched_models,lstm_autoencoder_19_raw_q97.5,GripLost,9,222,199,1,0,0,0,1,0,1
12_matched_models,lstm_autoencoder_19_raw_q97.5,GripLost,9,223,200,1,0,0,0,1,0,1
12_matched_models,lstm_autoencoder_19_raw_q97.5,GripLost,9,224,201,1,0,0,0,1,0,1
12_matched_models,lstm_autoencoder_19_raw_q97.5,GripLost,9,225,202,1,0,0,0,1,0,1
12_matched_models,lstm_autoencoder_19_raw_q97.5,GripLost,9,224,210,2,0,0,0,1,0,1
12_matched_models,lstm_autoencoder_19_raw_q97.5,GripLost,10,226,203,1,0,0,0,1,0,1
12_matched_models,lstm_autoencoder_19_raw_q97.5,GripLost,10,227,204,1,0,0,0,1,0,1
12_matched_models,lstm_autoencoder_19_raw_q97.5,GripLost,10,229,205,1,0,0,0,1,0,1
12_matched_models,lstm_autoencoder_19_raw_q97.5,GripLost,10,230,206,1,0,1,0,1,0,1
12_matched_models,lstm_autoencoder_19_raw_q97.5,GripLost,10,231,207,1,0,0,0,1,0,1
12_matched_models,lstm_autoencoder_19_raw_q97.5,GripLost,10,232,208,1,0,0,0,0,1,0
12_matched_models,lstm_autoencoder_19_raw_q97.5,GripLost,10,233,209,1,0,0,0,1,0,1
12_matched_models,lstm_autoencoder_19_raw_q97.5,GripLost,10,230,216,2,0,0,0,1,0,1
12_matched_models,lstm_autoencoder_19_raw_q97.5,GripLost,10,231,217,2,0,0,0,1,0,1
12_matched_models,lstm_autoencoder_19_raw_q97.5,GripLost,10,232,218,2,1,0,0,1,0,0
12_matched_models,lstm_autoencoder_19_raw_q97.5,GripLost,10,233,219,2,1,0,0,1,0,0
12_matched_models,lstm_autoencoder_19_raw_q97.5,GripLost,10,234,220,1,1,0,0,1,0,0
12_matched_models,lstm_autoencoder_19_raw_q97.5,GripLost,10,235,221,1,0,0,0,1,0,1
12_matched_models,lstm_autoencoder_19_raw_q97.5,GripLost,10,236,222,1,0,0,0,0,1,0
12_matched_models,lstm_autoencoder_19_raw_q97.5,GripLost,10,237,223,1,1,0,0,1,0,0
12_matched_models,lstm_autoencoder_19_raw_q97.5,GripLost,10,238,224,1,0,0,0,0,1,0
12_matched_models,lstm_autoencoder_19_raw_q97.5,GripLost,10,239,225,1,0,0,0,1,0,1
12_matched_models,lstm_autoencoder_19_raw_q97.5,GripLost,10,240,226,1,0,0,0,1,0,1
12_matched_models,lstm_autoencoder_19_raw_q97.5,GripLost,10,241,227,1,0,0,0,0,1,0
12_matched_models,lstm_autoencoder_19_raw_q97.5,GripLost,10,242,228,1,0,0,0,1,0,1
12_matched_models,lstm_autoencoder_19_raw_q97.5,GripLost,10,243,229,1,0,0,0,0,1,0
12_matched_models,lstm_autoencoder_19_raw_q97.5,GripLost,10,245,230,1,0,0,0,0,1,0
12_matched_models,lstm_autoencoder_19_raw_q97.5,GripLost,10,246,231,1,0,0,0,1,0,1
12_matched_models,lstm_autoencoder_19_raw_q97.5,GripLost,10,247,232,1,1,0,0,1,0,0
12_matched_models,lstm_autoencoder_19_raw_q97.5,GripLost,10,248,233,1,0,0,0,0,1,0
12_matched_models,lstm_autoencoder_19_raw_q97.5,GripLost,10,249,234,1,0,0,0,1,0,1
12_matched_models,lstm_autoencoder_19_raw_q97.5,GripLost,10,250,235,1,1,0,0,1,0,0
12_matched_models,rf_19_raw_window,System_Failure,1,1,1,1,1,1,1,1,0,0
12_matched_models,rf_19_raw_window,System_Failure,1,2,2,1,1,1,1,1,0,0
12_matched_models,rf_19_raw_window,System_Failure,1,3,3,1,0,0,0,0,1,0
12_matched_models,rf_19_raw_window,System_Failure,1,4,4,1,0,0,0,0,1,0
12_matched_models,rf_19_raw_window,System_Failure,1,5,5,1,1,1,1,1,0,0
12_matched_models,rf_19_raw_window,System_Failure,1,6,6,1,1,1,1,1,0,0
12_matched_models,rf_19_raw_window,System_Failure,1,8,8,1,0,0,0,0,1,0
12_matched_models,rf_19_raw_window,System_Failure,1,9,9,1,0,0,0,0,1,0
12_matched_models,rf_19_raw_window,System_Failure,1,10,10,1,0,0,0,0,1,0
12_matched_models,rf_19_raw_window,System_Failure,1,11,11,1,0,0,0,0,1,0
12_matched_models,rf_19_raw_window,System_Failure,1,12,12,1,0,0,0,0,1,0
12_matched_models,rf_19_raw_window,System_Failure,1,13,13,1,0,0,0,0,1,0
12_matched_models,rf_19_raw_window,System_Failure,1,14,14,1,1,1,1,1,0,0
12_matched_models,rf_19_raw_window,System_Failure,1,15,15,1,1,1,1,1,0,0
12_matched_models,rf_19_raw_window,System_Failure,1,16,16,1,0,0,0,0,1,0
12_matched_models,rf_19_raw_window,System_Failure,1,17,17,1,0,0,0,0,1,0
12_matched_models,rf_19_raw_window,System_Failure,1,18,18,1,0,0,0,0,1,0
12_matched_models,rf_19_raw_window,System_Failure,1,19,19,1,0,0,0,0,1,0
12_matched_models,rf_19_raw_window,System_Failure,1,20,20,1,0,0,0,0,1,0
12_matched_models,rf_19_raw_window,System_Failure,1,21,21,1,0,0,0,0,1,0
12_matched_models,rf_19_raw_window,System_Failure,1,22,22,1,1,1,1,1,0,0
12_matched_models,rf_19_raw_window,System_Failure,1,23,23,1,0,0,0,0,1,0
12_matched_models,rf_19_raw_window,System_Failure,1,24,24,1,0,0,0,0,1,0
12_matched_models,rf_19_raw_window,System_Failure,1,25,25,1,0,0,0,0,1,0
12_matched_models,rf_19_raw_window,System_Failure,2,26,26,1,0,0,0,0,1,0
12_matched_models,rf_19_raw_window,System_Failure,2,27,27,1,0,0,0,0,1,0
12_matched_models,rf_19_raw_window,System_Failure,2,28,28,1,0,0,0,0,1,0
12_matched_models,rf_19_raw_window,System_Failure,2,29,29,1,0,0,0,0,1,0
12_matched_models,rf_19_raw_window,System_Failure,2,30,30,1,0,0,0,0,1,0
12_matched_models,rf_19_raw_window,System_Failure,2,31,31,1,0,0,0,0,1,0
12_matched_models,rf_19_raw_window,System_Failure,2,32,32,1,0,0,0,0,1,0
12_matched_models,rf_19_raw_window,System_Failure,2,33,33,1,0,0,0,0,1,0
12_matched_models,rf_19_raw_window,System_Failure,2,34,34,1,0,0,0,0,1,0
12_matched_models,rf_19_raw_window,System_Failure,2,35,35,1,1,1,1,1,0,0
12_matched_models,rf_19_raw_window,System_Failure,2,36,36,1,1,1,1,1,0,0
12_matched_models,rf_19_raw_window,System_Failure,2,37,37,1,0,0,0,0,1,0
12_matched_models,rf_19_raw_window,System_Failure,2,38,38,1,0,0,0,0,1,0
12_matched_models,rf_19_raw_window,System_Failure,2,39,39,1,1,1,1,1,0,0
12_matched_models,rf_19_raw_window,System_Failure,2,40,40,1,1,1,1,1,0,0
12_matched_models,rf_19_raw_window,System_Failure,2,41,41,1,0,0,0,0,1,0
12_matched_models,rf_19_raw_window,System_Failure,2,42,42,1,1,1,1,1,0,0
12_matched_models,rf_19_raw_window,System_Failure,2,43,43,1,0,0,0,0,1,0
12_matched_models,rf_19_raw_window,System_Failure,2,44,44,1,0,0,0,0,1,0
12_matched_models,rf_19_raw_window,System_Failure,2,45,45,1,0,0,0,0,1,0
12_matched_models,rf_19_raw_window,System_Failure,2,48,48,1,0,0,0,0,1,0
12_matched_models,rf_19_raw_window,System_Failure,2,49,49,1,0,0,0,0,1,0
12_matched_models,rf_19_raw_window,System_Failure,2,50,50,1,0,0,0,0,1,0
12_matched_models,rf_19_raw_window,System_Failure,3,51,51,1,0,0,0,0,1,0
12_matched_models,rf_19_raw_window,System_Failure,3,52,52,1,0,0,0,0,1,0
12_matched_models,rf_19_raw_window,System_Failure,3,53,53,1,1,1,1,1,0,0
12_matched_models,rf_19_raw_window,System_Failure,3,54,54,1,0,0,0,0,1,0
12_matched_models,rf_19_raw_window,System_Failure,3,55,55,1,0,0,0,0,1,0
12_matched_models,rf_19_raw_window,System_Failure,3,56,56,1,0,0,0,0,1,0
12_matched_models,rf_19_raw_window,System_Failure,3,57,57,1,0,1,0,0,1,0
12_matched_models,rf_19_raw_window,System_Failure,3,58,58,1,0,0,0,0,1,0
12_matched_models,rf_19_raw_window,System_Failure,3,59,59,1,0,0,0,0,1,0
12_matched_models,rf_19_raw_window,System_Failure,3,60,60,1,0,0,0,0,1,0
12_matched_models,rf_19_raw_window,System_Failure,3,61,61,1,0,0,0,0,1,0
12_matched_models,rf_19_raw_window,System_Failure,3,62,62,1,0,1,0,0,1,0
12_matched_models,rf_19_raw_window,System_Failure,3,63,63,1,1,1,1,1,0,0
12_matched_models,rf_19_raw_window,System_Failure,3,64,64,1,1,1,1,1,0,0
12_matched_models,rf_19_raw_window,System_Failure,3,65,65,1,1,1,1,1,0,0
12_matched_models,rf_19_raw_window,System_Failure,3,66,66,1,0,0,0,0,1,0
12_matched_models,rf_19_raw_window,System_Failure,3,67,67,1,1,1,1,1,0,0
12_matched_models,rf_19_raw_window,System_Failure,3,68,68,1,0,0,0,0,1,0
12_matched_models,rf_19_raw_window,System_Failure,3,69,69,1,1,1,1,1,0,0
12_matched_models,rf_19_raw_window,System_Failure,3,70,70,1,0,0,0,0,1,0
12_matched_models,rf_19_raw_window,System_Failure,3,71,71,1,0,1,0,0,1,0
12_matched_models,rf_19_raw_window,System_Failure,3,72,72,1,0,0,0,0,1,0
12_matched_models,rf_19_raw_window,System_Failure,3,73,73,1,0,0,0,0,1,0
12_matched_models,rf_19_raw_window,System_Failure,3,75,74,1,0,0,0,0,1,0
12_matched_models,rf_19_raw_window,System_Failure,4,76,75,1,1,1,1,1,0,0
12_matched_models,rf_19_raw_window,System_Failure,4,85,84,1,0,1,0,0,1,0
12_matched_models,rf_19_raw_window,System_Failure,4,86,85,1,1,1,1,1,0,0
12_matched_models,rf_19_raw_window,System_Failure,4,87,86,1,1,1,1,1,0,0
12_matched_models,rf_19_raw_window,System_Failure,4,88,87,1,0,0,0,0,1,0
12_matched_models,rf_19_raw_window,System_Failure,4,89,88,1,0,0,0,0,1,0
12_matched_models,rf_19_raw_window,System_Failure,4,90,89,1,0,0,0,0,1,0
12_matched_models,rf_19_raw_window,System_Failure,4,91,90,1,1,1,1,1,0,0
12_matched_models,rf_19_raw_window,System_Failure,4,92,91,1,1,1,1,1,0,0
12_matched_models,rf_19_raw_window,System_Failure,4,93,92,1,0,0,0,0,1,0
12_matched_models,rf_19_raw_window,System_Failure,4,94,93,1,0,0,0,0,1,0
12_matched_models,rf_19_raw_window,System_Failure,4,95,94,1,1,1,1,1,0,0
12_matched_models,rf_19_raw_window,System_Failure,4,96,95,1,1,1,1,1,0,0
12_matched_models,rf_19_raw_window,System_Failure,4,97,96,1,1,1,1,1,0,0
12_matched_models,rf_19_raw_window,System_Failure,4,98,97,1,0,0,0,0,1,0
12_matched_models,rf_19_raw_window,System_Failure,4,99,98,1,1,1,1,1,0,0
12_matched_models,rf_19_raw_window,System_Failure,4,100,99,1,0,0,0,0,1,0
12_matched_models,rf_19_raw_window,System_Failure,5,101,100,1,0,0,0,0,1,0
12_matched_models,rf_19_raw_window,System_Failure,5,102,101,1,0,0,0,0,1,0
12_matched_models,rf_19_raw_window,System_Failure,5,103,102,1,1,1,1,1,0,0
12_matched_models,rf_19_raw_window,System_Failure,5,104,103,1,0,0,0,0,1,0
12_matched_models,rf_19_raw_window,System_Failure,5,105,104,1,1,1,1,1,0,0
12_matched_models,rf_19_raw_window,System_Failure,5,106,105,1,0,0,0,0,1,0
12_matched_models,rf_19_raw_window,System_Failure,5,107,106,1,0,0,0,0,1,0
12_matched_models,rf_19_raw_window,System_Failure,5,108,107,1,1,1,1,1,0,0
12_matched_models,rf_19_raw_window,System_Failure,5,109,108,1,0,0,0,0,1,0
12_matched_models,rf_19_raw_window,System_Failure,5,110,109,1,0,0,0,0,1,0
12_matched_models,rf_19_raw_window,System_Failure,5,111,110,1,0,0,0,0,1,0
12_matched_models,rf_19_raw_window,System_Failure,5,112,111,1,0,0,0,0,1,0
12_matched_models,rf_19_raw_window,System_Failure,5,113,112,1,0,0,0,0,1,0
12_matched_models,rf_19_raw_window,System_Failure,5,114,113,1,0,0,0,0,1,0
12_matched_models,rf_19_raw_window,System_Failure,5,115,114,1,1,1,1,1,0,0
12_matched_models,rf_19_raw_window,System_Failure,5,116,115,1,0,0,0,0,1,0
12_matched_models,rf_19_raw_window,System_Failure,5,117,116,1,1,1,1,1,0,0
12_matched_models,rf_19_raw_window,System_Failure,5,118,117,1,1,1,1,1,0,0
12_matched_models,rf_19_raw_window,System_Failure,5,119,118,1,0,0,0,0,1,0
12_matched_models,rf_19_raw_window,System_Failure,5,120,119,1,0,0,0,0,1,0
12_matched_models,rf_19_raw_window,System_Failure,5,121,120,1,0,0,0,0,1,0
12_matched_models,rf_19_raw_window,System_Failure,5,122,121,1,0,0,0,0,1,0
12_matched_models,rf_19_raw_window,System_Failure,5,123,122,1,0,1,0,0,1,0
12_matched_models,rf_19_raw_window,System_Failure,5,124,123,1,0,0,0,0,1,0
12_matched_models,rf_19_raw_window,System_Failure,5,125,124,1,0,0,0,0,1,0
12_matched_models,rf_19_raw_window,System_Failure,7,151,129,1,0,0,0,0,1,0
12_matched_models,rf_19_raw_window,System_Failure,7,152,130,1,1,1,1,1,0,0
12_matched_models,rf_19_raw_window,System_Failure,7,153,131,1,0,0,0,0,1,0
12_matched_models,rf_19_raw_window,System_Failure,7,154,132,1,0,0,0,0,1,0
12_matched_models,rf_19_raw_window,System_Failure,7,155,133,1,0,0,0,0,1,0
12_matched_models,rf_19_raw_window,System_Failure,7,156,134,1,0,0,0,0,1,0
12_matched_models,rf_19_raw_window,System_Failure,7,157,135,1,0,0,0,0,1,0
12_matched_models,rf_19_raw_window,System_Failure,7,159,137,1,1,1,1,1,0,0
12_matched_models,rf_19_raw_window,System_Failure,7,160,138,1,1,1,1,1,0,0
12_matched_models,rf_19_raw_window,System_Failure,7,161,139,1,0,0,0,0,1,0
12_matched_models,rf_19_raw_window,System_Failure,7,162,140,1,0,0,0,0,1,0
12_matched_models,rf_19_raw_window,System_Failure,7,163,141,1,1,1,1,1,0,0
12_matched_models,rf_19_raw_window,System_Failure,7,164,142,1,1,1,1,1,0,0
12_matched_models,rf_19_raw_window,System_Failure,7,165,143,1,0,0,0,0,1,0
12_matched_models,rf_19_raw_window,System_Failure,7,166,144,1,0,0,0,0,1,0
12_matched_models,rf_19_raw_window,System_Failure,7,167,145,1,0,0,0,0,1,0
12_matched_models,rf_19_raw_window,System_Failure,7,168,146,1,0,0,0,0,1,0
12_matched_models,rf_19_raw_window,System_Failure,7,169,147,1,0,0,0,0,1,0
12_matched_models,rf_19_raw_window,System_Failure,7,170,148,1,1,1,1,1,0,0
12_matched_models,rf_19_raw_window,System_Failure,7,171,149,1,0,0,0,0,1,0
12_matched_models,rf_19_raw_window,System_Failure,7,172,150,1,0,0,0,0,1,0
12_matched_models,rf_19_raw_window,System_Failure,7,173,151,1,1,1,1,1,0,0
12_matched_models,rf_19_raw_window,System_Failure,7,174,152,1,1,1,1,1,0,0
12_matched_models,rf_19_raw_window,System_Failure,7,175,153,1,1,1,1,1,0,0
12_matched_models,rf_19_raw_window,System_Failure,8,176,154,1,0,0,0,0,1,0
12_matched_models,rf_19_raw_window,System_Failure,8,177,155,1,0,0,0,0,1,0
12_matched_models,rf_19_raw_window,System_Failure,8,178,156,1,0,0,0,0,1,0
12_matched_models,rf_19_raw_window,System_Failure,8,179,157,1,0,0,0,0,1,0
12_matched_models,rf_19_raw_window,System_Failure,8,180,158,1,1,1,1,1,0,0
12_matched_models,rf_19_raw_window,System_Failure,8,181,159,1,0,0,0,0,1,0
12_matched_models,rf_19_raw_window,System_Failure,8,182,160,1,1,1,1,1,0,0
12_matched_models,rf_19_raw_window,System_Failure,8,183,161,1,1,1,1,1,0,0
12_matched_models,rf_19_raw_window,System_Failure,8,184,162,1,0,0,0,0,1,0
12_matched_models,rf_19_raw_window,System_Failure,8,185,163,1,1,1,1,1,0,0
12_matched_models,rf_19_raw_window,System_Failure,8,199,176,1,0,0,0,0,1,0
12_matched_models,rf_19_raw_window,System_Failure,8,200,177,1,1,1,1,1,0,0
12_matched_models,rf_19_raw_window,System_Failure,9,201,178,1,1,1,1,1,0,0
12_matched_models,rf_19_raw_window,System_Failure,9,202,179,1,1,1,1,1,0,0
12_matched_models,rf_19_raw_window,System_Failure,9,203,180,1,0,0,0,0,1,0
12_matched_models,rf_19_raw_window,System_Failure,9,204,181,1,1,1,1,1,0,0
12_matched_models,rf_19_raw_window,System_Failure,9,205,182,1,0,0,0,0,1,0
12_matched_models,rf_19_raw_window,System_Failure,9,206,183,1,1,1,1,1,0,0
12_matched_models,rf_19_raw_window,System_Failure,9,207,184,1,0,0,0,0,1,0
12_matched_models,rf_19_raw_window,System_Failure,9,208,185,1,1,1,1,1,0,0
12_matched_models,rf_19_raw_window,System_Failure,9,209,186,1,0,0,0,0,1,0
12_matched_models,rf_19_raw_window,System_Failure,9,210,187,1,1,1,1,1,0,0
12_matched_models,rf_19_raw_window,System_Failure,9,211,188,1,0,0,0,0,1,0
12_matched_models,rf_19_raw_window,System_Failure,9,212,189,1,1,1,1,1,0,0
12_matched_models,rf_19_raw_window,System_Failure,9,213,190,1,0,0,0,0,1,0
12_matched_models,rf_19_raw_window,System_Failure,9,214,191,1,1,1,1,1,0,0
12_matched_models,rf_19_raw_window,System_Failure,9,215,192,1,1,1,1,1,0,0
12_matched_models,rf_19_raw_window,System_Failure,9,216,193,1,1,0,0,1,0,0
12_matched_models,rf_19_raw_window,System_Failure,9,217,194,1,1,1,1,1,0,0
12_matched_models,rf_19_raw_window,System_Failure,9,218,195,1,1,1,1,1,0,0
12_matched_models,rf_19_raw_window,System_Failure,9,219,196,1,1,1,1,1,0,0
12_matched_models,rf_19_raw_window,System_Failure,9,220,197,1,1,1,1,1,0,0
12_matched_models,rf_19_raw_window,System_Failure,9,221,198,1,1,1,1,1,0,0
12_matched_models,rf_19_raw_window,System_Failure,9,222,199,1,1,1,1,1,0,0
12_matched_models,rf_19_raw_window,System_Failure,9,223,200,1,1,1,1,1,0,0
12_matched_models,rf_19_raw_window,System_Failure,9,224,201,1,1,1,1,1,0,0
12_matched_models,rf_19_raw_window,System_Failure,9,225,202,1,1,1,1,1,0,0
12_matched_models,rf_19_raw_window,System_Failure,9,224,210,2,1,1,1,1,0,0
12_matched_models,rf_19_raw_window,System_Failure,10,226,203,1,1,1,1,1,0,0
12_matched_models,rf_19_raw_window,System_Failure,10,227,204,1,1,0,0,1,0,0
12_matched_models,rf_19_raw_window,System_Failure,10,229,205,1,1,1,1,1,0,0
12_matched_models,rf_19_raw_window,System_Failure,10,230,206,1,1,1,1,1,0,0
12_matched_models,rf_19_raw_window,System_Failure,10,231,207,1,1,1,1,1,0,0
12_matched_models,rf_19_raw_window,System_Failure,10,232,208,1,0,0,0,0,1,0
12_matched_models,rf_19_raw_window,System_Failure,10,233,209,1,1,1,1,1,0,0
12_matched_models,rf_19_raw_window,System_Failure,10,230,216,2,1,1,1,1,0,0
12_matched_models,rf_19_raw_window,System_Failure,10,231,217,2,1,1,1,1,0,0
12_matched_models,rf_19_raw_window,System_Failure,10,232,218,2,1,1,1,1,0,0
12_matched_models,rf_19_raw_window,System_Failure,10,233,219,2,1,1,1,1,0,0
12_matched_models,rf_19_raw_window,System_Failure,10,234,220,1,1,1,1,1,0,0
12_matched_models,rf_19_raw_window,System_Failure,10,235,221,1,1,1,1,1,0,0
12_matched_models,rf_19_raw_window,System_Failure,10,236,222,1,0,0,0,0,1,0
12_matched_models,rf_19_raw_window,System_Failure,10,237,223,1,1,1,1,1,0,0
12_matched_models,rf_19_raw_window,System_Failure,10,238,224,1,0,0,0,0,1,0
12_matched_models,rf_19_raw_window,System_Failure,10,239,225,1,1,1,1,1,0,0
12_matched_models,rf_19_raw_window,System_Failure,10,240,226,1,1,1,1,1,0,0
12_matched_models,rf_19_raw_window,System_Failure,10,241,227,1,0,0,0,0,1,0
12_matched_models,rf_19_raw_window,System_Failure,10,242,228,1,1,1,1,1,0,0
12_matched_models,rf_19_raw_window,System_Failure,10,243,229,1,0,0,0,0,1,0
12_matched_models,rf_19_raw_window,System_Failure,10,245,230,1,0,0,0,0,1,0
12_matched_models,rf_19_raw_window,System_Failure,10,246,231,1,1,1,1,1,0,0
12_matched_models,rf_19_raw_window,System_Failure,10,247,232,1,1,1,1,1,0,0
12_matched_models,rf_19_raw_window,System_Failure,10,248,233,1,0,0,0,0,1,0
12_matched_models,rf_19_raw_window,System_Failure,10,249,234,1,1,1,1,1,0,0
12_matched_models,rf_19_raw_window,System_Failure,10,250,235,1,1,1,1,1,0,0
12_matched_models,rf_19_raw_window,ProtectiveStop,1,1,1,1,1,0,0,1,0,0
12_matched_models,rf_19_raw_window,ProtectiveStop,1,2,2,1,0,0,0,1,0,1
12_matched_models,rf_19_raw_window,ProtectiveStop,1,3,3,1,0,0,0,0,1,0
12_matched_models,rf_19_raw_window,ProtectiveStop,1,4,4,1,0,0,0,0,1,0
12_matched_models,rf_19_raw_window,ProtectiveStop,1,5,5,1,0,0,0,1,0,1
12_matched_models,rf_19_raw_window,ProtectiveStop,1,6,6,1,0,0,0,1,0,1
12_matched_models,rf_19_raw_window,ProtectiveStop,1,8,8,1,0,0,0,0,1,0
12_matched_models,rf_19_raw_window,ProtectiveStop,1,9,9,1,0,0,0,0,1,0
12_matched_models,rf_19_raw_window,ProtectiveStop,1,10,10,1,0,0,0,0,1,0
12_matched_models,rf_19_raw_window,ProtectiveStop,1,11,11,1,0,0,0,0,1,0
12_matched_models,rf_19_raw_window,ProtectiveStop,1,12,12,1,0,0,0,0,1,0
12_matched_models,rf_19_raw_window,ProtectiveStop,1,13,13,1,0,0,0,0,1,0
12_matched_models,rf_19_raw_window,ProtectiveStop,1,14,14,1,0,0,0,1,0,1
12_matched_models,rf_19_raw_window,ProtectiveStop,1,15,15,1,0,0,0,1,0,1
12_matched_models,rf_19_raw_window,ProtectiveStop,1,16,16,1,0,0,0,0,1,0
12_matched_models,rf_19_raw_window,ProtectiveStop,1,17,17,1,0,0,0,0,1,0
12_matched_models,rf_19_raw_window,ProtectiveStop,1,18,18,1,0,0,0,0,1,0
12_matched_models,rf_19_raw_window,ProtectiveStop,1,19,19,1,0,0,0,0,1,0
12_matched_models,rf_19_raw_window,ProtectiveStop,1,20,20,1,0,0,0,0,1,0
12_matched_models,rf_19_raw_window,ProtectiveStop,1,21,21,1,0,0,0,0,1,0
12_matched_models,rf_19_raw_window,ProtectiveStop,1,22,22,1,1,1,1,1,0,0
12_matched_models,rf_19_raw_window,ProtectiveStop,1,23,23,1,0,0,0,0,1,0
12_matched_models,rf_19_raw_window,ProtectiveStop,1,24,24,1,0,0,0,0,1,0
12_matched_models,rf_19_raw_window,ProtectiveStop,1,25,25,1,0,0,0,0,1,0
12_matched_models,rf_19_raw_window,ProtectiveStop,2,26,26,1,0,0,0,0,1,0
12_matched_models,rf_19_raw_window,ProtectiveStop,2,27,27,1,0,0,0,0,1,0
12_matched_models,rf_19_raw_window,ProtectiveStop,2,28,28,1,0,0,0,0,1,0
12_matched_models,rf_19_raw_window,ProtectiveStop,2,29,29,1,0,0,0,0,1,0
12_matched_models,rf_19_raw_window,ProtectiveStop,2,30,30,1,0,0,0,0,1,0
12_matched_models,rf_19_raw_window,ProtectiveStop,2,31,31,1,0,0,0,0,1,0
12_matched_models,rf_19_raw_window,ProtectiveStop,2,32,32,1,0,0,0,0,1,0
12_matched_models,rf_19_raw_window,ProtectiveStop,2,33,33,1,0,0,0,0,1,0
12_matched_models,rf_19_raw_window,ProtectiveStop,2,34,34,1,0,0,0,0,1,0
12_matched_models,rf_19_raw_window,ProtectiveStop,2,35,35,1,1,1,1,1,0,0
12_matched_models,rf_19_raw_window,ProtectiveStop,2,36,36,1,0,0,0,1,0,1
12_matched_models,rf_19_raw_window,ProtectiveStop,2,37,37,1,0,0,0,0,1,0
12_matched_models,rf_19_raw_window,ProtectiveStop,2,38,38,1,0,0,0,0,1,0
12_matched_models,rf_19_raw_window,ProtectiveStop,2,39,39,1,0,0,0,1,0,1
12_matched_models,rf_19_raw_window,ProtectiveStop,2,40,40,1,0,0,0,1,0,1
12_matched_models,rf_19_raw_window,ProtectiveStop,2,41,41,1,0,0,0,0,1,0
12_matched_models,rf_19_raw_window,ProtectiveStop,2,42,42,1,1,1,1,1,0,0
12_matched_models,rf_19_raw_window,ProtectiveStop,2,43,43,1,0,0,0,0,1,0
12_matched_models,rf_19_raw_window,ProtectiveStop,2,44,44,1,0,0,0,0,1,0
12_matched_models,rf_19_raw_window,ProtectiveStop,2,45,45,1,0,0,0,0,1,0
12_matched_models,rf_19_raw_window,ProtectiveStop,2,48,48,1,0,0,0,0,1,0
12_matched_models,rf_19_raw_window,ProtectiveStop,2,49,49,1,0,0,0,0,1,0
12_matched_models,rf_19_raw_window,ProtectiveStop,2,50,50,1,0,0,0,0,1,0
12_matched_models,rf_19_raw_window,ProtectiveStop,3,51,51,1,0,0,0,0,1,0
12_matched_models,rf_19_raw_window,ProtectiveStop,3,52,52,1,0,0,0,0,1,0
12_matched_models,rf_19_raw_window,ProtectiveStop,3,53,53,1,1,1,1,1,0,0
12_matched_models,rf_19_raw_window,ProtectiveStop,3,54,54,1,0,0,0,0,1,0
12_matched_models,rf_19_raw_window,ProtectiveStop,3,55,55,1,0,0,0,0,1,0
12_matched_models,rf_19_raw_window,ProtectiveStop,3,56,56,1,0,0,0,0,1,0
12_matched_models,rf_19_raw_window,ProtectiveStop,3,57,57,1,0,1,0,0,1,0
12_matched_models,rf_19_raw_window,ProtectiveStop,3,58,58,1,0,0,0,0,1,0
12_matched_models,rf_19_raw_window,ProtectiveStop,3,59,59,1,0,0,0,0,1,0
12_matched_models,rf_19_raw_window,ProtectiveStop,3,60,60,1,0,0,0,0,1,0
12_matched_models,rf_19_raw_window,ProtectiveStop,3,61,61,1,0,0,0,0,1,0
12_matched_models,rf_19_raw_window,ProtectiveStop,3,62,62,1,0,1,0,0,1,0
12_matched_models,rf_19_raw_window,ProtectiveStop,3,63,63,1,1,1,1,1,0,0
12_matched_models,rf_19_raw_window,ProtectiveStop,3,64,64,1,0,0,0,1,0,1
12_matched_models,rf_19_raw_window,ProtectiveStop,3,65,65,1,0,0,0,1,0,1
12_matched_models,rf_19_raw_window,ProtectiveStop,3,66,66,1,0,0,0,0,1,0
12_matched_models,rf_19_raw_window,ProtectiveStop,3,67,67,1,0,0,0,1,0,1
12_matched_models,rf_19_raw_window,ProtectiveStop,3,68,68,1,0,0,0,0,1,0
12_matched_models,rf_19_raw_window,ProtectiveStop,3,69,69,1,1,1,1,1,0,0
12_matched_models,rf_19_raw_window,ProtectiveStop,3,70,70,1,0,0,0,0,1,0
12_matched_models,rf_19_raw_window,ProtectiveStop,3,71,71,1,0,1,0,0,1,0
12_matched_models,rf_19_raw_window,ProtectiveStop,3,72,72,1,0,0,0,0,1,0
12_matched_models,rf_19_raw_window,ProtectiveStop,3,73,73,1,0,0,0,0,1,0
12_matched_models,rf_19_raw_window,ProtectiveStop,3,75,74,1,0,0,0,0,1,0
12_matched_models,rf_19_raw_window,ProtectiveStop,4,76,75,1,0,0,0,1,0,1
12_matched_models,rf_19_raw_window,ProtectiveStop,4,85,84,1,0,1,0,0,1,0
12_matched_models,rf_19_raw_window,ProtectiveStop,4,86,85,1,1,1,1,1,0,0
12_matched_models,rf_19_raw_window,ProtectiveStop,4,87,86,1,1,1,1,1,0,0
12_matched_models,rf_19_raw_window,ProtectiveStop,4,88,87,1,0,0,0,0,1,0
12_matched_models,rf_19_raw_window,ProtectiveStop,4,89,88,1,0,0,0,0,1,0
12_matched_models,rf_19_raw_window,ProtectiveStop,4,90,89,1,0,0,0,0,1,0
12_matched_models,rf_19_raw_window,ProtectiveStop,4,91,90,1,0,0,0,1,0,1
12_matched_models,rf_19_raw_window,ProtectiveStop,4,92,91,1,0,0,0,1,0,1
12_matched_models,rf_19_raw_window,ProtectiveStop,4,93,92,1,0,0,0,0,1,0
12_matched_models,rf_19_raw_window,ProtectiveStop,4,94,93,1,0,0,0,0,1,0
12_matched_models,rf_19_raw_window,ProtectiveStop,4,95,94,1,0,0,0,1,0,1
12_matched_models,rf_19_raw_window,ProtectiveStop,4,96,95,1,0,0,0,1,0,1
12_matched_models,rf_19_raw_window,ProtectiveStop,4,97,96,1,0,0,0,1,0,1
12_matched_models,rf_19_raw_window,ProtectiveStop,4,98,97,1,0,0,0,0,1,0
12_matched_models,rf_19_raw_window,ProtectiveStop,4,99,98,1,1,1,1,1,0,0
12_matched_models,rf_19_raw_window,ProtectiveStop,4,100,99,1,0,0,0,0,1,0
12_matched_models,rf_19_raw_window,ProtectiveStop,5,101,100,1,0,0,0,0,1,0
12_matched_models,rf_19_raw_window,ProtectiveStop,5,102,101,1,0,0,0,0,1,0
12_matched_models,rf_19_raw_window,ProtectiveStop,5,103,102,1,1,1,1,1,0,0
12_matched_models,rf_19_raw_window,ProtectiveStop,5,104,103,1,0,0,0,0,1,0
12_matched_models,rf_19_raw_window,ProtectiveStop,5,105,104,1,0,0,0,1,0,1
12_matched_models,rf_19_raw_window,ProtectiveStop,5,106,105,1,0,0,0,0,1,0
12_matched_models,rf_19_raw_window,ProtectiveStop,5,107,106,1,0,0,0,0,1,0
12_matched_models,rf_19_raw_window,ProtectiveStop,5,108,107,1,1,1,1,1,0,0
12_matched_models,rf_19_raw_window,ProtectiveStop,5,109,108,1,0,0,0,0,1,0
12_matched_models,rf_19_raw_window,ProtectiveStop,5,110,109,1,0,0,0,0,1,0
12_matched_models,rf_19_raw_window,ProtectiveStop,5,111,110,1,0,0,0,0,1,0
12_matched_models,rf_19_raw_window,ProtectiveStop,5,112,111,1,0,0,0,0,1,0
12_matched_models,rf_19_raw_window,ProtectiveStop,5,113,112,1,0,0,0,0,1,0
12_matched_models,rf_19_raw_window,ProtectiveStop,5,114,113,1,0,0,0,0,1,0
12_matched_models,rf_19_raw_window,ProtectiveStop,5,115,114,1,1,1,1,1,0,0
12_matched_models,rf_19_raw_window,ProtectiveStop,5,116,115,1,0,0,0,0,1,0
12_matched_models,rf_19_raw_window,ProtectiveStop,5,117,116,1,1,1,1,1,0,0
12_matched_models,rf_19_raw_window,ProtectiveStop,5,118,117,1,1,1,1,1,0,0
12_matched_models,rf_19_raw_window,ProtectiveStop,5,119,118,1,0,0,0,0,1,0
12_matched_models,rf_19_raw_window,ProtectiveStop,5,120,119,1,0,0,0,0,1,0
12_matched_models,rf_19_raw_window,ProtectiveStop,5,121,120,1,0,0,0,0,1,0
12_matched_models,rf_19_raw_window,ProtectiveStop,5,122,121,1,0,0,0,0,1,0
12_matched_models,rf_19_raw_window,ProtectiveStop,5,123,122,1,0,0,0,0,1,0
12_matched_models,rf_19_raw_window,ProtectiveStop,5,124,123,1,0,0,0,0,1,0
12_matched_models,rf_19_raw_window,ProtectiveStop,5,125,124,1,0,0,0,0,1,0
12_matched_models,rf_19_raw_window,ProtectiveStop,7,151,129,1,0,0,0,0,1,0
12_matched_models,rf_19_raw_window,ProtectiveStop,7,152,130,1,1,1,1,1,0,0
12_matched_models,rf_19_raw_window,ProtectiveStop,7,153,131,1,0,0,0,0,1,0
12_matched_models,rf_19_raw_window,ProtectiveStop,7,154,132,1,0,0,0,0,1,0
12_matched_models,rf_19_raw_window,ProtectiveStop,7,155,133,1,0,0,0,0,1,0
12_matched_models,rf_19_raw_window,ProtectiveStop,7,156,134,1,0,0,0,0,1,0
12_matched_models,rf_19_raw_window,ProtectiveStop,7,157,135,1,0,0,0,0,1,0
12_matched_models,rf_19_raw_window,ProtectiveStop,7,159,137,1,1,1,1,1,0,0
12_matched_models,rf_19_raw_window,ProtectiveStop,7,160,138,1,0,0,0,1,0,1
12_matched_models,rf_19_raw_window,ProtectiveStop,7,161,139,1,0,0,0,0,1,0
12_matched_models,rf_19_raw_window,ProtectiveStop,7,162,140,1,0,0,0,0,1,0
12_matched_models,rf_19_raw_window,ProtectiveStop,7,163,141,1,1,1,1,1,0,0
12_matched_models,rf_19_raw_window,ProtectiveStop,7,164,142,1,1,1,1,1,0,0
12_matched_models,rf_19_raw_window,ProtectiveStop,7,165,143,1,0,0,0,0,1,0
12_matched_models,rf_19_raw_window,ProtectiveStop,7,166,144,1,0,0,0,0,1,0
12_matched_models,rf_19_raw_window,ProtectiveStop,7,167,145,1,0,0,0,0,1,0
12_matched_models,rf_19_raw_window,ProtectiveStop,7,168,146,1,0,0,0,0,1,0
12_matched_models,rf_19_raw_window,ProtectiveStop,7,169,147,1,0,0,0,0,1,0
12_matched_models,rf_19_raw_window,ProtectiveStop,7,170,148,1,1,1,1,1,0,0
12_matched_models,rf_19_raw_window,ProtectiveStop,7,171,149,1,0,0,0,0,1,0
12_matched_models,rf_19_raw_window,ProtectiveStop,7,172,150,1,0,0,0,0,1,0
12_matched_models,rf_19_raw_window,ProtectiveStop,7,173,151,1,1,1,1,1,0,0
12_matched_models,rf_19_raw_window,ProtectiveStop,7,174,152,1,1,1,1,1,0,0
12_matched_models,rf_19_raw_window,ProtectiveStop,7,175,153,1,1,1,1,1,0,0
12_matched_models,rf_19_raw_window,ProtectiveStop,8,176,154,1,0,0,0,0,1,0
12_matched_models,rf_19_raw_window,ProtectiveStop,8,177,155,1,0,0,0,0,1,0
12_matched_models,rf_19_raw_window,ProtectiveStop,8,178,156,1,0,0,0,0,1,0
12_matched_models,rf_19_raw_window,ProtectiveStop,8,179,157,1,0,0,0,0,1,0
12_matched_models,rf_19_raw_window,ProtectiveStop,8,180,158,1,0,0,0,1,0,1
12_matched_models,rf_19_raw_window,ProtectiveStop,8,181,159,1,0,0,0,0,1,0
12_matched_models,rf_19_raw_window,ProtectiveStop,8,182,160,1,1,1,1,1,0,0
12_matched_models,rf_19_raw_window,ProtectiveStop,8,183,161,1,1,1,1,1,0,0
12_matched_models,rf_19_raw_window,ProtectiveStop,8,184,162,1,0,0,0,0,1,0
12_matched_models,rf_19_raw_window,ProtectiveStop,8,185,163,1,1,1,1,1,0,0
12_matched_models,rf_19_raw_window,ProtectiveStop,8,199,176,1,0,0,0,0,1,0
12_matched_models,rf_19_raw_window,ProtectiveStop,8,200,177,1,0,0,0,1,0,1
12_matched_models,rf_19_raw_window,ProtectiveStop,9,201,178,1,1,1,1,1,0,0
12_matched_models,rf_19_raw_window,ProtectiveStop,9,202,179,1,0,0,0,1,0,1
12_matched_models,rf_19_raw_window,ProtectiveStop,9,203,180,1,0,0,0,0,1,0
12_matched_models,rf_19_raw_window,ProtectiveStop,9,204,181,1,1,1,1,1,0,0
12_matched_models,rf_19_raw_window,ProtectiveStop,9,205,182,1,0,0,0,0,1,0
12_matched_models,rf_19_raw_window,ProtectiveStop,9,206,183,1,1,1,1,1,0,0
12_matched_models,rf_19_raw_window,ProtectiveStop,9,207,184,1,0,0,0,0,1,0
12_matched_models,rf_19_raw_window,ProtectiveStop,9,208,185,1,0,0,0,1,0,1
12_matched_models,rf_19_raw_window,ProtectiveStop,9,209,186,1,0,0,0,0,1,0
12_matched_models,rf_19_raw_window,ProtectiveStop,9,210,187,1,1,1,1,1,0,0
12_matched_models,rf_19_raw_window,ProtectiveStop,9,211,188,1,0,0,0,0,1,0
12_matched_models,rf_19_raw_window,ProtectiveStop,9,212,189,1,1,1,1,1,0,0
12_matched_models,rf_19_raw_window,ProtectiveStop,9,213,190,1,0,0,0,0,1,0
12_matched_models,rf_19_raw_window,ProtectiveStop,9,214,191,1,1,1,1,1,0,0
12_matched_models,rf_19_raw_window,ProtectiveStop,9,215,192,1,1,1,1,1,0,0
12_matched_models,rf_19_raw_window,ProtectiveStop,9,216,193,1,0,0,0,1,0,1
12_matched_models,rf_19_raw_window,ProtectiveStop,9,217,194,1,1,1,1,1,0,0
12_matched_models,rf_19_raw_window,ProtectiveStop,9,218,195,1,1,1,1,1,0,0
12_matched_models,rf_19_raw_window,ProtectiveStop,9,219,196,1,1,1,1,1,0,0
12_matched_models,rf_19_raw_window,ProtectiveStop,9,220,197,1,1,1,1,1,0,0
12_matched_models,rf_19_raw_window,ProtectiveStop,9,221,198,1,1,0,0,1,0,0
12_matched_models,rf_19_raw_window,ProtectiveStop,9,222,199,1,1,1,1,1,0,0
12_matched_models,rf_19_raw_window,ProtectiveStop,9,223,200,1,1,1,1,1,0,0
12_matched_models,rf_19_raw_window,ProtectiveStop,9,224,201,1,1,1,1,1,0,0
12_matched_models,rf_19_raw_window,ProtectiveStop,9,225,202,1,1,1,1,1,0,0
12_matched_models,rf_19_raw_window,ProtectiveStop,9,224,210,2,1,1,1,1,0,0
12_matched_models,rf_19_raw_window,ProtectiveStop,10,226,203,1,1,1,1,1,0,0
12_matched_models,rf_19_raw_window,ProtectiveStop,10,227,204,1,1,0,0,1,0,0
12_matched_models,rf_19_raw_window,ProtectiveStop,10,229,205,1,1,1,1,1,0,0
12_matched_models,rf_19_raw_window,ProtectiveStop,10,230,206,1,1,1,1,1,0,0
12_matched_models,rf_19_raw_window,ProtectiveStop,10,231,207,1,1,1,1,1,0,0
12_matched_models,rf_19_raw_window,ProtectiveStop,10,232,208,1,0,0,0,0,1,0
12_matched_models,rf_19_raw_window,ProtectiveStop,10,233,209,1,1,1,1,1,0,0
12_matched_models,rf_19_raw_window,ProtectiveStop,10,230,216,2,1,1,1,1,0,0
12_matched_models,rf_19_raw_window,ProtectiveStop,10,231,217,2,1,1,1,1,0,0
12_matched_models,rf_19_raw_window,ProtectiveStop,10,232,218,2,1,1,1,1,0,0
12_matched_models,rf_19_raw_window,ProtectiveStop,10,233,219,2,0,0,0,1,0,1
12_matched_models,rf_19_raw_window,ProtectiveStop,10,234,220,1,1,1,1,1,0,0
12_matched_models,rf_19_raw_window,ProtectiveStop,10,235,221,1,1,1,1,1,0,0
12_matched_models,rf_19_raw_window,ProtectiveStop,10,236,222,1,0,0,0,0,1,0
12_matched_models,rf_19_raw_window,ProtectiveStop,10,237,223,1,1,1,1,1,0,0
12_matched_models,rf_19_raw_window,ProtectiveStop,10,238,224,1,0,0,0,0,1,0
12_matched_models,rf_19_raw_window,ProtectiveStop,10,239,225,1,1,1,1,1,0,0
12_matched_models,rf_19_raw_window,ProtectiveStop,10,240,226,1,1,1,1,1,0,0
12_matched_models,rf_19_raw_window,ProtectiveStop,10,241,227,1,0,0,0,0,1,0
12_matched_models,rf_19_raw_window,ProtectiveStop,10,242,228,1,1,1,1,1,0,0
12_matched_models,rf_19_raw_window,ProtectiveStop,10,243,229,1,0,0,0,0,1,0
12_matched_models,rf_19_raw_window,ProtectiveStop,10,245,230,1,0,0,0,0,1,0
12_matched_models,rf_19_raw_window,ProtectiveStop,10,246,231,1,1,1,1,1,0,0
12_matched_models,rf_19_raw_window,ProtectiveStop,10,247,232,1,1,1,1,1,0,0
12_matched_models,rf_19_raw_window,ProtectiveStop,10,248,233,1,0,0,0,0,1,0
12_matched_models,rf_19_raw_window,ProtectiveStop,10,249,234,1,1,1,1,1,0,0
12_matched_models,rf_19_raw_window,ProtectiveStop,10,250,235,1,1,1,1,1,0,0
12_matched_models,rf_19_raw_window,GripLost,1,1,1,1,0,0,0,1,0,1
12_matched_models,rf_19_raw_window,GripLost,1,2,2,1,1,1,1,1,0,0
12_matched_models,rf_19_raw_window,GripLost,1,3,3,1,0,0,0,0,1,0
12_matched_models,rf_19_raw_window,GripLost,1,4,4,1,0,0,0,0,1,0
12_matched_models,rf_19_raw_window,GripLost,1,5,5,1,1,1,1,1,0,0
12_matched_models,rf_19_raw_window,GripLost,1,6,6,1,1,0,0,1,0,0
12_matched_models,rf_19_raw_window,GripLost,1,8,8,1,0,0,0,0,1,0
12_matched_models,rf_19_raw_window,GripLost,1,9,9,1,0,0,0,0,1,0
12_matched_models,rf_19_raw_window,GripLost,1,10,10,1,0,0,0,0,1,0
12_matched_models,rf_19_raw_window,GripLost,1,11,11,1,0,0,0,0,1,0
12_matched_models,rf_19_raw_window,GripLost,1,12,12,1,0,0,0,0,1,0
12_matched_models,rf_19_raw_window,GripLost,1,13,13,1,0,0,0,0,1,0
12_matched_models,rf_19_raw_window,GripLost,1,14,14,1,1,1,1,1,0,0
12_matched_models,rf_19_raw_window,GripLost,1,15,15,1,1,1,1,1,0,0
12_matched_models,rf_19_raw_window,GripLost,1,16,16,1,0,0,0,0,1,0
12_matched_models,rf_19_raw_window,GripLost,1,17,17,1,0,0,0,0,1,0
12_matched_models,rf_19_raw_window,GripLost,1,18,18,1,0,0,0,0,1,0
12_matched_models,rf_19_raw_window,GripLost,1,19,19,1,0,0,0,0,1,0
12_matched_models,rf_19_raw_window,GripLost,1,20,20,1,0,0,0,0,1,0
12_matched_models,rf_19_raw_window,GripLost,1,21,21,1,0,0,0,0,1,0
12_matched_models,rf_19_raw_window,GripLost,1,22,22,1,0,0,0,1,0,1
12_matched_models,rf_19_raw_window,GripLost,1,23,23,1,0,0,0,0,1,0
12_matched_models,rf_19_raw_window,GripLost,1,24,24,1,0,0,0,0,1,0
12_matched_models,rf_19_raw_window,GripLost,1,25,25,1,0,0,0,0,1,0
12_matched_models,rf_19_raw_window,GripLost,2,26,26,1,0,0,0,0,1,0
12_matched_models,rf_19_raw_window,GripLost,2,27,27,1,0,0,0,0,1,0
12_matched_models,rf_19_raw_window,GripLost,2,28,28,1,0,0,0,0,1,0
12_matched_models,rf_19_raw_window,GripLost,2,29,29,1,0,0,0,0,1,0
12_matched_models,rf_19_raw_window,GripLost,2,30,30,1,0,0,0,0,1,0
12_matched_models,rf_19_raw_window,GripLost,2,31,31,1,0,0,0,0,1,0
12_matched_models,rf_19_raw_window,GripLost,2,32,32,1,0,0,0,0,1,0
12_matched_models,rf_19_raw_window,GripLost,2,33,33,1,0,0,0,0,1,0
12_matched_models,rf_19_raw_window,GripLost,2,34,34,1,0,0,0,0,1,0
12_matched_models,rf_19_raw_window,GripLost,2,35,35,1,0,0,0,1,0,1
12_matched_models,rf_19_raw_window,GripLost,2,36,36,1,1,1,1,1,0,0
12_matched_models,rf_19_raw_window,GripLost,2,37,37,1,0,0,0,0,1,0
12_matched_models,rf_19_raw_window,GripLost,2,38,38,1,0,0,0,0,1,0
12_matched_models,rf_19_raw_window,GripLost,2,39,39,1,1,1,1,1,0,0
12_matched_models,rf_19_raw_window,GripLost,2,40,40,1,1,1,1,1,0,0
12_matched_models,rf_19_raw_window,GripLost,2,41,41,1,0,0,0,0,1,0
12_matched_models,rf_19_raw_window,GripLost,2,42,42,1,0,0,0,1,0,1
12_matched_models,rf_19_raw_window,GripLost,2,43,43,1,0,0,0,0,1,0
12_matched_models,rf_19_raw_window,GripLost,2,44,44,1,0,0,0,0,1,0
12_matched_models,rf_19_raw_window,GripLost,2,45,45,1,0,0,0,0,1,0
12_matched_models,rf_19_raw_window,GripLost,2,48,48,1,0,0,0,0,1,0
12_matched_models,rf_19_raw_window,GripLost,2,49,49,1,0,0,0,0,1,0
12_matched_models,rf_19_raw_window,GripLost,2,50,50,1,0,0,0,0,1,0
12_matched_models,rf_19_raw_window,GripLost,3,51,51,1,0,0,0,0,1,0
12_matched_models,rf_19_raw_window,GripLost,3,52,52,1,0,0,0,0,1,0
12_matched_models,rf_19_raw_window,GripLost,3,53,53,1,0,0,0,1,0,1
12_matched_models,rf_19_raw_window,GripLost,3,54,54,1,0,0,0,0,1,0
12_matched_models,rf_19_raw_window,GripLost,3,55,55,1,0,0,0,0,1,0
12_matched_models,rf_19_raw_window,GripLost,3,56,56,1,0,0,0,0,1,0
12_matched_models,rf_19_raw_window,GripLost,3,57,57,1,0,1,0,0,1,0
12_matched_models,rf_19_raw_window,GripLost,3,58,58,1,0,0,0,0,1,0
12_matched_models,rf_19_raw_window,GripLost,3,59,59,1,0,0,0,0,1,0
12_matched_models,rf_19_raw_window,GripLost,3,60,60,1,0,0,0,0,1,0
12_matched_models,rf_19_raw_window,GripLost,3,61,61,1,0,0,0,0,1,0
12_matched_models,rf_19_raw_window,GripLost,3,62,62,1,0,0,0,0,1,0
12_matched_models,rf_19_raw_window,GripLost,3,63,63,1,1,1,1,1,0,0
12_matched_models,rf_19_raw_window,GripLost,3,64,64,1,1,1,1,1,0,0
12_matched_models,rf_19_raw_window,GripLost,3,65,65,1,1,1,1,1,0,0
12_matched_models,rf_19_raw_window,GripLost,3,66,66,1,0,0,0,0,1,0
12_matched_models,rf_19_raw_window,GripLost,3,67,67,1,1,1,1,1,0,0
12_matched_models,rf_19_raw_window,GripLost,3,68,68,1,0,0,0,0,1,0
12_matched_models,rf_19_raw_window,GripLost,3,69,69,1,1,1,1,1,0,0
12_matched_models,rf_19_raw_window,GripLost,3,70,70,1,0,0,0,0,1,0
12_matched_models,rf_19_raw_window,GripLost,3,71,71,1,0,0,0,0,1,0
12_matched_models,rf_19_raw_window,GripLost,3,72,72,1,0,0,0,0,1,0
12_matched_models,rf_19_raw_window,GripLost,3,73,73,1,0,0,0,0,1,0
12_matched_models,rf_19_raw_window,GripLost,3,75,74,1,0,0,0,0,1,0
12_matched_models,rf_19_raw_window,GripLost,4,76,75,1,1,1,1,1,0,0
12_matched_models,rf_19_raw_window,GripLost,4,85,84,1,0,0,0,0,1,0
12_matched_models,rf_19_raw_window,GripLost,4,86,85,1,1,1,1,1,0,0
12_matched_models,rf_19_raw_window,GripLost,4,87,86,1,0,0,0,1,0,1
12_matched_models,rf_19_raw_window,GripLost,4,88,87,1,0,0,0,0,1,0
12_matched_models,rf_19_raw_window,GripLost,4,89,88,1,0,0,0,0,1,0
12_matched_models,rf_19_raw_window,GripLost,4,90,89,1,0,0,0,0,1,0
12_matched_models,rf_19_raw_window,GripLost,4,91,90,1,1,1,1,1,0,0
12_matched_models,rf_19_raw_window,GripLost,4,92,91,1,1,1,1,1,0,0
12_matched_models,rf_19_raw_window,GripLost,4,93,92,1,0,0,0,0,1,0
12_matched_models,rf_19_raw_window,GripLost,4,94,93,1,0,0,0,0,1,0
12_matched_models,rf_19_raw_window,GripLost,4,95,94,1,1,1,1,1,0,0
12_matched_models,rf_19_raw_window,GripLost,4,96,95,1,1,1,1,1,0,0
12_matched_models,rf_19_raw_window,GripLost,4,97,96,1,1,1,1,1,0,0
12_matched_models,rf_19_raw_window,GripLost,4,98,97,1,0,0,0,0,1,0
12_matched_models,rf_19_raw_window,GripLost,4,99,98,1,0,0,0,1,0,1
12_matched_models,rf_19_raw_window,GripLost,4,100,99,1,0,0,0,0,1,0
12_matched_models,rf_19_raw_window,GripLost,5,101,100,1,0,0,0,0,1,0
12_matched_models,rf_19_raw_window,GripLost,5,102,101,1,0,0,0,0,1,0
12_matched_models,rf_19_raw_window,GripLost,5,103,102,1,0,0,0,1,0,1
12_matched_models,rf_19_raw_window,GripLost,5,104,103,1,0,0,0,0,1,0
12_matched_models,rf_19_raw_window,GripLost,5,105,104,1,1,1,1,1,0,0
12_matched_models,rf_19_raw_window,GripLost,5,106,105,1,0,0,0,0,1,0
12_matched_models,rf_19_raw_window,GripLost,5,107,106,1,0,0,0,0,1,0
12_matched_models,rf_19_raw_window,GripLost,5,108,107,1,0,0,0,1,0,1
12_matched_models,rf_19_raw_window,GripLost,5,109,108,1,0,0,0,0,1,0
12_matched_models,rf_19_raw_window,GripLost,5,110,109,1,0,0,0,0,1,0
12_matched_models,rf_19_raw_window,GripLost,5,111,110,1,0,0,0,0,1,0
12_matched_models,rf_19_raw_window,GripLost,5,112,111,1,0,0,0,0,1,0
12_matched_models,rf_19_raw_window,GripLost,5,113,112,1,0,0,0,0,1,0
12_matched_models,rf_19_raw_window,GripLost,5,114,113,1,0,0,0,0,1,0
12_matched_models,rf_19_raw_window,GripLost,5,115,114,1,0,0,0,1,0,1
12_matched_models,rf_19_raw_window,GripLost,5,116,115,1,0,0,0,0,1,0
12_matched_models,rf_19_raw_window,GripLost,5,117,116,1,0,0,0,1,0,1
12_matched_models,rf_19_raw_window,GripLost,5,118,117,1,0,0,0,1,0,1
12_matched_models,rf_19_raw_window,GripLost,5,119,118,1,0,0,0,0,1,0
12_matched_models,rf_19_raw_window,GripLost,5,120,119,1,0,0,0,0,1,0
12_matched_models,rf_19_raw_window,GripLost,5,121,120,1,0,0,0,0,1,0
12_matched_models,rf_19_raw_window,GripLost,5,122,121,1,0,0,0,0,1,0
12_matched_models,rf_19_raw_window,GripLost,5,123,122,1,0,0,0,0,1,0
12_matched_models,rf_19_raw_window,GripLost,5,124,123,1,0,0,0,0,1,0
12_matched_models,rf_19_raw_window,GripLost,5,125,124,1,0,0,0,0,1,0
12_matched_models,rf_19_raw_window,GripLost,7,151,129,1,0,0,0,0,1,0
12_matched_models,rf_19_raw_window,GripLost,7,152,130,1,0,0,0,1,0,1
12_matched_models,rf_19_raw_window,GripLost,7,153,131,1,0,0,0,0,1,0
12_matched_models,rf_19_raw_window,GripLost,7,154,132,1,0,0,0,0,1,0
12_matched_models,rf_19_raw_window,GripLost,7,155,133,1,0,0,0,0,1,0
12_matched_models,rf_19_raw_window,GripLost,7,156,134,1,0,0,0,0,1,0
12_matched_models,rf_19_raw_window,GripLost,7,157,135,1,0,0,0,0,1,0
12_matched_models,rf_19_raw_window,GripLost,7,159,137,1,0,0,0,1,0,1
12_matched_models,rf_19_raw_window,GripLost,7,160,138,1,1,1,1,1,0,0
12_matched_models,rf_19_raw_window,GripLost,7,161,139,1,0,0,0,0,1,0
12_matched_models,rf_19_raw_window,GripLost,7,162,140,1,0,0,0,0,1,0
12_matched_models,rf_19_raw_window,GripLost,7,163,141,1,0,0,0,1,0,1
12_matched_models,rf_19_raw_window,GripLost,7,164,142,1,1,1,1,1,0,0
12_matched_models,rf_19_raw_window,GripLost,7,165,143,1,0,0,0,0,1,0
12_matched_models,rf_19_raw_window,GripLost,7,166,144,1,0,0,0,0,1,0
12_matched_models,rf_19_raw_window,GripLost,7,167,145,1,0,0,0,0,1,0
12_matched_models,rf_19_raw_window,GripLost,7,168,146,1,0,0,0,0,1,0
12_matched_models,rf_19_raw_window,GripLost,7,169,147,1,0,0,0,0,1,0
12_matched_models,rf_19_raw_window,GripLost,7,170,148,1,0,0,0,1,0,1
12_matched_models,rf_19_raw_window,GripLost,7,171,149,1,0,0,0,0,1,0
12_matched_models,rf_19_raw_window,GripLost,7,172,150,1,0,0,0,0,1,0
12_matched_models,rf_19_raw_window,GripLost,7,173,151,1,1,1,1,1,0,0
12_matched_models,rf_19_raw_window,GripLost,7,174,152,1,1,1,1,1,0,0
12_matched_models,rf_19_raw_window,GripLost,7,175,153,1,0,0,0,1,0,1
12_matched_models,rf_19_raw_window,GripLost,8,176,154,1,0,0,0,0,1,0
12_matched_models,rf_19_raw_window,GripLost,8,177,155,1,0,0,0,0,1,0
12_matched_models,rf_19_raw_window,GripLost,8,178,156,1,0,0,0,0,1,0
12_matched_models,rf_19_raw_window,GripLost,8,179,157,1,0,1,0,0,1,0
12_matched_models,rf_19_raw_window,GripLost,8,180,158,1,1,1,1,1,0,0
12_matched_models,rf_19_raw_window,GripLost,8,181,159,1,0,0,0,0,1,0
12_matched_models,rf_19_raw_window,GripLost,8,182,160,1,0,0,0,1,0,1
12_matched_models,rf_19_raw_window,GripLost,8,183,161,1,0,0,0,1,0,1
12_matched_models,rf_19_raw_window,GripLost,8,184,162,1,0,0,0,0,1,0
12_matched_models,rf_19_raw_window,GripLost,8,185,163,1,0,0,0,1,0,1
12_matched_models,rf_19_raw_window,GripLost,8,199,176,1,0,0,0,0,1,0
12_matched_models,rf_19_raw_window,GripLost,8,200,177,1,1,1,1,1,0,0
12_matched_models,rf_19_raw_window,GripLost,9,201,178,1,0,0,0,1,0,1
12_matched_models,rf_19_raw_window,GripLost,9,202,179,1,1,1,1,1,0,0
12_matched_models,rf_19_raw_window,GripLost,9,203,180,1,0,0,0,0,1,0
12_matched_models,rf_19_raw_window,GripLost,9,204,181,1,0,0,0,1,0,1
12_matched_models,rf_19_raw_window,GripLost,9,205,182,1,0,0,0,0,1,0
12_matched_models,rf_19_raw_window,GripLost,9,206,183,1,0,0,0,1,0,1
12_matched_models,rf_19_raw_window,GripLost,9,207,184,1,0,0,0,0,1,0
12_matched_models,rf_19_raw_window,GripLost,9,208,185,1,1,1,1,1,0,0
12_matched_models,rf_19_raw_window,GripLost,9,209,186,1,0,0,0,0,1,0
12_matched_models,rf_19_raw_window,GripLost,9,210,187,1,0,1,0,1,0,1
12_matched_models,rf_19_raw_window,GripLost,9,211,188,1,0,0,0,0,1,0
12_matched_models,rf_19_raw_window,GripLost,9,212,189,1,0,0,0,1,0,1
12_matched_models,rf_19_raw_window,GripLost,9,213,190,1,0,0,0,0,1,0
12_matched_models,rf_19_raw_window,GripLost,9,214,191,1,1,1,1,1,0,0
12_matched_models,rf_19_raw_window,GripLost,9,215,192,1,0,0,0,1,0,1
12_matched_models,rf_19_raw_window,GripLost,9,216,193,1,1,1,1,1,0,0
12_matched_models,rf_19_raw_window,GripLost,9,217,194,1,0,0,0,1,0,1
12_matched_models,rf_19_raw_window,GripLost,9,218,195,1,0,1,0,1,0,1
12_matched_models,rf_19_raw_window,GripLost,9,219,196,1,1,1,1,1,0,0
12_matched_models,rf_19_raw_window,GripLost,9,220,197,1,0,0,0,1,0,1
12_matched_models,rf_19_raw_window,GripLost,9,221,198,1,1,1,1,1,0,0
12_matched_models,rf_19_raw_window,GripLost,9,222,199,1,0,1,0,1,0,1
12_matched_models,rf_19_raw_window,GripLost,9,223,200,1,0,0,0,1,0,1
12_matched_models,rf_19_raw_window,GripLost,9,224,201,1,0,0,0,1,0,1
12_matched_models,rf_19_raw_window,GripLost,9,225,202,1,0,0,0,1,0,1
12_matched_models,rf_19_raw_window,GripLost,9,224,210,2,0,0,0,1,0,1
12_matched_models,rf_19_raw_window,GripLost,10,226,203,1,0,0,0,1,0,1
12_matched_models,rf_19_raw_window,GripLost,10,227,204,1,0,0,0,1,0,1
12_matched_models,rf_19_raw_window,GripLost,10,229,205,1,0,0,0,1,0,1
12_matched_models,rf_19_raw_window,GripLost,10,230,206,1,0,0,0,1,0,1
12_matched_models,rf_19_raw_window,GripLost,10,231,207,1,0,0,0,1,0,1
12_matched_models,rf_19_raw_window,GripLost,10,232,208,1,0,0,0,0,1,0
12_matched_models,rf_19_raw_window,GripLost,10,233,209,1,0,0,0,1,0,1
12_matched_models,rf_19_raw_window,GripLost,10,230,216,2,0,0,0,1,0,1
12_matched_models,rf_19_raw_window,GripLost,10,231,217,2,0,0,0,1,0,1
12_matched_models,rf_19_raw_window,GripLost,10,232,218,2,1,1,1,1,0,0
12_matched_models,rf_19_raw_window,GripLost,10,233,219,2,1,1,1,1,0,0
12_matched_models,rf_19_raw_window,GripLost,10,234,220,1,1,0,0,1,0,0
12_matched_models,rf_19_raw_window,GripLost,10,235,221,1,0,0,0,1,0,1
12_matched_models,rf_19_raw_window,GripLost,10,236,222,1,0,0,0,0,1,0
12_matched_models,rf_19_raw_window,GripLost,10,237,223,1,1,1,1,1,0,0
12_matched_models,rf_19_raw_window,GripLost,10,238,224,1,0,0,0,0,1,0
12_matched_models,rf_19_raw_window,GripLost,10,239,225,1,0,1,0,1,0,1
12_matched_models,rf_19_raw_window,GripLost,10,240,226,1,0,0,0,1,0,1
12_matched_models,rf_19_raw_window,GripLost,10,241,227,1,0,0,0,0,1,0
12_matched_models,rf_19_raw_window,GripLost,10,242,228,1,0,0,0,1,0,1
12_matched_models,rf_19_raw_window,GripLost,10,243,229,1,0,0,0,0,1,0
12_matched_models,rf_19_raw_window,GripLost,10,245,230,1,0,0,0,0,1,0
12_matched_models,rf_19_raw_window,GripLost,10,246,231,1,0,0,0,1,0,1
12_matched_models,rf_19_raw_window,GripLost,10,247,232,1,1,0,0,1,0,0
12_matched_models,rf_19_raw_window,GripLost,10,248,233,1,0,0,0,0,1,0
12_matched_models,rf_19_raw_window,GripLost,10,249,234,1,0,0,0,1,0,1
12_matched_models,rf_19_raw_window,GripLost,10,250,235,1,1,1,1,1,0,0
14_sensor_ablation,all_19,System_Failure,1,1,1,1,1,1,1,1,0,0
14_sensor_ablation,all_19,System_Failure,1,2,2,1,1,1,1,1,0,0
14_sensor_ablation,all_19,System_Failure,1,3,3,1,0,0,0,0,1,0
14_sensor_ablation,all_19,System_Failure,1,4,4,1,0,0,0,0,1,0
14_sensor_ablation,all_19,System_Failure,1,5,5,1,1,1,1,1,0,0
14_sensor_ablation,all_19,System_Failure,1,6,6,1,1,1,1,1,0,0
14_sensor_ablation,all_19,System_Failure,1,8,8,1,0,0,0,0,1,0
14_sensor_ablation,all_19,System_Failure,1,9,9,1,0,0,0,0,1,0
14_sensor_ablation,all_19,System_Failure,1,10,10,1,0,0,0,0,1,0
14_sensor_ablation,all_19,System_Failure,1,11,11,1,0,0,0,0,1,0
14_sensor_ablation,all_19,System_Failure,1,12,12,1,0,0,0,0,1,0
14_sensor_ablation,all_19,System_Failure,1,13,13,1,0,0,0,0,1,0
14_sensor_ablation,all_19,System_Failure,1,14,14,1,1,1,1,1,0,0
14_sensor_ablation,all_19,System_Failure,1,15,15,1,1,1,1,1,0,0
14_sensor_ablation,all_19,System_Failure,1,16,16,1,0,0,0,0,1,0
14_sensor_ablation,all_19,System_Failure,1,17,17,1,0,0,0,0,1,0
14_sensor_ablation,all_19,System_Failure,1,18,18,1,0,0,0,0,1,0
14_sensor_ablation,all_19,System_Failure,1,19,19,1,0,0,0,0,1,0
14_sensor_ablation,all_19,System_Failure,1,20,20,1,0,0,0,0,1,0
14_sensor_ablation,all_19,System_Failure,1,21,21,1,0,0,0,0,1,0
14_sensor_ablation,all_19,System_Failure,1,22,22,1,1,1,1,1,0,0
14_sensor_ablation,all_19,System_Failure,1,23,23,1,0,0,0,0,1,0
14_sensor_ablation,all_19,System_Failure,1,24,24,1,0,0,0,0,1,0
14_sensor_ablation,all_19,System_Failure,1,25,25,1,0,0,0,0,1,0
14_sensor_ablation,all_19,System_Failure,2,26,26,1,0,0,0,0,1,0
14_sensor_ablation,all_19,System_Failure,2,27,27,1,0,0,0,0,1,0
14_sensor_ablation,all_19,System_Failure,2,28,28,1,0,0,0,0,1,0
14_sensor_ablation,all_19,System_Failure,2,29,29,1,0,0,0,0,1,0
14_sensor_ablation,all_19,System_Failure,2,30,30,1,0,0,0,0,1,0
14_sensor_ablation,all_19,System_Failure,2,31,31,1,0,0,0,0,1,0
14_sensor_ablation,all_19,System_Failure,2,32,32,1,0,0,0,0,1,0
14_sensor_ablation,all_19,System_Failure,2,33,33,1,0,0,0,0,1,0
14_sensor_ablation,all_19,System_Failure,2,34,34,1,0,0,0,0,1,0
14_sensor_ablation,all_19,System_Failure,2,35,35,1,1,1,1,1,0,0
14_sensor_ablation,all_19,System_Failure,2,36,36,1,1,1,1,1,0,0
14_sensor_ablation,all_19,System_Failure,2,37,37,1,0,0,0,0,1,0
14_sensor_ablation,all_19,System_Failure,2,38,38,1,0,0,0,0,1,0
14_sensor_ablation,all_19,System_Failure,2,39,39,1,1,1,1,1,0,0
14_sensor_ablation,all_19,System_Failure,2,40,40,1,1,1,1,1,0,0
14_sensor_ablation,all_19,System_Failure,2,41,41,1,0,0,0,0,1,0
14_sensor_ablation,all_19,System_Failure,2,42,42,1,1,1,1,1,0,0
14_sensor_ablation,all_19,System_Failure,2,43,43,1,0,0,0,0,1,0
14_sensor_ablation,all_19,System_Failure,2,44,44,1,0,0,0,0,1,0
14_sensor_ablation,all_19,System_Failure,2,45,45,1,0,0,0,0,1,0
14_sensor_ablation,all_19,System_Failure,2,48,48,1,0,0,0,0,1,0
14_sensor_ablation,all_19,System_Failure,2,49,49,1,0,0,0,0,1,0
14_sensor_ablation,all_19,System_Failure,2,50,50,1,0,0,0,0,1,0
14_sensor_ablation,all_19,System_Failure,3,51,51,1,0,0,0,0,1,0
14_sensor_ablation,all_19,System_Failure,3,52,52,1,0,0,0,0,1,0
14_sensor_ablation,all_19,System_Failure,3,53,53,1,1,1,1,1,0,0
14_sensor_ablation,all_19,System_Failure,3,54,54,1,0,0,0,0,1,0
14_sensor_ablation,all_19,System_Failure,3,55,55,1,0,0,0,0,1,0
14_sensor_ablation,all_19,System_Failure,3,56,56,1,0,0,0,0,1,0
14_sensor_ablation,all_19,System_Failure,3,57,57,1,0,1,0,0,1,0
14_sensor_ablation,all_19,System_Failure,3,58,58,1,0,0,0,0,1,0
14_sensor_ablation,all_19,System_Failure,3,59,59,1,0,0,0,0,1,0
14_sensor_ablation,all_19,System_Failure,3,60,60,1,0,0,0,0,1,0
14_sensor_ablation,all_19,System_Failure,3,61,61,1,0,0,0,0,1,0
14_sensor_ablation,all_19,System_Failure,3,62,62,1,0,1,0,0,1,0
14_sensor_ablation,all_19,System_Failure,3,63,63,1,1,1,1,1,0,0
14_sensor_ablation,all_19,System_Failure,3,64,64,1,1,1,1,1,0,0
14_sensor_ablation,all_19,System_Failure,3,65,65,1,1,1,1,1,0,0
14_sensor_ablation,all_19,System_Failure,3,66,66,1,0,0,0,0,1,0
14_sensor_ablation,all_19,System_Failure,3,67,67,1,1,1,1,1,0,0
14_sensor_ablation,all_19,System_Failure,3,68,68,1,0,0,0,0,1,0
14_sensor_ablation,all_19,System_Failure,3,69,69,1,1,1,1,1,0,0
14_sensor_ablation,all_19,System_Failure,3,70,70,1,0,0,0,0,1,0
14_sensor_ablation,all_19,System_Failure,3,71,71,1,0,1,0,0,1,0
14_sensor_ablation,all_19,System_Failure,3,72,72,1,0,0,0,0,1,0
14_sensor_ablation,all_19,System_Failure,3,73,73,1,0,0,0,0,1,0
14_sensor_ablation,all_19,System_Failure,3,75,74,1,0,0,0,0,1,0
14_sensor_ablation,all_19,System_Failure,4,76,75,1,1,1,1,1,0,0
14_sensor_ablation,all_19,System_Failure,4,85,84,1,0,1,0,0,1,0
14_sensor_ablation,all_19,System_Failure,4,86,85,1,1,1,1,1,0,0
14_sensor_ablation,all_19,System_Failure,4,87,86,1,1,1,1,1,0,0
14_sensor_ablation,all_19,System_Failure,4,88,87,1,0,0,0,0,1,0
14_sensor_ablation,all_19,System_Failure,4,89,88,1,0,0,0,0,1,0
14_sensor_ablation,all_19,System_Failure,4,90,89,1,0,0,0,0,1,0
14_sensor_ablation,all_19,System_Failure,4,91,90,1,1,1,1,1,0,0
14_sensor_ablation,all_19,System_Failure,4,92,91,1,1,1,1,1,0,0
14_sensor_ablation,all_19,System_Failure,4,93,92,1,0,0,0,0,1,0
14_sensor_ablation,all_19,System_Failure,4,94,93,1,0,0,0,0,1,0
14_sensor_ablation,all_19,System_Failure,4,95,94,1,1,1,1,1,0,0
14_sensor_ablation,all_19,System_Failure,4,96,95,1,1,1,1,1,0,0
14_sensor_ablation,all_19,System_Failure,4,97,96,1,1,1,1,1,0,0
14_sensor_ablation,all_19,System_Failure,4,98,97,1,0,0,0,0,1,0
14_sensor_ablation,all_19,System_Failure,4,99,98,1,1,1,1,1,0,0
14_sensor_ablation,all_19,System_Failure,4,100,99,1,0,0,0,0,1,0
14_sensor_ablation,all_19,System_Failure,5,101,100,1,0,0,0,0,1,0
14_sensor_ablation,all_19,System_Failure,5,102,101,1,0,0,0,0,1,0
14_sensor_ablation,all_19,System_Failure,5,103,102,1,1,1,1,1,0,0
14_sensor_ablation,all_19,System_Failure,5,104,103,1,0,0,0,0,1,0
14_sensor_ablation,all_19,System_Failure,5,105,104,1,1,1,1,1,0,0
14_sensor_ablation,all_19,System_Failure,5,106,105,1,0,0,0,0,1,0
14_sensor_ablation,all_19,System_Failure,5,107,106,1,0,0,0,0,1,0
14_sensor_ablation,all_19,System_Failure,5,108,107,1,1,1,1,1,0,0
14_sensor_ablation,all_19,System_Failure,5,109,108,1,0,0,0,0,1,0
14_sensor_ablation,all_19,System_Failure,5,110,109,1,0,0,0,0,1,0
14_sensor_ablation,all_19,System_Failure,5,111,110,1,0,0,0,0,1,0
14_sensor_ablation,all_19,System_Failure,5,112,111,1,0,0,0,0,1,0
14_sensor_ablation,all_19,System_Failure,5,113,112,1,0,0,0,0,1,0
14_sensor_ablation,all_19,System_Failure,5,114,113,1,0,0,0,0,1,0
14_sensor_ablation,all_19,System_Failure,5,115,114,1,1,1,1,1,0,0
14_sensor_ablation,all_19,System_Failure,5,116,115,1,0,0,0,0,1,0
14_sensor_ablation,all_19,System_Failure,5,117,116,1,1,1,1,1,0,0
14_sensor_ablation,all_19,System_Failure,5,118,117,1,1,1,1,1,0,0
14_sensor_ablation,all_19,System_Failure,5,119,118,1,0,0,0,0,1,0
14_sensor_ablation,all_19,System_Failure,5,120,119,1,0,0,0,0,1,0
14_sensor_ablation,all_19,System_Failure,5,121,120,1,0,0,0,0,1,0
14_sensor_ablation,all_19,System_Failure,5,122,121,1,0,0,0,0,1,0
14_sensor_ablation,all_19,System_Failure,5,123,122,1,0,1,0,0,1,0
14_sensor_ablation,all_19,System_Failure,5,124,123,1,0,0,0,0,1,0
14_sensor_ablation,all_19,System_Failure,5,125,124,1,0,0,0,0,1,0
14_sensor_ablation,all_19,System_Failure,7,151,129,1,0,0,0,0,1,0
14_sensor_ablation,all_19,System_Failure,7,152,130,1,1,1,1,1,0,0
14_sensor_ablation,all_19,System_Failure,7,153,131,1,0,0,0,0,1,0
14_sensor_ablation,all_19,System_Failure,7,154,132,1,0,0,0,0,1,0
14_sensor_ablation,all_19,System_Failure,7,155,133,1,0,0,0,0,1,0
14_sensor_ablation,all_19,System_Failure,7,156,134,1,0,0,0,0,1,0
14_sensor_ablation,all_19,System_Failure,7,157,135,1,0,0,0,0,1,0
14_sensor_ablation,all_19,System_Failure,7,159,137,1,1,1,1,1,0,0
14_sensor_ablation,all_19,System_Failure,7,160,138,1,1,1,1,1,0,0
14_sensor_ablation,all_19,System_Failure,7,161,139,1,0,0,0,0,1,0
14_sensor_ablation,all_19,System_Failure,7,162,140,1,0,0,0,0,1,0
14_sensor_ablation,all_19,System_Failure,7,163,141,1,1,1,1,1,0,0
14_sensor_ablation,all_19,System_Failure,7,164,142,1,1,1,1,1,0,0
14_sensor_ablation,all_19,System_Failure,7,165,143,1,0,0,0,0,1,0
14_sensor_ablation,all_19,System_Failure,7,166,144,1,0,0,0,0,1,0
14_sensor_ablation,all_19,System_Failure,7,167,145,1,0,0,0,0,1,0
14_sensor_ablation,all_19,System_Failure,7,168,146,1,0,0,0,0,1,0
14_sensor_ablation,all_19,System_Failure,7,169,147,1,0,0,0,0,1,0
14_sensor_ablation,all_19,System_Failure,7,170,148,1,1,1,1,1,0,0
14_sensor_ablation,all_19,System_Failure,7,171,149,1,0,0,0,0,1,0
14_sensor_ablation,all_19,System_Failure,7,172,150,1,0,0,0,0,1,0
14_sensor_ablation,all_19,System_Failure,7,173,151,1,1,1,1,1,0,0
14_sensor_ablation,all_19,System_Failure,7,174,152,1,1,1,1,1,0,0
14_sensor_ablation,all_19,System_Failure,7,175,153,1,1,1,1,1,0,0
14_sensor_ablation,all_19,System_Failure,8,176,154,1,0,0,0,0,1,0
14_sensor_ablation,all_19,System_Failure,8,177,155,1,0,0,0,0,1,0
14_sensor_ablation,all_19,System_Failure,8,178,156,1,0,0,0,0,1,0
14_sensor_ablation,all_19,System_Failure,8,179,157,1,0,0,0,0,1,0
14_sensor_ablation,all_19,System_Failure,8,180,158,1,1,1,1,1,0,0
14_sensor_ablation,all_19,System_Failure,8,181,159,1,0,0,0,0,1,0
14_sensor_ablation,all_19,System_Failure,8,182,160,1,1,1,1,1,0,0
14_sensor_ablation,all_19,System_Failure,8,183,161,1,1,1,1,1,0,0
14_sensor_ablation,all_19,System_Failure,8,184,162,1,0,0,0,0,1,0
14_sensor_ablation,all_19,System_Failure,8,185,163,1,1,1,1,1,0,0
14_sensor_ablation,all_19,System_Failure,8,199,176,1,0,0,0,0,1,0
14_sensor_ablation,all_19,System_Failure,8,200,177,1,1,1,1,1,0,0
14_sensor_ablation,all_19,System_Failure,9,201,178,1,1,1,1,1,0,0
14_sensor_ablation,all_19,System_Failure,9,202,179,1,1,1,1,1,0,0
14_sensor_ablation,all_19,System_Failure,9,203,180,1,0,0,0,0,1,0
14_sensor_ablation,all_19,System_Failure,9,204,181,1,1,1,1,1,0,0
14_sensor_ablation,all_19,System_Failure,9,205,182,1,0,0,0,0,1,0
14_sensor_ablation,all_19,System_Failure,9,206,183,1,1,1,1,1,0,0
14_sensor_ablation,all_19,System_Failure,9,207,184,1,0,0,0,0,1,0
14_sensor_ablation,all_19,System_Failure,9,208,185,1,1,1,1,1,0,0
14_sensor_ablation,all_19,System_Failure,9,209,186,1,0,0,0,0,1,0
14_sensor_ablation,all_19,System_Failure,9,210,187,1,1,1,1,1,0,0
14_sensor_ablation,all_19,System_Failure,9,211,188,1,0,0,0,0,1,0
14_sensor_ablation,all_19,System_Failure,9,212,189,1,1,1,1,1,0,0
14_sensor_ablation,all_19,System_Failure,9,213,190,1,0,0,0,0,1,0
14_sensor_ablation,all_19,System_Failure,9,214,191,1,1,1,1,1,0,0
14_sensor_ablation,all_19,System_Failure,9,215,192,1,1,1,1,1,0,0
14_sensor_ablation,all_19,System_Failure,9,216,193,1,1,0,0,1,0,0
14_sensor_ablation,all_19,System_Failure,9,217,194,1,1,1,1,1,0,0
14_sensor_ablation,all_19,System_Failure,9,218,195,1,1,1,1,1,0,0
14_sensor_ablation,all_19,System_Failure,9,219,196,1,1,1,1,1,0,0
14_sensor_ablation,all_19,System_Failure,9,220,197,1,1,1,1,1,0,0
14_sensor_ablation,all_19,System_Failure,9,221,198,1,1,1,1,1,0,0
14_sensor_ablation,all_19,System_Failure,9,222,199,1,1,1,1,1,0,0
14_sensor_ablation,all_19,System_Failure,9,223,200,1,1,1,1,1,0,0
14_sensor_ablation,all_19,System_Failure,9,224,201,1,1,1,1,1,0,0
14_sensor_ablation,all_19,System_Failure,9,225,202,1,1,1,1,1,0,0
14_sensor_ablation,all_19,System_Failure,9,224,210,2,1,1,1,1,0,0
14_sensor_ablation,all_19,System_Failure,10,226,203,1,1,1,1,1,0,0
14_sensor_ablation,all_19,System_Failure,10,227,204,1,1,0,0,1,0,0
14_sensor_ablation,all_19,System_Failure,10,229,205,1,1,1,1,1,0,0
14_sensor_ablation,all_19,System_Failure,10,230,206,1,1,1,1,1,0,0
14_sensor_ablation,all_19,System_Failure,10,231,207,1,1,1,1,1,0,0
14_sensor_ablation,all_19,System_Failure,10,232,208,1,0,0,0,0,1,0
14_sensor_ablation,all_19,System_Failure,10,233,209,1,1,1,1,1,0,0
14_sensor_ablation,all_19,System_Failure,10,230,216,2,1,1,1,1,0,0
14_sensor_ablation,all_19,System_Failure,10,231,217,2,1,1,1,1,0,0
14_sensor_ablation,all_19,System_Failure,10,232,218,2,1,1,1,1,0,0
14_sensor_ablation,all_19,System_Failure,10,233,219,2,1,1,1,1,0,0
14_sensor_ablation,all_19,System_Failure,10,234,220,1,1,1,1,1,0,0
14_sensor_ablation,all_19,System_Failure,10,235,221,1,1,1,1,1,0,0
14_sensor_ablation,all_19,System_Failure,10,236,222,1,0,0,0,0,1,0
14_sensor_ablation,all_19,System_Failure,10,237,223,1,1,1,1,1,0,0
14_sensor_ablation,all_19,System_Failure,10,238,224,1,0,0,0,0,1,0
14_sensor_ablation,all_19,System_Failure,10,239,225,1,1,1,1,1,0,0
14_sensor_ablation,all_19,System_Failure,10,240,226,1,1,1,1,1,0,0
14_sensor_ablation,all_19,System_Failure,10,241,227,1,0,0,0,0,1,0
14_sensor_ablation,all_19,System_Failure,10,242,228,1,1,1,1,1,0,0
14_sensor_ablation,all_19,System_Failure,10,243,229,1,0,0,0,0,1,0
14_sensor_ablation,all_19,System_Failure,10,245,230,1,0,0,0,0,1,0
14_sensor_ablation,all_19,System_Failure,10,246,231,1,1,1,1,1,0,0
14_sensor_ablation,all_19,System_Failure,10,247,232,1,1,1,1,1,0,0
14_sensor_ablation,all_19,System_Failure,10,248,233,1,0,0,0,0,1,0
14_sensor_ablation,all_19,System_Failure,10,249,234,1,1,1,1,1,0,0
14_sensor_ablation,all_19,System_Failure,10,250,235,1,1,1,1,1,0,0
14_sensor_ablation,all_19,ProtectiveStop,1,1,1,1,1,0,0,1,0,0
14_sensor_ablation,all_19,ProtectiveStop,1,2,2,1,0,0,0,1,0,1
14_sensor_ablation,all_19,ProtectiveStop,1,3,3,1,0,0,0,0,1,0
14_sensor_ablation,all_19,ProtectiveStop,1,4,4,1,0,0,0,0,1,0
14_sensor_ablation,all_19,ProtectiveStop,1,5,5,1,0,0,0,1,0,1
14_sensor_ablation,all_19,ProtectiveStop,1,6,6,1,0,0,0,1,0,1
14_sensor_ablation,all_19,ProtectiveStop,1,8,8,1,0,0,0,0,1,0
14_sensor_ablation,all_19,ProtectiveStop,1,9,9,1,0,0,0,0,1,0
14_sensor_ablation,all_19,ProtectiveStop,1,10,10,1,0,0,0,0,1,0
14_sensor_ablation,all_19,ProtectiveStop,1,11,11,1,0,0,0,0,1,0
14_sensor_ablation,all_19,ProtectiveStop,1,12,12,1,0,0,0,0,1,0
14_sensor_ablation,all_19,ProtectiveStop,1,13,13,1,0,0,0,0,1,0
14_sensor_ablation,all_19,ProtectiveStop,1,14,14,1,0,0,0,1,0,1
14_sensor_ablation,all_19,ProtectiveStop,1,15,15,1,0,0,0,1,0,1
14_sensor_ablation,all_19,ProtectiveStop,1,16,16,1,0,0,0,0,1,0
14_sensor_ablation,all_19,ProtectiveStop,1,17,17,1,0,0,0,0,1,0
14_sensor_ablation,all_19,ProtectiveStop,1,18,18,1,0,0,0,0,1,0
14_sensor_ablation,all_19,ProtectiveStop,1,19,19,1,0,0,0,0,1,0
14_sensor_ablation,all_19,ProtectiveStop,1,20,20,1,0,0,0,0,1,0
14_sensor_ablation,all_19,ProtectiveStop,1,21,21,1,0,0,0,0,1,0
14_sensor_ablation,all_19,ProtectiveStop,1,22,22,1,1,1,1,1,0,0
14_sensor_ablation,all_19,ProtectiveStop,1,23,23,1,0,0,0,0,1,0
14_sensor_ablation,all_19,ProtectiveStop,1,24,24,1,0,0,0,0,1,0
14_sensor_ablation,all_19,ProtectiveStop,1,25,25,1,0,0,0,0,1,0
14_sensor_ablation,all_19,ProtectiveStop,2,26,26,1,0,0,0,0,1,0
14_sensor_ablation,all_19,ProtectiveStop,2,27,27,1,0,0,0,0,1,0
14_sensor_ablation,all_19,ProtectiveStop,2,28,28,1,0,0,0,0,1,0
14_sensor_ablation,all_19,ProtectiveStop,2,29,29,1,0,0,0,0,1,0
14_sensor_ablation,all_19,ProtectiveStop,2,30,30,1,0,0,0,0,1,0
14_sensor_ablation,all_19,ProtectiveStop,2,31,31,1,0,0,0,0,1,0
14_sensor_ablation,all_19,ProtectiveStop,2,32,32,1,0,0,0,0,1,0
14_sensor_ablation,all_19,ProtectiveStop,2,33,33,1,0,0,0,0,1,0
14_sensor_ablation,all_19,ProtectiveStop,2,34,34,1,0,0,0,0,1,0
14_sensor_ablation,all_19,ProtectiveStop,2,35,35,1,1,1,1,1,0,0
14_sensor_ablation,all_19,ProtectiveStop,2,36,36,1,0,0,0,1,0,1
14_sensor_ablation,all_19,ProtectiveStop,2,37,37,1,0,0,0,0,1,0
14_sensor_ablation,all_19,ProtectiveStop,2,38,38,1,0,0,0,0,1,0
14_sensor_ablation,all_19,ProtectiveStop,2,39,39,1,0,0,0,1,0,1
14_sensor_ablation,all_19,ProtectiveStop,2,40,40,1,0,0,0,1,0,1
14_sensor_ablation,all_19,ProtectiveStop,2,41,41,1,0,0,0,0,1,0
14_sensor_ablation,all_19,ProtectiveStop,2,42,42,1,1,1,1,1,0,0
14_sensor_ablation,all_19,ProtectiveStop,2,43,43,1,0,0,0,0,1,0
14_sensor_ablation,all_19,ProtectiveStop,2,44,44,1,0,0,0,0,1,0
14_sensor_ablation,all_19,ProtectiveStop,2,45,45,1,0,0,0,0,1,0
14_sensor_ablation,all_19,ProtectiveStop,2,48,48,1,0,0,0,0,1,0
14_sensor_ablation,all_19,ProtectiveStop,2,49,49,1,0,0,0,0,1,0
14_sensor_ablation,all_19,ProtectiveStop,2,50,50,1,0,0,0,0,1,0
14_sensor_ablation,all_19,ProtectiveStop,3,51,51,1,0,0,0,0,1,0
14_sensor_ablation,all_19,ProtectiveStop,3,52,52,1,0,0,0,0,1,0
14_sensor_ablation,all_19,ProtectiveStop,3,53,53,1,1,1,1,1,0,0
14_sensor_ablation,all_19,ProtectiveStop,3,54,54,1,0,0,0,0,1,0
14_sensor_ablation,all_19,ProtectiveStop,3,55,55,1,0,0,0,0,1,0
14_sensor_ablation,all_19,ProtectiveStop,3,56,56,1,0,0,0,0,1,0
14_sensor_ablation,all_19,ProtectiveStop,3,57,57,1,0,1,0,0,1,0
14_sensor_ablation,all_19,ProtectiveStop,3,58,58,1,0,0,0,0,1,0
14_sensor_ablation,all_19,ProtectiveStop,3,59,59,1,0,0,0,0,1,0
14_sensor_ablation,all_19,ProtectiveStop,3,60,60,1,0,0,0,0,1,0
14_sensor_ablation,all_19,ProtectiveStop,3,61,61,1,0,0,0,0,1,0
14_sensor_ablation,all_19,ProtectiveStop,3,62,62,1,0,1,0,0,1,0
14_sensor_ablation,all_19,ProtectiveStop,3,63,63,1,1,1,1,1,0,0
14_sensor_ablation,all_19,ProtectiveStop,3,64,64,1,0,0,0,1,0,1
14_sensor_ablation,all_19,ProtectiveStop,3,65,65,1,0,0,0,1,0,1
14_sensor_ablation,all_19,ProtectiveStop,3,66,66,1,0,0,0,0,1,0
14_sensor_ablation,all_19,ProtectiveStop,3,67,67,1,0,0,0,1,0,1
14_sensor_ablation,all_19,ProtectiveStop,3,68,68,1,0,0,0,0,1,0
14_sensor_ablation,all_19,ProtectiveStop,3,69,69,1,1,1,1,1,0,0
14_sensor_ablation,all_19,ProtectiveStop,3,70,70,1,0,0,0,0,1,0
14_sensor_ablation,all_19,ProtectiveStop,3,71,71,1,0,1,0,0,1,0
14_sensor_ablation,all_19,ProtectiveStop,3,72,72,1,0,0,0,0,1,0
14_sensor_ablation,all_19,ProtectiveStop,3,73,73,1,0,0,0,0,1,0
14_sensor_ablation,all_19,ProtectiveStop,3,75,74,1,0,0,0,0,1,0
14_sensor_ablation,all_19,ProtectiveStop,4,76,75,1,0,0,0,1,0,1
14_sensor_ablation,all_19,ProtectiveStop,4,85,84,1,0,1,0,0,1,0
14_sensor_ablation,all_19,ProtectiveStop,4,86,85,1,1,1,1,1,0,0
14_sensor_ablation,all_19,ProtectiveStop,4,87,86,1,1,1,1,1,0,0
14_sensor_ablation,all_19,ProtectiveStop,4,88,87,1,0,0,0,0,1,0
14_sensor_ablation,all_19,ProtectiveStop,4,89,88,1,0,0,0,0,1,0
14_sensor_ablation,all_19,ProtectiveStop,4,90,89,1,0,0,0,0,1,0
14_sensor_ablation,all_19,ProtectiveStop,4,91,90,1,0,0,0,1,0,1
14_sensor_ablation,all_19,ProtectiveStop,4,92,91,1,0,0,0,1,0,1
14_sensor_ablation,all_19,ProtectiveStop,4,93,92,1,0,0,0,0,1,0
14_sensor_ablation,all_19,ProtectiveStop,4,94,93,1,0,0,0,0,1,0
14_sensor_ablation,all_19,ProtectiveStop,4,95,94,1,0,0,0,1,0,1
14_sensor_ablation,all_19,ProtectiveStop,4,96,95,1,0,0,0,1,0,1
14_sensor_ablation,all_19,ProtectiveStop,4,97,96,1,0,0,0,1,0,1
14_sensor_ablation,all_19,ProtectiveStop,4,98,97,1,0,0,0,0,1,0
14_sensor_ablation,all_19,ProtectiveStop,4,99,98,1,1,1,1,1,0,0
14_sensor_ablation,all_19,ProtectiveStop,4,100,99,1,0,0,0,0,1,0
14_sensor_ablation,all_19,ProtectiveStop,5,101,100,1,0,0,0,0,1,0
14_sensor_ablation,all_19,ProtectiveStop,5,102,101,1,0,0,0,0,1,0
14_sensor_ablation,all_19,ProtectiveStop,5,103,102,1,1,1,1,1,0,0
14_sensor_ablation,all_19,ProtectiveStop,5,104,103,1,0,0,0,0,1,0
14_sensor_ablation,all_19,ProtectiveStop,5,105,104,1,0,0,0,1,0,1
14_sensor_ablation,all_19,ProtectiveStop,5,106,105,1,0,0,0,0,1,0
14_sensor_ablation,all_19,ProtectiveStop,5,107,106,1,0,0,0,0,1,0
14_sensor_ablation,all_19,ProtectiveStop,5,108,107,1,1,1,1,1,0,0
14_sensor_ablation,all_19,ProtectiveStop,5,109,108,1,0,0,0,0,1,0
14_sensor_ablation,all_19,ProtectiveStop,5,110,109,1,0,0,0,0,1,0
14_sensor_ablation,all_19,ProtectiveStop,5,111,110,1,0,0,0,0,1,0
14_sensor_ablation,all_19,ProtectiveStop,5,112,111,1,0,0,0,0,1,0
14_sensor_ablation,all_19,ProtectiveStop,5,113,112,1,0,0,0,0,1,0
14_sensor_ablation,all_19,ProtectiveStop,5,114,113,1,0,0,0,0,1,0
14_sensor_ablation,all_19,ProtectiveStop,5,115,114,1,1,1,1,1,0,0
14_sensor_ablation,all_19,ProtectiveStop,5,116,115,1,0,0,0,0,1,0
14_sensor_ablation,all_19,ProtectiveStop,5,117,116,1,1,1,1,1,0,0
14_sensor_ablation,all_19,ProtectiveStop,5,118,117,1,1,1,1,1,0,0
14_sensor_ablation,all_19,ProtectiveStop,5,119,118,1,0,0,0,0,1,0
14_sensor_ablation,all_19,ProtectiveStop,5,120,119,1,0,0,0,0,1,0
14_sensor_ablation,all_19,ProtectiveStop,5,121,120,1,0,0,0,0,1,0
14_sensor_ablation,all_19,ProtectiveStop,5,122,121,1,0,0,0,0,1,0
14_sensor_ablation,all_19,ProtectiveStop,5,123,122,1,0,0,0,0,1,0
14_sensor_ablation,all_19,ProtectiveStop,5,124,123,1,0,0,0,0,1,0
14_sensor_ablation,all_19,ProtectiveStop,5,125,124,1,0,0,0,0,1,0
14_sensor_ablation,all_19,ProtectiveStop,7,151,129,1,0,0,0,0,1,0
14_sensor_ablation,all_19,ProtectiveStop,7,152,130,1,1,1,1,1,0,0
14_sensor_ablation,all_19,ProtectiveStop,7,153,131,1,0,0,0,0,1,0
14_sensor_ablation,all_19,ProtectiveStop,7,154,132,1,0,0,0,0,1,0
14_sensor_ablation,all_19,ProtectiveStop,7,155,133,1,0,0,0,0,1,0
14_sensor_ablation,all_19,ProtectiveStop,7,156,134,1,0,0,0,0,1,0
14_sensor_ablation,all_19,ProtectiveStop,7,157,135,1,0,0,0,0,1,0
14_sensor_ablation,all_19,ProtectiveStop,7,159,137,1,1,1,1,1,0,0
14_sensor_ablation,all_19,ProtectiveStop,7,160,138,1,0,0,0,1,0,1
14_sensor_ablation,all_19,ProtectiveStop,7,161,139,1,0,0,0,0,1,0
14_sensor_ablation,all_19,ProtectiveStop,7,162,140,1,0,0,0,0,1,0
14_sensor_ablation,all_19,ProtectiveStop,7,163,141,1,1,1,1,1,0,0
14_sensor_ablation,all_19,ProtectiveStop,7,164,142,1,1,1,1,1,0,0
14_sensor_ablation,all_19,ProtectiveStop,7,165,143,1,0,0,0,0,1,0
14_sensor_ablation,all_19,ProtectiveStop,7,166,144,1,0,0,0,0,1,0
14_sensor_ablation,all_19,ProtectiveStop,7,167,145,1,0,0,0,0,1,0
14_sensor_ablation,all_19,ProtectiveStop,7,168,146,1,0,0,0,0,1,0
14_sensor_ablation,all_19,ProtectiveStop,7,169,147,1,0,0,0,0,1,0
14_sensor_ablation,all_19,ProtectiveStop,7,170,148,1,1,1,1,1,0,0
14_sensor_ablation,all_19,ProtectiveStop,7,171,149,1,0,0,0,0,1,0
14_sensor_ablation,all_19,ProtectiveStop,7,172,150,1,0,0,0,0,1,0
14_sensor_ablation,all_19,ProtectiveStop,7,173,151,1,1,1,1,1,0,0
14_sensor_ablation,all_19,ProtectiveStop,7,174,152,1,1,1,1,1,0,0
14_sensor_ablation,all_19,ProtectiveStop,7,175,153,1,1,1,1,1,0,0
14_sensor_ablation,all_19,ProtectiveStop,8,176,154,1,0,0,0,0,1,0
14_sensor_ablation,all_19,ProtectiveStop,8,177,155,1,0,0,0,0,1,0
14_sensor_ablation,all_19,ProtectiveStop,8,178,156,1,0,0,0,0,1,0
14_sensor_ablation,all_19,ProtectiveStop,8,179,157,1,0,0,0,0,1,0
14_sensor_ablation,all_19,ProtectiveStop,8,180,158,1,0,0,0,1,0,1
14_sensor_ablation,all_19,ProtectiveStop,8,181,159,1,0,0,0,0,1,0
14_sensor_ablation,all_19,ProtectiveStop,8,182,160,1,1,1,1,1,0,0
14_sensor_ablation,all_19,ProtectiveStop,8,183,161,1,1,1,1,1,0,0
14_sensor_ablation,all_19,ProtectiveStop,8,184,162,1,0,0,0,0,1,0
14_sensor_ablation,all_19,ProtectiveStop,8,185,163,1,1,1,1,1,0,0
14_sensor_ablation,all_19,ProtectiveStop,8,199,176,1,0,0,0,0,1,0
14_sensor_ablation,all_19,ProtectiveStop,8,200,177,1,0,0,0,1,0,1
14_sensor_ablation,all_19,ProtectiveStop,9,201,178,1,1,1,1,1,0,0
14_sensor_ablation,all_19,ProtectiveStop,9,202,179,1,0,0,0,1,0,1
14_sensor_ablation,all_19,ProtectiveStop,9,203,180,1,0,0,0,0,1,0
14_sensor_ablation,all_19,ProtectiveStop,9,204,181,1,1,1,1,1,0,0
14_sensor_ablation,all_19,ProtectiveStop,9,205,182,1,0,0,0,0,1,0
14_sensor_ablation,all_19,ProtectiveStop,9,206,183,1,1,1,1,1,0,0
14_sensor_ablation,all_19,ProtectiveStop,9,207,184,1,0,0,0,0,1,0
14_sensor_ablation,all_19,ProtectiveStop,9,208,185,1,0,0,0,1,0,1
14_sensor_ablation,all_19,ProtectiveStop,9,209,186,1,0,0,0,0,1,0
14_sensor_ablation,all_19,ProtectiveStop,9,210,187,1,1,1,1,1,0,0
14_sensor_ablation,all_19,ProtectiveStop,9,211,188,1,0,0,0,0,1,0
14_sensor_ablation,all_19,ProtectiveStop,9,212,189,1,1,1,1,1,0,0
14_sensor_ablation,all_19,ProtectiveStop,9,213,190,1,0,0,0,0,1,0
14_sensor_ablation,all_19,ProtectiveStop,9,214,191,1,1,1,1,1,0,0
14_sensor_ablation,all_19,ProtectiveStop,9,215,192,1,1,1,1,1,0,0
14_sensor_ablation,all_19,ProtectiveStop,9,216,193,1,0,0,0,1,0,1
14_sensor_ablation,all_19,ProtectiveStop,9,217,194,1,1,1,1,1,0,0
14_sensor_ablation,all_19,ProtectiveStop,9,218,195,1,1,1,1,1,0,0
14_sensor_ablation,all_19,ProtectiveStop,9,219,196,1,1,1,1,1,0,0
14_sensor_ablation,all_19,ProtectiveStop,9,220,197,1,1,1,1,1,0,0
14_sensor_ablation,all_19,ProtectiveStop,9,221,198,1,1,0,0,1,0,0
14_sensor_ablation,all_19,ProtectiveStop,9,222,199,1,1,1,1,1,0,0
14_sensor_ablation,all_19,ProtectiveStop,9,223,200,1,1,1,1,1,0,0
14_sensor_ablation,all_19,ProtectiveStop,9,224,201,1,1,1,1,1,0,0
14_sensor_ablation,all_19,ProtectiveStop,9,225,202,1,1,1,1,1,0,0
14_sensor_ablation,all_19,ProtectiveStop,9,224,210,2,1,1,1,1,0,0
14_sensor_ablation,all_19,ProtectiveStop,10,226,203,1,1,1,1,1,0,0
14_sensor_ablation,all_19,ProtectiveStop,10,227,204,1,1,0,0,1,0,0
14_sensor_ablation,all_19,ProtectiveStop,10,229,205,1,1,1,1,1,0,0
14_sensor_ablation,all_19,ProtectiveStop,10,230,206,1,1,1,1,1,0,0
14_sensor_ablation,all_19,ProtectiveStop,10,231,207,1,1,1,1,1,0,0
14_sensor_ablation,all_19,ProtectiveStop,10,232,208,1,0,0,0,0,1,0
14_sensor_ablation,all_19,ProtectiveStop,10,233,209,1,1,1,1,1,0,0
14_sensor_ablation,all_19,ProtectiveStop,10,230,216,2,1,1,1,1,0,0
14_sensor_ablation,all_19,ProtectiveStop,10,231,217,2,1,1,1,1,0,0
14_sensor_ablation,all_19,ProtectiveStop,10,232,218,2,1,1,1,1,0,0
14_sensor_ablation,all_19,ProtectiveStop,10,233,219,2,0,0,0,1,0,1
14_sensor_ablation,all_19,ProtectiveStop,10,234,220,1,1,1,1,1,0,0
14_sensor_ablation,all_19,ProtectiveStop,10,235,221,1,1,1,1,1,0,0
14_sensor_ablation,all_19,ProtectiveStop,10,236,222,1,0,0,0,0,1,0
14_sensor_ablation,all_19,ProtectiveStop,10,237,223,1,1,1,1,1,0,0
14_sensor_ablation,all_19,ProtectiveStop,10,238,224,1,0,0,0,0,1,0
14_sensor_ablation,all_19,ProtectiveStop,10,239,225,1,1,1,1,1,0,0
14_sensor_ablation,all_19,ProtectiveStop,10,240,226,1,1,1,1,1,0,0
14_sensor_ablation,all_19,ProtectiveStop,10,241,227,1,0,0,0,0,1,0
14_sensor_ablation,all_19,ProtectiveStop,10,242,228,1,1,1,1,1,0,0
14_sensor_ablation,all_19,ProtectiveStop,10,243,229,1,0,0,0,0,1,0
14_sensor_ablation,all_19,ProtectiveStop,10,245,230,1,0,0,0,0,1,0
14_sensor_ablation,all_19,ProtectiveStop,10,246,231,1,1,1,1,1,0,0
14_sensor_ablation,all_19,ProtectiveStop,10,247,232,1,1,1,1,1,0,0
14_sensor_ablation,all_19,ProtectiveStop,10,248,233,1,0,0,0,0,1,0
14_sensor_ablation,all_19,ProtectiveStop,10,249,234,1,1,1,1,1,0,0
14_sensor_ablation,all_19,ProtectiveStop,10,250,235,1,1,1,1,1,0,0
14_sensor_ablation,all_19,GripLost,1,1,1,1,0,0,0,1,0,1
14_sensor_ablation,all_19,GripLost,1,2,2,1,1,1,1,1,0,0
14_sensor_ablation,all_19,GripLost,1,3,3,1,0,0,0,0,1,0
14_sensor_ablation,all_19,GripLost,1,4,4,1,0,0,0,0,1,0
14_sensor_ablation,all_19,GripLost,1,5,5,1,1,1,1,1,0,0
14_sensor_ablation,all_19,GripLost,1,6,6,1,1,0,0,1,0,0
14_sensor_ablation,all_19,GripLost,1,8,8,1,0,0,0,0,1,0
14_sensor_ablation,all_19,GripLost,1,9,9,1,0,0,0,0,1,0
14_sensor_ablation,all_19,GripLost,1,10,10,1,0,0,0,0,1,0
14_sensor_ablation,all_19,GripLost,1,11,11,1,0,0,0,0,1,0
14_sensor_ablation,all_19,GripLost,1,12,12,1,0,0,0,0,1,0
14_sensor_ablation,all_19,GripLost,1,13,13,1,0,0,0,0,1,0
14_sensor_ablation,all_19,GripLost,1,14,14,1,1,1,1,1,0,0
14_sensor_ablation,all_19,GripLost,1,15,15,1,1,1,1,1,0,0
14_sensor_ablation,all_19,GripLost,1,16,16,1,0,0,0,0,1,0
14_sensor_ablation,all_19,GripLost,1,17,17,1,0,0,0,0,1,0
14_sensor_ablation,all_19,GripLost,1,18,18,1,0,0,0,0,1,0
14_sensor_ablation,all_19,GripLost,1,19,19,1,0,0,0,0,1,0
14_sensor_ablation,all_19,GripLost,1,20,20,1,0,0,0,0,1,0
14_sensor_ablation,all_19,GripLost,1,21,21,1,0,0,0,0,1,0
14_sensor_ablation,all_19,GripLost,1,22,22,1,0,0,0,1,0,1
14_sensor_ablation,all_19,GripLost,1,23,23,1,0,0,0,0,1,0
14_sensor_ablation,all_19,GripLost,1,24,24,1,0,0,0,0,1,0
14_sensor_ablation,all_19,GripLost,1,25,25,1,0,0,0,0,1,0
14_sensor_ablation,all_19,GripLost,2,26,26,1,0,0,0,0,1,0
14_sensor_ablation,all_19,GripLost,2,27,27,1,0,0,0,0,1,0
14_sensor_ablation,all_19,GripLost,2,28,28,1,0,0,0,0,1,0
14_sensor_ablation,all_19,GripLost,2,29,29,1,0,0,0,0,1,0
14_sensor_ablation,all_19,GripLost,2,30,30,1,0,0,0,0,1,0
14_sensor_ablation,all_19,GripLost,2,31,31,1,0,0,0,0,1,0
14_sensor_ablation,all_19,GripLost,2,32,32,1,0,0,0,0,1,0
14_sensor_ablation,all_19,GripLost,2,33,33,1,0,0,0,0,1,0
14_sensor_ablation,all_19,GripLost,2,34,34,1,0,0,0,0,1,0
14_sensor_ablation,all_19,GripLost,2,35,35,1,0,0,0,1,0,1
14_sensor_ablation,all_19,GripLost,2,36,36,1,1,1,1,1,0,0
14_sensor_ablation,all_19,GripLost,2,37,37,1,0,0,0,0,1,0
14_sensor_ablation,all_19,GripLost,2,38,38,1,0,0,0,0,1,0
14_sensor_ablation,all_19,GripLost,2,39,39,1,1,1,1,1,0,0
14_sensor_ablation,all_19,GripLost,2,40,40,1,1,1,1,1,0,0
14_sensor_ablation,all_19,GripLost,2,41,41,1,0,0,0,0,1,0
14_sensor_ablation,all_19,GripLost,2,42,42,1,0,0,0,1,0,1
14_sensor_ablation,all_19,GripLost,2,43,43,1,0,0,0,0,1,0
14_sensor_ablation,all_19,GripLost,2,44,44,1,0,0,0,0,1,0
14_sensor_ablation,all_19,GripLost,2,45,45,1,0,0,0,0,1,0
14_sensor_ablation,all_19,GripLost,2,48,48,1,0,0,0,0,1,0
14_sensor_ablation,all_19,GripLost,2,49,49,1,0,0,0,0,1,0
14_sensor_ablation,all_19,GripLost,2,50,50,1,0,0,0,0,1,0
14_sensor_ablation,all_19,GripLost,3,51,51,1,0,0,0,0,1,0
14_sensor_ablation,all_19,GripLost,3,52,52,1,0,0,0,0,1,0
14_sensor_ablation,all_19,GripLost,3,53,53,1,0,0,0,1,0,1
14_sensor_ablation,all_19,GripLost,3,54,54,1,0,0,0,0,1,0
14_sensor_ablation,all_19,GripLost,3,55,55,1,0,0,0,0,1,0
14_sensor_ablation,all_19,GripLost,3,56,56,1,0,0,0,0,1,0
14_sensor_ablation,all_19,GripLost,3,57,57,1,0,1,0,0,1,0
14_sensor_ablation,all_19,GripLost,3,58,58,1,0,0,0,0,1,0
14_sensor_ablation,all_19,GripLost,3,59,59,1,0,0,0,0,1,0
14_sensor_ablation,all_19,GripLost,3,60,60,1,0,0,0,0,1,0
14_sensor_ablation,all_19,GripLost,3,61,61,1,0,0,0,0,1,0
14_sensor_ablation,all_19,GripLost,3,62,62,1,0,0,0,0,1,0
14_sensor_ablation,all_19,GripLost,3,63,63,1,1,1,1,1,0,0
14_sensor_ablation,all_19,GripLost,3,64,64,1,1,1,1,1,0,0
14_sensor_ablation,all_19,GripLost,3,65,65,1,1,1,1,1,0,0
14_sensor_ablation,all_19,GripLost,3,66,66,1,0,0,0,0,1,0
14_sensor_ablation,all_19,GripLost,3,67,67,1,1,1,1,1,0,0
14_sensor_ablation,all_19,GripLost,3,68,68,1,0,0,0,0,1,0
14_sensor_ablation,all_19,GripLost,3,69,69,1,1,1,1,1,0,0
14_sensor_ablation,all_19,GripLost,3,70,70,1,0,0,0,0,1,0
14_sensor_ablation,all_19,GripLost,3,71,71,1,0,0,0,0,1,0
14_sensor_ablation,all_19,GripLost,3,72,72,1,0,0,0,0,1,0
14_sensor_ablation,all_19,GripLost,3,73,73,1,0,0,0,0,1,0
14_sensor_ablation,all_19,GripLost,3,75,74,1,0,0,0,0,1,0
14_sensor_ablation,all_19,GripLost,4,76,75,1,1,1,1,1,0,0
14_sensor_ablation,all_19,GripLost,4,85,84,1,0,0,0,0,1,0
14_sensor_ablation,all_19,GripLost,4,86,85,1,1,1,1,1,0,0
14_sensor_ablation,all_19,GripLost,4,87,86,1,0,0,0,1,0,1
14_sensor_ablation,all_19,GripLost,4,88,87,1,0,0,0,0,1,0
14_sensor_ablation,all_19,GripLost,4,89,88,1,0,0,0,0,1,0
14_sensor_ablation,all_19,GripLost,4,90,89,1,0,0,0,0,1,0
14_sensor_ablation,all_19,GripLost,4,91,90,1,1,1,1,1,0,0
14_sensor_ablation,all_19,GripLost,4,92,91,1,1,1,1,1,0,0
14_sensor_ablation,all_19,GripLost,4,93,92,1,0,0,0,0,1,0
14_sensor_ablation,all_19,GripLost,4,94,93,1,0,0,0,0,1,0
14_sensor_ablation,all_19,GripLost,4,95,94,1,1,1,1,1,0,0
14_sensor_ablation,all_19,GripLost,4,96,95,1,1,1,1,1,0,0
14_sensor_ablation,all_19,GripLost,4,97,96,1,1,1,1,1,0,0
14_sensor_ablation,all_19,GripLost,4,98,97,1,0,0,0,0,1,0
14_sensor_ablation,all_19,GripLost,4,99,98,1,0,0,0,1,0,1
14_sensor_ablation,all_19,GripLost,4,100,99,1,0,0,0,0,1,0
14_sensor_ablation,all_19,GripLost,5,101,100,1,0,0,0,0,1,0
14_sensor_ablation,all_19,GripLost,5,102,101,1,0,0,0,0,1,0
14_sensor_ablation,all_19,GripLost,5,103,102,1,0,0,0,1,0,1
14_sensor_ablation,all_19,GripLost,5,104,103,1,0,0,0,0,1,0
14_sensor_ablation,all_19,GripLost,5,105,104,1,1,1,1,1,0,0
14_sensor_ablation,all_19,GripLost,5,106,105,1,0,0,0,0,1,0
14_sensor_ablation,all_19,GripLost,5,107,106,1,0,0,0,0,1,0
14_sensor_ablation,all_19,GripLost,5,108,107,1,0,0,0,1,0,1
14_sensor_ablation,all_19,GripLost,5,109,108,1,0,0,0,0,1,0
14_sensor_ablation,all_19,GripLost,5,110,109,1,0,0,0,0,1,0
14_sensor_ablation,all_19,GripLost,5,111,110,1,0,0,0,0,1,0
14_sensor_ablation,all_19,GripLost,5,112,111,1,0,0,0,0,1,0
14_sensor_ablation,all_19,GripLost,5,113,112,1,0,0,0,0,1,0
14_sensor_ablation,all_19,GripLost,5,114,113,1,0,0,0,0,1,0
14_sensor_ablation,all_19,GripLost,5,115,114,1,0,0,0,1,0,1
14_sensor_ablation,all_19,GripLost,5,116,115,1,0,0,0,0,1,0
14_sensor_ablation,all_19,GripLost,5,117,116,1,0,0,0,1,0,1
14_sensor_ablation,all_19,GripLost,5,118,117,1,0,0,0,1,0,1
14_sensor_ablation,all_19,GripLost,5,119,118,1,0,0,0,0,1,0
14_sensor_ablation,all_19,GripLost,5,120,119,1,0,0,0,0,1,0
14_sensor_ablation,all_19,GripLost,5,121,120,1,0,0,0,0,1,0
14_sensor_ablation,all_19,GripLost,5,122,121,1,0,0,0,0,1,0
14_sensor_ablation,all_19,GripLost,5,123,122,1,0,0,0,0,1,0
14_sensor_ablation,all_19,GripLost,5,124,123,1,0,0,0,0,1,0
14_sensor_ablation,all_19,GripLost,5,125,124,1,0,0,0,0,1,0
14_sensor_ablation,all_19,GripLost,7,151,129,1,0,0,0,0,1,0
14_sensor_ablation,all_19,GripLost,7,152,130,1,0,0,0,1,0,1
14_sensor_ablation,all_19,GripLost,7,153,131,1,0,0,0,0,1,0
14_sensor_ablation,all_19,GripLost,7,154,132,1,0,0,0,0,1,0
14_sensor_ablation,all_19,GripLost,7,155,133,1,0,0,0,0,1,0
14_sensor_ablation,all_19,GripLost,7,156,134,1,0,0,0,0,1,0
14_sensor_ablation,all_19,GripLost,7,157,135,1,0,0,0,0,1,0
14_sensor_ablation,all_19,GripLost,7,159,137,1,0,0,0,1,0,1
14_sensor_ablation,all_19,GripLost,7,160,138,1,1,1,1,1,0,0
14_sensor_ablation,all_19,GripLost,7,161,139,1,0,0,0,0,1,0
14_sensor_ablation,all_19,GripLost,7,162,140,1,0,0,0,0,1,0
14_sensor_ablation,all_19,GripLost,7,163,141,1,0,0,0,1,0,1
14_sensor_ablation,all_19,GripLost,7,164,142,1,1,1,1,1,0,0
14_sensor_ablation,all_19,GripLost,7,165,143,1,0,0,0,0,1,0
14_sensor_ablation,all_19,GripLost,7,166,144,1,0,0,0,0,1,0
14_sensor_ablation,all_19,GripLost,7,167,145,1,0,0,0,0,1,0
14_sensor_ablation,all_19,GripLost,7,168,146,1,0,0,0,0,1,0
14_sensor_ablation,all_19,GripLost,7,169,147,1,0,0,0,0,1,0
14_sensor_ablation,all_19,GripLost,7,170,148,1,0,0,0,1,0,1
14_sensor_ablation,all_19,GripLost,7,171,149,1,0,0,0,0,1,0
14_sensor_ablation,all_19,GripLost,7,172,150,1,0,0,0,0,1,0
14_sensor_ablation,all_19,GripLost,7,173,151,1,1,1,1,1,0,0
14_sensor_ablation,all_19,GripLost,7,174,152,1,1,1,1,1,0,0
14_sensor_ablation,all_19,GripLost,7,175,153,1,0,0,0,1,0,1
14_sensor_ablation,all_19,GripLost,8,176,154,1,0,0,0,0,1,0
14_sensor_ablation,all_19,GripLost,8,177,155,1,0,0,0,0,1,0
14_sensor_ablation,all_19,GripLost,8,178,156,1,0,0,0,0,1,0
14_sensor_ablation,all_19,GripLost,8,179,157,1,0,1,0,0,1,0
14_sensor_ablation,all_19,GripLost,8,180,158,1,1,1,1,1,0,0
14_sensor_ablation,all_19,GripLost,8,181,159,1,0,0,0,0,1,0
14_sensor_ablation,all_19,GripLost,8,182,160,1,0,0,0,1,0,1
14_sensor_ablation,all_19,GripLost,8,183,161,1,0,0,0,1,0,1
14_sensor_ablation,all_19,GripLost,8,184,162,1,0,0,0,0,1,0
14_sensor_ablation,all_19,GripLost,8,185,163,1,0,0,0,1,0,1
14_sensor_ablation,all_19,GripLost,8,199,176,1,0,0,0,0,1,0
14_sensor_ablation,all_19,GripLost,8,200,177,1,1,1,1,1,0,0
14_sensor_ablation,all_19,GripLost,9,201,178,1,0,0,0,1,0,1
14_sensor_ablation,all_19,GripLost,9,202,179,1,1,1,1,1,0,0
14_sensor_ablation,all_19,GripLost,9,203,180,1,0,0,0,0,1,0
14_sensor_ablation,all_19,GripLost,9,204,181,1,0,0,0,1,0,1
14_sensor_ablation,all_19,GripLost,9,205,182,1,0,0,0,0,1,0
14_sensor_ablation,all_19,GripLost,9,206,183,1,0,0,0,1,0,1
14_sensor_ablation,all_19,GripLost,9,207,184,1,0,0,0,0,1,0
14_sensor_ablation,all_19,GripLost,9,208,185,1,1,1,1,1,0,0
14_sensor_ablation,all_19,GripLost,9,209,186,1,0,0,0,0,1,0
14_sensor_ablation,all_19,GripLost,9,210,187,1,0,1,0,1,0,1
14_sensor_ablation,all_19,GripLost,9,211,188,1,0,0,0,0,1,0
14_sensor_ablation,all_19,GripLost,9,212,189,1,0,0,0,1,0,1
14_sensor_ablation,all_19,GripLost,9,213,190,1,0,0,0,0,1,0
14_sensor_ablation,all_19,GripLost,9,214,191,1,1,1,1,1,0,0
14_sensor_ablation,all_19,GripLost,9,215,192,1,0,0,0,1,0,1
14_sensor_ablation,all_19,GripLost,9,216,193,1,1,1,1,1,0,0
14_sensor_ablation,all_19,GripLost,9,217,194,1,0,0,0,1,0,1
14_sensor_ablation,all_19,GripLost,9,218,195,1,0,1,0,1,0,1
14_sensor_ablation,all_19,GripLost,9,219,196,1,1,1,1,1,0,0
14_sensor_ablation,all_19,GripLost,9,220,197,1,0,0,0,1,0,1
14_sensor_ablation,all_19,GripLost,9,221,198,1,1,1,1,1,0,0
14_sensor_ablation,all_19,GripLost,9,222,199,1,0,1,0,1,0,1
14_sensor_ablation,all_19,GripLost,9,223,200,1,0,0,0,1,0,1
14_sensor_ablation,all_19,GripLost,9,224,201,1,0,0,0,1,0,1
14_sensor_ablation,all_19,GripLost,9,225,202,1,0,0,0,1,0,1
14_sensor_ablation,all_19,GripLost,9,224,210,2,0,0,0,1,0,1
14_sensor_ablation,all_19,GripLost,10,226,203,1,0,0,0,1,0,1
14_sensor_ablation,all_19,GripLost,10,227,204,1,0,0,0,1,0,1
14_sensor_ablation,all_19,GripLost,10,229,205,1,0,0,0,1,0,1
14_sensor_ablation,all_19,GripLost,10,230,206,1,0,0,0,1,0,1
14_sensor_ablation,all_19,GripLost,10,231,207,1,0,0,0,1,0,1
14_sensor_ablation,all_19,GripLost,10,232,208,1,0,0,0,0,1,0
14_sensor_ablation,all_19,GripLost,10,233,209,1,0,0,0,1,0,1
14_sensor_ablation,all_19,GripLost,10,230,216,2,0,0,0,1,0,1
14_sensor_ablation,all_19,GripLost,10,231,217,2,0,0,0,1,0,1
14_sensor_ablation,all_19,GripLost,10,232,218,2,1,1,1,1,0,0
14_sensor_ablation,all_19,GripLost,10,233,219,2,1,1,1,1,0,0
14_sensor_ablation,all_19,GripLost,10,234,220,1,1,0,0,1,0,0
14_sensor_ablation,all_19,GripLost,10,235,221,1,0,0,0,1,0,1
14_sensor_ablation,all_19,GripLost,10,236,222,1,0,0,0,0,1,0
14_sensor_ablation,all_19,GripLost,10,237,223,1,1,1,1,1,0,0
14_sensor_ablation,all_19,GripLost,10,238,224,1,0,0,0,0,1,0
14_sensor_ablation,all_19,GripLost,10,239,225,1,0,1,0,1,0,1
14_sensor_ablation,all_19,GripLost,10,240,226,1,0,0,0,1,0,1
14_sensor_ablation,all_19,GripLost,10,241,227,1,0,0,0,0,1,0
14_sensor_ablation,all_19,GripLost,10,242,228,1,0,0,0,1,0,1
14_sensor_ablation,all_19,GripLost,10,243,229,1,0,0,0,0,1,0
14_sensor_ablation,all_19,GripLost,10,245,230,1,0,0,0,0,1,0
14_sensor_ablation,all_19,GripLost,10,246,231,1,0,0,0,1,0,1
14_sensor_ablation,all_19,GripLost,10,247,232,1,1,0,0,1,0,0
14_sensor_ablation,all_19,GripLost,10,248,233,1,0,0,0,0,1,0
14_sensor_ablation,all_19,GripLost,10,249,234,1,0,0,0,1,0,1
14_sensor_ablation,all_19,GripLost,10,250,235,1,1,1,1,1,0,0
14_sensor_ablation,current_family_only,System_Failure,1,1,1,1,1,1,1,1,0,0
14_sensor_ablation,current_family_only,System_Failure,1,2,2,1,1,1,1,1,0,0
14_sensor_ablation,current_family_only,System_Failure,1,3,3,1,0,0,0,0,1,0
14_sensor_ablation,current_family_only,System_Failure,1,4,4,1,0,0,0,0,1,0
14_sensor_ablation,current_family_only,System_Failure,1,5,5,1,1,1,1,1,0,0
14_sensor_ablation,current_family_only,System_Failure,1,6,6,1,1,1,1,1,0,0
14_sensor_ablation,current_family_only,System_Failure,1,8,8,1,0,0,0,0,1,0
14_sensor_ablation,current_family_only,System_Failure,1,9,9,1,0,0,0,0,1,0
14_sensor_ablation,current_family_only,System_Failure,1,10,10,1,0,0,0,0,1,0
14_sensor_ablation,current_family_only,System_Failure,1,11,11,1,0,0,0,0,1,0
14_sensor_ablation,current_family_only,System_Failure,1,12,12,1,0,0,0,0,1,0
14_sensor_ablation,current_family_only,System_Failure,1,13,13,1,0,0,0,0,1,0
14_sensor_ablation,current_family_only,System_Failure,1,14,14,1,1,1,1,1,0,0
14_sensor_ablation,current_family_only,System_Failure,1,15,15,1,1,0,0,1,0,0
14_sensor_ablation,current_family_only,System_Failure,1,16,16,1,0,0,0,0,1,0
14_sensor_ablation,current_family_only,System_Failure,1,17,17,1,0,0,0,0,1,0
14_sensor_ablation,current_family_only,System_Failure,1,18,18,1,0,0,0,0,1,0
14_sensor_ablation,current_family_only,System_Failure,1,19,19,1,0,0,0,0,1,0
14_sensor_ablation,current_family_only,System_Failure,1,20,20,1,0,0,0,0,1,0
14_sensor_ablation,current_family_only,System_Failure,1,21,21,1,0,0,0,0,1,0
14_sensor_ablation,current_family_only,System_Failure,1,22,22,1,1,1,1,1,0,0
14_sensor_ablation,current_family_only,System_Failure,1,23,23,1,0,0,0,0,1,0
14_sensor_ablation,current_family_only,System_Failure,1,24,24,1,0,0,0,0,1,0
14_sensor_ablation,current_family_only,System_Failure,1,25,25,1,0,0,0,0,1,0
14_sensor_ablation,current_family_only,System_Failure,2,26,26,1,0,0,0,0,1,0
14_sensor_ablation,current_family_only,System_Failure,2,27,27,1,0,0,0,0,1,0
14_sensor_ablation,current_family_only,System_Failure,2,28,28,1,0,0,0,0,1,0
14_sensor_ablation,current_family_only,System_Failure,2,29,29,1,0,0,0,0,1,0
14_sensor_ablation,current_family_only,System_Failure,2,30,30,1,0,0,0,0,1,0
14_sensor_ablation,current_family_only,System_Failure,2,31,31,1,0,0,0,0,1,0
14_sensor_ablation,current_family_only,System_Failure,2,32,32,1,0,0,0,0,1,0
14_sensor_ablation,current_family_only,System_Failure,2,33,33,1,0,0,0,0,1,0
14_sensor_ablation,current_family_only,System_Failure,2,34,34,1,0,1,0,0,1,0
14_sensor_ablation,current_family_only,System_Failure,2,35,35,1,1,1,1,1,0,0
14_sensor_ablation,current_family_only,System_Failure,2,36,36,1,1,1,1,1,0,0
14_sensor_ablation,current_family_only,System_Failure,2,37,37,1,0,0,0,0,1,0
14_sensor_ablation,current_family_only,System_Failure,2,38,38,1,0,0,0,0,1,0
14_sensor_ablation,current_family_only,System_Failure,2,39,39,1,1,1,1,1,0,0
14_sensor_ablation,current_family_only,System_Failure,2,40,40,1,1,1,1,1,0,0
14_sensor_ablation,current_family_only,System_Failure,2,41,41,1,0,0,0,0,1,0
14_sensor_ablation,current_family_only,System_Failure,2,42,42,1,1,1,1,1,0,0
14_sensor_ablation,current_family_only,System_Failure,2,43,43,1,0,0,0,0,1,0
14_sensor_ablation,current_family_only,System_Failure,2,44,44,1,0,0,0,0,1,0
14_sensor_ablation,current_family_only,System_Failure,2,45,45,1,0,0,0,0,1,0
14_sensor_ablation,current_family_only,System_Failure,2,48,48,1,0,0,0,0,1,0
14_sensor_ablation,current_family_only,System_Failure,2,49,49,1,0,0,0,0,1,0
14_sensor_ablation,current_family_only,System_Failure,2,50,50,1,0,0,0,0,1,0
14_sensor_ablation,current_family_only,System_Failure,3,51,51,1,0,0,0,0,1,0
14_sensor_ablation,current_family_only,System_Failure,3,52,52,1,0,0,0,0,1,0
14_sensor_ablation,current_family_only,System_Failure,3,53,53,1,1,1,1,1,0,0
14_sensor_ablation,current_family_only,System_Failure,3,54,54,1,0,0,0,0,1,0
14_sensor_ablation,current_family_only,System_Failure,3,55,55,1,0,0,0,0,1,0
14_sensor_ablation,current_family_only,System_Failure,3,56,56,1,0,0,0,0,1,0
14_sensor_ablation,current_family_only,System_Failure,3,57,57,1,0,1,0,0,1,0
14_sensor_ablation,current_family_only,System_Failure,3,58,58,1,0,0,0,0,1,0
14_sensor_ablation,current_family_only,System_Failure,3,59,59,1,0,1,0,0,1,0
14_sensor_ablation,current_family_only,System_Failure,3,60,60,1,0,0,0,0,1,0
14_sensor_ablation,current_family_only,System_Failure,3,61,61,1,0,0,0,0,1,0
14_sensor_ablation,current_family_only,System_Failure,3,62,62,1,0,1,0,0,1,0
14_sensor_ablation,current_family_only,System_Failure,3,63,63,1,1,1,1,1,0,0
14_sensor_ablation,current_family_only,System_Failure,3,64,64,1,1,1,1,1,0,0
14_sensor_ablation,current_family_only,System_Failure,3,65,65,1,1,1,1,1,0,0
14_sensor_ablation,current_family_only,System_Failure,3,66,66,1,0,0,0,0,1,0
14_sensor_ablation,current_family_only,System_Failure,3,67,67,1,1,1,1,1,0,0
14_sensor_ablation,current_family_only,System_Failure,3,68,68,1,0,0,0,0,1,0
14_sensor_ablation,current_family_only,System_Failure,3,69,69,1,1,1,1,1,0,0
14_sensor_ablation,current_family_only,System_Failure,3,70,70,1,0,0,0,0,1,0
14_sensor_ablation,current_family_only,System_Failure,3,71,71,1,0,1,0,0,1,0
14_sensor_ablation,current_family_only,System_Failure,3,72,72,1,0,0,0,0,1,0
14_sensor_ablation,current_family_only,System_Failure,3,73,73,1,0,0,0,0,1,0
14_sensor_ablation,current_family_only,System_Failure,3,75,74,1,0,0,0,0,1,0
14_sensor_ablation,current_family_only,System_Failure,4,76,75,1,1,1,1,1,0,0
14_sensor_ablation,current_family_only,System_Failure,4,85,84,1,0,1,0,0,1,0
14_sensor_ablation,current_family_only,System_Failure,4,86,85,1,1,1,1,1,0,0
14_sensor_ablation,current_family_only,System_Failure,4,87,86,1,1,1,1,1,0,0
14_sensor_ablation,current_family_only,System_Failure,4,88,87,1,0,0,0,0,1,0
14_sensor_ablation,current_family_only,System_Failure,4,89,88,1,0,0,0,0,1,0
14_sensor_ablation,current_family_only,System_Failure,4,90,89,1,0,0,0,0,1,0
14_sensor_ablation,current_family_only,System_Failure,4,91,90,1,1,1,1,1,0,0
14_sensor_ablation,current_family_only,System_Failure,4,92,91,1,1,1,1,1,0,0
14_sensor_ablation,current_family_only,System_Failure,4,93,92,1,0,0,0,0,1,0
14_sensor_ablation,current_family_only,System_Failure,4,94,93,1,0,0,0,0,1,0
14_sensor_ablation,current_family_only,System_Failure,4,95,94,1,1,1,1,1,0,0
14_sensor_ablation,current_family_only,System_Failure,4,96,95,1,1,1,1,1,0,0
14_sensor_ablation,current_family_only,System_Failure,4,97,96,1,1,1,1,1,0,0
14_sensor_ablation,current_family_only,System_Failure,4,98,97,1,0,0,0,0,1,0
14_sensor_ablation,current_family_only,System_Failure,4,99,98,1,1,1,1,1,0,0
14_sensor_ablation,current_family_only,System_Failure,4,100,99,1,0,0,0,0,1,0
14_sensor_ablation,current_family_only,System_Failure,5,101,100,1,0,0,0,0,1,0
14_sensor_ablation,current_family_only,System_Failure,5,102,101,1,0,0,0,0,1,0
14_sensor_ablation,current_family_only,System_Failure,5,103,102,1,1,1,1,1,0,0
14_sensor_ablation,current_family_only,System_Failure,5,104,103,1,0,0,0,0,1,0
14_sensor_ablation,current_family_only,System_Failure,5,105,104,1,1,1,1,1,0,0
14_sensor_ablation,current_family_only,System_Failure,5,106,105,1,0,0,0,0,1,0
14_sensor_ablation,current_family_only,System_Failure,5,107,106,1,0,0,0,0,1,0
14_sensor_ablation,current_family_only,System_Failure,5,108,107,1,1,1,1,1,0,0
14_sensor_ablation,current_family_only,System_Failure,5,109,108,1,0,0,0,0,1,0
14_sensor_ablation,current_family_only,System_Failure,5,110,109,1,0,0,0,0,1,0
14_sensor_ablation,current_family_only,System_Failure,5,111,110,1,0,1,0,0,1,0
14_sensor_ablation,current_family_only,System_Failure,5,112,111,1,0,0,0,0,1,0
14_sensor_ablation,current_family_only,System_Failure,5,113,112,1,0,0,0,0,1,0
14_sensor_ablation,current_family_only,System_Failure,5,114,113,1,0,0,0,0,1,0
14_sensor_ablation,current_family_only,System_Failure,5,115,114,1,1,1,1,1,0,0
14_sensor_ablation,current_family_only,System_Failure,5,116,115,1,0,0,0,0,1,0
14_sensor_ablation,current_family_only,System_Failure,5,117,116,1,1,1,1,1,0,0
14_sensor_ablation,current_family_only,System_Failure,5,118,117,1,1,1,1,1,0,0
14_sensor_ablation,current_family_only,System_Failure,5,119,118,1,0,0,0,0,1,0
14_sensor_ablation,current_family_only,System_Failure,5,120,119,1,0,1,0,0,1,0
14_sensor_ablation,current_family_only,System_Failure,5,121,120,1,0,0,0,0,1,0
14_sensor_ablation,current_family_only,System_Failure,5,122,121,1,0,0,0,0,1,0
14_sensor_ablation,current_family_only,System_Failure,5,123,122,1,0,0,0,0,1,0
14_sensor_ablation,current_family_only,System_Failure,5,124,123,1,0,0,0,0,1,0
14_sensor_ablation,current_family_only,System_Failure,5,125,124,1,0,0,0,0,1,0
14_sensor_ablation,current_family_only,System_Failure,7,151,129,1,0,0,0,0,1,0
14_sensor_ablation,current_family_only,System_Failure,7,152,130,1,1,1,1,1,0,0
14_sensor_ablation,current_family_only,System_Failure,7,153,131,1,0,0,0,0,1,0
14_sensor_ablation,current_family_only,System_Failure,7,154,132,1,0,0,0,0,1,0
14_sensor_ablation,current_family_only,System_Failure,7,155,133,1,0,0,0,0,1,0
14_sensor_ablation,current_family_only,System_Failure,7,156,134,1,0,0,0,0,1,0
14_sensor_ablation,current_family_only,System_Failure,7,157,135,1,0,1,0,0,1,0
14_sensor_ablation,current_family_only,System_Failure,7,159,137,1,1,1,1,1,0,0
14_sensor_ablation,current_family_only,System_Failure,7,160,138,1,1,1,1,1,0,0
14_sensor_ablation,current_family_only,System_Failure,7,161,139,1,0,0,0,0,1,0
14_sensor_ablation,current_family_only,System_Failure,7,162,140,1,0,0,0,0,1,0
14_sensor_ablation,current_family_only,System_Failure,7,163,141,1,1,1,1,1,0,0
14_sensor_ablation,current_family_only,System_Failure,7,164,142,1,1,1,1,1,0,0
14_sensor_ablation,current_family_only,System_Failure,7,165,143,1,0,0,0,0,1,0
14_sensor_ablation,current_family_only,System_Failure,7,166,144,1,0,0,0,0,1,0
14_sensor_ablation,current_family_only,System_Failure,7,167,145,1,0,0,0,0,1,0
14_sensor_ablation,current_family_only,System_Failure,7,168,146,1,0,0,0,0,1,0
14_sensor_ablation,current_family_only,System_Failure,7,169,147,1,0,0,0,0,1,0
14_sensor_ablation,current_family_only,System_Failure,7,170,148,1,1,1,1,1,0,0
14_sensor_ablation,current_family_only,System_Failure,7,171,149,1,0,0,0,0,1,0
14_sensor_ablation,current_family_only,System_Failure,7,172,150,1,0,0,0,0,1,0
14_sensor_ablation,current_family_only,System_Failure,7,173,151,1,1,1,1,1,0,0
14_sensor_ablation,current_family_only,System_Failure,7,174,152,1,1,1,1,1,0,0
14_sensor_ablation,current_family_only,System_Failure,7,175,153,1,1,1,1,1,0,0
14_sensor_ablation,current_family_only,System_Failure,8,176,154,1,0,0,0,0,1,0
14_sensor_ablation,current_family_only,System_Failure,8,177,155,1,0,0,0,0,1,0
14_sensor_ablation,current_family_only,System_Failure,8,178,156,1,0,0,0,0,1,0
14_sensor_ablation,current_family_only,System_Failure,8,179,157,1,0,0,0,0,1,0
14_sensor_ablation,current_family_only,System_Failure,8,180,158,1,1,1,1,1,0,0
14_sensor_ablation,current_family_only,System_Failure,8,181,159,1,0,0,0,0,1,0
14_sensor_ablation,current_family_only,System_Failure,8,182,160,1,1,1,1,1,0,0
14_sensor_ablation,current_family_only,System_Failure,8,183,161,1,1,1,1,1,0,0
14_sensor_ablation,current_family_only,System_Failure,8,184,162,1,0,0,0,0,1,0
14_sensor_ablation,current_family_only,System_Failure,8,185,163,1,1,1,1,1,0,0
14_sensor_ablation,current_family_only,System_Failure,8,199,176,1,0,0,0,0,1,0
14_sensor_ablation,current_family_only,System_Failure,8,200,177,1,1,1,1,1,0,0
14_sensor_ablation,current_family_only,System_Failure,9,201,178,1,1,1,1,1,0,0
14_sensor_ablation,current_family_only,System_Failure,9,202,179,1,1,1,1,1,0,0
14_sensor_ablation,current_family_only,System_Failure,9,203,180,1,0,0,0,0,1,0
14_sensor_ablation,current_family_only,System_Failure,9,204,181,1,1,1,1,1,0,0
14_sensor_ablation,current_family_only,System_Failure,9,205,182,1,0,0,0,0,1,0
14_sensor_ablation,current_family_only,System_Failure,9,206,183,1,1,1,1,1,0,0
14_sensor_ablation,current_family_only,System_Failure,9,207,184,1,0,0,0,0,1,0
14_sensor_ablation,current_family_only,System_Failure,9,208,185,1,1,1,1,1,0,0
14_sensor_ablation,current_family_only,System_Failure,9,209,186,1,0,0,0,0,1,0
14_sensor_ablation,current_family_only,System_Failure,9,210,187,1,1,1,1,1,0,0
14_sensor_ablation,current_family_only,System_Failure,9,211,188,1,0,0,0,0,1,0
14_sensor_ablation,current_family_only,System_Failure,9,212,189,1,1,1,1,1,0,0
14_sensor_ablation,current_family_only,System_Failure,9,213,190,1,0,0,0,0,1,0
14_sensor_ablation,current_family_only,System_Failure,9,214,191,1,1,1,1,1,0,0
14_sensor_ablation,current_family_only,System_Failure,9,215,192,1,1,1,0,1,0,0
14_sensor_ablation,current_family_only,System_Failure,9,216,193,1,1,1,1,1,0,0
14_sensor_ablation,current_family_only,System_Failure,9,217,194,1,1,1,1,1,0,0
14_sensor_ablation,current_family_only,System_Failure,9,218,195,1,1,1,1,1,0,0
14_sensor_ablation,current_family_only,System_Failure,9,219,196,1,1,1,1,1,0,0
14_sensor_ablation,current_family_only,System_Failure,9,220,197,1,1,1,1,1,0,0
14_sensor_ablation,current_family_only,System_Failure,9,221,198,1,1,1,1,1,0,0
14_sensor_ablation,current_family_only,System_Failure,9,222,199,1,1,1,1,1,0,0
14_sensor_ablation,current_family_only,System_Failure,9,223,200,1,1,1,1,1,0,0
14_sensor_ablation,current_family_only,System_Failure,9,224,201,1,1,1,1,1,0,0
14_sensor_ablation,current_family_only,System_Failure,9,225,202,1,1,1,1,1,0,0
14_sensor_ablation,current_family_only,System_Failure,9,224,210,2,1,1,1,1,0,0
14_sensor_ablation,current_family_only,System_Failure,10,226,203,1,1,1,1,1,0,0
14_sensor_ablation,current_family_only,System_Failure,10,227,204,1,1,1,1,1,0,0
14_sensor_ablation,current_family_only,System_Failure,10,229,205,1,1,1,1,1,0,0
14_sensor_ablation,current_family_only,System_Failure,10,230,206,1,1,1,1,1,0,0
14_sensor_ablation,current_family_only,System_Failure,10,231,207,1,1,1,1,1,0,0
14_sensor_ablation,current_family_only,System_Failure,10,232,208,1,0,0,0,0,1,0
14_sensor_ablation,current_family_only,System_Failure,10,233,209,1,1,1,1,1,0,0
14_sensor_ablation,current_family_only,System_Failure,10,230,216,2,1,1,1,1,0,0
14_sensor_ablation,current_family_only,System_Failure,10,231,217,2,1,1,1,1,0,0
14_sensor_ablation,current_family_only,System_Failure,10,232,218,2,1,1,1,1,0,0
14_sensor_ablation,current_family_only,System_Failure,10,233,219,2,1,1,1,1,0,0
14_sensor_ablation,current_family_only,System_Failure,10,234,220,1,1,1,1,1,0,0
14_sensor_ablation,current_family_only,System_Failure,10,235,221,1,1,1,1,1,0,0
14_sensor_ablation,current_family_only,System_Failure,10,236,222,1,0,0,0,0,1,0
14_sensor_ablation,current_family_only,System_Failure,10,237,223,1,1,1,1,1,0,0
14_sensor_ablation,current_family_only,System_Failure,10,238,224,1,0,1,0,0,1,0
14_sensor_ablation,current_family_only,System_Failure,10,239,225,1,1,1,1,1,0,0
14_sensor_ablation,current_family_only,System_Failure,10,240,226,1,1,1,1,1,0,0
14_sensor_ablation,current_family_only,System_Failure,10,241,227,1,0,0,0,0,1,0
14_sensor_ablation,current_family_only,System_Failure,10,242,228,1,1,1,1,1,0,0
14_sensor_ablation,current_family_only,System_Failure,10,243,229,1,0,0,0,0,1,0
14_sensor_ablation,current_family_only,System_Failure,10,245,230,1,0,0,0,0,1,0
14_sensor_ablation,current_family_only,System_Failure,10,246,231,1,1,1,1,1,0,0
14_sensor_ablation,current_family_only,System_Failure,10,247,232,1,1,1,1,1,0,0
14_sensor_ablation,current_family_only,System_Failure,10,248,233,1,0,0,0,0,1,0
14_sensor_ablation,current_family_only,System_Failure,10,249,234,1,1,1,1,1,0,0
14_sensor_ablation,current_family_only,System_Failure,10,250,235,1,1,1,1,1,0,0
14_sensor_ablation,current_family_only,ProtectiveStop,1,1,1,1,1,1,1,1,0,0
14_sensor_ablation,current_family_only,ProtectiveStop,1,2,2,1,0,0,0,1,0,1
14_sensor_ablation,current_family_only,ProtectiveStop,1,3,3,1,0,0,0,0,1,0
14_sensor_ablation,current_family_only,ProtectiveStop,1,4,4,1,0,0,0,0,1,0
14_sensor_ablation,current_family_only,ProtectiveStop,1,5,5,1,0,0,0,1,0,1
14_sensor_ablation,current_family_only,ProtectiveStop,1,6,6,1,0,1,0,1,0,1
14_sensor_ablation,current_family_only,ProtectiveStop,1,8,8,1,0,0,0,0,1,0
14_sensor_ablation,current_family_only,ProtectiveStop,1,9,9,1,0,0,0,0,1,0
14_sensor_ablation,current_family_only,ProtectiveStop,1,10,10,1,0,0,0,0,1,0
14_sensor_ablation,current_family_only,ProtectiveStop,1,11,11,1,0,0,0,0,1,0
14_sensor_ablation,current_family_only,ProtectiveStop,1,12,12,1,0,0,0,0,1,0
14_sensor_ablation,current_family_only,ProtectiveStop,1,13,13,1,0,0,0,0,1,0
14_sensor_ablation,current_family_only,ProtectiveStop,1,14,14,1,0,0,0,1,0,1
14_sensor_ablation,current_family_only,ProtectiveStop,1,15,15,1,0,0,0,1,0,1
14_sensor_ablation,current_family_only,ProtectiveStop,1,16,16,1,0,0,0,0,1,0
14_sensor_ablation,current_family_only,ProtectiveStop,1,17,17,1,0,0,0,0,1,0
14_sensor_ablation,current_family_only,ProtectiveStop,1,18,18,1,0,0,0,0,1,0
14_sensor_ablation,current_family_only,ProtectiveStop,1,19,19,1,0,0,0,0,1,0
14_sensor_ablation,current_family_only,ProtectiveStop,1,20,20,1,0,0,0,0,1,0
14_sensor_ablation,current_family_only,ProtectiveStop,1,21,21,1,0,0,0,0,1,0
14_sensor_ablation,current_family_only,ProtectiveStop,1,22,22,1,1,1,1,1,0,0
14_sensor_ablation,current_family_only,ProtectiveStop,1,23,23,1,0,0,0,0,1,0
14_sensor_ablation,current_family_only,ProtectiveStop,1,24,24,1,0,0,0,0,1,0
14_sensor_ablation,current_family_only,ProtectiveStop,1,25,25,1,0,0,0,0,1,0
14_sensor_ablation,current_family_only,ProtectiveStop,2,26,26,1,0,0,0,0,1,0
14_sensor_ablation,current_family_only,ProtectiveStop,2,27,27,1,0,0,0,0,1,0
14_sensor_ablation,current_family_only,ProtectiveStop,2,28,28,1,0,0,0,0,1,0
14_sensor_ablation,current_family_only,ProtectiveStop,2,29,29,1,0,0,0,0,1,0
14_sensor_ablation,current_family_only,ProtectiveStop,2,30,30,1,0,0,0,0,1,0
14_sensor_ablation,current_family_only,ProtectiveStop,2,31,31,1,0,1,0,0,1,0
14_sensor_ablation,current_family_only,ProtectiveStop,2,32,32,1,0,0,0,0,1,0
14_sensor_ablation,current_family_only,ProtectiveStop,2,33,33,1,0,0,0,0,1,0
14_sensor_ablation,current_family_only,ProtectiveStop,2,34,34,1,0,1,0,0,1,0
14_sensor_ablation,current_family_only,ProtectiveStop,2,35,35,1,1,1,1,1,0,0
14_sensor_ablation,current_family_only,ProtectiveStop,2,36,36,1,0,1,0,1,0,1
14_sensor_ablation,current_family_only,ProtectiveStop,2,37,37,1,0,0,0,0,1,0
14_sensor_ablation,current_family_only,ProtectiveStop,2,38,38,1,0,0,0,0,1,0
14_sensor_ablation,current_family_only,ProtectiveStop,2,39,39,1,0,0,0,1,0,1
14_sensor_ablation,current_family_only,ProtectiveStop,2,40,40,1,0,0,0,1,0,1
14_sensor_ablation,current_family_only,ProtectiveStop,2,41,41,1,0,0,0,0,1,0
14_sensor_ablation,current_family_only,ProtectiveStop,2,42,42,1,1,1,1,1,0,0
14_sensor_ablation,current_family_only,ProtectiveStop,2,43,43,1,0,0,0,0,1,0
14_sensor_ablation,current_family_only,ProtectiveStop,2,44,44,1,0,0,0,0,1,0
14_sensor_ablation,current_family_only,ProtectiveStop,2,45,45,1,0,0,0,0,1,0
14_sensor_ablation,current_family_only,ProtectiveStop,2,48,48,1,0,0,0,0,1,0
14_sensor_ablation,current_family_only,ProtectiveStop,2,49,49,1,0,0,0,0,1,0
14_sensor_ablation,current_family_only,ProtectiveStop,2,50,50,1,0,0,0,0,1,0
14_sensor_ablation,current_family_only,ProtectiveStop,3,51,51,1,0,0,0,0,1,0
14_sensor_ablation,current_family_only,ProtectiveStop,3,52,52,1,0,0,0,0,1,0
14_sensor_ablation,current_family_only,ProtectiveStop,3,53,53,1,1,1,1,1,0,0
14_sensor_ablation,current_family_only,ProtectiveStop,3,54,54,1,0,0,0,0,1,0
14_sensor_ablation,current_family_only,ProtectiveStop,3,55,55,1,0,0,0,0,1,0
14_sensor_ablation,current_family_only,ProtectiveStop,3,56,56,1,0,0,0,0,1,0
14_sensor_ablation,current_family_only,ProtectiveStop,3,57,57,1,0,0,0,0,1,0
14_sensor_ablation,current_family_only,ProtectiveStop,3,58,58,1,0,0,0,0,1,0
14_sensor_ablation,current_family_only,ProtectiveStop,3,59,59,1,0,0,0,0,1,0
14_sensor_ablation,current_family_only,ProtectiveStop,3,60,60,1,0,0,0,0,1,0
14_sensor_ablation,current_family_only,ProtectiveStop,3,61,61,1,0,0,0,0,1,0
14_sensor_ablation,current_family_only,ProtectiveStop,3,62,62,1,0,1,0,0,1,0
14_sensor_ablation,current_family_only,ProtectiveStop,3,63,63,1,1,1,1,1,0,0
14_sensor_ablation,current_family_only,ProtectiveStop,3,64,64,1,0,0,0,1,0,1
14_sensor_ablation,current_family_only,ProtectiveStop,3,65,65,1,0,0,0,1,0,1
14_sensor_ablation,current_family_only,ProtectiveStop,3,66,66,1,0,0,0,0,1,0
14_sensor_ablation,current_family_only,ProtectiveStop,3,67,67,1,0,0,0,1,0,1
14_sensor_ablation,current_family_only,ProtectiveStop,3,68,68,1,0,0,0,0,1,0
14_sensor_ablation,current_family_only,ProtectiveStop,3,69,69,1,1,0,0,1,0,0
14_sensor_ablation,current_family_only,ProtectiveStop,3,70,70,1,0,1,0,0,1,0
14_sensor_ablation,current_family_only,ProtectiveStop,3,71,71,1,0,1,0,0,1,0
14_sensor_ablation,current_family_only,ProtectiveStop,3,72,72,1,0,0,0,0,1,0
14_sensor_ablation,current_family_only,ProtectiveStop,3,73,73,1,0,0,0,0,1,0
14_sensor_ablation,current_family_only,ProtectiveStop,3,75,74,1,0,0,0,0,1,0
14_sensor_ablation,current_family_only,ProtectiveStop,4,76,75,1,0,0,0,1,0,1
14_sensor_ablation,current_family_only,ProtectiveStop,4,85,84,1,0,1,0,0,1,0
14_sensor_ablation,current_family_only,ProtectiveStop,4,86,85,1,1,1,1,1,0,0
14_sensor_ablation,current_family_only,ProtectiveStop,4,87,86,1,1,1,1,1,0,0
14_sensor_ablation,current_family_only,ProtectiveStop,4,88,87,1,0,0,0,0,1,0
14_sensor_ablation,current_family_only,ProtectiveStop,4,89,88,1,0,0,0,0,1,0
14_sensor_ablation,current_family_only,ProtectiveStop,4,90,89,1,0,0,0,0,1,0
14_sensor_ablation,current_family_only,ProtectiveStop,4,91,90,1,0,0,0,1,0,1
14_sensor_ablation,current_family_only,ProtectiveStop,4,92,91,1,0,0,0,1,0,1
14_sensor_ablation,current_family_only,ProtectiveStop,4,93,92,1,0,0,0,0,1,0
14_sensor_ablation,current_family_only,ProtectiveStop,4,94,93,1,0,0,0,0,1,0
14_sensor_ablation,current_family_only,ProtectiveStop,4,95,94,1,0,0,0,1,0,1
14_sensor_ablation,current_family_only,ProtectiveStop,4,96,95,1,0,0,0,1,0,1
14_sensor_ablation,current_family_only,ProtectiveStop,4,97,96,1,0,0,0,1,0,1
14_sensor_ablation,current_family_only,ProtectiveStop,4,98,97,1,0,0,0,0,1,0
14_sensor_ablation,current_family_only,ProtectiveStop,4,99,98,1,1,1,1,1,0,0
14_sensor_ablation,current_family_only,ProtectiveStop,4,100,99,1,0,0,0,0,1,0
14_sensor_ablation,current_family_only,ProtectiveStop,5,101,100,1,0,0,0,0,1,0
14_sensor_ablation,current_family_only,ProtectiveStop,5,102,101,1,0,0,0,0,1,0
14_sensor_ablation,current_family_only,ProtectiveStop,5,103,102,1,1,1,1,1,0,0
14_sensor_ablation,current_family_only,ProtectiveStop,5,104,103,1,0,0,0,0,1,0
14_sensor_ablation,current_family_only,ProtectiveStop,5,105,104,1,0,0,0,1,0,1
14_sensor_ablation,current_family_only,ProtectiveStop,5,106,105,1,0,0,0,0,1,0
14_sensor_ablation,current_family_only,ProtectiveStop,5,107,106,1,0,0,0,0,1,0
14_sensor_ablation,current_family_only,ProtectiveStop,5,108,107,1,1,1,1,1,0,0
14_sensor_ablation,current_family_only,ProtectiveStop,5,109,108,1,0,0,0,0,1,0
14_sensor_ablation,current_family_only,ProtectiveStop,5,110,109,1,0,0,0,0,1,0
14_sensor_ablation,current_family_only,ProtectiveStop,5,111,110,1,0,0,0,0,1,0
14_sensor_ablation,current_family_only,ProtectiveStop,5,112,111,1,0,0,0,0,1,0
14_sensor_ablation,current_family_only,ProtectiveStop,5,113,112,1,0,0,0,0,1,0
14_sensor_ablation,current_family_only,ProtectiveStop,5,114,113,1,0,0,0,0,1,0
14_sensor_ablation,current_family_only,ProtectiveStop,5,115,114,1,1,1,1,1,0,0
14_sensor_ablation,current_family_only,ProtectiveStop,5,116,115,1,0,0,0,0,1,0
14_sensor_ablation,current_family_only,ProtectiveStop,5,117,116,1,1,1,1,1,0,0
14_sensor_ablation,current_family_only,ProtectiveStop,5,118,117,1,1,1,1,1,0,0
14_sensor_ablation,current_family_only,ProtectiveStop,5,119,118,1,0,0,0,0,1,0
14_sensor_ablation,current_family_only,ProtectiveStop,5,120,119,1,0,1,0,0,1,0
14_sensor_ablation,current_family_only,ProtectiveStop,5,121,120,1,0,0,0,0,1,0
14_sensor_ablation,current_family_only,ProtectiveStop,5,122,121,1,0,0,0,0,1,0
14_sensor_ablation,current_family_only,ProtectiveStop,5,123,122,1,0,0,0,0,1,0
14_sensor_ablation,current_family_only,ProtectiveStop,5,124,123,1,0,0,0,0,1,0
14_sensor_ablation,current_family_only,ProtectiveStop,5,125,124,1,0,0,0,0,1,0
14_sensor_ablation,current_family_only,ProtectiveStop,7,151,129,1,0,0,0,0,1,0
14_sensor_ablation,current_family_only,ProtectiveStop,7,152,130,1,1,1,1,1,0,0
14_sensor_ablation,current_family_only,ProtectiveStop,7,153,131,1,0,0,0,0,1,0
14_sensor_ablation,current_family_only,ProtectiveStop,7,154,132,1,0,0,0,0,1,0
14_sensor_ablation,current_family_only,ProtectiveStop,7,155,133,1,0,0,0,0,1,0
14_sensor_ablation,current_family_only,ProtectiveStop,7,156,134,1,0,0,0,0,1,0
14_sensor_ablation,current_family_only,ProtectiveStop,7,157,135,1,0,0,0,0,1,0
14_sensor_ablation,current_family_only,ProtectiveStop,7,159,137,1,1,1,1,1,0,0
14_sensor_ablation,current_family_only,ProtectiveStop,7,160,138,1,0,0,0,1,0,1
14_sensor_ablation,current_family_only,ProtectiveStop,7,161,139,1,0,0,0,0,1,0
14_sensor_ablation,current_family_only,ProtectiveStop,7,162,140,1,0,0,0,0,1,0
14_sensor_ablation,current_family_only,ProtectiveStop,7,163,141,1,1,1,1,1,0,0
14_sensor_ablation,current_family_only,ProtectiveStop,7,164,142,1,1,1,1,1,0,0
14_sensor_ablation,current_family_only,ProtectiveStop,7,165,143,1,0,0,0,0,1,0
14_sensor_ablation,current_family_only,ProtectiveStop,7,166,144,1,0,0,0,0,1,0
14_sensor_ablation,current_family_only,ProtectiveStop,7,167,145,1,0,0,0,0,1,0
14_sensor_ablation,current_family_only,ProtectiveStop,7,168,146,1,0,0,0,0,1,0
14_sensor_ablation,current_family_only,ProtectiveStop,7,169,147,1,0,0,0,0,1,0
14_sensor_ablation,current_family_only,ProtectiveStop,7,170,148,1,1,1,1,1,0,0
14_sensor_ablation,current_family_only,ProtectiveStop,7,171,149,1,0,0,0,0,1,0
14_sensor_ablation,current_family_only,ProtectiveStop,7,172,150,1,0,0,0,0,1,0
14_sensor_ablation,current_family_only,ProtectiveStop,7,173,151,1,1,1,1,1,0,0
14_sensor_ablation,current_family_only,ProtectiveStop,7,174,152,1,1,1,1,1,0,0
14_sensor_ablation,current_family_only,ProtectiveStop,7,175,153,1,1,1,1,1,0,0
14_sensor_ablation,current_family_only,ProtectiveStop,8,176,154,1,0,0,0,0,1,0
14_sensor_ablation,current_family_only,ProtectiveStop,8,177,155,1,0,0,0,0,1,0
14_sensor_ablation,current_family_only,ProtectiveStop,8,178,156,1,0,0,0,0,1,0
14_sensor_ablation,current_family_only,ProtectiveStop,8,179,157,1,0,0,0,0,1,0
14_sensor_ablation,current_family_only,ProtectiveStop,8,180,158,1,0,0,0,1,0,1
14_sensor_ablation,current_family_only,ProtectiveStop,8,181,159,1,0,0,0,0,1,0
14_sensor_ablation,current_family_only,ProtectiveStop,8,182,160,1,1,1,1,1,0,0
14_sensor_ablation,current_family_only,ProtectiveStop,8,183,161,1,1,1,1,1,0,0
14_sensor_ablation,current_family_only,ProtectiveStop,8,184,162,1,0,0,0,0,1,0
14_sensor_ablation,current_family_only,ProtectiveStop,8,185,163,1,1,1,1,1,0,0
14_sensor_ablation,current_family_only,ProtectiveStop,8,199,176,1,0,0,0,0,1,0
14_sensor_ablation,current_family_only,ProtectiveStop,8,200,177,1,0,0,0,1,0,1
14_sensor_ablation,current_family_only,ProtectiveStop,9,201,178,1,1,1,1,1,0,0
14_sensor_ablation,current_family_only,ProtectiveStop,9,202,179,1,0,0,0,1,0,1
14_sensor_ablation,current_family_only,ProtectiveStop,9,203,180,1,0,0,0,0,1,0
14_sensor_ablation,current_family_only,ProtectiveStop,9,204,181,1,1,1,1,1,0,0
14_sensor_ablation,current_family_only,ProtectiveStop,9,205,182,1,0,0,0,0,1,0
14_sensor_ablation,current_family_only,ProtectiveStop,9,206,183,1,1,1,1,1,0,0
14_sensor_ablation,current_family_only,ProtectiveStop,9,207,184,1,0,0,0,0,1,0
14_sensor_ablation,current_family_only,ProtectiveStop,9,208,185,1,0,0,0,1,0,1
14_sensor_ablation,current_family_only,ProtectiveStop,9,209,186,1,0,0,0,0,1,0
14_sensor_ablation,current_family_only,ProtectiveStop,9,210,187,1,1,1,1,1,0,0
14_sensor_ablation,current_family_only,ProtectiveStop,9,211,188,1,0,0,0,0,1,0
14_sensor_ablation,current_family_only,ProtectiveStop,9,212,189,1,1,1,1,1,0,0
14_sensor_ablation,current_family_only,ProtectiveStop,9,213,190,1,0,0,0,0,1,0
14_sensor_ablation,current_family_only,ProtectiveStop,9,214,191,1,1,1,1,1,0,0
14_sensor_ablation,current_family_only,ProtectiveStop,9,215,192,1,1,0,0,1,0,0
14_sensor_ablation,current_family_only,ProtectiveStop,9,216,193,1,0,0,0,1,0,1
14_sensor_ablation,current_family_only,ProtectiveStop,9,217,194,1,1,1,1,1,0,0
14_sensor_ablation,current_family_only,ProtectiveStop,9,218,195,1,1,1,1,1,0,0
14_sensor_ablation,current_family_only,ProtectiveStop,9,219,196,1,1,1,1,1,0,0
14_sensor_ablation,current_family_only,ProtectiveStop,9,220,197,1,1,1,1,1,0,0
14_sensor_ablation,current_family_only,ProtectiveStop,9,221,198,1,1,0,0,1,0,0
14_sensor_ablation,current_family_only,ProtectiveStop,9,222,199,1,1,1,1,1,0,0
14_sensor_ablation,current_family_only,ProtectiveStop,9,223,200,1,1,1,1,1,0,0
14_sensor_ablation,current_family_only,ProtectiveStop,9,224,201,1,1,1,1,1,0,0
14_sensor_ablation,current_family_only,ProtectiveStop,9,225,202,1,1,1,1,1,0,0
14_sensor_ablation,current_family_only,ProtectiveStop,9,224,210,2,1,1,1,1,0,0
14_sensor_ablation,current_family_only,ProtectiveStop,10,226,203,1,1,1,1,1,0,0
14_sensor_ablation,current_family_only,ProtectiveStop,10,227,204,1,1,1,1,1,0,0
14_sensor_ablation,current_family_only,ProtectiveStop,10,229,205,1,1,1,1,1,0,0
14_sensor_ablation,current_family_only,ProtectiveStop,10,230,206,1,1,1,1,1,0,0
14_sensor_ablation,current_family_only,ProtectiveStop,10,231,207,1,1,1,1,1,0,0
14_sensor_ablation,current_family_only,ProtectiveStop,10,232,208,1,0,0,0,0,1,0
14_sensor_ablation,current_family_only,ProtectiveStop,10,233,209,1,1,1,1,1,0,0
14_sensor_ablation,current_family_only,ProtectiveStop,10,230,216,2,1,1,1,1,0,0
14_sensor_ablation,current_family_only,ProtectiveStop,10,231,217,2,1,1,1,1,0,0
14_sensor_ablation,current_family_only,ProtectiveStop,10,232,218,2,1,1,1,1,0,0
14_sensor_ablation,current_family_only,ProtectiveStop,10,233,219,2,0,0,0,1,0,1
14_sensor_ablation,current_family_only,ProtectiveStop,10,234,220,1,1,1,1,1,0,0
14_sensor_ablation,current_family_only,ProtectiveStop,10,235,221,1,1,1,1,1,0,0
14_sensor_ablation,current_family_only,ProtectiveStop,10,236,222,1,0,0,0,0,1,0
14_sensor_ablation,current_family_only,ProtectiveStop,10,237,223,1,1,1,1,1,0,0
14_sensor_ablation,current_family_only,ProtectiveStop,10,238,224,1,0,1,0,0,1,0
14_sensor_ablation,current_family_only,ProtectiveStop,10,239,225,1,1,1,1,1,0,0
14_sensor_ablation,current_family_only,ProtectiveStop,10,240,226,1,1,1,1,1,0,0
14_sensor_ablation,current_family_only,ProtectiveStop,10,241,227,1,0,0,0,0,1,0
14_sensor_ablation,current_family_only,ProtectiveStop,10,242,228,1,1,0,0,1,0,0
14_sensor_ablation,current_family_only,ProtectiveStop,10,243,229,1,0,0,0,0,1,0
14_sensor_ablation,current_family_only,ProtectiveStop,10,245,230,1,0,0,0,0,1,0
14_sensor_ablation,current_family_only,ProtectiveStop,10,246,231,1,1,1,1,1,0,0
14_sensor_ablation,current_family_only,ProtectiveStop,10,247,232,1,1,1,1,1,0,0
14_sensor_ablation,current_family_only,ProtectiveStop,10,248,233,1,0,0,0,0,1,0
14_sensor_ablation,current_family_only,ProtectiveStop,10,249,234,1,1,1,1,1,0,0
14_sensor_ablation,current_family_only,ProtectiveStop,10,250,235,1,1,1,1,1,0,0
14_sensor_ablation,current_family_only,GripLost,1,1,1,1,0,0,0,1,0,1
14_sensor_ablation,current_family_only,GripLost,1,2,2,1,1,1,1,1,0,0
14_sensor_ablation,current_family_only,GripLost,1,3,3,1,0,0,0,0,1,0
14_sensor_ablation,current_family_only,GripLost,1,4,4,1,0,0,0,0,1,0
14_sensor_ablation,current_family_only,GripLost,1,5,5,1,1,1,1,1,0,0
14_sensor_ablation,current_family_only,GripLost,1,6,6,1,1,1,1,1,0,0
14_sensor_ablation,current_family_only,GripLost,1,8,8,1,0,0,0,0,1,0
14_sensor_ablation,current_family_only,GripLost,1,9,9,1,0,0,0,0,1,0
14_sensor_ablation,current_family_only,GripLost,1,10,10,1,0,0,0,0,1,0
14_sensor_ablation,current_family_only,GripLost,1,11,11,1,0,0,0,0,1,0
14_sensor_ablation,current_family_only,GripLost,1,12,12,1,0,0,0,0,1,0
14_sensor_ablation,current_family_only,GripLost,1,13,13,1,0,0,0,0,1,0
14_sensor_ablation,current_family_only,GripLost,1,14,14,1,1,1,1,1,0,0
14_sensor_ablation,current_family_only,GripLost,1,15,15,1,1,0,0,1,0,0
14_sensor_ablation,current_family_only,GripLost,1,16,16,1,0,0,0,0,1,0
14_sensor_ablation,current_family_only,GripLost,1,17,17,1,0,0,0,0,1,0
14_sensor_ablation,current_family_only,GripLost,1,18,18,1,0,0,0,0,1,0
14_sensor_ablation,current_family_only,GripLost,1,19,19,1,0,0,0,0,1,0
14_sensor_ablation,current_family_only,GripLost,1,20,20,1,0,0,0,0,1,0
14_sensor_ablation,current_family_only,GripLost,1,21,21,1,0,0,0,0,1,0
14_sensor_ablation,current_family_only,GripLost,1,22,22,1,0,0,0,1,0,1
14_sensor_ablation,current_family_only,GripLost,1,23,23,1,0,0,0,0,1,0
14_sensor_ablation,current_family_only,GripLost,1,24,24,1,0,0,0,0,1,0
14_sensor_ablation,current_family_only,GripLost,1,25,25,1,0,0,0,0,1,0
14_sensor_ablation,current_family_only,GripLost,2,26,26,1,0,0,0,0,1,0
14_sensor_ablation,current_family_only,GripLost,2,27,27,1,0,0,0,0,1,0
14_sensor_ablation,current_family_only,GripLost,2,28,28,1,0,0,0,0,1,0
14_sensor_ablation,current_family_only,GripLost,2,29,29,1,0,0,0,0,1,0
14_sensor_ablation,current_family_only,GripLost,2,30,30,1,0,0,0,0,1,0
14_sensor_ablation,current_family_only,GripLost,2,31,31,1,0,0,0,0,1,0
14_sensor_ablation,current_family_only,GripLost,2,32,32,1,0,0,0,0,1,0
14_sensor_ablation,current_family_only,GripLost,2,33,33,1,0,0,0,0,1,0
14_sensor_ablation,current_family_only,GripLost,2,34,34,1,0,0,0,0,1,0
14_sensor_ablation,current_family_only,GripLost,2,35,35,1,0,0,0,1,0,1
14_sensor_ablation,current_family_only,GripLost,2,36,36,1,1,1,1,1,0,0
14_sensor_ablation,current_family_only,GripLost,2,37,37,1,0,0,0,0,1,0
14_sensor_ablation,current_family_only,GripLost,2,38,38,1,0,0,0,0,1,0
14_sensor_ablation,current_family_only,GripLost,2,39,39,1,1,1,1,1,0,0
14_sensor_ablation,current_family_only,GripLost,2,40,40,1,1,1,1,1,0,0
14_sensor_ablation,current_family_only,GripLost,2,41,41,1,0,0,0,0,1,0
14_sensor_ablation,current_family_only,GripLost,2,42,42,1,0,0,0,1,0,1
14_sensor_ablation,current_family_only,GripLost,2,43,43,1,0,0,0,0,1,0
14_sensor_ablation,current_family_only,GripLost,2,44,44,1,0,0,0,0,1,0
14_sensor_ablation,current_family_only,GripLost,2,45,45,1,0,0,0,0,1,0
14_sensor_ablation,current_family_only,GripLost,2,48,48,1,0,0,0,0,1,0
14_sensor_ablation,current_family_only,GripLost,2,49,49,1,0,0,0,0,1,0
14_sensor_ablation,current_family_only,GripLost,2,50,50,1,0,0,0,0,1,0
14_sensor_ablation,current_family_only,GripLost,3,51,51,1,0,0,0,0,1,0
14_sensor_ablation,current_family_only,GripLost,3,52,52,1,0,0,0,0,1,0
14_sensor_ablation,current_family_only,GripLost,3,53,53,1,0,1,0,1,0,1
14_sensor_ablation,current_family_only,GripLost,3,54,54,1,0,0,0,0,1,0
14_sensor_ablation,current_family_only,GripLost,3,55,55,1,0,0,0,0,1,0
14_sensor_ablation,current_family_only,GripLost,3,56,56,1,0,1,0,0,1,0
14_sensor_ablation,current_family_only,GripLost,3,57,57,1,0,1,0,0,1,0
14_sensor_ablation,current_family_only,GripLost,3,58,58,1,0,0,0,0,1,0
14_sensor_ablation,current_family_only,GripLost,3,59,59,1,0,0,0,0,1,0
14_sensor_ablation,current_family_only,GripLost,3,60,60,1,0,0,0,0,1,0
14_sensor_ablation,current_family_only,GripLost,3,61,61,1,0,0,0,0,1,0
14_sensor_ablation,current_family_only,GripLost,3,62,62,1,0,0,0,0,1,0
14_sensor_ablation,current_family_only,GripLost,3,63,63,1,1,1,1,1,0,0
14_sensor_ablation,current_family_only,GripLost,3,64,64,1,1,1,1,1,0,0
14_sensor_ablation,current_family_only,GripLost,3,65,65,1,1,1,1,1,0,0
14_sensor_ablation,current_family_only,GripLost,3,66,66,1,0,0,0,0,1,0
14_sensor_ablation,current_family_only,GripLost,3,67,67,1,1,1,1,1,0,0
14_sensor_ablation,current_family_only,GripLost,3,68,68,1,0,0,0,0,1,0
14_sensor_ablation,current_family_only,GripLost,3,69,69,1,1,1,1,1,0,0
14_sensor_ablation,current_family_only,GripLost,3,70,70,1,0,1,0,0,1,0
14_sensor_ablation,current_family_only,GripLost,3,71,71,1,0,0,0,0,1,0
14_sensor_ablation,current_family_only,GripLost,3,72,72,1,0,0,0,0,1,0
14_sensor_ablation,current_family_only,GripLost,3,73,73,1,0,0,0,0,1,0
14_sensor_ablation,current_family_only,GripLost,3,75,74,1,0,0,0,0,1,0
14_sensor_ablation,current_family_only,GripLost,4,76,75,1,1,1,1,1,0,0
14_sensor_ablation,current_family_only,GripLost,4,85,84,1,0,0,0,0,1,0
14_sensor_ablation,current_family_only,GripLost,4,86,85,1,1,1,1,1,0,0
14_sensor_ablation,current_family_only,GripLost,4,87,86,1,0,0,0,1,0,1
14_sensor_ablation,current_family_only,GripLost,4,88,87,1,0,0,0,0,1,0
14_sensor_ablation,current_family_only,GripLost,4,89,88,1,0,0,0,0,1,0
14_sensor_ablation,current_family_only,GripLost,4,90,89,1,0,1,0,0,1,0
14_sensor_ablation,current_family_only,GripLost,4,91,90,1,1,1,1,1,0,0
14_sensor_ablation,current_family_only,GripLost,4,92,91,1,1,1,1,1,0,0
14_sensor_ablation,current_family_only,GripLost,4,93,92,1,0,0,0,0,1,0
14_sensor_ablation,current_family_only,GripLost,4,94,93,1,0,0,0,0,1,0
14_sensor_ablation,current_family_only,GripLost,4,95,94,1,1,1,1,1,0,0
14_sensor_ablation,current_family_only,GripLost,4,96,95,1,1,1,1,1,0,0
14_sensor_ablation,current_family_only,GripLost,4,97,96,1,1,1,1,1,0,0
14_sensor_ablation,current_family_only,GripLost,4,98,97,1,0,0,0,0,1,0
14_sensor_ablation,current_family_only,GripLost,4,99,98,1,0,0,0,1,0,1
14_sensor_ablation,current_family_only,GripLost,4,100,99,1,0,0,0,0,1,0
14_sensor_ablation,current_family_only,GripLost,5,101,100,1,0,0,0,0,1,0
14_sensor_ablation,current_family_only,GripLost,5,102,101,1,0,0,0,0,1,0
14_sensor_ablation,current_family_only,GripLost,5,103,102,1,0,0,0,1,0,1
14_sensor_ablation,current_family_only,GripLost,5,104,103,1,0,0,0,0,1,0
14_sensor_ablation,current_family_only,GripLost,5,105,104,1,1,1,1,1,0,0
14_sensor_ablation,current_family_only,GripLost,5,106,105,1,0,0,0,0,1,0
14_sensor_ablation,current_family_only,GripLost,5,107,106,1,0,0,0,0,1,0
14_sensor_ablation,current_family_only,GripLost,5,108,107,1,0,1,0,1,0,1
14_sensor_ablation,current_family_only,GripLost,5,109,108,1,0,1,0,0,1,0
14_sensor_ablation,current_family_only,GripLost,5,110,109,1,0,0,0,0,1,0
14_sensor_ablation,current_family_only,GripLost,5,111,110,1,0,0,0,0,1,0
14_sensor_ablation,current_family_only,GripLost,5,112,111,1,0,0,0,0,1,0
14_sensor_ablation,current_family_only,GripLost,5,113,112,1,0,0,0,0,1,0
14_sensor_ablation,current_family_only,GripLost,5,114,113,1,0,0,0,0,1,0
14_sensor_ablation,current_family_only,GripLost,5,115,114,1,0,0,0,1,0,1
14_sensor_ablation,current_family_only,GripLost,5,116,115,1,0,0,0,0,1,0
14_sensor_ablation,current_family_only,GripLost,5,117,116,1,0,0,0,1,0,1
14_sensor_ablation,current_family_only,GripLost,5,118,117,1,0,0,0,1,0,1
14_sensor_ablation,current_family_only,GripLost,5,119,118,1,0,0,0,0,1,0
14_sensor_ablation,current_family_only,GripLost,5,120,119,1,0,0,0,0,1,0
14_sensor_ablation,current_family_only,GripLost,5,121,120,1,0,0,0,0,1,0
14_sensor_ablation,current_family_only,GripLost,5,122,121,1,0,0,0,0,1,0
14_sensor_ablation,current_family_only,GripLost,5,123,122,1,0,0,0,0,1,0
14_sensor_ablation,current_family_only,GripLost,5,124,123,1,0,0,0,0,1,0
14_sensor_ablation,current_family_only,GripLost,5,125,124,1,0,0,0,0,1,0
14_sensor_ablation,current_family_only,GripLost,7,151,129,1,0,0,0,0,1,0
14_sensor_ablation,current_family_only,GripLost,7,152,130,1,0,0,0,1,0,1
14_sensor_ablation,current_family_only,GripLost,7,153,131,1,0,0,0,0,1,0
14_sensor_ablation,current_family_only,GripLost,7,154,132,1,0,0,0,0,1,0
14_sensor_ablation,current_family_only,GripLost,7,155,133,1,0,0,0,0,1,0
14_sensor_ablation,current_family_only,GripLost,7,156,134,1,0,0,0,0,1,0
14_sensor_ablation,current_family_only,GripLost,7,157,135,1,0,0,0,0,1,0
14_sensor_ablation,current_family_only,GripLost,7,159,137,1,0,0,0,1,0,1
14_sensor_ablation,current_family_only,GripLost,7,160,138,1,1,1,1,1,0,0
14_sensor_ablation,current_family_only,GripLost,7,161,139,1,0,0,0,0,1,0
14_sensor_ablation,current_family_only,GripLost,7,162,140,1,0,0,0,0,1,0
14_sensor_ablation,current_family_only,GripLost,7,163,141,1,0,0,0,1,0,1
14_sensor_ablation,current_family_only,GripLost,7,164,142,1,1,1,1,1,0,0
14_sensor_ablation,current_family_only,GripLost,7,165,143,1,0,0,0,0,1,0
14_sensor_ablation,current_family_only,GripLost,7,166,144,1,0,0,0,0,1,0
14_sensor_ablation,current_family_only,GripLost,7,167,145,1,0,0,0,0,1,0
14_sensor_ablation,current_family_only,GripLost,7,168,146,1,0,0,0,0,1,0
14_sensor_ablation,current_family_only,GripLost,7,169,147,1,0,0,0,0,1,0
14_sensor_ablation,current_family_only,GripLost,7,170,148,1,0,0,0,1,0,1
14_sensor_ablation,current_family_only,GripLost,7,171,149,1,0,0,0,0,1,0
14_sensor_ablation,current_family_only,GripLost,7,172,150,1,0,0,0,0,1,0
14_sensor_ablation,current_family_only,GripLost,7,173,151,1,1,1,1,1,0,0
14_sensor_ablation,current_family_only,GripLost,7,174,152,1,1,1,1,1,0,0
14_sensor_ablation,current_family_only,GripLost,7,175,153,1,0,0,0,1,0,1
14_sensor_ablation,current_family_only,GripLost,8,176,154,1,0,0,0,0,1,0
14_sensor_ablation,current_family_only,GripLost,8,177,155,1,0,0,0,0,1,0
14_sensor_ablation,current_family_only,GripLost,8,178,156,1,0,0,0,0,1,0
14_sensor_ablation,current_family_only,GripLost,8,179,157,1,0,1,0,0,1,0
14_sensor_ablation,current_family_only,GripLost,8,180,158,1,1,1,1,1,0,0
14_sensor_ablation,current_family_only,GripLost,8,181,159,1,0,0,0,0,1,0
14_sensor_ablation,current_family_only,GripLost,8,182,160,1,0,0,0,1,0,1
14_sensor_ablation,current_family_only,GripLost,8,183,161,1,0,1,0,1,0,1
14_sensor_ablation,current_family_only,GripLost,8,184,162,1,0,0,0,0,1,0
14_sensor_ablation,current_family_only,GripLost,8,185,163,1,0,0,0,1,0,1
14_sensor_ablation,current_family_only,GripLost,8,199,176,1,0,0,0,0,1,0
14_sensor_ablation,current_family_only,GripLost,8,200,177,1,1,1,1,1,0,0
14_sensor_ablation,current_family_only,GripLost,9,201,178,1,0,0,0,1,0,1
14_sensor_ablation,current_family_only,GripLost,9,202,179,1,1,1,1,1,0,0
14_sensor_ablation,current_family_only,GripLost,9,203,180,1,0,0,0,0,1,0
14_sensor_ablation,current_family_only,GripLost,9,204,181,1,0,1,0,1,0,1
14_sensor_ablation,current_family_only,GripLost,9,205,182,1,0,0,0,0,1,0
14_sensor_ablation,current_family_only,GripLost,9,206,183,1,0,0,0,1,0,1
14_sensor_ablation,current_family_only,GripLost,9,207,184,1,0,0,0,0,1,0
14_sensor_ablation,current_family_only,GripLost,9,208,185,1,1,1,1,1,0,0
14_sensor_ablation,current_family_only,GripLost,9,209,186,1,0,0,0,0,1,0
14_sensor_ablation,current_family_only,GripLost,9,210,187,1,0,0,0,1,0,1
14_sensor_ablation,current_family_only,GripLost,9,211,188,1,0,0,0,0,1,0
14_sensor_ablation,current_family_only,GripLost,9,212,189,1,0,0,0,1,0,1
14_sensor_ablation,current_family_only,GripLost,9,213,190,1,0,0,0,0,1,0
14_sensor_ablation,current_family_only,GripLost,9,214,191,1,1,1,1,1,0,0
14_sensor_ablation,current_family_only,GripLost,9,215,192,1,0,1,0,1,0,1
14_sensor_ablation,current_family_only,GripLost,9,216,193,1,1,1,1,1,0,0
14_sensor_ablation,current_family_only,GripLost,9,217,194,1,0,0,0,1,0,1
14_sensor_ablation,current_family_only,GripLost,9,218,195,1,0,1,0,1,0,1
14_sensor_ablation,current_family_only,GripLost,9,219,196,1,1,1,1,1,0,0
14_sensor_ablation,current_family_only,GripLost,9,220,197,1,0,0,0,1,0,1
14_sensor_ablation,current_family_only,GripLost,9,221,198,1,1,1,1,1,0,0
14_sensor_ablation,current_family_only,GripLost,9,222,199,1,0,0,0,1,0,1
14_sensor_ablation,current_family_only,GripLost,9,223,200,1,0,0,0,1,0,1
14_sensor_ablation,current_family_only,GripLost,9,224,201,1,0,0,0,1,0,1
14_sensor_ablation,current_family_only,GripLost,9,225,202,1,0,0,0,1,0,1
14_sensor_ablation,current_family_only,GripLost,9,224,210,2,0,0,0,1,0,1
14_sensor_ablation,current_family_only,GripLost,10,226,203,1,0,0,0,1,0,1
14_sensor_ablation,current_family_only,GripLost,10,227,204,1,0,0,0,1,0,1
14_sensor_ablation,current_family_only,GripLost,10,229,205,1,0,1,0,1,0,1
14_sensor_ablation,current_family_only,GripLost,10,230,206,1,0,0,0,1,0,1
14_sensor_ablation,current_family_only,GripLost,10,231,207,1,0,0,0,1,0,1
14_sensor_ablation,current_family_only,GripLost,10,232,208,1,0,0,0,0,1,0
14_sensor_ablation,current_family_only,GripLost,10,233,209,1,0,0,0,1,0,1
14_sensor_ablation,current_family_only,GripLost,10,230,216,2,0,0,0,1,0,1
14_sensor_ablation,current_family_only,GripLost,10,231,217,2,0,0,0,1,0,1
14_sensor_ablation,current_family_only,GripLost,10,232,218,2,1,1,1,1,0,0
14_sensor_ablation,current_family_only,GripLost,10,233,219,2,1,1,1,1,0,0
14_sensor_ablation,current_family_only,GripLost,10,234,220,1,1,1,0,1,0,0
14_sensor_ablation,current_family_only,GripLost,10,235,221,1,0,1,0,1,0,1
14_sensor_ablation,current_family_only,GripLost,10,236,222,1,0,1,0,0,1,0
14_sensor_ablation,current_family_only,GripLost,10,237,223,1,1,1,1,1,0,0
14_sensor_ablation,current_family_only,GripLost,10,238,224,1,0,0,0,0,1,0
14_sensor_ablation,current_family_only,GripLost,10,239,225,1,0,1,0,1,0,1
14_sensor_ablation,current_family_only,GripLost,10,240,226,1,0,1,0,1,0,1
14_sensor_ablation,current_family_only,GripLost,10,241,227,1,0,1,0,0,1,0
14_sensor_ablation,current_family_only,GripLost,10,242,228,1,0,0,0,1,0,1
14_sensor_ablation,current_family_only,GripLost,10,243,229,1,0,0,0,0,1,0
14_sensor_ablation,current_family_only,GripLost,10,245,230,1,0,0,0,0,1,0
14_sensor_ablation,current_family_only,GripLost,10,246,231,1,0,1,0,1,0,1
14_sensor_ablation,current_family_only,GripLost,10,247,232,1,1,1,1,1,0,0
14_sensor_ablation,current_family_only,GripLost,10,248,233,1,0,0,0,0,1,0
14_sensor_ablation,current_family_only,GripLost,10,249,234,1,0,1,0,1,0,1
14_sensor_ablation,current_family_only,GripLost,10,250,235,1,1,1,1,1,0,0
14_sensor_ablation,drop_current_family,System_Failure,1,1,1,1,1,1,1,1,0,0
14_sensor_ablation,drop_current_family,System_Failure,1,2,2,1,1,1,1,1,0,0
14_sensor_ablation,drop_current_family,System_Failure,1,3,3,1,0,1,0,0,1,0
14_sensor_ablation,drop_current_family,System_Failure,1,4,4,1,0,0,0,0,1,0
14_sensor_ablation,drop_current_family,System_Failure,1,5,5,1,1,1,1,1,0,0
14_sensor_ablation,drop_current_family,System_Failure,1,6,6,1,1,1,1,1,0,0
14_sensor_ablation,drop_current_family,System_Failure,1,8,8,1,0,0,0,0,1,0
14_sensor_ablation,drop_current_family,System_Failure,1,9,9,1,0,0,0,0,1,0
14_sensor_ablation,drop_current_family,System_Failure,1,10,10,1,0,0,0,0,1,0
14_sensor_ablation,drop_current_family,System_Failure,1,11,11,1,0,0,0,0,1,0
14_sensor_ablation,drop_current_family,System_Failure,1,12,12,1,0,0,0,0,1,0
14_sensor_ablation,drop_current_family,System_Failure,1,13,13,1,0,0,0,0,1,0
14_sensor_ablation,drop_current_family,System_Failure,1,14,14,1,1,0,0,1,0,0
14_sensor_ablation,drop_current_family,System_Failure,1,15,15,1,1,0,0,1,0,0
14_sensor_ablation,drop_current_family,System_Failure,1,16,16,1,0,1,0,0,1,0
14_sensor_ablation,drop_current_family,System_Failure,1,17,17,1,0,0,0,0,1,0
14_sensor_ablation,drop_current_family,System_Failure,1,18,18,1,0,0,0,0,1,0
14_sensor_ablation,drop_current_family,System_Failure,1,19,19,1,0,0,0,0,1,0
14_sensor_ablation,drop_current_family,System_Failure,1,20,20,1,0,0,0,0,1,0
14_sensor_ablation,drop_current_family,System_Failure,1,21,21,1,0,0,0,0,1,0
14_sensor_ablation,drop_current_family,System_Failure,1,22,22,1,1,1,1,1,0,0
14_sensor_ablation,drop_current_family,System_Failure,1,23,23,1,0,0,0,0,1,0
14_sensor_ablation,drop_current_family,System_Failure,1,24,24,1,0,0,0,0,1,0
14_sensor_ablation,drop_current_family,System_Failure,1,25,25,1,0,0,0,0,1,0
14_sensor_ablation,drop_current_family,System_Failure,2,26,26,1,0,0,0,0,1,0
14_sensor_ablation,drop_current_family,System_Failure,2,27,27,1,0,0,0,0,1,0
14_sensor_ablation,drop_current_family,System_Failure,2,28,28,1,0,0,0,0,1,0
14_sensor_ablation,drop_current_family,System_Failure,2,29,29,1,0,0,0,0,1,0
14_sensor_ablation,drop_current_family,System_Failure,2,30,30,1,0,0,0,0,1,0
14_sensor_ablation,drop_current_family,System_Failure,2,31,31,1,0,0,0,0,1,0
14_sensor_ablation,drop_current_family,System_Failure,2,32,32,1,0,0,0,0,1,0
14_sensor_ablation,drop_current_family,System_Failure,2,33,33,1,0,0,0,0,1,0
14_sensor_ablation,drop_current_family,System_Failure,2,34,34,1,0,0,0,0,1,0
14_sensor_ablation,drop_current_family,System_Failure,2,35,35,1,1,1,1,1,0,0
14_sensor_ablation,drop_current_family,System_Failure,2,36,36,1,1,1,1,1,0,0
14_sensor_ablation,drop_current_family,System_Failure,2,37,37,1,0,0,0,0,1,0
14_sensor_ablation,drop_current_family,System_Failure,2,38,38,1,0,0,0,0,1,0
14_sensor_ablation,drop_current_family,System_Failure,2,39,39,1,1,1,1,1,0,0
14_sensor_ablation,drop_current_family,System_Failure,2,40,40,1,1,1,1,1,0,0
14_sensor_ablation,drop_current_family,System_Failure,2,41,41,1,0,0,0,0,1,0
14_sensor_ablation,drop_current_family,System_Failure,2,42,42,1,1,1,1,1,0,0
14_sensor_ablation,drop_current_family,System_Failure,2,43,43,1,0,0,0,0,1,0
14_sensor_ablation,drop_current_family,System_Failure,2,44,44,1,0,0,0,0,1,0
14_sensor_ablation,drop_current_family,System_Failure,2,45,45,1,0,0,0,0,1,0
14_sensor_ablation,drop_current_family,System_Failure,2,48,48,1,0,0,0,0,1,0
14_sensor_ablation,drop_current_family,System_Failure,2,49,49,1,0,0,0,0,1,0
14_sensor_ablation,drop_current_family,System_Failure,2,50,50,1,0,0,0,0,1,0
14_sensor_ablation,drop_current_family,System_Failure,3,51,51,1,0,0,0,0,1,0
14_sensor_ablation,drop_current_family,System_Failure,3,52,52,1,0,0,0,0,1,0
14_sensor_ablation,drop_current_family,System_Failure,3,53,53,1,1,1,1,1,0,0
14_sensor_ablation,drop_current_family,System_Failure,3,54,54,1,0,0,0,0,1,0
14_sensor_ablation,drop_current_family,System_Failure,3,55,55,1,0,0,0,0,1,0
14_sensor_ablation,drop_current_family,System_Failure,3,56,56,1,0,0,0,0,1,0
14_sensor_ablation,drop_current_family,System_Failure,3,57,57,1,0,1,0,0,1,0
14_sensor_ablation,drop_current_family,System_Failure,3,58,58,1,0,0,0,0,1,0
14_sensor_ablation,drop_current_family,System_Failure,3,59,59,1,0,0,0,0,1,0
14_sensor_ablation,drop_current_family,System_Failure,3,60,60,1,0,0,0,0,1,0
14_sensor_ablation,drop_current_family,System_Failure,3,61,61,1,0,0,0,0,1,0
14_sensor_ablation,drop_current_family,System_Failure,3,62,62,1,0,1,0,0,1,0
14_sensor_ablation,drop_current_family,System_Failure,3,63,63,1,1,1,1,1,0,0
14_sensor_ablation,drop_current_family,System_Failure,3,64,64,1,1,1,1,1,0,0
14_sensor_ablation,drop_current_family,System_Failure,3,65,65,1,1,1,1,1,0,0
14_sensor_ablation,drop_current_family,System_Failure,3,66,66,1,0,1,0,0,1,0
14_sensor_ablation,drop_current_family,System_Failure,3,67,67,1,1,1,1,1,0,0
14_sensor_ablation,drop_current_family,System_Failure,3,68,68,1,0,0,0,0,1,0
14_sensor_ablation,drop_current_family,System_Failure,3,69,69,1,1,1,1,1,0,0
14_sensor_ablation,drop_current_family,System_Failure,3,70,70,1,0,0,0,0,1,0
14_sensor_ablation,drop_current_family,System_Failure,3,71,71,1,0,1,0,0,1,0
14_sensor_ablation,drop_current_family,System_Failure,3,72,72,1,0,0,0,0,1,0
14_sensor_ablation,drop_current_family,System_Failure,3,73,73,1,0,0,0,0,1,0
14_sensor_ablation,drop_current_family,System_Failure,3,75,74,1,0,1,0,0,1,0
14_sensor_ablation,drop_current_family,System_Failure,4,76,75,1,1,0,0,1,0,0
14_sensor_ablation,drop_current_family,System_Failure,4,85,84,1,0,1,0,0,1,0
14_sensor_ablation,drop_current_family,System_Failure,4,86,85,1,1,1,1,1,0,0
14_sensor_ablation,drop_current_family,System_Failure,4,87,86,1,1,1,1,1,0,0
14_sensor_ablation,drop_current_family,System_Failure,4,88,87,1,0,0,0,0,1,0
14_sensor_ablation,drop_current_family,System_Failure,4,89,88,1,0,0,0,0,1,0
14_sensor_ablation,drop_current_family,System_Failure,4,90,89,1,0,0,0,0,1,0
14_sensor_ablation,drop_current_family,System_Failure,4,91,90,1,1,1,1,1,0,0
14_sensor_ablation,drop_current_family,System_Failure,4,92,91,1,1,0,0,1,0,0
14_sensor_ablation,drop_current_family,System_Failure,4,93,92,1,0,0,0,0,1,0
14_sensor_ablation,drop_current_family,System_Failure,4,94,93,1,0,0,0,0,1,0
14_sensor_ablation,drop_current_family,System_Failure,4,95,94,1,1,1,1,1,0,0
14_sensor_ablation,drop_current_family,System_Failure,4,96,95,1,1,1,1,1,0,0
14_sensor_ablation,drop_current_family,System_Failure,4,97,96,1,1,1,1,1,0,0
14_sensor_ablation,drop_current_family,System_Failure,4,98,97,1,0,0,0,0,1,0
14_sensor_ablation,drop_current_family,System_Failure,4,99,98,1,1,1,1,1,0,0
14_sensor_ablation,drop_current_family,System_Failure,4,100,99,1,0,1,0,0,1,0
14_sensor_ablation,drop_current_family,System_Failure,5,101,100,1,0,0,0,0,1,0
14_sensor_ablation,drop_current_family,System_Failure,5,102,101,1,0,0,0,0,1,0
14_sensor_ablation,drop_current_family,System_Failure,5,103,102,1,1,1,1,1,0,0
14_sensor_ablation,drop_current_family,System_Failure,5,104,103,1,0,0,0,0,1,0
14_sensor_ablation,drop_current_family,System_Failure,5,105,104,1,1,1,1,1,0,0
14_sensor_ablation,drop_current_family,System_Failure,5,106,105,1,0,0,0,0,1,0
14_sensor_ablation,drop_current_family,System_Failure,5,107,106,1,0,0,0,0,1,0
14_sensor_ablation,drop_current_family,System_Failure,5,108,107,1,1,1,1,1,0,0
14_sensor_ablation,drop_current_family,System_Failure,5,109,108,1,0,0,0,0,1,0
14_sensor_ablation,drop_current_family,System_Failure,5,110,109,1,0,1,0,0,1,0
14_sensor_ablation,drop_current_family,System_Failure,5,111,110,1,0,0,0,0,1,0
14_sensor_ablation,drop_current_family,System_Failure,5,112,111,1,0,0,0,0,1,0
14_sensor_ablation,drop_current_family,System_Failure,5,113,112,1,0,0,0,0,1,0
14_sensor_ablation,drop_current_family,System_Failure,5,114,113,1,0,0,0,0,1,0
14_sensor_ablation,drop_current_family,System_Failure,5,115,114,1,1,1,1,1,0,0
14_sensor_ablation,drop_current_family,System_Failure,5,116,115,1,0,0,0,0,1,0
14_sensor_ablation,drop_current_family,System_Failure,5,117,116,1,1,1,1,1,0,0
14_sensor_ablation,drop_current_family,System_Failure,5,118,117,1,1,1,1,1,0,0
14_sensor_ablation,drop_current_family,System_Failure,5,119,118,1,0,0,0,0,1,0
14_sensor_ablation,drop_current_family,System_Failure,5,120,119,1,0,0,0,0,1,0
14_sensor_ablation,drop_current_family,System_Failure,5,121,120,1,0,0,0,0,1,0
14_sensor_ablation,drop_current_family,System_Failure,5,122,121,1,0,0,0,0,1,0
14_sensor_ablation,drop_current_family,System_Failure,5,123,122,1,0,1,0,0,1,0
14_sensor_ablation,drop_current_family,System_Failure,5,124,123,1,0,0,0,0,1,0
14_sensor_ablation,drop_current_family,System_Failure,5,125,124,1,0,0,0,0,1,0
14_sensor_ablation,drop_current_family,System_Failure,7,151,129,1,0,0,0,0,1,0
14_sensor_ablation,drop_current_family,System_Failure,7,152,130,1,1,1,1,1,0,0
14_sensor_ablation,drop_current_family,System_Failure,7,153,131,1,0,0,0,0,1,0
14_sensor_ablation,drop_current_family,System_Failure,7,154,132,1,0,0,0,0,1,0
14_sensor_ablation,drop_current_family,System_Failure,7,155,133,1,0,0,0,0,1,0
14_sensor_ablation,drop_current_family,System_Failure,7,156,134,1,0,0,0,0,1,0
14_sensor_ablation,drop_current_family,System_Failure,7,157,135,1,0,0,0,0,1,0
14_sensor_ablation,drop_current_family,System_Failure,7,159,137,1,1,1,1,1,0,0
14_sensor_ablation,drop_current_family,System_Failure,7,160,138,1,1,0,0,1,0,0
14_sensor_ablation,drop_current_family,System_Failure,7,161,139,1,0,0,0,0,1,0
14_sensor_ablation,drop_current_family,System_Failure,7,162,140,1,0,0,0,0,1,0
14_sensor_ablation,drop_current_family,System_Failure,7,163,141,1,1,1,1,1,0,0
14_sensor_ablation,drop_current_family,System_Failure,7,164,142,1,1,1,1,1,0,0
14_sensor_ablation,drop_current_family,System_Failure,7,165,143,1,0,0,0,0,1,0
14_sensor_ablation,drop_current_family,System_Failure,7,166,144,1,0,0,0,0,1,0
14_sensor_ablation,drop_current_family,System_Failure,7,167,145,1,0,0,0,0,1,0
14_sensor_ablation,drop_current_family,System_Failure,7,168,146,1,0,0,0,0,1,0
14_sensor_ablation,drop_current_family,System_Failure,7,169,147,1,0,0,0,0,1,0
14_sensor_ablation,drop_current_family,System_Failure,7,170,148,1,1,1,1,1,0,0
14_sensor_ablation,drop_current_family,System_Failure,7,171,149,1,0,0,0,0,1,0
14_sensor_ablation,drop_current_family,System_Failure,7,172,150,1,0,0,0,0,1,0
14_sensor_ablation,drop_current_family,System_Failure,7,173,151,1,1,1,1,1,0,0
14_sensor_ablation,drop_current_family,System_Failure,7,174,152,1,1,1,1,1,0,0
14_sensor_ablation,drop_current_family,System_Failure,7,175,153,1,1,1,1,1,0,0
14_sensor_ablation,drop_current_family,System_Failure,8,176,154,1,0,0,0,0,1,0
14_sensor_ablation,drop_current_family,System_Failure,8,177,155,1,0,0,0,0,1,0
14_sensor_ablation,drop_current_family,System_Failure,8,178,156,1,0,1,0,0,1,0
14_sensor_ablation,drop_current_family,System_Failure,8,179,157,1,0,1,0,0,1,0
14_sensor_ablation,drop_current_family,System_Failure,8,180,158,1,1,1,1,1,0,0
14_sensor_ablation,drop_current_family,System_Failure,8,181,159,1,0,0,0,0,1,0
14_sensor_ablation,drop_current_family,System_Failure,8,182,160,1,1,1,1,1,0,0
14_sensor_ablation,drop_current_family,System_Failure,8,183,161,1,1,1,1,1,0,0
14_sensor_ablation,drop_current_family,System_Failure,8,184,162,1,0,0,0,0,1,0
14_sensor_ablation,drop_current_family,System_Failure,8,185,163,1,1,1,1,1,0,0
14_sensor_ablation,drop_current_family,System_Failure,8,199,176,1,0,0,0,0,1,0
14_sensor_ablation,drop_current_family,System_Failure,8,200,177,1,1,1,1,1,0,0
14_sensor_ablation,drop_current_family,System_Failure,9,201,178,1,1,1,1,1,0,0
14_sensor_ablation,drop_current_family,System_Failure,9,202,179,1,1,1,1,1,0,0
14_sensor_ablation,drop_current_family,System_Failure,9,203,180,1,0,0,0,0,1,0
14_sensor_ablation,drop_current_family,System_Failure,9,204,181,1,1,1,1,1,0,0
14_sensor_ablation,drop_current_family,System_Failure,9,205,182,1,0,0,0,0,1,0
14_sensor_ablation,drop_current_family,System_Failure,9,206,183,1,1,1,1,1,0,0
14_sensor_ablation,drop_current_family,System_Failure,9,207,184,1,0,1,0,0,1,0
14_sensor_ablation,drop_current_family,System_Failure,9,208,185,1,1,1,1,1,0,0
14_sensor_ablation,drop_current_family,System_Failure,9,209,186,1,0,0,0,0,1,0
14_sensor_ablation,drop_current_family,System_Failure,9,210,187,1,1,1,1,1,0,0
14_sensor_ablation,drop_current_family,System_Failure,9,211,188,1,0,0,0,0,1,0
14_sensor_ablation,drop_current_family,System_Failure,9,212,189,1,1,1,1,1,0,0
14_sensor_ablation,drop_current_family,System_Failure,9,213,190,1,0,0,0,0,1,0
14_sensor_ablation,drop_current_family,System_Failure,9,214,191,1,1,1,1,1,0,0
14_sensor_ablation,drop_current_family,System_Failure,9,215,192,1,1,1,1,1,0,0
14_sensor_ablation,drop_current_family,System_Failure,9,216,193,1,1,0,0,1,0,0
14_sensor_ablation,drop_current_family,System_Failure,9,217,194,1,1,1,1,1,0,0
14_sensor_ablation,drop_current_family,System_Failure,9,218,195,1,1,1,1,1,0,0
14_sensor_ablation,drop_current_family,System_Failure,9,219,196,1,1,1,1,1,0,0
14_sensor_ablation,drop_current_family,System_Failure,9,220,197,1,1,1,1,1,0,0
14_sensor_ablation,drop_current_family,System_Failure,9,221,198,1,1,1,1,1,0,0
14_sensor_ablation,drop_current_family,System_Failure,9,222,199,1,1,1,1,1,0,0
14_sensor_ablation,drop_current_family,System_Failure,9,223,200,1,1,1,1,1,0,0
14_sensor_ablation,drop_current_family,System_Failure,9,224,201,1,1,1,1,1,0,0
14_sensor_ablation,drop_current_family,System_Failure,9,225,202,1,1,1,1,1,0,0
14_sensor_ablation,drop_current_family,System_Failure,9,224,210,2,1,1,1,1,0,0
14_sensor_ablation,drop_current_family,System_Failure,10,226,203,1,1,1,1,1,0,0
14_sensor_ablation,drop_current_family,System_Failure,10,227,204,1,1,1,1,1,0,0
14_sensor_ablation,drop_current_family,System_Failure,10,229,205,1,1,1,1,1,0,0
14_sensor_ablation,drop_current_family,System_Failure,10,230,206,1,1,1,1,1,0,0
14_sensor_ablation,drop_current_family,System_Failure,10,231,207,1,1,1,1,1,0,0
14_sensor_ablation,drop_current_family,System_Failure,10,232,208,1,0,0,0,0,1,0
14_sensor_ablation,drop_current_family,System_Failure,10,233,209,1,1,1,1,1,0,0
14_sensor_ablation,drop_current_family,System_Failure,10,230,216,2,1,1,1,1,0,0
14_sensor_ablation,drop_current_family,System_Failure,10,231,217,2,1,1,1,1,0,0
14_sensor_ablation,drop_current_family,System_Failure,10,232,218,2,1,1,1,1,0,0
14_sensor_ablation,drop_current_family,System_Failure,10,233,219,2,1,1,1,1,0,0
14_sensor_ablation,drop_current_family,System_Failure,10,234,220,1,1,1,1,1,0,0
14_sensor_ablation,drop_current_family,System_Failure,10,235,221,1,1,1,1,1,0,0
14_sensor_ablation,drop_current_family,System_Failure,10,236,222,1,0,0,0,0,1,0
14_sensor_ablation,drop_current_family,System_Failure,10,237,223,1,1,1,1,1,0,0
14_sensor_ablation,drop_current_family,System_Failure,10,238,224,1,0,0,0,0,1,0
14_sensor_ablation,drop_current_family,System_Failure,10,239,225,1,1,1,1,1,0,0
14_sensor_ablation,drop_current_family,System_Failure,10,240,226,1,1,1,1,1,0,0
14_sensor_ablation,drop_current_family,System_Failure,10,241,227,1,0,0,0,0,1,0
14_sensor_ablation,drop_current_family,System_Failure,10,242,228,1,1,1,1,1,0,0
14_sensor_ablation,drop_current_family,System_Failure,10,243,229,1,0,0,0,0,1,0
14_sensor_ablation,drop_current_family,System_Failure,10,245,230,1,0,0,0,0,1,0
14_sensor_ablation,drop_current_family,System_Failure,10,246,231,1,1,1,1,1,0,0
14_sensor_ablation,drop_current_family,System_Failure,10,247,232,1,1,1,1,1,0,0
14_sensor_ablation,drop_current_family,System_Failure,10,248,233,1,0,0,0,0,1,0
14_sensor_ablation,drop_current_family,System_Failure,10,249,234,1,1,1,1,1,0,0
14_sensor_ablation,drop_current_family,System_Failure,10,250,235,1,1,1,1,1,0,0
14_sensor_ablation,drop_current_family,ProtectiveStop,1,1,1,1,1,0,0,1,0,0
14_sensor_ablation,drop_current_family,ProtectiveStop,1,2,2,1,0,1,0,1,0,1
14_sensor_ablation,drop_current_family,ProtectiveStop,1,3,3,1,0,0,0,0,1,0
14_sensor_ablation,drop_current_family,ProtectiveStop,1,4,4,1,0,0,0,0,1,0
14_sensor_ablation,drop_current_family,ProtectiveStop,1,5,5,1,0,0,0,1,0,1
14_sensor_ablation,drop_current_family,ProtectiveStop,1,6,6,1,0,1,0,1,0,1
14_sensor_ablation,drop_current_family,ProtectiveStop,1,8,8,1,0,0,0,0,1,0
14_sensor_ablation,drop_current_family,ProtectiveStop,1,9,9,1,0,0,0,0,1,0
14_sensor_ablation,drop_current_family,ProtectiveStop,1,10,10,1,0,0,0,0,1,0
14_sensor_ablation,drop_current_family,ProtectiveStop,1,11,11,1,0,0,0,0,1,0
14_sensor_ablation,drop_current_family,ProtectiveStop,1,12,12,1,0,0,0,0,1,0
14_sensor_ablation,drop_current_family,ProtectiveStop,1,13,13,1,0,0,0,0,1,0
14_sensor_ablation,drop_current_family,ProtectiveStop,1,14,14,1,0,0,0,1,0,1
14_sensor_ablation,drop_current_family,ProtectiveStop,1,15,15,1,0,0,0,1,0,1
14_sensor_ablation,drop_current_family,ProtectiveStop,1,16,16,1,0,1,0,0,1,0
14_sensor_ablation,drop_current_family,ProtectiveStop,1,17,17,1,0,0,0,0,1,0
14_sensor_ablation,drop_current_family,ProtectiveStop,1,18,18,1,0,0,0,0,1,0
14_sensor_ablation,drop_current_family,ProtectiveStop,1,19,19,1,0,0,0,0,1,0
14_sensor_ablation,drop_current_family,ProtectiveStop,1,20,20,1,0,0,0,0,1,0
14_sensor_ablation,drop_current_family,ProtectiveStop,1,21,21,1,0,0,0,0,1,0
14_sensor_ablation,drop_current_family,ProtectiveStop,1,22,22,1,1,1,1,1,0,0
14_sensor_ablation,drop_current_family,ProtectiveStop,1,23,23,1,0,0,0,0,1,0
14_sensor_ablation,drop_current_family,ProtectiveStop,1,24,24,1,0,0,0,0,1,0
14_sensor_ablation,drop_current_family,ProtectiveStop,1,25,25,1,0,0,0,0,1,0
14_sensor_ablation,drop_current_family,ProtectiveStop,2,26,26,1,0,0,0,0,1,0
14_sensor_ablation,drop_current_family,ProtectiveStop,2,27,27,1,0,0,0,0,1,0
14_sensor_ablation,drop_current_family,ProtectiveStop,2,28,28,1,0,0,0,0,1,0
14_sensor_ablation,drop_current_family,ProtectiveStop,2,29,29,1,0,0,0,0,1,0
14_sensor_ablation,drop_current_family,ProtectiveStop,2,30,30,1,0,0,0,0,1,0
14_sensor_ablation,drop_current_family,ProtectiveStop,2,31,31,1,0,0,0,0,1,0
14_sensor_ablation,drop_current_family,ProtectiveStop,2,32,32,1,0,0,0,0,1,0
14_sensor_ablation,drop_current_family,ProtectiveStop,2,33,33,1,0,0,0,0,1,0
14_sensor_ablation,drop_current_family,ProtectiveStop,2,34,34,1,0,0,0,0,1,0
14_sensor_ablation,drop_current_family,ProtectiveStop,2,35,35,1,1,1,1,1,0,0
14_sensor_ablation,drop_current_family,ProtectiveStop,2,36,36,1,0,0,0,1,0,1
14_sensor_ablation,drop_current_family,ProtectiveStop,2,37,37,1,0,0,0,0,1,0
14_sensor_ablation,drop_current_family,ProtectiveStop,2,38,38,1,0,0,0,0,1,0
14_sensor_ablation,drop_current_family,ProtectiveStop,2,39,39,1,0,0,0,1,0,1
14_sensor_ablation,drop_current_family,ProtectiveStop,2,40,40,1,0,0,0,1,0,1
14_sensor_ablation,drop_current_family,ProtectiveStop,2,41,41,1,0,0,0,0,1,0
14_sensor_ablation,drop_current_family,ProtectiveStop,2,42,42,1,1,1,1,1,0,0
14_sensor_ablation,drop_current_family,ProtectiveStop,2,43,43,1,0,0,0,0,1,0
14_sensor_ablation,drop_current_family,ProtectiveStop,2,44,44,1,0,0,0,0,1,0
14_sensor_ablation,drop_current_family,ProtectiveStop,2,45,45,1,0,0,0,0,1,0
14_sensor_ablation,drop_current_family,ProtectiveStop,2,48,48,1,0,0,0,0,1,0
14_sensor_ablation,drop_current_family,ProtectiveStop,2,49,49,1,0,0,0,0,1,0
14_sensor_ablation,drop_current_family,ProtectiveStop,2,50,50,1,0,0,0,0,1,0
14_sensor_ablation,drop_current_family,ProtectiveStop,3,51,51,1,0,0,0,0,1,0
14_sensor_ablation,drop_current_family,ProtectiveStop,3,52,52,1,0,0,0,0,1,0
14_sensor_ablation,drop_current_family,ProtectiveStop,3,53,53,1,1,1,1,1,0,0
14_sensor_ablation,drop_current_family,ProtectiveStop,3,54,54,1,0,0,0,0,1,0
14_sensor_ablation,drop_current_family,ProtectiveStop,3,55,55,1,0,0,0,0,1,0
14_sensor_ablation,drop_current_family,ProtectiveStop,3,56,56,1,0,0,0,0,1,0
14_sensor_ablation,drop_current_family,ProtectiveStop,3,57,57,1,0,1,0,0,1,0
14_sensor_ablation,drop_current_family,ProtectiveStop,3,58,58,1,0,0,0,0,1,0
14_sensor_ablation,drop_current_family,ProtectiveStop,3,59,59,1,0,0,0,0,1,0
14_sensor_ablation,drop_current_family,ProtectiveStop,3,60,60,1,0,0,0,0,1,0
14_sensor_ablation,drop_current_family,ProtectiveStop,3,61,61,1,0,0,0,0,1,0
14_sensor_ablation,drop_current_family,ProtectiveStop,3,62,62,1,0,1,0,0,1,0
14_sensor_ablation,drop_current_family,ProtectiveStop,3,63,63,1,1,1,1,1,0,0
14_sensor_ablation,drop_current_family,ProtectiveStop,3,64,64,1,0,1,0,1,0,1
14_sensor_ablation,drop_current_family,ProtectiveStop,3,65,65,1,0,0,0,1,0,1
14_sensor_ablation,drop_current_family,ProtectiveStop,3,66,66,1,0,1,0,0,1,0
14_sensor_ablation,drop_current_family,ProtectiveStop,3,67,67,1,0,0,0,1,0,1
14_sensor_ablation,drop_current_family,ProtectiveStop,3,68,68,1,0,0,0,0,1,0
14_sensor_ablation,drop_current_family,ProtectiveStop,3,69,69,1,1,1,1,1,0,0
14_sensor_ablation,drop_current_family,ProtectiveStop,3,70,70,1,0,0,0,0,1,0
14_sensor_ablation,drop_current_family,ProtectiveStop,3,71,71,1,0,0,0,0,1,0
14_sensor_ablation,drop_current_family,ProtectiveStop,3,72,72,1,0,0,0,0,1,0
14_sensor_ablation,drop_current_family,ProtectiveStop,3,73,73,1,0,0,0,0,1,0
14_sensor_ablation,drop_current_family,ProtectiveStop,3,75,74,1,0,0,0,0,1,0
14_sensor_ablation,drop_current_family,ProtectiveStop,4,76,75,1,0,0,0,1,0,1
14_sensor_ablation,drop_current_family,ProtectiveStop,4,85,84,1,0,1,0,0,1,0
14_sensor_ablation,drop_current_family,ProtectiveStop,4,86,85,1,1,1,1,1,0,0
14_sensor_ablation,drop_current_family,ProtectiveStop,4,87,86,1,1,1,1,1,0,0
14_sensor_ablation,drop_current_family,ProtectiveStop,4,88,87,1,0,0,0,0,1,0
14_sensor_ablation,drop_current_family,ProtectiveStop,4,89,88,1,0,0,0,0,1,0
14_sensor_ablation,drop_current_family,ProtectiveStop,4,90,89,1,0,0,0,0,1,0
14_sensor_ablation,drop_current_family,ProtectiveStop,4,91,90,1,0,0,0,1,0,1
14_sensor_ablation,drop_current_family,ProtectiveStop,4,92,91,1,0,0,0,1,0,1
14_sensor_ablation,drop_current_family,ProtectiveStop,4,93,92,1,0,0,0,0,1,0
14_sensor_ablation,drop_current_family,ProtectiveStop,4,94,93,1,0,0,0,0,1,0
14_sensor_ablation,drop_current_family,ProtectiveStop,4,95,94,1,0,0,0,1,0,1
14_sensor_ablation,drop_current_family,ProtectiveStop,4,96,95,1,0,0,0,1,0,1
14_sensor_ablation,drop_current_family,ProtectiveStop,4,97,96,1,0,0,0,1,0,1
14_sensor_ablation,drop_current_family,ProtectiveStop,4,98,97,1,0,0,0,0,1,0
14_sensor_ablation,drop_current_family,ProtectiveStop,4,99,98,1,1,1,1,1,0,0
14_sensor_ablation,drop_current_family,ProtectiveStop,4,100,99,1,0,0,0,0,1,0
14_sensor_ablation,drop_current_family,ProtectiveStop,5,101,100,1,0,0,0,0,1,0
14_sensor_ablation,drop_current_family,ProtectiveStop,5,102,101,1,0,0,0,0,1,0
14_sensor_ablation,drop_current_family,ProtectiveStop,5,103,102,1,1,1,1,1,0,0
14_sensor_ablation,drop_current_family,ProtectiveStop,5,104,103,1,0,0,0,0,1,0
14_sensor_ablation,drop_current_family,ProtectiveStop,5,105,104,1,0,0,0,1,0,1
14_sensor_ablation,drop_current_family,ProtectiveStop,5,106,105,1,0,0,0,0,1,0
14_sensor_ablation,drop_current_family,ProtectiveStop,5,107,106,1,0,0,0,0,1,0
14_sensor_ablation,drop_current_family,ProtectiveStop,5,108,107,1,1,1,1,1,0,0
14_sensor_ablation,drop_current_family,ProtectiveStop,5,109,108,1,0,0,0,0,1,0
14_sensor_ablation,drop_current_family,ProtectiveStop,5,110,109,1,0,1,0,0,1,0
14_sensor_ablation,drop_current_family,ProtectiveStop,5,111,110,1,0,0,0,0,1,0
14_sensor_ablation,drop_current_family,ProtectiveStop,5,112,111,1,0,0,0,0,1,0
14_sensor_ablation,drop_current_family,ProtectiveStop,5,113,112,1,0,0,0,0,1,0
14_sensor_ablation,drop_current_family,ProtectiveStop,5,114,113,1,0,1,0,0,1,0
14_sensor_ablation,drop_current_family,ProtectiveStop,5,115,114,1,1,1,1,1,0,0
14_sensor_ablation,drop_current_family,ProtectiveStop,5,116,115,1,0,0,0,0,1,0
14_sensor_ablation,drop_current_family,ProtectiveStop,5,117,116,1,1,1,1,1,0,0
14_sensor_ablation,drop_current_family,ProtectiveStop,5,118,117,1,1,1,1,1,0,0
14_sensor_ablation,drop_current_family,ProtectiveStop,5,119,118,1,0,0,0,0,1,0
14_sensor_ablation,drop_current_family,ProtectiveStop,5,120,119,1,0,0,0,0,1,0
14_sensor_ablation,drop_current_family,ProtectiveStop,5,121,120,1,0,0,0,0,1,0
14_sensor_ablation,drop_current_family,ProtectiveStop,5,122,121,1,0,0,0,0,1,0
14_sensor_ablation,drop_current_family,ProtectiveStop,5,123,122,1,0,0,0,0,1,0
14_sensor_ablation,drop_current_family,ProtectiveStop,5,124,123,1,0,0,0,0,1,0
14_sensor_ablation,drop_current_family,ProtectiveStop,5,125,124,1,0,0,0,0,1,0
14_sensor_ablation,drop_current_family,ProtectiveStop,7,151,129,1,0,0,0,0,1,0
14_sensor_ablation,drop_current_family,ProtectiveStop,7,152,130,1,1,1,1,1,0,0
14_sensor_ablation,drop_current_family,ProtectiveStop,7,153,131,1,0,0,0,0,1,0
14_sensor_ablation,drop_current_family,ProtectiveStop,7,154,132,1,0,0,0,0,1,0
14_sensor_ablation,drop_current_family,ProtectiveStop,7,155,133,1,0,0,0,0,1,0
14_sensor_ablation,drop_current_family,ProtectiveStop,7,156,134,1,0,0,0,0,1,0
14_sensor_ablation,drop_current_family,ProtectiveStop,7,157,135,1,0,0,0,0,1,0
14_sensor_ablation,drop_current_family,ProtectiveStop,7,159,137,1,1,1,1,1,0,0
14_sensor_ablation,drop_current_family,ProtectiveStop,7,160,138,1,0,0,0,1,0,1
14_sensor_ablation,drop_current_family,ProtectiveStop,7,161,139,1,0,0,0,0,1,0
14_sensor_ablation,drop_current_family,ProtectiveStop,7,162,140,1,0,0,0,0,1,0
14_sensor_ablation,drop_current_family,ProtectiveStop,7,163,141,1,1,1,1,1,0,0
14_sensor_ablation,drop_current_family,ProtectiveStop,7,164,142,1,1,1,1,1,0,0
14_sensor_ablation,drop_current_family,ProtectiveStop,7,165,143,1,0,0,0,0,1,0
14_sensor_ablation,drop_current_family,ProtectiveStop,7,166,144,1,0,0,0,0,1,0
14_sensor_ablation,drop_current_family,ProtectiveStop,7,167,145,1,0,0,0,0,1,0
14_sensor_ablation,drop_current_family,ProtectiveStop,7,168,146,1,0,0,0,0,1,0
14_sensor_ablation,drop_current_family,ProtectiveStop,7,169,147,1,0,0,0,0,1,0
14_sensor_ablation,drop_current_family,ProtectiveStop,7,170,148,1,1,1,1,1,0,0
14_sensor_ablation,drop_current_family,ProtectiveStop,7,171,149,1,0,0,0,0,1,0
14_sensor_ablation,drop_current_family,ProtectiveStop,7,172,150,1,0,0,0,0,1,0
14_sensor_ablation,drop_current_family,ProtectiveStop,7,173,151,1,1,1,1,1,0,0
14_sensor_ablation,drop_current_family,ProtectiveStop,7,174,152,1,1,1,1,1,0,0
14_sensor_ablation,drop_current_family,ProtectiveStop,7,175,153,1,1,1,1,1,0,0
14_sensor_ablation,drop_current_family,ProtectiveStop,8,176,154,1,0,0,0,0,1,0
14_sensor_ablation,drop_current_family,ProtectiveStop,8,177,155,1,0,0,0,0,1,0
14_sensor_ablation,drop_current_family,ProtectiveStop,8,178,156,1,0,0,0,0,1,0
14_sensor_ablation,drop_current_family,ProtectiveStop,8,179,157,1,0,0,0,0,1,0
14_sensor_ablation,drop_current_family,ProtectiveStop,8,180,158,1,0,0,0,1,0,1
14_sensor_ablation,drop_current_family,ProtectiveStop,8,181,159,1,0,0,0,0,1,0
14_sensor_ablation,drop_current_family,ProtectiveStop,8,182,160,1,1,1,1,1,0,0
14_sensor_ablation,drop_current_family,ProtectiveStop,8,183,161,1,1,1,1,1,0,0
14_sensor_ablation,drop_current_family,ProtectiveStop,8,184,162,1,0,0,0,0,1,0
14_sensor_ablation,drop_current_family,ProtectiveStop,8,185,163,1,1,1,1,1,0,0
14_sensor_ablation,drop_current_family,ProtectiveStop,8,199,176,1,0,0,0,0,1,0
14_sensor_ablation,drop_current_family,ProtectiveStop,8,200,177,1,0,0,0,1,0,1
14_sensor_ablation,drop_current_family,ProtectiveStop,9,201,178,1,1,1,1,1,0,0
14_sensor_ablation,drop_current_family,ProtectiveStop,9,202,179,1,0,0,0,1,0,1
14_sensor_ablation,drop_current_family,ProtectiveStop,9,203,180,1,0,0,0,0,1,0
14_sensor_ablation,drop_current_family,ProtectiveStop,9,204,181,1,1,1,1,1,0,0
14_sensor_ablation,drop_current_family,ProtectiveStop,9,205,182,1,0,0,0,0,1,0
14_sensor_ablation,drop_current_family,ProtectiveStop,9,206,183,1,1,1,1,1,0,0
14_sensor_ablation,drop_current_family,ProtectiveStop,9,207,184,1,0,0,0,0,1,0
14_sensor_ablation,drop_current_family,ProtectiveStop,9,208,185,1,0,0,0,1,0,1
14_sensor_ablation,drop_current_family,ProtectiveStop,9,209,186,1,0,0,0,0,1,0
14_sensor_ablation,drop_current_family,ProtectiveStop,9,210,187,1,1,1,1,1,0,0
14_sensor_ablation,drop_current_family,ProtectiveStop,9,211,188,1,0,0,0,0,1,0
14_sensor_ablation,drop_current_family,ProtectiveStop,9,212,189,1,1,1,1,1,0,0
14_sensor_ablation,drop_current_family,ProtectiveStop,9,213,190,1,0,0,0,0,1,0
14_sensor_ablation,drop_current_family,ProtectiveStop,9,214,191,1,1,1,1,1,0,0
14_sensor_ablation,drop_current_family,ProtectiveStop,9,215,192,1,1,1,1,1,0,0
14_sensor_ablation,drop_current_family,ProtectiveStop,9,216,193,1,0,0,0,1,0,1
14_sensor_ablation,drop_current_family,ProtectiveStop,9,217,194,1,1,1,0,1,0,0
14_sensor_ablation,drop_current_family,ProtectiveStop,9,218,195,1,1,1,1,1,0,0
14_sensor_ablation,drop_current_family,ProtectiveStop,9,219,196,1,1,1,1,1,0,0
14_sensor_ablation,drop_current_family,ProtectiveStop,9,220,197,1,1,1,1,1,0,0
14_sensor_ablation,drop_current_family,ProtectiveStop,9,221,198,1,1,1,1,1,0,0
14_sensor_ablation,drop_current_family,ProtectiveStop,9,222,199,1,1,1,1,1,0,0
14_sensor_ablation,drop_current_family,ProtectiveStop,9,223,200,1,1,1,1,1,0,0
14_sensor_ablation,drop_current_family,ProtectiveStop,9,224,201,1,1,1,1,1,0,0
14_sensor_ablation,drop_current_family,ProtectiveStop,9,225,202,1,1,1,1,1,0,0
14_sensor_ablation,drop_current_family,ProtectiveStop,9,224,210,2,1,1,1,1,0,0
14_sensor_ablation,drop_current_family,ProtectiveStop,10,226,203,1,1,1,1,1,0,0
14_sensor_ablation,drop_current_family,ProtectiveStop,10,227,204,1,1,1,1,1,0,0
14_sensor_ablation,drop_current_family,ProtectiveStop,10,229,205,1,1,1,1,1,0,0
14_sensor_ablation,drop_current_family,ProtectiveStop,10,230,206,1,1,1,1,1,0,0
14_sensor_ablation,drop_current_family,ProtectiveStop,10,231,207,1,1,1,1,1,0,0
14_sensor_ablation,drop_current_family,ProtectiveStop,10,232,208,1,0,0,0,0,1,0
14_sensor_ablation,drop_current_family,ProtectiveStop,10,233,209,1,1,1,1,1,0,0
14_sensor_ablation,drop_current_family,ProtectiveStop,10,230,216,2,1,1,1,1,0,0
14_sensor_ablation,drop_current_family,ProtectiveStop,10,231,217,2,1,1,1,1,0,0
14_sensor_ablation,drop_current_family,ProtectiveStop,10,232,218,2,1,1,1,1,0,0
14_sensor_ablation,drop_current_family,ProtectiveStop,10,233,219,2,0,1,0,1,0,1
14_sensor_ablation,drop_current_family,ProtectiveStop,10,234,220,1,1,1,1,1,0,0
14_sensor_ablation,drop_current_family,ProtectiveStop,10,235,221,1,1,1,1,1,0,0
14_sensor_ablation,drop_current_family,ProtectiveStop,10,236,222,1,0,0,0,0,1,0
14_sensor_ablation,drop_current_family,ProtectiveStop,10,237,223,1,1,1,1,1,0,0
14_sensor_ablation,drop_current_family,ProtectiveStop,10,238,224,1,0,0,0,0,1,0
14_sensor_ablation,drop_current_family,ProtectiveStop,10,239,225,1,1,1,1,1,0,0
14_sensor_ablation,drop_current_family,ProtectiveStop,10,240,226,1,1,1,1,1,0,0
14_sensor_ablation,drop_current_family,ProtectiveStop,10,241,227,1,0,0,0,0,1,0
14_sensor_ablation,drop_current_family,ProtectiveStop,10,242,228,1,1,1,1,1,0,0
14_sensor_ablation,drop_current_family,ProtectiveStop,10,243,229,1,0,0,0,0,1,0
14_sensor_ablation,drop_current_family,ProtectiveStop,10,245,230,1,0,0,0,0,1,0
14_sensor_ablation,drop_current_family,ProtectiveStop,10,246,231,1,1,1,1,1,0,0
14_sensor_ablation,drop_current_family,ProtectiveStop,10,247,232,1,1,1,1,1,0,0
14_sensor_ablation,drop_current_family,ProtectiveStop,10,248,233,1,0,0,0,0,1,0
14_sensor_ablation,drop_current_family,ProtectiveStop,10,249,234,1,1,1,1,1,0,0
14_sensor_ablation,drop_current_family,ProtectiveStop,10,250,235,1,1,1,1,1,0,0
14_sensor_ablation,drop_current_family,GripLost,1,1,1,1,0,0,0,1,0,1
14_sensor_ablation,drop_current_family,GripLost,1,2,2,1,1,0,0,1,0,0
14_sensor_ablation,drop_current_family,GripLost,1,3,3,1,0,0,0,0,1,0
14_sensor_ablation,drop_current_family,GripLost,1,4,4,1,0,0,0,0,1,0
14_sensor_ablation,drop_current_family,GripLost,1,5,5,1,1,0,0,1,0,0
14_sensor_ablation,drop_current_family,GripLost,1,6,6,1,1,0,0,1,0,0
14_sensor_ablation,drop_current_family,GripLost,1,8,8,1,0,0,0,0,1,0
14_sensor_ablation,drop_current_family,GripLost,1,9,9,1,0,0,0,0,1,0
14_sensor_ablation,drop_current_family,GripLost,1,10,10,1,0,0,0,0,1,0
14_sensor_ablation,drop_current_family,GripLost,1,11,11,1,0,0,0,0,1,0
14_sensor_ablation,drop_current_family,GripLost,1,12,12,1,0,0,0,0,1,0
14_sensor_ablation,drop_current_family,GripLost,1,13,13,1,0,0,0,0,1,0
14_sensor_ablation,drop_current_family,GripLost,1,14,14,1,1,0,0,1,0,0
14_sensor_ablation,drop_current_family,GripLost,1,15,15,1,1,0,0,1,0,0
14_sensor_ablation,drop_current_family,GripLost,1,16,16,1,0,0,0,0,1,0
14_sensor_ablation,drop_current_family,GripLost,1,17,17,1,0,0,0,0,1,0
14_sensor_ablation,drop_current_family,GripLost,1,18,18,1,0,0,0,0,1,0
14_sensor_ablation,drop_current_family,GripLost,1,19,19,1,0,0,0,0,1,0
14_sensor_ablation,drop_current_family,GripLost,1,20,20,1,0,0,0,0,1,0
14_sensor_ablation,drop_current_family,GripLost,1,21,21,1,0,0,0,0,1,0
14_sensor_ablation,drop_current_family,GripLost,1,22,22,1,0,0,0,1,0,1
14_sensor_ablation,drop_current_family,GripLost,1,23,23,1,0,0,0,0,1,0
14_sensor_ablation,drop_current_family,GripLost,1,24,24,1,0,0,0,0,1,0
14_sensor_ablation,drop_current_family,GripLost,1,25,25,1,0,0,0,0,1,0
14_sensor_ablation,drop_current_family,GripLost,2,26,26,1,0,0,0,0,1,0
14_sensor_ablation,drop_current_family,GripLost,2,27,27,1,0,0,0,0,1,0
14_sensor_ablation,drop_current_family,GripLost,2,28,28,1,0,0,0,0,1,0
14_sensor_ablation,drop_current_family,GripLost,2,29,29,1,0,0,0,0,1,0
14_sensor_ablation,drop_current_family,GripLost,2,30,30,1,0,0,0,0,1,0
14_sensor_ablation,drop_current_family,GripLost,2,31,31,1,0,0,0,0,1,0
14_sensor_ablation,drop_current_family,GripLost,2,32,32,1,0,0,0,0,1,0
14_sensor_ablation,drop_current_family,GripLost,2,33,33,1,0,0,0,0,1,0
14_sensor_ablation,drop_current_family,GripLost,2,34,34,1,0,0,0,0,1,0
14_sensor_ablation,drop_current_family,GripLost,2,35,35,1,0,0,0,1,0,1
14_sensor_ablation,drop_current_family,GripLost,2,36,36,1,1,0,0,1,0,0
14_sensor_ablation,drop_current_family,GripLost,2,37,37,1,0,0,0,0,1,0
14_sensor_ablation,drop_current_family,GripLost,2,38,38,1,0,0,0,0,1,0
14_sensor_ablation,drop_current_family,GripLost,2,39,39,1,1,0,0,1,0,0
14_sensor_ablation,drop_current_family,GripLost,2,40,40,1,1,0,0,1,0,0
14_sensor_ablation,drop_current_family,GripLost,2,41,41,1,0,0,0,0,1,0
14_sensor_ablation,drop_current_family,GripLost,2,42,42,1,0,0,0,1,0,1
14_sensor_ablation,drop_current_family,GripLost,2,43,43,1,0,0,0,0,1,0
14_sensor_ablation,drop_current_family,GripLost,2,44,44,1,0,0,0,0,1,0
14_sensor_ablation,drop_current_family,GripLost,2,45,45,1,0,0,0,0,1,0
14_sensor_ablation,drop_current_family,GripLost,2,48,48,1,0,0,0,0,1,0
14_sensor_ablation,drop_current_family,GripLost,2,49,49,1,0,0,0,0,1,0
14_sensor_ablation,drop_current_family,GripLost,2,50,50,1,0,0,0,0,1,0
14_sensor_ablation,drop_current_family,GripLost,3,51,51,1,0,0,0,0,1,0
14_sensor_ablation,drop_current_family,GripLost,3,52,52,1,0,0,0,0,1,0
14_sensor_ablation,drop_current_family,GripLost,3,53,53,1,0,0,0,1,0,1
14_sensor_ablation,drop_current_family,GripLost,3,54,54,1,0,0,0,0,1,0
14_sensor_ablation,drop_current_family,GripLost,3,55,55,1,0,0,0,0,1,0
14_sensor_ablation,drop_current_family,GripLost,3,56,56,1,0,0,0,0,1,0
14_sensor_ablation,drop_current_family,GripLost,3,57,57,1,0,0,0,0,1,0
14_sensor_ablation,drop_current_family,GripLost,3,58,58,1,0,0,0,0,1,0
14_sensor_ablation,drop_current_family,GripLost,3,59,59,1,0,0,0,0,1,0
14_sensor_ablation,drop_current_family,GripLost,3,60,60,1,0,0,0,0,1,0
14_sensor_ablation,drop_current_family,GripLost,3,61,61,1,0,0,0,0,1,0
14_sensor_ablation,drop_current_family,GripLost,3,62,62,1,0,0,0,0,1,0
14_sensor_ablation,drop_current_family,GripLost,3,63,63,1,1,1,1,1,0,0
14_sensor_ablation,drop_current_family,GripLost,3,64,64,1,1,1,1,1,0,0
14_sensor_ablation,drop_current_family,GripLost,3,65,65,1,1,0,0,1,0,0
14_sensor_ablation,drop_current_family,GripLost,3,66,66,1,0,0,0,0,1,0
14_sensor_ablation,drop_current_family,GripLost,3,67,67,1,1,1,1,1,0,0
14_sensor_ablation,drop_current_family,GripLost,3,68,68,1,0,0,0,0,1,0
14_sensor_ablation,drop_current_family,GripLost,3,69,69,1,1,1,1,1,0,0
14_sensor_ablation,drop_current_family,GripLost,3,70,70,1,0,0,0,0,1,0
14_sensor_ablation,drop_current_family,GripLost,3,71,71,1,0,0,0,0,1,0
14_sensor_ablation,drop_current_family,GripLost,3,72,72,1,0,1,0,0,1,0
14_sensor_ablation,drop_current_family,GripLost,3,73,73,1,0,0,0,0,1,0
14_sensor_ablation,drop_current_family,GripLost,3,75,74,1,0,1,0,0,1,0
14_sensor_ablation,drop_current_family,GripLost,4,76,75,1,1,0,0,1,0,0
14_sensor_ablation,drop_current_family,GripLost,4,85,84,1,0,0,0,0,1,0
14_sensor_ablation,drop_current_family,GripLost,4,86,85,1,1,0,0,1,0,0
14_sensor_ablation,drop_current_family,GripLost,4,87,86,1,0,0,0,1,0,1
14_sensor_ablation,drop_current_family,GripLost,4,88,87,1,0,0,0,0,1,0
14_sensor_ablation,drop_current_family,GripLost,4,89,88,1,0,0,0,0,1,0
14_sensor_ablation,drop_current_family,GripLost,4,90,89,1,0,0,0,0,1,0
14_sensor_ablation,drop_current_family,GripLost,4,91,90,1,1,0,0,1,0,0
14_sensor_ablation,drop_current_family,GripLost,4,92,91,1,1,1,1,1,0,0
14_sensor_ablation,drop_current_family,GripLost,4,93,92,1,0,0,0,0,1,0
14_sensor_ablation,drop_current_family,GripLost,4,94,93,1,0,0,0,0,1,0
14_sensor_ablation,drop_current_family,GripLost,4,95,94,1,1,1,1,1,0,0
14_sensor_ablation,drop_current_family,GripLost,4,96,95,1,1,1,1,1,0,0
14_sensor_ablation,drop_current_family,GripLost,4,97,96,1,1,1,1,1,0,0
14_sensor_ablation,drop_current_family,GripLost,4,98,97,1,0,0,0,0,1,0
14_sensor_ablation,drop_current_family,GripLost,4,99,98,1,0,0,0,1,0,1
14_sensor_ablation,drop_current_family,GripLost,4,100,99,1,0,0,0,0,1,0
14_sensor_ablation,drop_current_family,GripLost,5,101,100,1,0,0,0,0,1,0
14_sensor_ablation,drop_current_family,GripLost,5,102,101,1,0,1,0,0,1,0
14_sensor_ablation,drop_current_family,GripLost,5,103,102,1,0,0,0,1,0,1
14_sensor_ablation,drop_current_family,GripLost,5,104,103,1,0,0,0,0,1,0
14_sensor_ablation,drop_current_family,GripLost,5,105,104,1,1,1,1,1,0,0
14_sensor_ablation,drop_current_family,GripLost,5,106,105,1,0,0,0,0,1,0
14_sensor_ablation,drop_current_family,GripLost,5,107,106,1,0,0,0,0,1,0
14_sensor_ablation,drop_current_family,GripLost,5,108,107,1,0,0,0,1,0,1
14_sensor_ablation,drop_current_family,GripLost,5,109,108,1,0,0,0,0,1,0
14_sensor_ablation,drop_current_family,GripLost,5,110,109,1,0,0,0,0,1,0
14_sensor_ablation,drop_current_family,GripLost,5,111,110,1,0,0,0,0,1,0
14_sensor_ablation,drop_current_family,GripLost,5,112,111,1,0,0,0,0,1,0
14_sensor_ablation,drop_current_family,GripLost,5,113,112,1,0,0,0,0,1,0
14_sensor_ablation,drop_current_family,GripLost,5,114,113,1,0,0,0,0,1,0
14_sensor_ablation,drop_current_family,GripLost,5,115,114,1,0,0,0,1,0,1
14_sensor_ablation,drop_current_family,GripLost,5,116,115,1,0,0,0,0,1,0
14_sensor_ablation,drop_current_family,GripLost,5,117,116,1,0,0,0,1,0,1
14_sensor_ablation,drop_current_family,GripLost,5,118,117,1,0,0,0,1,0,1
14_sensor_ablation,drop_current_family,GripLost,5,119,118,1,0,0,0,0,1,0
14_sensor_ablation,drop_current_family,GripLost,5,120,119,1,0,0,0,0,1,0
14_sensor_ablation,drop_current_family,GripLost,5,121,120,1,0,0,0,0,1,0
14_sensor_ablation,drop_current_family,GripLost,5,122,121,1,0,0,0,0,1,0
14_sensor_ablation,drop_current_family,GripLost,5,123,122,1,0,0,0,0,1,0
14_sensor_ablation,drop_current_family,GripLost,5,124,123,1,0,0,0,0,1,0
14_sensor_ablation,drop_current_family,GripLost,5,125,124,1,0,0,0,0,1,0
14_sensor_ablation,drop_current_family,GripLost,7,151,129,1,0,0,0,0,1,0
14_sensor_ablation,drop_current_family,GripLost,7,152,130,1,0,0,0,1,0,1
14_sensor_ablation,drop_current_family,GripLost,7,153,131,1,0,0,0,0,1,0
14_sensor_ablation,drop_current_family,GripLost,7,154,132,1,0,0,0,0,1,0
14_sensor_ablation,drop_current_family,GripLost,7,155,133,1,0,0,0,0,1,0
14_sensor_ablation,drop_current_family,GripLost,7,156,134,1,0,0,0,0,1,0
14_sensor_ablation,drop_current_family,GripLost,7,157,135,1,0,0,0,0,1,0
14_sensor_ablation,drop_current_family,GripLost,7,159,137,1,0,0,0,1,0,1
14_sensor_ablation,drop_current_family,GripLost,7,160,138,1,1,0,0,1,0,0
14_sensor_ablation,drop_current_family,GripLost,7,161,139,1,0,0,0,0,1,0
14_sensor_ablation,drop_current_family,GripLost,7,162,140,1,0,0,0,0,1,0
14_sensor_ablation,drop_current_family,GripLost,7,163,141,1,0,0,0,1,0,1
14_sensor_ablation,drop_current_family,GripLost,7,164,142,1,1,1,1,1,0,0
14_sensor_ablation,drop_current_family,GripLost,7,165,143,1,0,0,0,0,1,0
14_sensor_ablation,drop_current_family,GripLost,7,166,144,1,0,0,0,0,1,0
14_sensor_ablation,drop_current_family,GripLost,7,167,145,1,0,0,0,0,1,0
14_sensor_ablation,drop_current_family,GripLost,7,168,146,1,0,0,0,0,1,0
14_sensor_ablation,drop_current_family,GripLost,7,169,147,1,0,0,0,0,1,0
14_sensor_ablation,drop_current_family,GripLost,7,170,148,1,0,0,0,1,0,1
14_sensor_ablation,drop_current_family,GripLost,7,171,149,1,0,0,0,0,1,0
14_sensor_ablation,drop_current_family,GripLost,7,172,150,1,0,0,0,0,1,0
14_sensor_ablation,drop_current_family,GripLost,7,173,151,1,1,0,0,1,0,0
14_sensor_ablation,drop_current_family,GripLost,7,174,152,1,1,1,1,1,0,0
14_sensor_ablation,drop_current_family,GripLost,7,175,153,1,0,0,0,1,0,1
14_sensor_ablation,drop_current_family,GripLost,8,176,154,1,0,0,0,0,1,0
14_sensor_ablation,drop_current_family,GripLost,8,177,155,1,0,0,0,0,1,0
14_sensor_ablation,drop_current_family,GripLost,8,178,156,1,0,0,0,0,1,0
14_sensor_ablation,drop_current_family,GripLost,8,179,157,1,0,0,0,0,1,0
14_sensor_ablation,drop_current_family,GripLost,8,180,158,1,1,1,1,1,0,0
14_sensor_ablation,drop_current_family,GripLost,8,181,159,1,0,0,0,0,1,0
14_sensor_ablation,drop_current_family,GripLost,8,182,160,1,0,0,0,1,0,1
14_sensor_ablation,drop_current_family,GripLost,8,183,161,1,0,0,0,1,0,1
14_sensor_ablation,drop_current_family,GripLost,8,184,162,1,0,0,0,0,1,0
14_sensor_ablation,drop_current_family,GripLost,8,185,163,1,0,0,0,1,0,1
14_sensor_ablation,drop_current_family,GripLost,8,199,176,1,0,0,0,0,1,0
14_sensor_ablation,drop_current_family,GripLost,8,200,177,1,1,1,1,1,0,0
14_sensor_ablation,drop_current_family,GripLost,9,201,178,1,0,0,0,1,0,1
14_sensor_ablation,drop_current_family,GripLost,9,202,179,1,1,1,1,1,0,0
14_sensor_ablation,drop_current_family,GripLost,9,203,180,1,0,0,0,0,1,0
14_sensor_ablation,drop_current_family,GripLost,9,204,181,1,0,0,0,1,0,1
14_sensor_ablation,drop_current_family,GripLost,9,205,182,1,0,0,0,0,1,0
14_sensor_ablation,drop_current_family,GripLost,9,206,183,1,0,0,0,1,0,1
14_sensor_ablation,drop_current_family,GripLost,9,207,184,1,0,1,0,0,1,0
14_sensor_ablation,drop_current_family,GripLost,9,208,185,1,1,1,1,1,0,0
14_sensor_ablation,drop_current_family,GripLost,9,209,186,1,0,0,0,0,1,0
14_sensor_ablation,drop_current_family,GripLost,9,210,187,1,0,0,0,1,0,1
14_sensor_ablation,drop_current_family,GripLost,9,211,188,1,0,0,0,0,1,0
14_sensor_ablation,drop_current_family,GripLost,9,212,189,1,0,0,0,1,0,1
14_sensor_ablation,drop_current_family,GripLost,9,213,190,1,0,0,0,0,1,0
14_sensor_ablation,drop_current_family,GripLost,9,214,191,1,1,1,1,1,0,0
14_sensor_ablation,drop_current_family,GripLost,9,215,192,1,0,1,0,1,0,1
14_sensor_ablation,drop_current_family,GripLost,9,216,193,1,1,0,0,1,0,0
14_sensor_ablation,drop_current_family,GripLost,9,217,194,1,0,0,0,1,0,1
14_sensor_ablation,drop_current_family,GripLost,9,218,195,1,0,0,0,1,0,1
14_sensor_ablation,drop_current_family,GripLost,9,219,196,1,1,0,0,1,0,0
14_sensor_ablation,drop_current_family,GripLost,9,220,197,1,0,0,0,1,0,1
14_sensor_ablation,drop_current_family,GripLost,9,221,198,1,1,0,0,1,0,0
14_sensor_ablation,drop_current_family,GripLost,9,222,199,1,0,0,0,1,0,1
14_sensor_ablation,drop_current_family,GripLost,9,223,200,1,0,0,0,1,0,1
14_sensor_ablation,drop_current_family,GripLost,9,224,201,1,0,0,0,1,0,1
14_sensor_ablation,drop_current_family,GripLost,9,225,202,1,0,0,0,1,0,1
14_sensor_ablation,drop_current_family,GripLost,9,224,210,2,0,0,0,1,0,1
14_sensor_ablation,drop_current_family,GripLost,10,226,203,1,0,0,0,1,0,1
14_sensor_ablation,drop_current_family,GripLost,10,227,204,1,0,0,0,1,0,1
14_sensor_ablation,drop_current_family,GripLost,10,229,205,1,0,0,0,1,0,1
14_sensor_ablation,drop_current_family,GripLost,10,230,206,1,0,0,0,1,0,1
14_sensor_ablation,drop_current_family,GripLost,10,231,207,1,0,1,0,1,0,1
14_sensor_ablation,drop_current_family,GripLost,10,232,208,1,0,0,0,0,1,0
14_sensor_ablation,drop_current_family,GripLost,10,233,209,1,0,0,0,1,0,1
14_sensor_ablation,drop_current_family,GripLost,10,230,216,2,0,0,0,1,0,1
14_sensor_ablation,drop_current_family,GripLost,10,231,217,2,0,0,0,1,0,1
14_sensor_ablation,drop_current_family,GripLost,10,232,218,2,1,0,0,1,0,0
14_sensor_ablation,drop_current_family,GripLost,10,233,219,2,1,0,0,1,0,0
14_sensor_ablation,drop_current_family,GripLost,10,234,220,1,1,0,0,1,0,0
14_sensor_ablation,drop_current_family,GripLost,10,235,221,1,0,0,0,1,0,1
14_sensor_ablation,drop_current_family,GripLost,10,236,222,1,0,0,0,0,1,0
14_sensor_ablation,drop_current_family,GripLost,10,237,223,1,1,0,0,1,0,0
14_sensor_ablation,drop_current_family,GripLost,10,238,224,1,0,0,0,0,1,0
14_sensor_ablation,drop_current_family,GripLost,10,239,225,1,0,0,0,1,0,1
14_sensor_ablation,drop_current_family,GripLost,10,240,226,1,0,0,0,1,0,1
14_sensor_ablation,drop_current_family,GripLost,10,241,227,1,0,0,0,0,1,0
14_sensor_ablation,drop_current_family,GripLost,10,242,228,1,0,0,0,1,0,1
14_sensor_ablation,drop_current_family,GripLost,10,243,229,1,0,0,0,0,1,0
14_sensor_ablation,drop_current_family,GripLost,10,245,230,1,0,0,0,0,1,0
14_sensor_ablation,drop_current_family,GripLost,10,246,231,1,0,0,0,1,0,1
14_sensor_ablation,drop_current_family,GripLost,10,247,232,1,1,0,0,1,0,0
14_sensor_ablation,drop_current_family,GripLost,10,248,233,1,0,0,0,0,1,0
14_sensor_ablation,drop_current_family,GripLost,10,249,234,1,0,0,0,1,0,1
14_sensor_ablation,drop_current_family,GripLost,10,250,235,1,1,0,0,1,0,0
14_sensor_ablation,drop_speed,System_Failure,1,1,1,1,1,0,0,1,0,0
14_sensor_ablation,drop_speed,System_Failure,1,2,2,1,1,1,1,1,0,0
14_sensor_ablation,drop_speed,System_Failure,1,3,3,1,0,0,0,0,1,0
14_sensor_ablation,drop_speed,System_Failure,1,4,4,1,0,0,0,0,1,0
14_sensor_ablation,drop_speed,System_Failure,1,5,5,1,1,1,1,1,0,0
14_sensor_ablation,drop_speed,System_Failure,1,6,6,1,1,1,1,1,0,0
14_sensor_ablation,drop_speed,System_Failure,1,8,8,1,0,0,0,0,1,0
14_sensor_ablation,drop_speed,System_Failure,1,9,9,1,0,0,0,0,1,0
14_sensor_ablation,drop_speed,System_Failure,1,10,10,1,0,0,0,0,1,0
14_sensor_ablation,drop_speed,System_Failure,1,11,11,1,0,0,0,0,1,0
14_sensor_ablation,drop_speed,System_Failure,1,12,12,1,0,0,0,0,1,0
14_sensor_ablation,drop_speed,System_Failure,1,13,13,1,0,0,0,0,1,0
14_sensor_ablation,drop_speed,System_Failure,1,14,14,1,1,1,1,1,0,0
14_sensor_ablation,drop_speed,System_Failure,1,15,15,1,1,0,0,1,0,0
14_sensor_ablation,drop_speed,System_Failure,1,16,16,1,0,0,0,0,1,0
14_sensor_ablation,drop_speed,System_Failure,1,17,17,1,0,0,0,0,1,0
14_sensor_ablation,drop_speed,System_Failure,1,18,18,1,0,0,0,0,1,0
14_sensor_ablation,drop_speed,System_Failure,1,19,19,1,0,0,0,0,1,0
14_sensor_ablation,drop_speed,System_Failure,1,20,20,1,0,0,0,0,1,0
14_sensor_ablation,drop_speed,System_Failure,1,21,21,1,0,0,0,0,1,0
14_sensor_ablation,drop_speed,System_Failure,1,22,22,1,1,1,1,1,0,0
14_sensor_ablation,drop_speed,System_Failure,1,23,23,1,0,0,0,0,1,0
14_sensor_ablation,drop_speed,System_Failure,1,24,24,1,0,0,0,0,1,0
14_sensor_ablation,drop_speed,System_Failure,1,25,25,1,0,0,0,0,1,0
14_sensor_ablation,drop_speed,System_Failure,2,26,26,1,0,0,0,0,1,0
14_sensor_ablation,drop_speed,System_Failure,2,27,27,1,0,0,0,0,1,0
14_sensor_ablation,drop_speed,System_Failure,2,28,28,1,0,0,0,0,1,0
14_sensor_ablation,drop_speed,System_Failure,2,29,29,1,0,0,0,0,1,0
14_sensor_ablation,drop_speed,System_Failure,2,30,30,1,0,0,0,0,1,0
14_sensor_ablation,drop_speed,System_Failure,2,31,31,1,0,0,0,0,1,0
14_sensor_ablation,drop_speed,System_Failure,2,32,32,1,0,0,0,0,1,0
14_sensor_ablation,drop_speed,System_Failure,2,33,33,1,0,0,0,0,1,0
14_sensor_ablation,drop_speed,System_Failure,2,34,34,1,0,0,0,0,1,0
14_sensor_ablation,drop_speed,System_Failure,2,35,35,1,1,1,1,1,0,0
14_sensor_ablation,drop_speed,System_Failure,2,36,36,1,1,1,1,1,0,0
14_sensor_ablation,drop_speed,System_Failure,2,37,37,1,0,0,0,0,1,0
14_sensor_ablation,drop_speed,System_Failure,2,38,38,1,0,0,0,0,1,0
14_sensor_ablation,drop_speed,System_Failure,2,39,39,1,1,1,1,1,0,0
14_sensor_ablation,drop_speed,System_Failure,2,40,40,1,1,1,1,1,0,0
14_sensor_ablation,drop_speed,System_Failure,2,41,41,1,0,0,0,0,1,0
14_sensor_ablation,drop_speed,System_Failure,2,42,42,1,1,1,1,1,0,0
14_sensor_ablation,drop_speed,System_Failure,2,43,43,1,0,0,0,0,1,0
14_sensor_ablation,drop_speed,System_Failure,2,44,44,1,0,0,0,0,1,0
14_sensor_ablation,drop_speed,System_Failure,2,45,45,1,0,0,0,0,1,0
14_sensor_ablation,drop_speed,System_Failure,2,48,48,1,0,0,0,0,1,0
14_sensor_ablation,drop_speed,System_Failure,2,49,49,1,0,0,0,0,1,0
14_sensor_ablation,drop_speed,System_Failure,2,50,50,1,0,0,0,0,1,0
14_sensor_ablation,drop_speed,System_Failure,3,51,51,1,0,0,0,0,1,0
14_sensor_ablation,drop_speed,System_Failure,3,52,52,1,0,0,0,0,1,0
14_sensor_ablation,drop_speed,System_Failure,3,53,53,1,1,1,1,1,0,0
14_sensor_ablation,drop_speed,System_Failure,3,54,54,1,0,0,0,0,1,0
14_sensor_ablation,drop_speed,System_Failure,3,55,55,1,0,0,0,0,1,0
14_sensor_ablation,drop_speed,System_Failure,3,56,56,1,0,0,0,0,1,0
14_sensor_ablation,drop_speed,System_Failure,3,57,57,1,0,0,0,0,1,0
14_sensor_ablation,drop_speed,System_Failure,3,58,58,1,0,0,0,0,1,0
14_sensor_ablation,drop_speed,System_Failure,3,59,59,1,0,0,0,0,1,0
14_sensor_ablation,drop_speed,System_Failure,3,60,60,1,0,0,0,0,1,0
14_sensor_ablation,drop_speed,System_Failure,3,61,61,1,0,0,0,0,1,0
14_sensor_ablation,drop_speed,System_Failure,3,62,62,1,0,1,0,0,1,0
14_sensor_ablation,drop_speed,System_Failure,3,63,63,1,1,1,1,1,0,0
14_sensor_ablation,drop_speed,System_Failure,3,64,64,1,1,1,1,1,0,0
14_sensor_ablation,drop_speed,System_Failure,3,65,65,1,1,1,1,1,0,0
14_sensor_ablation,drop_speed,System_Failure,3,66,66,1,0,0,0,0,1,0
14_sensor_ablation,drop_speed,System_Failure,3,67,67,1,1,1,1,1,0,0
14_sensor_ablation,drop_speed,System_Failure,3,68,68,1,0,0,0,0,1,0
14_sensor_ablation,drop_speed,System_Failure,3,69,69,1,1,1,1,1,0,0
14_sensor_ablation,drop_speed,System_Failure,3,70,70,1,0,0,0,0,1,0
14_sensor_ablation,drop_speed,System_Failure,3,71,71,1,0,1,0,0,1,0
14_sensor_ablation,drop_speed,System_Failure,3,72,72,1,0,0,0,0,1,0
14_sensor_ablation,drop_speed,System_Failure,3,73,73,1,0,0,0,0,1,0
14_sensor_ablation,drop_speed,System_Failure,3,75,74,1,0,0,0,0,1,0
14_sensor_ablation,drop_speed,System_Failure,4,76,75,1,1,1,1,1,0,0
14_sensor_ablation,drop_speed,System_Failure,4,85,84,1,0,0,0,0,1,0
14_sensor_ablation,drop_speed,System_Failure,4,86,85,1,1,1,1,1,0,0
14_sensor_ablation,drop_speed,System_Failure,4,87,86,1,1,1,1,1,0,0
14_sensor_ablation,drop_speed,System_Failure,4,88,87,1,0,0,0,0,1,0
14_sensor_ablation,drop_speed,System_Failure,4,89,88,1,0,0,0,0,1,0
14_sensor_ablation,drop_speed,System_Failure,4,90,89,1,0,0,0,0,1,0
14_sensor_ablation,drop_speed,System_Failure,4,91,90,1,1,1,1,1,0,0
14_sensor_ablation,drop_speed,System_Failure,4,92,91,1,1,1,1,1,0,0
14_sensor_ablation,drop_speed,System_Failure,4,93,92,1,0,0,0,0,1,0
14_sensor_ablation,drop_speed,System_Failure,4,94,93,1,0,0,0,0,1,0
14_sensor_ablation,drop_speed,System_Failure,4,95,94,1,1,1,1,1,0,0
14_sensor_ablation,drop_speed,System_Failure,4,96,95,1,1,1,1,1,0,0
14_sensor_ablation,drop_speed,System_Failure,4,97,96,1,1,1,1,1,0,0
14_sensor_ablation,drop_speed,System_Failure,4,98,97,1,0,0,0,0,1,0
14_sensor_ablation,drop_speed,System_Failure,4,99,98,1,1,1,1,1,0,0
14_sensor_ablation,drop_speed,System_Failure,4,100,99,1,0,0,0,0,1,0
14_sensor_ablation,drop_speed,System_Failure,5,101,100,1,0,0,0,0,1,0
14_sensor_ablation,drop_speed,System_Failure,5,102,101,1,0,0,0,0,1,0
14_sensor_ablation,drop_speed,System_Failure,5,103,102,1,1,1,1,1,0,0
14_sensor_ablation,drop_speed,System_Failure,5,104,103,1,0,0,0,0,1,0
14_sensor_ablation,drop_speed,System_Failure,5,105,104,1,1,1,1,1,0,0
14_sensor_ablation,drop_speed,System_Failure,5,106,105,1,0,0,0,0,1,0
14_sensor_ablation,drop_speed,System_Failure,5,107,106,1,0,0,0,0,1,0
14_sensor_ablation,drop_speed,System_Failure,5,108,107,1,1,1,1,1,0,0
14_sensor_ablation,drop_speed,System_Failure,5,109,108,1,0,0,0,0,1,0
14_sensor_ablation,drop_speed,System_Failure,5,110,109,1,0,0,0,0,1,0
14_sensor_ablation,drop_speed,System_Failure,5,111,110,1,0,0,0,0,1,0
14_sensor_ablation,drop_speed,System_Failure,5,112,111,1,0,0,0,0,1,0
14_sensor_ablation,drop_speed,System_Failure,5,113,112,1,0,0,0,0,1,0
14_sensor_ablation,drop_speed,System_Failure,5,114,113,1,0,0,0,0,1,0
14_sensor_ablation,drop_speed,System_Failure,5,115,114,1,1,1,1,1,0,0
14_sensor_ablation,drop_speed,System_Failure,5,116,115,1,0,0,0,0,1,0
14_sensor_ablation,drop_speed,System_Failure,5,117,116,1,1,1,1,1,0,0
14_sensor_ablation,drop_speed,System_Failure,5,118,117,1,1,1,1,1,0,0
14_sensor_ablation,drop_speed,System_Failure,5,119,118,1,0,0,0,0,1,0
14_sensor_ablation,drop_speed,System_Failure,5,120,119,1,0,0,0,0,1,0
14_sensor_ablation,drop_speed,System_Failure,5,121,120,1,0,0,0,0,1,0
14_sensor_ablation,drop_speed,System_Failure,5,122,121,1,0,0,0,0,1,0
14_sensor_ablation,drop_speed,System_Failure,5,123,122,1,0,0,0,0,1,0
14_sensor_ablation,drop_speed,System_Failure,5,124,123,1,0,0,0,0,1,0
14_sensor_ablation,drop_speed,System_Failure,5,125,124,1,0,0,0,0,1,0
14_sensor_ablation,drop_speed,System_Failure,7,151,129,1,0,0,0,0,1,0
14_sensor_ablation,drop_speed,System_Failure,7,152,130,1,1,1,1,1,0,0
14_sensor_ablation,drop_speed,System_Failure,7,153,131,1,0,0,0,0,1,0
14_sensor_ablation,drop_speed,System_Failure,7,154,132,1,0,0,0,0,1,0
14_sensor_ablation,drop_speed,System_Failure,7,155,133,1,0,0,0,0,1,0
14_sensor_ablation,drop_speed,System_Failure,7,156,134,1,0,0,0,0,1,0
14_sensor_ablation,drop_speed,System_Failure,7,157,135,1,0,0,0,0,1,0
14_sensor_ablation,drop_speed,System_Failure,7,159,137,1,1,1,1,1,0,0
14_sensor_ablation,drop_speed,System_Failure,7,160,138,1,1,0,0,1,0,0
14_sensor_ablation,drop_speed,System_Failure,7,161,139,1,0,0,0,0,1,0
14_sensor_ablation,drop_speed,System_Failure,7,162,140,1,0,0,0,0,1,0
14_sensor_ablation,drop_speed,System_Failure,7,163,141,1,1,1,1,1,0,0
14_sensor_ablation,drop_speed,System_Failure,7,164,142,1,1,1,1,1,0,0
14_sensor_ablation,drop_speed,System_Failure,7,165,143,1,0,0,0,0,1,0
14_sensor_ablation,drop_speed,System_Failure,7,166,144,1,0,0,0,0,1,0
14_sensor_ablation,drop_speed,System_Failure,7,167,145,1,0,0,0,0,1,0
14_sensor_ablation,drop_speed,System_Failure,7,168,146,1,0,0,0,0,1,0
14_sensor_ablation,drop_speed,System_Failure,7,169,147,1,0,0,0,0,1,0
14_sensor_ablation,drop_speed,System_Failure,7,170,148,1,1,1,1,1,0,0
14_sensor_ablation,drop_speed,System_Failure,7,171,149,1,0,0,0,0,1,0
14_sensor_ablation,drop_speed,System_Failure,7,172,150,1,0,0,0,0,1,0
14_sensor_ablation,drop_speed,System_Failure,7,173,151,1,1,1,1,1,0,0
14_sensor_ablation,drop_speed,System_Failure,7,174,152,1,1,1,1,1,0,0
14_sensor_ablation,drop_speed,System_Failure,7,175,153,1,1,1,1,1,0,0
14_sensor_ablation,drop_speed,System_Failure,8,176,154,1,0,0,0,0,1,0
14_sensor_ablation,drop_speed,System_Failure,8,177,155,1,0,0,0,0,1,0
14_sensor_ablation,drop_speed,System_Failure,8,178,156,1,0,0,0,0,1,0
14_sensor_ablation,drop_speed,System_Failure,8,179,157,1,0,0,0,0,1,0
14_sensor_ablation,drop_speed,System_Failure,8,180,158,1,1,1,1,1,0,0
14_sensor_ablation,drop_speed,System_Failure,8,181,159,1,0,0,0,0,1,0
14_sensor_ablation,drop_speed,System_Failure,8,182,160,1,1,1,1,1,0,0
14_sensor_ablation,drop_speed,System_Failure,8,183,161,1,1,1,1,1,0,0
14_sensor_ablation,drop_speed,System_Failure,8,184,162,1,0,0,0,0,1,0
14_sensor_ablation,drop_speed,System_Failure,8,185,163,1,1,1,1,1,0,0
14_sensor_ablation,drop_speed,System_Failure,8,199,176,1,0,0,0,0,1,0
14_sensor_ablation,drop_speed,System_Failure,8,200,177,1,1,1,1,1,0,0
14_sensor_ablation,drop_speed,System_Failure,9,201,178,1,1,1,1,1,0,0
14_sensor_ablation,drop_speed,System_Failure,9,202,179,1,1,1,1,1,0,0
14_sensor_ablation,drop_speed,System_Failure,9,203,180,1,0,0,0,0,1,0
14_sensor_ablation,drop_speed,System_Failure,9,204,181,1,1,1,1,1,0,0
14_sensor_ablation,drop_speed,System_Failure,9,205,182,1,0,0,0,0,1,0
14_sensor_ablation,drop_speed,System_Failure,9,206,183,1,1,1,1,1,0,0
14_sensor_ablation,drop_speed,System_Failure,9,207,184,1,0,0,0,0,1,0
14_sensor_ablation,drop_speed,System_Failure,9,208,185,1,1,1,1,1,0,0
14_sensor_ablation,drop_speed,System_Failure,9,209,186,1,0,0,0,0,1,0
14_sensor_ablation,drop_speed,System_Failure,9,210,187,1,1,1,1,1,0,0
14_sensor_ablation,drop_speed,System_Failure,9,211,188,1,0,0,0,0,1,0
14_sensor_ablation,drop_speed,System_Failure,9,212,189,1,1,1,1,1,0,0
14_sensor_ablation,drop_speed,System_Failure,9,213,190,1,0,1,0,0,1,0
14_sensor_ablation,drop_speed,System_Failure,9,214,191,1,1,1,1,1,0,0
14_sensor_ablation,drop_speed,System_Failure,9,215,192,1,1,1,1,1,0,0
14_sensor_ablation,drop_speed,System_Failure,9,216,193,1,1,1,1,1,0,0
14_sensor_ablation,drop_speed,System_Failure,9,217,194,1,1,1,1,1,0,0
14_sensor_ablation,drop_speed,System_Failure,9,218,195,1,1,1,1,1,0,0
14_sensor_ablation,drop_speed,System_Failure,9,219,196,1,1,1,1,1,0,0
14_sensor_ablation,drop_speed,System_Failure,9,220,197,1,1,1,1,1,0,0
14_sensor_ablation,drop_speed,System_Failure,9,221,198,1,1,1,1,1,0,0
14_sensor_ablation,drop_speed,System_Failure,9,222,199,1,1,1,1,1,0,0
14_sensor_ablation,drop_speed,System_Failure,9,223,200,1,1,1,1,1,0,0
14_sensor_ablation,drop_speed,System_Failure,9,224,201,1,1,1,1,1,0,0
14_sensor_ablation,drop_speed,System_Failure,9,225,202,1,1,1,1,1,0,0
14_sensor_ablation,drop_speed,System_Failure,9,224,210,2,1,1,1,1,0,0
14_sensor_ablation,drop_speed,System_Failure,10,226,203,1,1,1,1,1,0,0
14_sensor_ablation,drop_speed,System_Failure,10,227,204,1,1,1,1,1,0,0
14_sensor_ablation,drop_speed,System_Failure,10,229,205,1,1,1,1,1,0,0
14_sensor_ablation,drop_speed,System_Failure,10,230,206,1,1,1,1,1,0,0
14_sensor_ablation,drop_speed,System_Failure,10,231,207,1,1,1,1,1,0,0
14_sensor_ablation,drop_speed,System_Failure,10,232,208,1,0,0,0,0,1,0
14_sensor_ablation,drop_speed,System_Failure,10,233,209,1,1,1,1,1,0,0
14_sensor_ablation,drop_speed,System_Failure,10,230,216,2,1,1,1,1,0,0
14_sensor_ablation,drop_speed,System_Failure,10,231,217,2,1,1,1,1,0,0
14_sensor_ablation,drop_speed,System_Failure,10,232,218,2,1,1,1,1,0,0
14_sensor_ablation,drop_speed,System_Failure,10,233,219,2,1,1,1,1,0,0
14_sensor_ablation,drop_speed,System_Failure,10,234,220,1,1,1,1,1,0,0
14_sensor_ablation,drop_speed,System_Failure,10,235,221,1,1,1,1,1,0,0
14_sensor_ablation,drop_speed,System_Failure,10,236,222,1,0,0,0,0,1,0
14_sensor_ablation,drop_speed,System_Failure,10,237,223,1,1,1,1,1,0,0
14_sensor_ablation,drop_speed,System_Failure,10,238,224,1,0,1,0,0,1,0
14_sensor_ablation,drop_speed,System_Failure,10,239,225,1,1,1,1,1,0,0
14_sensor_ablation,drop_speed,System_Failure,10,240,226,1,1,1,1,1,0,0
14_sensor_ablation,drop_speed,System_Failure,10,241,227,1,0,0,0,0,1,0
14_sensor_ablation,drop_speed,System_Failure,10,242,228,1,1,1,1,1,0,0
14_sensor_ablation,drop_speed,System_Failure,10,243,229,1,0,0,0,0,1,0
14_sensor_ablation,drop_speed,System_Failure,10,245,230,1,0,0,0,0,1,0
14_sensor_ablation,drop_speed,System_Failure,10,246,231,1,1,1,1,1,0,0
14_sensor_ablation,drop_speed,System_Failure,10,247,232,1,1,1,1,1,0,0
14_sensor_ablation,drop_speed,System_Failure,10,248,233,1,0,0,0,0,1,0
14_sensor_ablation,drop_speed,System_Failure,10,249,234,1,1,1,1,1,0,0
14_sensor_ablation,drop_speed,System_Failure,10,250,235,1,1,1,1,1,0,0
14_sensor_ablation,drop_speed,ProtectiveStop,1,1,1,1,1,0,0,1,0,0
14_sensor_ablation,drop_speed,ProtectiveStop,1,2,2,1,0,0,0,1,0,1
14_sensor_ablation,drop_speed,ProtectiveStop,1,3,3,1,0,0,0,0,1,0
14_sensor_ablation,drop_speed,ProtectiveStop,1,4,4,1,0,0,0,0,1,0
14_sensor_ablation,drop_speed,ProtectiveStop,1,5,5,1,0,0,0,1,0,1
14_sensor_ablation,drop_speed,ProtectiveStop,1,6,6,1,0,0,0,1,0,1
14_sensor_ablation,drop_speed,ProtectiveStop,1,8,8,1,0,0,0,0,1,0
14_sensor_ablation,drop_speed,ProtectiveStop,1,9,9,1,0,0,0,0,1,0
14_sensor_ablation,drop_speed,ProtectiveStop,1,10,10,1,0,0,0,0,1,0
14_sensor_ablation,drop_speed,ProtectiveStop,1,11,11,1,0,0,0,0,1,0
14_sensor_ablation,drop_speed,ProtectiveStop,1,12,12,1,0,0,0,0,1,0
14_sensor_ablation,drop_speed,ProtectiveStop,1,13,13,1,0,0,0,0,1,0
14_sensor_ablation,drop_speed,ProtectiveStop,1,14,14,1,0,0,0,1,0,1
14_sensor_ablation,drop_speed,ProtectiveStop,1,15,15,1,0,0,0,1,0,1
14_sensor_ablation,drop_speed,ProtectiveStop,1,16,16,1,0,0,0,0,1,0
14_sensor_ablation,drop_speed,ProtectiveStop,1,17,17,1,0,0,0,0,1,0
14_sensor_ablation,drop_speed,ProtectiveStop,1,18,18,1,0,0,0,0,1,0
14_sensor_ablation,drop_speed,ProtectiveStop,1,19,19,1,0,0,0,0,1,0
14_sensor_ablation,drop_speed,ProtectiveStop,1,20,20,1,0,0,0,0,1,0
14_sensor_ablation,drop_speed,ProtectiveStop,1,21,21,1,0,0,0,0,1,0
14_sensor_ablation,drop_speed,ProtectiveStop,1,22,22,1,1,1,1,1,0,0
14_sensor_ablation,drop_speed,ProtectiveStop,1,23,23,1,0,0,0,0,1,0
14_sensor_ablation,drop_speed,ProtectiveStop,1,24,24,1,0,0,0,0,1,0
14_sensor_ablation,drop_speed,ProtectiveStop,1,25,25,1,0,0,0,0,1,0
14_sensor_ablation,drop_speed,ProtectiveStop,2,26,26,1,0,0,0,0,1,0
14_sensor_ablation,drop_speed,ProtectiveStop,2,27,27,1,0,0,0,0,1,0
14_sensor_ablation,drop_speed,ProtectiveStop,2,28,28,1,0,0,0,0,1,0
14_sensor_ablation,drop_speed,ProtectiveStop,2,29,29,1,0,0,0,0,1,0
14_sensor_ablation,drop_speed,ProtectiveStop,2,30,30,1,0,0,0,0,1,0
14_sensor_ablation,drop_speed,ProtectiveStop,2,31,31,1,0,0,0,0,1,0
14_sensor_ablation,drop_speed,ProtectiveStop,2,32,32,1,0,0,0,0,1,0
14_sensor_ablation,drop_speed,ProtectiveStop,2,33,33,1,0,0,0,0,1,0
14_sensor_ablation,drop_speed,ProtectiveStop,2,34,34,1,0,0,0,0,1,0
14_sensor_ablation,drop_speed,ProtectiveStop,2,35,35,1,1,1,1,1,0,0
14_sensor_ablation,drop_speed,ProtectiveStop,2,36,36,1,0,0,0,1,0,1
14_sensor_ablation,drop_speed,ProtectiveStop,2,37,37,1,0,0,0,0,1,0
14_sensor_ablation,drop_speed,ProtectiveStop,2,38,38,1,0,0,0,0,1,0
14_sensor_ablation,drop_speed,ProtectiveStop,2,39,39,1,0,0,0,1,0,1
14_sensor_ablation,drop_speed,ProtectiveStop,2,40,40,1,0,0,0,1,0,1
14_sensor_ablation,drop_speed,ProtectiveStop,2,41,41,1,0,0,0,0,1,0
14_sensor_ablation,drop_speed,ProtectiveStop,2,42,42,1,1,1,1,1,0,0
14_sensor_ablation,drop_speed,ProtectiveStop,2,43,43,1,0,0,0,0,1,0
14_sensor_ablation,drop_speed,ProtectiveStop,2,44,44,1,0,0,0,0,1,0
14_sensor_ablation,drop_speed,ProtectiveStop,2,45,45,1,0,0,0,0,1,0
14_sensor_ablation,drop_speed,ProtectiveStop,2,48,48,1,0,0,0,0,1,0
14_sensor_ablation,drop_speed,ProtectiveStop,2,49,49,1,0,0,0,0,1,0
14_sensor_ablation,drop_speed,ProtectiveStop,2,50,50,1,0,0,0,0,1,0
14_sensor_ablation,drop_speed,ProtectiveStop,3,51,51,1,0,0,0,0,1,0
14_sensor_ablation,drop_speed,ProtectiveStop,3,52,52,1,0,0,0,0,1,0
14_sensor_ablation,drop_speed,ProtectiveStop,3,53,53,1,1,1,1,1,0,0
14_sensor_ablation,drop_speed,ProtectiveStop,3,54,54,1,0,0,0,0,1,0
14_sensor_ablation,drop_speed,ProtectiveStop,3,55,55,1,0,0,0,0,1,0
14_sensor_ablation,drop_speed,ProtectiveStop,3,56,56,1,0,0,0,0,1,0
14_sensor_ablation,drop_speed,ProtectiveStop,3,57,57,1,0,0,0,0,1,0
14_sensor_ablation,drop_speed,ProtectiveStop,3,58,58,1,0,0,0,0,1,0
14_sensor_ablation,drop_speed,ProtectiveStop,3,59,59,1,0,0,0,0,1,0
14_sensor_ablation,drop_speed,ProtectiveStop,3,60,60,1,0,0,0,0,1,0
14_sensor_ablation,drop_speed,ProtectiveStop,3,61,61,1,0,0,0,0,1,0
14_sensor_ablation,drop_speed,ProtectiveStop,3,62,62,1,0,0,0,0,1,0
14_sensor_ablation,drop_speed,ProtectiveStop,3,63,63,1,1,1,1,1,0,0
14_sensor_ablation,drop_speed,ProtectiveStop,3,64,64,1,0,0,0,1,0,1
14_sensor_ablation,drop_speed,ProtectiveStop,3,65,65,1,0,0,0,1,0,1
14_sensor_ablation,drop_speed,ProtectiveStop,3,66,66,1,0,0,0,0,1,0
14_sensor_ablation,drop_speed,ProtectiveStop,3,67,67,1,0,0,0,1,0,1
14_sensor_ablation,drop_speed,ProtectiveStop,3,68,68,1,0,0,0,0,1,0
14_sensor_ablation,drop_speed,ProtectiveStop,3,69,69,1,1,0,0,1,0,0
14_sensor_ablation,drop_speed,ProtectiveStop,3,70,70,1,0,0,0,0,1,0
14_sensor_ablation,drop_speed,ProtectiveStop,3,71,71,1,0,1,0,0,1,0
14_sensor_ablation,drop_speed,ProtectiveStop,3,72,72,1,0,0,0,0,1,0
14_sensor_ablation,drop_speed,ProtectiveStop,3,73,73,1,0,0,0,0,1,0
14_sensor_ablation,drop_speed,ProtectiveStop,3,75,74,1,0,0,0,0,1,0
14_sensor_ablation,drop_speed,ProtectiveStop,4,76,75,1,0,0,0,1,0,1
14_sensor_ablation,drop_speed,ProtectiveStop,4,85,84,1,0,0,0,0,1,0
14_sensor_ablation,drop_speed,ProtectiveStop,4,86,85,1,1,1,1,1,0,0
14_sensor_ablation,drop_speed,ProtectiveStop,4,87,86,1,1,1,1,1,0,0
14_sensor_ablation,drop_speed,ProtectiveStop,4,88,87,1,0,0,0,0,1,0
14_sensor_ablation,drop_speed,ProtectiveStop,4,89,88,1,0,0,0,0,1,0
14_sensor_ablation,drop_speed,ProtectiveStop,4,90,89,1,0,0,0,0,1,0
14_sensor_ablation,drop_speed,ProtectiveStop,4,91,90,1,0,0,0,1,0,1
14_sensor_ablation,drop_speed,ProtectiveStop,4,92,91,1,0,0,0,1,0,1
14_sensor_ablation,drop_speed,ProtectiveStop,4,93,92,1,0,0,0,0,1,0
14_sensor_ablation,drop_speed,ProtectiveStop,4,94,93,1,0,0,0,0,1,0
14_sensor_ablation,drop_speed,ProtectiveStop,4,95,94,1,0,0,0,1,0,1
14_sensor_ablation,drop_speed,ProtectiveStop,4,96,95,1,0,0,0,1,0,1
14_sensor_ablation,drop_speed,ProtectiveStop,4,97,96,1,0,0,0,1,0,1
14_sensor_ablation,drop_speed,ProtectiveStop,4,98,97,1,0,0,0,0,1,0
14_sensor_ablation,drop_speed,ProtectiveStop,4,99,98,1,1,1,1,1,0,0
14_sensor_ablation,drop_speed,ProtectiveStop,4,100,99,1,0,0,0,0,1,0
14_sensor_ablation,drop_speed,ProtectiveStop,5,101,100,1,0,0,0,0,1,0
14_sensor_ablation,drop_speed,ProtectiveStop,5,102,101,1,0,0,0,0,1,0
14_sensor_ablation,drop_speed,ProtectiveStop,5,103,102,1,1,1,1,1,0,0
14_sensor_ablation,drop_speed,ProtectiveStop,5,104,103,1,0,0,0,0,1,0
14_sensor_ablation,drop_speed,ProtectiveStop,5,105,104,1,0,0,0,1,0,1
14_sensor_ablation,drop_speed,ProtectiveStop,5,106,105,1,0,0,0,0,1,0
14_sensor_ablation,drop_speed,ProtectiveStop,5,107,106,1,0,0,0,0,1,0
14_sensor_ablation,drop_speed,ProtectiveStop,5,108,107,1,1,1,1,1,0,0
14_sensor_ablation,drop_speed,ProtectiveStop,5,109,108,1,0,0,0,0,1,0
14_sensor_ablation,drop_speed,ProtectiveStop,5,110,109,1,0,0,0,0,1,0
14_sensor_ablation,drop_speed,ProtectiveStop,5,111,110,1,0,0,0,0,1,0
14_sensor_ablation,drop_speed,ProtectiveStop,5,112,111,1,0,0,0,0,1,0
14_sensor_ablation,drop_speed,ProtectiveStop,5,113,112,1,0,0,0,0,1,0
14_sensor_ablation,drop_speed,ProtectiveStop,5,114,113,1,0,0,0,0,1,0
14_sensor_ablation,drop_speed,ProtectiveStop,5,115,114,1,1,1,1,1,0,0
14_sensor_ablation,drop_speed,ProtectiveStop,5,116,115,1,0,0,0,0,1,0
14_sensor_ablation,drop_speed,ProtectiveStop,5,117,116,1,1,1,1,1,0,0
14_sensor_ablation,drop_speed,ProtectiveStop,5,118,117,1,1,1,1,1,0,0
14_sensor_ablation,drop_speed,ProtectiveStop,5,119,118,1,0,0,0,0,1,0
14_sensor_ablation,drop_speed,ProtectiveStop,5,120,119,1,0,0,0,0,1,0
14_sensor_ablation,drop_speed,ProtectiveStop,5,121,120,1,0,0,0,0,1,0
14_sensor_ablation,drop_speed,ProtectiveStop,5,122,121,1,0,0,0,0,1,0
14_sensor_ablation,drop_speed,ProtectiveStop,5,123,122,1,0,0,0,0,1,0
14_sensor_ablation,drop_speed,ProtectiveStop,5,124,123,1,0,0,0,0,1,0
14_sensor_ablation,drop_speed,ProtectiveStop,5,125,124,1,0,1,0,0,1,0
14_sensor_ablation,drop_speed,ProtectiveStop,7,151,129,1,0,0,0,0,1,0
14_sensor_ablation,drop_speed,ProtectiveStop,7,152,130,1,1,1,1,1,0,0
14_sensor_ablation,drop_speed,ProtectiveStop,7,153,131,1,0,0,0,0,1,0
14_sensor_ablation,drop_speed,ProtectiveStop,7,154,132,1,0,0,0,0,1,0
14_sensor_ablation,drop_speed,ProtectiveStop,7,155,133,1,0,0,0,0,1,0
14_sensor_ablation,drop_speed,ProtectiveStop,7,156,134,1,0,0,0,0,1,0
14_sensor_ablation,drop_speed,ProtectiveStop,7,157,135,1,0,0,0,0,1,0
14_sensor_ablation,drop_speed,ProtectiveStop,7,159,137,1,1,1,1,1,0,0
14_sensor_ablation,drop_speed,ProtectiveStop,7,160,138,1,0,0,0,1,0,1
14_sensor_ablation,drop_speed,ProtectiveStop,7,161,139,1,0,0,0,0,1,0
14_sensor_ablation,drop_speed,ProtectiveStop,7,162,140,1,0,0,0,0,1,0
14_sensor_ablation,drop_speed,ProtectiveStop,7,163,141,1,1,1,1,1,0,0
14_sensor_ablation,drop_speed,ProtectiveStop,7,164,142,1,1,1,1,1,0,0
14_sensor_ablation,drop_speed,ProtectiveStop,7,165,143,1,0,0,0,0,1,0
14_sensor_ablation,drop_speed,ProtectiveStop,7,166,144,1,0,0,0,0,1,0
14_sensor_ablation,drop_speed,ProtectiveStop,7,167,145,1,0,0,0,0,1,0
14_sensor_ablation,drop_speed,ProtectiveStop,7,168,146,1,0,0,0,0,1,0
14_sensor_ablation,drop_speed,ProtectiveStop,7,169,147,1,0,0,0,0,1,0
14_sensor_ablation,drop_speed,ProtectiveStop,7,170,148,1,1,1,1,1,0,0
14_sensor_ablation,drop_speed,ProtectiveStop,7,171,149,1,0,0,0,0,1,0
14_sensor_ablation,drop_speed,ProtectiveStop,7,172,150,1,0,0,0,0,1,0
14_sensor_ablation,drop_speed,ProtectiveStop,7,173,151,1,1,1,1,1,0,0
14_sensor_ablation,drop_speed,ProtectiveStop,7,174,152,1,1,1,1,1,0,0
14_sensor_ablation,drop_speed,ProtectiveStop,7,175,153,1,1,1,1,1,0,0
14_sensor_ablation,drop_speed,ProtectiveStop,8,176,154,1,0,0,0,0,1,0
14_sensor_ablation,drop_speed,ProtectiveStop,8,177,155,1,0,0,0,0,1,0
14_sensor_ablation,drop_speed,ProtectiveStop,8,178,156,1,0,0,0,0,1,0
14_sensor_ablation,drop_speed,ProtectiveStop,8,179,157,1,0,0,0,0,1,0
14_sensor_ablation,drop_speed,ProtectiveStop,8,180,158,1,0,0,0,1,0,1
14_sensor_ablation,drop_speed,ProtectiveStop,8,181,159,1,0,0,0,0,1,0
14_sensor_ablation,drop_speed,ProtectiveStop,8,182,160,1,1,1,1,1,0,0
14_sensor_ablation,drop_speed,ProtectiveStop,8,183,161,1,1,1,1,1,0,0
14_sensor_ablation,drop_speed,ProtectiveStop,8,184,162,1,0,0,0,0,1,0
14_sensor_ablation,drop_speed,ProtectiveStop,8,185,163,1,1,1,1,1,0,0
14_sensor_ablation,drop_speed,ProtectiveStop,8,199,176,1,0,0,0,0,1,0
14_sensor_ablation,drop_speed,ProtectiveStop,8,200,177,1,0,0,0,1,0,1
14_sensor_ablation,drop_speed,ProtectiveStop,9,201,178,1,1,1,1,1,0,0
14_sensor_ablation,drop_speed,ProtectiveStop,9,202,179,1,0,0,0,1,0,1
14_sensor_ablation,drop_speed,ProtectiveStop,9,203,180,1,0,0,0,0,1,0
14_sensor_ablation,drop_speed,ProtectiveStop,9,204,181,1,1,1,1,1,0,0
14_sensor_ablation,drop_speed,ProtectiveStop,9,205,182,1,0,0,0,0,1,0
14_sensor_ablation,drop_speed,ProtectiveStop,9,206,183,1,1,1,1,1,0,0
14_sensor_ablation,drop_speed,ProtectiveStop,9,207,184,1,0,0,0,0,1,0
14_sensor_ablation,drop_speed,ProtectiveStop,9,208,185,1,0,0,0,1,0,1
14_sensor_ablation,drop_speed,ProtectiveStop,9,209,186,1,0,0,0,0,1,0
14_sensor_ablation,drop_speed,ProtectiveStop,9,210,187,1,1,1,1,1,0,0
14_sensor_ablation,drop_speed,ProtectiveStop,9,211,188,1,0,0,0,0,1,0
14_sensor_ablation,drop_speed,ProtectiveStop,9,212,189,1,1,1,1,1,0,0
14_sensor_ablation,drop_speed,ProtectiveStop,9,213,190,1,0,0,0,0,1,0
14_sensor_ablation,drop_speed,ProtectiveStop,9,214,191,1,1,1,1,1,0,0
14_sensor_ablation,drop_speed,ProtectiveStop,9,215,192,1,1,0,0,1,0,0
14_sensor_ablation,drop_speed,ProtectiveStop,9,216,193,1,0,0,0,1,0,1
14_sensor_ablation,drop_speed,ProtectiveStop,9,217,194,1,1,1,1,1,0,0
14_sensor_ablation,drop_speed,ProtectiveStop,9,218,195,1,1,1,1,1,0,0
14_sensor_ablation,drop_speed,ProtectiveStop,9,219,196,1,1,1,1,1,0,0
14_sensor_ablation,drop_speed,ProtectiveStop,9,220,197,1,1,1,1,1,0,0
14_sensor_ablation,drop_speed,ProtectiveStop,9,221,198,1,1,0,0,1,0,0
14_sensor_ablation,drop_speed,ProtectiveStop,9,222,199,1,1,1,1,1,0,0
14_sensor_ablation,drop_speed,ProtectiveStop,9,223,200,1,1,1,1,1,0,0
14_sensor_ablation,drop_speed,ProtectiveStop,9,224,201,1,1,1,1,1,0,0
14_sensor_ablation,drop_speed,ProtectiveStop,9,225,202,1,1,1,1,1,0,0
14_sensor_ablation,drop_speed,ProtectiveStop,9,224,210,2,1,1,1,1,0,0
14_sensor_ablation,drop_speed,ProtectiveStop,10,226,203,1,1,1,1,1,0,0
14_sensor_ablation,drop_speed,ProtectiveStop,10,227,204,1,1,1,1,1,0,0
14_sensor_ablation,drop_speed,ProtectiveStop,10,229,205,1,1,1,1,1,0,0
14_sensor_ablation,drop_speed,ProtectiveStop,10,230,206,1,1,1,1,1,0,0
14_sensor_ablation,drop_speed,ProtectiveStop,10,231,207,1,1,1,1,1,0,0
14_sensor_ablation,drop_speed,ProtectiveStop,10,232,208,1,0,0,0,0,1,0
14_sensor_ablation,drop_speed,ProtectiveStop,10,233,209,1,1,1,1,1,0,0
14_sensor_ablation,drop_speed,ProtectiveStop,10,230,216,2,1,1,1,1,0,0
14_sensor_ablation,drop_speed,ProtectiveStop,10,231,217,2,1,1,1,1,0,0
14_sensor_ablation,drop_speed,ProtectiveStop,10,232,218,2,1,1,1,1,0,0
14_sensor_ablation,drop_speed,ProtectiveStop,10,233,219,2,0,0,0,1,0,1
14_sensor_ablation,drop_speed,ProtectiveStop,10,234,220,1,1,1,1,1,0,0
14_sensor_ablation,drop_speed,ProtectiveStop,10,235,221,1,1,1,1,1,0,0
14_sensor_ablation,drop_speed,ProtectiveStop,10,236,222,1,0,0,0,0,1,0
14_sensor_ablation,drop_speed,ProtectiveStop,10,237,223,1,1,1,1,1,0,0
14_sensor_ablation,drop_speed,ProtectiveStop,10,238,224,1,0,1,0,0,1,0
14_sensor_ablation,drop_speed,ProtectiveStop,10,239,225,1,1,1,1,1,0,0
14_sensor_ablation,drop_speed,ProtectiveStop,10,240,226,1,1,1,1,1,0,0
14_sensor_ablation,drop_speed,ProtectiveStop,10,241,227,1,0,0,0,0,1,0
14_sensor_ablation,drop_speed,ProtectiveStop,10,242,228,1,1,0,0,1,0,0
14_sensor_ablation,drop_speed,ProtectiveStop,10,243,229,1,0,0,0,0,1,0
14_sensor_ablation,drop_speed,ProtectiveStop,10,245,230,1,0,0,0,0,1,0
14_sensor_ablation,drop_speed,ProtectiveStop,10,246,231,1,1,1,1,1,0,0
14_sensor_ablation,drop_speed,ProtectiveStop,10,247,232,1,1,1,1,1,0,0
14_sensor_ablation,drop_speed,ProtectiveStop,10,248,233,1,0,1,0,0,1,0
14_sensor_ablation,drop_speed,ProtectiveStop,10,249,234,1,1,1,1,1,0,0
14_sensor_ablation,drop_speed,ProtectiveStop,10,250,235,1,1,1,1,1,0,0
14_sensor_ablation,drop_speed,GripLost,1,1,1,1,0,0,0,1,0,1
14_sensor_ablation,drop_speed,GripLost,1,2,2,1,1,1,1,1,0,0
14_sensor_ablation,drop_speed,GripLost,1,3,3,1,0,0,0,0,1,0
14_sensor_ablation,drop_speed,GripLost,1,4,4,1,0,0,0,0,1,0
14_sensor_ablation,drop_speed,GripLost,1,5,5,1,1,0,0,1,0,0
14_sensor_ablation,drop_speed,GripLost,1,6,6,1,1,0,0,1,0,0
14_sensor_ablation,drop_speed,GripLost,1,8,8,1,0,0,0,0,1,0
14_sensor_ablation,drop_speed,GripLost,1,9,9,1,0,0,0,0,1,0
14_sensor_ablation,drop_speed,GripLost,1,10,10,1,0,0,0,0,1,0
14_sensor_ablation,drop_speed,GripLost,1,11,11,1,0,0,0,0,1,0
14_sensor_ablation,drop_speed,GripLost,1,12,12,1,0,0,0,0,1,0
14_sensor_ablation,drop_speed,GripLost,1,13,13,1,0,0,0,0,1,0
14_sensor_ablation,drop_speed,GripLost,1,14,14,1,1,0,0,1,0,0
14_sensor_ablation,drop_speed,GripLost,1,15,15,1,1,0,0,1,0,0
14_sensor_ablation,drop_speed,GripLost,1,16,16,1,0,0,0,0,1,0
14_sensor_ablation,drop_speed,GripLost,1,17,17,1,0,0,0,0,1,0
14_sensor_ablation,drop_speed,GripLost,1,18,18,1,0,0,0,0,1,0
14_sensor_ablation,drop_speed,GripLost,1,19,19,1,0,0,0,0,1,0
14_sensor_ablation,drop_speed,GripLost,1,20,20,1,0,0,0,0,1,0
14_sensor_ablation,drop_speed,GripLost,1,21,21,1,0,0,0,0,1,0
14_sensor_ablation,drop_speed,GripLost,1,22,22,1,0,0,0,1,0,1
14_sensor_ablation,drop_speed,GripLost,1,23,23,1,0,0,0,0,1,0
14_sensor_ablation,drop_speed,GripLost,1,24,24,1,0,0,0,0,1,0
14_sensor_ablation,drop_speed,GripLost,1,25,25,1,0,0,0,0,1,0
14_sensor_ablation,drop_speed,GripLost,2,26,26,1,0,0,0,0,1,0
14_sensor_ablation,drop_speed,GripLost,2,27,27,1,0,0,0,0,1,0
14_sensor_ablation,drop_speed,GripLost,2,28,28,1,0,0,0,0,1,0
14_sensor_ablation,drop_speed,GripLost,2,29,29,1,0,0,0,0,1,0
14_sensor_ablation,drop_speed,GripLost,2,30,30,1,0,0,0,0,1,0
14_sensor_ablation,drop_speed,GripLost,2,31,31,1,0,0,0,0,1,0
14_sensor_ablation,drop_speed,GripLost,2,32,32,1,0,0,0,0,1,0
14_sensor_ablation,drop_speed,GripLost,2,33,33,1,0,0,0,0,1,0
14_sensor_ablation,drop_speed,GripLost,2,34,34,1,0,0,0,0,1,0
14_sensor_ablation,drop_speed,GripLost,2,35,35,1,0,0,0,1,0,1
14_sensor_ablation,drop_speed,GripLost,2,36,36,1,1,1,1,1,0,0
14_sensor_ablation,drop_speed,GripLost,2,37,37,1,0,0,0,0,1,0
14_sensor_ablation,drop_speed,GripLost,2,38,38,1,0,0,0,0,1,0
14_sensor_ablation,drop_speed,GripLost,2,39,39,1,1,1,1,1,0,0
14_sensor_ablation,drop_speed,GripLost,2,40,40,1,1,1,1,1,0,0
14_sensor_ablation,drop_speed,GripLost,2,41,41,1,0,0,0,0,1,0
14_sensor_ablation,drop_speed,GripLost,2,42,42,1,0,0,0,1,0,1
14_sensor_ablation,drop_speed,GripLost,2,43,43,1,0,0,0,0,1,0
14_sensor_ablation,drop_speed,GripLost,2,44,44,1,0,0,0,0,1,0
14_sensor_ablation,drop_speed,GripLost,2,45,45,1,0,0,0,0,1,0
14_sensor_ablation,drop_speed,GripLost,2,48,48,1,0,0,0,0,1,0
14_sensor_ablation,drop_speed,GripLost,2,49,49,1,0,0,0,0,1,0
14_sensor_ablation,drop_speed,GripLost,2,50,50,1,0,0,0,0,1,0
14_sensor_ablation,drop_speed,GripLost,3,51,51,1,0,0,0,0,1,0
14_sensor_ablation,drop_speed,GripLost,3,52,52,1,0,0,0,0,1,0
14_sensor_ablation,drop_speed,GripLost,3,53,53,1,0,0,0,1,0,1
14_sensor_ablation,drop_speed,GripLost,3,54,54,1,0,0,0,0,1,0
14_sensor_ablation,drop_speed,GripLost,3,55,55,1,0,0,0,0,1,0
14_sensor_ablation,drop_speed,GripLost,3,56,56,1,0,0,0,0,1,0
14_sensor_ablation,drop_speed,GripLost,3,57,57,1,0,0,0,0,1,0
14_sensor_ablation,drop_speed,GripLost,3,58,58,1,0,0,0,0,1,0
14_sensor_ablation,drop_speed,GripLost,3,59,59,1,0,0,0,0,1,0
14_sensor_ablation,drop_speed,GripLost,3,60,60,1,0,0,0,0,1,0
14_sensor_ablation,drop_speed,GripLost,3,61,61,1,0,0,0,0,1,0
14_sensor_ablation,drop_speed,GripLost,3,62,62,1,0,0,0,0,1,0
14_sensor_ablation,drop_speed,GripLost,3,63,63,1,1,1,1,1,0,0
14_sensor_ablation,drop_speed,GripLost,3,64,64,1,1,1,1,1,0,0
14_sensor_ablation,drop_speed,GripLost,3,65,65,1,1,1,1,1,0,0
14_sensor_ablation,drop_speed,GripLost,3,66,66,1,0,0,0,0,1,0
14_sensor_ablation,drop_speed,GripLost,3,67,67,1,1,1,1,1,0,0
14_sensor_ablation,drop_speed,GripLost,3,68,68,1,0,0,0,0,1,0
14_sensor_ablation,drop_speed,GripLost,3,69,69,1,1,1,1,1,0,0
14_sensor_ablation,drop_speed,GripLost,3,70,70,1,0,1,0,0,1,0
14_sensor_ablation,drop_speed,GripLost,3,71,71,1,0,0,0,0,1,0
14_sensor_ablation,drop_speed,GripLost,3,72,72,1,0,0,0,0,1,0
14_sensor_ablation,drop_speed,GripLost,3,73,73,1,0,0,0,0,1,0
14_sensor_ablation,drop_speed,GripLost,3,75,74,1,0,0,0,0,1,0
14_sensor_ablation,drop_speed,GripLost,4,76,75,1,1,1,1,1,0,0
14_sensor_ablation,drop_speed,GripLost,4,85,84,1,0,0,0,0,1,0
14_sensor_ablation,drop_speed,GripLost,4,86,85,1,1,1,1,1,0,0
14_sensor_ablation,drop_speed,GripLost,4,87,86,1,0,0,0,1,0,1
14_sensor_ablation,drop_speed,GripLost,4,88,87,1,0,0,0,0,1,0
14_sensor_ablation,drop_speed,GripLost,4,89,88,1,0,0,0,0,1,0
14_sensor_ablation,drop_speed,GripLost,4,90,89,1,0,1,0,0,1,0
14_sensor_ablation,drop_speed,GripLost,4,91,90,1,1,1,1,1,0,0
14_sensor_ablation,drop_speed,GripLost,4,92,91,1,1,1,1,1,0,0
14_sensor_ablation,drop_speed,GripLost,4,93,92,1,0,0,0,0,1,0
14_sensor_ablation,drop_speed,GripLost,4,94,93,1,0,0,0,0,1,0
14_sensor_ablation,drop_speed,GripLost,4,95,94,1,1,1,1,1,0,0
14_sensor_ablation,drop_speed,GripLost,4,96,95,1,1,1,1,1,0,0
14_sensor_ablation,drop_speed,GripLost,4,97,96,1,1,1,1,1,0,0
14_sensor_ablation,drop_speed,GripLost,4,98,97,1,0,0,0,0,1,0
14_sensor_ablation,drop_speed,GripLost,4,99,98,1,0,0,0,1,0,1
14_sensor_ablation,drop_speed,GripLost,4,100,99,1,0,1,0,0,1,0
14_sensor_ablation,drop_speed,GripLost,5,101,100,1,0,0,0,0,1,0
14_sensor_ablation,drop_speed,GripLost,5,102,101,1,0,0,0,0,1,0
14_sensor_ablation,drop_speed,GripLost,5,103,102,1,0,0,0,1,0,1
14_sensor_ablation,drop_speed,GripLost,5,104,103,1,0,0,0,0,1,0
14_sensor_ablation,drop_speed,GripLost,5,105,104,1,1,1,1,1,0,0
14_sensor_ablation,drop_speed,GripLost,5,106,105,1,0,0,0,0,1,0
14_sensor_ablation,drop_speed,GripLost,5,107,106,1,0,0,0,0,1,0
14_sensor_ablation,drop_speed,GripLost,5,108,107,1,0,0,0,1,0,1
14_sensor_ablation,drop_speed,GripLost,5,109,108,1,0,0,0,0,1,0
14_sensor_ablation,drop_speed,GripLost,5,110,109,1,0,0,0,0,1,0
14_sensor_ablation,drop_speed,GripLost,5,111,110,1,0,0,0,0,1,0
14_sensor_ablation,drop_speed,GripLost,5,112,111,1,0,0,0,0,1,0
14_sensor_ablation,drop_speed,GripLost,5,113,112,1,0,0,0,0,1,0
14_sensor_ablation,drop_speed,GripLost,5,114,113,1,0,0,0,0,1,0
14_sensor_ablation,drop_speed,GripLost,5,115,114,1,0,0,0,1,0,1
14_sensor_ablation,drop_speed,GripLost,5,116,115,1,0,0,0,0,1,0
14_sensor_ablation,drop_speed,GripLost,5,117,116,1,0,0,0,1,0,1
14_sensor_ablation,drop_speed,GripLost,5,118,117,1,0,0,0,1,0,1
14_sensor_ablation,drop_speed,GripLost,5,119,118,1,0,0,0,0,1,0
14_sensor_ablation,drop_speed,GripLost,5,120,119,1,0,0,0,0,1,0
14_sensor_ablation,drop_speed,GripLost,5,121,120,1,0,0,0,0,1,0
14_sensor_ablation,drop_speed,GripLost,5,122,121,1,0,0,0,0,1,0
14_sensor_ablation,drop_speed,GripLost,5,123,122,1,0,0,0,0,1,0
14_sensor_ablation,drop_speed,GripLost,5,124,123,1,0,0,0,0,1,0
14_sensor_ablation,drop_speed,GripLost,5,125,124,1,0,0,0,0,1,0
14_sensor_ablation,drop_speed,GripLost,7,151,129,1,0,0,0,0,1,0
14_sensor_ablation,drop_speed,GripLost,7,152,130,1,0,0,0,1,0,1
14_sensor_ablation,drop_speed,GripLost,7,153,131,1,0,0,0,0,1,0
14_sensor_ablation,drop_speed,GripLost,7,154,132,1,0,0,0,0,1,0
14_sensor_ablation,drop_speed,GripLost,7,155,133,1,0,0,0,0,1,0
14_sensor_ablation,drop_speed,GripLost,7,156,134,1,0,0,0,0,1,0
14_sensor_ablation,drop_speed,GripLost,7,157,135,1,0,0,0,0,1,0
14_sensor_ablation,drop_speed,GripLost,7,159,137,1,0,0,0,1,0,1
14_sensor_ablation,drop_speed,GripLost,7,160,138,1,1,1,1,1,0,0
14_sensor_ablation,drop_speed,GripLost,7,161,139,1,0,0,0,0,1,0
14_sensor_ablation,drop_speed,GripLost,7,162,140,1,0,0,0,0,1,0
14_sensor_ablation,drop_speed,GripLost,7,163,141,1,0,0,0,1,0,1
14_sensor_ablation,drop_speed,GripLost,7,164,142,1,1,1,0,1,0,0
14_sensor_ablation,drop_speed,GripLost,7,165,143,1,0,0,0,0,1,0
14_sensor_ablation,drop_speed,GripLost,7,166,144,1,0,0,0,0,1,0
14_sensor_ablation,drop_speed,GripLost,7,167,145,1,0,0,0,0,1,0
14_sensor_ablation,drop_speed,GripLost,7,168,146,1,0,0,0,0,1,0
14_sensor_ablation,drop_speed,GripLost,7,169,147,1,0,0,0,0,1,0
14_sensor_ablation,drop_speed,GripLost,7,170,148,1,0,0,0,1,0,1
14_sensor_ablation,drop_speed,GripLost,7,171,149,1,0,0,0,0,1,0
14_sensor_ablation,drop_speed,GripLost,7,172,150,1,0,0,0,0,1,0
14_sensor_ablation,drop_speed,GripLost,7,173,151,1,1,1,1,1,0,0
14_sensor_ablation,drop_speed,GripLost,7,174,152,1,1,1,1,1,0,0
14_sensor_ablation,drop_speed,GripLost,7,175,153,1,0,0,0,1,0,1
14_sensor_ablation,drop_speed,GripLost,8,176,154,1,0,0,0,0,1,0
14_sensor_ablation,drop_speed,GripLost,8,177,155,1,0,0,0,0,1,0
14_sensor_ablation,drop_speed,GripLost,8,178,156,1,0,0,0,0,1,0
14_sensor_ablation,drop_speed,GripLost,8,179,157,1,0,0,0,0,1,0
14_sensor_ablation,drop_speed,GripLost,8,180,158,1,1,1,1,1,0,0
14_sensor_ablation,drop_speed,GripLost,8,181,159,1,0,0,0,0,1,0
14_sensor_ablation,drop_speed,GripLost,8,182,160,1,0,0,0,1,0,1
14_sensor_ablation,drop_speed,GripLost,8,183,161,1,0,0,0,1,0,1
14_sensor_ablation,drop_speed,GripLost,8,184,162,1,0,0,0,0,1,0
14_sensor_ablation,drop_speed,GripLost,8,185,163,1,0,0,0,1,0,1
14_sensor_ablation,drop_speed,GripLost,8,199,176,1,0,0,0,0,1,0
14_sensor_ablation,drop_speed,GripLost,8,200,177,1,1,1,1,1,0,0
14_sensor_ablation,drop_speed,GripLost,9,201,178,1,0,0,0,1,0,1
14_sensor_ablation,drop_speed,GripLost,9,202,179,1,1,1,1,1,0,0
14_sensor_ablation,drop_speed,GripLost,9,203,180,1,0,0,0,0,1,0
14_sensor_ablation,drop_speed,GripLost,9,204,181,1,0,0,0,1,0,1
14_sensor_ablation,drop_speed,GripLost,9,205,182,1,0,0,0,0,1,0
14_sensor_ablation,drop_speed,GripLost,9,206,183,1,0,0,0,1,0,1
14_sensor_ablation,drop_speed,GripLost,9,207,184,1,0,0,0,0,1,0
14_sensor_ablation,drop_speed,GripLost,9,208,185,1,1,1,1,1,0,0
14_sensor_ablation,drop_speed,GripLost,9,209,186,1,0,0,0,0,1,0
14_sensor_ablation,drop_speed,GripLost,9,210,187,1,0,0,0,1,0,1
14_sensor_ablation,drop_speed,GripLost,9,211,188,1,0,0,0,0,1,0
14_sensor_ablation,drop_speed,GripLost,9,212,189,1,0,0,0,1,0,1
14_sensor_ablation,drop_speed,GripLost,9,213,190,1,0,0,0,0,1,0
14_sensor_ablation,drop_speed,GripLost,9,214,191,1,1,1,1,1,0,0
14_sensor_ablation,drop_speed,GripLost,9,215,192,1,0,0,0,1,0,1
14_sensor_ablation,drop_speed,GripLost,9,216,193,1,1,1,1,1,0,0
14_sensor_ablation,drop_speed,GripLost,9,217,194,1,0,0,0,1,0,1
14_sensor_ablation,drop_speed,GripLost,9,218,195,1,0,0,0,1,0,1
14_sensor_ablation,drop_speed,GripLost,9,219,196,1,1,1,1,1,0,0
14_sensor_ablation,drop_speed,GripLost,9,220,197,1,0,0,0,1,0,1
14_sensor_ablation,drop_speed,GripLost,9,221,198,1,1,1,1,1,0,0
14_sensor_ablation,drop_speed,GripLost,9,222,199,1,0,0,0,1,0,1
14_sensor_ablation,drop_speed,GripLost,9,223,200,1,0,0,0,1,0,1
14_sensor_ablation,drop_speed,GripLost,9,224,201,1,0,0,0,1,0,1
14_sensor_ablation,drop_speed,GripLost,9,225,202,1,0,0,0,1,0,1
14_sensor_ablation,drop_speed,GripLost,9,224,210,2,0,0,0,1,0,1
14_sensor_ablation,drop_speed,GripLost,10,226,203,1,0,0,0,1,0,1
14_sensor_ablation,drop_speed,GripLost,10,227,204,1,0,0,0,1,0,1
14_sensor_ablation,drop_speed,GripLost,10,229,205,1,0,0,0,1,0,1
14_sensor_ablation,drop_speed,GripLost,10,230,206,1,0,0,0,1,0,1
14_sensor_ablation,drop_speed,GripLost,10,231,207,1,0,0,0,1,0,1
14_sensor_ablation,drop_speed,GripLost,10,232,208,1,0,0,0,0,1,0
14_sensor_ablation,drop_speed,GripLost,10,233,209,1,0,0,0,1,0,1
14_sensor_ablation,drop_speed,GripLost,10,230,216,2,0,0,0,1,0,1
14_sensor_ablation,drop_speed,GripLost,10,231,217,2,0,0,0,1,0,1
14_sensor_ablation,drop_speed,GripLost,10,232,218,2,1,1,1,1,0,0
14_sensor_ablation,drop_speed,GripLost,10,233,219,2,1,1,1,1,0,0
14_sensor_ablation,drop_speed,GripLost,10,234,220,1,1,0,0,1,0,0
14_sensor_ablation,drop_speed,GripLost,10,235,221,1,0,0,0,1,0,1
14_sensor_ablation,drop_speed,GripLost,10,236,222,1,0,0,0,0,1,0
14_sensor_ablation,drop_speed,GripLost,10,237,223,1,1,1,1,1,0,0
14_sensor_ablation,drop_speed,GripLost,10,238,224,1,0,0,0,0,1,0
14_sensor_ablation,drop_speed,GripLost,10,239,225,1,0,1,0,1,0,1
14_sensor_ablation,drop_speed,GripLost,10,240,226,1,0,0,0,1,0,1
14_sensor_ablation,drop_speed,GripLost,10,241,227,1,0,0,0,0,1,0
14_sensor_ablation,drop_speed,GripLost,10,242,228,1,0,0,0,1,0,1
14_sensor_ablation,drop_speed,GripLost,10,243,229,1,0,0,0,0,1,0
14_sensor_ablation,drop_speed,GripLost,10,245,230,1,0,0,0,0,1,0
14_sensor_ablation,drop_speed,GripLost,10,246,231,1,0,0,0,1,0,1
14_sensor_ablation,drop_speed,GripLost,10,247,232,1,1,0,0,1,0,0
14_sensor_ablation,drop_speed,GripLost,10,248,233,1,0,0,0,0,1,0
14_sensor_ablation,drop_speed,GripLost,10,249,234,1,0,0,0,1,0,1
14_sensor_ablation,drop_speed,GripLost,10,250,235,1,1,1,1,1,0,0
14_sensor_ablation,drop_temperature,System_Failure,1,1,1,1,1,1,1,1,0,0
14_sensor_ablation,drop_temperature,System_Failure,1,2,2,1,1,1,1,1,0,0
14_sensor_ablation,drop_temperature,System_Failure,1,3,3,1,0,1,0,0,1,0
14_sensor_ablation,drop_temperature,System_Failure,1,4,4,1,0,0,0,0,1,0
14_sensor_ablation,drop_temperature,System_Failure,1,5,5,1,1,1,1,1,0,0
14_sensor_ablation,drop_temperature,System_Failure,1,6,6,1,1,1,1,1,0,0
14_sensor_ablation,drop_temperature,System_Failure,1,8,8,1,0,0,0,0,1,0
14_sensor_ablation,drop_temperature,System_Failure,1,9,9,1,0,0,0,0,1,0
14_sensor_ablation,drop_temperature,System_Failure,1,10,10,1,0,0,0,0,1,0
14_sensor_ablation,drop_temperature,System_Failure,1,11,11,1,0,0,0,0,1,0
14_sensor_ablation,drop_temperature,System_Failure,1,12,12,1,0,0,0,0,1,0
14_sensor_ablation,drop_temperature,System_Failure,1,13,13,1,0,0,0,0,1,0
14_sensor_ablation,drop_temperature,System_Failure,1,14,14,1,1,1,1,1,0,0
14_sensor_ablation,drop_temperature,System_Failure,1,15,15,1,1,1,1,1,0,0
14_sensor_ablation,drop_temperature,System_Failure,1,16,16,1,0,1,0,0,1,0
14_sensor_ablation,drop_temperature,System_Failure,1,17,17,1,0,1,0,0,1,0
14_sensor_ablation,drop_temperature,System_Failure,1,18,18,1,0,0,0,0,1,0
14_sensor_ablation,drop_temperature,System_Failure,1,19,19,1,0,0,0,0,1,0
14_sensor_ablation,drop_temperature,System_Failure,1,20,20,1,0,0,0,0,1,0
14_sensor_ablation,drop_temperature,System_Failure,1,21,21,1,0,0,0,0,1,0
14_sensor_ablation,drop_temperature,System_Failure,1,22,22,1,1,1,1,1,0,0
14_sensor_ablation,drop_temperature,System_Failure,1,23,23,1,0,0,0,0,1,0
14_sensor_ablation,drop_temperature,System_Failure,1,24,24,1,0,0,0,0,1,0
14_sensor_ablation,drop_temperature,System_Failure,1,25,25,1,0,0,0,0,1,0
14_sensor_ablation,drop_temperature,System_Failure,2,26,26,1,0,0,0,0,1,0
14_sensor_ablation,drop_temperature,System_Failure,2,27,27,1,0,0,0,0,1,0
14_sensor_ablation,drop_temperature,System_Failure,2,28,28,1,0,0,0,0,1,0
14_sensor_ablation,drop_temperature,System_Failure,2,29,29,1,0,0,0,0,1,0
14_sensor_ablation,drop_temperature,System_Failure,2,30,30,1,0,0,0,0,1,0
14_sensor_ablation,drop_temperature,System_Failure,2,31,31,1,0,0,0,0,1,0
14_sensor_ablation,drop_temperature,System_Failure,2,32,32,1,0,0,0,0,1,0
14_sensor_ablation,drop_temperature,System_Failure,2,33,33,1,0,0,0,0,1,0
14_sensor_ablation,drop_temperature,System_Failure,2,34,34,1,0,0,0,0,1,0
14_sensor_ablation,drop_temperature,System_Failure,2,35,35,1,1,1,1,1,0,0
14_sensor_ablation,drop_temperature,System_Failure,2,36,36,1,1,1,1,1,0,0
14_sensor_ablation,drop_temperature,System_Failure,2,37,37,1,0,0,0,0,1,0
14_sensor_ablation,drop_temperature,System_Failure,2,38,38,1,0,0,0,0,1,0
14_sensor_ablation,drop_temperature,System_Failure,2,39,39,1,1,1,1,1,0,0
14_sensor_ablation,drop_temperature,System_Failure,2,40,40,1,1,1,1,1,0,0
14_sensor_ablation,drop_temperature,System_Failure,2,41,41,1,0,0,0,0,1,0
14_sensor_ablation,drop_temperature,System_Failure,2,42,42,1,1,1,1,1,0,0
14_sensor_ablation,drop_temperature,System_Failure,2,43,43,1,0,0,0,0,1,0
14_sensor_ablation,drop_temperature,System_Failure,2,44,44,1,0,0,0,0,1,0
14_sensor_ablation,drop_temperature,System_Failure,2,45,45,1,0,0,0,0,1,0
14_sensor_ablation,drop_temperature,System_Failure,2,48,48,1,0,0,0,0,1,0
14_sensor_ablation,drop_temperature,System_Failure,2,49,49,1,0,0,0,0,1,0
14_sensor_ablation,drop_temperature,System_Failure,2,50,50,1,0,0,0,0,1,0
14_sensor_ablation,drop_temperature,System_Failure,3,51,51,1,0,0,0,0,1,0
14_sensor_ablation,drop_temperature,System_Failure,3,52,52,1,0,0,0,0,1,0
14_sensor_ablation,drop_temperature,System_Failure,3,53,53,1,1,1,1,1,0,0
14_sensor_ablation,drop_temperature,System_Failure,3,54,54,1,0,0,0,0,1,0
14_sensor_ablation,drop_temperature,System_Failure,3,55,55,1,0,0,0,0,1,0
14_sensor_ablation,drop_temperature,System_Failure,3,56,56,1,0,0,0,0,1,0
14_sensor_ablation,drop_temperature,System_Failure,3,57,57,1,0,1,0,0,1,0
14_sensor_ablation,drop_temperature,System_Failure,3,58,58,1,0,0,0,0,1,0
14_sensor_ablation,drop_temperature,System_Failure,3,59,59,1,0,0,0,0,1,0
14_sensor_ablation,drop_temperature,System_Failure,3,60,60,1,0,0,0,0,1,0
14_sensor_ablation,drop_temperature,System_Failure,3,61,61,1,0,0,0,0,1,0
14_sensor_ablation,drop_temperature,System_Failure,3,62,62,1,0,1,0,0,1,0
14_sensor_ablation,drop_temperature,System_Failure,3,63,63,1,1,1,1,1,0,0
14_sensor_ablation,drop_temperature,System_Failure,3,64,64,1,1,1,1,1,0,0
14_sensor_ablation,drop_temperature,System_Failure,3,65,65,1,1,1,1,1,0,0
14_sensor_ablation,drop_temperature,System_Failure,3,66,66,1,0,1,0,0,1,0
14_sensor_ablation,drop_temperature,System_Failure,3,67,67,1,1,1,1,1,0,0
14_sensor_ablation,drop_temperature,System_Failure,3,68,68,1,0,0,0,0,1,0
14_sensor_ablation,drop_temperature,System_Failure,3,69,69,1,1,1,1,1,0,0
14_sensor_ablation,drop_temperature,System_Failure,3,70,70,1,0,0,0,0,1,0
14_sensor_ablation,drop_temperature,System_Failure,3,71,71,1,0,1,0,0,1,0
14_sensor_ablation,drop_temperature,System_Failure,3,72,72,1,0,0,0,0,1,0
14_sensor_ablation,drop_temperature,System_Failure,3,73,73,1,0,0,0,0,1,0
14_sensor_ablation,drop_temperature,System_Failure,3,75,74,1,0,0,0,0,1,0
14_sensor_ablation,drop_temperature,System_Failure,4,76,75,1,1,1,1,1,0,0
14_sensor_ablation,drop_temperature,System_Failure,4,85,84,1,0,1,0,0,1,0
14_sensor_ablation,drop_temperature,System_Failure,4,86,85,1,1,1,1,1,0,0
14_sensor_ablation,drop_temperature,System_Failure,4,87,86,1,1,1,1,1,0,0
14_sensor_ablation,drop_temperature,System_Failure,4,88,87,1,0,0,0,0,1,0
14_sensor_ablation,drop_temperature,System_Failure,4,89,88,1,0,0,0,0,1,0
14_sensor_ablation,drop_temperature,System_Failure,4,90,89,1,0,0,0,0,1,0
14_sensor_ablation,drop_temperature,System_Failure,4,91,90,1,1,1,1,1,0,0
14_sensor_ablation,drop_temperature,System_Failure,4,92,91,1,1,1,1,1,0,0
14_sensor_ablation,drop_temperature,System_Failure,4,93,92,1,0,0,0,0,1,0
14_sensor_ablation,drop_temperature,System_Failure,4,94,93,1,0,0,0,0,1,0
14_sensor_ablation,drop_temperature,System_Failure,4,95,94,1,1,1,1,1,0,0
14_sensor_ablation,drop_temperature,System_Failure,4,96,95,1,1,1,1,1,0,0
14_sensor_ablation,drop_temperature,System_Failure,4,97,96,1,1,1,1,1,0,0
14_sensor_ablation,drop_temperature,System_Failure,4,98,97,1,0,0,0,0,1,0
14_sensor_ablation,drop_temperature,System_Failure,4,99,98,1,1,1,1,1,0,0
14_sensor_ablation,drop_temperature,System_Failure,4,100,99,1,0,0,0,0,1,0
14_sensor_ablation,drop_temperature,System_Failure,5,101,100,1,0,0,0,0,1,0
14_sensor_ablation,drop_temperature,System_Failure,5,102,101,1,0,0,0,0,1,0
14_sensor_ablation,drop_temperature,System_Failure,5,103,102,1,1,1,1,1,0,0
14_sensor_ablation,drop_temperature,System_Failure,5,104,103,1,0,0,0,0,1,0
14_sensor_ablation,drop_temperature,System_Failure,5,105,104,1,1,1,1,1,0,0
14_sensor_ablation,drop_temperature,System_Failure,5,106,105,1,0,0,0,0,1,0
14_sensor_ablation,drop_temperature,System_Failure,5,107,106,1,0,0,0,0,1,0
14_sensor_ablation,drop_temperature,System_Failure,5,108,107,1,1,1,1,1,0,0
14_sensor_ablation,drop_temperature,System_Failure,5,109,108,1,0,0,0,0,1,0
14_sensor_ablation,drop_temperature,System_Failure,5,110,109,1,0,0,0,0,1,0
14_sensor_ablation,drop_temperature,System_Failure,5,111,110,1,0,0,0,0,1,0
14_sensor_ablation,drop_temperature,System_Failure,5,112,111,1,0,0,0,0,1,0
14_sensor_ablation,drop_temperature,System_Failure,5,113,112,1,0,0,0,0,1,0
14_sensor_ablation,drop_temperature,System_Failure,5,114,113,1,0,0,0,0,1,0
14_sensor_ablation,drop_temperature,System_Failure,5,115,114,1,1,1,1,1,0,0
14_sensor_ablation,drop_temperature,System_Failure,5,116,115,1,0,0,0,0,1,0
14_sensor_ablation,drop_temperature,System_Failure,5,117,116,1,1,1,1,1,0,0
14_sensor_ablation,drop_temperature,System_Failure,5,118,117,1,1,1,1,1,0,0
14_sensor_ablation,drop_temperature,System_Failure,5,119,118,1,0,0,0,0,1,0
14_sensor_ablation,drop_temperature,System_Failure,5,120,119,1,0,0,0,0,1,0
14_sensor_ablation,drop_temperature,System_Failure,5,121,120,1,0,0,0,0,1,0
14_sensor_ablation,drop_temperature,System_Failure,5,122,121,1,0,0,0,0,1,0
14_sensor_ablation,drop_temperature,System_Failure,5,123,122,1,0,1,0,0,1,0
14_sensor_ablation,drop_temperature,System_Failure,5,124,123,1,0,0,0,0,1,0
14_sensor_ablation,drop_temperature,System_Failure,5,125,124,1,0,0,0,0,1,0
14_sensor_ablation,drop_temperature,System_Failure,7,151,129,1,0,0,0,0,1,0
14_sensor_ablation,drop_temperature,System_Failure,7,152,130,1,1,1,1,1,0,0
14_sensor_ablation,drop_temperature,System_Failure,7,153,131,1,0,0,0,0,1,0
14_sensor_ablation,drop_temperature,System_Failure,7,154,132,1,0,0,0,0,1,0
14_sensor_ablation,drop_temperature,System_Failure,7,155,133,1,0,0,0,0,1,0
14_sensor_ablation,drop_temperature,System_Failure,7,156,134,1,0,0,0,0,1,0
14_sensor_ablation,drop_temperature,System_Failure,7,157,135,1,0,0,0,0,1,0
14_sensor_ablation,drop_temperature,System_Failure,7,159,137,1,1,1,1,1,0,0
14_sensor_ablation,drop_temperature,System_Failure,7,160,138,1,1,1,1,1,0,0
14_sensor_ablation,drop_temperature,System_Failure,7,161,139,1,0,0,0,0,1,0
14_sensor_ablation,drop_temperature,System_Failure,7,162,140,1,0,0,0,0,1,0
14_sensor_ablation,drop_temperature,System_Failure,7,163,141,1,1,1,1,1,0,0
14_sensor_ablation,drop_temperature,System_Failure,7,164,142,1,1,1,1,1,0,0
14_sensor_ablation,drop_temperature,System_Failure,7,165,143,1,0,0,0,0,1,0
14_sensor_ablation,drop_temperature,System_Failure,7,166,144,1,0,0,0,0,1,0
14_sensor_ablation,drop_temperature,System_Failure,7,167,145,1,0,0,0,0,1,0
14_sensor_ablation,drop_temperature,System_Failure,7,168,146,1,0,0,0,0,1,0
14_sensor_ablation,drop_temperature,System_Failure,7,169,147,1,0,0,0,0,1,0
14_sensor_ablation,drop_temperature,System_Failure,7,170,148,1,1,1,1,1,0,0
14_sensor_ablation,drop_temperature,System_Failure,7,171,149,1,0,0,0,0,1,0
14_sensor_ablation,drop_temperature,System_Failure,7,172,150,1,0,0,0,0,1,0
14_sensor_ablation,drop_temperature,System_Failure,7,173,151,1,1,1,1,1,0,0
14_sensor_ablation,drop_temperature,System_Failure,7,174,152,1,1,1,1,1,0,0
14_sensor_ablation,drop_temperature,System_Failure,7,175,153,1,1,1,1,1,0,0
14_sensor_ablation,drop_temperature,System_Failure,8,176,154,1,0,0,0,0,1,0
14_sensor_ablation,drop_temperature,System_Failure,8,177,155,1,0,0,0,0,1,0
14_sensor_ablation,drop_temperature,System_Failure,8,178,156,1,0,1,0,0,1,0
14_sensor_ablation,drop_temperature,System_Failure,8,179,157,1,0,0,0,0,1,0
14_sensor_ablation,drop_temperature,System_Failure,8,180,158,1,1,1,1,1,0,0
14_sensor_ablation,drop_temperature,System_Failure,8,181,159,1,0,0,0,0,1,0
14_sensor_ablation,drop_temperature,System_Failure,8,182,160,1,1,1,1,1,0,0
14_sensor_ablation,drop_temperature,System_Failure,8,183,161,1,1,1,1,1,0,0
14_sensor_ablation,drop_temperature,System_Failure,8,184,162,1,0,0,0,0,1,0
14_sensor_ablation,drop_temperature,System_Failure,8,185,163,1,1,1,1,1,0,0
14_sensor_ablation,drop_temperature,System_Failure,8,199,176,1,0,0,0,0,1,0
14_sensor_ablation,drop_temperature,System_Failure,8,200,177,1,1,1,1,1,0,0
14_sensor_ablation,drop_temperature,System_Failure,9,201,178,1,1,1,1,1,0,0
14_sensor_ablation,drop_temperature,System_Failure,9,202,179,1,1,1,1,1,0,0
14_sensor_ablation,drop_temperature,System_Failure,9,203,180,1,0,0,0,0,1,0
14_sensor_ablation,drop_temperature,System_Failure,9,204,181,1,1,1,1,1,0,0
14_sensor_ablation,drop_temperature,System_Failure,9,205,182,1,0,0,0,0,1,0
14_sensor_ablation,drop_temperature,System_Failure,9,206,183,1,1,1,1,1,0,0
14_sensor_ablation,drop_temperature,System_Failure,9,207,184,1,0,0,0,0,1,0
14_sensor_ablation,drop_temperature,System_Failure,9,208,185,1,1,1,1,1,0,0
14_sensor_ablation,drop_temperature,System_Failure,9,209,186,1,0,0,0,0,1,0
14_sensor_ablation,drop_temperature,System_Failure,9,210,187,1,1,1,1,1,0,0
14_sensor_ablation,drop_temperature,System_Failure,9,211,188,1,0,0,0,0,1,0
14_sensor_ablation,drop_temperature,System_Failure,9,212,189,1,1,1,1,1,0,0
14_sensor_ablation,drop_temperature,System_Failure,9,213,190,1,0,0,0,0,1,0
14_sensor_ablation,drop_temperature,System_Failure,9,214,191,1,1,1,1,1,0,0
14_sensor_ablation,drop_temperature,System_Failure,9,215,192,1,1,1,1,1,0,0
14_sensor_ablation,drop_temperature,System_Failure,9,216,193,1,1,1,1,1,0,0
14_sensor_ablation,drop_temperature,System_Failure,9,217,194,1,1,1,1,1,0,0
14_sensor_ablation,drop_temperature,System_Failure,9,218,195,1,1,1,1,1,0,0
14_sensor_ablation,drop_temperature,System_Failure,9,219,196,1,1,1,1,1,0,0
14_sensor_ablation,drop_temperature,System_Failure,9,220,197,1,1,1,1,1,0,0
14_sensor_ablation,drop_temperature,System_Failure,9,221,198,1,1,1,1,1,0,0
14_sensor_ablation,drop_temperature,System_Failure,9,222,199,1,1,1,1,1,0,0
14_sensor_ablation,drop_temperature,System_Failure,9,223,200,1,1,1,1,1,0,0
14_sensor_ablation,drop_temperature,System_Failure,9,224,201,1,1,1,1,1,0,0
14_sensor_ablation,drop_temperature,System_Failure,9,225,202,1,1,1,1,1,0,0
14_sensor_ablation,drop_temperature,System_Failure,9,224,210,2,1,1,1,1,0,0
14_sensor_ablation,drop_temperature,System_Failure,10,226,203,1,1,1,1,1,0,0
14_sensor_ablation,drop_temperature,System_Failure,10,227,204,1,1,1,0,1,0,0
14_sensor_ablation,drop_temperature,System_Failure,10,229,205,1,1,1,1,1,0,0
14_sensor_ablation,drop_temperature,System_Failure,10,230,206,1,1,1,1,1,0,0
14_sensor_ablation,drop_temperature,System_Failure,10,231,207,1,1,1,1,1,0,0
14_sensor_ablation,drop_temperature,System_Failure,10,232,208,1,0,0,0,0,1,0
14_sensor_ablation,drop_temperature,System_Failure,10,233,209,1,1,1,1,1,0,0
14_sensor_ablation,drop_temperature,System_Failure,10,230,216,2,1,1,1,1,0,0
14_sensor_ablation,drop_temperature,System_Failure,10,231,217,2,1,1,1,1,0,0
14_sensor_ablation,drop_temperature,System_Failure,10,232,218,2,1,1,1,1,0,0
14_sensor_ablation,drop_temperature,System_Failure,10,233,219,2,1,1,1,1,0,0
14_sensor_ablation,drop_temperature,System_Failure,10,234,220,1,1,1,1,1,0,0
14_sensor_ablation,drop_temperature,System_Failure,10,235,221,1,1,1,1,1,0,0
14_sensor_ablation,drop_temperature,System_Failure,10,236,222,1,0,0,0,0,1,0
14_sensor_ablation,drop_temperature,System_Failure,10,237,223,1,1,1,1,1,0,0
14_sensor_ablation,drop_temperature,System_Failure,10,238,224,1,0,0,0,0,1,0
14_sensor_ablation,drop_temperature,System_Failure,10,239,225,1,1,1,1,1,0,0
14_sensor_ablation,drop_temperature,System_Failure,10,240,226,1,1,1,1,1,0,0
14_sensor_ablation,drop_temperature,System_Failure,10,241,227,1,0,0,0,0,1,0
14_sensor_ablation,drop_temperature,System_Failure,10,242,228,1,1,1,1,1,0,0
14_sensor_ablation,drop_temperature,System_Failure,10,243,229,1,0,0,0,0,1,0
14_sensor_ablation,drop_temperature,System_Failure,10,245,230,1,0,0,0,0,1,0
14_sensor_ablation,drop_temperature,System_Failure,10,246,231,1,1,1,1,1,0,0
14_sensor_ablation,drop_temperature,System_Failure,10,247,232,1,1,1,1,1,0,0
14_sensor_ablation,drop_temperature,System_Failure,10,248,233,1,0,0,0,0,1,0
14_sensor_ablation,drop_temperature,System_Failure,10,249,234,1,1,1,1,1,0,0
14_sensor_ablation,drop_temperature,System_Failure,10,250,235,1,1,1,1,1,0,0
14_sensor_ablation,drop_temperature,ProtectiveStop,1,1,1,1,1,0,0,1,0,0
14_sensor_ablation,drop_temperature,ProtectiveStop,1,2,2,1,0,1,0,1,0,1
14_sensor_ablation,drop_temperature,ProtectiveStop,1,3,3,1,0,1,0,0,1,0
14_sensor_ablation,drop_temperature,ProtectiveStop,1,4,4,1,0,0,0,0,1,0
14_sensor_ablation,drop_temperature,ProtectiveStop,1,5,5,1,0,1,0,1,0,1
14_sensor_ablation,drop_temperature,ProtectiveStop,1,6,6,1,0,1,0,1,0,1
14_sensor_ablation,drop_temperature,ProtectiveStop,1,8,8,1,0,0,0,0,1,0
14_sensor_ablation,drop_temperature,ProtectiveStop,1,9,9,1,0,0,0,0,1,0
14_sensor_ablation,drop_temperature,ProtectiveStop,1,10,10,1,0,0,0,0,1,0
14_sensor_ablation,drop_temperature,ProtectiveStop,1,11,11,1,0,0,0,0,1,0
14_sensor_ablation,drop_temperature,ProtectiveStop,1,12,12,1,0,0,0,0,1,0
14_sensor_ablation,drop_temperature,ProtectiveStop,1,13,13,1,0,0,0,0,1,0
14_sensor_ablation,drop_temperature,ProtectiveStop,1,14,14,1,0,0,0,1,0,1
14_sensor_ablation,drop_temperature,ProtectiveStop,1,15,15,1,0,0,0,1,0,1
14_sensor_ablation,drop_temperature,ProtectiveStop,1,16,16,1,0,1,0,0,1,0
14_sensor_ablation,drop_temperature,ProtectiveStop,1,17,17,1,0,1,0,0,1,0
14_sensor_ablation,drop_temperature,ProtectiveStop,1,18,18,1,0,0,0,0,1,0
14_sensor_ablation,drop_temperature,ProtectiveStop,1,19,19,1,0,0,0,0,1,0
14_sensor_ablation,drop_temperature,ProtectiveStop,1,20,20,1,0,0,0,0,1,0
14_sensor_ablation,drop_temperature,ProtectiveStop,1,21,21,1,0,1,0,0,1,0
14_sensor_ablation,drop_temperature,ProtectiveStop,1,22,22,1,1,1,1,1,0,0
14_sensor_ablation,drop_temperature,ProtectiveStop,1,23,23,1,0,0,0,0,1,0
14_sensor_ablation,drop_temperature,ProtectiveStop,1,24,24,1,0,0,0,0,1,0
14_sensor_ablation,drop_temperature,ProtectiveStop,1,25,25,1,0,0,0,0,1,0
14_sensor_ablation,drop_temperature,ProtectiveStop,2,26,26,1,0,0,0,0,1,0
14_sensor_ablation,drop_temperature,ProtectiveStop,2,27,27,1,0,0,0,0,1,0
14_sensor_ablation,drop_temperature,ProtectiveStop,2,28,28,1,0,0,0,0,1,0
14_sensor_ablation,drop_temperature,ProtectiveStop,2,29,29,1,0,0,0,0,1,0
14_sensor_ablation,drop_temperature,ProtectiveStop,2,30,30,1,0,0,0,0,1,0
14_sensor_ablation,drop_temperature,ProtectiveStop,2,31,31,1,0,0,0,0,1,0
14_sensor_ablation,drop_temperature,ProtectiveStop,2,32,32,1,0,0,0,0,1,0
14_sensor_ablation,drop_temperature,ProtectiveStop,2,33,33,1,0,0,0,0,1,0
14_sensor_ablation,drop_temperature,ProtectiveStop,2,34,34,1,0,0,0,0,1,0
14_sensor_ablation,drop_temperature,ProtectiveStop,2,35,35,1,1,1,1,1,0,0
14_sensor_ablation,drop_temperature,ProtectiveStop,2,36,36,1,0,0,0,1,0,1
14_sensor_ablation,drop_temperature,ProtectiveStop,2,37,37,1,0,0,0,0,1,0
14_sensor_ablation,drop_temperature,ProtectiveStop,2,38,38,1,0,0,0,0,1,0
14_sensor_ablation,drop_temperature,ProtectiveStop,2,39,39,1,0,0,0,1,0,1
14_sensor_ablation,drop_temperature,ProtectiveStop,2,40,40,1,0,0,0,1,0,1
14_sensor_ablation,drop_temperature,ProtectiveStop,2,41,41,1,0,0,0,0,1,0
14_sensor_ablation,drop_temperature,ProtectiveStop,2,42,42,1,1,1,1,1,0,0
14_sensor_ablation,drop_temperature,ProtectiveStop,2,43,43,1,0,0,0,0,1,0
14_sensor_ablation,drop_temperature,ProtectiveStop,2,44,44,1,0,0,0,0,1,0
14_sensor_ablation,drop_temperature,ProtectiveStop,2,45,45,1,0,0,0,0,1,0
14_sensor_ablation,drop_temperature,ProtectiveStop,2,48,48,1,0,0,0,0,1,0
14_sensor_ablation,drop_temperature,ProtectiveStop,2,49,49,1,0,0,0,0,1,0
14_sensor_ablation,drop_temperature,ProtectiveStop,2,50,50,1,0,0,0,0,1,0
14_sensor_ablation,drop_temperature,ProtectiveStop,3,51,51,1,0,0,0,0,1,0
14_sensor_ablation,drop_temperature,ProtectiveStop,3,52,52,1,0,0,0,0,1,0
14_sensor_ablation,drop_temperature,ProtectiveStop,3,53,53,1,1,1,1,1,0,0
14_sensor_ablation,drop_temperature,ProtectiveStop,3,54,54,1,0,0,0,0,1,0
14_sensor_ablation,drop_temperature,ProtectiveStop,3,55,55,1,0,0,0,0,1,0
14_sensor_ablation,drop_temperature,ProtectiveStop,3,56,56,1,0,0,0,0,1,0
14_sensor_ablation,drop_temperature,ProtectiveStop,3,57,57,1,0,1,0,0,1,0
14_sensor_ablation,drop_temperature,ProtectiveStop,3,58,58,1,0,0,0,0,1,0
14_sensor_ablation,drop_temperature,ProtectiveStop,3,59,59,1,0,0,0,0,1,0
14_sensor_ablation,drop_temperature,ProtectiveStop,3,60,60,1,0,0,0,0,1,0
14_sensor_ablation,drop_temperature,ProtectiveStop,3,61,61,1,0,0,0,0,1,0
14_sensor_ablation,drop_temperature,ProtectiveStop,3,62,62,1,0,1,0,0,1,0
14_sensor_ablation,drop_temperature,ProtectiveStop,3,63,63,1,1,1,1,1,0,0
14_sensor_ablation,drop_temperature,ProtectiveStop,3,64,64,1,0,0,0,1,0,1
14_sensor_ablation,drop_temperature,ProtectiveStop,3,65,65,1,0,0,0,1,0,1
14_sensor_ablation,drop_temperature,ProtectiveStop,3,66,66,1,0,0,0,0,1,0
14_sensor_ablation,drop_temperature,ProtectiveStop,3,67,67,1,0,0,0,1,0,1
14_sensor_ablation,drop_temperature,ProtectiveStop,3,68,68,1,0,0,0,0,1,0
14_sensor_ablation,drop_temperature,ProtectiveStop,3,69,69,1,1,1,1,1,0,0
14_sensor_ablation,drop_temperature,ProtectiveStop,3,70,70,1,0,0,0,0,1,0
14_sensor_ablation,drop_temperature,ProtectiveStop,3,71,71,1,0,1,0,0,1,0
14_sensor_ablation,drop_temperature,ProtectiveStop,3,72,72,1,0,0,0,0,1,0
14_sensor_ablation,drop_temperature,ProtectiveStop,3,73,73,1,0,0,0,0,1,0
14_sensor_ablation,drop_temperature,ProtectiveStop,3,75,74,1,0,0,0,0,1,0
14_sensor_ablation,drop_temperature,ProtectiveStop,4,76,75,1,0,0,0,1,0,1
14_sensor_ablation,drop_temperature,ProtectiveStop,4,85,84,1,0,1,0,0,1,0
14_sensor_ablation,drop_temperature,ProtectiveStop,4,86,85,1,1,1,1,1,0,0
14_sensor_ablation,drop_temperature,ProtectiveStop,4,87,86,1,1,1,1,1,0,0
14_sensor_ablation,drop_temperature,ProtectiveStop,4,88,87,1,0,0,0,0,1,0
14_sensor_ablation,drop_temperature,ProtectiveStop,4,89,88,1,0,0,0,0,1,0
14_sensor_ablation,drop_temperature,ProtectiveStop,4,90,89,1,0,0,0,0,1,0
14_sensor_ablation,drop_temperature,ProtectiveStop,4,91,90,1,0,0,0,1,0,1
14_sensor_ablation,drop_temperature,ProtectiveStop,4,92,91,1,0,0,0,1,0,1
14_sensor_ablation,drop_temperature,ProtectiveStop,4,93,92,1,0,0,0,0,1,0
14_sensor_ablation,drop_temperature,ProtectiveStop,4,94,93,1,0,0,0,0,1,0
14_sensor_ablation,drop_temperature,ProtectiveStop,4,95,94,1,0,0,0,1,0,1
14_sensor_ablation,drop_temperature,ProtectiveStop,4,96,95,1,0,0,0,1,0,1
14_sensor_ablation,drop_temperature,ProtectiveStop,4,97,96,1,0,0,0,1,0,1
14_sensor_ablation,drop_temperature,ProtectiveStop,4,98,97,1,0,0,0,0,1,0
14_sensor_ablation,drop_temperature,ProtectiveStop,4,99,98,1,1,1,1,1,0,0
14_sensor_ablation,drop_temperature,ProtectiveStop,4,100,99,1,0,0,0,0,1,0
14_sensor_ablation,drop_temperature,ProtectiveStop,5,101,100,1,0,0,0,0,1,0
14_sensor_ablation,drop_temperature,ProtectiveStop,5,102,101,1,0,0,0,0,1,0
14_sensor_ablation,drop_temperature,ProtectiveStop,5,103,102,1,1,1,1,1,0,0
14_sensor_ablation,drop_temperature,ProtectiveStop,5,104,103,1,0,0,0,0,1,0
14_sensor_ablation,drop_temperature,ProtectiveStop,5,105,104,1,0,0,0,1,0,1
14_sensor_ablation,drop_temperature,ProtectiveStop,5,106,105,1,0,0,0,0,1,0
14_sensor_ablation,drop_temperature,ProtectiveStop,5,107,106,1,0,0,0,0,1,0
14_sensor_ablation,drop_temperature,ProtectiveStop,5,108,107,1,1,1,1,1,0,0
14_sensor_ablation,drop_temperature,ProtectiveStop,5,109,108,1,0,0,0,0,1,0
14_sensor_ablation,drop_temperature,ProtectiveStop,5,110,109,1,0,0,0,0,1,0
14_sensor_ablation,drop_temperature,ProtectiveStop,5,111,110,1,0,0,0,0,1,0
14_sensor_ablation,drop_temperature,ProtectiveStop,5,112,111,1,0,0,0,0,1,0
14_sensor_ablation,drop_temperature,ProtectiveStop,5,113,112,1,0,0,0,0,1,0
14_sensor_ablation,drop_temperature,ProtectiveStop,5,114,113,1,0,0,0,0,1,0
14_sensor_ablation,drop_temperature,ProtectiveStop,5,115,114,1,1,1,1,1,0,0
14_sensor_ablation,drop_temperature,ProtectiveStop,5,116,115,1,0,0,0,0,1,0
14_sensor_ablation,drop_temperature,ProtectiveStop,5,117,116,1,1,1,1,1,0,0
14_sensor_ablation,drop_temperature,ProtectiveStop,5,118,117,1,1,1,1,1,0,0
14_sensor_ablation,drop_temperature,ProtectiveStop,5,119,118,1,0,0,0,0,1,0
14_sensor_ablation,drop_temperature,ProtectiveStop,5,120,119,1,0,0,0,0,1,0
14_sensor_ablation,drop_temperature,ProtectiveStop,5,121,120,1,0,0,0,0,1,0
14_sensor_ablation,drop_temperature,ProtectiveStop,5,122,121,1,0,0,0,0,1,0
14_sensor_ablation,drop_temperature,ProtectiveStop,5,123,122,1,0,0,0,0,1,0
14_sensor_ablation,drop_temperature,ProtectiveStop,5,124,123,1,0,0,0,0,1,0
14_sensor_ablation,drop_temperature,ProtectiveStop,5,125,124,1,0,0,0,0,1,0
14_sensor_ablation,drop_temperature,ProtectiveStop,7,151,129,1,0,0,0,0,1,0
14_sensor_ablation,drop_temperature,ProtectiveStop,7,152,130,1,1,1,1,1,0,0
14_sensor_ablation,drop_temperature,ProtectiveStop,7,153,131,1,0,0,0,0,1,0
14_sensor_ablation,drop_temperature,ProtectiveStop,7,154,132,1,0,0,0,0,1,0
14_sensor_ablation,drop_temperature,ProtectiveStop,7,155,133,1,0,0,0,0,1,0
14_sensor_ablation,drop_temperature,ProtectiveStop,7,156,134,1,0,0,0,0,1,0
14_sensor_ablation,drop_temperature,ProtectiveStop,7,157,135,1,0,0,0,0,1,0
14_sensor_ablation,drop_temperature,ProtectiveStop,7,159,137,1,1,1,1,1,0,0
14_sensor_ablation,drop_temperature,ProtectiveStop,7,160,138,1,0,0,0,1,0,1
14_sensor_ablation,drop_temperature,ProtectiveStop,7,161,139,1,0,0,0,0,1,0
14_sensor_ablation,drop_temperature,ProtectiveStop,7,162,140,1,0,0,0,0,1,0
14_sensor_ablation,drop_temperature,ProtectiveStop,7,163,141,1,1,1,1,1,0,0
14_sensor_ablation,drop_temperature,ProtectiveStop,7,164,142,1,1,1,1,1,0,0
14_sensor_ablation,drop_temperature,ProtectiveStop,7,165,143,1,0,0,0,0,1,0
14_sensor_ablation,drop_temperature,ProtectiveStop,7,166,144,1,0,0,0,0,1,0
14_sensor_ablation,drop_temperature,ProtectiveStop,7,167,145,1,0,0,0,0,1,0
14_sensor_ablation,drop_temperature,ProtectiveStop,7,168,146,1,0,0,0,0,1,0
14_sensor_ablation,drop_temperature,ProtectiveStop,7,169,147,1,0,0,0,0,1,0
14_sensor_ablation,drop_temperature,ProtectiveStop,7,170,148,1,1,1,1,1,0,0
14_sensor_ablation,drop_temperature,ProtectiveStop,7,171,149,1,0,0,0,0,1,0
14_sensor_ablation,drop_temperature,ProtectiveStop,7,172,150,1,0,0,0,0,1,0
14_sensor_ablation,drop_temperature,ProtectiveStop,7,173,151,1,1,1,1,1,0,0
14_sensor_ablation,drop_temperature,ProtectiveStop,7,174,152,1,1,1,1,1,0,0
14_sensor_ablation,drop_temperature,ProtectiveStop,7,175,153,1,1,1,1,1,0,0
14_sensor_ablation,drop_temperature,ProtectiveStop,8,176,154,1,0,0,0,0,1,0
14_sensor_ablation,drop_temperature,ProtectiveStop,8,177,155,1,0,0,0,0,1,0
14_sensor_ablation,drop_temperature,ProtectiveStop,8,178,156,1,0,0,0,0,1,0
14_sensor_ablation,drop_temperature,ProtectiveStop,8,179,157,1,0,0,0,0,1,0
14_sensor_ablation,drop_temperature,ProtectiveStop,8,180,158,1,0,0,0,1,0,1
14_sensor_ablation,drop_temperature,ProtectiveStop,8,181,159,1,0,0,0,0,1,0
14_sensor_ablation,drop_temperature,ProtectiveStop,8,182,160,1,1,1,1,1,0,0
14_sensor_ablation,drop_temperature,ProtectiveStop,8,183,161,1,1,1,1,1,0,0
14_sensor_ablation,drop_temperature,ProtectiveStop,8,184,162,1,0,0,0,0,1,0
14_sensor_ablation,drop_temperature,ProtectiveStop,8,185,163,1,1,1,1,1,0,0
14_sensor_ablation,drop_temperature,ProtectiveStop,8,199,176,1,0,0,0,0,1,0
14_sensor_ablation,drop_temperature,ProtectiveStop,8,200,177,1,0,0,0,1,0,1
14_sensor_ablation,drop_temperature,ProtectiveStop,9,201,178,1,1,1,1,1,0,0
14_sensor_ablation,drop_temperature,ProtectiveStop,9,202,179,1,0,0,0,1,0,1
14_sensor_ablation,drop_temperature,ProtectiveStop,9,203,180,1,0,0,0,0,1,0
14_sensor_ablation,drop_temperature,ProtectiveStop,9,204,181,1,1,1,1,1,0,0
14_sensor_ablation,drop_temperature,ProtectiveStop,9,205,182,1,0,0,0,0,1,0
14_sensor_ablation,drop_temperature,ProtectiveStop,9,206,183,1,1,1,1,1,0,0
14_sensor_ablation,drop_temperature,ProtectiveStop,9,207,184,1,0,0,0,0,1,0
14_sensor_ablation,drop_temperature,ProtectiveStop,9,208,185,1,0,0,0,1,0,1
14_sensor_ablation,drop_temperature,ProtectiveStop,9,209,186,1,0,0,0,0,1,0
14_sensor_ablation,drop_temperature,ProtectiveStop,9,210,187,1,1,1,1,1,0,0
14_sensor_ablation,drop_temperature,ProtectiveStop,9,211,188,1,0,0,0,0,1,0
14_sensor_ablation,drop_temperature,ProtectiveStop,9,212,189,1,1,1,1,1,0,0
14_sensor_ablation,drop_temperature,ProtectiveStop,9,213,190,1,0,0,0,0,1,0
14_sensor_ablation,drop_temperature,ProtectiveStop,9,214,191,1,1,1,1,1,0,0
14_sensor_ablation,drop_temperature,ProtectiveStop,9,215,192,1,1,1,1,1,0,0
14_sensor_ablation,drop_temperature,ProtectiveStop,9,216,193,1,0,0,0,1,0,1
14_sensor_ablation,drop_temperature,ProtectiveStop,9,217,194,1,1,1,1,1,0,0
14_sensor_ablation,drop_temperature,ProtectiveStop,9,218,195,1,1,1,1,1,0,0
14_sensor_ablation,drop_temperature,ProtectiveStop,9,219,196,1,1,1,1,1,0,0
14_sensor_ablation,drop_temperature,ProtectiveStop,9,220,197,1,1,1,1,1,0,0
14_sensor_ablation,drop_temperature,ProtectiveStop,9,221,198,1,1,0,0,1,0,0
14_sensor_ablation,drop_temperature,ProtectiveStop,9,222,199,1,1,1,1,1,0,0
14_sensor_ablation,drop_temperature,ProtectiveStop,9,223,200,1,1,1,1,1,0,0
14_sensor_ablation,drop_temperature,ProtectiveStop,9,224,201,1,1,1,1,1,0,0
14_sensor_ablation,drop_temperature,ProtectiveStop,9,225,202,1,1,1,1,1,0,0
14_sensor_ablation,drop_temperature,ProtectiveStop,9,224,210,2,1,1,1,1,0,0
14_sensor_ablation,drop_temperature,ProtectiveStop,10,226,203,1,1,1,1,1,0,0
14_sensor_ablation,drop_temperature,ProtectiveStop,10,227,204,1,1,0,0,1,0,0
14_sensor_ablation,drop_temperature,ProtectiveStop,10,229,205,1,1,1,1,1,0,0
14_sensor_ablation,drop_temperature,ProtectiveStop,10,230,206,1,1,1,1,1,0,0
14_sensor_ablation,drop_temperature,ProtectiveStop,10,231,207,1,1,1,1,1,0,0
14_sensor_ablation,drop_temperature,ProtectiveStop,10,232,208,1,0,0,0,0,1,0
14_sensor_ablation,drop_temperature,ProtectiveStop,10,233,209,1,1,1,1,1,0,0
14_sensor_ablation,drop_temperature,ProtectiveStop,10,230,216,2,1,1,1,1,0,0
14_sensor_ablation,drop_temperature,ProtectiveStop,10,231,217,2,1,1,1,1,0,0
14_sensor_ablation,drop_temperature,ProtectiveStop,10,232,218,2,1,1,1,1,0,0
14_sensor_ablation,drop_temperature,ProtectiveStop,10,233,219,2,0,1,0,1,0,1
14_sensor_ablation,drop_temperature,ProtectiveStop,10,234,220,1,1,1,1,1,0,0
14_sensor_ablation,drop_temperature,ProtectiveStop,10,235,221,1,1,1,1,1,0,0
14_sensor_ablation,drop_temperature,ProtectiveStop,10,236,222,1,0,0,0,0,1,0
14_sensor_ablation,drop_temperature,ProtectiveStop,10,237,223,1,1,1,1,1,0,0
14_sensor_ablation,drop_temperature,ProtectiveStop,10,238,224,1,0,0,0,0,1,0
14_sensor_ablation,drop_temperature,ProtectiveStop,10,239,225,1,1,1,1,1,0,0
14_sensor_ablation,drop_temperature,ProtectiveStop,10,240,226,1,1,1,1,1,0,0
14_sensor_ablation,drop_temperature,ProtectiveStop,10,241,227,1,0,0,0,0,1,0
14_sensor_ablation,drop_temperature,ProtectiveStop,10,242,228,1,1,1,1,1,0,0
14_sensor_ablation,drop_temperature,ProtectiveStop,10,243,229,1,0,0,0,0,1,0
14_sensor_ablation,drop_temperature,ProtectiveStop,10,245,230,1,0,0,0,0,1,0
14_sensor_ablation,drop_temperature,ProtectiveStop,10,246,231,1,1,1,1,1,0,0
14_sensor_ablation,drop_temperature,ProtectiveStop,10,247,232,1,1,1,1,1,0,0
14_sensor_ablation,drop_temperature,ProtectiveStop,10,248,233,1,0,0,0,0,1,0
14_sensor_ablation,drop_temperature,ProtectiveStop,10,249,234,1,1,1,1,1,0,0
14_sensor_ablation,drop_temperature,ProtectiveStop,10,250,235,1,1,1,1,1,0,0
14_sensor_ablation,drop_temperature,GripLost,1,1,1,1,0,1,0,1,0,1
14_sensor_ablation,drop_temperature,GripLost,1,2,2,1,1,1,1,1,0,0
14_sensor_ablation,drop_temperature,GripLost,1,3,3,1,0,0,0,0,1,0
14_sensor_ablation,drop_temperature,GripLost,1,4,4,1,0,0,0,0,1,0
14_sensor_ablation,drop_temperature,GripLost,1,5,5,1,1,1,1,1,0,0
14_sensor_ablation,drop_temperature,GripLost,1,6,6,1,1,1,1,1,0,0
14_sensor_ablation,drop_temperature,GripLost,1,8,8,1,0,0,0,0,1,0
14_sensor_ablation,drop_temperature,GripLost,1,9,9,1,0,0,0,0,1,0
14_sensor_ablation,drop_temperature,GripLost,1,10,10,1,0,0,0,0,1,0
14_sensor_ablation,drop_temperature,GripLost,1,11,11,1,0,0,0,0,1,0
14_sensor_ablation,drop_temperature,GripLost,1,12,12,1,0,0,0,0,1,0
14_sensor_ablation,drop_temperature,GripLost,1,13,13,1,0,0,0,0,1,0
14_sensor_ablation,drop_temperature,GripLost,1,14,14,1,1,1,1,1,0,0
14_sensor_ablation,drop_temperature,GripLost,1,15,15,1,1,1,1,1,0,0
14_sensor_ablation,drop_temperature,GripLost,1,16,16,1,0,0,0,0,1,0
14_sensor_ablation,drop_temperature,GripLost,1,17,17,1,0,0,0,0,1,0
14_sensor_ablation,drop_temperature,GripLost,1,18,18,1,0,0,0,0,1,0
14_sensor_ablation,drop_temperature,GripLost,1,19,19,1,0,0,0,0,1,0
14_sensor_ablation,drop_temperature,GripLost,1,20,20,1,0,0,0,0,1,0
14_sensor_ablation,drop_temperature,GripLost,1,21,21,1,0,0,0,0,1,0
14_sensor_ablation,drop_temperature,GripLost,1,22,22,1,0,0,0,1,0,1
14_sensor_ablation,drop_temperature,GripLost,1,23,23,1,0,0,0,0,1,0
14_sensor_ablation,drop_temperature,GripLost,1,24,24,1,0,0,0,0,1,0
14_sensor_ablation,drop_temperature,GripLost,1,25,25,1,0,0,0,0,1,0
14_sensor_ablation,drop_temperature,GripLost,2,26,26,1,0,0,0,0,1,0
14_sensor_ablation,drop_temperature,GripLost,2,27,27,1,0,0,0,0,1,0
14_sensor_ablation,drop_temperature,GripLost,2,28,28,1,0,0,0,0,1,0
14_sensor_ablation,drop_temperature,GripLost,2,29,29,1,0,0,0,0,1,0
14_sensor_ablation,drop_temperature,GripLost,2,30,30,1,0,0,0,0,1,0
14_sensor_ablation,drop_temperature,GripLost,2,31,31,1,0,0,0,0,1,0
14_sensor_ablation,drop_temperature,GripLost,2,32,32,1,0,0,0,0,1,0
14_sensor_ablation,drop_temperature,GripLost,2,33,33,1,0,0,0,0,1,0
14_sensor_ablation,drop_temperature,GripLost,2,34,34,1,0,0,0,0,1,0
14_sensor_ablation,drop_temperature,GripLost,2,35,35,1,0,0,0,1,0,1
14_sensor_ablation,drop_temperature,GripLost,2,36,36,1,1,1,1,1,0,0
14_sensor_ablation,drop_temperature,GripLost,2,37,37,1,0,0,0,0,1,0
14_sensor_ablation,drop_temperature,GripLost,2,38,38,1,0,0,0,0,1,0
14_sensor_ablation,drop_temperature,GripLost,2,39,39,1,1,1,1,1,0,0
14_sensor_ablation,drop_temperature,GripLost,2,40,40,1,1,1,1,1,0,0
14_sensor_ablation,drop_temperature,GripLost,2,41,41,1,0,0,0,0,1,0
14_sensor_ablation,drop_temperature,GripLost,2,42,42,1,0,0,0,1,0,1
14_sensor_ablation,drop_temperature,GripLost,2,43,43,1,0,0,0,0,1,0
14_sensor_ablation,drop_temperature,GripLost,2,44,44,1,0,0,0,0,1,0
14_sensor_ablation,drop_temperature,GripLost,2,45,45,1,0,0,0,0,1,0
14_sensor_ablation,drop_temperature,GripLost,2,48,48,1,0,0,0,0,1,0
14_sensor_ablation,drop_temperature,GripLost,2,49,49,1,0,0,0,0,1,0
14_sensor_ablation,drop_temperature,GripLost,2,50,50,1,0,0,0,0,1,0
14_sensor_ablation,drop_temperature,GripLost,3,51,51,1,0,0,0,0,1,0
14_sensor_ablation,drop_temperature,GripLost,3,52,52,1,0,0,0,0,1,0
14_sensor_ablation,drop_temperature,GripLost,3,53,53,1,0,0,0,1,0,1
14_sensor_ablation,drop_temperature,GripLost,3,54,54,1,0,0,0,0,1,0
14_sensor_ablation,drop_temperature,GripLost,3,55,55,1,0,0,0,0,1,0
14_sensor_ablation,drop_temperature,GripLost,3,56,56,1,0,0,0,0,1,0
14_sensor_ablation,drop_temperature,GripLost,3,57,57,1,0,1,0,0,1,0
14_sensor_ablation,drop_temperature,GripLost,3,58,58,1,0,0,0,0,1,0
14_sensor_ablation,drop_temperature,GripLost,3,59,59,1,0,0,0,0,1,0
14_sensor_ablation,drop_temperature,GripLost,3,60,60,1,0,0,0,0,1,0
14_sensor_ablation,drop_temperature,GripLost,3,61,61,1,0,0,0,0,1,0
14_sensor_ablation,drop_temperature,GripLost,3,62,62,1,0,0,0,0,1,0
14_sensor_ablation,drop_temperature,GripLost,3,63,63,1,1,1,1,1,0,0
14_sensor_ablation,drop_temperature,GripLost,3,64,64,1,1,1,1,1,0,0
14_sensor_ablation,drop_temperature,GripLost,3,65,65,1,1,1,1,1,0,0
14_sensor_ablation,drop_temperature,GripLost,3,66,66,1,0,0,0,0,1,0
14_sensor_ablation,drop_temperature,GripLost,3,67,67,1,1,1,1,1,0,0
14_sensor_ablation,drop_temperature,GripLost,3,68,68,1,0,0,0,0,1,0
14_sensor_ablation,drop_temperature,GripLost,3,69,69,1,1,1,1,1,0,0
14_sensor_ablation,drop_temperature,GripLost,3,70,70,1,0,0,0,0,1,0
14_sensor_ablation,drop_temperature,GripLost,3,71,71,1,0,0,0,0,1,0
14_sensor_ablation,drop_temperature,GripLost,3,72,72,1,0,0,0,0,1,0
14_sensor_ablation,drop_temperature,GripLost,3,73,73,1,0,0,0,0,1,0
14_sensor_ablation,drop_temperature,GripLost,3,75,74,1,0,0,0,0,1,0
14_sensor_ablation,drop_temperature,GripLost,4,76,75,1,1,1,1,1,0,0
14_sensor_ablation,drop_temperature,GripLost,4,85,84,1,0,0,0,0,1,0
14_sensor_ablation,drop_temperature,GripLost,4,86,85,1,1,1,1,1,0,0
14_sensor_ablation,drop_temperature,GripLost,4,87,86,1,0,0,0,1,0,1
14_sensor_ablation,drop_temperature,GripLost,4,88,87,1,0,0,0,0,1,0
14_sensor_ablation,drop_temperature,GripLost,4,89,88,1,0,0,0,0,1,0
14_sensor_ablation,drop_temperature,GripLost,4,90,89,1,0,0,0,0,1,0
14_sensor_ablation,drop_temperature,GripLost,4,91,90,1,1,1,1,1,0,0
14_sensor_ablation,drop_temperature,GripLost,4,92,91,1,1,1,1,1,0,0
14_sensor_ablation,drop_temperature,GripLost,4,93,92,1,0,0,0,0,1,0
14_sensor_ablation,drop_temperature,GripLost,4,94,93,1,0,0,0,0,1,0
14_sensor_ablation,drop_temperature,GripLost,4,95,94,1,1,1,1,1,0,0
14_sensor_ablation,drop_temperature,GripLost,4,96,95,1,1,1,1,1,0,0
14_sensor_ablation,drop_temperature,GripLost,4,97,96,1,1,1,1,1,0,0
14_sensor_ablation,drop_temperature,GripLost,4,98,97,1,0,0,0,0,1,0
14_sensor_ablation,drop_temperature,GripLost,4,99,98,1,0,0,0,1,0,1
14_sensor_ablation,drop_temperature,GripLost,4,100,99,1,0,0,0,0,1,0
14_sensor_ablation,drop_temperature,GripLost,5,101,100,1,0,0,0,0,1,0
14_sensor_ablation,drop_temperature,GripLost,5,102,101,1,0,0,0,0,1,0
14_sensor_ablation,drop_temperature,GripLost,5,103,102,1,0,0,0,1,0,1
14_sensor_ablation,drop_temperature,GripLost,5,104,103,1,0,0,0,0,1,0
14_sensor_ablation,drop_temperature,GripLost,5,105,104,1,1,1,1,1,0,0
14_sensor_ablation,drop_temperature,GripLost,5,106,105,1,0,0,0,0,1,0
14_sensor_ablation,drop_temperature,GripLost,5,107,106,1,0,0,0,0,1,0
14_sensor_ablation,drop_temperature,GripLost,5,108,107,1,0,0,0,1,0,1
14_sensor_ablation,drop_temperature,GripLost,5,109,108,1,0,0,0,0,1,0
14_sensor_ablation,drop_temperature,GripLost,5,110,109,1,0,0,0,0,1,0
14_sensor_ablation,drop_temperature,GripLost,5,111,110,1,0,0,0,0,1,0
14_sensor_ablation,drop_temperature,GripLost,5,112,111,1,0,0,0,0,1,0
14_sensor_ablation,drop_temperature,GripLost,5,113,112,1,0,0,0,0,1,0
14_sensor_ablation,drop_temperature,GripLost,5,114,113,1,0,0,0,0,1,0
14_sensor_ablation,drop_temperature,GripLost,5,115,114,1,0,0,0,1,0,1
14_sensor_ablation,drop_temperature,GripLost,5,116,115,1,0,0,0,0,1,0
14_sensor_ablation,drop_temperature,GripLost,5,117,116,1,0,0,0,1,0,1
14_sensor_ablation,drop_temperature,GripLost,5,118,117,1,0,0,0,1,0,1
14_sensor_ablation,drop_temperature,GripLost,5,119,118,1,0,0,0,0,1,0
14_sensor_ablation,drop_temperature,GripLost,5,120,119,1,0,0,0,0,1,0
14_sensor_ablation,drop_temperature,GripLost,5,121,120,1,0,0,0,0,1,0
14_sensor_ablation,drop_temperature,GripLost,5,122,121,1,0,0,0,0,1,0
14_sensor_ablation,drop_temperature,GripLost,5,123,122,1,0,0,0,0,1,0
14_sensor_ablation,drop_temperature,GripLost,5,124,123,1,0,0,0,0,1,0
14_sensor_ablation,drop_temperature,GripLost,5,125,124,1,0,0,0,0,1,0
14_sensor_ablation,drop_temperature,GripLost,7,151,129,1,0,0,0,0,1,0
14_sensor_ablation,drop_temperature,GripLost,7,152,130,1,0,0,0,1,0,1
14_sensor_ablation,drop_temperature,GripLost,7,153,131,1,0,0,0,0,1,0
14_sensor_ablation,drop_temperature,GripLost,7,154,132,1,0,0,0,0,1,0
14_sensor_ablation,drop_temperature,GripLost,7,155,133,1,0,0,0,0,1,0
14_sensor_ablation,drop_temperature,GripLost,7,156,134,1,0,0,0,0,1,0
14_sensor_ablation,drop_temperature,GripLost,7,157,135,1,0,0,0,0,1,0
14_sensor_ablation,drop_temperature,GripLost,7,159,137,1,0,0,0,1,0,1
14_sensor_ablation,drop_temperature,GripLost,7,160,138,1,1,1,1,1,0,0
14_sensor_ablation,drop_temperature,GripLost,7,161,139,1,0,0,0,0,1,0
14_sensor_ablation,drop_temperature,GripLost,7,162,140,1,0,0,0,0,1,0
14_sensor_ablation,drop_temperature,GripLost,7,163,141,1,0,0,0,1,0,1
14_sensor_ablation,drop_temperature,GripLost,7,164,142,1,1,1,1,1,0,0
14_sensor_ablation,drop_temperature,GripLost,7,165,143,1,0,0,0,0,1,0
14_sensor_ablation,drop_temperature,GripLost,7,166,144,1,0,0,0,0,1,0
14_sensor_ablation,drop_temperature,GripLost,7,167,145,1,0,0,0,0,1,0
14_sensor_ablation,drop_temperature,GripLost,7,168,146,1,0,0,0,0,1,0
14_sensor_ablation,drop_temperature,GripLost,7,169,147,1,0,0,0,0,1,0
14_sensor_ablation,drop_temperature,GripLost,7,170,148,1,0,0,0,1,0,1
14_sensor_ablation,drop_temperature,GripLost,7,171,149,1,0,0,0,0,1,0
14_sensor_ablation,drop_temperature,GripLost,7,172,150,1,0,0,0,0,1,0
14_sensor_ablation,drop_temperature,GripLost,7,173,151,1,1,1,1,1,0,0
14_sensor_ablation,drop_temperature,GripLost,7,174,152,1,1,1,1,1,0,0
14_sensor_ablation,drop_temperature,GripLost,7,175,153,1,0,0,0,1,0,1
14_sensor_ablation,drop_temperature,GripLost,8,176,154,1,0,0,0,0,1,0
14_sensor_ablation,drop_temperature,GripLost,8,177,155,1,0,0,0,0,1,0
14_sensor_ablation,drop_temperature,GripLost,8,178,156,1,0,1,0,0,1,0
14_sensor_ablation,drop_temperature,GripLost,8,179,157,1,0,1,0,0,1,0
14_sensor_ablation,drop_temperature,GripLost,8,180,158,1,1,1,1,1,0,0
14_sensor_ablation,drop_temperature,GripLost,8,181,159,1,0,0,0,0,1,0
14_sensor_ablation,drop_temperature,GripLost,8,182,160,1,0,0,0,1,0,1
14_sensor_ablation,drop_temperature,GripLost,8,183,161,1,0,0,0,1,0,1
14_sensor_ablation,drop_temperature,GripLost,8,184,162,1,0,0,0,0,1,0
14_sensor_ablation,drop_temperature,GripLost,8,185,163,1,0,0,0,1,0,1
14_sensor_ablation,drop_temperature,GripLost,8,199,176,1,0,0,0,0,1,0
14_sensor_ablation,drop_temperature,GripLost,8,200,177,1,1,1,1,1,0,0
14_sensor_ablation,drop_temperature,GripLost,9,201,178,1,0,0,0,1,0,1
14_sensor_ablation,drop_temperature,GripLost,9,202,179,1,1,1,1,1,0,0
14_sensor_ablation,drop_temperature,GripLost,9,203,180,1,0,0,0,0,1,0
14_sensor_ablation,drop_temperature,GripLost,9,204,181,1,0,1,0,1,0,1
14_sensor_ablation,drop_temperature,GripLost,9,205,182,1,0,0,0,0,1,0
14_sensor_ablation,drop_temperature,GripLost,9,206,183,1,0,0,0,1,0,1
14_sensor_ablation,drop_temperature,GripLost,9,207,184,1,0,0,0,0,1,0
14_sensor_ablation,drop_temperature,GripLost,9,208,185,1,1,1,1,1,0,0
14_sensor_ablation,drop_temperature,GripLost,9,209,186,1,0,0,0,0,1,0
14_sensor_ablation,drop_temperature,GripLost,9,210,187,1,0,1,0,1,0,1
14_sensor_ablation,drop_temperature,GripLost,9,211,188,1,0,0,0,0,1,0
14_sensor_ablation,drop_temperature,GripLost,9,212,189,1,0,0,0,1,0,1
14_sensor_ablation,drop_temperature,GripLost,9,213,190,1,0,0,0,0,1,0
14_sensor_ablation,drop_temperature,GripLost,9,214,191,1,1,1,1,1,0,0
14_sensor_ablation,drop_temperature,GripLost,9,215,192,1,0,1,0,1,0,1
14_sensor_ablation,drop_temperature,GripLost,9,216,193,1,1,1,1,1,0,0
14_sensor_ablation,drop_temperature,GripLost,9,217,194,1,0,0,0,1,0,1
14_sensor_ablation,drop_temperature,GripLost,9,218,195,1,0,1,0,1,0,1
14_sensor_ablation,drop_temperature,GripLost,9,219,196,1,1,1,1,1,0,0
14_sensor_ablation,drop_temperature,GripLost,9,220,197,1,0,0,0,1,0,1
14_sensor_ablation,drop_temperature,GripLost,9,221,198,1,1,1,1,1,0,0
14_sensor_ablation,drop_temperature,GripLost,9,222,199,1,0,1,0,1,0,1
14_sensor_ablation,drop_temperature,GripLost,9,223,200,1,0,0,0,1,0,1
14_sensor_ablation,drop_temperature,GripLost,9,224,201,1,0,0,0,1,0,1
14_sensor_ablation,drop_temperature,GripLost,9,225,202,1,0,0,0,1,0,1
14_sensor_ablation,drop_temperature,GripLost,9,224,210,2,0,0,0,1,0,1
14_sensor_ablation,drop_temperature,GripLost,10,226,203,1,0,0,0,1,0,1
14_sensor_ablation,drop_temperature,GripLost,10,227,204,1,0,0,0,1,0,1
14_sensor_ablation,drop_temperature,GripLost,10,229,205,1,0,0,0,1,0,1
14_sensor_ablation,drop_temperature,GripLost,10,230,206,1,0,0,0,1,0,1
14_sensor_ablation,drop_temperature,GripLost,10,231,207,1,0,0,0,1,0,1
14_sensor_ablation,drop_temperature,GripLost,10,232,208,1,0,0,0,0,1,0
14_sensor_ablation,drop_temperature,GripLost,10,233,209,1,0,0,0,1,0,1
14_sensor_ablation,drop_temperature,GripLost,10,230,216,2,0,0,0,1,0,1
14_sensor_ablation,drop_temperature,GripLost,10,231,217,2,0,0,0,1,0,1
14_sensor_ablation,drop_temperature,GripLost,10,232,218,2,1,1,1,1,0,0
14_sensor_ablation,drop_temperature,GripLost,10,233,219,2,1,1,1,1,0,0
14_sensor_ablation,drop_temperature,GripLost,10,234,220,1,1,0,0,1,0,0
14_sensor_ablation,drop_temperature,GripLost,10,235,221,1,0,1,0,1,0,1
14_sensor_ablation,drop_temperature,GripLost,10,236,222,1,0,0,0,0,1,0
14_sensor_ablation,drop_temperature,GripLost,10,237,223,1,1,1,1,1,0,0
14_sensor_ablation,drop_temperature,GripLost,10,238,224,1,0,0,0,0,1,0
14_sensor_ablation,drop_temperature,GripLost,10,239,225,1,0,1,0,1,0,1
14_sensor_ablation,drop_temperature,GripLost,10,240,226,1,0,0,0,1,0,1
14_sensor_ablation,drop_temperature,GripLost,10,241,227,1,0,1,0,0,1,0
14_sensor_ablation,drop_temperature,GripLost,10,242,228,1,0,0,0,1,0,1
14_sensor_ablation,drop_temperature,GripLost,10,243,229,1,0,0,0,0,1,0
14_sensor_ablation,drop_temperature,GripLost,10,245,230,1,0,0,0,0,1,0
14_sensor_ablation,drop_temperature,GripLost,10,246,231,1,0,0,0,1,0,1
14_sensor_ablation,drop_temperature,GripLost,10,247,232,1,1,0,0,1,0,0
14_sensor_ablation,drop_temperature,GripLost,10,248,233,1,0,0,0,0,1,0
14_sensor_ablation,drop_temperature,GripLost,10,249,234,1,0,0,0,1,0,1
14_sensor_ablation,drop_temperature,GripLost,10,250,235,1,1,1,1,1,0,0
14_sensor_ablation,drop_tool_current,System_Failure,1,1,1,1,1,1,1,1,0,0
14_sensor_ablation,drop_tool_current,System_Failure,1,2,2,1,1,1,1,1,0,0
14_sensor_ablation,drop_tool_current,System_Failure,1,3,3,1,0,1,0,0,1,0
14_sensor_ablation,drop_tool_current,System_Failure,1,4,4,1,0,0,0,0,1,0
14_sensor_ablation,drop_tool_current,System_Failure,1,5,5,1,1,1,1,1,0,0
14_sensor_ablation,drop_tool_current,System_Failure,1,6,6,1,1,1,1,1,0,0
14_sensor_ablation,drop_tool_current,System_Failure,1,8,8,1,0,0,0,0,1,0
14_sensor_ablation,drop_tool_current,System_Failure,1,9,9,1,0,0,0,0,1,0
14_sensor_ablation,drop_tool_current,System_Failure,1,10,10,1,0,0,0,0,1,0
14_sensor_ablation,drop_tool_current,System_Failure,1,11,11,1,0,0,0,0,1,0
14_sensor_ablation,drop_tool_current,System_Failure,1,12,12,1,0,0,0,0,1,0
14_sensor_ablation,drop_tool_current,System_Failure,1,13,13,1,0,0,0,0,1,0
14_sensor_ablation,drop_tool_current,System_Failure,1,14,14,1,1,1,1,1,0,0
14_sensor_ablation,drop_tool_current,System_Failure,1,15,15,1,1,1,1,1,0,0
14_sensor_ablation,drop_tool_current,System_Failure,1,16,16,1,0,0,0,0,1,0
14_sensor_ablation,drop_tool_current,System_Failure,1,17,17,1,0,0,0,0,1,0
14_sensor_ablation,drop_tool_current,System_Failure,1,18,18,1,0,0,0,0,1,0
14_sensor_ablation,drop_tool_current,System_Failure,1,19,19,1,0,0,0,0,1,0
14_sensor_ablation,drop_tool_current,System_Failure,1,20,20,1,0,0,0,0,1,0
14_sensor_ablation,drop_tool_current,System_Failure,1,21,21,1,0,0,0,0,1,0
14_sensor_ablation,drop_tool_current,System_Failure,1,22,22,1,1,1,1,1,0,0
14_sensor_ablation,drop_tool_current,System_Failure,1,23,23,1,0,0,0,0,1,0
14_sensor_ablation,drop_tool_current,System_Failure,1,24,24,1,0,0,0,0,1,0
14_sensor_ablation,drop_tool_current,System_Failure,1,25,25,1,0,0,0,0,1,0
14_sensor_ablation,drop_tool_current,System_Failure,2,26,26,1,0,0,0,0,1,0
14_sensor_ablation,drop_tool_current,System_Failure,2,27,27,1,0,0,0,0,1,0
14_sensor_ablation,drop_tool_current,System_Failure,2,28,28,1,0,0,0,0,1,0
14_sensor_ablation,drop_tool_current,System_Failure,2,29,29,1,0,0,0,0,1,0
14_sensor_ablation,drop_tool_current,System_Failure,2,30,30,1,0,0,0,0,1,0
14_sensor_ablation,drop_tool_current,System_Failure,2,31,31,1,0,0,0,0,1,0
14_sensor_ablation,drop_tool_current,System_Failure,2,32,32,1,0,0,0,0,1,0
14_sensor_ablation,drop_tool_current,System_Failure,2,33,33,1,0,0,0,0,1,0
14_sensor_ablation,drop_tool_current,System_Failure,2,34,34,1,0,0,0,0,1,0
14_sensor_ablation,drop_tool_current,System_Failure,2,35,35,1,1,1,1,1,0,0
14_sensor_ablation,drop_tool_current,System_Failure,2,36,36,1,1,1,1,1,0,0
14_sensor_ablation,drop_tool_current,System_Failure,2,37,37,1,0,0,0,0,1,0
14_sensor_ablation,drop_tool_current,System_Failure,2,38,38,1,0,0,0,0,1,0
14_sensor_ablation,drop_tool_current,System_Failure,2,39,39,1,1,1,1,1,0,0
14_sensor_ablation,drop_tool_current,System_Failure,2,40,40,1,1,1,1,1,0,0
14_sensor_ablation,drop_tool_current,System_Failure,2,41,41,1,0,0,0,0,1,0
14_sensor_ablation,drop_tool_current,System_Failure,2,42,42,1,1,1,1,1,0,0
14_sensor_ablation,drop_tool_current,System_Failure,2,43,43,1,0,0,0,0,1,0
14_sensor_ablation,drop_tool_current,System_Failure,2,44,44,1,0,0,0,0,1,0
14_sensor_ablation,drop_tool_current,System_Failure,2,45,45,1,0,0,0,0,1,0
14_sensor_ablation,drop_tool_current,System_Failure,2,48,48,1,0,0,0,0,1,0
14_sensor_ablation,drop_tool_current,System_Failure,2,49,49,1,0,0,0,0,1,0
14_sensor_ablation,drop_tool_current,System_Failure,2,50,50,1,0,0,0,0,1,0
14_sensor_ablation,drop_tool_current,System_Failure,3,51,51,1,0,0,0,0,1,0
14_sensor_ablation,drop_tool_current,System_Failure,3,52,52,1,0,0,0,0,1,0
14_sensor_ablation,drop_tool_current,System_Failure,3,53,53,1,1,1,1,1,0,0
14_sensor_ablation,drop_tool_current,System_Failure,3,54,54,1,0,0,0,0,1,0
14_sensor_ablation,drop_tool_current,System_Failure,3,55,55,1,0,0,0,0,1,0
14_sensor_ablation,drop_tool_current,System_Failure,3,56,56,1,0,0,0,0,1,0
14_sensor_ablation,drop_tool_current,System_Failure,3,57,57,1,0,1,0,0,1,0
14_sensor_ablation,drop_tool_current,System_Failure,3,58,58,1,0,0,0,0,1,0
14_sensor_ablation,drop_tool_current,System_Failure,3,59,59,1,0,0,0,0,1,0
14_sensor_ablation,drop_tool_current,System_Failure,3,60,60,1,0,0,0,0,1,0
14_sensor_ablation,drop_tool_current,System_Failure,3,61,61,1,0,0,0,0,1,0
14_sensor_ablation,drop_tool_current,System_Failure,3,62,62,1,0,1,0,0,1,0
14_sensor_ablation,drop_tool_current,System_Failure,3,63,63,1,1,1,1,1,0,0
14_sensor_ablation,drop_tool_current,System_Failure,3,64,64,1,1,1,1,1,0,0
14_sensor_ablation,drop_tool_current,System_Failure,3,65,65,1,1,1,1,1,0,0
14_sensor_ablation,drop_tool_current,System_Failure,3,66,66,1,0,0,0,0,1,0
14_sensor_ablation,drop_tool_current,System_Failure,3,67,67,1,1,1,1,1,0,0
14_sensor_ablation,drop_tool_current,System_Failure,3,68,68,1,0,0,0,0,1,0
14_sensor_ablation,drop_tool_current,System_Failure,3,69,69,1,1,1,1,1,0,0
14_sensor_ablation,drop_tool_current,System_Failure,3,70,70,1,0,0,0,0,1,0
14_sensor_ablation,drop_tool_current,System_Failure,3,71,71,1,0,1,0,0,1,0
14_sensor_ablation,drop_tool_current,System_Failure,3,72,72,1,0,0,0,0,1,0
14_sensor_ablation,drop_tool_current,System_Failure,3,73,73,1,0,0,0,0,1,0
14_sensor_ablation,drop_tool_current,System_Failure,3,75,74,1,0,0,0,0,1,0
14_sensor_ablation,drop_tool_current,System_Failure,4,76,75,1,1,1,1,1,0,0
14_sensor_ablation,drop_tool_current,System_Failure,4,85,84,1,0,1,0,0,1,0
14_sensor_ablation,drop_tool_current,System_Failure,4,86,85,1,1,1,1,1,0,0
14_sensor_ablation,drop_tool_current,System_Failure,4,87,86,1,1,1,1,1,0,0
14_sensor_ablation,drop_tool_current,System_Failure,4,88,87,1,0,0,0,0,1,0
14_sensor_ablation,drop_tool_current,System_Failure,4,89,88,1,0,0,0,0,1,0
14_sensor_ablation,drop_tool_current,System_Failure,4,90,89,1,0,0,0,0,1,0
14_sensor_ablation,drop_tool_current,System_Failure,4,91,90,1,1,1,1,1,0,0
14_sensor_ablation,drop_tool_current,System_Failure,4,92,91,1,1,1,1,1,0,0
14_sensor_ablation,drop_tool_current,System_Failure,4,93,92,1,0,0,0,0,1,0
14_sensor_ablation,drop_tool_current,System_Failure,4,94,93,1,0,0,0,0,1,0
14_sensor_ablation,drop_tool_current,System_Failure,4,95,94,1,1,1,1,1,0,0
14_sensor_ablation,drop_tool_current,System_Failure,4,96,95,1,1,1,1,1,0,0
14_sensor_ablation,drop_tool_current,System_Failure,4,97,96,1,1,1,1,1,0,0
14_sensor_ablation,drop_tool_current,System_Failure,4,98,97,1,0,0,0,0,1,0
14_sensor_ablation,drop_tool_current,System_Failure,4,99,98,1,1,1,1,1,0,0
14_sensor_ablation,drop_tool_current,System_Failure,4,100,99,1,0,0,0,0,1,0
14_sensor_ablation,drop_tool_current,System_Failure,5,101,100,1,0,0,0,0,1,0
14_sensor_ablation,drop_tool_current,System_Failure,5,102,101,1,0,0,0,0,1,0
14_sensor_ablation,drop_tool_current,System_Failure,5,103,102,1,1,1,1,1,0,0
14_sensor_ablation,drop_tool_current,System_Failure,5,104,103,1,0,0,0,0,1,0
14_sensor_ablation,drop_tool_current,System_Failure,5,105,104,1,1,1,1,1,0,0
14_sensor_ablation,drop_tool_current,System_Failure,5,106,105,1,0,0,0,0,1,0
14_sensor_ablation,drop_tool_current,System_Failure,5,107,106,1,0,0,0,0,1,0
14_sensor_ablation,drop_tool_current,System_Failure,5,108,107,1,1,1,1,1,0,0
14_sensor_ablation,drop_tool_current,System_Failure,5,109,108,1,0,0,0,0,1,0
14_sensor_ablation,drop_tool_current,System_Failure,5,110,109,1,0,0,0,0,1,0
14_sensor_ablation,drop_tool_current,System_Failure,5,111,110,1,0,0,0,0,1,0
14_sensor_ablation,drop_tool_current,System_Failure,5,112,111,1,0,0,0,0,1,0
14_sensor_ablation,drop_tool_current,System_Failure,5,113,112,1,0,0,0,0,1,0
14_sensor_ablation,drop_tool_current,System_Failure,5,114,113,1,0,0,0,0,1,0
14_sensor_ablation,drop_tool_current,System_Failure,5,115,114,1,1,1,1,1,0,0
14_sensor_ablation,drop_tool_current,System_Failure,5,116,115,1,0,0,0,0,1,0
14_sensor_ablation,drop_tool_current,System_Failure,5,117,116,1,1,1,1,1,0,0
14_sensor_ablation,drop_tool_current,System_Failure,5,118,117,1,1,1,1,1,0,0
14_sensor_ablation,drop_tool_current,System_Failure,5,119,118,1,0,0,0,0,1,0
14_sensor_ablation,drop_tool_current,System_Failure,5,120,119,1,0,0,0,0,1,0
14_sensor_ablation,drop_tool_current,System_Failure,5,121,120,1,0,0,0,0,1,0
14_sensor_ablation,drop_tool_current,System_Failure,5,122,121,1,0,0,0,0,1,0
14_sensor_ablation,drop_tool_current,System_Failure,5,123,122,1,0,0,0,0,1,0
14_sensor_ablation,drop_tool_current,System_Failure,5,124,123,1,0,0,0,0,1,0
14_sensor_ablation,drop_tool_current,System_Failure,5,125,124,1,0,0,0,0,1,0
14_sensor_ablation,drop_tool_current,System_Failure,7,151,129,1,0,0,0,0,1,0
14_sensor_ablation,drop_tool_current,System_Failure,7,152,130,1,1,1,1,1,0,0
14_sensor_ablation,drop_tool_current,System_Failure,7,153,131,1,0,0,0,0,1,0
14_sensor_ablation,drop_tool_current,System_Failure,7,154,132,1,0,0,0,0,1,0
14_sensor_ablation,drop_tool_current,System_Failure,7,155,133,1,0,0,0,0,1,0
14_sensor_ablation,drop_tool_current,System_Failure,7,156,134,1,0,0,0,0,1,0
14_sensor_ablation,drop_tool_current,System_Failure,7,157,135,1,0,0,0,0,1,0
14_sensor_ablation,drop_tool_current,System_Failure,7,159,137,1,1,1,1,1,0,0
14_sensor_ablation,drop_tool_current,System_Failure,7,160,138,1,1,1,1,1,0,0
14_sensor_ablation,drop_tool_current,System_Failure,7,161,139,1,0,0,0,0,1,0
14_sensor_ablation,drop_tool_current,System_Failure,7,162,140,1,0,0,0,0,1,0
14_sensor_ablation,drop_tool_current,System_Failure,7,163,141,1,1,1,1,1,0,0
14_sensor_ablation,drop_tool_current,System_Failure,7,164,142,1,1,1,1,1,0,0
14_sensor_ablation,drop_tool_current,System_Failure,7,165,143,1,0,0,0,0,1,0
14_sensor_ablation,drop_tool_current,System_Failure,7,166,144,1,0,0,0,0,1,0
14_sensor_ablation,drop_tool_current,System_Failure,7,167,145,1,0,0,0,0,1,0
14_sensor_ablation,drop_tool_current,System_Failure,7,168,146,1,0,0,0,0,1,0
14_sensor_ablation,drop_tool_current,System_Failure,7,169,147,1,0,0,0,0,1,0
14_sensor_ablation,drop_tool_current,System_Failure,7,170,148,1,1,1,1,1,0,0
14_sensor_ablation,drop_tool_current,System_Failure,7,171,149,1,0,0,0,0,1,0
14_sensor_ablation,drop_tool_current,System_Failure,7,172,150,1,0,0,0,0,1,0
14_sensor_ablation,drop_tool_current,System_Failure,7,173,151,1,1,1,1,1,0,0
14_sensor_ablation,drop_tool_current,System_Failure,7,174,152,1,1,1,1,1,0,0
14_sensor_ablation,drop_tool_current,System_Failure,7,175,153,1,1,1,1,1,0,0
14_sensor_ablation,drop_tool_current,System_Failure,8,176,154,1,0,0,0,0,1,0
14_sensor_ablation,drop_tool_current,System_Failure,8,177,155,1,0,0,0,0,1,0
14_sensor_ablation,drop_tool_current,System_Failure,8,178,156,1,0,0,0,0,1,0
14_sensor_ablation,drop_tool_current,System_Failure,8,179,157,1,0,0,0,0,1,0
14_sensor_ablation,drop_tool_current,System_Failure,8,180,158,1,1,1,1,1,0,0
14_sensor_ablation,drop_tool_current,System_Failure,8,181,159,1,0,0,0,0,1,0
14_sensor_ablation,drop_tool_current,System_Failure,8,182,160,1,1,1,1,1,0,0
14_sensor_ablation,drop_tool_current,System_Failure,8,183,161,1,1,1,1,1,0,0
14_sensor_ablation,drop_tool_current,System_Failure,8,184,162,1,0,0,0,0,1,0
14_sensor_ablation,drop_tool_current,System_Failure,8,185,163,1,1,1,1,1,0,0
14_sensor_ablation,drop_tool_current,System_Failure,8,199,176,1,0,0,0,0,1,0
14_sensor_ablation,drop_tool_current,System_Failure,8,200,177,1,1,1,1,1,0,0
14_sensor_ablation,drop_tool_current,System_Failure,9,201,178,1,1,1,1,1,0,0
14_sensor_ablation,drop_tool_current,System_Failure,9,202,179,1,1,1,1,1,0,0
14_sensor_ablation,drop_tool_current,System_Failure,9,203,180,1,0,0,0,0,1,0
14_sensor_ablation,drop_tool_current,System_Failure,9,204,181,1,1,1,1,1,0,0
14_sensor_ablation,drop_tool_current,System_Failure,9,205,182,1,0,0,0,0,1,0
14_sensor_ablation,drop_tool_current,System_Failure,9,206,183,1,1,1,1,1,0,0
14_sensor_ablation,drop_tool_current,System_Failure,9,207,184,1,0,0,0,0,1,0
14_sensor_ablation,drop_tool_current,System_Failure,9,208,185,1,1,1,1,1,0,0
14_sensor_ablation,drop_tool_current,System_Failure,9,209,186,1,0,0,0,0,1,0
14_sensor_ablation,drop_tool_current,System_Failure,9,210,187,1,1,1,1,1,0,0
14_sensor_ablation,drop_tool_current,System_Failure,9,211,188,1,0,0,0,0,1,0
14_sensor_ablation,drop_tool_current,System_Failure,9,212,189,1,1,1,1,1,0,0
14_sensor_ablation,drop_tool_current,System_Failure,9,213,190,1,0,0,0,0,1,0
14_sensor_ablation,drop_tool_current,System_Failure,9,214,191,1,1,1,1,1,0,0
14_sensor_ablation,drop_tool_current,System_Failure,9,215,192,1,1,1,1,1,0,0
14_sensor_ablation,drop_tool_current,System_Failure,9,216,193,1,1,1,1,1,0,0
14_sensor_ablation,drop_tool_current,System_Failure,9,217,194,1,1,1,1,1,0,0
14_sensor_ablation,drop_tool_current,System_Failure,9,218,195,1,1,1,1,1,0,0
14_sensor_ablation,drop_tool_current,System_Failure,9,219,196,1,1,1,1,1,0,0
14_sensor_ablation,drop_tool_current,System_Failure,9,220,197,1,1,1,1,1,0,0
14_sensor_ablation,drop_tool_current,System_Failure,9,221,198,1,1,1,1,1,0,0
14_sensor_ablation,drop_tool_current,System_Failure,9,222,199,1,1,1,1,1,0,0
14_sensor_ablation,drop_tool_current,System_Failure,9,223,200,1,1,1,1,1,0,0
14_sensor_ablation,drop_tool_current,System_Failure,9,224,201,1,1,1,1,1,0,0
14_sensor_ablation,drop_tool_current,System_Failure,9,225,202,1,1,1,1,1,0,0
14_sensor_ablation,drop_tool_current,System_Failure,9,224,210,2,1,1,1,1,0,0
14_sensor_ablation,drop_tool_current,System_Failure,10,226,203,1,1,1,1,1,0,0
14_sensor_ablation,drop_tool_current,System_Failure,10,227,204,1,1,1,1,1,0,0
14_sensor_ablation,drop_tool_current,System_Failure,10,229,205,1,1,1,1,1,0,0
14_sensor_ablation,drop_tool_current,System_Failure,10,230,206,1,1,1,1,1,0,0
14_sensor_ablation,drop_tool_current,System_Failure,10,231,207,1,1,1,1,1,0,0
14_sensor_ablation,drop_tool_current,System_Failure,10,232,208,1,0,0,0,0,1,0
14_sensor_ablation,drop_tool_current,System_Failure,10,233,209,1,1,1,1,1,0,0
14_sensor_ablation,drop_tool_current,System_Failure,10,230,216,2,1,1,1,1,0,0
14_sensor_ablation,drop_tool_current,System_Failure,10,231,217,2,1,1,1,1,0,0
14_sensor_ablation,drop_tool_current,System_Failure,10,232,218,2,1,1,1,1,0,0
14_sensor_ablation,drop_tool_current,System_Failure,10,233,219,2,1,1,1,1,0,0
14_sensor_ablation,drop_tool_current,System_Failure,10,234,220,1,1,1,1,1,0,0
14_sensor_ablation,drop_tool_current,System_Failure,10,235,221,1,1,1,1,1,0,0
14_sensor_ablation,drop_tool_current,System_Failure,10,236,222,1,0,0,0,0,1,0
14_sensor_ablation,drop_tool_current,System_Failure,10,237,223,1,1,1,1,1,0,0
14_sensor_ablation,drop_tool_current,System_Failure,10,238,224,1,0,0,0,0,1,0
14_sensor_ablation,drop_tool_current,System_Failure,10,239,225,1,1,1,1,1,0,0
14_sensor_ablation,drop_tool_current,System_Failure,10,240,226,1,1,1,1,1,0,0
14_sensor_ablation,drop_tool_current,System_Failure,10,241,227,1,0,0,0,0,1,0
14_sensor_ablation,drop_tool_current,System_Failure,10,242,228,1,1,1,1,1,0,0
14_sensor_ablation,drop_tool_current,System_Failure,10,243,229,1,0,0,0,0,1,0
14_sensor_ablation,drop_tool_current,System_Failure,10,245,230,1,0,0,0,0,1,0
14_sensor_ablation,drop_tool_current,System_Failure,10,246,231,1,1,1,1,1,0,0
14_sensor_ablation,drop_tool_current,System_Failure,10,247,232,1,1,1,1,1,0,0
14_sensor_ablation,drop_tool_current,System_Failure,10,248,233,1,0,0,0,0,1,0
14_sensor_ablation,drop_tool_current,System_Failure,10,249,234,1,1,1,1,1,0,0
14_sensor_ablation,drop_tool_current,System_Failure,10,250,235,1,1,1,1,1,0,0
14_sensor_ablation,drop_tool_current,ProtectiveStop,1,1,1,1,1,1,1,1,0,0
14_sensor_ablation,drop_tool_current,ProtectiveStop,1,2,2,1,0,0,0,1,0,1
14_sensor_ablation,drop_tool_current,ProtectiveStop,1,3,3,1,0,0,0,0,1,0
14_sensor_ablation,drop_tool_current,ProtectiveStop,1,4,4,1,0,0,0,0,1,0
14_sensor_ablation,drop_tool_current,ProtectiveStop,1,5,5,1,0,0,0,1,0,1
14_sensor_ablation,drop_tool_current,ProtectiveStop,1,6,6,1,0,0,0,1,0,1
14_sensor_ablation,drop_tool_current,ProtectiveStop,1,8,8,1,0,0,0,0,1,0
14_sensor_ablation,drop_tool_current,ProtectiveStop,1,9,9,1,0,0,0,0,1,0
14_sensor_ablation,drop_tool_current,ProtectiveStop,1,10,10,1,0,0,0,0,1,0
14_sensor_ablation,drop_tool_current,ProtectiveStop,1,11,11,1,0,0,0,0,1,0
14_sensor_ablation,drop_tool_current,ProtectiveStop,1,12,12,1,0,0,0,0,1,0
14_sensor_ablation,drop_tool_current,ProtectiveStop,1,13,13,1,0,0,0,0,1,0
14_sensor_ablation,drop_tool_current,ProtectiveStop,1,14,14,1,0,0,0,1,0,1
14_sensor_ablation,drop_tool_current,ProtectiveStop,1,15,15,1,0,0,0,1,0,1
14_sensor_ablation,drop_tool_current,ProtectiveStop,1,16,16,1,0,0,0,0,1,0
14_sensor_ablation,drop_tool_current,ProtectiveStop,1,17,17,1,0,0,0,0,1,0
14_sensor_ablation,drop_tool_current,ProtectiveStop,1,18,18,1,0,0,0,0,1,0
14_sensor_ablation,drop_tool_current,ProtectiveStop,1,19,19,1,0,0,0,0,1,0
14_sensor_ablation,drop_tool_current,ProtectiveStop,1,20,20,1,0,0,0,0,1,0
14_sensor_ablation,drop_tool_current,ProtectiveStop,1,21,21,1,0,0,0,0,1,0
14_sensor_ablation,drop_tool_current,ProtectiveStop,1,22,22,1,1,1,1,1,0,0
14_sensor_ablation,drop_tool_current,ProtectiveStop,1,23,23,1,0,0,0,0,1,0
14_sensor_ablation,drop_tool_current,ProtectiveStop,1,24,24,1,0,0,0,0,1,0
14_sensor_ablation,drop_tool_current,ProtectiveStop,1,25,25,1,0,0,0,0,1,0
14_sensor_ablation,drop_tool_current,ProtectiveStop,2,26,26,1,0,0,0,0,1,0
14_sensor_ablation,drop_tool_current,ProtectiveStop,2,27,27,1,0,0,0,0,1,0
14_sensor_ablation,drop_tool_current,ProtectiveStop,2,28,28,1,0,0,0,0,1,0
14_sensor_ablation,drop_tool_current,ProtectiveStop,2,29,29,1,0,0,0,0,1,0
14_sensor_ablation,drop_tool_current,ProtectiveStop,2,30,30,1,0,0,0,0,1,0
14_sensor_ablation,drop_tool_current,ProtectiveStop,2,31,31,1,0,0,0,0,1,0
14_sensor_ablation,drop_tool_current,ProtectiveStop,2,32,32,1,0,0,0,0,1,0
14_sensor_ablation,drop_tool_current,ProtectiveStop,2,33,33,1,0,0,0,0,1,0
14_sensor_ablation,drop_tool_current,ProtectiveStop,2,34,34,1,0,0,0,0,1,0
14_sensor_ablation,drop_tool_current,ProtectiveStop,2,35,35,1,1,1,1,1,0,0
14_sensor_ablation,drop_tool_current,ProtectiveStop,2,36,36,1,0,0,0,1,0,1
14_sensor_ablation,drop_tool_current,ProtectiveStop,2,37,37,1,0,0,0,0,1,0
14_sensor_ablation,drop_tool_current,ProtectiveStop,2,38,38,1,0,0,0,0,1,0
14_sensor_ablation,drop_tool_current,ProtectiveStop,2,39,39,1,0,0,0,1,0,1
14_sensor_ablation,drop_tool_current,ProtectiveStop,2,40,40,1,0,0,0,1,0,1
14_sensor_ablation,drop_tool_current,ProtectiveStop,2,41,41,1,0,0,0,0,1,0
14_sensor_ablation,drop_tool_current,ProtectiveStop,2,42,42,1,1,1,1,1,0,0
14_sensor_ablation,drop_tool_current,ProtectiveStop,2,43,43,1,0,0,0,0,1,0
14_sensor_ablation,drop_tool_current,ProtectiveStop,2,44,44,1,0,0,0,0,1,0
14_sensor_ablation,drop_tool_current,ProtectiveStop,2,45,45,1,0,0,0,0,1,0
14_sensor_ablation,drop_tool_current,ProtectiveStop,2,48,48,1,0,0,0,0,1,0
14_sensor_ablation,drop_tool_current,ProtectiveStop,2,49,49,1,0,0,0,0,1,0
14_sensor_ablation,drop_tool_current,ProtectiveStop,2,50,50,1,0,0,0,0,1,0
14_sensor_ablation,drop_tool_current,ProtectiveStop,3,51,51,1,0,0,0,0,1,0
14_sensor_ablation,drop_tool_current,ProtectiveStop,3,52,52,1,0,0,0,0,1,0
14_sensor_ablation,drop_tool_current,ProtectiveStop,3,53,53,1,1,1,1,1,0,0
14_sensor_ablation,drop_tool_current,ProtectiveStop,3,54,54,1,0,0,0,0,1,0
14_sensor_ablation,drop_tool_current,ProtectiveStop,3,55,55,1,0,0,0,0,1,0
14_sensor_ablation,drop_tool_current,ProtectiveStop,3,56,56,1,0,0,0,0,1,0
14_sensor_ablation,drop_tool_current,ProtectiveStop,3,57,57,1,0,1,0,0,1,0
14_sensor_ablation,drop_tool_current,ProtectiveStop,3,58,58,1,0,0,0,0,1,0
14_sensor_ablation,drop_tool_current,ProtectiveStop,3,59,59,1,0,0,0,0,1,0
14_sensor_ablation,drop_tool_current,ProtectiveStop,3,60,60,1,0,0,0,0,1,0
14_sensor_ablation,drop_tool_current,ProtectiveStop,3,61,61,1,0,0,0,0,1,0
14_sensor_ablation,drop_tool_current,ProtectiveStop,3,62,62,1,0,1,0,0,1,0
14_sensor_ablation,drop_tool_current,ProtectiveStop,3,63,63,1,1,1,1,1,0,0
14_sensor_ablation,drop_tool_current,ProtectiveStop,3,64,64,1,0,0,0,1,0,1
14_sensor_ablation,drop_tool_current,ProtectiveStop,3,65,65,1,0,0,0,1,0,1
14_sensor_ablation,drop_tool_current,ProtectiveStop,3,66,66,1,0,0,0,0,1,0
14_sensor_ablation,drop_tool_current,ProtectiveStop,3,67,67,1,0,0,0,1,0,1
14_sensor_ablation,drop_tool_current,ProtectiveStop,3,68,68,1,0,0,0,0,1,0
14_sensor_ablation,drop_tool_current,ProtectiveStop,3,69,69,1,1,1,1,1,0,0
14_sensor_ablation,drop_tool_current,ProtectiveStop,3,70,70,1,0,0,0,0,1,0
14_sensor_ablation,drop_tool_current,ProtectiveStop,3,71,71,1,0,1,0,0,1,0
14_sensor_ablation,drop_tool_current,ProtectiveStop,3,72,72,1,0,0,0,0,1,0
14_sensor_ablation,drop_tool_current,ProtectiveStop,3,73,73,1,0,0,0,0,1,0
14_sensor_ablation,drop_tool_current,ProtectiveStop,3,75,74,1,0,0,0,0,1,0
14_sensor_ablation,drop_tool_current,ProtectiveStop,4,76,75,1,0,0,0,1,0,1
14_sensor_ablation,drop_tool_current,ProtectiveStop,4,85,84,1,0,1,0,0,1,0
14_sensor_ablation,drop_tool_current,ProtectiveStop,4,86,85,1,1,1,1,1,0,0
14_sensor_ablation,drop_tool_current,ProtectiveStop,4,87,86,1,1,1,1,1,0,0
14_sensor_ablation,drop_tool_current,ProtectiveStop,4,88,87,1,0,0,0,0,1,0
14_sensor_ablation,drop_tool_current,ProtectiveStop,4,89,88,1,0,0,0,0,1,0
14_sensor_ablation,drop_tool_current,ProtectiveStop,4,90,89,1,0,0,0,0,1,0
14_sensor_ablation,drop_tool_current,ProtectiveStop,4,91,90,1,0,0,0,1,0,1
14_sensor_ablation,drop_tool_current,ProtectiveStop,4,92,91,1,0,0,0,1,0,1
14_sensor_ablation,drop_tool_current,ProtectiveStop,4,93,92,1,0,0,0,0,1,0
14_sensor_ablation,drop_tool_current,ProtectiveStop,4,94,93,1,0,0,0,0,1,0
14_sensor_ablation,drop_tool_current,ProtectiveStop,4,95,94,1,0,0,0,1,0,1
14_sensor_ablation,drop_tool_current,ProtectiveStop,4,96,95,1,0,0,0,1,0,1
14_sensor_ablation,drop_tool_current,ProtectiveStop,4,97,96,1,0,0,0,1,0,1
14_sensor_ablation,drop_tool_current,ProtectiveStop,4,98,97,1,0,0,0,0,1,0
14_sensor_ablation,drop_tool_current,ProtectiveStop,4,99,98,1,1,1,1,1,0,0
14_sensor_ablation,drop_tool_current,ProtectiveStop,4,100,99,1,0,0,0,0,1,0
14_sensor_ablation,drop_tool_current,ProtectiveStop,5,101,100,1,0,0,0,0,1,0
14_sensor_ablation,drop_tool_current,ProtectiveStop,5,102,101,1,0,0,0,0,1,0
14_sensor_ablation,drop_tool_current,ProtectiveStop,5,103,102,1,1,1,1,1,0,0
14_sensor_ablation,drop_tool_current,ProtectiveStop,5,104,103,1,0,0,0,0,1,0
14_sensor_ablation,drop_tool_current,ProtectiveStop,5,105,104,1,0,0,0,1,0,1
14_sensor_ablation,drop_tool_current,ProtectiveStop,5,106,105,1,0,0,0,0,1,0
14_sensor_ablation,drop_tool_current,ProtectiveStop,5,107,106,1,0,0,0,0,1,0
14_sensor_ablation,drop_tool_current,ProtectiveStop,5,108,107,1,1,1,1,1,0,0
14_sensor_ablation,drop_tool_current,ProtectiveStop,5,109,108,1,0,0,0,0,1,0
14_sensor_ablation,drop_tool_current,ProtectiveStop,5,110,109,1,0,0,0,0,1,0
14_sensor_ablation,drop_tool_current,ProtectiveStop,5,111,110,1,0,0,0,0,1,0
14_sensor_ablation,drop_tool_current,ProtectiveStop,5,112,111,1,0,0,0,0,1,0
14_sensor_ablation,drop_tool_current,ProtectiveStop,5,113,112,1,0,0,0,0,1,0
14_sensor_ablation,drop_tool_current,ProtectiveStop,5,114,113,1,0,0,0,0,1,0
14_sensor_ablation,drop_tool_current,ProtectiveStop,5,115,114,1,1,1,1,1,0,0
14_sensor_ablation,drop_tool_current,ProtectiveStop,5,116,115,1,0,0,0,0,1,0
14_sensor_ablation,drop_tool_current,ProtectiveStop,5,117,116,1,1,1,1,1,0,0
14_sensor_ablation,drop_tool_current,ProtectiveStop,5,118,117,1,1,1,1,1,0,0
14_sensor_ablation,drop_tool_current,ProtectiveStop,5,119,118,1,0,0,0,0,1,0
14_sensor_ablation,drop_tool_current,ProtectiveStop,5,120,119,1,0,0,0,0,1,0
14_sensor_ablation,drop_tool_current,ProtectiveStop,5,121,120,1,0,0,0,0,1,0
14_sensor_ablation,drop_tool_current,ProtectiveStop,5,122,121,1,0,0,0,0,1,0
14_sensor_ablation,drop_tool_current,ProtectiveStop,5,123,122,1,0,0,0,0,1,0
14_sensor_ablation,drop_tool_current,ProtectiveStop,5,124,123,1,0,0,0,0,1,0
14_sensor_ablation,drop_tool_current,ProtectiveStop,5,125,124,1,0,0,0,0,1,0
14_sensor_ablation,drop_tool_current,ProtectiveStop,7,151,129,1,0,0,0,0,1,0
14_sensor_ablation,drop_tool_current,ProtectiveStop,7,152,130,1,1,1,1,1,0,0
14_sensor_ablation,drop_tool_current,ProtectiveStop,7,153,131,1,0,0,0,0,1,0
14_sensor_ablation,drop_tool_current,ProtectiveStop,7,154,132,1,0,0,0,0,1,0
14_sensor_ablation,drop_tool_current,ProtectiveStop,7,155,133,1,0,0,0,0,1,0
14_sensor_ablation,drop_tool_current,ProtectiveStop,7,156,134,1,0,0,0,0,1,0
14_sensor_ablation,drop_tool_current,ProtectiveStop,7,157,135,1,0,0,0,0,1,0
14_sensor_ablation,drop_tool_current,ProtectiveStop,7,159,137,1,1,1,1,1,0,0
14_sensor_ablation,drop_tool_current,ProtectiveStop,7,160,138,1,0,0,0,1,0,1
14_sensor_ablation,drop_tool_current,ProtectiveStop,7,161,139,1,0,0,0,0,1,0
14_sensor_ablation,drop_tool_current,ProtectiveStop,7,162,140,1,0,0,0,0,1,0
14_sensor_ablation,drop_tool_current,ProtectiveStop,7,163,141,1,1,1,1,1,0,0
14_sensor_ablation,drop_tool_current,ProtectiveStop,7,164,142,1,1,1,1,1,0,0
14_sensor_ablation,drop_tool_current,ProtectiveStop,7,165,143,1,0,0,0,0,1,0
14_sensor_ablation,drop_tool_current,ProtectiveStop,7,166,144,1,0,0,0,0,1,0
14_sensor_ablation,drop_tool_current,ProtectiveStop,7,167,145,1,0,0,0,0,1,0
14_sensor_ablation,drop_tool_current,ProtectiveStop,7,168,146,1,0,0,0,0,1,0
14_sensor_ablation,drop_tool_current,ProtectiveStop,7,169,147,1,0,0,0,0,1,0
14_sensor_ablation,drop_tool_current,ProtectiveStop,7,170,148,1,1,1,1,1,0,0
14_sensor_ablation,drop_tool_current,ProtectiveStop,7,171,149,1,0,0,0,0,1,0
14_sensor_ablation,drop_tool_current,ProtectiveStop,7,172,150,1,0,0,0,0,1,0
14_sensor_ablation,drop_tool_current,ProtectiveStop,7,173,151,1,1,1,1,1,0,0
14_sensor_ablation,drop_tool_current,ProtectiveStop,7,174,152,1,1,1,1,1,0,0
14_sensor_ablation,drop_tool_current,ProtectiveStop,7,175,153,1,1,1,1,1,0,0
14_sensor_ablation,drop_tool_current,ProtectiveStop,8,176,154,1,0,0,0,0,1,0
14_sensor_ablation,drop_tool_current,ProtectiveStop,8,177,155,1,0,0,0,0,1,0
14_sensor_ablation,drop_tool_current,ProtectiveStop,8,178,156,1,0,0,0,0,1,0
14_sensor_ablation,drop_tool_current,ProtectiveStop,8,179,157,1,0,0,0,0,1,0
14_sensor_ablation,drop_tool_current,ProtectiveStop,8,180,158,1,0,0,0,1,0,1
14_sensor_ablation,drop_tool_current,ProtectiveStop,8,181,159,1,0,0,0,0,1,0
14_sensor_ablation,drop_tool_current,ProtectiveStop,8,182,160,1,1,1,1,1,0,0
14_sensor_ablation,drop_tool_current,ProtectiveStop,8,183,161,1,1,1,1,1,0,0
14_sensor_ablation,drop_tool_current,ProtectiveStop,8,184,162,1,0,0,0,0,1,0
14_sensor_ablation,drop_tool_current,ProtectiveStop,8,185,163,1,1,1,1,1,0,0
14_sensor_ablation,drop_tool_current,ProtectiveStop,8,199,176,1,0,0,0,0,1,0
14_sensor_ablation,drop_tool_current,ProtectiveStop,8,200,177,1,0,0,0,1,0,1
14_sensor_ablation,drop_tool_current,ProtectiveStop,9,201,178,1,1,1,1,1,0,0
14_sensor_ablation,drop_tool_current,ProtectiveStop,9,202,179,1,0,0,0,1,0,1
14_sensor_ablation,drop_tool_current,ProtectiveStop,9,203,180,1,0,0,0,0,1,0
14_sensor_ablation,drop_tool_current,ProtectiveStop,9,204,181,1,1,1,1,1,0,0
14_sensor_ablation,drop_tool_current,ProtectiveStop,9,205,182,1,0,0,0,0,1,0
14_sensor_ablation,drop_tool_current,ProtectiveStop,9,206,183,1,1,1,1,1,0,0
14_sensor_ablation,drop_tool_current,ProtectiveStop,9,207,184,1,0,0,0,0,1,0
14_sensor_ablation,drop_tool_current,ProtectiveStop,9,208,185,1,0,0,0,1,0,1
14_sensor_ablation,drop_tool_current,ProtectiveStop,9,209,186,1,0,0,0,0,1,0
14_sensor_ablation,drop_tool_current,ProtectiveStop,9,210,187,1,1,1,1,1,0,0
14_sensor_ablation,drop_tool_current,ProtectiveStop,9,211,188,1,0,0,0,0,1,0
14_sensor_ablation,drop_tool_current,ProtectiveStop,9,212,189,1,1,1,1,1,0,0
14_sensor_ablation,drop_tool_current,ProtectiveStop,9,213,190,1,0,0,0,0,1,0
14_sensor_ablation,drop_tool_current,ProtectiveStop,9,214,191,1,1,1,1,1,0,0
14_sensor_ablation,drop_tool_current,ProtectiveStop,9,215,192,1,1,1,1,1,0,0
14_sensor_ablation,drop_tool_current,ProtectiveStop,9,216,193,1,0,0,0,1,0,1
14_sensor_ablation,drop_tool_current,ProtectiveStop,9,217,194,1,1,1,1,1,0,0
14_sensor_ablation,drop_tool_current,ProtectiveStop,9,218,195,1,1,1,1,1,0,0
14_sensor_ablation,drop_tool_current,ProtectiveStop,9,219,196,1,1,1,1,1,0,0
14_sensor_ablation,drop_tool_current,ProtectiveStop,9,220,197,1,1,1,1,1,0,0
14_sensor_ablation,drop_tool_current,ProtectiveStop,9,221,198,1,1,0,0,1,0,0
14_sensor_ablation,drop_tool_current,ProtectiveStop,9,222,199,1,1,1,1,1,0,0
14_sensor_ablation,drop_tool_current,ProtectiveStop,9,223,200,1,1,1,1,1,0,0
14_sensor_ablation,drop_tool_current,ProtectiveStop,9,224,201,1,1,1,1,1,0,0
14_sensor_ablation,drop_tool_current,ProtectiveStop,9,225,202,1,1,1,1,1,0,0
14_sensor_ablation,drop_tool_current,ProtectiveStop,9,224,210,2,1,1,1,1,0,0
14_sensor_ablation,drop_tool_current,ProtectiveStop,10,226,203,1,1,1,1,1,0,0
14_sensor_ablation,drop_tool_current,ProtectiveStop,10,227,204,1,1,0,0,1,0,0
14_sensor_ablation,drop_tool_current,ProtectiveStop,10,229,205,1,1,1,1,1,0,0
14_sensor_ablation,drop_tool_current,ProtectiveStop,10,230,206,1,1,1,1,1,0,0
14_sensor_ablation,drop_tool_current,ProtectiveStop,10,231,207,1,1,1,1,1,0,0
14_sensor_ablation,drop_tool_current,ProtectiveStop,10,232,208,1,0,0,0,0,1,0
14_sensor_ablation,drop_tool_current,ProtectiveStop,10,233,209,1,1,1,1,1,0,0
14_sensor_ablation,drop_tool_current,ProtectiveStop,10,230,216,2,1,1,1,1,0,0
14_sensor_ablation,drop_tool_current,ProtectiveStop,10,231,217,2,1,1,1,1,0,0
14_sensor_ablation,drop_tool_current,ProtectiveStop,10,232,218,2,1,1,1,1,0,0
14_sensor_ablation,drop_tool_current,ProtectiveStop,10,233,219,2,0,0,0,1,0,1
14_sensor_ablation,drop_tool_current,ProtectiveStop,10,234,220,1,1,1,1,1,0,0
14_sensor_ablation,drop_tool_current,ProtectiveStop,10,235,221,1,1,1,1,1,0,0
14_sensor_ablation,drop_tool_current,ProtectiveStop,10,236,222,1,0,0,0,0,1,0
14_sensor_ablation,drop_tool_current,ProtectiveStop,10,237,223,1,1,1,1,1,0,0
14_sensor_ablation,drop_tool_current,ProtectiveStop,10,238,224,1,0,0,0,0,1,0
14_sensor_ablation,drop_tool_current,ProtectiveStop,10,239,225,1,1,1,1,1,0,0
14_sensor_ablation,drop_tool_current,ProtectiveStop,10,240,226,1,1,1,1,1,0,0
14_sensor_ablation,drop_tool_current,ProtectiveStop,10,241,227,1,0,0,0,0,1,0
14_sensor_ablation,drop_tool_current,ProtectiveStop,10,242,228,1,1,1,1,1,0,0
14_sensor_ablation,drop_tool_current,ProtectiveStop,10,243,229,1,0,0,0,0,1,0
14_sensor_ablation,drop_tool_current,ProtectiveStop,10,245,230,1,0,0,0,0,1,0
14_sensor_ablation,drop_tool_current,ProtectiveStop,10,246,231,1,1,1,1,1,0,0
14_sensor_ablation,drop_tool_current,ProtectiveStop,10,247,232,1,1,1,1,1,0,0
14_sensor_ablation,drop_tool_current,ProtectiveStop,10,248,233,1,0,0,0,0,1,0
14_sensor_ablation,drop_tool_current,ProtectiveStop,10,249,234,1,1,1,1,1,0,0
14_sensor_ablation,drop_tool_current,ProtectiveStop,10,250,235,1,1,1,1,1,0,0
14_sensor_ablation,drop_tool_current,GripLost,1,1,1,1,0,0,0,1,0,1
14_sensor_ablation,drop_tool_current,GripLost,1,2,2,1,1,1,1,1,0,0
14_sensor_ablation,drop_tool_current,GripLost,1,3,3,1,0,0,0,0,1,0
14_sensor_ablation,drop_tool_current,GripLost,1,4,4,1,0,0,0,0,1,0
14_sensor_ablation,drop_tool_current,GripLost,1,5,5,1,1,1,1,1,0,0
14_sensor_ablation,drop_tool_current,GripLost,1,6,6,1,1,0,0,1,0,0
14_sensor_ablation,drop_tool_current,GripLost,1,8,8,1,0,0,0,0,1,0
14_sensor_ablation,drop_tool_current,GripLost,1,9,9,1,0,0,0,0,1,0
14_sensor_ablation,drop_tool_current,GripLost,1,10,10,1,0,0,0,0,1,0
14_sensor_ablation,drop_tool_current,GripLost,1,11,11,1,0,0,0,0,1,0
14_sensor_ablation,drop_tool_current,GripLost,1,12,12,1,0,0,0,0,1,0
14_sensor_ablation,drop_tool_current,GripLost,1,13,13,1,0,0,0,0,1,0
14_sensor_ablation,drop_tool_current,GripLost,1,14,14,1,1,1,1,1,0,0
14_sensor_ablation,drop_tool_current,GripLost,1,15,15,1,1,1,1,1,0,0
14_sensor_ablation,drop_tool_current,GripLost,1,16,16,1,0,0,0,0,1,0
14_sensor_ablation,drop_tool_current,GripLost,1,17,17,1,0,0,0,0,1,0
14_sensor_ablation,drop_tool_current,GripLost,1,18,18,1,0,0,0,0,1,0
14_sensor_ablation,drop_tool_current,GripLost,1,19,19,1,0,0,0,0,1,0
14_sensor_ablation,drop_tool_current,GripLost,1,20,20,1,0,0,0,0,1,0
14_sensor_ablation,drop_tool_current,GripLost,1,21,21,1,0,0,0,0,1,0
14_sensor_ablation,drop_tool_current,GripLost,1,22,22,1,0,0,0,1,0,1
14_sensor_ablation,drop_tool_current,GripLost,1,23,23,1,0,0,0,0,1,0
14_sensor_ablation,drop_tool_current,GripLost,1,24,24,1,0,0,0,0,1,0
14_sensor_ablation,drop_tool_current,GripLost,1,25,25,1,0,0,0,0,1,0
14_sensor_ablation,drop_tool_current,GripLost,2,26,26,1,0,0,0,0,1,0
14_sensor_ablation,drop_tool_current,GripLost,2,27,27,1,0,0,0,0,1,0
14_sensor_ablation,drop_tool_current,GripLost,2,28,28,1,0,0,0,0,1,0
14_sensor_ablation,drop_tool_current,GripLost,2,29,29,1,0,0,0,0,1,0
14_sensor_ablation,drop_tool_current,GripLost,2,30,30,1,0,0,0,0,1,0
14_sensor_ablation,drop_tool_current,GripLost,2,31,31,1,0,0,0,0,1,0
14_sensor_ablation,drop_tool_current,GripLost,2,32,32,1,0,0,0,0,1,0
14_sensor_ablation,drop_tool_current,GripLost,2,33,33,1,0,0,0,0,1,0
14_sensor_ablation,drop_tool_current,GripLost,2,34,34,1,0,0,0,0,1,0
14_sensor_ablation,drop_tool_current,GripLost,2,35,35,1,0,0,0,1,0,1
14_sensor_ablation,drop_tool_current,GripLost,2,36,36,1,1,1,1,1,0,0
14_sensor_ablation,drop_tool_current,GripLost,2,37,37,1,0,0,0,0,1,0
14_sensor_ablation,drop_tool_current,GripLost,2,38,38,1,0,0,0,0,1,0
14_sensor_ablation,drop_tool_current,GripLost,2,39,39,1,1,1,1,1,0,0
14_sensor_ablation,drop_tool_current,GripLost,2,40,40,1,1,1,1,1,0,0
14_sensor_ablation,drop_tool_current,GripLost,2,41,41,1,0,0,0,0,1,0
14_sensor_ablation,drop_tool_current,GripLost,2,42,42,1,0,1,0,1,0,1
14_sensor_ablation,drop_tool_current,GripLost,2,43,43,1,0,0,0,0,1,0
14_sensor_ablation,drop_tool_current,GripLost,2,44,44,1,0,0,0,0,1,0
14_sensor_ablation,drop_tool_current,GripLost,2,45,45,1,0,0,0,0,1,0
14_sensor_ablation,drop_tool_current,GripLost,2,48,48,1,0,0,0,0,1,0
14_sensor_ablation,drop_tool_current,GripLost,2,49,49,1,0,0,0,0,1,0
14_sensor_ablation,drop_tool_current,GripLost,2,50,50,1,0,0,0,0,1,0
14_sensor_ablation,drop_tool_current,GripLost,3,51,51,1,0,0,0,0,1,0
14_sensor_ablation,drop_tool_current,GripLost,3,52,52,1,0,0,0,0,1,0
14_sensor_ablation,drop_tool_current,GripLost,3,53,53,1,0,0,0,1,0,1
14_sensor_ablation,drop_tool_current,GripLost,3,54,54,1,0,0,0,0,1,0
14_sensor_ablation,drop_tool_current,GripLost,3,55,55,1,0,0,0,0,1,0
14_sensor_ablation,drop_tool_current,GripLost,3,56,56,1,0,0,0,0,1,0
14_sensor_ablation,drop_tool_current,GripLost,3,57,57,1,0,1,0,0,1,0
14_sensor_ablation,drop_tool_current,GripLost,3,58,58,1,0,0,0,0,1,0
14_sensor_ablation,drop_tool_current,GripLost,3,59,59,1,0,0,0,0,1,0
14_sensor_ablation,drop_tool_current,GripLost,3,60,60,1,0,0,0,0,1,0
14_sensor_ablation,drop_tool_current,GripLost,3,61,61,1,0,0,0,0,1,0
14_sensor_ablation,drop_tool_current,GripLost,3,62,62,1,0,0,0,0,1,0
14_sensor_ablation,drop_tool_current,GripLost,3,63,63,1,1,1,1,1,0,0
14_sensor_ablation,drop_tool_current,GripLost,3,64,64,1,1,1,1,1,0,0
14_sensor_ablation,drop_tool_current,GripLost,3,65,65,1,1,1,1,1,0,0
14_sensor_ablation,drop_tool_current,GripLost,3,66,66,1,0,0,0,0,1,0
14_sensor_ablation,drop_tool_current,GripLost,3,67,67,1,1,1,1,1,0,0
14_sensor_ablation,drop_tool_current,GripLost,3,68,68,1,0,0,0,0,1,0
14_sensor_ablation,drop_tool_current,GripLost,3,69,69,1,1,1,1,1,0,0
14_sensor_ablation,drop_tool_current,GripLost,3,70,70,1,0,0,0,0,1,0
14_sensor_ablation,drop_tool_current,GripLost,3,71,71,1,0,0,0,0,1,0
14_sensor_ablation,drop_tool_current,GripLost,3,72,72,1,0,0,0,0,1,0
14_sensor_ablation,drop_tool_current,GripLost,3,73,73,1,0,0,0,0,1,0
14_sensor_ablation,drop_tool_current,GripLost,3,75,74,1,0,0,0,0,1,0
14_sensor_ablation,drop_tool_current,GripLost,4,76,75,1,1,1,1,1,0,0
14_sensor_ablation,drop_tool_current,GripLost,4,85,84,1,0,0,0,0,1,0
14_sensor_ablation,drop_tool_current,GripLost,4,86,85,1,1,1,1,1,0,0
14_sensor_ablation,drop_tool_current,GripLost,4,87,86,1,0,0,0,1,0,1
14_sensor_ablation,drop_tool_current,GripLost,4,88,87,1,0,0,0,0,1,0
14_sensor_ablation,drop_tool_current,GripLost,4,89,88,1,0,0,0,0,1,0
14_sensor_ablation,drop_tool_current,GripLost,4,90,89,1,0,0,0,0,1,0
14_sensor_ablation,drop_tool_current,GripLost,4,91,90,1,1,1,1,1,0,0
14_sensor_ablation,drop_tool_current,GripLost,4,92,91,1,1,1,1,1,0,0
14_sensor_ablation,drop_tool_current,GripLost,4,93,92,1,0,0,0,0,1,0
14_sensor_ablation,drop_tool_current,GripLost,4,94,93,1,0,0,0,0,1,0
14_sensor_ablation,drop_tool_current,GripLost,4,95,94,1,1,1,1,1,0,0
14_sensor_ablation,drop_tool_current,GripLost,4,96,95,1,1,1,1,1,0,0
14_sensor_ablation,drop_tool_current,GripLost,4,97,96,1,1,1,1,1,0,0
14_sensor_ablation,drop_tool_current,GripLost,4,98,97,1,0,0,0,0,1,0
14_sensor_ablation,drop_tool_current,GripLost,4,99,98,1,0,0,0,1,0,1
14_sensor_ablation,drop_tool_current,GripLost,4,100,99,1,0,0,0,0,1,0
14_sensor_ablation,drop_tool_current,GripLost,5,101,100,1,0,0,0,0,1,0
14_sensor_ablation,drop_tool_current,GripLost,5,102,101,1,0,0,0,0,1,0
14_sensor_ablation,drop_tool_current,GripLost,5,103,102,1,0,0,0,1,0,1
14_sensor_ablation,drop_tool_current,GripLost,5,104,103,1,0,0,0,0,1,0
14_sensor_ablation,drop_tool_current,GripLost,5,105,104,1,1,1,1,1,0,0
14_sensor_ablation,drop_tool_current,GripLost,5,106,105,1,0,0,0,0,1,0
14_sensor_ablation,drop_tool_current,GripLost,5,107,106,1,0,0,0,0,1,0
14_sensor_ablation,drop_tool_current,GripLost,5,108,107,1,0,0,0,1,0,1
14_sensor_ablation,drop_tool_current,GripLost,5,109,108,1,0,0,0,0,1,0
14_sensor_ablation,drop_tool_current,GripLost,5,110,109,1,0,0,0,0,1,0
14_sensor_ablation,drop_tool_current,GripLost,5,111,110,1,0,0,0,0,1,0
14_sensor_ablation,drop_tool_current,GripLost,5,112,111,1,0,0,0,0,1,0
14_sensor_ablation,drop_tool_current,GripLost,5,113,112,1,0,0,0,0,1,0
14_sensor_ablation,drop_tool_current,GripLost,5,114,113,1,0,0,0,0,1,0
14_sensor_ablation,drop_tool_current,GripLost,5,115,114,1,0,0,0,1,0,1
14_sensor_ablation,drop_tool_current,GripLost,5,116,115,1,0,0,0,0,1,0
14_sensor_ablation,drop_tool_current,GripLost,5,117,116,1,0,0,0,1,0,1
14_sensor_ablation,drop_tool_current,GripLost,5,118,117,1,0,0,0,1,0,1
14_sensor_ablation,drop_tool_current,GripLost,5,119,118,1,0,0,0,0,1,0
14_sensor_ablation,drop_tool_current,GripLost,5,120,119,1,0,0,0,0,1,0
14_sensor_ablation,drop_tool_current,GripLost,5,121,120,1,0,0,0,0,1,0
14_sensor_ablation,drop_tool_current,GripLost,5,122,121,1,0,0,0,0,1,0
14_sensor_ablation,drop_tool_current,GripLost,5,123,122,1,0,0,0,0,1,0
14_sensor_ablation,drop_tool_current,GripLost,5,124,123,1,0,0,0,0,1,0
14_sensor_ablation,drop_tool_current,GripLost,5,125,124,1,0,0,0,0,1,0
14_sensor_ablation,drop_tool_current,GripLost,7,151,129,1,0,0,0,0,1,0
14_sensor_ablation,drop_tool_current,GripLost,7,152,130,1,0,0,0,1,0,1
14_sensor_ablation,drop_tool_current,GripLost,7,153,131,1,0,0,0,0,1,0
14_sensor_ablation,drop_tool_current,GripLost,7,154,132,1,0,0,0,0,1,0
14_sensor_ablation,drop_tool_current,GripLost,7,155,133,1,0,0,0,0,1,0
14_sensor_ablation,drop_tool_current,GripLost,7,156,134,1,0,0,0,0,1,0
14_sensor_ablation,drop_tool_current,GripLost,7,157,135,1,0,0,0,0,1,0
14_sensor_ablation,drop_tool_current,GripLost,7,159,137,1,0,0,0,1,0,1
14_sensor_ablation,drop_tool_current,GripLost,7,160,138,1,1,1,1,1,0,0
14_sensor_ablation,drop_tool_current,GripLost,7,161,139,1,0,0,0,0,1,0
14_sensor_ablation,drop_tool_current,GripLost,7,162,140,1,0,0,0,0,1,0
14_sensor_ablation,drop_tool_current,GripLost,7,163,141,1,0,0,0,1,0,1
14_sensor_ablation,drop_tool_current,GripLost,7,164,142,1,1,1,1,1,0,0
14_sensor_ablation,drop_tool_current,GripLost,7,165,143,1,0,0,0,0,1,0
14_sensor_ablation,drop_tool_current,GripLost,7,166,144,1,0,0,0,0,1,0
14_sensor_ablation,drop_tool_current,GripLost,7,167,145,1,0,0,0,0,1,0
14_sensor_ablation,drop_tool_current,GripLost,7,168,146,1,0,0,0,0,1,0
14_sensor_ablation,drop_tool_current,GripLost,7,169,147,1,0,0,0,0,1,0
14_sensor_ablation,drop_tool_current,GripLost,7,170,148,1,0,0,0,1,0,1
14_sensor_ablation,drop_tool_current,GripLost,7,171,149,1,0,0,0,0,1,0
14_sensor_ablation,drop_tool_current,GripLost,7,172,150,1,0,0,0,0,1,0
14_sensor_ablation,drop_tool_current,GripLost,7,173,151,1,1,1,1,1,0,0
14_sensor_ablation,drop_tool_current,GripLost,7,174,152,1,1,1,1,1,0,0
14_sensor_ablation,drop_tool_current,GripLost,7,175,153,1,0,0,0,1,0,1
14_sensor_ablation,drop_tool_current,GripLost,8,176,154,1,0,0,0,0,1,0
14_sensor_ablation,drop_tool_current,GripLost,8,177,155,1,0,0,0,0,1,0
14_sensor_ablation,drop_tool_current,GripLost,8,178,156,1,0,0,0,0,1,0
14_sensor_ablation,drop_tool_current,GripLost,8,179,157,1,0,1,0,0,1,0
14_sensor_ablation,drop_tool_current,GripLost,8,180,158,1,1,1,1,1,0,0
14_sensor_ablation,drop_tool_current,GripLost,8,181,159,1,0,0,0,0,1,0
14_sensor_ablation,drop_tool_current,GripLost,8,182,160,1,0,0,0,1,0,1
14_sensor_ablation,drop_tool_current,GripLost,8,183,161,1,0,0,0,1,0,1
14_sensor_ablation,drop_tool_current,GripLost,8,184,162,1,0,0,0,0,1,0
14_sensor_ablation,drop_tool_current,GripLost,8,185,163,1,0,0,0,1,0,1
14_sensor_ablation,drop_tool_current,GripLost,8,199,176,1,0,0,0,0,1,0
14_sensor_ablation,drop_tool_current,GripLost,8,200,177,1,1,1,1,1,0,0
14_sensor_ablation,drop_tool_current,GripLost,9,201,178,1,0,0,0,1,0,1
14_sensor_ablation,drop_tool_current,GripLost,9,202,179,1,1,1,1,1,0,0
14_sensor_ablation,drop_tool_current,GripLost,9,203,180,1,0,0,0,0,1,0
14_sensor_ablation,drop_tool_current,GripLost,9,204,181,1,0,1,0,1,0,1
14_sensor_ablation,drop_tool_current,GripLost,9,205,182,1,0,0,0,0,1,0
14_sensor_ablation,drop_tool_current,GripLost,9,206,183,1,0,0,0,1,0,1
14_sensor_ablation,drop_tool_current,GripLost,9,207,184,1,0,0,0,0,1,0
14_sensor_ablation,drop_tool_current,GripLost,9,208,185,1,1,1,1,1,0,0
14_sensor_ablation,drop_tool_current,GripLost,9,209,186,1,0,0,0,0,1,0
14_sensor_ablation,drop_tool_current,GripLost,9,210,187,1,0,1,0,1,0,1
14_sensor_ablation,drop_tool_current,GripLost,9,211,188,1,0,0,0,0,1,0
14_sensor_ablation,drop_tool_current,GripLost,9,212,189,1,0,0,0,1,0,1
14_sensor_ablation,drop_tool_current,GripLost,9,213,190,1,0,0,0,0,1,0
14_sensor_ablation,drop_tool_current,GripLost,9,214,191,1,1,1,1,1,0,0
14_sensor_ablation,drop_tool_current,GripLost,9,215,192,1,0,0,0,1,0,1
14_sensor_ablation,drop_tool_current,GripLost,9,216,193,1,1,1,1,1,0,0
14_sensor_ablation,drop_tool_current,GripLost,9,217,194,1,0,0,0,1,0,1
14_sensor_ablation,drop_tool_current,GripLost,9,218,195,1,0,0,0,1,0,1
14_sensor_ablation,drop_tool_current,GripLost,9,219,196,1,1,1,1,1,0,0
14_sensor_ablation,drop_tool_current,GripLost,9,220,197,1,0,0,0,1,0,1
14_sensor_ablation,drop_tool_current,GripLost,9,221,198,1,1,1,1,1,0,0
14_sensor_ablation,drop_tool_current,GripLost,9,222,199,1,0,1,0,1,0,1
14_sensor_ablation,drop_tool_current,GripLost,9,223,200,1,0,0,0,1,0,1
14_sensor_ablation,drop_tool_current,GripLost,9,224,201,1,0,0,0,1,0,1
14_sensor_ablation,drop_tool_current,GripLost,9,225,202,1,0,0,0,1,0,1
14_sensor_ablation,drop_tool_current,GripLost,9,224,210,2,0,0,0,1,0,1
14_sensor_ablation,drop_tool_current,GripLost,10,226,203,1,0,0,0,1,0,1
14_sensor_ablation,drop_tool_current,GripLost,10,227,204,1,0,0,0,1,0,1
14_sensor_ablation,drop_tool_current,GripLost,10,229,205,1,0,0,0,1,0,1
14_sensor_ablation,drop_tool_current,GripLost,10,230,206,1,0,0,0,1,0,1
14_sensor_ablation,drop_tool_current,GripLost,10,231,207,1,0,0,0,1,0,1
14_sensor_ablation,drop_tool_current,GripLost,10,232,208,1,0,0,0,0,1,0
14_sensor_ablation,drop_tool_current,GripLost,10,233,209,1,0,0,0,1,0,1
14_sensor_ablation,drop_tool_current,GripLost,10,230,216,2,0,0,0,1,0,1
14_sensor_ablation,drop_tool_current,GripLost,10,231,217,2,0,0,0,1,0,1
14_sensor_ablation,drop_tool_current,GripLost,10,232,218,2,1,1,1,1,0,0
14_sensor_ablation,drop_tool_current,GripLost,10,233,219,2,1,1,1,1,0,0
14_sensor_ablation,drop_tool_current,GripLost,10,234,220,1,1,0,0,1,0,0
14_sensor_ablation,drop_tool_current,GripLost,10,235,221,1,0,0,0,1,0,1
14_sensor_ablation,drop_tool_current,GripLost,10,236,222,1,0,0,0,0,1,0
14_sensor_ablation,drop_tool_current,GripLost,10,237,223,1,1,1,1,1,0,0
14_sensor_ablation,drop_tool_current,GripLost,10,238,224,1,0,0,0,0,1,0
14_sensor_ablation,drop_tool_current,GripLost,10,239,225,1,0,1,0,1,0,1
14_sensor_ablation,drop_tool_current,GripLost,10,240,226,1,0,0,0,1,0,1
14_sensor_ablation,drop_tool_current,GripLost,10,241,227,1,0,0,0,0,1,0
14_sensor_ablation,drop_tool_current,GripLost,10,242,228,1,0,0,0,1,0,1
14_sensor_ablation,drop_tool_current,GripLost,10,243,229,1,0,0,0,0,1,0
14_sensor_ablation,drop_tool_current,GripLost,10,245,230,1,0,0,0,0,1,0
14_sensor_ablation,drop_tool_current,GripLost,10,246,231,1,0,0,0,1,0,1
14_sensor_ablation,drop_tool_current,GripLost,10,247,232,1,1,0,0,1,0,0
14_sensor_ablation,drop_tool_current,GripLost,10,248,233,1,0,0,0,0,1,0
14_sensor_ablation,drop_tool_current,GripLost,10,249,234,1,0,0,0,1,0,1
14_sensor_ablation,drop_tool_current,GripLost,10,250,235,1,1,1,1,1,0,0
14_sensor_ablation,joint_current_only,System_Failure,1,1,1,1,1,1,1,1,0,0
14_sensor_ablation,joint_current_only,System_Failure,1,2,2,1,1,1,1,1,0,0
14_sensor_ablation,joint_current_only,System_Failure,1,3,3,1,0,0,0,0,1,0
14_sensor_ablation,joint_current_only,System_Failure,1,4,4,1,0,0,0,0,1,0
14_sensor_ablation,joint_current_only,System_Failure,1,5,5,1,1,1,1,1,0,0
14_sensor_ablation,joint_current_only,System_Failure,1,6,6,1,1,1,1,1,0,0
14_sensor_ablation,joint_current_only,System_Failure,1,8,8,1,0,0,0,0,1,0
14_sensor_ablation,joint_current_only,System_Failure,1,9,9,1,0,0,0,0,1,0
14_sensor_ablation,joint_current_only,System_Failure,1,10,10,1,0,0,0,0,1,0
14_sensor_ablation,joint_current_only,System_Failure,1,11,11,1,0,0,0,0,1,0
14_sensor_ablation,joint_current_only,System_Failure,1,12,12,1,0,0,0,0,1,0
14_sensor_ablation,joint_current_only,System_Failure,1,13,13,1,0,0,0,0,1,0
14_sensor_ablation,joint_current_only,System_Failure,1,14,14,1,1,1,1,1,0,0
14_sensor_ablation,joint_current_only,System_Failure,1,15,15,1,1,1,1,1,0,0
14_sensor_ablation,joint_current_only,System_Failure,1,16,16,1,0,0,0,0,1,0
14_sensor_ablation,joint_current_only,System_Failure,1,17,17,1,0,0,0,0,1,0
14_sensor_ablation,joint_current_only,System_Failure,1,18,18,1,0,0,0,0,1,0
14_sensor_ablation,joint_current_only,System_Failure,1,19,19,1,0,0,0,0,1,0
14_sensor_ablation,joint_current_only,System_Failure,1,20,20,1,0,0,0,0,1,0
14_sensor_ablation,joint_current_only,System_Failure,1,21,21,1,0,0,0,0,1,0
14_sensor_ablation,joint_current_only,System_Failure,1,22,22,1,1,1,1,1,0,0
14_sensor_ablation,joint_current_only,System_Failure,1,23,23,1,0,0,0,0,1,0
14_sensor_ablation,joint_current_only,System_Failure,1,24,24,1,0,0,0,0,1,0
14_sensor_ablation,joint_current_only,System_Failure,1,25,25,1,0,0,0,0,1,0
14_sensor_ablation,joint_current_only,System_Failure,2,26,26,1,0,0,0,0,1,0
14_sensor_ablation,joint_current_only,System_Failure,2,27,27,1,0,0,0,0,1,0
14_sensor_ablation,joint_current_only,System_Failure,2,28,28,1,0,0,0,0,1,0
14_sensor_ablation,joint_current_only,System_Failure,2,29,29,1,0,0,0,0,1,0
14_sensor_ablation,joint_current_only,System_Failure,2,30,30,1,0,0,0,0,1,0
14_sensor_ablation,joint_current_only,System_Failure,2,31,31,1,0,0,0,0,1,0
14_sensor_ablation,joint_current_only,System_Failure,2,32,32,1,0,0,0,0,1,0
14_sensor_ablation,joint_current_only,System_Failure,2,33,33,1,0,0,0,0,1,0
14_sensor_ablation,joint_current_only,System_Failure,2,34,34,1,0,1,0,0,1,0
14_sensor_ablation,joint_current_only,System_Failure,2,35,35,1,1,1,1,1,0,0
14_sensor_ablation,joint_current_only,System_Failure,2,36,36,1,1,1,1,1,0,0
14_sensor_ablation,joint_current_only,System_Failure,2,37,37,1,0,0,0,0,1,0
14_sensor_ablation,joint_current_only,System_Failure,2,38,38,1,0,0,0,0,1,0
14_sensor_ablation,joint_current_only,System_Failure,2,39,39,1,1,1,1,1,0,0
14_sensor_ablation,joint_current_only,System_Failure,2,40,40,1,1,1,1,1,0,0
14_sensor_ablation,joint_current_only,System_Failure,2,41,41,1,0,0,0,0,1,0
14_sensor_ablation,joint_current_only,System_Failure,2,42,42,1,1,1,1,1,0,0
14_sensor_ablation,joint_current_only,System_Failure,2,43,43,1,0,0,0,0,1,0
14_sensor_ablation,joint_current_only,System_Failure,2,44,44,1,0,0,0,0,1,0
14_sensor_ablation,joint_current_only,System_Failure,2,45,45,1,0,0,0,0,1,0
14_sensor_ablation,joint_current_only,System_Failure,2,48,48,1,0,0,0,0,1,0
14_sensor_ablation,joint_current_only,System_Failure,2,49,49,1,0,0,0,0,1,0
14_sensor_ablation,joint_current_only,System_Failure,2,50,50,1,0,0,0,0,1,0
14_sensor_ablation,joint_current_only,System_Failure,3,51,51,1,0,0,0,0,1,0
14_sensor_ablation,joint_current_only,System_Failure,3,52,52,1,0,1,0,0,1,0
14_sensor_ablation,joint_current_only,System_Failure,3,53,53,1,1,1,1,1,0,0
14_sensor_ablation,joint_current_only,System_Failure,3,54,54,1,0,0,0,0,1,0
14_sensor_ablation,joint_current_only,System_Failure,3,55,55,1,0,0,0,0,1,0
14_sensor_ablation,joint_current_only,System_Failure,3,56,56,1,0,0,0,0,1,0
14_sensor_ablation,joint_current_only,System_Failure,3,57,57,1,0,1,0,0,1,0
14_sensor_ablation,joint_current_only,System_Failure,3,58,58,1,0,0,0,0,1,0
14_sensor_ablation,joint_current_only,System_Failure,3,59,59,1,0,1,0,0,1,0
14_sensor_ablation,joint_current_only,System_Failure,3,60,60,1,0,1,0,0,1,0
14_sensor_ablation,joint_current_only,System_Failure,3,61,61,1,0,0,0,0,1,0
14_sensor_ablation,joint_current_only,System_Failure,3,62,62,1,0,1,0,0,1,0
14_sensor_ablation,joint_current_only,System_Failure,3,63,63,1,1,1,1,1,0,0
14_sensor_ablation,joint_current_only,System_Failure,3,64,64,1,1,1,1,1,0,0
14_sensor_ablation,joint_current_only,System_Failure,3,65,65,1,1,1,1,1,0,0
14_sensor_ablation,joint_current_only,System_Failure,3,66,66,1,0,0,0,0,1,0
14_sensor_ablation,joint_current_only,System_Failure,3,67,67,1,1,1,1,1,0,0
14_sensor_ablation,joint_current_only,System_Failure,3,68,68,1,0,0,0,0,1,0
14_sensor_ablation,joint_current_only,System_Failure,3,69,69,1,1,1,1,1,0,0
14_sensor_ablation,joint_current_only,System_Failure,3,70,70,1,0,0,0,0,1,0
14_sensor_ablation,joint_current_only,System_Failure,3,71,71,1,0,1,0,0,1,0
14_sensor_ablation,joint_current_only,System_Failure,3,72,72,1,0,0,0,0,1,0
14_sensor_ablation,joint_current_only,System_Failure,3,73,73,1,0,0,0,0,1,0
14_sensor_ablation,joint_current_only,System_Failure,3,75,74,1,0,0,0,0,1,0
14_sensor_ablation,joint_current_only,System_Failure,4,76,75,1,1,1,1,1,0,0
14_sensor_ablation,joint_current_only,System_Failure,4,85,84,1,0,1,0,0,1,0
14_sensor_ablation,joint_current_only,System_Failure,4,86,85,1,1,1,1,1,0,0
14_sensor_ablation,joint_current_only,System_Failure,4,87,86,1,1,1,1,1,0,0
14_sensor_ablation,joint_current_only,System_Failure,4,88,87,1,0,0,0,0,1,0
14_sensor_ablation,joint_current_only,System_Failure,4,89,88,1,0,0,0,0,1,0
14_sensor_ablation,joint_current_only,System_Failure,4,90,89,1,0,0,0,0,1,0
14_sensor_ablation,joint_current_only,System_Failure,4,91,90,1,1,1,1,1,0,0
14_sensor_ablation,joint_current_only,System_Failure,4,92,91,1,1,1,1,1,0,0
14_sensor_ablation,joint_current_only,System_Failure,4,93,92,1,0,0,0,0,1,0
14_sensor_ablation,joint_current_only,System_Failure,4,94,93,1,0,0,0,0,1,0
14_sensor_ablation,joint_current_only,System_Failure,4,95,94,1,1,1,1,1,0,0
14_sensor_ablation,joint_current_only,System_Failure,4,96,95,1,1,1,1,1,0,0
14_sensor_ablation,joint_current_only,System_Failure,4,97,96,1,1,1,1,1,0,0
14_sensor_ablation,joint_current_only,System_Failure,4,98,97,1,0,0,0,0,1,0
14_sensor_ablation,joint_current_only,System_Failure,4,99,98,1,1,1,1,1,0,0
14_sensor_ablation,joint_current_only,System_Failure,4,100,99,1,0,0,0,0,1,0
14_sensor_ablation,joint_current_only,System_Failure,5,101,100,1,0,0,0,0,1,0
14_sensor_ablation,joint_current_only,System_Failure,5,102,101,1,0,0,0,0,1,0
14_sensor_ablation,joint_current_only,System_Failure,5,103,102,1,1,1,1,1,0,0
14_sensor_ablation,joint_current_only,System_Failure,5,104,103,1,0,0,0,0,1,0
14_sensor_ablation,joint_current_only,System_Failure,5,105,104,1,1,1,1,1,0,0
14_sensor_ablation,joint_current_only,System_Failure,5,106,105,1,0,0,0,0,1,0
14_sensor_ablation,joint_current_only,System_Failure,5,107,106,1,0,0,0,0,1,0
14_sensor_ablation,joint_current_only,System_Failure,5,108,107,1,1,1,1,1,0,0
14_sensor_ablation,joint_current_only,System_Failure,5,109,108,1,0,0,0,0,1,0
14_sensor_ablation,joint_current_only,System_Failure,5,110,109,1,0,0,0,0,1,0
14_sensor_ablation,joint_current_only,System_Failure,5,111,110,1,0,1,0,0,1,0
14_sensor_ablation,joint_current_only,System_Failure,5,112,111,1,0,0,0,0,1,0
14_sensor_ablation,joint_current_only,System_Failure,5,113,112,1,0,0,0,0,1,0
14_sensor_ablation,joint_current_only,System_Failure,5,114,113,1,0,0,0,0,1,0
14_sensor_ablation,joint_current_only,System_Failure,5,115,114,1,1,1,1,1,0,0
14_sensor_ablation,joint_current_only,System_Failure,5,116,115,1,0,0,0,0,1,0
14_sensor_ablation,joint_current_only,System_Failure,5,117,116,1,1,1,1,1,0,0
14_sensor_ablation,joint_current_only,System_Failure,5,118,117,1,1,1,1,1,0,0
14_sensor_ablation,joint_current_only,System_Failure,5,119,118,1,0,0,0,0,1,0
14_sensor_ablation,joint_current_only,System_Failure,5,120,119,1,0,1,0,0,1,0
14_sensor_ablation,joint_current_only,System_Failure,5,121,120,1,0,0,0,0,1,0
14_sensor_ablation,joint_current_only,System_Failure,5,122,121,1,0,0,0,0,1,0
14_sensor_ablation,joint_current_only,System_Failure,5,123,122,1,0,0,0,0,1,0
14_sensor_ablation,joint_current_only,System_Failure,5,124,123,1,0,0,0,0,1,0
14_sensor_ablation,joint_current_only,System_Failure,5,125,124,1,0,0,0,0,1,0
14_sensor_ablation,joint_current_only,System_Failure,7,151,129,1,0,0,0,0,1,0
14_sensor_ablation,joint_current_only,System_Failure,7,152,130,1,1,1,1,1,0,0
14_sensor_ablation,joint_current_only,System_Failure,7,153,131,1,0,0,0,0,1,0
14_sensor_ablation,joint_current_only,System_Failure,7,154,132,1,0,1,0,0,1,0
14_sensor_ablation,joint_current_only,System_Failure,7,155,133,1,0,0,0,0,1,0
14_sensor_ablation,joint_current_only,System_Failure,7,156,134,1,0,0,0,0,1,0
14_sensor_ablation,joint_current_only,System_Failure,7,157,135,1,0,1,0,0,1,0
14_sensor_ablation,joint_current_only,System_Failure,7,159,137,1,1,1,1,1,0,0
14_sensor_ablation,joint_current_only,System_Failure,7,160,138,1,1,1,1,1,0,0
14_sensor_ablation,joint_current_only,System_Failure,7,161,139,1,0,0,0,0,1,0
14_sensor_ablation,joint_current_only,System_Failure,7,162,140,1,0,0,0,0,1,0
14_sensor_ablation,joint_current_only,System_Failure,7,163,141,1,1,1,1,1,0,0
14_sensor_ablation,joint_current_only,System_Failure,7,164,142,1,1,1,1,1,0,0
14_sensor_ablation,joint_current_only,System_Failure,7,165,143,1,0,0,0,0,1,0
14_sensor_ablation,joint_current_only,System_Failure,7,166,144,1,0,0,0,0,1,0
14_sensor_ablation,joint_current_only,System_Failure,7,167,145,1,0,0,0,0,1,0
14_sensor_ablation,joint_current_only,System_Failure,7,168,146,1,0,0,0,0,1,0
14_sensor_ablation,joint_current_only,System_Failure,7,169,147,1,0,0,0,0,1,0
14_sensor_ablation,joint_current_only,System_Failure,7,170,148,1,1,1,1,1,0,0
14_sensor_ablation,joint_current_only,System_Failure,7,171,149,1,0,0,0,0,1,0
14_sensor_ablation,joint_current_only,System_Failure,7,172,150,1,0,0,0,0,1,0
14_sensor_ablation,joint_current_only,System_Failure,7,173,151,1,1,1,1,1,0,0
14_sensor_ablation,joint_current_only,System_Failure,7,174,152,1,1,1,1,1,0,0
14_sensor_ablation,joint_current_only,System_Failure,7,175,153,1,1,1,1,1,0,0
14_sensor_ablation,joint_current_only,System_Failure,8,176,154,1,0,0,0,0,1,0
14_sensor_ablation,joint_current_only,System_Failure,8,177,155,1,0,0,0,0,1,0
14_sensor_ablation,joint_current_only,System_Failure,8,178,156,1,0,0,0,0,1,0
14_sensor_ablation,joint_current_only,System_Failure,8,179,157,1,0,0,0,0,1,0
14_sensor_ablation,joint_current_only,System_Failure,8,180,158,1,1,1,1,1,0,0
14_sensor_ablation,joint_current_only,System_Failure,8,181,159,1,0,0,0,0,1,0
14_sensor_ablation,joint_current_only,System_Failure,8,182,160,1,1,1,1,1,0,0
14_sensor_ablation,joint_current_only,System_Failure,8,183,161,1,1,1,1,1,0,0
14_sensor_ablation,joint_current_only,System_Failure,8,184,162,1,0,0,0,0,1,0
14_sensor_ablation,joint_current_only,System_Failure,8,185,163,1,1,1,1,1,0,0
14_sensor_ablation,joint_current_only,System_Failure,8,199,176,1,0,0,0,0,1,0
14_sensor_ablation,joint_current_only,System_Failure,8,200,177,1,1,1,1,1,0,0
14_sensor_ablation,joint_current_only,System_Failure,9,201,178,1,1,1,1,1,0,0
14_sensor_ablation,joint_current_only,System_Failure,9,202,179,1,1,1,1,1,0,0
14_sensor_ablation,joint_current_only,System_Failure,9,203,180,1,0,0,0,0,1,0
14_sensor_ablation,joint_current_only,System_Failure,9,204,181,1,1,1,1,1,0,0
14_sensor_ablation,joint_current_only,System_Failure,9,205,182,1,0,0,0,0,1,0
14_sensor_ablation,joint_current_only,System_Failure,9,206,183,1,1,1,1,1,0,0
14_sensor_ablation,joint_current_only,System_Failure,9,207,184,1,0,0,0,0,1,0
14_sensor_ablation,joint_current_only,System_Failure,9,208,185,1,1,1,1,1,0,0
14_sensor_ablation,joint_current_only,System_Failure,9,209,186,1,0,0,0,0,1,0
14_sensor_ablation,joint_current_only,System_Failure,9,210,187,1,1,1,1,1,0,0
14_sensor_ablation,joint_current_only,System_Failure,9,211,188,1,0,0,0,0,1,0
14_sensor_ablation,joint_current_only,System_Failure,9,212,189,1,1,1,1,1,0,0
14_sensor_ablation,joint_current_only,System_Failure,9,213,190,1,0,0,0,0,1,0
14_sensor_ablation,joint_current_only,System_Failure,9,214,191,1,1,1,1,1,0,0
14_sensor_ablation,joint_current_only,System_Failure,9,215,192,1,1,1,0,1,0,0
14_sensor_ablation,joint_current_only,System_Failure,9,216,193,1,1,1,1,1,0,0
14_sensor_ablation,joint_current_only,System_Failure,9,217,194,1,1,1,1,1,0,0
14_sensor_ablation,joint_current_only,System_Failure,9,218,195,1,1,1,1,1,0,0
14_sensor_ablation,joint_current_only,System_Failure,9,219,196,1,1,1,1,1,0,0
14_sensor_ablation,joint_current_only,System_Failure,9,220,197,1,1,1,1,1,0,0
14_sensor_ablation,joint_current_only,System_Failure,9,221,198,1,1,1,1,1,0,0
14_sensor_ablation,joint_current_only,System_Failure,9,222,199,1,1,1,1,1,0,0
14_sensor_ablation,joint_current_only,System_Failure,9,223,200,1,1,1,1,1,0,0
14_sensor_ablation,joint_current_only,System_Failure,9,224,201,1,1,1,1,1,0,0
14_sensor_ablation,joint_current_only,System_Failure,9,225,202,1,1,1,1,1,0,0
14_sensor_ablation,joint_current_only,System_Failure,9,224,210,2,1,1,1,1,0,0
14_sensor_ablation,joint_current_only,System_Failure,10,226,203,1,1,1,1,1,0,0
14_sensor_ablation,joint_current_only,System_Failure,10,227,204,1,1,1,1,1,0,0
14_sensor_ablation,joint_current_only,System_Failure,10,229,205,1,1,1,1,1,0,0
14_sensor_ablation,joint_current_only,System_Failure,10,230,206,1,1,1,1,1,0,0
14_sensor_ablation,joint_current_only,System_Failure,10,231,207,1,1,1,1,1,0,0
14_sensor_ablation,joint_current_only,System_Failure,10,232,208,1,0,0,0,0,1,0
14_sensor_ablation,joint_current_only,System_Failure,10,233,209,1,1,1,1,1,0,0
14_sensor_ablation,joint_current_only,System_Failure,10,230,216,2,1,1,1,1,0,0
14_sensor_ablation,joint_current_only,System_Failure,10,231,217,2,1,1,1,1,0,0
14_sensor_ablation,joint_current_only,System_Failure,10,232,218,2,1,1,1,1,0,0
14_sensor_ablation,joint_current_only,System_Failure,10,233,219,2,1,1,1,1,0,0
14_sensor_ablation,joint_current_only,System_Failure,10,234,220,1,1,1,1,1,0,0
14_sensor_ablation,joint_current_only,System_Failure,10,235,221,1,1,1,1,1,0,0
14_sensor_ablation,joint_current_only,System_Failure,10,236,222,1,0,0,0,0,1,0
14_sensor_ablation,joint_current_only,System_Failure,10,237,223,1,1,1,1,1,0,0
14_sensor_ablation,joint_current_only,System_Failure,10,238,224,1,0,1,0,0,1,0
14_sensor_ablation,joint_current_only,System_Failure,10,239,225,1,1,1,1,1,0,0
14_sensor_ablation,joint_current_only,System_Failure,10,240,226,1,1,1,1,1,0,0
14_sensor_ablation,joint_current_only,System_Failure,10,241,227,1,0,1,0,0,1,0
14_sensor_ablation,joint_current_only,System_Failure,10,242,228,1,1,1,1,1,0,0
14_sensor_ablation,joint_current_only,System_Failure,10,243,229,1,0,0,0,0,1,0
14_sensor_ablation,joint_current_only,System_Failure,10,245,230,1,0,0,0,0,1,0
14_sensor_ablation,joint_current_only,System_Failure,10,246,231,1,1,1,1,1,0,0
14_sensor_ablation,joint_current_only,System_Failure,10,247,232,1,1,1,1,1,0,0
14_sensor_ablation,joint_current_only,System_Failure,10,248,233,1,0,0,0,0,1,0
14_sensor_ablation,joint_current_only,System_Failure,10,249,234,1,1,1,1,1,0,0
14_sensor_ablation,joint_current_only,System_Failure,10,250,235,1,1,1,1,1,0,0
14_sensor_ablation,joint_current_only,ProtectiveStop,1,1,1,1,1,1,1,1,0,0
14_sensor_ablation,joint_current_only,ProtectiveStop,1,2,2,1,0,0,0,1,0,1
14_sensor_ablation,joint_current_only,ProtectiveStop,1,3,3,1,0,0,0,0,1,0
14_sensor_ablation,joint_current_only,ProtectiveStop,1,4,4,1,0,0,0,0,1,0
14_sensor_ablation,joint_current_only,ProtectiveStop,1,5,5,1,0,0,0,1,0,1
14_sensor_ablation,joint_current_only,ProtectiveStop,1,6,6,1,0,1,0,1,0,1
14_sensor_ablation,joint_current_only,ProtectiveStop,1,8,8,1,0,0,0,0,1,0
14_sensor_ablation,joint_current_only,ProtectiveStop,1,9,9,1,0,0,0,0,1,0
14_sensor_ablation,joint_current_only,ProtectiveStop,1,10,10,1,0,0,0,0,1,0
14_sensor_ablation,joint_current_only,ProtectiveStop,1,11,11,1,0,0,0,0,1,0
14_sensor_ablation,joint_current_only,ProtectiveStop,1,12,12,1,0,0,0,0,1,0
14_sensor_ablation,joint_current_only,ProtectiveStop,1,13,13,1,0,0,0,0,1,0
14_sensor_ablation,joint_current_only,ProtectiveStop,1,14,14,1,0,0,0,1,0,1
14_sensor_ablation,joint_current_only,ProtectiveStop,1,15,15,1,0,0,0,1,0,1
14_sensor_ablation,joint_current_only,ProtectiveStop,1,16,16,1,0,0,0,0,1,0
14_sensor_ablation,joint_current_only,ProtectiveStop,1,17,17,1,0,0,0,0,1,0
14_sensor_ablation,joint_current_only,ProtectiveStop,1,18,18,1,0,0,0,0,1,0
14_sensor_ablation,joint_current_only,ProtectiveStop,1,19,19,1,0,0,0,0,1,0
14_sensor_ablation,joint_current_only,ProtectiveStop,1,20,20,1,0,0,0,0,1,0
14_sensor_ablation,joint_current_only,ProtectiveStop,1,21,21,1,0,0,0,0,1,0
14_sensor_ablation,joint_current_only,ProtectiveStop,1,22,22,1,1,1,1,1,0,0
14_sensor_ablation,joint_current_only,ProtectiveStop,1,23,23,1,0,0,0,0,1,0
14_sensor_ablation,joint_current_only,ProtectiveStop,1,24,24,1,0,0,0,0,1,0
14_sensor_ablation,joint_current_only,ProtectiveStop,1,25,25,1,0,0,0,0,1,0
14_sensor_ablation,joint_current_only,ProtectiveStop,2,26,26,1,0,0,0,0,1,0
14_sensor_ablation,joint_current_only,ProtectiveStop,2,27,27,1,0,0,0,0,1,0
14_sensor_ablation,joint_current_only,ProtectiveStop,2,28,28,1,0,0,0,0,1,0
14_sensor_ablation,joint_current_only,ProtectiveStop,2,29,29,1,0,0,0,0,1,0
14_sensor_ablation,joint_current_only,ProtectiveStop,2,30,30,1,0,0,0,0,1,0
14_sensor_ablation,joint_current_only,ProtectiveStop,2,31,31,1,0,1,0,0,1,0
14_sensor_ablation,joint_current_only,ProtectiveStop,2,32,32,1,0,0,0,0,1,0
14_sensor_ablation,joint_current_only,ProtectiveStop,2,33,33,1,0,0,0,0,1,0
14_sensor_ablation,joint_current_only,ProtectiveStop,2,34,34,1,0,1,0,0,1,0
14_sensor_ablation,joint_current_only,ProtectiveStop,2,35,35,1,1,1,1,1,0,0
14_sensor_ablation,joint_current_only,ProtectiveStop,2,36,36,1,0,1,0,1,0,1
14_sensor_ablation,joint_current_only,ProtectiveStop,2,37,37,1,0,0,0,0,1,0
14_sensor_ablation,joint_current_only,ProtectiveStop,2,38,38,1,0,0,0,0,1,0
14_sensor_ablation,joint_current_only,ProtectiveStop,2,39,39,1,0,0,0,1,0,1
14_sensor_ablation,joint_current_only,ProtectiveStop,2,40,40,1,0,0,0,1,0,1
14_sensor_ablation,joint_current_only,ProtectiveStop,2,41,41,1,0,0,0,0,1,0
14_sensor_ablation,joint_current_only,ProtectiveStop,2,42,42,1,1,1,1,1,0,0
14_sensor_ablation,joint_current_only,ProtectiveStop,2,43,43,1,0,0,0,0,1,0
14_sensor_ablation,joint_current_only,ProtectiveStop,2,44,44,1,0,0,0,0,1,0
14_sensor_ablation,joint_current_only,ProtectiveStop,2,45,45,1,0,0,0,0,1,0
14_sensor_ablation,joint_current_only,ProtectiveStop,2,48,48,1,0,0,0,0,1,0
14_sensor_ablation,joint_current_only,ProtectiveStop,2,49,49,1,0,0,0,0,1,0
14_sensor_ablation,joint_current_only,ProtectiveStop,2,50,50,1,0,0,0,0,1,0
14_sensor_ablation,joint_current_only,ProtectiveStop,3,51,51,1,0,0,0,0,1,0
14_sensor_ablation,joint_current_only,ProtectiveStop,3,52,52,1,0,0,0,0,1,0
14_sensor_ablation,joint_current_only,ProtectiveStop,3,53,53,1,1,1,1,1,0,0
14_sensor_ablation,joint_current_only,ProtectiveStop,3,54,54,1,0,0,0,0,1,0
14_sensor_ablation,joint_current_only,ProtectiveStop,3,55,55,1,0,0,0,0,1,0
14_sensor_ablation,joint_current_only,ProtectiveStop,3,56,56,1,0,0,0,0,1,0
14_sensor_ablation,joint_current_only,ProtectiveStop,3,57,57,1,0,0,0,0,1,0
14_sensor_ablation,joint_current_only,ProtectiveStop,3,58,58,1,0,0,0,0,1,0
14_sensor_ablation,joint_current_only,ProtectiveStop,3,59,59,1,0,0,0,0,1,0
14_sensor_ablation,joint_current_only,ProtectiveStop,3,60,60,1,0,0,0,0,1,0
14_sensor_ablation,joint_current_only,ProtectiveStop,3,61,61,1,0,0,0,0,1,0
14_sensor_ablation,joint_current_only,ProtectiveStop,3,62,62,1,0,0,0,0,1,0
14_sensor_ablation,joint_current_only,ProtectiveStop,3,63,63,1,1,1,1,1,0,0
14_sensor_ablation,joint_current_only,ProtectiveStop,3,64,64,1,0,0,0,1,0,1
14_sensor_ablation,joint_current_only,ProtectiveStop,3,65,65,1,0,0,0,1,0,1
14_sensor_ablation,joint_current_only,ProtectiveStop,3,66,66,1,0,0,0,0,1,0
14_sensor_ablation,joint_current_only,ProtectiveStop,3,67,67,1,0,0,0,1,0,1
14_sensor_ablation,joint_current_only,ProtectiveStop,3,68,68,1,0,0,0,0,1,0
14_sensor_ablation,joint_current_only,ProtectiveStop,3,69,69,1,1,1,1,1,0,0
14_sensor_ablation,joint_current_only,ProtectiveStop,3,70,70,1,0,1,0,0,1,0
14_sensor_ablation,joint_current_only,ProtectiveStop,3,71,71,1,0,1,0,0,1,0
14_sensor_ablation,joint_current_only,ProtectiveStop,3,72,72,1,0,0,0,0,1,0
14_sensor_ablation,joint_current_only,ProtectiveStop,3,73,73,1,0,0,0,0,1,0
14_sensor_ablation,joint_current_only,ProtectiveStop,3,75,74,1,0,0,0,0,1,0
14_sensor_ablation,joint_current_only,ProtectiveStop,4,76,75,1,0,0,0,1,0,1
14_sensor_ablation,joint_current_only,ProtectiveStop,4,85,84,1,0,0,0,0,1,0
14_sensor_ablation,joint_current_only,ProtectiveStop,4,86,85,1,1,1,1,1,0,0
14_sensor_ablation,joint_current_only,ProtectiveStop,4,87,86,1,1,1,1,1,0,0
14_sensor_ablation,joint_current_only,ProtectiveStop,4,88,87,1,0,0,0,0,1,0
14_sensor_ablation,joint_current_only,ProtectiveStop,4,89,88,1,0,0,0,0,1,0
14_sensor_ablation,joint_current_only,ProtectiveStop,4,90,89,1,0,0,0,0,1,0
14_sensor_ablation,joint_current_only,ProtectiveStop,4,91,90,1,0,0,0,1,0,1
14_sensor_ablation,joint_current_only,ProtectiveStop,4,92,91,1,0,0,0,1,0,1
14_sensor_ablation,joint_current_only,ProtectiveStop,4,93,92,1,0,0,0,0,1,0
14_sensor_ablation,joint_current_only,ProtectiveStop,4,94,93,1,0,0,0,0,1,0
14_sensor_ablation,joint_current_only,ProtectiveStop,4,95,94,1,0,0,0,1,0,1
14_sensor_ablation,joint_current_only,ProtectiveStop,4,96,95,1,0,0,0,1,0,1
14_sensor_ablation,joint_current_only,ProtectiveStop,4,97,96,1,0,0,0,1,0,1
14_sensor_ablation,joint_current_only,ProtectiveStop,4,98,97,1,0,0,0,0,1,0
14_sensor_ablation,joint_current_only,ProtectiveStop,4,99,98,1,1,1,1,1,0,0
14_sensor_ablation,joint_current_only,ProtectiveStop,4,100,99,1,0,0,0,0,1,0
14_sensor_ablation,joint_current_only,ProtectiveStop,5,101,100,1,0,0,0,0,1,0
14_sensor_ablation,joint_current_only,ProtectiveStop,5,102,101,1,0,0,0,0,1,0
14_sensor_ablation,joint_current_only,ProtectiveStop,5,103,102,1,1,1,1,1,0,0
14_sensor_ablation,joint_current_only,ProtectiveStop,5,104,103,1,0,0,0,0,1,0
14_sensor_ablation,joint_current_only,ProtectiveStop,5,105,104,1,0,0,0,1,0,1
14_sensor_ablation,joint_current_only,ProtectiveStop,5,106,105,1,0,0,0,0,1,0
14_sensor_ablation,joint_current_only,ProtectiveStop,5,107,106,1,0,0,0,0,1,0
14_sensor_ablation,joint_current_only,ProtectiveStop,5,108,107,1,1,1,1,1,0,0
14_sensor_ablation,joint_current_only,ProtectiveStop,5,109,108,1,0,0,0,0,1,0
14_sensor_ablation,joint_current_only,ProtectiveStop,5,110,109,1,0,0,0,0,1,0
14_sensor_ablation,joint_current_only,ProtectiveStop,5,111,110,1,0,0,0,0,1,0
14_sensor_ablation,joint_current_only,ProtectiveStop,5,112,111,1,0,0,0,0,1,0
14_sensor_ablation,joint_current_only,ProtectiveStop,5,113,112,1,0,0,0,0,1,0
14_sensor_ablation,joint_current_only,ProtectiveStop,5,114,113,1,0,0,0,0,1,0
14_sensor_ablation,joint_current_only,ProtectiveStop,5,115,114,1,1,1,1,1,0,0
14_sensor_ablation,joint_current_only,ProtectiveStop,5,116,115,1,0,0,0,0,1,0
14_sensor_ablation,joint_current_only,ProtectiveStop,5,117,116,1,1,1,1,1,0,0
14_sensor_ablation,joint_current_only,ProtectiveStop,5,118,117,1,1,1,1,1,0,0
14_sensor_ablation,joint_current_only,ProtectiveStop,5,119,118,1,0,0,0,0,1,0
14_sensor_ablation,joint_current_only,ProtectiveStop,5,120,119,1,0,1,0,0,1,0
14_sensor_ablation,joint_current_only,ProtectiveStop,5,121,120,1,0,0,0,0,1,0
14_sensor_ablation,joint_current_only,ProtectiveStop,5,122,121,1,0,0,0,0,1,0
14_sensor_ablation,joint_current_only,ProtectiveStop,5,123,122,1,0,0,0,0,1,0
14_sensor_ablation,joint_current_only,ProtectiveStop,5,124,123,1,0,0,0,0,1,0
14_sensor_ablation,joint_current_only,ProtectiveStop,5,125,124,1,0,1,0,0,1,0
14_sensor_ablation,joint_current_only,ProtectiveStop,7,151,129,1,0,0,0,0,1,0
14_sensor_ablation,joint_current_only,ProtectiveStop,7,152,130,1,1,1,1,1,0,0
14_sensor_ablation,joint_current_only,ProtectiveStop,7,153,131,1,0,0,0,0,1,0
14_sensor_ablation,joint_current_only,ProtectiveStop,7,154,132,1,0,0,0,0,1,0
14_sensor_ablation,joint_current_only,ProtectiveStop,7,155,133,1,0,0,0,0,1,0
14_sensor_ablation,joint_current_only,ProtectiveStop,7,156,134,1,0,0,0,0,1,0
14_sensor_ablation,joint_current_only,ProtectiveStop,7,157,135,1,0,0,0,0,1,0
14_sensor_ablation,joint_current_only,ProtectiveStop,7,159,137,1,1,1,1,1,0,0
14_sensor_ablation,joint_current_only,ProtectiveStop,7,160,138,1,0,0,0,1,0,1
14_sensor_ablation,joint_current_only,ProtectiveStop,7,161,139,1,0,0,0,0,1,0
14_sensor_ablation,joint_current_only,ProtectiveStop,7,162,140,1,0,0,0,0,1,0
14_sensor_ablation,joint_current_only,ProtectiveStop,7,163,141,1,1,1,1,1,0,0
14_sensor_ablation,joint_current_only,ProtectiveStop,7,164,142,1,1,1,1,1,0,0
14_sensor_ablation,joint_current_only,ProtectiveStop,7,165,143,1,0,0,0,0,1,0
14_sensor_ablation,joint_current_only,ProtectiveStop,7,166,144,1,0,0,0,0,1,0
14_sensor_ablation,joint_current_only,ProtectiveStop,7,167,145,1,0,0,0,0,1,0
14_sensor_ablation,joint_current_only,ProtectiveStop,7,168,146,1,0,0,0,0,1,0
14_sensor_ablation,joint_current_only,ProtectiveStop,7,169,147,1,0,0,0,0,1,0
14_sensor_ablation,joint_current_only,ProtectiveStop,7,170,148,1,1,1,1,1,0,0
14_sensor_ablation,joint_current_only,ProtectiveStop,7,171,149,1,0,0,0,0,1,0
14_sensor_ablation,joint_current_only,ProtectiveStop,7,172,150,1,0,0,0,0,1,0
14_sensor_ablation,joint_current_only,ProtectiveStop,7,173,151,1,1,1,1,1,0,0
14_sensor_ablation,joint_current_only,ProtectiveStop,7,174,152,1,1,1,1,1,0,0
14_sensor_ablation,joint_current_only,ProtectiveStop,7,175,153,1,1,1,1,1,0,0
14_sensor_ablation,joint_current_only,ProtectiveStop,8,176,154,1,0,0,0,0,1,0
14_sensor_ablation,joint_current_only,ProtectiveStop,8,177,155,1,0,0,0,0,1,0
14_sensor_ablation,joint_current_only,ProtectiveStop,8,178,156,1,0,0,0,0,1,0
14_sensor_ablation,joint_current_only,ProtectiveStop,8,179,157,1,0,0,0,0,1,0
14_sensor_ablation,joint_current_only,ProtectiveStop,8,180,158,1,0,0,0,1,0,1
14_sensor_ablation,joint_current_only,ProtectiveStop,8,181,159,1,0,0,0,0,1,0
14_sensor_ablation,joint_current_only,ProtectiveStop,8,182,160,1,1,1,1,1,0,0
14_sensor_ablation,joint_current_only,ProtectiveStop,8,183,161,1,1,1,1,1,0,0
14_sensor_ablation,joint_current_only,ProtectiveStop,8,184,162,1,0,0,0,0,1,0
14_sensor_ablation,joint_current_only,ProtectiveStop,8,185,163,1,1,1,1,1,0,0
14_sensor_ablation,joint_current_only,ProtectiveStop,8,199,176,1,0,0,0,0,1,0
14_sensor_ablation,joint_current_only,ProtectiveStop,8,200,177,1,0,0,0,1,0,1
14_sensor_ablation,joint_current_only,ProtectiveStop,9,201,178,1,1,1,1,1,0,0
14_sensor_ablation,joint_current_only,ProtectiveStop,9,202,179,1,0,0,0,1,0,1
14_sensor_ablation,joint_current_only,ProtectiveStop,9,203,180,1,0,0,0,0,1,0
14_sensor_ablation,joint_current_only,ProtectiveStop,9,204,181,1,1,1,1,1,0,0
14_sensor_ablation,joint_current_only,ProtectiveStop,9,205,182,1,0,0,0,0,1,0
14_sensor_ablation,joint_current_only,ProtectiveStop,9,206,183,1,1,1,1,1,0,0
14_sensor_ablation,joint_current_only,ProtectiveStop,9,207,184,1,0,0,0,0,1,0
14_sensor_ablation,joint_current_only,ProtectiveStop,9,208,185,1,0,0,0,1,0,1
14_sensor_ablation,joint_current_only,ProtectiveStop,9,209,186,1,0,0,0,0,1,0
14_sensor_ablation,joint_current_only,ProtectiveStop,9,210,187,1,1,1,1,1,0,0
14_sensor_ablation,joint_current_only,ProtectiveStop,9,211,188,1,0,0,0,0,1,0
14_sensor_ablation,joint_current_only,ProtectiveStop,9,212,189,1,1,1,1,1,0,0
14_sensor_ablation,joint_current_only,ProtectiveStop,9,213,190,1,0,0,0,0,1,0
14_sensor_ablation,joint_current_only,ProtectiveStop,9,214,191,1,1,1,1,1,0,0
14_sensor_ablation,joint_current_only,ProtectiveStop,9,215,192,1,1,0,0,1,0,0
14_sensor_ablation,joint_current_only,ProtectiveStop,9,216,193,1,0,0,0,1,0,1
14_sensor_ablation,joint_current_only,ProtectiveStop,9,217,194,1,1,1,1,1,0,0
14_sensor_ablation,joint_current_only,ProtectiveStop,9,218,195,1,1,1,1,1,0,0
14_sensor_ablation,joint_current_only,ProtectiveStop,9,219,196,1,1,1,1,1,0,0
14_sensor_ablation,joint_current_only,ProtectiveStop,9,220,197,1,1,1,1,1,0,0
14_sensor_ablation,joint_current_only,ProtectiveStop,9,221,198,1,1,0,0,1,0,0
14_sensor_ablation,joint_current_only,ProtectiveStop,9,222,199,1,1,1,1,1,0,0
14_sensor_ablation,joint_current_only,ProtectiveStop,9,223,200,1,1,1,1,1,0,0
14_sensor_ablation,joint_current_only,ProtectiveStop,9,224,201,1,1,1,1,1,0,0
14_sensor_ablation,joint_current_only,ProtectiveStop,9,225,202,1,1,1,1,1,0,0
14_sensor_ablation,joint_current_only,ProtectiveStop,9,224,210,2,1,1,1,1,0,0
14_sensor_ablation,joint_current_only,ProtectiveStop,10,226,203,1,1,1,1,1,0,0
14_sensor_ablation,joint_current_only,ProtectiveStop,10,227,204,1,1,1,1,1,0,0
14_sensor_ablation,joint_current_only,ProtectiveStop,10,229,205,1,1,1,1,1,0,0
14_sensor_ablation,joint_current_only,ProtectiveStop,10,230,206,1,1,1,1,1,0,0
14_sensor_ablation,joint_current_only,ProtectiveStop,10,231,207,1,1,1,1,1,0,0
14_sensor_ablation,joint_current_only,ProtectiveStop,10,232,208,1,0,0,0,0,1,0
14_sensor_ablation,joint_current_only,ProtectiveStop,10,233,209,1,1,1,1,1,0,0
14_sensor_ablation,joint_current_only,ProtectiveStop,10,230,216,2,1,1,1,1,0,0
14_sensor_ablation,joint_current_only,ProtectiveStop,10,231,217,2,1,1,1,1,0,0
14_sensor_ablation,joint_current_only,ProtectiveStop,10,232,218,2,1,1,1,1,0,0
14_sensor_ablation,joint_current_only,ProtectiveStop,10,233,219,2,0,0,0,1,0,1
14_sensor_ablation,joint_current_only,ProtectiveStop,10,234,220,1,1,1,1,1,0,0
14_sensor_ablation,joint_current_only,ProtectiveStop,10,235,221,1,1,1,1,1,0,0
14_sensor_ablation,joint_current_only,ProtectiveStop,10,236,222,1,0,0,0,0,1,0
14_sensor_ablation,joint_current_only,ProtectiveStop,10,237,223,1,1,1,1,1,0,0
14_sensor_ablation,joint_current_only,ProtectiveStop,10,238,224,1,0,1,0,0,1,0
14_sensor_ablation,joint_current_only,ProtectiveStop,10,239,225,1,1,1,1,1,0,0
14_sensor_ablation,joint_current_only,ProtectiveStop,10,240,226,1,1,1,1,1,0,0
14_sensor_ablation,joint_current_only,ProtectiveStop,10,241,227,1,0,0,0,0,1,0
14_sensor_ablation,joint_current_only,ProtectiveStop,10,242,228,1,1,0,0,1,0,0
14_sensor_ablation,joint_current_only,ProtectiveStop,10,243,229,1,0,0,0,0,1,0
14_sensor_ablation,joint_current_only,ProtectiveStop,10,245,230,1,0,0,0,0,1,0
14_sensor_ablation,joint_current_only,ProtectiveStop,10,246,231,1,1,1,1,1,0,0
14_sensor_ablation,joint_current_only,ProtectiveStop,10,247,232,1,1,1,1,1,0,0
14_sensor_ablation,joint_current_only,ProtectiveStop,10,248,233,1,0,0,0,0,1,0
14_sensor_ablation,joint_current_only,ProtectiveStop,10,249,234,1,1,1,1,1,0,0
14_sensor_ablation,joint_current_only,ProtectiveStop,10,250,235,1,1,1,1,1,0,0
14_sensor_ablation,joint_current_only,GripLost,1,1,1,1,0,1,0,1,0,1
14_sensor_ablation,joint_current_only,GripLost,1,2,2,1,1,1,1,1,0,0
14_sensor_ablation,joint_current_only,GripLost,1,3,3,1,0,0,0,0,1,0
14_sensor_ablation,joint_current_only,GripLost,1,4,4,1,0,0,0,0,1,0
14_sensor_ablation,joint_current_only,GripLost,1,5,5,1,1,1,1,1,0,0
14_sensor_ablation,joint_current_only,GripLost,1,6,6,1,1,1,1,1,0,0
14_sensor_ablation,joint_current_only,GripLost,1,8,8,1,0,0,0,0,1,0
14_sensor_ablation,joint_current_only,GripLost,1,9,9,1,0,0,0,0,1,0
14_sensor_ablation,joint_current_only,GripLost,1,10,10,1,0,0,0,0,1,0
14_sensor_ablation,joint_current_only,GripLost,1,11,11,1,0,0,0,0,1,0
14_sensor_ablation,joint_current_only,GripLost,1,12,12,1,0,0,0,0,1,0
14_sensor_ablation,joint_current_only,GripLost,1,13,13,1,0,0,0,0,1,0
14_sensor_ablation,joint_current_only,GripLost,1,14,14,1,1,1,1,1,0,0
14_sensor_ablation,joint_current_only,GripLost,1,15,15,1,1,1,1,1,0,0
14_sensor_ablation,joint_current_only,GripLost,1,16,16,1,0,0,0,0,1,0
14_sensor_ablation,joint_current_only,GripLost,1,17,17,1,0,0,0,0,1,0
14_sensor_ablation,joint_current_only,GripLost,1,18,18,1,0,0,0,0,1,0
14_sensor_ablation,joint_current_only,GripLost,1,19,19,1,0,0,0,0,1,0
14_sensor_ablation,joint_current_only,GripLost,1,20,20,1,0,0,0,0,1,0
14_sensor_ablation,joint_current_only,GripLost,1,21,21,1,0,0,0,0,1,0
14_sensor_ablation,joint_current_only,GripLost,1,22,22,1,0,0,0,1,0,1
14_sensor_ablation,joint_current_only,GripLost,1,23,23,1,0,0,0,0,1,0
14_sensor_ablation,joint_current_only,GripLost,1,24,24,1,0,0,0,0,1,0
14_sensor_ablation,joint_current_only,GripLost,1,25,25,1,0,0,0,0,1,0
14_sensor_ablation,joint_current_only,GripLost,2,26,26,1,0,0,0,0,1,0
14_sensor_ablation,joint_current_only,GripLost,2,27,27,1,0,0,0,0,1,0
14_sensor_ablation,joint_current_only,GripLost,2,28,28,1,0,0,0,0,1,0
14_sensor_ablation,joint_current_only,GripLost,2,29,29,1,0,0,0,0,1,0
14_sensor_ablation,joint_current_only,GripLost,2,30,30,1,0,0,0,0,1,0
14_sensor_ablation,joint_current_only,GripLost,2,31,31,1,0,0,0,0,1,0
14_sensor_ablation,joint_current_only,GripLost,2,32,32,1,0,0,0,0,1,0
14_sensor_ablation,joint_current_only,GripLost,2,33,33,1,0,0,0,0,1,0
14_sensor_ablation,joint_current_only,GripLost,2,34,34,1,0,0,0,0,1,0
14_sensor_ablation,joint_current_only,GripLost,2,35,35,1,0,0,0,1,0,1
14_sensor_ablation,joint_current_only,GripLost,2,36,36,1,1,1,1,1,0,0
14_sensor_ablation,joint_current_only,GripLost,2,37,37,1,0,0,0,0,1,0
14_sensor_ablation,joint_current_only,GripLost,2,38,38,1,0,0,0,0,1,0
14_sensor_ablation,joint_current_only,GripLost,2,39,39,1,1,1,1,1,0,0
14_sensor_ablation,joint_current_only,GripLost,2,40,40,1,1,1,1,1,0,0
14_sensor_ablation,joint_current_only,GripLost,2,41,41,1,0,0,0,0,1,0
14_sensor_ablation,joint_current_only,GripLost,2,42,42,1,0,0,0,1,0,1
14_sensor_ablation,joint_current_only,GripLost,2,43,43,1,0,0,0,0,1,0
14_sensor_ablation,joint_current_only,GripLost,2,44,44,1,0,0,0,0,1,0
14_sensor_ablation,joint_current_only,GripLost,2,45,45,1,0,0,0,0,1,0
14_sensor_ablation,joint_current_only,GripLost,2,48,48,1,0,0,0,0,1,0
14_sensor_ablation,joint_current_only,GripLost,2,49,49,1,0,0,0,0,1,0
14_sensor_ablation,joint_current_only,GripLost,2,50,50,1,0,0,0,0,1,0
14_sensor_ablation,joint_current_only,GripLost,3,51,51,1,0,0,0,0,1,0
14_sensor_ablation,joint_current_only,GripLost,3,52,52,1,0,1,0,0,1,0
14_sensor_ablation,joint_current_only,GripLost,3,53,53,1,0,0,0,1,0,1
14_sensor_ablation,joint_current_only,GripLost,3,54,54,1,0,0,0,0,1,0
14_sensor_ablation,joint_current_only,GripLost,3,55,55,1,0,0,0,0,1,0
14_sensor_ablation,joint_current_only,GripLost,3,56,56,1,0,0,0,0,1,0
14_sensor_ablation,joint_current_only,GripLost,3,57,57,1,0,0,0,0,1,0
14_sensor_ablation,joint_current_only,GripLost,3,58,58,1,0,0,0,0,1,0
14_sensor_ablation,joint_current_only,GripLost,3,59,59,1,0,0,0,0,1,0
14_sensor_ablation,joint_current_only,GripLost,3,60,60,1,0,0,0,0,1,0
14_sensor_ablation,joint_current_only,GripLost,3,61,61,1,0,0,0,0,1,0
14_sensor_ablation,joint_current_only,GripLost,3,62,62,1,0,0,0,0,1,0
14_sensor_ablation,joint_current_only,GripLost,3,63,63,1,1,1,1,1,0,0
14_sensor_ablation,joint_current_only,GripLost,3,64,64,1,1,1,1,1,0,0
14_sensor_ablation,joint_current_only,GripLost,3,65,65,1,1,1,1,1,0,0
14_sensor_ablation,joint_current_only,GripLost,3,66,66,1,0,0,0,0,1,0
14_sensor_ablation,joint_current_only,GripLost,3,67,67,1,1,1,1,1,0,0
14_sensor_ablation,joint_current_only,GripLost,3,68,68,1,0,0,0,0,1,0
14_sensor_ablation,joint_current_only,GripLost,3,69,69,1,1,1,1,1,0,0
14_sensor_ablation,joint_current_only,GripLost,3,70,70,1,0,1,0,0,1,0
14_sensor_ablation,joint_current_only,GripLost,3,71,71,1,0,0,0,0,1,0
14_sensor_ablation,joint_current_only,GripLost,3,72,72,1,0,0,0,0,1,0
14_sensor_ablation,joint_current_only,GripLost,3,73,73,1,0,1,0,0,1,0
14_sensor_ablation,joint_current_only,GripLost,3,75,74,1,0,0,0,0,1,0
14_sensor_ablation,joint_current_only,GripLost,4,76,75,1,1,1,1,1,0,0
14_sensor_ablation,joint_current_only,GripLost,4,85,84,1,0,0,0,0,1,0
14_sensor_ablation,joint_current_only,GripLost,4,86,85,1,1,1,1,1,0,0
14_sensor_ablation,joint_current_only,GripLost,4,87,86,1,0,0,0,1,0,1
14_sensor_ablation,joint_current_only,GripLost,4,88,87,1,0,0,0,0,1,0
14_sensor_ablation,joint_current_only,GripLost,4,89,88,1,0,0,0,0,1,0
14_sensor_ablation,joint_current_only,GripLost,4,90,89,1,0,0,0,0,1,0
14_sensor_ablation,joint_current_only,GripLost,4,91,90,1,1,1,1,1,0,0
14_sensor_ablation,joint_current_only,GripLost,4,92,91,1,1,1,1,1,0,0
14_sensor_ablation,joint_current_only,GripLost,4,93,92,1,0,0,0,0,1,0
14_sensor_ablation,joint_current_only,GripLost,4,94,93,1,0,0,0,0,1,0
14_sensor_ablation,joint_current_only,GripLost,4,95,94,1,1,1,1,1,0,0
14_sensor_ablation,joint_current_only,GripLost,4,96,95,1,1,1,1,1,0,0
14_sensor_ablation,joint_current_only,GripLost,4,97,96,1,1,1,1,1,0,0
14_sensor_ablation,joint_current_only,GripLost,4,98,97,1,0,0,0,0,1,0
14_sensor_ablation,joint_current_only,GripLost,4,99,98,1,0,0,0,1,0,1
14_sensor_ablation,joint_current_only,GripLost,4,100,99,1,0,0,0,0,1,0
14_sensor_ablation,joint_current_only,GripLost,5,101,100,1,0,0,0,0,1,0
14_sensor_ablation,joint_current_only,GripLost,5,102,101,1,0,0,0,0,1,0
14_sensor_ablation,joint_current_only,GripLost,5,103,102,1,0,0,0,1,0,1
14_sensor_ablation,joint_current_only,GripLost,5,104,103,1,0,0,0,0,1,0
14_sensor_ablation,joint_current_only,GripLost,5,105,104,1,1,1,1,1,0,0
14_sensor_ablation,joint_current_only,GripLost,5,106,105,1,0,0,0,0,1,0
14_sensor_ablation,joint_current_only,GripLost,5,107,106,1,0,0,0,0,1,0
14_sensor_ablation,joint_current_only,GripLost,5,108,107,1,0,0,0,1,0,1
14_sensor_ablation,joint_current_only,GripLost,5,109,108,1,0,0,0,0,1,0
14_sensor_ablation,joint_current_only,GripLost,5,110,109,1,0,0,0,0,1,0
14_sensor_ablation,joint_current_only,GripLost,5,111,110,1,0,0,0,0,1,0
14_sensor_ablation,joint_current_only,GripLost,5,112,111,1,0,0,0,0,1,0
14_sensor_ablation,joint_current_only,GripLost,5,113,112,1,0,0,0,0,1,0
14_sensor_ablation,joint_current_only,GripLost,5,114,113,1,0,0,0,0,1,0
14_sensor_ablation,joint_current_only,GripLost,5,115,114,1,0,0,0,1,0,1
14_sensor_ablation,joint_current_only,GripLost,5,116,115,1,0,0,0,0,1,0
14_sensor_ablation,joint_current_only,GripLost,5,117,116,1,0,0,0,1,0,1
14_sensor_ablation,joint_current_only,GripLost,5,118,117,1,0,0,0,1,0,1
14_sensor_ablation,joint_current_only,GripLost,5,119,118,1,0,0,0,0,1,0
14_sensor_ablation,joint_current_only,GripLost,5,120,119,1,0,0,0,0,1,0
14_sensor_ablation,joint_current_only,GripLost,5,121,120,1,0,0,0,0,1,0
14_sensor_ablation,joint_current_only,GripLost,5,122,121,1,0,0,0,0,1,0
14_sensor_ablation,joint_current_only,GripLost,5,123,122,1,0,0,0,0,1,0
14_sensor_ablation,joint_current_only,GripLost,5,124,123,1,0,0,0,0,1,0
14_sensor_ablation,joint_current_only,GripLost,5,125,124,1,0,0,0,0,1,0
14_sensor_ablation,joint_current_only,GripLost,7,151,129,1,0,0,0,0,1,0
14_sensor_ablation,joint_current_only,GripLost,7,152,130,1,0,0,0,1,0,1
14_sensor_ablation,joint_current_only,GripLost,7,153,131,1,0,0,0,0,1,0
14_sensor_ablation,joint_current_only,GripLost,7,154,132,1,0,0,0,0,1,0
14_sensor_ablation,joint_current_only,GripLost,7,155,133,1,0,0,0,0,1,0
14_sensor_ablation,joint_current_only,GripLost,7,156,134,1,0,0,0,0,1,0
14_sensor_ablation,joint_current_only,GripLost,7,157,135,1,0,0,0,0,1,0
14_sensor_ablation,joint_current_only,GripLost,7,159,137,1,0,0,0,1,0,1
14_sensor_ablation,joint_current_only,GripLost,7,160,138,1,1,1,1,1,0,0
14_sensor_ablation,joint_current_only,GripLost,7,161,139,1,0,0,0,0,1,0
14_sensor_ablation,joint_current_only,GripLost,7,162,140,1,0,0,0,0,1,0
14_sensor_ablation,joint_current_only,GripLost,7,163,141,1,0,0,0,1,0,1
14_sensor_ablation,joint_current_only,GripLost,7,164,142,1,1,1,1,1,0,0
14_sensor_ablation,joint_current_only,GripLost,7,165,143,1,0,0,0,0,1,0
14_sensor_ablation,joint_current_only,GripLost,7,166,144,1,0,0,0,0,1,0
14_sensor_ablation,joint_current_only,GripLost,7,167,145,1,0,0,0,0,1,0
14_sensor_ablation,joint_current_only,GripLost,7,168,146,1,0,0,0,0,1,0
14_sensor_ablation,joint_current_only,GripLost,7,169,147,1,0,1,0,0,1,0
14_sensor_ablation,joint_current_only,GripLost,7,170,148,1,0,0,0,1,0,1
14_sensor_ablation,joint_current_only,GripLost,7,171,149,1,0,1,0,0,1,0
14_sensor_ablation,joint_current_only,GripLost,7,172,150,1,0,0,0,0,1,0
14_sensor_ablation,joint_current_only,GripLost,7,173,151,1,1,1,1,1,0,0
14_sensor_ablation,joint_current_only,GripLost,7,174,152,1,1,1,1,1,0,0
14_sensor_ablation,joint_current_only,GripLost,7,175,153,1,0,0,0,1,0,1
14_sensor_ablation,joint_current_only,GripLost,8,176,154,1,0,0,0,0,1,0
14_sensor_ablation,joint_current_only,GripLost,8,177,155,1,0,0,0,0,1,0
14_sensor_ablation,joint_current_only,GripLost,8,178,156,1,0,0,0,0,1,0
14_sensor_ablation,joint_current_only,GripLost,8,179,157,1,0,0,0,0,1,0
14_sensor_ablation,joint_current_only,GripLost,8,180,158,1,1,1,1,1,0,0
14_sensor_ablation,joint_current_only,GripLost,8,181,159,1,0,0,0,0,1,0
14_sensor_ablation,joint_current_only,GripLost,8,182,160,1,0,0,0,1,0,1
14_sensor_ablation,joint_current_only,GripLost,8,183,161,1,0,0,0,1,0,1
14_sensor_ablation,joint_current_only,GripLost,8,184,162,1,0,0,0,0,1,0
14_sensor_ablation,joint_current_only,GripLost,8,185,163,1,0,0,0,1,0,1
14_sensor_ablation,joint_current_only,GripLost,8,199,176,1,0,0,0,0,1,0
14_sensor_ablation,joint_current_only,GripLost,8,200,177,1,1,1,1,1,0,0
14_sensor_ablation,joint_current_only,GripLost,9,201,178,1,0,0,0,1,0,1
14_sensor_ablation,joint_current_only,GripLost,9,202,179,1,1,1,1,1,0,0
14_sensor_ablation,joint_current_only,GripLost,9,203,180,1,0,0,0,0,1,0
14_sensor_ablation,joint_current_only,GripLost,9,204,181,1,0,1,0,1,0,1
14_sensor_ablation,joint_current_only,GripLost,9,205,182,1,0,0,0,0,1,0
14_sensor_ablation,joint_current_only,GripLost,9,206,183,1,0,0,0,1,0,1
14_sensor_ablation,joint_current_only,GripLost,9,207,184,1,0,0,0,0,1,0
14_sensor_ablation,joint_current_only,GripLost,9,208,185,1,1,1,1,1,0,0
14_sensor_ablation,joint_current_only,GripLost,9,209,186,1,0,0,0,0,1,0
14_sensor_ablation,joint_current_only,GripLost,9,210,187,1,0,1,0,1,0,1
14_sensor_ablation,joint_current_only,GripLost,9,211,188,1,0,0,0,0,1,0
14_sensor_ablation,joint_current_only,GripLost,9,212,189,1,0,0,0,1,0,1
14_sensor_ablation,joint_current_only,GripLost,9,213,190,1,0,0,0,0,1,0
14_sensor_ablation,joint_current_only,GripLost,9,214,191,1,1,1,1,1,0,0
14_sensor_ablation,joint_current_only,GripLost,9,215,192,1,0,1,0,1,0,1
14_sensor_ablation,joint_current_only,GripLost,9,216,193,1,1,1,1,1,0,0
14_sensor_ablation,joint_current_only,GripLost,9,217,194,1,0,0,0,1,0,1
14_sensor_ablation,joint_current_only,GripLost,9,218,195,1,0,0,0,1,0,1
14_sensor_ablation,joint_current_only,GripLost,9,219,196,1,1,1,1,1,0,0
14_sensor_ablation,joint_current_only,GripLost,9,220,197,1,0,0,0,1,0,1
14_sensor_ablation,joint_current_only,GripLost,9,221,198,1,1,1,1,1,0,0
14_sensor_ablation,joint_current_only,GripLost,9,222,199,1,0,1,0,1,0,1
14_sensor_ablation,joint_current_only,GripLost,9,223,200,1,0,0,0,1,0,1
14_sensor_ablation,joint_current_only,GripLost,9,224,201,1,0,0,0,1,0,1
14_sensor_ablation,joint_current_only,GripLost,9,225,202,1,0,0,0,1,0,1
14_sensor_ablation,joint_current_only,GripLost,9,224,210,2,0,0,0,1,0,1
14_sensor_ablation,joint_current_only,GripLost,10,226,203,1,0,0,0,1,0,1
14_sensor_ablation,joint_current_only,GripLost,10,227,204,1,0,0,0,1,0,1
14_sensor_ablation,joint_current_only,GripLost,10,229,205,1,0,1,0,1,0,1
14_sensor_ablation,joint_current_only,GripLost,10,230,206,1,0,0,0,1,0,1
14_sensor_ablation,joint_current_only,GripLost,10,231,207,1,0,1,0,1,0,1
14_sensor_ablation,joint_current_only,GripLost,10,232,208,1,0,0,0,0,1,0
14_sensor_ablation,joint_current_only,GripLost,10,233,209,1,0,0,0,1,0,1
14_sensor_ablation,joint_current_only,GripLost,10,230,216,2,0,0,0,1,0,1
14_sensor_ablation,joint_current_only,GripLost,10,231,217,2,0,0,0,1,0,1
14_sensor_ablation,joint_current_only,GripLost,10,232,218,2,1,1,1,1,0,0
14_sensor_ablation,joint_current_only,GripLost,10,233,219,2,1,1,1,1,0,0
14_sensor_ablation,joint_current_only,GripLost,10,234,220,1,1,1,0,1,0,0
14_sensor_ablation,joint_current_only,GripLost,10,235,221,1,0,1,0,1,0,1
14_sensor_ablation,joint_current_only,GripLost,10,236,222,1,0,0,0,0,1,0
14_sensor_ablation,joint_current_only,GripLost,10,237,223,1,1,1,1,1,0,0
14_sensor_ablation,joint_current_only,GripLost,10,238,224,1,0,0,0,0,1,0
14_sensor_ablation,joint_current_only,GripLost,10,239,225,1,0,1,0,1,0,1
14_sensor_ablation,joint_current_only,GripLost,10,240,226,1,0,1,0,1,0,1
14_sensor_ablation,joint_current_only,GripLost,10,241,227,1,0,1,0,0,1,0
14_sensor_ablation,joint_current_only,GripLost,10,242,228,1,0,0,0,1,0,1
14_sensor_ablation,joint_current_only,GripLost,10,243,229,1,0,0,0,0,1,0
14_sensor_ablation,joint_current_only,GripLost,10,245,230,1,0,0,0,0,1,0
14_sensor_ablation,joint_current_only,GripLost,10,246,231,1,0,1,0,1,0,1
14_sensor_ablation,joint_current_only,GripLost,10,247,232,1,1,1,0,1,0,0
14_sensor_ablation,joint_current_only,GripLost,10,248,233,1,0,0,0,0,1,0
14_sensor_ablation,joint_current_only,GripLost,10,249,234,1,0,1,0,1,0,1
14_sensor_ablation,joint_current_only,GripLost,10,250,235,1,1,1,1,1,0,0
14_sensor_ablation,speed_only,System_Failure,1,1,1,1,1,1,1,1,0,0
14_sensor_ablation,speed_only,System_Failure,1,2,2,1,1,1,1,1,0,0
14_sensor_ablation,speed_only,System_Failure,1,3,3,1,0,1,0,0,1,0
14_sensor_ablation,speed_only,System_Failure,1,4,4,1,0,0,0,0,1,0
14_sensor_ablation,speed_only,System_Failure,1,5,5,1,1,1,1,1,0,0
14_sensor_ablation,speed_only,System_Failure,1,6,6,1,1,1,1,1,0,0
14_sensor_ablation,speed_only,System_Failure,1,8,8,1,0,0,0,0,1,0
14_sensor_ablation,speed_only,System_Failure,1,9,9,1,0,0,0,0,1,0
14_sensor_ablation,speed_only,System_Failure,1,10,10,1,0,1,0,0,1,0
14_sensor_ablation,speed_only,System_Failure,1,11,11,1,0,0,0,0,1,0
14_sensor_ablation,speed_only,System_Failure,1,12,12,1,0,0,0,0,1,0
14_sensor_ablation,speed_only,System_Failure,1,13,13,1,0,1,0,0,1,0
14_sensor_ablation,speed_only,System_Failure,1,14,14,1,1,1,1,1,0,0
14_sensor_ablation,speed_only,System_Failure,1,15,15,1,1,1,1,1,0,0
14_sensor_ablation,speed_only,System_Failure,1,16,16,1,0,1,0,0,1,0
14_sensor_ablation,speed_only,System_Failure,1,17,17,1,0,1,0,0,1,0
14_sensor_ablation,speed_only,System_Failure,1,18,18,1,0,0,0,0,1,0
14_sensor_ablation,speed_only,System_Failure,1,19,19,1,0,0,0,0,1,0
14_sensor_ablation,speed_only,System_Failure,1,20,20,1,0,0,0,0,1,0
14_sensor_ablation,speed_only,System_Failure,1,21,21,1,0,0,0,0,1,0
14_sensor_ablation,speed_only,System_Failure,1,22,22,1,1,1,1,1,0,0
14_sensor_ablation,speed_only,System_Failure,1,23,23,1,0,0,0,0,1,0
14_sensor_ablation,speed_only,System_Failure,1,24,24,1,0,0,0,0,1,0
14_sensor_ablation,speed_only,System_Failure,1,25,25,1,0,0,0,0,1,0
14_sensor_ablation,speed_only,System_Failure,2,26,26,1,0,0,0,0,1,0
14_sensor_ablation,speed_only,System_Failure,2,27,27,1,0,0,0,0,1,0
14_sensor_ablation,speed_only,System_Failure,2,28,28,1,0,0,0,0,1,0
14_sensor_ablation,speed_only,System_Failure,2,29,29,1,0,0,0,0,1,0
14_sensor_ablation,speed_only,System_Failure,2,30,30,1,0,0,0,0,1,0
14_sensor_ablation,speed_only,System_Failure,2,31,31,1,0,0,0,0,1,0
14_sensor_ablation,speed_only,System_Failure,2,32,32,1,0,0,0,0,1,0
14_sensor_ablation,speed_only,System_Failure,2,33,33,1,0,1,0,0,1,0
14_sensor_ablation,speed_only,System_Failure,2,34,34,1,0,0,0,0,1,0
14_sensor_ablation,speed_only,System_Failure,2,35,35,1,1,1,1,1,0,0
14_sensor_ablation,speed_only,System_Failure,2,36,36,1,1,1,1,1,0,0
14_sensor_ablation,speed_only,System_Failure,2,37,37,1,0,0,0,0,1,0
14_sensor_ablation,speed_only,System_Failure,2,38,38,1,0,0,0,0,1,0
14_sensor_ablation,speed_only,System_Failure,2,39,39,1,1,1,1,1,0,0
14_sensor_ablation,speed_only,System_Failure,2,40,40,1,1,1,1,1,0,0
14_sensor_ablation,speed_only,System_Failure,2,41,41,1,0,0,0,0,1,0
14_sensor_ablation,speed_only,System_Failure,2,42,42,1,1,1,1,1,0,0
14_sensor_ablation,speed_only,System_Failure,2,43,43,1,0,0,0,0,1,0
14_sensor_ablation,speed_only,System_Failure,2,44,44,1,0,0,0,0,1,0
14_sensor_ablation,speed_only,System_Failure,2,45,45,1,0,1,0,0,1,0
14_sensor_ablation,speed_only,System_Failure,2,48,48,1,0,0,0,0,1,0
14_sensor_ablation,speed_only,System_Failure,2,49,49,1,0,1,0,0,1,0
14_sensor_ablation,speed_only,System_Failure,2,50,50,1,0,0,0,0,1,0
14_sensor_ablation,speed_only,System_Failure,3,51,51,1,0,0,0,0,1,0
14_sensor_ablation,speed_only,System_Failure,3,52,52,1,0,1,0,0,1,0
14_sensor_ablation,speed_only,System_Failure,3,53,53,1,1,1,1,1,0,0
14_sensor_ablation,speed_only,System_Failure,3,54,54,1,0,0,0,0,1,0
14_sensor_ablation,speed_only,System_Failure,3,55,55,1,0,0,0,0,1,0
14_sensor_ablation,speed_only,System_Failure,3,56,56,1,0,0,0,0,1,0
14_sensor_ablation,speed_only,System_Failure,3,57,57,1,0,1,0,0,1,0
14_sensor_ablation,speed_only,System_Failure,3,58,58,1,0,0,0,0,1,0
14_sensor_ablation,speed_only,System_Failure,3,59,59,1,0,0,0,0,1,0
14_sensor_ablation,speed_only,System_Failure,3,60,60,1,0,0,0,0,1,0
14_sensor_ablation,speed_only,System_Failure,3,61,61,1,0,0,0,0,1,0
14_sensor_ablation,speed_only,System_Failure,3,62,62,1,0,1,0,0,1,0
14_sensor_ablation,speed_only,System_Failure,3,63,63,1,1,1,1,1,0,0
14_sensor_ablation,speed_only,System_Failure,3,64,64,1,1,1,1,1,0,0
14_sensor_ablation,speed_only,System_Failure,3,65,65,1,1,1,1,1,0,0
14_sensor_ablation,speed_only,System_Failure,3,66,66,1,0,1,0,0,1,0
14_sensor_ablation,speed_only,System_Failure,3,67,67,1,1,1,1,1,0,0
14_sensor_ablation,speed_only,System_Failure,3,68,68,1,0,0,0,0,1,0
14_sensor_ablation,speed_only,System_Failure,3,69,69,1,1,1,1,1,0,0
14_sensor_ablation,speed_only,System_Failure,3,70,70,1,0,0,0,0,1,0
14_sensor_ablation,speed_only,System_Failure,3,71,71,1,0,1,0,0,1,0
14_sensor_ablation,speed_only,System_Failure,3,72,72,1,0,0,0,0,1,0
14_sensor_ablation,speed_only,System_Failure,3,73,73,1,0,1,0,0,1,0
14_sensor_ablation,speed_only,System_Failure,3,75,74,1,0,1,0,0,1,0
14_sensor_ablation,speed_only,System_Failure,4,76,75,1,1,0,0,1,0,0
14_sensor_ablation,speed_only,System_Failure,4,85,84,1,0,1,0,0,1,0
14_sensor_ablation,speed_only,System_Failure,4,86,85,1,1,1,1,1,0,0
14_sensor_ablation,speed_only,System_Failure,4,87,86,1,1,1,1,1,0,0
14_sensor_ablation,speed_only,System_Failure,4,88,87,1,0,0,0,0,1,0
14_sensor_ablation,speed_only,System_Failure,4,89,88,1,0,0,0,0,1,0
14_sensor_ablation,speed_only,System_Failure,4,90,89,1,0,0,0,0,1,0
14_sensor_ablation,speed_only,System_Failure,4,91,90,1,1,1,1,1,0,0
14_sensor_ablation,speed_only,System_Failure,4,92,91,1,1,1,1,1,0,0
14_sensor_ablation,speed_only,System_Failure,4,93,92,1,0,0,0,0,1,0
14_sensor_ablation,speed_only,System_Failure,4,94,93,1,0,0,0,0,1,0
14_sensor_ablation,speed_only,System_Failure,4,95,94,1,1,1,1,1,0,0
14_sensor_ablation,speed_only,System_Failure,4,96,95,1,1,1,1,1,0,0
14_sensor_ablation,speed_only,System_Failure,4,97,96,1,1,1,1,1,0,0
14_sensor_ablation,speed_only,System_Failure,4,98,97,1,0,0,0,0,1,0
14_sensor_ablation,speed_only,System_Failure,4,99,98,1,1,1,1,1,0,0
14_sensor_ablation,speed_only,System_Failure,4,100,99,1,0,1,0,0,1,0
14_sensor_ablation,speed_only,System_Failure,5,101,100,1,0,0,0,0,1,0
14_sensor_ablation,speed_only,System_Failure,5,102,101,1,0,0,0,0,1,0
14_sensor_ablation,speed_only,System_Failure,5,103,102,1,1,1,1,1,0,0
14_sensor_ablation,speed_only,System_Failure,5,104,103,1,0,0,0,0,1,0
14_sensor_ablation,speed_only,System_Failure,5,105,104,1,1,1,1,1,0,0
14_sensor_ablation,speed_only,System_Failure,5,106,105,1,0,0,0,0,1,0
14_sensor_ablation,speed_only,System_Failure,5,107,106,1,0,0,0,0,1,0
14_sensor_ablation,speed_only,System_Failure,5,108,107,1,1,1,1,1,0,0
14_sensor_ablation,speed_only,System_Failure,5,109,108,1,0,0,0,0,1,0
14_sensor_ablation,speed_only,System_Failure,5,110,109,1,0,1,0,0,1,0
14_sensor_ablation,speed_only,System_Failure,5,111,110,1,0,0,0,0,1,0
14_sensor_ablation,speed_only,System_Failure,5,112,111,1,0,0,0,0,1,0
14_sensor_ablation,speed_only,System_Failure,5,113,112,1,0,0,0,0,1,0
14_sensor_ablation,speed_only,System_Failure,5,114,113,1,0,0,0,0,1,0
14_sensor_ablation,speed_only,System_Failure,5,115,114,1,1,1,1,1,0,0
14_sensor_ablation,speed_only,System_Failure,5,116,115,1,0,0,0,0,1,0
14_sensor_ablation,speed_only,System_Failure,5,117,116,1,1,1,1,1,0,0
14_sensor_ablation,speed_only,System_Failure,5,118,117,1,1,1,1,1,0,0
14_sensor_ablation,speed_only,System_Failure,5,119,118,1,0,0,0,0,1,0
14_sensor_ablation,speed_only,System_Failure,5,120,119,1,0,1,0,0,1,0
14_sensor_ablation,speed_only,System_Failure,5,121,120,1,0,0,0,0,1,0
14_sensor_ablation,speed_only,System_Failure,5,122,121,1,0,0,0,0,1,0
14_sensor_ablation,speed_only,System_Failure,5,123,122,1,0,1,0,0,1,0
14_sensor_ablation,speed_only,System_Failure,5,124,123,1,0,0,0,0,1,0
14_sensor_ablation,speed_only,System_Failure,5,125,124,1,0,0,0,0,1,0
14_sensor_ablation,speed_only,System_Failure,7,151,129,1,0,0,0,0,1,0
14_sensor_ablation,speed_only,System_Failure,7,152,130,1,1,1,1,1,0,0
14_sensor_ablation,speed_only,System_Failure,7,153,131,1,0,0,0,0,1,0
14_sensor_ablation,speed_only,System_Failure,7,154,132,1,0,0,0,0,1,0
14_sensor_ablation,speed_only,System_Failure,7,155,133,1,0,1,0,0,1,0
14_sensor_ablation,speed_only,System_Failure,7,156,134,1,0,0,0,0,1,0
14_sensor_ablation,speed_only,System_Failure,7,157,135,1,0,0,0,0,1,0
14_sensor_ablation,speed_only,System_Failure,7,159,137,1,1,1,1,1,0,0
14_sensor_ablation,speed_only,System_Failure,7,160,138,1,1,1,1,1,0,0
14_sensor_ablation,speed_only,System_Failure,7,161,139,1,0,0,0,0,1,0
14_sensor_ablation,speed_only,System_Failure,7,162,140,1,0,0,0,0,1,0
14_sensor_ablation,speed_only,System_Failure,7,163,141,1,1,1,1,1,0,0
14_sensor_ablation,speed_only,System_Failure,7,164,142,1,1,1,1,1,0,0
14_sensor_ablation,speed_only,System_Failure,7,165,143,1,0,0,0,0,1,0
14_sensor_ablation,speed_only,System_Failure,7,166,144,1,0,0,0,0,1,0
14_sensor_ablation,speed_only,System_Failure,7,167,145,1,0,1,0,0,1,0
14_sensor_ablation,speed_only,System_Failure,7,168,146,1,0,1,0,0,1,0
14_sensor_ablation,speed_only,System_Failure,7,169,147,1,0,1,0,0,1,0
14_sensor_ablation,speed_only,System_Failure,7,170,148,1,1,1,1,1,0,0
14_sensor_ablation,speed_only,System_Failure,7,171,149,1,0,0,0,0,1,0
14_sensor_ablation,speed_only,System_Failure,7,172,150,1,0,0,0,0,1,0
14_sensor_ablation,speed_only,System_Failure,7,173,151,1,1,1,1,1,0,0
14_sensor_ablation,speed_only,System_Failure,7,174,152,1,1,1,1,1,0,0
14_sensor_ablation,speed_only,System_Failure,7,175,153,1,1,1,1,1,0,0
14_sensor_ablation,speed_only,System_Failure,8,176,154,1,0,0,0,0,1,0
14_sensor_ablation,speed_only,System_Failure,8,177,155,1,0,0,0,0,1,0
14_sensor_ablation,speed_only,System_Failure,8,178,156,1,0,1,0,0,1,0
14_sensor_ablation,speed_only,System_Failure,8,179,157,1,0,0,0,0,1,0
14_sensor_ablation,speed_only,System_Failure,8,180,158,1,1,1,1,1,0,0
14_sensor_ablation,speed_only,System_Failure,8,181,159,1,0,0,0,0,1,0
14_sensor_ablation,speed_only,System_Failure,8,182,160,1,1,1,1,1,0,0
14_sensor_ablation,speed_only,System_Failure,8,183,161,1,1,1,1,1,0,0
14_sensor_ablation,speed_only,System_Failure,8,184,162,1,0,0,0,0,1,0
14_sensor_ablation,speed_only,System_Failure,8,185,163,1,1,1,1,1,0,0
14_sensor_ablation,speed_only,System_Failure,8,199,176,1,0,0,0,0,1,0
14_sensor_ablation,speed_only,System_Failure,8,200,177,1,1,1,1,1,0,0
14_sensor_ablation,speed_only,System_Failure,9,201,178,1,1,1,1,1,0,0
14_sensor_ablation,speed_only,System_Failure,9,202,179,1,1,1,1,1,0,0
14_sensor_ablation,speed_only,System_Failure,9,203,180,1,0,0,0,0,1,0
14_sensor_ablation,speed_only,System_Failure,9,204,181,1,1,1,1,1,0,0
14_sensor_ablation,speed_only,System_Failure,9,205,182,1,0,0,0,0,1,0
14_sensor_ablation,speed_only,System_Failure,9,206,183,1,1,1,1,1,0,0
14_sensor_ablation,speed_only,System_Failure,9,207,184,1,0,0,0,0,1,0
14_sensor_ablation,speed_only,System_Failure,9,208,185,1,1,1,1,1,0,0
14_sensor_ablation,speed_only,System_Failure,9,209,186,1,0,0,0,0,1,0
14_sensor_ablation,speed_only,System_Failure,9,210,187,1,1,1,1,1,0,0
14_sensor_ablation,speed_only,System_Failure,9,211,188,1,0,0,0,0,1,0
14_sensor_ablation,speed_only,System_Failure,9,212,189,1,1,1,1,1,0,0
14_sensor_ablation,speed_only,System_Failure,9,213,190,1,0,0,0,0,1,0
14_sensor_ablation,speed_only,System_Failure,9,214,191,1,1,1,1,1,0,0
14_sensor_ablation,speed_only,System_Failure,9,215,192,1,1,1,1,1,0,0
14_sensor_ablation,speed_only,System_Failure,9,216,193,1,1,0,0,1,0,0
14_sensor_ablation,speed_only,System_Failure,9,217,194,1,1,1,1,1,0,0
14_sensor_ablation,speed_only,System_Failure,9,218,195,1,1,1,1,1,0,0
14_sensor_ablation,speed_only,System_Failure,9,219,196,1,1,1,1,1,0,0
14_sensor_ablation,speed_only,System_Failure,9,220,197,1,1,1,1,1,0,0
14_sensor_ablation,speed_only,System_Failure,9,221,198,1,1,1,1,1,0,0
14_sensor_ablation,speed_only,System_Failure,9,222,199,1,1,1,1,1,0,0
14_sensor_ablation,speed_only,System_Failure,9,223,200,1,1,1,1,1,0,0
14_sensor_ablation,speed_only,System_Failure,9,224,201,1,1,1,1,1,0,0
14_sensor_ablation,speed_only,System_Failure,9,225,202,1,1,1,1,1,0,0
14_sensor_ablation,speed_only,System_Failure,9,224,210,2,1,1,1,1,0,0
14_sensor_ablation,speed_only,System_Failure,10,226,203,1,1,1,1,1,0,0
14_sensor_ablation,speed_only,System_Failure,10,227,204,1,1,1,1,1,0,0
14_sensor_ablation,speed_only,System_Failure,10,229,205,1,1,1,1,1,0,0
14_sensor_ablation,speed_only,System_Failure,10,230,206,1,1,1,1,1,0,0
14_sensor_ablation,speed_only,System_Failure,10,231,207,1,1,1,1,1,0,0
14_sensor_ablation,speed_only,System_Failure,10,232,208,1,0,0,0,0,1,0
14_sensor_ablation,speed_only,System_Failure,10,233,209,1,1,1,1,1,0,0
14_sensor_ablation,speed_only,System_Failure,10,230,216,2,1,1,1,1,0,0
14_sensor_ablation,speed_only,System_Failure,10,231,217,2,1,1,1,1,0,0
14_sensor_ablation,speed_only,System_Failure,10,232,218,2,1,1,1,1,0,0
14_sensor_ablation,speed_only,System_Failure,10,233,219,2,1,1,1,1,0,0
14_sensor_ablation,speed_only,System_Failure,10,234,220,1,1,1,1,1,0,0
14_sensor_ablation,speed_only,System_Failure,10,235,221,1,1,1,1,1,0,0
14_sensor_ablation,speed_only,System_Failure,10,236,222,1,0,1,0,0,1,0
14_sensor_ablation,speed_only,System_Failure,10,237,223,1,1,1,1,1,0,0
14_sensor_ablation,speed_only,System_Failure,10,238,224,1,0,0,0,0,1,0
14_sensor_ablation,speed_only,System_Failure,10,239,225,1,1,1,1,1,0,0
14_sensor_ablation,speed_only,System_Failure,10,240,226,1,1,1,1,1,0,0
14_sensor_ablation,speed_only,System_Failure,10,241,227,1,0,0,0,0,1,0
14_sensor_ablation,speed_only,System_Failure,10,242,228,1,1,1,1,1,0,0
14_sensor_ablation,speed_only,System_Failure,10,243,229,1,0,1,0,0,1,0
14_sensor_ablation,speed_only,System_Failure,10,245,230,1,0,0,0,0,1,0
14_sensor_ablation,speed_only,System_Failure,10,246,231,1,1,1,1,1,0,0
14_sensor_ablation,speed_only,System_Failure,10,247,232,1,1,1,1,1,0,0
14_sensor_ablation,speed_only,System_Failure,10,248,233,1,0,0,0,0,1,0
14_sensor_ablation,speed_only,System_Failure,10,249,234,1,1,1,1,1,0,0
14_sensor_ablation,speed_only,System_Failure,10,250,235,1,1,1,1,1,0,0
14_sensor_ablation,speed_only,ProtectiveStop,1,1,1,1,1,1,1,1,0,0
14_sensor_ablation,speed_only,ProtectiveStop,1,2,2,1,0,1,0,1,0,1
14_sensor_ablation,speed_only,ProtectiveStop,1,3,3,1,0,1,0,0,1,0
14_sensor_ablation,speed_only,ProtectiveStop,1,4,4,1,0,0,0,0,1,0
14_sensor_ablation,speed_only,ProtectiveStop,1,5,5,1,0,1,0,1,0,1
14_sensor_ablation,speed_only,ProtectiveStop,1,6,6,1,0,1,0,1,0,1
14_sensor_ablation,speed_only,ProtectiveStop,1,8,8,1,0,0,0,0,1,0
14_sensor_ablation,speed_only,ProtectiveStop,1,9,9,1,0,0,0,0,1,0
14_sensor_ablation,speed_only,ProtectiveStop,1,10,10,1,0,0,0,0,1,0
14_sensor_ablation,speed_only,ProtectiveStop,1,11,11,1,0,0,0,0,1,0
14_sensor_ablation,speed_only,ProtectiveStop,1,12,12,1,0,0,0,0,1,0
14_sensor_ablation,speed_only,ProtectiveStop,1,13,13,1,0,0,0,0,1,0
14_sensor_ablation,speed_only,ProtectiveStop,1,14,14,1,0,0,0,1,0,1
14_sensor_ablation,speed_only,ProtectiveStop,1,15,15,1,0,0,0,1,0,1
14_sensor_ablation,speed_only,ProtectiveStop,1,16,16,1,0,1,0,0,1,0
14_sensor_ablation,speed_only,ProtectiveStop,1,17,17,1,0,1,0,0,1,0
14_sensor_ablation,speed_only,ProtectiveStop,1,18,18,1,0,0,0,0,1,0
14_sensor_ablation,speed_only,ProtectiveStop,1,19,19,1,0,0,0,0,1,0
14_sensor_ablation,speed_only,ProtectiveStop,1,20,20,1,0,0,0,0,1,0
14_sensor_ablation,speed_only,ProtectiveStop,1,21,21,1,0,0,0,0,1,0
14_sensor_ablation,speed_only,ProtectiveStop,1,22,22,1,1,1,1,1,0,0
14_sensor_ablation,speed_only,ProtectiveStop,1,23,23,1,0,0,0,0,1,0
14_sensor_ablation,speed_only,ProtectiveStop,1,24,24,1,0,0,0,0,1,0
14_sensor_ablation,speed_only,ProtectiveStop,1,25,25,1,0,0,0,0,1,0
14_sensor_ablation,speed_only,ProtectiveStop,2,26,26,1,0,0,0,0,1,0
14_sensor_ablation,speed_only,ProtectiveStop,2,27,27,1,0,0,0,0,1,0
14_sensor_ablation,speed_only,ProtectiveStop,2,28,28,1,0,0,0,0,1,0
14_sensor_ablation,speed_only,ProtectiveStop,2,29,29,1,0,0,0,0,1,0
14_sensor_ablation,speed_only,ProtectiveStop,2,30,30,1,0,0,0,0,1,0
14_sensor_ablation,speed_only,ProtectiveStop,2,31,31,1,0,0,0,0,1,0
14_sensor_ablation,speed_only,ProtectiveStop,2,32,32,1,0,0,0,0,1,0
14_sensor_ablation,speed_only,ProtectiveStop,2,33,33,1,0,0,0,0,1,0
14_sensor_ablation,speed_only,ProtectiveStop,2,34,34,1,0,0,0,0,1,0
14_sensor_ablation,speed_only,ProtectiveStop,2,35,35,1,1,1,1,1,0,0
14_sensor_ablation,speed_only,ProtectiveStop,2,36,36,1,0,1,0,1,0,1
14_sensor_ablation,speed_only,ProtectiveStop,2,37,37,1,0,0,0,0,1,0
14_sensor_ablation,speed_only,ProtectiveStop,2,38,38,1,0,0,0,0,1,0
14_sensor_ablation,speed_only,ProtectiveStop,2,39,39,1,0,0,0,1,0,1
14_sensor_ablation,speed_only,ProtectiveStop,2,40,40,1,0,1,0,1,0,1
14_sensor_ablation,speed_only,ProtectiveStop,2,41,41,1,0,0,0,0,1,0
14_sensor_ablation,speed_only,ProtectiveStop,2,42,42,1,1,1,1,1,0,0
14_sensor_ablation,speed_only,ProtectiveStop,2,43,43,1,0,0,0,0,1,0
14_sensor_ablation,speed_only,ProtectiveStop,2,44,44,1,0,0,0,0,1,0
14_sensor_ablation,speed_only,ProtectiveStop,2,45,45,1,0,1,0,0,1,0
14_sensor_ablation,speed_only,ProtectiveStop,2,48,48,1,0,0,0,0,1,0
14_sensor_ablation,speed_only,ProtectiveStop,2,49,49,1,0,0,0,0,1,0
14_sensor_ablation,speed_only,ProtectiveStop,2,50,50,1,0,0,0,0,1,0
14_sensor_ablation,speed_only,ProtectiveStop,3,51,51,1,0,0,0,0,1,0
14_sensor_ablation,speed_only,ProtectiveStop,3,52,52,1,0,0,0,0,1,0
14_sensor_ablation,speed_only,ProtectiveStop,3,53,53,1,1,1,1,1,0,0
14_sensor_ablation,speed_only,ProtectiveStop,3,54,54,1,0,0,0,0,1,0
14_sensor_ablation,speed_only,ProtectiveStop,3,55,55,1,0,0,0,0,1,0
14_sensor_ablation,speed_only,ProtectiveStop,3,56,56,1,0,0,0,0,1,0
14_sensor_ablation,speed_only,ProtectiveStop,3,57,57,1,0,0,0,0,1,0
14_sensor_ablation,speed_only,ProtectiveStop,3,58,58,1,0,0,0,0,1,0
14_sensor_ablation,speed_only,ProtectiveStop,3,59,59,1,0,0,0,0,1,0
14_sensor_ablation,speed_only,ProtectiveStop,3,60,60,1,0,0,0,0,1,0
14_sensor_ablation,speed_only,ProtectiveStop,3,61,61,1,0,0,0,0,1,0
14_sensor_ablation,speed_only,ProtectiveStop,3,62,62,1,0,1,0,0,1,0
14_sensor_ablation,speed_only,ProtectiveStop,3,63,63,1,1,1,1,1,0,0
14_sensor_ablation,speed_only,ProtectiveStop,3,64,64,1,0,1,0,1,0,1
14_sensor_ablation,speed_only,ProtectiveStop,3,65,65,1,0,0,0,1,0,1
14_sensor_ablation,speed_only,ProtectiveStop,3,66,66,1,0,1,0,0,1,0
14_sensor_ablation,speed_only,ProtectiveStop,3,67,67,1,0,0,0,1,0,1
14_sensor_ablation,speed_only,ProtectiveStop,3,68,68,1,0,0,0,0,1,0
14_sensor_ablation,speed_only,ProtectiveStop,3,69,69,1,1,1,1,1,0,0
14_sensor_ablation,speed_only,ProtectiveStop,3,70,70,1,0,0,0,0,1,0
14_sensor_ablation,speed_only,ProtectiveStop,3,71,71,1,0,1,0,0,1,0
14_sensor_ablation,speed_only,ProtectiveStop,3,72,72,1,0,0,0,0,1,0
14_sensor_ablation,speed_only,ProtectiveStop,3,73,73,1,0,0,0,0,1,0
14_sensor_ablation,speed_only,ProtectiveStop,3,75,74,1,0,0,0,0,1,0
14_sensor_ablation,speed_only,ProtectiveStop,4,76,75,1,0,0,0,1,0,1
14_sensor_ablation,speed_only,ProtectiveStop,4,85,84,1,0,1,0,0,1,0
14_sensor_ablation,speed_only,ProtectiveStop,4,86,85,1,1,1,1,1,0,0
14_sensor_ablation,speed_only,ProtectiveStop,4,87,86,1,1,1,1,1,0,0
14_sensor_ablation,speed_only,ProtectiveStop,4,88,87,1,0,0,0,0,1,0
14_sensor_ablation,speed_only,ProtectiveStop,4,89,88,1,0,0,0,0,1,0
14_sensor_ablation,speed_only,ProtectiveStop,4,90,89,1,0,0,0,0,1,0
14_sensor_ablation,speed_only,ProtectiveStop,4,91,90,1,0,0,0,1,0,1
14_sensor_ablation,speed_only,ProtectiveStop,4,92,91,1,0,0,0,1,0,1
14_sensor_ablation,speed_only,ProtectiveStop,4,93,92,1,0,0,0,0,1,0
14_sensor_ablation,speed_only,ProtectiveStop,4,94,93,1,0,0,0,0,1,0
14_sensor_ablation,speed_only,ProtectiveStop,4,95,94,1,0,0,0,1,0,1
14_sensor_ablation,speed_only,ProtectiveStop,4,96,95,1,0,0,0,1,0,1
14_sensor_ablation,speed_only,ProtectiveStop,4,97,96,1,0,0,0,1,0,1
14_sensor_ablation,speed_only,ProtectiveStop,4,98,97,1,0,1,0,0,1,0
14_sensor_ablation,speed_only,ProtectiveStop,4,99,98,1,1,1,1,1,0,0
14_sensor_ablation,speed_only,ProtectiveStop,4,100,99,1,0,0,0,0,1,0
14_sensor_ablation,speed_only,ProtectiveStop,5,101,100,1,0,0,0,0,1,0
14_sensor_ablation,speed_only,ProtectiveStop,5,102,101,1,0,0,0,0,1,0
14_sensor_ablation,speed_only,ProtectiveStop,5,103,102,1,1,1,1,1,0,0
14_sensor_ablation,speed_only,ProtectiveStop,5,104,103,1,0,0,0,0,1,0
14_sensor_ablation,speed_only,ProtectiveStop,5,105,104,1,0,0,0,1,0,1
14_sensor_ablation,speed_only,ProtectiveStop,5,106,105,1,0,0,0,0,1,0
14_sensor_ablation,speed_only,ProtectiveStop,5,107,106,1,0,0,0,0,1,0
14_sensor_ablation,speed_only,ProtectiveStop,5,108,107,1,1,1,1,1,0,0
14_sensor_ablation,speed_only,ProtectiveStop,5,109,108,1,0,0,0,0,1,0
14_sensor_ablation,speed_only,ProtectiveStop,5,110,109,1,0,0,0,0,1,0
14_sensor_ablation,speed_only,ProtectiveStop,5,111,110,1,0,0,0,0,1,0
14_sensor_ablation,speed_only,ProtectiveStop,5,112,111,1,0,0,0,0,1,0
14_sensor_ablation,speed_only,ProtectiveStop,5,113,112,1,0,0,0,0,1,0
14_sensor_ablation,speed_only,ProtectiveStop,5,114,113,1,0,0,0,0,1,0
14_sensor_ablation,speed_only,ProtectiveStop,5,115,114,1,1,1,1,1,0,0
14_sensor_ablation,speed_only,ProtectiveStop,5,116,115,1,0,0,0,0,1,0
14_sensor_ablation,speed_only,ProtectiveStop,5,117,116,1,1,1,1,1,0,0
14_sensor_ablation,speed_only,ProtectiveStop,5,118,117,1,1,1,1,1,0,0
14_sensor_ablation,speed_only,ProtectiveStop,5,119,118,1,0,0,0,0,1,0
14_sensor_ablation,speed_only,ProtectiveStop,5,120,119,1,0,0,0,0,1,0
14_sensor_ablation,speed_only,ProtectiveStop,5,121,120,1,0,0,0,0,1,0
14_sensor_ablation,speed_only,ProtectiveStop,5,122,121,1,0,0,0,0,1,0
14_sensor_ablation,speed_only,ProtectiveStop,5,123,122,1,0,1,0,0,1,0
14_sensor_ablation,speed_only,ProtectiveStop,5,124,123,1,0,0,0,0,1,0
14_sensor_ablation,speed_only,ProtectiveStop,5,125,124,1,0,0,0,0,1,0
14_sensor_ablation,speed_only,ProtectiveStop,7,151,129,1,0,0,0,0,1,0
14_sensor_ablation,speed_only,ProtectiveStop,7,152,130,1,1,1,1,1,0,0
14_sensor_ablation,speed_only,ProtectiveStop,7,153,131,1,0,0,0,0,1,0
14_sensor_ablation,speed_only,ProtectiveStop,7,154,132,1,0,0,0,0,1,0
14_sensor_ablation,speed_only,ProtectiveStop,7,155,133,1,0,0,0,0,1,0
14_sensor_ablation,speed_only,ProtectiveStop,7,156,134,1,0,0,0,0,1,0
14_sensor_ablation,speed_only,ProtectiveStop,7,157,135,1,0,0,0,0,1,0
14_sensor_ablation,speed_only,ProtectiveStop,7,159,137,1,1,1,1,1,0,0
14_sensor_ablation,speed_only,ProtectiveStop,7,160,138,1,0,0,0,1,0,1
14_sensor_ablation,speed_only,ProtectiveStop,7,161,139,1,0,0,0,0,1,0
14_sensor_ablation,speed_only,ProtectiveStop,7,162,140,1,0,0,0,0,1,0
14_sensor_ablation,speed_only,ProtectiveStop,7,163,141,1,1,1,1,1,0,0
14_sensor_ablation,speed_only,ProtectiveStop,7,164,142,1,1,1,1,1,0,0
14_sensor_ablation,speed_only,ProtectiveStop,7,165,143,1,0,0,0,0,1,0
14_sensor_ablation,speed_only,ProtectiveStop,7,166,144,1,0,0,0,0,1,0
14_sensor_ablation,speed_only,ProtectiveStop,7,167,145,1,0,0,0,0,1,0
14_sensor_ablation,speed_only,ProtectiveStop,7,168,146,1,0,0,0,0,1,0
14_sensor_ablation,speed_only,ProtectiveStop,7,169,147,1,0,0,0,0,1,0
14_sensor_ablation,speed_only,ProtectiveStop,7,170,148,1,1,1,1,1,0,0
14_sensor_ablation,speed_only,ProtectiveStop,7,171,149,1,0,0,0,0,1,0
14_sensor_ablation,speed_only,ProtectiveStop,7,172,150,1,0,0,0,0,1,0
14_sensor_ablation,speed_only,ProtectiveStop,7,173,151,1,1,1,1,1,0,0
14_sensor_ablation,speed_only,ProtectiveStop,7,174,152,1,1,1,1,1,0,0
14_sensor_ablation,speed_only,ProtectiveStop,7,175,153,1,1,1,1,1,0,0
14_sensor_ablation,speed_only,ProtectiveStop,8,176,154,1,0,0,0,0,1,0
14_sensor_ablation,speed_only,ProtectiveStop,8,177,155,1,0,0,0,0,1,0
14_sensor_ablation,speed_only,ProtectiveStop,8,178,156,1,0,0,0,0,1,0
14_sensor_ablation,speed_only,ProtectiveStop,8,179,157,1,0,0,0,0,1,0
14_sensor_ablation,speed_only,ProtectiveStop,8,180,158,1,0,0,0,1,0,1
14_sensor_ablation,speed_only,ProtectiveStop,8,181,159,1,0,0,0,0,1,0
14_sensor_ablation,speed_only,ProtectiveStop,8,182,160,1,1,1,1,1,0,0
14_sensor_ablation,speed_only,ProtectiveStop,8,183,161,1,1,1,1,1,0,0
14_sensor_ablation,speed_only,ProtectiveStop,8,184,162,1,0,0,0,0,1,0
14_sensor_ablation,speed_only,ProtectiveStop,8,185,163,1,1,1,1,1,0,0
14_sensor_ablation,speed_only,ProtectiveStop,8,199,176,1,0,0,0,0,1,0
14_sensor_ablation,speed_only,ProtectiveStop,8,200,177,1,0,0,0,1,0,1
14_sensor_ablation,speed_only,ProtectiveStop,9,201,178,1,1,1,1,1,0,0
14_sensor_ablation,speed_only,ProtectiveStop,9,202,179,1,0,0,0,1,0,1
14_sensor_ablation,speed_only,ProtectiveStop,9,203,180,1,0,0,0,0,1,0
14_sensor_ablation,speed_only,ProtectiveStop,9,204,181,1,1,1,1,1,0,0
14_sensor_ablation,speed_only,ProtectiveStop,9,205,182,1,0,0,0,0,1,0
14_sensor_ablation,speed_only,ProtectiveStop,9,206,183,1,1,1,1,1,0,0
14_sensor_ablation,speed_only,ProtectiveStop,9,207,184,1,0,0,0,0,1,0
14_sensor_ablation,speed_only,ProtectiveStop,9,208,185,1,0,0,0,1,0,1
14_sensor_ablation,speed_only,ProtectiveStop,9,209,186,1,0,0,0,0,1,0
14_sensor_ablation,speed_only,ProtectiveStop,9,210,187,1,1,1,1,1,0,0
14_sensor_ablation,speed_only,ProtectiveStop,9,211,188,1,0,0,0,0,1,0
14_sensor_ablation,speed_only,ProtectiveStop,9,212,189,1,1,1,1,1,0,0
14_sensor_ablation,speed_only,ProtectiveStop,9,213,190,1,0,0,0,0,1,0
14_sensor_ablation,speed_only,ProtectiveStop,9,214,191,1,1,1,1,1,0,0
14_sensor_ablation,speed_only,ProtectiveStop,9,215,192,1,1,1,1,1,0,0
14_sensor_ablation,speed_only,ProtectiveStop,9,216,193,1,0,0,0,1,0,1
14_sensor_ablation,speed_only,ProtectiveStop,9,217,194,1,1,0,0,1,0,0
14_sensor_ablation,speed_only,ProtectiveStop,9,218,195,1,1,1,1,1,0,0
14_sensor_ablation,speed_only,ProtectiveStop,9,219,196,1,1,1,1,1,0,0
14_sensor_ablation,speed_only,ProtectiveStop,9,220,197,1,1,1,1,1,0,0
14_sensor_ablation,speed_only,ProtectiveStop,9,221,198,1,1,1,1,1,0,0
14_sensor_ablation,speed_only,ProtectiveStop,9,222,199,1,1,1,1,1,0,0
14_sensor_ablation,speed_only,ProtectiveStop,9,223,200,1,1,1,1,1,0,0
14_sensor_ablation,speed_only,ProtectiveStop,9,224,201,1,1,1,1,1,0,0
14_sensor_ablation,speed_only,ProtectiveStop,9,225,202,1,1,1,1,1,0,0
14_sensor_ablation,speed_only,ProtectiveStop,9,224,210,2,1,1,1,1,0,0
14_sensor_ablation,speed_only,ProtectiveStop,10,226,203,1,1,1,1,1,0,0
14_sensor_ablation,speed_only,ProtectiveStop,10,227,204,1,1,1,1,1,0,0
14_sensor_ablation,speed_only,ProtectiveStop,10,229,205,1,1,1,1,1,0,0
14_sensor_ablation,speed_only,ProtectiveStop,10,230,206,1,1,1,1,1,0,0
14_sensor_ablation,speed_only,ProtectiveStop,10,231,207,1,1,1,1,1,0,0
14_sensor_ablation,speed_only,ProtectiveStop,10,232,208,1,0,0,0,0,1,0
14_sensor_ablation,speed_only,ProtectiveStop,10,233,209,1,1,1,1,1,0,0
14_sensor_ablation,speed_only,ProtectiveStop,10,230,216,2,1,1,1,1,0,0
14_sensor_ablation,speed_only,ProtectiveStop,10,231,217,2,1,1,1,1,0,0
14_sensor_ablation,speed_only,ProtectiveStop,10,232,218,2,1,1,1,1,0,0
14_sensor_ablation,speed_only,ProtectiveStop,10,233,219,2,0,1,0,1,0,1
14_sensor_ablation,speed_only,ProtectiveStop,10,234,220,1,1,1,1,1,0,0
14_sensor_ablation,speed_only,ProtectiveStop,10,235,221,1,1,1,1,1,0,0
14_sensor_ablation,speed_only,ProtectiveStop,10,236,222,1,0,0,0,0,1,0
14_sensor_ablation,speed_only,ProtectiveStop,10,237,223,1,1,1,1,1,0,0
14_sensor_ablation,speed_only,ProtectiveStop,10,238,224,1,0,0,0,0,1,0
14_sensor_ablation,speed_only,ProtectiveStop,10,239,225,1,1,1,1,1,0,0
14_sensor_ablation,speed_only,ProtectiveStop,10,240,226,1,1,1,1,1,0,0
14_sensor_ablation,speed_only,ProtectiveStop,10,241,227,1,0,0,0,0,1,0
14_sensor_ablation,speed_only,ProtectiveStop,10,242,228,1,1,1,1,1,0,0
14_sensor_ablation,speed_only,ProtectiveStop,10,243,229,1,0,0,0,0,1,0
14_sensor_ablation,speed_only,ProtectiveStop,10,245,230,1,0,0,0,0,1,0
14_sensor_ablation,speed_only,ProtectiveStop,10,246,231,1,1,1,1,1,0,0
14_sensor_ablation,speed_only,ProtectiveStop,10,247,232,1,1,1,1,1,0,0
14_sensor_ablation,speed_only,ProtectiveStop,10,248,233,1,0,0,0,0,1,0
14_sensor_ablation,speed_only,ProtectiveStop,10,249,234,1,1,1,1,1,0,0
14_sensor_ablation,speed_only,ProtectiveStop,10,250,235,1,1,1,1,1,0,0
14_sensor_ablation,speed_only,GripLost,1,1,1,1,0,1,0,1,0,1
14_sensor_ablation,speed_only,GripLost,1,2,2,1,1,1,1,1,0,0
14_sensor_ablation,speed_only,GripLost,1,3,3,1,0,1,0,0,1,0
14_sensor_ablation,speed_only,GripLost,1,4,4,1,0,0,0,0,1,0
14_sensor_ablation,speed_only,GripLost,1,5,5,1,1,1,1,1,0,0
14_sensor_ablation,speed_only,GripLost,1,6,6,1,1,1,1,1,0,0
14_sensor_ablation,speed_only,GripLost,1,8,8,1,0,0,0,0,1,0
14_sensor_ablation,speed_only,GripLost,1,9,9,1,0,0,0,0,1,0
14_sensor_ablation,speed_only,GripLost,1,10,10,1,0,1,0,0,1,0
14_sensor_ablation,speed_only,GripLost,1,11,11,1,0,0,0,0,1,0
14_sensor_ablation,speed_only,GripLost,1,12,12,1,0,0,0,0,1,0
14_sensor_ablation,speed_only,GripLost,1,13,13,1,0,1,0,0,1,0
14_sensor_ablation,speed_only,GripLost,1,14,14,1,1,1,1,1,0,0
14_sensor_ablation,speed_only,GripLost,1,15,15,1,1,1,1,1,0,0
14_sensor_ablation,speed_only,GripLost,1,16,16,1,0,1,0,0,1,0
14_sensor_ablation,speed_only,GripLost,1,17,17,1,0,0,0,0,1,0
14_sensor_ablation,speed_only,GripLost,1,18,18,1,0,0,0,0,1,0
14_sensor_ablation,speed_only,GripLost,1,19,19,1,0,0,0,0,1,0
14_sensor_ablation,speed_only,GripLost,1,20,20,1,0,0,0,0,1,0
14_sensor_ablation,speed_only,GripLost,1,21,21,1,0,1,0,0,1,0
14_sensor_ablation,speed_only,GripLost,1,22,22,1,0,0,0,1,0,1
14_sensor_ablation,speed_only,GripLost,1,23,23,1,0,0,0,0,1,0
14_sensor_ablation,speed_only,GripLost,1,24,24,1,0,0,0,0,1,0
14_sensor_ablation,speed_only,GripLost,1,25,25,1,0,0,0,0,1,0
14_sensor_ablation,speed_only,GripLost,2,26,26,1,0,0,0,0,1,0
14_sensor_ablation,speed_only,GripLost,2,27,27,1,0,0,0,0,1,0
14_sensor_ablation,speed_only,GripLost,2,28,28,1,0,0,0,0,1,0
14_sensor_ablation,speed_only,GripLost,2,29,29,1,0,0,0,0,1,0
14_sensor_ablation,speed_only,GripLost,2,30,30,1,0,0,0,0,1,0
14_sensor_ablation,speed_only,GripLost,2,31,31,1,0,0,0,0,1,0
14_sensor_ablation,speed_only,GripLost,2,32,32,1,0,0,0,0,1,0
14_sensor_ablation,speed_only,GripLost,2,33,33,1,0,1,0,0,1,0
14_sensor_ablation,speed_only,GripLost,2,34,34,1,0,0,0,0,1,0
14_sensor_ablation,speed_only,GripLost,2,35,35,1,0,1,0,1,0,1
14_sensor_ablation,speed_only,GripLost,2,36,36,1,1,1,1,1,0,0
14_sensor_ablation,speed_only,GripLost,2,37,37,1,0,0,0,0,1,0
14_sensor_ablation,speed_only,GripLost,2,38,38,1,0,0,0,0,1,0
14_sensor_ablation,speed_only,GripLost,2,39,39,1,1,1,1,1,0,0
14_sensor_ablation,speed_only,GripLost,2,40,40,1,1,1,1,1,0,0
14_sensor_ablation,speed_only,GripLost,2,41,41,1,0,1,0,0,1,0
14_sensor_ablation,speed_only,GripLost,2,42,42,1,0,1,0,1,0,1
14_sensor_ablation,speed_only,GripLost,2,43,43,1,0,0,0,0,1,0
14_sensor_ablation,speed_only,GripLost,2,44,44,1,0,0,0,0,1,0
14_sensor_ablation,speed_only,GripLost,2,45,45,1,0,0,0,0,1,0
14_sensor_ablation,speed_only,GripLost,2,48,48,1,0,0,0,0,1,0
14_sensor_ablation,speed_only,GripLost,2,49,49,1,0,0,0,0,1,0
14_sensor_ablation,speed_only,GripLost,2,50,50,1,0,0,0,0,1,0
14_sensor_ablation,speed_only,GripLost,3,51,51,1,0,0,0,0,1,0
14_sensor_ablation,speed_only,GripLost,3,52,52,1,0,1,0,0,1,0
14_sensor_ablation,speed_only,GripLost,3,53,53,1,0,1,0,1,0,1
14_sensor_ablation,speed_only,GripLost,3,54,54,1,0,0,0,0,1,0
14_sensor_ablation,speed_only,GripLost,3,55,55,1,0,0,0,0,1,0
14_sensor_ablation,speed_only,GripLost,3,56,56,1,0,0,0,0,1,0
14_sensor_ablation,speed_only,GripLost,3,57,57,1,0,1,0,0,1,0
14_sensor_ablation,speed_only,GripLost,3,58,58,1,0,0,0,0,1,0
14_sensor_ablation,speed_only,GripLost,3,59,59,1,0,0,0,0,1,0
14_sensor_ablation,speed_only,GripLost,3,60,60,1,0,0,0,0,1,0
14_sensor_ablation,speed_only,GripLost,3,61,61,1,0,0,0,0,1,0
14_sensor_ablation,speed_only,GripLost,3,62,62,1,0,0,0,0,1,0
14_sensor_ablation,speed_only,GripLost,3,63,63,1,1,1,1,1,0,0
14_sensor_ablation,speed_only,GripLost,3,64,64,1,1,1,1,1,0,0
14_sensor_ablation,speed_only,GripLost,3,65,65,1,1,1,1,1,0,0
14_sensor_ablation,speed_only,GripLost,3,66,66,1,0,1,0,0,1,0
14_sensor_ablation,speed_only,GripLost,3,67,67,1,1,1,1,1,0,0
14_sensor_ablation,speed_only,GripLost,3,68,68,1,0,1,0,0,1,0
14_sensor_ablation,speed_only,GripLost,3,69,69,1,1,1,1,1,0,0
14_sensor_ablation,speed_only,GripLost,3,70,70,1,0,0,0,0,1,0
14_sensor_ablation,speed_only,GripLost,3,71,71,1,0,0,0,0,1,0
14_sensor_ablation,speed_only,GripLost,3,72,72,1,0,1,0,0,1,0
14_sensor_ablation,speed_only,GripLost,3,73,73,1,0,1,0,0,1,0
14_sensor_ablation,speed_only,GripLost,3,75,74,1,0,1,0,0,1,0
14_sensor_ablation,speed_only,GripLost,4,76,75,1,1,0,0,1,0,0
14_sensor_ablation,speed_only,GripLost,4,85,84,1,0,1,0,0,1,0
14_sensor_ablation,speed_only,GripLost,4,86,85,1,1,1,1,1,0,0
14_sensor_ablation,speed_only,GripLost,4,87,86,1,0,1,0,1,0,1
14_sensor_ablation,speed_only,GripLost,4,88,87,1,0,0,0,0,1,0
14_sensor_ablation,speed_only,GripLost,4,89,88,1,0,0,0,0,1,0
14_sensor_ablation,speed_only,GripLost,4,90,89,1,0,1,0,0,1,0
14_sensor_ablation,speed_only,GripLost,4,91,90,1,1,1,1,1,0,0
14_sensor_ablation,speed_only,GripLost,4,92,91,1,1,1,1,1,0,0
14_sensor_ablation,speed_only,GripLost,4,93,92,1,0,0,0,0,1,0
14_sensor_ablation,speed_only,GripLost,4,94,93,1,0,0,0,0,1,0
14_sensor_ablation,speed_only,GripLost,4,95,94,1,1,1,1,1,0,0
14_sensor_ablation,speed_only,GripLost,4,96,95,1,1,1,1,1,0,0
14_sensor_ablation,speed_only,GripLost,4,97,96,1,1,1,1,1,0,0
14_sensor_ablation,speed_only,GripLost,4,98,97,1,0,0,0,0,1,0
14_sensor_ablation,speed_only,GripLost,4,99,98,1,0,1,0,1,0,1
14_sensor_ablation,speed_only,GripLost,4,100,99,1,0,1,0,0,1,0
14_sensor_ablation,speed_only,GripLost,5,101,100,1,0,0,0,0,1,0
14_sensor_ablation,speed_only,GripLost,5,102,101,1,0,0,0,0,1,0
14_sensor_ablation,speed_only,GripLost,5,103,102,1,0,0,0,1,0,1
14_sensor_ablation,speed_only,GripLost,5,104,103,1,0,0,0,0,1,0
14_sensor_ablation,speed_only,GripLost,5,105,104,1,1,1,1,1,0,0
14_sensor_ablation,speed_only,GripLost,5,106,105,1,0,0,0,0,1,0
14_sensor_ablation,speed_only,GripLost,5,107,106,1,0,0,0,0,1,0
14_sensor_ablation,speed_only,GripLost,5,108,107,1,0,0,0,1,0,1
14_sensor_ablation,speed_only,GripLost,5,109,108,1,0,0,0,0,1,0
14_sensor_ablation,speed_only,GripLost,5,110,109,1,0,0,0,0,1,0
14_sensor_ablation,speed_only,GripLost,5,111,110,1,0,1,0,0,1,0
14_sensor_ablation,speed_only,GripLost,5,112,111,1,0,0,0,0,1,0
14_sensor_ablation,speed_only,GripLost,5,113,112,1,0,0,0,0,1,0
14_sensor_ablation,speed_only,GripLost,5,114,113,1,0,0,0,0,1,0
14_sensor_ablation,speed_only,GripLost,5,115,114,1,0,1,0,1,0,1
14_sensor_ablation,speed_only,GripLost,5,116,115,1,0,0,0,0,1,0
14_sensor_ablation,speed_only,GripLost,5,117,116,1,0,0,0,1,0,1
14_sensor_ablation,speed_only,GripLost,5,118,117,1,0,0,0,1,0,1
14_sensor_ablation,speed_only,GripLost,5,119,118,1,0,0,0,0,1,0
14_sensor_ablation,speed_only,GripLost,5,120,119,1,0,1,0,0,1,0
14_sensor_ablation,speed_only,GripLost,5,121,120,1,0,0,0,0,1,0
14_sensor_ablation,speed_only,GripLost,5,122,121,1,0,0,0,0,1,0
14_sensor_ablation,speed_only,GripLost,5,123,122,1,0,0,0,0,1,0
14_sensor_ablation,speed_only,GripLost,5,124,123,1,0,0,0,0,1,0
14_sensor_ablation,speed_only,GripLost,5,125,124,1,0,0,0,0,1,0
14_sensor_ablation,speed_only,GripLost,7,151,129,1,0,0,0,0,1,0
14_sensor_ablation,speed_only,GripLost,7,152,130,1,0,0,0,1,0,1
14_sensor_ablation,speed_only,GripLost,7,153,131,1,0,0,0,0,1,0
14_sensor_ablation,speed_only,GripLost,7,154,132,1,0,0,0,0,1,0
14_sensor_ablation,speed_only,GripLost,7,155,133,1,0,1,0,0,1,0
14_sensor_ablation,speed_only,GripLost,7,156,134,1,0,0,0,0,1,0
14_sensor_ablation,speed_only,GripLost,7,157,135,1,0,0,0,0,1,0
14_sensor_ablation,speed_only,GripLost,7,159,137,1,0,0,0,1,0,1
14_sensor_ablation,speed_only,GripLost,7,160,138,1,1,1,1,1,0,0
14_sensor_ablation,speed_only,GripLost,7,161,139,1,0,0,0,0,1,0
14_sensor_ablation,speed_only,GripLost,7,162,140,1,0,0,0,0,1,0
14_sensor_ablation,speed_only,GripLost,7,163,141,1,0,1,0,1,0,1
14_sensor_ablation,speed_only,GripLost,7,164,142,1,1,1,1,1,0,0
14_sensor_ablation,speed_only,GripLost,7,165,143,1,0,0,0,0,1,0
14_sensor_ablation,speed_only,GripLost,7,166,144,1,0,0,0,0,1,0
14_sensor_ablation,speed_only,GripLost,7,167,145,1,0,1,0,0,1,0
14_sensor_ablation,speed_only,GripLost,7,168,146,1,0,1,0,0,1,0
14_sensor_ablation,speed_only,GripLost,7,169,147,1,0,1,0,0,1,0
14_sensor_ablation,speed_only,GripLost,7,170,148,1,0,1,0,1,0,1
14_sensor_ablation,speed_only,GripLost,7,171,149,1,0,0,0,0,1,0
14_sensor_ablation,speed_only,GripLost,7,172,150,1,0,0,0,0,1,0
14_sensor_ablation,speed_only,GripLost,7,173,151,1,1,1,1,1,0,0
14_sensor_ablation,speed_only,GripLost,7,174,152,1,1,1,1,1,0,0
14_sensor_ablation,speed_only,GripLost,7,175,153,1,0,1,0,1,0,1
14_sensor_ablation,speed_only,GripLost,8,176,154,1,0,0,0,0,1,0
14_sensor_ablation,speed_only,GripLost,8,177,155,1,0,0,0,0,1,0
14_sensor_ablation,speed_only,GripLost,8,178,156,1,0,1,0,0,1,0
14_sensor_ablation,speed_only,GripLost,8,179,157,1,0,1,0,0,1,0
14_sensor_ablation,speed_only,GripLost,8,180,158,1,1,1,1,1,0,0
14_sensor_ablation,speed_only,GripLost,8,181,159,1,0,0,0,0,1,0
14_sensor_ablation,speed_only,GripLost,8,182,160,1,0,0,0,1,0,1
14_sensor_ablation,speed_only,GripLost,8,183,161,1,0,1,0,1,0,1
14_sensor_ablation,speed_only,GripLost,8,184,162,1,0,0,0,0,1,0
14_sensor_ablation,speed_only,GripLost,8,185,163,1,0,0,0,1,0,1
14_sensor_ablation,speed_only,GripLost,8,199,176,1,0,0,0,0,1,0
14_sensor_ablation,speed_only,GripLost,8,200,177,1,1,1,1,1,0,0
14_sensor_ablation,speed_only,GripLost,9,201,178,1,0,0,0,1,0,1
14_sensor_ablation,speed_only,GripLost,9,202,179,1,1,1,1,1,0,0
14_sensor_ablation,speed_only,GripLost,9,203,180,1,0,0,0,0,1,0
14_sensor_ablation,speed_only,GripLost,9,204,181,1,0,1,0,1,0,1
14_sensor_ablation,speed_only,GripLost,9,205,182,1,0,1,0,0,1,0
14_sensor_ablation,speed_only,GripLost,9,206,183,1,0,0,0,1,0,1
14_sensor_ablation,speed_only,GripLost,9,207,184,1,0,0,0,0,1,0
14_sensor_ablation,speed_only,GripLost,9,208,185,1,1,1,1,1,0,0
14_sensor_ablation,speed_only,GripLost,9,209,186,1,0,0,0,0,1,0
14_sensor_ablation,speed_only,GripLost,9,210,187,1,0,1,0,1,0,1
14_sensor_ablation,speed_only,GripLost,9,211,188,1,0,0,0,0,1,0
14_sensor_ablation,speed_only,GripLost,9,212,189,1,0,0,0,1,0,1
14_sensor_ablation,speed_only,GripLost,9,213,190,1,0,0,0,0,1,0
14_sensor_ablation,speed_only,GripLost,9,214,191,1,1,1,1,1,0,0
14_sensor_ablation,speed_only,GripLost,9,215,192,1,0,1,0,1,0,1
14_sensor_ablation,speed_only,GripLost,9,216,193,1,1,1,1,1,0,0
14_sensor_ablation,speed_only,GripLost,9,217,194,1,0,0,0,1,0,1
14_sensor_ablation,speed_only,GripLost,9,218,195,1,0,0,0,1,0,1
14_sensor_ablation,speed_only,GripLost,9,219,196,1,1,1,1,1,0,0
14_sensor_ablation,speed_only,GripLost,9,220,197,1,0,0,0,1,0,1
14_sensor_ablation,speed_only,GripLost,9,221,198,1,1,1,1,1,0,0
14_sensor_ablation,speed_only,GripLost,9,222,199,1,0,0,0,1,0,1
14_sensor_ablation,speed_only,GripLost,9,223,200,1,0,0,0,1,0,1
14_sensor_ablation,speed_only,GripLost,9,224,201,1,0,1,0,1,0,1
14_sensor_ablation,speed_only,GripLost,9,225,202,1,0,0,0,1,0,1
14_sensor_ablation,speed_only,GripLost,9,224,210,2,0,0,0,1,0,1
14_sensor_ablation,speed_only,GripLost,10,226,203,1,0,0,0,1,0,1
14_sensor_ablation,speed_only,GripLost,10,227,204,1,0,1,0,1,0,1
14_sensor_ablation,speed_only,GripLost,10,229,205,1,0,0,0,1,0,1
14_sensor_ablation,speed_only,GripLost,10,230,206,1,0,0,0,1,0,1
14_sensor_ablation,speed_only,GripLost,10,231,207,1,0,1,0,1,0,1
14_sensor_ablation,speed_only,GripLost,10,232,208,1,0,0,0,0,1,0
14_sensor_ablation,speed_only,GripLost,10,233,209,1,0,0,0,1,0,1
14_sensor_ablation,speed_only,GripLost,10,230,216,2,0,0,0,1,0,1
14_sensor_ablation,speed_only,GripLost,10,231,217,2,0,0,0,1,0,1
14_sensor_ablation,speed_only,GripLost,10,232,218,2,1,1,1,1,0,0
14_sensor_ablation,speed_only,GripLost,10,233,219,2,1,1,1,1,0,0
14_sensor_ablation,speed_only,GripLost,10,234,220,1,1,1,0,1,0,0
14_sensor_ablation,speed_only,GripLost,10,235,221,1,0,0,0,1,0,1
14_sensor_ablation,speed_only,GripLost,10,236,222,1,0,1,0,0,1,0
14_sensor_ablation,speed_only,GripLost,10,237,223,1,1,1,1,1,0,0
14_sensor_ablation,speed_only,GripLost,10,238,224,1,0,0,0,0,1,0
14_sensor_ablation,speed_only,GripLost,10,239,225,1,0,1,0,1,0,1
14_sensor_ablation,speed_only,GripLost,10,240,226,1,0,1,0,1,0,1
14_sensor_ablation,speed_only,GripLost,10,241,227,1,0,0,0,0,1,0
14_sensor_ablation,speed_only,GripLost,10,242,228,1,0,1,0,1,0,1
14_sensor_ablation,speed_only,GripLost,10,243,229,1,0,0,0,0,1,0
14_sensor_ablation,speed_only,GripLost,10,245,230,1,0,0,0,0,1,0
14_sensor_ablation,speed_only,GripLost,10,246,231,1,0,1,0,1,0,1
14_sensor_ablation,speed_only,GripLost,10,247,232,1,1,1,0,1,0,0
14_sensor_ablation,speed_only,GripLost,10,248,233,1,0,0,0,0,1,0
14_sensor_ablation,speed_only,GripLost,10,249,234,1,0,1,0,1,0,1
14_sensor_ablation,speed_only,GripLost,10,250,235,1,1,1,1,1,0,0
14_sensor_ablation,temperature_only,System_Failure,1,1,1,1,1,0,0,1,0,0
14_sensor_ablation,temperature_only,System_Failure,1,2,2,1,1,0,0,1,0,0
14_sensor_ablation,temperature_only,System_Failure,1,3,3,1,0,0,0,0,1,0
14_sensor_ablation,temperature_only,System_Failure,1,4,4,1,0,0,0,0,1,0
14_sensor_ablation,temperature_only,System_Failure,1,5,5,1,1,0,0,1,0,0
14_sensor_ablation,temperature_only,System_Failure,1,6,6,1,1,0,0,1,0,0
14_sensor_ablation,temperature_only,System_Failure,1,8,8,1,0,0,0,0,1,0
14_sensor_ablation,temperature_only,System_Failure,1,9,9,1,0,0,0,0,1,0
14_sensor_ablation,temperature_only,System_Failure,1,10,10,1,0,0,0,0,1,0
14_sensor_ablation,temperature_only,System_Failure,1,11,11,1,0,0,0,0,1,0
14_sensor_ablation,temperature_only,System_Failure,1,12,12,1,0,0,0,0,1,0
14_sensor_ablation,temperature_only,System_Failure,1,13,13,1,0,0,0,0,1,0
14_sensor_ablation,temperature_only,System_Failure,1,14,14,1,1,0,0,1,0,0
14_sensor_ablation,temperature_only,System_Failure,1,15,15,1,1,0,0,1,0,0
14_sensor_ablation,temperature_only,System_Failure,1,16,16,1,0,0,0,0,1,0
14_sensor_ablation,temperature_only,System_Failure,1,17,17,1,0,0,0,0,1,0
14_sensor_ablation,temperature_only,System_Failure,1,18,18,1,0,0,0,0,1,0
14_sensor_ablation,temperature_only,System_Failure,1,19,19,1,0,0,0,0,1,0
14_sensor_ablation,temperature_only,System_Failure,1,20,20,1,0,0,0,0,1,0
14_sensor_ablation,temperature_only,System_Failure,1,21,21,1,0,0,0,0,1,0
14_sensor_ablation,temperature_only,System_Failure,1,22,22,1,1,0,0,1,0,0
14_sensor_ablation,temperature_only,System_Failure,1,23,23,1,0,0,0,0,1,0
14_sensor_ablation,temperature_only,System_Failure,1,24,24,1,0,0,0,0,1,0
14_sensor_ablation,temperature_only,System_Failure,1,25,25,1,0,0,0,0,1,0
14_sensor_ablation,temperature_only,System_Failure,2,26,26,1,0,0,0,0,1,0
14_sensor_ablation,temperature_only,System_Failure,2,27,27,1,0,0,0,0,1,0
14_sensor_ablation,temperature_only,System_Failure,2,28,28,1,0,0,0,0,1,0
14_sensor_ablation,temperature_only,System_Failure,2,29,29,1,0,0,0,0,1,0
14_sensor_ablation,temperature_only,System_Failure,2,30,30,1,0,0,0,0,1,0
14_sensor_ablation,temperature_only,System_Failure,2,31,31,1,0,0,0,0,1,0
14_sensor_ablation,temperature_only,System_Failure,2,32,32,1,0,0,0,0,1,0
14_sensor_ablation,temperature_only,System_Failure,2,33,33,1,0,0,0,0,1,0
14_sensor_ablation,temperature_only,System_Failure,2,34,34,1,0,0,0,0,1,0
14_sensor_ablation,temperature_only,System_Failure,2,35,35,1,1,0,0,1,0,0
14_sensor_ablation,temperature_only,System_Failure,2,36,36,1,1,0,0,1,0,0
14_sensor_ablation,temperature_only,System_Failure,2,37,37,1,0,0,0,0,1,0
14_sensor_ablation,temperature_only,System_Failure,2,38,38,1,0,0,0,0,1,0
14_sensor_ablation,temperature_only,System_Failure,2,39,39,1,1,0,0,1,0,0
14_sensor_ablation,temperature_only,System_Failure,2,40,40,1,1,0,0,1,0,0
14_sensor_ablation,temperature_only,System_Failure,2,41,41,1,0,0,0,0,1,0
14_sensor_ablation,temperature_only,System_Failure,2,42,42,1,1,0,0,1,0,0
14_sensor_ablation,temperature_only,System_Failure,2,43,43,1,0,0,0,0,1,0
14_sensor_ablation,temperature_only,System_Failure,2,44,44,1,0,0,0,0,1,0
14_sensor_ablation,temperature_only,System_Failure,2,45,45,1,0,0,0,0,1,0
14_sensor_ablation,temperature_only,System_Failure,2,48,48,1,0,0,0,0,1,0
14_sensor_ablation,temperature_only,System_Failure,2,49,49,1,0,0,0,0,1,0
14_sensor_ablation,temperature_only,System_Failure,2,50,50,1,0,0,0,0,1,0
14_sensor_ablation,temperature_only,System_Failure,3,51,51,1,0,0,0,0,1,0
14_sensor_ablation,temperature_only,System_Failure,3,52,52,1,0,0,0,0,1,0
14_sensor_ablation,temperature_only,System_Failure,3,53,53,1,1,0,0,1,0,0
14_sensor_ablation,temperature_only,System_Failure,3,54,54,1,0,0,0,0,1,0
14_sensor_ablation,temperature_only,System_Failure,3,55,55,1,0,0,0,0,1,0
14_sensor_ablation,temperature_only,System_Failure,3,56,56,1,0,0,0,0,1,0
14_sensor_ablation,temperature_only,System_Failure,3,57,57,1,0,0,0,0,1,0
14_sensor_ablation,temperature_only,System_Failure,3,58,58,1,0,0,0,0,1,0
14_sensor_ablation,temperature_only,System_Failure,3,59,59,1,0,0,0,0,1,0
14_sensor_ablation,temperature_only,System_Failure,3,60,60,1,0,0,0,0,1,0
14_sensor_ablation,temperature_only,System_Failure,3,61,61,1,0,0,0,0,1,0
14_sensor_ablation,temperature_only,System_Failure,3,62,62,1,0,0,0,0,1,0
14_sensor_ablation,temperature_only,System_Failure,3,63,63,1,1,0,0,1,0,0
14_sensor_ablation,temperature_only,System_Failure,3,64,64,1,1,0,0,1,0,0
14_sensor_ablation,temperature_only,System_Failure,3,65,65,1,1,0,0,1,0,0
14_sensor_ablation,temperature_only,System_Failure,3,66,66,1,0,0,0,0,1,0
14_sensor_ablation,temperature_only,System_Failure,3,67,67,1,1,0,0,1,0,0
14_sensor_ablation,temperature_only,System_Failure,3,68,68,1,0,0,0,0,1,0
14_sensor_ablation,temperature_only,System_Failure,3,69,69,1,1,0,0,1,0,0
14_sensor_ablation,temperature_only,System_Failure,3,70,70,1,0,0,0,0,1,0
14_sensor_ablation,temperature_only,System_Failure,3,71,71,1,0,0,0,0,1,0
14_sensor_ablation,temperature_only,System_Failure,3,72,72,1,0,0,0,0,1,0
14_sensor_ablation,temperature_only,System_Failure,3,73,73,1,0,0,0,0,1,0
14_sensor_ablation,temperature_only,System_Failure,3,75,74,1,0,0,0,0,1,0
14_sensor_ablation,temperature_only,System_Failure,4,76,75,1,1,0,0,1,0,0
14_sensor_ablation,temperature_only,System_Failure,4,85,84,1,0,0,0,0,1,0
14_sensor_ablation,temperature_only,System_Failure,4,86,85,1,1,0,0,1,0,0
14_sensor_ablation,temperature_only,System_Failure,4,87,86,1,1,0,0,1,0,0
14_sensor_ablation,temperature_only,System_Failure,4,88,87,1,0,0,0,0,1,0
14_sensor_ablation,temperature_only,System_Failure,4,89,88,1,0,0,0,0,1,0
14_sensor_ablation,temperature_only,System_Failure,4,90,89,1,0,0,0,0,1,0
14_sensor_ablation,temperature_only,System_Failure,4,91,90,1,1,0,0,1,0,0
14_sensor_ablation,temperature_only,System_Failure,4,92,91,1,1,0,0,1,0,0
14_sensor_ablation,temperature_only,System_Failure,4,93,92,1,0,0,0,0,1,0
14_sensor_ablation,temperature_only,System_Failure,4,94,93,1,0,0,0,0,1,0
14_sensor_ablation,temperature_only,System_Failure,4,95,94,1,1,0,0,1,0,0
14_sensor_ablation,temperature_only,System_Failure,4,96,95,1,1,0,0,1,0,0
14_sensor_ablation,temperature_only,System_Failure,4,97,96,1,1,0,0,1,0,0
14_sensor_ablation,temperature_only,System_Failure,4,98,97,1,0,0,0,0,1,0
14_sensor_ablation,temperature_only,System_Failure,4,99,98,1,1,0,0,1,0,0
14_sensor_ablation,temperature_only,System_Failure,4,100,99,1,0,0,0,0,1,0
14_sensor_ablation,temperature_only,System_Failure,5,101,100,1,0,0,0,0,1,0
14_sensor_ablation,temperature_only,System_Failure,5,102,101,1,0,0,0,0,1,0
14_sensor_ablation,temperature_only,System_Failure,5,103,102,1,1,0,0,1,0,0
14_sensor_ablation,temperature_only,System_Failure,5,104,103,1,0,0,0,0,1,0
14_sensor_ablation,temperature_only,System_Failure,5,105,104,1,1,0,0,1,0,0
14_sensor_ablation,temperature_only,System_Failure,5,106,105,1,0,0,0,0,1,0
14_sensor_ablation,temperature_only,System_Failure,5,107,106,1,0,0,0,0,1,0
14_sensor_ablation,temperature_only,System_Failure,5,108,107,1,1,0,0,1,0,0
14_sensor_ablation,temperature_only,System_Failure,5,109,108,1,0,0,0,0,1,0
14_sensor_ablation,temperature_only,System_Failure,5,110,109,1,0,0,0,0,1,0
14_sensor_ablation,temperature_only,System_Failure,5,111,110,1,0,0,0,0,1,0
14_sensor_ablation,temperature_only,System_Failure,5,112,111,1,0,0,0,0,1,0
14_sensor_ablation,temperature_only,System_Failure,5,113,112,1,0,0,0,0,1,0
14_sensor_ablation,temperature_only,System_Failure,5,114,113,1,0,0,0,0,1,0
14_sensor_ablation,temperature_only,System_Failure,5,115,114,1,1,1,0,1,0,0
14_sensor_ablation,temperature_only,System_Failure,5,116,115,1,0,0,0,0,1,0
14_sensor_ablation,temperature_only,System_Failure,5,117,116,1,1,0,0,1,0,0
14_sensor_ablation,temperature_only,System_Failure,5,118,117,1,1,0,0,1,0,0
14_sensor_ablation,temperature_only,System_Failure,5,119,118,1,0,0,0,0,1,0
14_sensor_ablation,temperature_only,System_Failure,5,120,119,1,0,0,0,0,1,0
14_sensor_ablation,temperature_only,System_Failure,5,121,120,1,0,0,0,0,1,0
14_sensor_ablation,temperature_only,System_Failure,5,122,121,1,0,0,0,0,1,0
14_sensor_ablation,temperature_only,System_Failure,5,123,122,1,0,0,0,0,1,0
14_sensor_ablation,temperature_only,System_Failure,5,124,123,1,0,0,0,0,1,0
14_sensor_ablation,temperature_only,System_Failure,5,125,124,1,0,0,0,0,1,0
14_sensor_ablation,temperature_only,System_Failure,7,151,129,1,0,0,0,0,1,0
14_sensor_ablation,temperature_only,System_Failure,7,152,130,1,1,0,0,1,0,0
14_sensor_ablation,temperature_only,System_Failure,7,153,131,1,0,0,0,0,1,0
14_sensor_ablation,temperature_only,System_Failure,7,154,132,1,0,0,0,0,1,0
14_sensor_ablation,temperature_only,System_Failure,7,155,133,1,0,0,0,0,1,0
14_sensor_ablation,temperature_only,System_Failure,7,156,134,1,0,0,0,0,1,0
14_sensor_ablation,temperature_only,System_Failure,7,157,135,1,0,0,0,0,1,0
14_sensor_ablation,temperature_only,System_Failure,7,159,137,1,1,0,0,1,0,0
14_sensor_ablation,temperature_only,System_Failure,7,160,138,1,1,0,0,1,0,0
14_sensor_ablation,temperature_only,System_Failure,7,161,139,1,0,0,0,0,1,0
14_sensor_ablation,temperature_only,System_Failure,7,162,140,1,0,0,0,0,1,0
14_sensor_ablation,temperature_only,System_Failure,7,163,141,1,1,0,0,1,0,0
14_sensor_ablation,temperature_only,System_Failure,7,164,142,1,1,0,0,1,0,0
14_sensor_ablation,temperature_only,System_Failure,7,165,143,1,0,0,0,0,1,0
14_sensor_ablation,temperature_only,System_Failure,7,166,144,1,0,0,0,0,1,0
14_sensor_ablation,temperature_only,System_Failure,7,167,145,1,0,0,0,0,1,0
14_sensor_ablation,temperature_only,System_Failure,7,168,146,1,0,0,0,0,1,0
14_sensor_ablation,temperature_only,System_Failure,7,169,147,1,0,0,0,0,1,0
14_sensor_ablation,temperature_only,System_Failure,7,170,148,1,1,0,0,1,0,0
14_sensor_ablation,temperature_only,System_Failure,7,171,149,1,0,0,0,0,1,0
14_sensor_ablation,temperature_only,System_Failure,7,172,150,1,0,0,0,0,1,0
14_sensor_ablation,temperature_only,System_Failure,7,173,151,1,1,0,0,1,0,0
14_sensor_ablation,temperature_only,System_Failure,7,174,152,1,1,0,0,1,0,0
14_sensor_ablation,temperature_only,System_Failure,7,175,153,1,1,0,0,1,0,0
14_sensor_ablation,temperature_only,System_Failure,8,176,154,1,0,0,0,0,1,0
14_sensor_ablation,temperature_only,System_Failure,8,177,155,1,0,0,0,0,1,0
14_sensor_ablation,temperature_only,System_Failure,8,178,156,1,0,1,0,0,1,0
14_sensor_ablation,temperature_only,System_Failure,8,179,157,1,0,1,0,0,1,0
14_sensor_ablation,temperature_only,System_Failure,8,180,158,1,1,0,0,1,0,0
14_sensor_ablation,temperature_only,System_Failure,8,181,159,1,0,1,0,0,1,0
14_sensor_ablation,temperature_only,System_Failure,8,182,160,1,1,1,1,1,0,0
14_sensor_ablation,temperature_only,System_Failure,8,183,161,1,1,0,0,1,0,0
14_sensor_ablation,temperature_only,System_Failure,8,184,162,1,0,0,0,0,1,0
14_sensor_ablation,temperature_only,System_Failure,8,185,163,1,1,0,0,1,0,0
14_sensor_ablation,temperature_only,System_Failure,8,199,176,1,0,0,0,0,1,0
14_sensor_ablation,temperature_only,System_Failure,8,200,177,1,1,0,0,1,0,0
14_sensor_ablation,temperature_only,System_Failure,9,201,178,1,1,1,1,1,0,0
14_sensor_ablation,temperature_only,System_Failure,9,202,179,1,1,1,1,1,0,0
14_sensor_ablation,temperature_only,System_Failure,9,203,180,1,0,1,0,0,1,0
14_sensor_ablation,temperature_only,System_Failure,9,204,181,1,1,1,1,1,0,0
14_sensor_ablation,temperature_only,System_Failure,9,205,182,1,0,0,0,0,1,0
14_sensor_ablation,temperature_only,System_Failure,9,206,183,1,1,1,1,1,0,0
14_sensor_ablation,temperature_only,System_Failure,9,207,184,1,0,1,0,0,1,0
14_sensor_ablation,temperature_only,System_Failure,9,208,185,1,1,1,1,1,0,0
14_sensor_ablation,temperature_only,System_Failure,9,209,186,1,0,1,0,0,1,0
14_sensor_ablation,temperature_only,System_Failure,9,210,187,1,1,1,1,1,0,0
14_sensor_ablation,temperature_only,System_Failure,9,211,188,1,0,1,0,0,1,0
14_sensor_ablation,temperature_only,System_Failure,9,212,189,1,1,1,1,1,0,0
14_sensor_ablation,temperature_only,System_Failure,9,213,190,1,0,1,0,0,1,0
14_sensor_ablation,temperature_only,System_Failure,9,214,191,1,1,1,1,1,0,0
14_sensor_ablation,temperature_only,System_Failure,9,215,192,1,1,1,1,1,0,0
14_sensor_ablation,temperature_only,System_Failure,9,216,193,1,1,1,1,1,0,0
14_sensor_ablation,temperature_only,System_Failure,9,217,194,1,1,1,0,1,0,0
14_sensor_ablation,temperature_only,System_Failure,9,218,195,1,1,1,0,1,0,0
14_sensor_ablation,temperature_only,System_Failure,9,219,196,1,1,1,1,1,0,0
14_sensor_ablation,temperature_only,System_Failure,9,220,197,1,1,1,1,1,0,0
14_sensor_ablation,temperature_only,System_Failure,9,221,198,1,1,1,1,1,0,0
14_sensor_ablation,temperature_only,System_Failure,9,222,199,1,1,1,1,1,0,0
14_sensor_ablation,temperature_only,System_Failure,9,223,200,1,1,1,1,1,0,0
14_sensor_ablation,temperature_only,System_Failure,9,224,201,1,1,1,1,1,0,0
14_sensor_ablation,temperature_only,System_Failure,9,225,202,1,1,1,1,1,0,0
14_sensor_ablation,temperature_only,System_Failure,9,224,210,2,1,1,0,1,0,0
14_sensor_ablation,temperature_only,System_Failure,10,226,203,1,1,0,0,1,0,0
14_sensor_ablation,temperature_only,System_Failure,10,227,204,1,1,0,0,1,0,0
14_sensor_ablation,temperature_only,System_Failure,10,229,205,1,1,0,0,1,0,0
14_sensor_ablation,temperature_only,System_Failure,10,230,206,1,1,0,0,1,0,0
14_sensor_ablation,temperature_only,System_Failure,10,231,207,1,1,1,0,1,0,0
14_sensor_ablation,temperature_only,System_Failure,10,232,208,1,0,0,0,0,1,0
14_sensor_ablation,temperature_only,System_Failure,10,233,209,1,1,1,1,1,0,0
14_sensor_ablation,temperature_only,System_Failure,10,230,216,2,1,1,0,1,0,0
14_sensor_ablation,temperature_only,System_Failure,10,231,217,2,1,1,1,1,0,0
14_sensor_ablation,temperature_only,System_Failure,10,232,218,2,1,1,1,1,0,0
14_sensor_ablation,temperature_only,System_Failure,10,233,219,2,1,0,0,1,0,0
14_sensor_ablation,temperature_only,System_Failure,10,234,220,1,1,0,0,1,0,0
14_sensor_ablation,temperature_only,System_Failure,10,235,221,1,1,1,1,1,0,0
14_sensor_ablation,temperature_only,System_Failure,10,236,222,1,0,1,0,0,1,0
14_sensor_ablation,temperature_only,System_Failure,10,237,223,1,1,0,0,1,0,0
14_sensor_ablation,temperature_only,System_Failure,10,238,224,1,0,0,0,0,1,0
14_sensor_ablation,temperature_only,System_Failure,10,239,225,1,1,0,0,1,0,0
14_sensor_ablation,temperature_only,System_Failure,10,240,226,1,1,1,0,1,0,0
14_sensor_ablation,temperature_only,System_Failure,10,241,227,1,0,0,0,0,1,0
14_sensor_ablation,temperature_only,System_Failure,10,242,228,1,1,0,0,1,0,0
14_sensor_ablation,temperature_only,System_Failure,10,243,229,1,0,0,0,0,1,0
14_sensor_ablation,temperature_only,System_Failure,10,245,230,1,0,0,0,0,1,0
14_sensor_ablation,temperature_only,System_Failure,10,246,231,1,1,0,0,1,0,0
14_sensor_ablation,temperature_only,System_Failure,10,247,232,1,1,0,0,1,0,0
14_sensor_ablation,temperature_only,System_Failure,10,248,233,1,0,0,0,0,1,0
14_sensor_ablation,temperature_only,System_Failure,10,249,234,1,1,0,0,1,0,0
14_sensor_ablation,temperature_only,System_Failure,10,250,235,1,1,0,0,1,0,0
14_sensor_ablation,temperature_only,ProtectiveStop,1,1,1,1,1,0,0,1,0,0
14_sensor_ablation,temperature_only,ProtectiveStop,1,2,2,1,0,0,0,1,0,1
14_sensor_ablation,temperature_only,ProtectiveStop,1,3,3,1,0,0,0,0,1,0
14_sensor_ablation,temperature_only,ProtectiveStop,1,4,4,1,0,0,0,0,1,0
14_sensor_ablation,temperature_only,ProtectiveStop,1,5,5,1,0,0,0,1,0,1
14_sensor_ablation,temperature_only,ProtectiveStop,1,6,6,1,0,0,0,1,0,1
14_sensor_ablation,temperature_only,ProtectiveStop,1,8,8,1,0,0,0,0,1,0
14_sensor_ablation,temperature_only,ProtectiveStop,1,9,9,1,0,0,0,0,1,0
14_sensor_ablation,temperature_only,ProtectiveStop,1,10,10,1,0,0,0,0,1,0
14_sensor_ablation,temperature_only,ProtectiveStop,1,11,11,1,0,0,0,0,1,0
14_sensor_ablation,temperature_only,ProtectiveStop,1,12,12,1,0,0,0,0,1,0
14_sensor_ablation,temperature_only,ProtectiveStop,1,13,13,1,0,0,0,0,1,0
14_sensor_ablation,temperature_only,ProtectiveStop,1,14,14,1,0,0,0,1,0,1
14_sensor_ablation,temperature_only,ProtectiveStop,1,15,15,1,0,0,0,1,0,1
14_sensor_ablation,temperature_only,ProtectiveStop,1,16,16,1,0,0,0,0,1,0
14_sensor_ablation,temperature_only,ProtectiveStop,1,17,17,1,0,0,0,0,1,0
14_sensor_ablation,temperature_only,ProtectiveStop,1,18,18,1,0,0,0,0,1,0
14_sensor_ablation,temperature_only,ProtectiveStop,1,19,19,1,0,0,0,0,1,0
14_sensor_ablation,temperature_only,ProtectiveStop,1,20,20,1,0,0,0,0,1,0
14_sensor_ablation,temperature_only,ProtectiveStop,1,21,21,1,0,0,0,0,1,0
14_sensor_ablation,temperature_only,ProtectiveStop,1,22,22,1,1,0,0,1,0,0
14_sensor_ablation,temperature_only,ProtectiveStop,1,23,23,1,0,0,0,0,1,0
14_sensor_ablation,temperature_only,ProtectiveStop,1,24,24,1,0,0,0,0,1,0
14_sensor_ablation,temperature_only,ProtectiveStop,1,25,25,1,0,0,0,0,1,0
14_sensor_ablation,temperature_only,ProtectiveStop,2,26,26,1,0,0,0,0,1,0
14_sensor_ablation,temperature_only,ProtectiveStop,2,27,27,1,0,0,0,0,1,0
14_sensor_ablation,temperature_only,ProtectiveStop,2,28,28,1,0,0,0,0,1,0
14_sensor_ablation,temperature_only,ProtectiveStop,2,29,29,1,0,0,0,0,1,0
14_sensor_ablation,temperature_only,ProtectiveStop,2,30,30,1,0,0,0,0,1,0
14_sensor_ablation,temperature_only,ProtectiveStop,2,31,31,1,0,0,0,0,1,0
14_sensor_ablation,temperature_only,ProtectiveStop,2,32,32,1,0,0,0,0,1,0
14_sensor_ablation,temperature_only,ProtectiveStop,2,33,33,1,0,0,0,0,1,0
14_sensor_ablation,temperature_only,ProtectiveStop,2,34,34,1,0,0,0,0,1,0
14_sensor_ablation,temperature_only,ProtectiveStop,2,35,35,1,1,0,0,1,0,0
14_sensor_ablation,temperature_only,ProtectiveStop,2,36,36,1,0,0,0,1,0,1
14_sensor_ablation,temperature_only,ProtectiveStop,2,37,37,1,0,0,0,0,1,0
14_sensor_ablation,temperature_only,ProtectiveStop,2,38,38,1,0,0,0,0,1,0
14_sensor_ablation,temperature_only,ProtectiveStop,2,39,39,1,0,0,0,1,0,1
14_sensor_ablation,temperature_only,ProtectiveStop,2,40,40,1,0,0,0,1,0,1
14_sensor_ablation,temperature_only,ProtectiveStop,2,41,41,1,0,0,0,0,1,0
14_sensor_ablation,temperature_only,ProtectiveStop,2,42,42,1,1,0,0,1,0,0
14_sensor_ablation,temperature_only,ProtectiveStop,2,43,43,1,0,0,0,0,1,0
14_sensor_ablation,temperature_only,ProtectiveStop,2,44,44,1,0,0,0,0,1,0
14_sensor_ablation,temperature_only,ProtectiveStop,2,45,45,1,0,0,0,0,1,0
14_sensor_ablation,temperature_only,ProtectiveStop,2,48,48,1,0,0,0,0,1,0
14_sensor_ablation,temperature_only,ProtectiveStop,2,49,49,1,0,0,0,0,1,0
14_sensor_ablation,temperature_only,ProtectiveStop,2,50,50,1,0,0,0,0,1,0
14_sensor_ablation,temperature_only,ProtectiveStop,3,51,51,1,0,0,0,0,1,0
14_sensor_ablation,temperature_only,ProtectiveStop,3,52,52,1,0,0,0,0,1,0
14_sensor_ablation,temperature_only,ProtectiveStop,3,53,53,1,1,0,0,1,0,0
14_sensor_ablation,temperature_only,ProtectiveStop,3,54,54,1,0,0,0,0,1,0
14_sensor_ablation,temperature_only,ProtectiveStop,3,55,55,1,0,0,0,0,1,0
14_sensor_ablation,temperature_only,ProtectiveStop,3,56,56,1,0,0,0,0,1,0
14_sensor_ablation,temperature_only,ProtectiveStop,3,57,57,1,0,0,0,0,1,0
14_sensor_ablation,temperature_only,ProtectiveStop,3,58,58,1,0,0,0,0,1,0
14_sensor_ablation,temperature_only,ProtectiveStop,3,59,59,1,0,0,0,0,1,0
14_sensor_ablation,temperature_only,ProtectiveStop,3,60,60,1,0,0,0,0,1,0
14_sensor_ablation,temperature_only,ProtectiveStop,3,61,61,1,0,0,0,0,1,0
14_sensor_ablation,temperature_only,ProtectiveStop,3,62,62,1,0,0,0,0,1,0
14_sensor_ablation,temperature_only,ProtectiveStop,3,63,63,1,1,0,0,1,0,0
14_sensor_ablation,temperature_only,ProtectiveStop,3,64,64,1,0,0,0,1,0,1
14_sensor_ablation,temperature_only,ProtectiveStop,3,65,65,1,0,0,0,1,0,1
14_sensor_ablation,temperature_only,ProtectiveStop,3,66,66,1,0,0,0,0,1,0
14_sensor_ablation,temperature_only,ProtectiveStop,3,67,67,1,0,0,0,1,0,1
14_sensor_ablation,temperature_only,ProtectiveStop,3,68,68,1,0,0,0,0,1,0
14_sensor_ablation,temperature_only,ProtectiveStop,3,69,69,1,1,0,0,1,0,0
14_sensor_ablation,temperature_only,ProtectiveStop,3,70,70,1,0,0,0,0,1,0
14_sensor_ablation,temperature_only,ProtectiveStop,3,71,71,1,0,0,0,0,1,0
14_sensor_ablation,temperature_only,ProtectiveStop,3,72,72,1,0,0,0,0,1,0
14_sensor_ablation,temperature_only,ProtectiveStop,3,73,73,1,0,0,0,0,1,0
14_sensor_ablation,temperature_only,ProtectiveStop,3,75,74,1,0,0,0,0,1,0
14_sensor_ablation,temperature_only,ProtectiveStop,4,76,75,1,0,0,0,1,0,1
14_sensor_ablation,temperature_only,ProtectiveStop,4,85,84,1,0,0,0,0,1,0
14_sensor_ablation,temperature_only,ProtectiveStop,4,86,85,1,1,0,0,1,0,0
14_sensor_ablation,temperature_only,ProtectiveStop,4,87,86,1,1,0,0,1,0,0
14_sensor_ablation,temperature_only,ProtectiveStop,4,88,87,1,0,0,0,0,1,0
14_sensor_ablation,temperature_only,ProtectiveStop,4,89,88,1,0,0,0,0,1,0
14_sensor_ablation,temperature_only,ProtectiveStop,4,90,89,1,0,0,0,0,1,0
14_sensor_ablation,temperature_only,ProtectiveStop,4,91,90,1,0,0,0,1,0,1
14_sensor_ablation,temperature_only,ProtectiveStop,4,92,91,1,0,0,0,1,0,1
14_sensor_ablation,temperature_only,ProtectiveStop,4,93,92,1,0,0,0,0,1,0
14_sensor_ablation,temperature_only,ProtectiveStop,4,94,93,1,0,0,0,0,1,0
14_sensor_ablation,temperature_only,ProtectiveStop,4,95,94,1,0,0,0,1,0,1
14_sensor_ablation,temperature_only,ProtectiveStop,4,96,95,1,0,0,0,1,0,1
14_sensor_ablation,temperature_only,ProtectiveStop,4,97,96,1,0,0,0,1,0,1
14_sensor_ablation,temperature_only,ProtectiveStop,4,98,97,1,0,0,0,0,1,0
14_sensor_ablation,temperature_only,ProtectiveStop,4,99,98,1,1,0,0,1,0,0
14_sensor_ablation,temperature_only,ProtectiveStop,4,100,99,1,0,0,0,0,1,0
14_sensor_ablation,temperature_only,ProtectiveStop,5,101,100,1,0,0,0,0,1,0
14_sensor_ablation,temperature_only,ProtectiveStop,5,102,101,1,0,0,0,0,1,0
14_sensor_ablation,temperature_only,ProtectiveStop,5,103,102,1,1,0,0,1,0,0
14_sensor_ablation,temperature_only,ProtectiveStop,5,104,103,1,0,0,0,0,1,0
14_sensor_ablation,temperature_only,ProtectiveStop,5,105,104,1,0,0,0,1,0,1
14_sensor_ablation,temperature_only,ProtectiveStop,5,106,105,1,0,0,0,0,1,0
14_sensor_ablation,temperature_only,ProtectiveStop,5,107,106,1,0,0,0,0,1,0
14_sensor_ablation,temperature_only,ProtectiveStop,5,108,107,1,1,0,0,1,0,0
14_sensor_ablation,temperature_only,ProtectiveStop,5,109,108,1,0,0,0,0,1,0
14_sensor_ablation,temperature_only,ProtectiveStop,5,110,109,1,0,0,0,0,1,0
14_sensor_ablation,temperature_only,ProtectiveStop,5,111,110,1,0,0,0,0,1,0
14_sensor_ablation,temperature_only,ProtectiveStop,5,112,111,1,0,0,0,0,1,0
14_sensor_ablation,temperature_only,ProtectiveStop,5,113,112,1,0,0,0,0,1,0
14_sensor_ablation,temperature_only,ProtectiveStop,5,114,113,1,0,0,0,0,1,0
14_sensor_ablation,temperature_only,ProtectiveStop,5,115,114,1,1,1,0,1,0,0
14_sensor_ablation,temperature_only,ProtectiveStop,5,116,115,1,0,0,0,0,1,0
14_sensor_ablation,temperature_only,ProtectiveStop,5,117,116,1,1,0,0,1,0,0
14_sensor_ablation,temperature_only,ProtectiveStop,5,118,117,1,1,0,0,1,0,0
14_sensor_ablation,temperature_only,ProtectiveStop,5,119,118,1,0,0,0,0,1,0
14_sensor_ablation,temperature_only,ProtectiveStop,5,120,119,1,0,0,0,0,1,0
14_sensor_ablation,temperature_only,ProtectiveStop,5,121,120,1,0,0,0,0,1,0
14_sensor_ablation,temperature_only,ProtectiveStop,5,122,121,1,0,0,0,0,1,0
14_sensor_ablation,temperature_only,ProtectiveStop,5,123,122,1,0,0,0,0,1,0
14_sensor_ablation,temperature_only,ProtectiveStop,5,124,123,1,0,0,0,0,1,0
14_sensor_ablation,temperature_only,ProtectiveStop,5,125,124,1,0,0,0,0,1,0
14_sensor_ablation,temperature_only,ProtectiveStop,7,151,129,1,0,0,0,0,1,0
14_sensor_ablation,temperature_only,ProtectiveStop,7,152,130,1,1,0,0,1,0,0
14_sensor_ablation,temperature_only,ProtectiveStop,7,153,131,1,0,0,0,0,1,0
14_sensor_ablation,temperature_only,ProtectiveStop,7,154,132,1,0,0,0,0,1,0
14_sensor_ablation,temperature_only,ProtectiveStop,7,155,133,1,0,0,0,0,1,0
14_sensor_ablation,temperature_only,ProtectiveStop,7,156,134,1,0,0,0,0,1,0
14_sensor_ablation,temperature_only,ProtectiveStop,7,157,135,1,0,0,0,0,1,0
14_sensor_ablation,temperature_only,ProtectiveStop,7,159,137,1,1,0,0,1,0,0
14_sensor_ablation,temperature_only,ProtectiveStop,7,160,138,1,0,0,0,1,0,1
14_sensor_ablation,temperature_only,ProtectiveStop,7,161,139,1,0,0,0,0,1,0
14_sensor_ablation,temperature_only,ProtectiveStop,7,162,140,1,0,0,0,0,1,0
14_sensor_ablation,temperature_only,ProtectiveStop,7,163,141,1,1,0,0,1,0,0
14_sensor_ablation,temperature_only,ProtectiveStop,7,164,142,1,1,0,0,1,0,0
14_sensor_ablation,temperature_only,ProtectiveStop,7,165,143,1,0,0,0,0,1,0
14_sensor_ablation,temperature_only,ProtectiveStop,7,166,144,1,0,0,0,0,1,0
14_sensor_ablation,temperature_only,ProtectiveStop,7,167,145,1,0,0,0,0,1,0
14_sensor_ablation,temperature_only,ProtectiveStop,7,168,146,1,0,0,0,0,1,0
14_sensor_ablation,temperature_only,ProtectiveStop,7,169,147,1,0,0,0,0,1,0
14_sensor_ablation,temperature_only,ProtectiveStop,7,170,148,1,1,0,0,1,0,0
14_sensor_ablation,temperature_only,ProtectiveStop,7,171,149,1,0,0,0,0,1,0
14_sensor_ablation,temperature_only,ProtectiveStop,7,172,150,1,0,0,0,0,1,0
14_sensor_ablation,temperature_only,ProtectiveStop,7,173,151,1,1,0,0,1,0,0
14_sensor_ablation,temperature_only,ProtectiveStop,7,174,152,1,1,0,0,1,0,0
14_sensor_ablation,temperature_only,ProtectiveStop,7,175,153,1,1,0,0,1,0,0
14_sensor_ablation,temperature_only,ProtectiveStop,8,176,154,1,0,0,0,0,1,0
14_sensor_ablation,temperature_only,ProtectiveStop,8,177,155,1,0,0,0,0,1,0
14_sensor_ablation,temperature_only,ProtectiveStop,8,178,156,1,0,0,0,0,1,0
14_sensor_ablation,temperature_only,ProtectiveStop,8,179,157,1,0,0,0,0,1,0
14_sensor_ablation,temperature_only,ProtectiveStop,8,180,158,1,0,0,0,1,0,1
14_sensor_ablation,temperature_only,ProtectiveStop,8,181,159,1,0,1,0,0,1,0
14_sensor_ablation,temperature_only,ProtectiveStop,8,182,160,1,1,1,1,1,0,0
14_sensor_ablation,temperature_only,ProtectiveStop,8,183,161,1,1,1,0,1,0,0
14_sensor_ablation,temperature_only,ProtectiveStop,8,184,162,1,0,0,0,0,1,0
14_sensor_ablation,temperature_only,ProtectiveStop,8,185,163,1,1,0,0,1,0,0
14_sensor_ablation,temperature_only,ProtectiveStop,8,199,176,1,0,0,0,0,1,0
14_sensor_ablation,temperature_only,ProtectiveStop,8,200,177,1,0,0,0,1,0,1
14_sensor_ablation,temperature_only,ProtectiveStop,9,201,178,1,1,1,0,1,0,0
14_sensor_ablation,temperature_only,ProtectiveStop,9,202,179,1,0,0,0,1,0,1
14_sensor_ablation,temperature_only,ProtectiveStop,9,203,180,1,0,0,0,0,1,0
14_sensor_ablation,temperature_only,ProtectiveStop,9,204,181,1,1,1,0,1,0,0
14_sensor_ablation,temperature_only,ProtectiveStop,9,205,182,1,0,0,0,0,1,0
14_sensor_ablation,temperature_only,ProtectiveStop,9,206,183,1,1,0,0,1,0,0
14_sensor_ablation,temperature_only,ProtectiveStop,9,207,184,1,0,0,0,0,1,0
14_sensor_ablation,temperature_only,ProtectiveStop,9,208,185,1,0,1,0,1,0,1
14_sensor_ablation,temperature_only,ProtectiveStop,9,209,186,1,0,0,0,0,1,0
14_sensor_ablation,temperature_only,ProtectiveStop,9,210,187,1,1,1,0,1,0,0
14_sensor_ablation,temperature_only,ProtectiveStop,9,211,188,1,0,0,0,0,1,0
14_sensor_ablation,temperature_only,ProtectiveStop,9,212,189,1,1,1,0,1,0,0
14_sensor_ablation,temperature_only,ProtectiveStop,9,213,190,1,0,0,0,0,1,0
14_sensor_ablation,temperature_only,ProtectiveStop,9,214,191,1,1,0,0,1,0,0
14_sensor_ablation,temperature_only,ProtectiveStop,9,215,192,1,1,1,1,1,0,0
14_sensor_ablation,temperature_only,ProtectiveStop,9,216,193,1,0,1,0,1,0,1
14_sensor_ablation,temperature_only,ProtectiveStop,9,217,194,1,1,1,0,1,0,0
14_sensor_ablation,temperature_only,ProtectiveStop,9,218,195,1,1,1,0,1,0,0
14_sensor_ablation,temperature_only,ProtectiveStop,9,219,196,1,1,1,1,1,0,0
14_sensor_ablation,temperature_only,ProtectiveStop,9,220,197,1,1,1,1,1,0,0
14_sensor_ablation,temperature_only,ProtectiveStop,9,221,198,1,1,0,0,1,0,0
14_sensor_ablation,temperature_only,ProtectiveStop,9,222,199,1,1,1,1,1,0,0
14_sensor_ablation,temperature_only,ProtectiveStop,9,223,200,1,1,1,1,1,0,0
14_sensor_ablation,temperature_only,ProtectiveStop,9,224,201,1,1,1,0,1,0,0
14_sensor_ablation,temperature_only,ProtectiveStop,9,225,202,1,1,1,1,1,0,0
14_sensor_ablation,temperature_only,ProtectiveStop,9,224,210,2,1,0,0,1,0,0
14_sensor_ablation,temperature_only,ProtectiveStop,10,226,203,1,1,1,0,1,0,0
14_sensor_ablation,temperature_only,ProtectiveStop,10,227,204,1,1,1,1,1,0,0
14_sensor_ablation,temperature_only,ProtectiveStop,10,229,205,1,1,1,1,1,0,0
14_sensor_ablation,temperature_only,ProtectiveStop,10,230,206,1,1,0,0,1,0,0
14_sensor_ablation,temperature_only,ProtectiveStop,10,231,207,1,1,0,0,1,0,0
14_sensor_ablation,temperature_only,ProtectiveStop,10,232,208,1,0,0,0,0,1,0
14_sensor_ablation,temperature_only,ProtectiveStop,10,233,209,1,1,0,0,1,0,0
14_sensor_ablation,temperature_only,ProtectiveStop,10,230,216,2,1,1,0,1,0,0
14_sensor_ablation,temperature_only,ProtectiveStop,10,231,217,2,1,0,0,1,0,0
14_sensor_ablation,temperature_only,ProtectiveStop,10,232,218,2,1,0,0,1,0,0
14_sensor_ablation,temperature_only,ProtectiveStop,10,233,219,2,0,0,0,1,0,1
14_sensor_ablation,temperature_only,ProtectiveStop,10,234,220,1,1,0,0,1,0,0
14_sensor_ablation,temperature_only,ProtectiveStop,10,235,221,1,1,1,1,1,0,0
14_sensor_ablation,temperature_only,ProtectiveStop,10,236,222,1,0,1,0,0,1,0
14_sensor_ablation,temperature_only,ProtectiveStop,10,237,223,1,1,0,0,1,0,0
14_sensor_ablation,temperature_only,ProtectiveStop,10,238,224,1,0,0,0,0,1,0
14_sensor_ablation,temperature_only,ProtectiveStop,10,239,225,1,1,0,0,1,0,0
14_sensor_ablation,temperature_only,ProtectiveStop,10,240,226,1,1,1,0,1,0,0
14_sensor_ablation,temperature_only,ProtectiveStop,10,241,227,1,0,0,0,0,1,0
14_sensor_ablation,temperature_only,ProtectiveStop,10,242,228,1,1,0,0,1,0,0
14_sensor_ablation,temperature_only,ProtectiveStop,10,243,229,1,0,0,0,0,1,0
14_sensor_ablation,temperature_only,ProtectiveStop,10,245,230,1,0,0,0,0,1,0
14_sensor_ablation,temperature_only,ProtectiveStop,10,246,231,1,1,0,0,1,0,0
14_sensor_ablation,temperature_only,ProtectiveStop,10,247,232,1,1,0,0,1,0,0
14_sensor_ablation,temperature_only,ProtectiveStop,10,248,233,1,0,0,0,0,1,0
14_sensor_ablation,temperature_only,ProtectiveStop,10,249,234,1,1,0,0,1,0,0
14_sensor_ablation,temperature_only,ProtectiveStop,10,250,235,1,1,0,0,1,0,0
14_sensor_ablation,temperature_only,GripLost,1,1,1,1,0,0,0,1,0,1
14_sensor_ablation,temperature_only,GripLost,1,2,2,1,1,0,0,1,0,0
14_sensor_ablation,temperature_only,GripLost,1,3,3,1,0,0,0,0,1,0
14_sensor_ablation,temperature_only,GripLost,1,4,4,1,0,0,0,0,1,0
14_sensor_ablation,temperature_only,GripLost,1,5,5,1,1,0,0,1,0,0
14_sensor_ablation,temperature_only,GripLost,1,6,6,1,1,0,0,1,0,0
14_sensor_ablation,temperature_only,GripLost,1,8,8,1,0,0,0,0,1,0
14_sensor_ablation,temperature_only,GripLost,1,9,9,1,0,0,0,0,1,0
14_sensor_ablation,temperature_only,GripLost,1,10,10,1,0,0,0,0,1,0
14_sensor_ablation,temperature_only,GripLost,1,11,11,1,0,0,0,0,1,0
14_sensor_ablation,temperature_only,GripLost,1,12,12,1,0,0,0,0,1,0
14_sensor_ablation,temperature_only,GripLost,1,13,13,1,0,0,0,0,1,0
14_sensor_ablation,temperature_only,GripLost,1,14,14,1,1,0,0,1,0,0
14_sensor_ablation,temperature_only,GripLost,1,15,15,1,1,0,0,1,0,0
14_sensor_ablation,temperature_only,GripLost,1,16,16,1,0,0,0,0,1,0
14_sensor_ablation,temperature_only,GripLost,1,17,17,1,0,0,0,0,1,0
14_sensor_ablation,temperature_only,GripLost,1,18,18,1,0,0,0,0,1,0
14_sensor_ablation,temperature_only,GripLost,1,19,19,1,0,0,0,0,1,0
14_sensor_ablation,temperature_only,GripLost,1,20,20,1,0,0,0,0,1,0
14_sensor_ablation,temperature_only,GripLost,1,21,21,1,0,0,0,0,1,0
14_sensor_ablation,temperature_only,GripLost,1,22,22,1,0,0,0,1,0,1
14_sensor_ablation,temperature_only,GripLost,1,23,23,1,0,0,0,0,1,0
14_sensor_ablation,temperature_only,GripLost,1,24,24,1,0,0,0,0,1,0
14_sensor_ablation,temperature_only,GripLost,1,25,25,1,0,0,0,0,1,0
14_sensor_ablation,temperature_only,GripLost,2,26,26,1,0,0,0,0,1,0
14_sensor_ablation,temperature_only,GripLost,2,27,27,1,0,0,0,0,1,0
14_sensor_ablation,temperature_only,GripLost,2,28,28,1,0,0,0,0,1,0
14_sensor_ablation,temperature_only,GripLost,2,29,29,1,0,0,0,0,1,0
14_sensor_ablation,temperature_only,GripLost,2,30,30,1,0,0,0,0,1,0
14_sensor_ablation,temperature_only,GripLost,2,31,31,1,0,0,0,0,1,0
14_sensor_ablation,temperature_only,GripLost,2,32,32,1,0,0,0,0,1,0
14_sensor_ablation,temperature_only,GripLost,2,33,33,1,0,0,0,0,1,0
14_sensor_ablation,temperature_only,GripLost,2,34,34,1,0,0,0,0,1,0
14_sensor_ablation,temperature_only,GripLost,2,35,35,1,0,0,0,1,0,1
14_sensor_ablation,temperature_only,GripLost,2,36,36,1,1,0,0,1,0,0
14_sensor_ablation,temperature_only,GripLost,2,37,37,1,0,0,0,0,1,0
14_sensor_ablation,temperature_only,GripLost,2,38,38,1,0,0,0,0,1,0
14_sensor_ablation,temperature_only,GripLost,2,39,39,1,1,0,0,1,0,0
14_sensor_ablation,temperature_only,GripLost,2,40,40,1,1,0,0,1,0,0
14_sensor_ablation,temperature_only,GripLost,2,41,41,1,0,0,0,0,1,0
14_sensor_ablation,temperature_only,GripLost,2,42,42,1,0,0,0,1,0,1
14_sensor_ablation,temperature_only,GripLost,2,43,43,1,0,0,0,0,1,0
14_sensor_ablation,temperature_only,GripLost,2,44,44,1,0,0,0,0,1,0
14_sensor_ablation,temperature_only,GripLost,2,45,45,1,0,0,0,0,1,0
14_sensor_ablation,temperature_only,GripLost,2,48,48,1,0,0,0,0,1,0
14_sensor_ablation,temperature_only,GripLost,2,49,49,1,0,0,0,0,1,0
14_sensor_ablation,temperature_only,GripLost,2,50,50,1,0,0,0,0,1,0
14_sensor_ablation,temperature_only,GripLost,3,51,51,1,0,0,0,0,1,0
14_sensor_ablation,temperature_only,GripLost,3,52,52,1,0,0,0,0,1,0
14_sensor_ablation,temperature_only,GripLost,3,53,53,1,0,0,0,1,0,1
14_sensor_ablation,temperature_only,GripLost,3,54,54,1,0,0,0,0,1,0
14_sensor_ablation,temperature_only,GripLost,3,55,55,1,0,0,0,0,1,0
14_sensor_ablation,temperature_only,GripLost,3,56,56,1,0,0,0,0,1,0
14_sensor_ablation,temperature_only,GripLost,3,57,57,1,0,0,0,0,1,0
14_sensor_ablation,temperature_only,GripLost,3,58,58,1,0,0,0,0,1,0
14_sensor_ablation,temperature_only,GripLost,3,59,59,1,0,0,0,0,1,0
14_sensor_ablation,temperature_only,GripLost,3,60,60,1,0,0,0,0,1,0
14_sensor_ablation,temperature_only,GripLost,3,61,61,1,0,0,0,0,1,0
14_sensor_ablation,temperature_only,GripLost,3,62,62,1,0,0,0,0,1,0
14_sensor_ablation,temperature_only,GripLost,3,63,63,1,1,0,0,1,0,0
14_sensor_ablation,temperature_only,GripLost,3,64,64,1,1,0,0,1,0,0
14_sensor_ablation,temperature_only,GripLost,3,65,65,1,1,0,0,1,0,0
14_sensor_ablation,temperature_only,GripLost,3,66,66,1,0,0,0,0,1,0
14_sensor_ablation,temperature_only,GripLost,3,67,67,1,1,0,0,1,0,0
14_sensor_ablation,temperature_only,GripLost,3,68,68,1,0,0,0,0,1,0
14_sensor_ablation,temperature_only,GripLost,3,69,69,1,1,0,0,1,0,0
14_sensor_ablation,temperature_only,GripLost,3,70,70,1,0,0,0,0,1,0
14_sensor_ablation,temperature_only,GripLost,3,71,71,1,0,0,0,0,1,0
14_sensor_ablation,temperature_only,GripLost,3,72,72,1,0,0,0,0,1,0
14_sensor_ablation,temperature_only,GripLost,3,73,73,1,0,0,0,0,1,0
14_sensor_ablation,temperature_only,GripLost,3,75,74,1,0,0,0,0,1,0
14_sensor_ablation,temperature_only,GripLost,4,76,75,1,1,0,0,1,0,0
14_sensor_ablation,temperature_only,GripLost,4,85,84,1,0,0,0,0,1,0
14_sensor_ablation,temperature_only,GripLost,4,86,85,1,1,0,0,1,0,0
14_sensor_ablation,temperature_only,GripLost,4,87,86,1,0,0,0,1,0,1
14_sensor_ablation,temperature_only,GripLost,4,88,87,1,0,0,0,0,1,0
14_sensor_ablation,temperature_only,GripLost,4,89,88,1,0,0,0,0,1,0
14_sensor_ablation,temperature_only,GripLost,4,90,89,1,0,0,0,0,1,0
14_sensor_ablation,temperature_only,GripLost,4,91,90,1,1,0,0,1,0,0
14_sensor_ablation,temperature_only,GripLost,4,92,91,1,1,0,0,1,0,0
14_sensor_ablation,temperature_only,GripLost,4,93,92,1,0,0,0,0,1,0
14_sensor_ablation,temperature_only,GripLost,4,94,93,1,0,0,0,0,1,0
14_sensor_ablation,temperature_only,GripLost,4,95,94,1,1,0,0,1,0,0
14_sensor_ablation,temperature_only,GripLost,4,96,95,1,1,0,0,1,0,0
14_sensor_ablation,temperature_only,GripLost,4,97,96,1,1,0,0,1,0,0
14_sensor_ablation,temperature_only,GripLost,4,98,97,1,0,0,0,0,1,0
14_sensor_ablation,temperature_only,GripLost,4,99,98,1,0,0,0,1,0,1
14_sensor_ablation,temperature_only,GripLost,4,100,99,1,0,0,0,0,1,0
14_sensor_ablation,temperature_only,GripLost,5,101,100,1,0,0,0,0,1,0
14_sensor_ablation,temperature_only,GripLost,5,102,101,1,0,0,0,0,1,0
14_sensor_ablation,temperature_only,GripLost,5,103,102,1,0,0,0,1,0,1
14_sensor_ablation,temperature_only,GripLost,5,104,103,1,0,0,0,0,1,0
14_sensor_ablation,temperature_only,GripLost,5,105,104,1,1,0,0,1,0,0
14_sensor_ablation,temperature_only,GripLost,5,106,105,1,0,0,0,0,1,0
14_sensor_ablation,temperature_only,GripLost,5,107,106,1,0,0,0,0,1,0
14_sensor_ablation,temperature_only,GripLost,5,108,107,1,0,0,0,1,0,1
14_sensor_ablation,temperature_only,GripLost,5,109,108,1,0,0,0,0,1,0
14_sensor_ablation,temperature_only,GripLost,5,110,109,1,0,0,0,0,1,0
14_sensor_ablation,temperature_only,GripLost,5,111,110,1,0,0,0,0,1,0
14_sensor_ablation,temperature_only,GripLost,5,112,111,1,0,0,0,0,1,0
14_sensor_ablation,temperature_only,GripLost,5,113,112,1,0,0,0,0,1,0
14_sensor_ablation,temperature_only,GripLost,5,114,113,1,0,0,0,0,1,0
14_sensor_ablation,temperature_only,GripLost,5,115,114,1,0,0,0,1,0,1
14_sensor_ablation,temperature_only,GripLost,5,116,115,1,0,0,0,0,1,0
14_sensor_ablation,temperature_only,GripLost,5,117,116,1,0,0,0,1,0,1
14_sensor_ablation,temperature_only,GripLost,5,118,117,1,0,0,0,1,0,1
14_sensor_ablation,temperature_only,GripLost,5,119,118,1,0,0,0,0,1,0
14_sensor_ablation,temperature_only,GripLost,5,120,119,1,0,0,0,0,1,0
14_sensor_ablation,temperature_only,GripLost,5,121,120,1,0,0,0,0,1,0
14_sensor_ablation,temperature_only,GripLost,5,122,121,1,0,0,0,0,1,0
14_sensor_ablation,temperature_only,GripLost,5,123,122,1,0,0,0,0,1,0
14_sensor_ablation,temperature_only,GripLost,5,124,123,1,0,0,0,0,1,0
14_sensor_ablation,temperature_only,GripLost,5,125,124,1,0,0,0,0,1,0
14_sensor_ablation,temperature_only,GripLost,7,151,129,1,0,0,0,0,1,0
14_sensor_ablation,temperature_only,GripLost,7,152,130,1,0,0,0,1,0,1
14_sensor_ablation,temperature_only,GripLost,7,153,131,1,0,0,0,0,1,0
14_sensor_ablation,temperature_only,GripLost,7,154,132,1,0,0,0,0,1,0
14_sensor_ablation,temperature_only,GripLost,7,155,133,1,0,0,0,0,1,0
14_sensor_ablation,temperature_only,GripLost,7,156,134,1,0,0,0,0,1,0
14_sensor_ablation,temperature_only,GripLost,7,157,135,1,0,0,0,0,1,0
14_sensor_ablation,temperature_only,GripLost,7,159,137,1,0,0,0,1,0,1
14_sensor_ablation,temperature_only,GripLost,7,160,138,1,1,0,0,1,0,0
14_sensor_ablation,temperature_only,GripLost,7,161,139,1,0,0,0,0,1,0
14_sensor_ablation,temperature_only,GripLost,7,162,140,1,0,0,0,0,1,0
14_sensor_ablation,temperature_only,GripLost,7,163,141,1,0,0,0,1,0,1
14_sensor_ablation,temperature_only,GripLost,7,164,142,1,1,0,0,1,0,0
14_sensor_ablation,temperature_only,GripLost,7,165,143,1,0,0,0,0,1,0
14_sensor_ablation,temperature_only,GripLost,7,166,144,1,0,0,0,0,1,0
14_sensor_ablation,temperature_only,GripLost,7,167,145,1,0,0,0,0,1,0
14_sensor_ablation,temperature_only,GripLost,7,168,146,1,0,0,0,0,1,0
14_sensor_ablation,temperature_only,GripLost,7,169,147,1,0,0,0,0,1,0
14_sensor_ablation,temperature_only,GripLost,7,170,148,1,0,0,0,1,0,1
14_sensor_ablation,temperature_only,GripLost,7,171,149,1,0,0,0,0,1,0
14_sensor_ablation,temperature_only,GripLost,7,172,150,1,0,0,0,0,1,0
14_sensor_ablation,temperature_only,GripLost,7,173,151,1,1,0,0,1,0,0
14_sensor_ablation,temperature_only,GripLost,7,174,152,1,1,0,0,1,0,0
14_sensor_ablation,temperature_only,GripLost,7,175,153,1,0,0,0,1,0,1
14_sensor_ablation,temperature_only,GripLost,8,176,154,1,0,0,0,0,1,0
14_sensor_ablation,temperature_only,GripLost,8,177,155,1,0,0,0,0,1,0
14_sensor_ablation,temperature_only,GripLost,8,178,156,1,0,0,0,0,1,0
14_sensor_ablation,temperature_only,GripLost,8,179,157,1,0,0,0,0,1,0
14_sensor_ablation,temperature_only,GripLost,8,180,158,1,1,0,0,1,0,0
14_sensor_ablation,temperature_only,GripLost,8,181,159,1,0,0,0,0,1,0
14_sensor_ablation,temperature_only,GripLost,8,182,160,1,0,0,0,1,0,1
14_sensor_ablation,temperature_only,GripLost,8,183,161,1,0,0,0,1,0,1
14_sensor_ablation,temperature_only,GripLost,8,184,162,1,0,0,0,0,1,0
14_sensor_ablation,temperature_only,GripLost,8,185,163,1,0,0,0,1,0,1
14_sensor_ablation,temperature_only,GripLost,8,199,176,1,0,0,0,0,1,0
14_sensor_ablation,temperature_only,GripLost,8,200,177,1,1,0,0,1,0,0
14_sensor_ablation,temperature_only,GripLost,9,201,178,1,0,1,0,1,0,1
14_sensor_ablation,temperature_only,GripLost,9,202,179,1,1,1,1,1,0,0
14_sensor_ablation,temperature_only,GripLost,9,203,180,1,0,1,0,0,1,0
14_sensor_ablation,temperature_only,GripLost,9,204,181,1,0,1,0,1,0,1
14_sensor_ablation,temperature_only,GripLost,9,205,182,1,0,0,0,0,1,0
14_sensor_ablation,temperature_only,GripLost,9,206,183,1,0,0,0,1,0,1
14_sensor_ablation,temperature_only,GripLost,9,207,184,1,0,1,0,0,1,0
14_sensor_ablation,temperature_only,GripLost,9,208,185,1,1,0,0,1,0,0
14_sensor_ablation,temperature_only,GripLost,9,209,186,1,0,0,0,0,1,0
14_sensor_ablation,temperature_only,GripLost,9,210,187,1,0,0,0,1,0,1
14_sensor_ablation,temperature_only,GripLost,9,211,188,1,0,0,0,0,1,0
14_sensor_ablation,temperature_only,GripLost,9,212,189,1,0,0,0,1,0,1
14_sensor_ablation,temperature_only,GripLost,9,213,190,1,0,0,0,0,1,0
14_sensor_ablation,temperature_only,GripLost,9,214,191,1,1,0,0,1,0,0
14_sensor_ablation,temperature_only,GripLost,9,215,192,1,0,0,0,1,0,1
14_sensor_ablation,temperature_only,GripLost,9,216,193,1,1,0,0,1,0,0
14_sensor_ablation,temperature_only,GripLost,9,217,194,1,0,0,0,1,0,1
14_sensor_ablation,temperature_only,GripLost,9,218,195,1,0,0,0,1,0,1
14_sensor_ablation,temperature_only,GripLost,9,219,196,1,1,0,0,1,0,0
14_sensor_ablation,temperature_only,GripLost,9,220,197,1,0,0,0,1,0,1
14_sensor_ablation,temperature_only,GripLost,9,221,198,1,1,0,0,1,0,0
14_sensor_ablation,temperature_only,GripLost,9,222,199,1,0,0,0,1,0,1
14_sensor_ablation,temperature_only,GripLost,9,223,200,1,0,0,0,1,0,1
14_sensor_ablation,temperature_only,GripLost,9,224,201,1,0,0,0,1,0,1
14_sensor_ablation,temperature_only,GripLost,9,225,202,1,0,0,0,1,0,1
14_sensor_ablation,temperature_only,GripLost,9,224,210,2,0,0,0,1,0,1
14_sensor_ablation,temperature_only,GripLost,10,226,203,1,0,0,0,1,0,1
14_sensor_ablation,temperature_only,GripLost,10,227,204,1,0,0,0,1,0,1
14_sensor_ablation,temperature_only,GripLost,10,229,205,1,0,0,0,1,0,1
14_sensor_ablation,temperature_only,GripLost,10,230,206,1,0,0,0,1,0,1
14_sensor_ablation,temperature_only,GripLost,10,231,207,1,0,0,0,1,0,1
14_sensor_ablation,temperature_only,GripLost,10,232,208,1,0,0,0,0,1,0
14_sensor_ablation,temperature_only,GripLost,10,233,209,1,0,0,0,1,0,1
14_sensor_ablation,temperature_only,GripLost,10,230,216,2,0,0,0,1,0,1
14_sensor_ablation,temperature_only,GripLost,10,231,217,2,0,0,0,1,0,1
14_sensor_ablation,temperature_only,GripLost,10,232,218,2,1,0,0,1,0,0
14_sensor_ablation,temperature_only,GripLost,10,233,219,2,1,0,0,1,0,0
14_sensor_ablation,temperature_only,GripLost,10,234,220,1,1,0,0,1,0,0
14_sensor_ablation,temperature_only,GripLost,10,235,221,1,0,0,0,1,0,1
14_sensor_ablation,temperature_only,GripLost,10,236,222,1,0,0,0,0,1,0
14_sensor_ablation,temperature_only,GripLost,10,237,223,1,1,0,0,1,0,0
14_sensor_ablation,temperature_only,GripLost,10,238,224,1,0,0,0,0,1,0
14_sensor_ablation,temperature_only,GripLost,10,239,225,1,0,0,0,1,0,1
14_sensor_ablation,temperature_only,GripLost,10,240,226,1,0,0,0,1,0,1
14_sensor_ablation,temperature_only,GripLost,10,241,227,1,0,0,0,0,1,0
14_sensor_ablation,temperature_only,GripLost,10,242,228,1,0,0,0,1,0,1
14_sensor_ablation,temperature_only,GripLost,10,243,229,1,0,0,0,0,1,0
14_sensor_ablation,temperature_only,GripLost,10,245,230,1,0,0,0,0,1,0
14_sensor_ablation,temperature_only,GripLost,10,246,231,1,0,0,0,1,0,1
14_sensor_ablation,temperature_only,GripLost,10,247,232,1,1,0,0,1,0,0
14_sensor_ablation,temperature_only,GripLost,10,248,233,1,0,0,0,0,1,0
14_sensor_ablation,temperature_only,GripLost,10,249,234,1,0,0,0,1,0,1
14_sensor_ablation,temperature_only,GripLost,10,250,235,1,1,0,0,1,0,0
14_sensor_ablation,tool_current_only,System_Failure,1,1,1,1,1,1,1,1,0,0
14_sensor_ablation,tool_current_only,System_Failure,1,2,2,1,1,1,1,1,0,0
14_sensor_ablation,tool_current_only,System_Failure,1,3,3,1,0,1,0,0,1,0
14_sensor_ablation,tool_current_only,System_Failure,1,4,4,1,0,1,0,0,1,0
14_sensor_ablation,tool_current_only,System_Failure,1,5,5,1,1,1,1,1,0,0
14_sensor_ablation,tool_current_only,System_Failure,1,6,6,1,1,1,1,1,0,0
14_sensor_ablation,tool_current_only,System_Failure,1,8,8,1,0,1,0,0,1,0
14_sensor_ablation,tool_current_only,System_Failure,1,9,9,1,0,1,0,0,1,0
14_sensor_ablation,tool_current_only,System_Failure,1,10,10,1,0,0,0,0,1,0
14_sensor_ablation,tool_current_only,System_Failure,1,11,11,1,0,1,0,0,1,0
14_sensor_ablation,tool_current_only,System_Failure,1,12,12,1,0,1,0,0,1,0
14_sensor_ablation,tool_current_only,System_Failure,1,13,13,1,0,1,0,0,1,0
14_sensor_ablation,tool_current_only,System_Failure,1,14,14,1,1,0,0,1,0,0
14_sensor_ablation,tool_current_only,System_Failure,1,15,15,1,1,1,1,1,0,0
14_sensor_ablation,tool_current_only,System_Failure,1,16,16,1,0,1,0,0,1,0
14_sensor_ablation,tool_current_only,System_Failure,1,17,17,1,0,1,0,0,1,0
14_sensor_ablation,tool_current_only,System_Failure,1,18,18,1,0,1,0,0,1,0
14_sensor_ablation,tool_current_only,System_Failure,1,19,19,1,0,1,0,0,1,0
14_sensor_ablation,tool_current_only,System_Failure,1,20,20,1,0,1,0,0,1,0
14_sensor_ablation,tool_current_only,System_Failure,1,21,21,1,0,1,0,0,1,0
14_sensor_ablation,tool_current_only,System_Failure,1,22,22,1,1,1,1,1,0,0
14_sensor_ablation,tool_current_only,System_Failure,1,23,23,1,0,1,0,0,1,0
14_sensor_ablation,tool_current_only,System_Failure,1,24,24,1,0,1,0,0,1,0
14_sensor_ablation,tool_current_only,System_Failure,1,25,25,1,0,1,0,0,1,0
14_sensor_ablation,tool_current_only,System_Failure,2,26,26,1,0,1,0,0,1,0
14_sensor_ablation,tool_current_only,System_Failure,2,27,27,1,0,1,0,0,1,0
14_sensor_ablation,tool_current_only,System_Failure,2,28,28,1,0,0,0,0,1,0
14_sensor_ablation,tool_current_only,System_Failure,2,29,29,1,0,1,0,0,1,0
14_sensor_ablation,tool_current_only,System_Failure,2,30,30,1,0,1,0,0,1,0
14_sensor_ablation,tool_current_only,System_Failure,2,31,31,1,0,1,0,0,1,0
14_sensor_ablation,tool_current_only,System_Failure,2,32,32,1,0,1,0,0,1,0
14_sensor_ablation,tool_current_only,System_Failure,2,33,33,1,0,1,0,0,1,0
14_sensor_ablation,tool_current_only,System_Failure,2,34,34,1,0,1,0,0,1,0
14_sensor_ablation,tool_current_only,System_Failure,2,35,35,1,1,1,1,1,0,0
14_sensor_ablation,tool_current_only,System_Failure,2,36,36,1,1,1,0,1,0,0
14_sensor_ablation,tool_current_only,System_Failure,2,37,37,1,0,1,0,0,1,0
14_sensor_ablation,tool_current_only,System_Failure,2,38,38,1,0,1,0,0,1,0
14_sensor_ablation,tool_current_only,System_Failure,2,39,39,1,1,1,1,1,0,0
14_sensor_ablation,tool_current_only,System_Failure,2,40,40,1,1,1,1,1,0,0
14_sensor_ablation,tool_current_only,System_Failure,2,41,41,1,0,1,0,0,1,0
14_sensor_ablation,tool_current_only,System_Failure,2,42,42,1,1,1,1,1,0,0
14_sensor_ablation,tool_current_only,System_Failure,2,43,43,1,0,1,0,0,1,0
14_sensor_ablation,tool_current_only,System_Failure,2,44,44,1,0,1,0,0,1,0
14_sensor_ablation,tool_current_only,System_Failure,2,45,45,1,0,1,0,0,1,0
14_sensor_ablation,tool_current_only,System_Failure,2,48,48,1,0,1,0,0,1,0
14_sensor_ablation,tool_current_only,System_Failure,2,49,49,1,0,1,0,0,1,0
14_sensor_ablation,tool_current_only,System_Failure,2,50,50,1,0,1,0,0,1,0
14_sensor_ablation,tool_current_only,System_Failure,3,51,51,1,0,1,0,0,1,0
14_sensor_ablation,tool_current_only,System_Failure,3,52,52,1,0,1,0,0,1,0
14_sensor_ablation,tool_current_only,System_Failure,3,53,53,1,1,1,1,1,0,0
14_sensor_ablation,tool_current_only,System_Failure,3,54,54,1,0,1,0,0,1,0
14_sensor_ablation,tool_current_only,System_Failure,3,55,55,1,0,1,0,0,1,0
14_sensor_ablation,tool_current_only,System_Failure,3,56,56,1,0,1,0,0,1,0
14_sensor_ablation,tool_current_only,System_Failure,3,57,57,1,0,1,0,0,1,0
14_sensor_ablation,tool_current_only,System_Failure,3,58,58,1,0,1,0,0,1,0
14_sensor_ablation,tool_current_only,System_Failure,3,59,59,1,0,0,0,0,1,0
14_sensor_ablation,tool_current_only,System_Failure,3,60,60,1,0,1,0,0,1,0
14_sensor_ablation,tool_current_only,System_Failure,3,61,61,1,0,1,0,0,1,0
14_sensor_ablation,tool_current_only,System_Failure,3,62,62,1,0,1,0,0,1,0
14_sensor_ablation,tool_current_only,System_Failure,3,63,63,1,1,1,1,1,0,0
14_sensor_ablation,tool_current_only,System_Failure,3,64,64,1,1,1,1,1,0,0
14_sensor_ablation,tool_current_only,System_Failure,3,65,65,1,1,1,1,1,0,0
14_sensor_ablation,tool_current_only,System_Failure,3,66,66,1,0,1,0,0,1,0
14_sensor_ablation,tool_current_only,System_Failure,3,67,67,1,1,1,0,1,0,0
14_sensor_ablation,tool_current_only,System_Failure,3,68,68,1,0,0,0,0,1,0
14_sensor_ablation,tool_current_only,System_Failure,3,69,69,1,1,1,1,1,0,0
14_sensor_ablation,tool_current_only,System_Failure,3,70,70,1,0,1,0,0,1,0
14_sensor_ablation,tool_current_only,System_Failure,3,71,71,1,0,1,0,0,1,0
14_sensor_ablation,tool_current_only,System_Failure,3,72,72,1,0,1,0,0,1,0
14_sensor_ablation,tool_current_only,System_Failure,3,73,73,1,0,1,0,0,1,0
14_sensor_ablation,tool_current_only,System_Failure,3,75,74,1,0,1,0,0,1,0
14_sensor_ablation,tool_current_only,System_Failure,4,76,75,1,1,1,1,1,0,0
14_sensor_ablation,tool_current_only,System_Failure,4,85,84,1,0,0,0,0,1,0
14_sensor_ablation,tool_current_only,System_Failure,4,86,85,1,1,1,1,1,0,0
14_sensor_ablation,tool_current_only,System_Failure,4,87,86,1,1,1,1,1,0,0
14_sensor_ablation,tool_current_only,System_Failure,4,88,87,1,0,1,0,0,1,0
14_sensor_ablation,tool_current_only,System_Failure,4,89,88,1,0,1,0,0,1,0
14_sensor_ablation,tool_current_only,System_Failure,4,90,89,1,0,1,0,0,1,0
14_sensor_ablation,tool_current_only,System_Failure,4,91,90,1,1,1,0,1,0,0
14_sensor_ablation,tool_current_only,System_Failure,4,92,91,1,1,1,1,1,0,0
14_sensor_ablation,tool_current_only,System_Failure,4,93,92,1,0,1,0,0,1,0
14_sensor_ablation,tool_current_only,System_Failure,4,94,93,1,0,1,0,0,1,0
14_sensor_ablation,tool_current_only,System_Failure,4,95,94,1,1,1,1,1,0,0
14_sensor_ablation,tool_current_only,System_Failure,4,96,95,1,1,1,1,1,0,0
14_sensor_ablation,tool_current_only,System_Failure,4,97,96,1,1,1,1,1,0,0
14_sensor_ablation,tool_current_only,System_Failure,4,98,97,1,0,1,0,0,1,0
14_sensor_ablation,tool_current_only,System_Failure,4,99,98,1,1,1,1,1,0,0
14_sensor_ablation,tool_current_only,System_Failure,4,100,99,1,0,1,0,0,1,0
14_sensor_ablation,tool_current_only,System_Failure,5,101,100,1,0,1,0,0,1,0
14_sensor_ablation,tool_current_only,System_Failure,5,102,101,1,0,1,0,0,1,0
14_sensor_ablation,tool_current_only,System_Failure,5,103,102,1,1,1,1,1,0,0
14_sensor_ablation,tool_current_only,System_Failure,5,104,103,1,0,0,0,0,1,0
14_sensor_ablation,tool_current_only,System_Failure,5,105,104,1,1,1,1,1,0,0
14_sensor_ablation,tool_current_only,System_Failure,5,106,105,1,0,1,0,0,1,0
14_sensor_ablation,tool_current_only,System_Failure,5,107,106,1,0,1,0,0,1,0
14_sensor_ablation,tool_current_only,System_Failure,5,108,107,1,1,1,1,1,0,0
14_sensor_ablation,tool_current_only,System_Failure,5,109,108,1,0,1,0,0,1,0
14_sensor_ablation,tool_current_only,System_Failure,5,110,109,1,0,1,0,0,1,0
14_sensor_ablation,tool_current_only,System_Failure,5,111,110,1,0,1,0,0,1,0
14_sensor_ablation,tool_current_only,System_Failure,5,112,111,1,0,1,0,0,1,0
14_sensor_ablation,tool_current_only,System_Failure,5,113,112,1,0,0,0,0,1,0
14_sensor_ablation,tool_current_only,System_Failure,5,114,113,1,0,1,0,0,1,0
14_sensor_ablation,tool_current_only,System_Failure,5,115,114,1,1,1,1,1,0,0
14_sensor_ablation,tool_current_only,System_Failure,5,116,115,1,0,1,0,0,1,0
14_sensor_ablation,tool_current_only,System_Failure,5,117,116,1,1,1,0,1,0,0
14_sensor_ablation,tool_current_only,System_Failure,5,118,117,1,1,1,1,1,0,0
14_sensor_ablation,tool_current_only,System_Failure,5,119,118,1,0,1,0,0,1,0
14_sensor_ablation,tool_current_only,System_Failure,5,120,119,1,0,1,0,0,1,0
14_sensor_ablation,tool_current_only,System_Failure,5,121,120,1,0,1,0,0,1,0
14_sensor_ablation,tool_current_only,System_Failure,5,122,121,1,0,1,0,0,1,0
14_sensor_ablation,tool_current_only,System_Failure,5,123,122,1,0,1,0,0,1,0
14_sensor_ablation,tool_current_only,System_Failure,5,124,123,1,0,1,0,0,1,0
14_sensor_ablation,tool_current_only,System_Failure,5,125,124,1,0,1,0,0,1,0
14_sensor_ablation,tool_current_only,System_Failure,7,151,129,1,0,1,0,0,1,0
14_sensor_ablation,tool_current_only,System_Failure,7,152,130,1,1,1,1,1,0,0
14_sensor_ablation,tool_current_only,System_Failure,7,153,131,1,0,1,0,0,1,0
14_sensor_ablation,tool_current_only,System_Failure,7,154,132,1,0,1,0,0,1,0
14_sensor_ablation,tool_current_only,System_Failure,7,155,133,1,0,1,0,0,1,0
14_sensor_ablation,tool_current_only,System_Failure,7,156,134,1,0,1,0,0,1,0
14_sensor_ablation,tool_current_only,System_Failure,7,157,135,1,0,1,0,0,1,0
14_sensor_ablation,tool_current_only,System_Failure,7,159,137,1,1,1,1,1,0,0
14_sensor_ablation,tool_current_only,System_Failure,7,160,138,1,1,0,0,1,0,0
14_sensor_ablation,tool_current_only,System_Failure,7,161,139,1,0,1,0,0,1,0
14_sensor_ablation,tool_current_only,System_Failure,7,162,140,1,0,1,0,0,1,0
14_sensor_ablation,tool_current_only,System_Failure,7,163,141,1,1,1,0,1,0,0
14_sensor_ablation,tool_current_only,System_Failure,7,164,142,1,1,0,0,1,0,0
14_sensor_ablation,tool_current_only,System_Failure,7,165,143,1,0,0,0,0,1,0
14_sensor_ablation,tool_current_only,System_Failure,7,166,144,1,0,1,0,0,1,0
14_sensor_ablation,tool_current_only,System_Failure,7,167,145,1,0,1,0,0,1,0
14_sensor_ablation,tool_current_only,System_Failure,7,168,146,1,0,0,0,0,1,0
14_sensor_ablation,tool_current_only,System_Failure,7,169,147,1,0,1,0,0,1,0
14_sensor_ablation,tool_current_only,System_Failure,7,170,148,1,1,1,0,1,0,0
14_sensor_ablation,tool_current_only,System_Failure,7,171,149,1,0,1,0,0,1,0
14_sensor_ablation,tool_current_only,System_Failure,7,172,150,1,0,1,0,0,1,0
14_sensor_ablation,tool_current_only,System_Failure,7,173,151,1,1,1,1,1,0,0
14_sensor_ablation,tool_current_only,System_Failure,7,174,152,1,1,1,1,1,0,0
14_sensor_ablation,tool_current_only,System_Failure,7,175,153,1,1,1,1,1,0,0
14_sensor_ablation,tool_current_only,System_Failure,8,176,154,1,0,1,0,0,1,0
14_sensor_ablation,tool_current_only,System_Failure,8,177,155,1,0,1,0,0,1,0
14_sensor_ablation,tool_current_only,System_Failure,8,178,156,1,0,1,0,0,1,0
14_sensor_ablation,tool_current_only,System_Failure,8,179,157,1,0,0,0,0,1,0
14_sensor_ablation,tool_current_only,System_Failure,8,180,158,1,1,0,0,1,0,0
14_sensor_ablation,tool_current_only,System_Failure,8,181,159,1,0,1,0,0,1,0
14_sensor_ablation,tool_current_only,System_Failure,8,182,160,1,1,1,1,1,0,0
14_sensor_ablation,tool_current_only,System_Failure,8,183,161,1,1,1,1,1,0,0
14_sensor_ablation,tool_current_only,System_Failure,8,184,162,1,0,1,0,0,1,0
14_sensor_ablation,tool_current_only,System_Failure,8,185,163,1,1,1,1,1,0,0
14_sensor_ablation,tool_current_only,System_Failure,8,199,176,1,0,0,0,0,1,0
14_sensor_ablation,tool_current_only,System_Failure,8,200,177,1,1,1,1,1,0,0
14_sensor_ablation,tool_current_only,System_Failure,9,201,178,1,1,1,1,1,0,0
14_sensor_ablation,tool_current_only,System_Failure,9,202,179,1,1,1,0,1,0,0
14_sensor_ablation,tool_current_only,System_Failure,9,203,180,1,0,1,0,0,1,0
14_sensor_ablation,tool_current_only,System_Failure,9,204,181,1,1,1,1,1,0,0
14_sensor_ablation,tool_current_only,System_Failure,9,205,182,1,0,0,0,0,1,0
14_sensor_ablation,tool_current_only,System_Failure,9,206,183,1,1,1,1,1,0,0
14_sensor_ablation,tool_current_only,System_Failure,9,207,184,1,0,1,0,0,1,0
14_sensor_ablation,tool_current_only,System_Failure,9,208,185,1,1,1,1,1,0,0
14_sensor_ablation,tool_current_only,System_Failure,9,209,186,1,0,1,0,0,1,0
14_sensor_ablation,tool_current_only,System_Failure,9,210,187,1,1,1,1,1,0,0
14_sensor_ablation,tool_current_only,System_Failure,9,211,188,1,0,1,0,0,1,0
14_sensor_ablation,tool_current_only,System_Failure,9,212,189,1,1,0,0,1,0,0
14_sensor_ablation,tool_current_only,System_Failure,9,213,190,1,0,1,0,0,1,0
14_sensor_ablation,tool_current_only,System_Failure,9,214,191,1,1,1,1,1,0,0
14_sensor_ablation,tool_current_only,System_Failure,9,215,192,1,1,1,1,1,0,0
14_sensor_ablation,tool_current_only,System_Failure,9,216,193,1,1,1,1,1,0,0
14_sensor_ablation,tool_current_only,System_Failure,9,217,194,1,1,1,0,1,0,0
14_sensor_ablation,tool_current_only,System_Failure,9,218,195,1,1,1,1,1,0,0
14_sensor_ablation,tool_current_only,System_Failure,9,219,196,1,1,1,1,1,0,0
14_sensor_ablation,tool_current_only,System_Failure,9,220,197,1,1,1,0,1,0,0
14_sensor_ablation,tool_current_only,System_Failure,9,221,198,1,1,1,1,1,0,0
14_sensor_ablation,tool_current_only,System_Failure,9,222,199,1,1,1,0,1,0,0
14_sensor_ablation,tool_current_only,System_Failure,9,223,200,1,1,1,0,1,0,0
14_sensor_ablation,tool_current_only,System_Failure,9,224,201,1,1,1,1,1,0,0
14_sensor_ablation,tool_current_only,System_Failure,9,225,202,1,1,1,1,1,0,0
14_sensor_ablation,tool_current_only,System_Failure,9,224,210,2,1,1,1,1,0,0
14_sensor_ablation,tool_current_only,System_Failure,10,226,203,1,1,1,1,1,0,0
14_sensor_ablation,tool_current_only,System_Failure,10,227,204,1,1,1,1,1,0,0
14_sensor_ablation,tool_current_only,System_Failure,10,229,205,1,1,1,1,1,0,0
14_sensor_ablation,tool_current_only,System_Failure,10,230,206,1,1,1,1,1,0,0
14_sensor_ablation,tool_current_only,System_Failure,10,231,207,1,1,1,1,1,0,0
14_sensor_ablation,tool_current_only,System_Failure,10,232,208,1,0,0,0,0,1,0
14_sensor_ablation,tool_current_only,System_Failure,10,233,209,1,1,1,1,1,0,0
14_sensor_ablation,tool_current_only,System_Failure,10,230,216,2,1,1,1,1,0,0
14_sensor_ablation,tool_current_only,System_Failure,10,231,217,2,1,1,1,1,0,0
14_sensor_ablation,tool_current_only,System_Failure,10,232,218,2,1,1,1,1,0,0
14_sensor_ablation,tool_current_only,System_Failure,10,233,219,2,1,1,1,1,0,0
14_sensor_ablation,tool_current_only,System_Failure,10,234,220,1,1,1,1,1,0,0
14_sensor_ablation,tool_current_only,System_Failure,10,235,221,1,1,1,1,1,0,0
14_sensor_ablation,tool_current_only,System_Failure,10,236,222,1,0,1,0,0,1,0
14_sensor_ablation,tool_current_only,System_Failure,10,237,223,1,1,1,1,1,0,0
14_sensor_ablation,tool_current_only,System_Failure,10,238,224,1,0,1,0,0,1,0
14_sensor_ablation,tool_current_only,System_Failure,10,239,225,1,1,1,1,1,0,0
14_sensor_ablation,tool_current_only,System_Failure,10,240,226,1,1,1,1,1,0,0
14_sensor_ablation,tool_current_only,System_Failure,10,241,227,1,0,0,0,0,1,0
14_sensor_ablation,tool_current_only,System_Failure,10,242,228,1,1,1,0,1,0,0
14_sensor_ablation,tool_current_only,System_Failure,10,243,229,1,0,0,0,0,1,0
14_sensor_ablation,tool_current_only,System_Failure,10,245,230,1,0,1,0,0,1,0
14_sensor_ablation,tool_current_only,System_Failure,10,246,231,1,1,1,1,1,0,0
14_sensor_ablation,tool_current_only,System_Failure,10,247,232,1,1,1,1,1,0,0
14_sensor_ablation,tool_current_only,System_Failure,10,248,233,1,0,1,0,0,1,0
14_sensor_ablation,tool_current_only,System_Failure,10,249,234,1,1,1,1,1,0,0
14_sensor_ablation,tool_current_only,System_Failure,10,250,235,1,1,1,1,1,0,0
14_sensor_ablation,tool_current_only,ProtectiveStop,1,1,1,1,1,1,1,1,0,0
14_sensor_ablation,tool_current_only,ProtectiveStop,1,2,2,1,0,1,0,1,0,1
14_sensor_ablation,tool_current_only,ProtectiveStop,1,3,3,1,0,1,0,0,1,0
14_sensor_ablation,tool_current_only,ProtectiveStop,1,4,4,1,0,1,0,0,1,0
14_sensor_ablation,tool_current_only,ProtectiveStop,1,5,5,1,0,1,0,1,0,1
14_sensor_ablation,tool_current_only,ProtectiveStop,1,6,6,1,0,1,0,1,0,1
14_sensor_ablation,tool_current_only,ProtectiveStop,1,8,8,1,0,1,0,0,1,0
14_sensor_ablation,tool_current_only,ProtectiveStop,1,9,9,1,0,0,0,0,1,0
14_sensor_ablation,tool_current_only,ProtectiveStop,1,10,10,1,0,0,0,0,1,0
14_sensor_ablation,tool_current_only,ProtectiveStop,1,11,11,1,0,1,0,0,1,0
14_sensor_ablation,tool_current_only,ProtectiveStop,1,12,12,1,0,1,0,0,1,0
14_sensor_ablation,tool_current_only,ProtectiveStop,1,13,13,1,0,1,0,0,1,0
14_sensor_ablation,tool_current_only,ProtectiveStop,1,14,14,1,0,0,0,1,0,1
14_sensor_ablation,tool_current_only,ProtectiveStop,1,15,15,1,0,1,0,1,0,1
14_sensor_ablation,tool_current_only,ProtectiveStop,1,16,16,1,0,1,0,0,1,0
14_sensor_ablation,tool_current_only,ProtectiveStop,1,17,17,1,0,1,0,0,1,0
14_sensor_ablation,tool_current_only,ProtectiveStop,1,18,18,1,0,0,0,0,1,0
14_sensor_ablation,tool_current_only,ProtectiveStop,1,19,19,1,0,1,0,0,1,0
14_sensor_ablation,tool_current_only,ProtectiveStop,1,20,20,1,0,0,0,0,1,0
14_sensor_ablation,tool_current_only,ProtectiveStop,1,21,21,1,0,1,0,0,1,0
14_sensor_ablation,tool_current_only,ProtectiveStop,1,22,22,1,1,1,1,1,0,0
14_sensor_ablation,tool_current_only,ProtectiveStop,1,23,23,1,0,0,0,0,1,0
14_sensor_ablation,tool_current_only,ProtectiveStop,1,24,24,1,0,0,0,0,1,0
14_sensor_ablation,tool_current_only,ProtectiveStop,1,25,25,1,0,1,0,0,1,0
14_sensor_ablation,tool_current_only,ProtectiveStop,2,26,26,1,0,1,0,0,1,0
14_sensor_ablation,tool_current_only,ProtectiveStop,2,27,27,1,0,0,0,0,1,0
14_sensor_ablation,tool_current_only,ProtectiveStop,2,28,28,1,0,0,0,0,1,0
14_sensor_ablation,tool_current_only,ProtectiveStop,2,29,29,1,0,1,0,0,1,0
14_sensor_ablation,tool_current_only,ProtectiveStop,2,30,30,1,0,0,0,0,1,0
14_sensor_ablation,tool_current_only,ProtectiveStop,2,31,31,1,0,1,0,0,1,0
14_sensor_ablation,tool_current_only,ProtectiveStop,2,32,32,1,0,1,0,0,1,0
14_sensor_ablation,tool_current_only,ProtectiveStop,2,33,33,1,0,1,0,0,1,0
14_sensor_ablation,tool_current_only,ProtectiveStop,2,34,34,1,0,1,0,0,1,0
14_sensor_ablation,tool_current_only,ProtectiveStop,2,35,35,1,1,0,0,1,0,0
14_sensor_ablation,tool_current_only,ProtectiveStop,2,36,36,1,0,1,0,1,0,1
14_sensor_ablation,tool_current_only,ProtectiveStop,2,37,37,1,0,0,0,0,1,0
14_sensor_ablation,tool_current_only,ProtectiveStop,2,38,38,1,0,0,0,0,1,0
14_sensor_ablation,tool_current_only,ProtectiveStop,2,39,39,1,0,1,0,1,0,1
14_sensor_ablation,tool_current_only,ProtectiveStop,2,40,40,1,0,1,0,1,0,1
14_sensor_ablation,tool_current_only,ProtectiveStop,2,41,41,1,0,1,0,0,1,0
14_sensor_ablation,tool_current_only,ProtectiveStop,2,42,42,1,1,1,1,1,0,0
14_sensor_ablation,tool_current_only,ProtectiveStop,2,43,43,1,0,1,0,0,1,0
14_sensor_ablation,tool_current_only,ProtectiveStop,2,44,44,1,0,1,0,0,1,0
14_sensor_ablation,tool_current_only,ProtectiveStop,2,45,45,1,0,1,0,0,1,0
14_sensor_ablation,tool_current_only,ProtectiveStop,2,48,48,1,0,1,0,0,1,0
14_sensor_ablation,tool_current_only,ProtectiveStop,2,49,49,1,0,0,0,0,1,0
14_sensor_ablation,tool_current_only,ProtectiveStop,2,50,50,1,0,0,0,0,1,0
14_sensor_ablation,tool_current_only,ProtectiveStop,3,51,51,1,0,0,0,0,1,0
14_sensor_ablation,tool_current_only,ProtectiveStop,3,52,52,1,0,1,0,0,1,0
14_sensor_ablation,tool_current_only,ProtectiveStop,3,53,53,1,1,1,1,1,0,0
14_sensor_ablation,tool_current_only,ProtectiveStop,3,54,54,1,0,0,0,0,1,0
14_sensor_ablation,tool_current_only,ProtectiveStop,3,55,55,1,0,1,0,0,1,0
14_sensor_ablation,tool_current_only,ProtectiveStop,3,56,56,1,0,1,0,0,1,0
14_sensor_ablation,tool_current_only,ProtectiveStop,3,57,57,1,0,0,0,0,1,0
14_sensor_ablation,tool_current_only,ProtectiveStop,3,58,58,1,0,0,0,0,1,0
14_sensor_ablation,tool_current_only,ProtectiveStop,3,59,59,1,0,0,0,0,1,0
14_sensor_ablation,tool_current_only,ProtectiveStop,3,60,60,1,0,1,0,0,1,0
14_sensor_ablation,tool_current_only,ProtectiveStop,3,61,61,1,0,0,0,0,1,0
14_sensor_ablation,tool_current_only,ProtectiveStop,3,62,62,1,0,1,0,0,1,0
14_sensor_ablation,tool_current_only,ProtectiveStop,3,63,63,1,1,1,1,1,0,0
14_sensor_ablation,tool_current_only,ProtectiveStop,3,64,64,1,0,1,0,1,0,1
14_sensor_ablation,tool_current_only,ProtectiveStop,3,65,65,1,0,1,0,1,0,1
14_sensor_ablation,tool_current_only,ProtectiveStop,3,66,66,1,0,1,0,0,1,0
14_sensor_ablation,tool_current_only,ProtectiveStop,3,67,67,1,0,1,0,1,0,1
14_sensor_ablation,tool_current_only,ProtectiveStop,3,68,68,1,0,0,0,0,1,0
14_sensor_ablation,tool_current_only,ProtectiveStop,3,69,69,1,1,1,1,1,0,0
14_sensor_ablation,tool_current_only,ProtectiveStop,3,70,70,1,0,1,0,0,1,0
14_sensor_ablation,tool_current_only,ProtectiveStop,3,71,71,1,0,0,0,0,1,0
14_sensor_ablation,tool_current_only,ProtectiveStop,3,72,72,1,0,1,0,0,1,0
14_sensor_ablation,tool_current_only,ProtectiveStop,3,73,73,1,0,1,0,0,1,0
14_sensor_ablation,tool_current_only,ProtectiveStop,3,75,74,1,0,1,0,0,1,0
14_sensor_ablation,tool_current_only,ProtectiveStop,4,76,75,1,0,1,0,1,0,1
14_sensor_ablation,tool_current_only,ProtectiveStop,4,85,84,1,0,1,0,0,1,0
14_sensor_ablation,tool_current_only,ProtectiveStop,4,86,85,1,1,1,1,1,0,0
14_sensor_ablation,tool_current_only,ProtectiveStop,4,87,86,1,1,1,1,1,0,0
14_sensor_ablation,tool_current_only,ProtectiveStop,4,88,87,1,0,1,0,0,1,0
14_sensor_ablation,tool_current_only,ProtectiveStop,4,89,88,1,0,1,0,0,1,0
14_sensor_ablation,tool_current_only,ProtectiveStop,4,90,89,1,0,0,0,0,1,0
14_sensor_ablation,tool_current_only,ProtectiveStop,4,91,90,1,0,1,0,1,0,1
14_sensor_ablation,tool_current_only,ProtectiveStop,4,92,91,1,0,0,0,1,0,1
14_sensor_ablation,tool_current_only,ProtectiveStop,4,93,92,1,0,1,0,0,1,0
14_sensor_ablation,tool_current_only,ProtectiveStop,4,94,93,1,0,1,0,0,1,0
14_sensor_ablation,tool_current_only,ProtectiveStop,4,95,94,1,0,1,0,1,0,1
14_sensor_ablation,tool_current_only,ProtectiveStop,4,96,95,1,0,0,0,1,0,1
14_sensor_ablation,tool_current_only,ProtectiveStop,4,97,96,1,0,0,0,1,0,1
14_sensor_ablation,tool_current_only,ProtectiveStop,4,98,97,1,0,1,0,0,1,0
14_sensor_ablation,tool_current_only,ProtectiveStop,4,99,98,1,1,1,1,1,0,0
14_sensor_ablation,tool_current_only,ProtectiveStop,4,100,99,1,0,1,0,0,1,0
14_sensor_ablation,tool_current_only,ProtectiveStop,5,101,100,1,0,1,0,0,1,0
14_sensor_ablation,tool_current_only,ProtectiveStop,5,102,101,1,0,1,0,0,1,0
14_sensor_ablation,tool_current_only,ProtectiveStop,5,103,102,1,1,1,1,1,0,0
14_sensor_ablation,tool_current_only,ProtectiveStop,5,104,103,1,0,0,0,0,1,0
14_sensor_ablation,tool_current_only,ProtectiveStop,5,105,104,1,0,0,0,1,0,1
14_sensor_ablation,tool_current_only,ProtectiveStop,5,106,105,1,0,0,0,0,1,0
14_sensor_ablation,tool_current_only,ProtectiveStop,5,107,106,1,0,1,0,0,1,0
14_sensor_ablation,tool_current_only,ProtectiveStop,5,108,107,1,1,1,1,1,0,0
14_sensor_ablation,tool_current_only,ProtectiveStop,5,109,108,1,0,1,0,0,1,0
14_sensor_ablation,tool_current_only,ProtectiveStop,5,110,109,1,0,0,0,0,1,0
14_sensor_ablation,tool_current_only,ProtectiveStop,5,111,110,1,0,1,0,0,1,0
14_sensor_ablation,tool_current_only,ProtectiveStop,5,112,111,1,0,0,0,0,1,0
14_sensor_ablation,tool_current_only,ProtectiveStop,5,113,112,1,0,0,0,0,1,0
14_sensor_ablation,tool_current_only,ProtectiveStop,5,114,113,1,0,1,0,0,1,0
14_sensor_ablation,tool_current_only,ProtectiveStop,5,115,114,1,1,1,1,1,0,0
14_sensor_ablation,tool_current_only,ProtectiveStop,5,116,115,1,0,1,0,0,1,0
14_sensor_ablation,tool_current_only,ProtectiveStop,5,117,116,1,1,1,0,1,0,0
14_sensor_ablation,tool_current_only,ProtectiveStop,5,118,117,1,1,1,1,1,0,0
14_sensor_ablation,tool_current_only,ProtectiveStop,5,119,118,1,0,1,0,0,1,0
14_sensor_ablation,tool_current_only,ProtectiveStop,5,120,119,1,0,1,0,0,1,0
14_sensor_ablation,tool_current_only,ProtectiveStop,5,121,120,1,0,1,0,0,1,0
14_sensor_ablation,tool_current_only,ProtectiveStop,5,122,121,1,0,1,0,0,1,0
14_sensor_ablation,tool_current_only,ProtectiveStop,5,123,122,1,0,1,0,0,1,0
14_sensor_ablation,tool_current_only,ProtectiveStop,5,124,123,1,0,1,0,0,1,0
14_sensor_ablation,tool_current_only,ProtectiveStop,5,125,124,1,0,1,0,0,1,0
14_sensor_ablation,tool_current_only,ProtectiveStop,7,151,129,1,0,1,0,0,1,0
14_sensor_ablation,tool_current_only,ProtectiveStop,7,152,130,1,1,1,1,1,0,0
14_sensor_ablation,tool_current_only,ProtectiveStop,7,153,131,1,0,1,0,0,1,0
14_sensor_ablation,tool_current_only,ProtectiveStop,7,154,132,1,0,0,0,0,1,0
14_sensor_ablation,tool_current_only,ProtectiveStop,7,155,133,1,0,1,0,0,1,0
14_sensor_ablation,tool_current_only,ProtectiveStop,7,156,134,1,0,1,0,0,1,0
14_sensor_ablation,tool_current_only,ProtectiveStop,7,157,135,1,0,0,0,0,1,0
14_sensor_ablation,tool_current_only,ProtectiveStop,7,159,137,1,1,1,0,1,0,0
14_sensor_ablation,tool_current_only,ProtectiveStop,7,160,138,1,0,0,0,1,0,1
14_sensor_ablation,tool_current_only,ProtectiveStop,7,161,139,1,0,0,0,0,1,0
14_sensor_ablation,tool_current_only,ProtectiveStop,7,162,140,1,0,1,0,0,1,0
14_sensor_ablation,tool_current_only,ProtectiveStop,7,163,141,1,1,1,0,1,0,0
14_sensor_ablation,tool_current_only,ProtectiveStop,7,164,142,1,1,0,0,1,0,0
14_sensor_ablation,tool_current_only,ProtectiveStop,7,165,143,1,0,0,0,0,1,0
14_sensor_ablation,tool_current_only,ProtectiveStop,7,166,144,1,0,0,0,0,1,0
14_sensor_ablation,tool_current_only,ProtectiveStop,7,167,145,1,0,1,0,0,1,0
14_sensor_ablation,tool_current_only,ProtectiveStop,7,168,146,1,0,0,0,0,1,0
14_sensor_ablation,tool_current_only,ProtectiveStop,7,169,147,1,0,1,0,0,1,0
14_sensor_ablation,tool_current_only,ProtectiveStop,7,170,148,1,1,1,1,1,0,0
14_sensor_ablation,tool_current_only,ProtectiveStop,7,171,149,1,0,0,0,0,1,0
14_sensor_ablation,tool_current_only,ProtectiveStop,7,172,150,1,0,0,0,0,1,0
14_sensor_ablation,tool_current_only,ProtectiveStop,7,173,151,1,1,1,1,1,0,0
14_sensor_ablation,tool_current_only,ProtectiveStop,7,174,152,1,1,1,1,1,0,0
14_sensor_ablation,tool_current_only,ProtectiveStop,7,175,153,1,1,1,1,1,0,0
14_sensor_ablation,tool_current_only,ProtectiveStop,8,176,154,1,0,0,0,0,1,0
14_sensor_ablation,tool_current_only,ProtectiveStop,8,177,155,1,0,1,0,0,1,0
14_sensor_ablation,tool_current_only,ProtectiveStop,8,178,156,1,0,1,0,0,1,0
14_sensor_ablation,tool_current_only,ProtectiveStop,8,179,157,1,0,0,0,0,1,0
14_sensor_ablation,tool_current_only,ProtectiveStop,8,180,158,1,0,0,0,1,0,1
14_sensor_ablation,tool_current_only,ProtectiveStop,8,181,159,1,0,0,0,0,1,0
14_sensor_ablation,tool_current_only,ProtectiveStop,8,182,160,1,1,1,0,1,0,0
14_sensor_ablation,tool_current_only,ProtectiveStop,8,183,161,1,1,1,1,1,0,0
14_sensor_ablation,tool_current_only,ProtectiveStop,8,184,162,1,0,1,0,0,1,0
14_sensor_ablation,tool_current_only,ProtectiveStop,8,185,163,1,1,0,0,1,0,0
14_sensor_ablation,tool_current_only,ProtectiveStop,8,199,176,1,0,0,0,0,1,0
14_sensor_ablation,tool_current_only,ProtectiveStop,8,200,177,1,0,1,0,1,0,1
14_sensor_ablation,tool_current_only,ProtectiveStop,9,201,178,1,1,1,1,1,0,0
14_sensor_ablation,tool_current_only,ProtectiveStop,9,202,179,1,0,1,0,1,0,1
14_sensor_ablation,tool_current_only,ProtectiveStop,9,203,180,1,0,1,0,0,1,0
14_sensor_ablation,tool_current_only,ProtectiveStop,9,204,181,1,1,1,1,1,0,0
14_sensor_ablation,tool_current_only,ProtectiveStop,9,205,182,1,0,0,0,0,1,0
14_sensor_ablation,tool_current_only,ProtectiveStop,9,206,183,1,1,1,1,1,0,0
14_sensor_ablation,tool_current_only,ProtectiveStop,9,207,184,1,0,0,0,0,1,0
14_sensor_ablation,tool_current_only,ProtectiveStop,9,208,185,1,0,1,0,1,0,1
14_sensor_ablation,tool_current_only,ProtectiveStop,9,209,186,1,0,0,0,0,1,0
14_sensor_ablation,tool_current_only,ProtectiveStop,9,210,187,1,1,1,1,1,0,0
14_sensor_ablation,tool_current_only,ProtectiveStop,9,211,188,1,0,0,0,0,1,0
14_sensor_ablation,tool_current_only,ProtectiveStop,9,212,189,1,1,1,0,1,0,0
14_sensor_ablation,tool_current_only,ProtectiveStop,9,213,190,1,0,0,0,0,1,0
14_sensor_ablation,tool_current_only,ProtectiveStop,9,214,191,1,1,1,0,1,0,0
14_sensor_ablation,tool_current_only,ProtectiveStop,9,215,192,1,1,1,0,1,0,0
14_sensor_ablation,tool_current_only,ProtectiveStop,9,216,193,1,0,1,0,1,0,1
14_sensor_ablation,tool_current_only,ProtectiveStop,9,217,194,1,1,1,0,1,0,0
14_sensor_ablation,tool_current_only,ProtectiveStop,9,218,195,1,1,1,0,1,0,0
14_sensor_ablation,tool_current_only,ProtectiveStop,9,219,196,1,1,1,1,1,0,0
14_sensor_ablation,tool_current_only,ProtectiveStop,9,220,197,1,1,1,1,1,0,0
14_sensor_ablation,tool_current_only,ProtectiveStop,9,221,198,1,1,0,0,1,0,0
14_sensor_ablation,tool_current_only,ProtectiveStop,9,222,199,1,1,0,0,1,0,0
14_sensor_ablation,tool_current_only,ProtectiveStop,9,223,200,1,1,1,0,1,0,0
14_sensor_ablation,tool_current_only,ProtectiveStop,9,224,201,1,1,1,1,1,0,0
14_sensor_ablation,tool_current_only,ProtectiveStop,9,225,202,1,1,1,1,1,0,0
14_sensor_ablation,tool_current_only,ProtectiveStop,9,224,210,2,1,1,1,1,0,0
14_sensor_ablation,tool_current_only,ProtectiveStop,10,226,203,1,1,1,1,1,0,0
14_sensor_ablation,tool_current_only,ProtectiveStop,10,227,204,1,1,1,1,1,0,0
14_sensor_ablation,tool_current_only,ProtectiveStop,10,229,205,1,1,1,1,1,0,0
14_sensor_ablation,tool_current_only,ProtectiveStop,10,230,206,1,1,1,0,1,0,0
14_sensor_ablation,tool_current_only,ProtectiveStop,10,231,207,1,1,1,1,1,0,0
14_sensor_ablation,tool_current_only,ProtectiveStop,10,232,208,1,0,0,0,0,1,0
14_sensor_ablation,tool_current_only,ProtectiveStop,10,233,209,1,1,1,1,1,0,0
14_sensor_ablation,tool_current_only,ProtectiveStop,10,230,216,2,1,1,1,1,0,0
14_sensor_ablation,tool_current_only,ProtectiveStop,10,231,217,2,1,1,1,1,0,0
14_sensor_ablation,tool_current_only,ProtectiveStop,10,232,218,2,1,0,0,1,0,0
14_sensor_ablation,tool_current_only,ProtectiveStop,10,233,219,2,0,1,0,1,0,1
14_sensor_ablation,tool_current_only,ProtectiveStop,10,234,220,1,1,1,1,1,0,0
14_sensor_ablation,tool_current_only,ProtectiveStop,10,235,221,1,1,1,0,1,0,0
14_sensor_ablation,tool_current_only,ProtectiveStop,10,236,222,1,0,0,0,0,1,0
14_sensor_ablation,tool_current_only,ProtectiveStop,10,237,223,1,1,1,1,1,0,0
14_sensor_ablation,tool_current_only,ProtectiveStop,10,238,224,1,0,1,0,0,1,0
14_sensor_ablation,tool_current_only,ProtectiveStop,10,239,225,1,1,1,1,1,0,0
14_sensor_ablation,tool_current_only,ProtectiveStop,10,240,226,1,1,1,1,1,0,0
14_sensor_ablation,tool_current_only,ProtectiveStop,10,241,227,1,0,0,0,0,1,0
14_sensor_ablation,tool_current_only,ProtectiveStop,10,242,228,1,1,1,0,1,0,0
14_sensor_ablation,tool_current_only,ProtectiveStop,10,243,229,1,0,1,0,0,1,0
14_sensor_ablation,tool_current_only,ProtectiveStop,10,245,230,1,0,1,0,0,1,0
14_sensor_ablation,tool_current_only,ProtectiveStop,10,246,231,1,1,1,1,1,0,0
14_sensor_ablation,tool_current_only,ProtectiveStop,10,247,232,1,1,1,1,1,0,0
14_sensor_ablation,tool_current_only,ProtectiveStop,10,248,233,1,0,1,0,0,1,0
14_sensor_ablation,tool_current_only,ProtectiveStop,10,249,234,1,1,1,0,1,0,0
14_sensor_ablation,tool_current_only,ProtectiveStop,10,250,235,1,1,1,1,1,0,0
14_sensor_ablation,tool_current_only,GripLost,1,1,1,1,0,0,0,1,0,1
14_sensor_ablation,tool_current_only,GripLost,1,2,2,1,1,1,1,1,0,0
14_sensor_ablation,tool_current_only,GripLost,1,3,3,1,0,0,0,0,1,0
14_sensor_ablation,tool_current_only,GripLost,1,4,4,1,0,0,0,0,1,0
14_sensor_ablation,tool_current_only,GripLost,1,5,5,1,1,1,0,1,0,0
14_sensor_ablation,tool_current_only,GripLost,1,6,6,1,1,0,0,1,0,0
14_sensor_ablation,tool_current_only,GripLost,1,8,8,1,0,1,0,0,1,0
14_sensor_ablation,tool_current_only,GripLost,1,9,9,1,0,1,0,0,1,0
14_sensor_ablation,tool_current_only,GripLost,1,10,10,1,0,1,0,0,1,0
14_sensor_ablation,tool_current_only,GripLost,1,11,11,1,0,0,0,0,1,0
14_sensor_ablation,tool_current_only,GripLost,1,12,12,1,0,1,0,0,1,0
14_sensor_ablation,tool_current_only,GripLost,1,13,13,1,0,1,0,0,1,0
14_sensor_ablation,tool_current_only,GripLost,1,14,14,1,1,0,0,1,0,0
14_sensor_ablation,tool_current_only,GripLost,1,15,15,1,1,1,1,1,0,0
14_sensor_ablation,tool_current_only,GripLost,1,16,16,1,0,1,0,0,1,0
14_sensor_ablation,tool_current_only,GripLost,1,17,17,1,0,0,0,0,1,0
14_sensor_ablation,tool_current_only,GripLost,1,18,18,1,0,0,0,0,1,0
14_sensor_ablation,tool_current_only,GripLost,1,19,19,1,0,1,0,0,1,0
14_sensor_ablation,tool_current_only,GripLost,1,20,20,1,0,1,0,0,1,0
14_sensor_ablation,tool_current_only,GripLost,1,21,21,1,0,1,0,0,1,0
14_sensor_ablation,tool_current_only,GripLost,1,22,22,1,0,1,0,1,0,1
14_sensor_ablation,tool_current_only,GripLost,1,23,23,1,0,1,0,0,1,0
14_sensor_ablation,tool_current_only,GripLost,1,24,24,1,0,1,0,0,1,0
14_sensor_ablation,tool_current_only,GripLost,1,25,25,1,0,1,0,0,1,0
14_sensor_ablation,tool_current_only,GripLost,2,26,26,1,0,1,0,0,1,0
14_sensor_ablation,tool_current_only,GripLost,2,27,27,1,0,0,0,0,1,0
14_sensor_ablation,tool_current_only,GripLost,2,28,28,1,0,0,0,0,1,0
14_sensor_ablation,tool_current_only,GripLost,2,29,29,1,0,0,0,0,1,0
14_sensor_ablation,tool_current_only,GripLost,2,30,30,1,0,1,0,0,1,0
14_sensor_ablation,tool_current_only,GripLost,2,31,31,1,0,1,0,0,1,0
14_sensor_ablation,tool_current_only,GripLost,2,32,32,1,0,1,0,0,1,0
14_sensor_ablation,tool_current_only,GripLost,2,33,33,1,0,1,0,0,1,0
14_sensor_ablation,tool_current_only,GripLost,2,34,34,1,0,1,0,0,1,0
14_sensor_ablation,tool_current_only,GripLost,2,35,35,1,0,1,0,1,0,1
14_sensor_ablation,tool_current_only,GripLost,2,36,36,1,1,1,1,1,0,0
14_sensor_ablation,tool_current_only,GripLost,2,37,37,1,0,0,0,0,1,0
14_sensor_ablation,tool_current_only,GripLost,2,38,38,1,0,1,0,0,1,0
14_sensor_ablation,tool_current_only,GripLost,2,39,39,1,1,1,1,1,0,0
14_sensor_ablation,tool_current_only,GripLost,2,40,40,1,1,1,1,1,0,0
14_sensor_ablation,tool_current_only,GripLost,2,41,41,1,0,1,0,0,1,0
14_sensor_ablation,tool_current_only,GripLost,2,42,42,1,0,1,0,1,0,1
14_sensor_ablation,tool_current_only,GripLost,2,43,43,1,0,0,0,0,1,0
14_sensor_ablation,tool_current_only,GripLost,2,44,44,1,0,1,0,0,1,0
14_sensor_ablation,tool_current_only,GripLost,2,45,45,1,0,1,0,0,1,0
14_sensor_ablation,tool_current_only,GripLost,2,48,48,1,0,1,0,0,1,0
14_sensor_ablation,tool_current_only,GripLost,2,49,49,1,0,1,0,0,1,0
14_sensor_ablation,tool_current_only,GripLost,2,50,50,1,0,1,0,0,1,0
14_sensor_ablation,tool_current_only,GripLost,3,51,51,1,0,1,0,0,1,0
14_sensor_ablation,tool_current_only,GripLost,3,52,52,1,0,1,0,0,1,0
14_sensor_ablation,tool_current_only,GripLost,3,53,53,1,0,1,0,1,0,1
14_sensor_ablation,tool_current_only,GripLost,3,54,54,1,0,1,0,0,1,0
14_sensor_ablation,tool_current_only,GripLost,3,55,55,1,0,1,0,0,1,0
14_sensor_ablation,tool_current_only,GripLost,3,56,56,1,0,1,0,0,1,0
14_sensor_ablation,tool_current_only,GripLost,3,57,57,1,0,1,0,0,1,0
14_sensor_ablation,tool_current_only,GripLost,3,58,58,1,0,1,0,0,1,0
14_sensor_ablation,tool_current_only,GripLost,3,59,59,1,0,1,0,0,1,0
14_sensor_ablation,tool_current_only,GripLost,3,60,60,1,0,1,0,0,1,0
14_sensor_ablation,tool_current_only,GripLost,3,61,61,1,0,0,0,0,1,0
14_sensor_ablation,tool_current_only,GripLost,3,62,62,1,0,0,0,0,1,0
14_sensor_ablation,tool_current_only,GripLost,3,63,63,1,1,0,0,1,0,0
14_sensor_ablation,tool_current_only,GripLost,3,64,64,1,1,1,1,1,0,0
14_sensor_ablation,tool_current_only,GripLost,3,65,65,1,1,1,1,1,0,0
14_sensor_ablation,tool_current_only,GripLost,3,66,66,1,0,1,0,0,1,0
14_sensor_ablation,tool_current_only,GripLost,3,67,67,1,1,0,0,1,0,0
14_sensor_ablation,tool_current_only,GripLost,3,68,68,1,0,0,0,0,1,0
14_sensor_ablation,tool_current_only,GripLost,3,69,69,1,1,1,1,1,0,0
14_sensor_ablation,tool_current_only,GripLost,3,70,70,1,0,1,0,0,1,0
14_sensor_ablation,tool_current_only,GripLost,3,71,71,1,0,1,0,0,1,0
14_sensor_ablation,tool_current_only,GripLost,3,72,72,1,0,1,0,0,1,0
14_sensor_ablation,tool_current_only,GripLost,3,73,73,1,0,0,0,0,1,0
14_sensor_ablation,tool_current_only,GripLost,3,75,74,1,0,1,0,0,1,0
14_sensor_ablation,tool_current_only,GripLost,4,76,75,1,1,0,0,1,0,0
14_sensor_ablation,tool_current_only,GripLost,4,85,84,1,0,0,0,0,1,0
14_sensor_ablation,tool_current_only,GripLost,4,86,85,1,1,1,0,1,0,0
14_sensor_ablation,tool_current_only,GripLost,4,87,86,1,0,0,0,1,0,1
14_sensor_ablation,tool_current_only,GripLost,4,88,87,1,0,0,0,0,1,0
14_sensor_ablation,tool_current_only,GripLost,4,89,88,1,0,1,0,0,1,0
14_sensor_ablation,tool_current_only,GripLost,4,90,89,1,0,1,0,0,1,0
14_sensor_ablation,tool_current_only,GripLost,4,91,90,1,1,1,0,1,0,0
14_sensor_ablation,tool_current_only,GripLost,4,92,91,1,1,1,1,1,0,0
14_sensor_ablation,tool_current_only,GripLost,4,93,92,1,0,1,0,0,1,0
14_sensor_ablation,tool_current_only,GripLost,4,94,93,1,0,1,0,0,1,0
14_sensor_ablation,tool_current_only,GripLost,4,95,94,1,1,0,0,1,0,0
14_sensor_ablation,tool_current_only,GripLost,4,96,95,1,1,1,1,1,0,0
14_sensor_ablation,tool_current_only,GripLost,4,97,96,1,1,1,1,1,0,0
14_sensor_ablation,tool_current_only,GripLost,4,98,97,1,0,1,0,0,1,0
14_sensor_ablation,tool_current_only,GripLost,4,99,98,1,0,1,0,1,0,1
14_sensor_ablation,tool_current_only,GripLost,4,100,99,1,0,0,0,0,1,0
14_sensor_ablation,tool_current_only,GripLost,5,101,100,1,0,1,0,0,1,0
14_sensor_ablation,tool_current_only,GripLost,5,102,101,1,0,1,0,0,1,0
14_sensor_ablation,tool_current_only,GripLost,5,103,102,1,0,1,0,1,0,1
14_sensor_ablation,tool_current_only,GripLost,5,104,103,1,0,0,0,0,1,0
14_sensor_ablation,tool_current_only,GripLost,5,105,104,1,1,1,1,1,0,0
14_sensor_ablation,tool_current_only,GripLost,5,106,105,1,0,1,0,0,1,0
14_sensor_ablation,tool_current_only,GripLost,5,107,106,1,0,0,0,0,1,0
14_sensor_ablation,tool_current_only,GripLost,5,108,107,1,0,1,0,1,0,1
14_sensor_ablation,tool_current_only,GripLost,5,109,108,1,0,1,0,0,1,0
14_sensor_ablation,tool_current_only,GripLost,5,110,109,1,0,1,0,0,1,0
14_sensor_ablation,tool_current_only,GripLost,5,111,110,1,0,1,0,0,1,0
14_sensor_ablation,tool_current_only,GripLost,5,112,111,1,0,1,0,0,1,0
14_sensor_ablation,tool_current_only,GripLost,5,113,112,1,0,0,0,0,1,0
14_sensor_ablation,tool_current_only,GripLost,5,114,113,1,0,0,0,0,1,0
14_sensor_ablation,tool_current_only,GripLost,5,115,114,1,0,1,0,1,0,1
14_sensor_ablation,tool_current_only,GripLost,5,116,115,1,0,1,0,0,1,0
14_sensor_ablation,tool_current_only,GripLost,5,117,116,1,0,1,0,1,0,1
14_sensor_ablation,tool_current_only,GripLost,5,118,117,1,0,0,0,1,0,1
14_sensor_ablation,tool_current_only,GripLost,5,119,118,1,0,1,0,0,1,0
14_sensor_ablation,tool_current_only,GripLost,5,120,119,1,0,1,0,0,1,0
14_sensor_ablation,tool_current_only,GripLost,5,121,120,1,0,1,0,0,1,0
14_sensor_ablation,tool_current_only,GripLost,5,122,121,1,0,1,0,0,1,0
14_sensor_ablation,tool_current_only,GripLost,5,123,122,1,0,1,0,0,1,0
14_sensor_ablation,tool_current_only,GripLost,5,124,123,1,0,1,0,0,1,0
14_sensor_ablation,tool_current_only,GripLost,5,125,124,1,0,1,0,0,1,0
14_sensor_ablation,tool_current_only,GripLost,7,151,129,1,0,1,0,0,1,0
14_sensor_ablation,tool_current_only,GripLost,7,152,130,1,0,1,0,1,0,1
14_sensor_ablation,tool_current_only,GripLost,7,153,131,1,0,1,0,0,1,0
14_sensor_ablation,tool_current_only,GripLost,7,154,132,1,0,1,0,0,1,0
14_sensor_ablation,tool_current_only,GripLost,7,155,133,1,0,1,0,0,1,0
14_sensor_ablation,tool_current_only,GripLost,7,156,134,1,0,1,0,0,1,0
14_sensor_ablation,tool_current_only,GripLost,7,157,135,1,0,1,0,0,1,0
14_sensor_ablation,tool_current_only,GripLost,7,159,137,1,0,1,0,1,0,1
14_sensor_ablation,tool_current_only,GripLost,7,160,138,1,1,0,0,1,0,0
14_sensor_ablation,tool_current_only,GripLost,7,161,139,1,0,1,0,0,1,0
14_sensor_ablation,tool_current_only,GripLost,7,162,140,1,0,1,0,0,1,0
14_sensor_ablation,tool_current_only,GripLost,7,163,141,1,0,1,0,1,0,1
14_sensor_ablation,tool_current_only,GripLost,7,164,142,1,1,0,0,1,0,0
14_sensor_ablation,tool_current_only,GripLost,7,165,143,1,0,1,0,0,1,0
14_sensor_ablation,tool_current_only,GripLost,7,166,144,1,0,1,0,0,1,0
14_sensor_ablation,tool_current_only,GripLost,7,167,145,1,0,1,0,0,1,0
14_sensor_ablation,tool_current_only,GripLost,7,168,146,1,0,0,0,0,1,0
14_sensor_ablation,tool_current_only,GripLost,7,169,147,1,0,0,0,0,1,0
14_sensor_ablation,tool_current_only,GripLost,7,170,148,1,0,1,0,1,0,1
14_sensor_ablation,tool_current_only,GripLost,7,171,149,1,0,1,0,0,1,0
14_sensor_ablation,tool_current_only,GripLost,7,172,150,1,0,1,0,0,1,0
14_sensor_ablation,tool_current_only,GripLost,7,173,151,1,1,1,1,1,0,0
14_sensor_ablation,tool_current_only,GripLost,7,174,152,1,1,0,0,1,0,0
14_sensor_ablation,tool_current_only,GripLost,7,175,153,1,0,1,0,1,0,1
14_sensor_ablation,tool_current_only,GripLost,8,176,154,1,0,1,0,0,1,0
14_sensor_ablation,tool_current_only,GripLost,8,177,155,1,0,1,0,0,1,0
14_sensor_ablation,tool_current_only,GripLost,8,178,156,1,0,1,0,0,1,0
14_sensor_ablation,tool_current_only,GripLost,8,179,157,1,0,1,0,0,1,0
14_sensor_ablation,tool_current_only,GripLost,8,180,158,1,1,0,0,1,0,0
14_sensor_ablation,tool_current_only,GripLost,8,181,159,1,0,1,0,0,1,0
14_sensor_ablation,tool_current_only,GripLost,8,182,160,1,0,1,0,1,0,1
14_sensor_ablation,tool_current_only,GripLost,8,183,161,1,0,1,0,1,0,1
14_sensor_ablation,tool_current_only,GripLost,8,184,162,1,0,1,0,0,1,0
14_sensor_ablation,tool_current_only,GripLost,8,185,163,1,0,0,0,1,0,1
14_sensor_ablation,tool_current_only,GripLost,8,199,176,1,0,1,0,0,1,0
14_sensor_ablation,tool_current_only,GripLost,8,200,177,1,1,1,1,1,0,0
14_sensor_ablation,tool_current_only,GripLost,9,201,178,1,0,1,0,1,0,1
14_sensor_ablation,tool_current_only,GripLost,9,202,179,1,1,0,0,1,0,0
14_sensor_ablation,tool_current_only,GripLost,9,203,180,1,0,1,0,0,1,0
14_sensor_ablation,tool_current_only,GripLost,9,204,181,1,0,1,0,1,0,1
14_sensor_ablation,tool_current_only,GripLost,9,205,182,1,0,0,0,0,1,0
14_sensor_ablation,tool_current_only,GripLost,9,206,183,1,0,1,0,1,0,1
14_sensor_ablation,tool_current_only,GripLost,9,207,184,1,0,1,0,0,1,0
14_sensor_ablation,tool_current_only,GripLost,9,208,185,1,1,1,1,1,0,0
14_sensor_ablation,tool_current_only,GripLost,9,209,186,1,0,1,0,0,1,0
14_sensor_ablation,tool_current_only,GripLost,9,210,187,1,0,1,0,1,0,1
14_sensor_ablation,tool_current_only,GripLost,9,211,188,1,0,1,0,0,1,0
14_sensor_ablation,tool_current_only,GripLost,9,212,189,1,0,0,0,1,0,1
14_sensor_ablation,tool_current_only,GripLost,9,213,190,1,0,1,0,0,1,0
14_sensor_ablation,tool_current_only,GripLost,9,214,191,1,1,1,1,1,0,0
14_sensor_ablation,tool_current_only,GripLost,9,215,192,1,0,1,0,1,0,1
14_sensor_ablation,tool_current_only,GripLost,9,216,193,1,1,1,1,1,0,0
14_sensor_ablation,tool_current_only,GripLost,9,217,194,1,0,0,0,1,0,1
14_sensor_ablation,tool_current_only,GripLost,9,218,195,1,0,1,0,1,0,1
14_sensor_ablation,tool_current_only,GripLost,9,219,196,1,1,1,1,1,0,0
14_sensor_ablation,tool_current_only,GripLost,9,220,197,1,0,1,0,1,0,1
14_sensor_ablation,tool_current_only,GripLost,9,221,198,1,1,1,1,1,0,0
14_sensor_ablation,tool_current_only,GripLost,9,222,199,1,0,1,0,1,0,1
14_sensor_ablation,tool_current_only,GripLost,9,223,200,1,0,1,0,1,0,1
14_sensor_ablation,tool_current_only,GripLost,9,224,201,1,0,1,0,1,0,1
14_sensor_ablation,tool_current_only,GripLost,9,225,202,1,0,1,0,1,0,1
14_sensor_ablation,tool_current_only,GripLost,9,224,210,2,0,1,0,1,0,1
14_sensor_ablation,tool_current_only,GripLost,10,226,203,1,0,1,0,1,0,1
14_sensor_ablation,tool_current_only,GripLost,10,227,204,1,0,1,0,1,0,1
14_sensor_ablation,tool_current_only,GripLost,10,229,205,1,0,1,0,1,0,1
14_sensor_ablation,tool_current_only,GripLost,10,230,206,1,0,1,0,1,0,1
14_sensor_ablation,tool_current_only,GripLost,10,231,207,1,0,1,0,1,0,1
14_sensor_ablation,tool_current_only,GripLost,10,232,208,1,0,0,0,0,1,0
14_sensor_ablation,tool_current_only,GripLost,10,233,209,1,0,1,0,1,0,1
14_sensor_ablation,tool_current_only,GripLost,10,230,216,2,0,0,0,1,0,1
14_sensor_ablation,tool_current_only,GripLost,10,231,217,2,0,0,0,1,0,1
14_sensor_ablation,tool_current_only,GripLost,10,232,218,2,1,1,1,1,0,0
14_sensor_ablation,tool_current_only,GripLost,10,233,219,2,1,1,1,1,0,0
14_sensor_ablation,tool_current_only,GripLost,10,234,220,1,1,1,0,1,0,0
14_sensor_ablation,tool_current_only,GripLost,10,235,221,1,0,1,0,1,0,1
14_sensor_ablation,tool_current_only,GripLost,10,236,222,1,0,1,0,0,1,0
14_sensor_ablation,tool_current_only,GripLost,10,237,223,1,1,1,0,1,0,0
14_sensor_ablation,tool_current_only,GripLost,10,238,224,1,0,1,0,0,1,0
14_sensor_ablation,tool_current_only,GripLost,10,239,225,1,0,1,0,1,0,1
14_sensor_ablation,tool_current_only,GripLost,10,240,226,1,0,1,0,1,0,1
14_sensor_ablation,tool_current_only,GripLost,10,241,227,1,0,0,0,0,1,0
14_sensor_ablation,tool_current_only,GripLost,10,242,228,1,0,1,0,1,0,1
14_sensor_ablation,tool_current_only,GripLost,10,243,229,1,0,0,0,0,1,0
14_sensor_ablation,tool_current_only,GripLost,10,245,230,1,0,1,0,0,1,0
14_sensor_ablation,tool_current_only,GripLost,10,246,231,1,0,1,0,1,0,1
14_sensor_ablation,tool_current_only,GripLost,10,247,232,1,1,1,0,1,0,0
14_sensor_ablation,tool_current_only,GripLost,10,248,233,1,0,0,0,0,1,0
14_sensor_ablation,tool_current_only,GripLost,10,249,234,1,0,1,0,1,0,1
14_sensor_ablation,tool_current_only,GripLost,10,250,235,1,1,1,1,1,0,0
15_classical_models,logistic_regression,System_Failure,1,1,1,1,1,1,1,1,0,0
15_classical_models,logistic_regression,System_Failure,1,2,2,1,1,1,1,1,0,0
15_classical_models,logistic_regression,System_Failure,1,3,3,1,0,1,0,0,1,0
15_classical_models,logistic_regression,System_Failure,1,4,4,1,0,0,0,0,1,0
15_classical_models,logistic_regression,System_Failure,1,5,5,1,1,1,1,1,0,0
15_classical_models,logistic_regression,System_Failure,1,6,6,1,1,1,1,1,0,0
15_classical_models,logistic_regression,System_Failure,1,8,8,1,0,0,0,0,1,0
15_classical_models,logistic_regression,System_Failure,1,9,9,1,0,1,0,0,1,0
15_classical_models,logistic_regression,System_Failure,1,10,10,1,0,1,0,0,1,0
15_classical_models,logistic_regression,System_Failure,1,11,11,1,0,1,0,0,1,0
15_classical_models,logistic_regression,System_Failure,1,12,12,1,0,1,0,0,1,0
15_classical_models,logistic_regression,System_Failure,1,13,13,1,0,1,0,0,1,0
15_classical_models,logistic_regression,System_Failure,1,14,14,1,1,1,1,1,0,0
15_classical_models,logistic_regression,System_Failure,1,15,15,1,1,1,1,1,0,0
15_classical_models,logistic_regression,System_Failure,1,16,16,1,0,1,0,0,1,0
15_classical_models,logistic_regression,System_Failure,1,17,17,1,0,1,0,0,1,0
15_classical_models,logistic_regression,System_Failure,1,18,18,1,0,0,0,0,1,0
15_classical_models,logistic_regression,System_Failure,1,19,19,1,0,1,0,0,1,0
15_classical_models,logistic_regression,System_Failure,1,20,20,1,0,1,0,0,1,0
15_classical_models,logistic_regression,System_Failure,1,21,21,1,0,1,0,0,1,0
15_classical_models,logistic_regression,System_Failure,1,22,22,1,1,1,1,1,0,0
15_classical_models,logistic_regression,System_Failure,1,23,23,1,0,1,0,0,1,0
15_classical_models,logistic_regression,System_Failure,1,24,24,1,0,1,0,0,1,0
15_classical_models,logistic_regression,System_Failure,1,25,25,1,0,0,0,0,1,0
15_classical_models,logistic_regression,System_Failure,2,26,26,1,0,1,0,0,1,0
15_classical_models,logistic_regression,System_Failure,2,27,27,1,0,1,0,0,1,0
15_classical_models,logistic_regression,System_Failure,2,28,28,1,0,1,0,0,1,0
15_classical_models,logistic_regression,System_Failure,2,29,29,1,0,0,0,0,1,0
15_classical_models,logistic_regression,System_Failure,2,30,30,1,0,0,0,0,1,0
15_classical_models,logistic_regression,System_Failure,2,31,31,1,0,0,0,0,1,0
15_classical_models,logistic_regression,System_Failure,2,32,32,1,0,1,0,0,1,0
15_classical_models,logistic_regression,System_Failure,2,33,33,1,0,0,0,0,1,0
15_classical_models,logistic_regression,System_Failure,2,34,34,1,0,0,0,0,1,0
15_classical_models,logistic_regression,System_Failure,2,35,35,1,1,1,1,1,0,0
15_classical_models,logistic_regression,System_Failure,2,36,36,1,1,1,1,1,0,0
15_classical_models,logistic_regression,System_Failure,2,37,37,1,0,1,0,0,1,0
15_classical_models,logistic_regression,System_Failure,2,38,38,1,0,1,0,0,1,0
15_classical_models,logistic_regression,System_Failure,2,39,39,1,1,1,1,1,0,0
15_classical_models,logistic_regression,System_Failure,2,40,40,1,1,1,1,1,0,0
15_classical_models,logistic_regression,System_Failure,2,41,41,1,0,1,0,0,1,0
15_classical_models,logistic_regression,System_Failure,2,42,42,1,1,1,1,1,0,0
15_classical_models,logistic_regression,System_Failure,2,43,43,1,0,0,0,0,1,0
15_classical_models,logistic_regression,System_Failure,2,44,44,1,0,0,0,0,1,0
15_classical_models,logistic_regression,System_Failure,2,45,45,1,0,0,0,0,1,0
15_classical_models,logistic_regression,System_Failure,2,48,48,1,0,0,0,0,1,0
15_classical_models,logistic_regression,System_Failure,2,49,49,1,0,0,0,0,1,0
15_classical_models,logistic_regression,System_Failure,2,50,50,1,0,1,0,0,1,0
15_classical_models,logistic_regression,System_Failure,3,51,51,1,0,0,0,0,1,0
15_classical_models,logistic_regression,System_Failure,3,52,52,1,0,1,0,0,1,0
15_classical_models,logistic_regression,System_Failure,3,53,53,1,1,1,1,1,0,0
15_classical_models,logistic_regression,System_Failure,3,54,54,1,0,0,0,0,1,0
15_classical_models,logistic_regression,System_Failure,3,55,55,1,0,0,0,0,1,0
15_classical_models,logistic_regression,System_Failure,3,56,56,1,0,1,0,0,1,0
15_classical_models,logistic_regression,System_Failure,3,57,57,1,0,0,0,0,1,0
15_classical_models,logistic_regression,System_Failure,3,58,58,1,0,1,0,0,1,0
15_classical_models,logistic_regression,System_Failure,3,59,59,1,0,0,0,0,1,0
15_classical_models,logistic_regression,System_Failure,3,60,60,1,0,1,0,0,1,0
15_classical_models,logistic_regression,System_Failure,3,61,61,1,0,0,0,0,1,0
15_classical_models,logistic_regression,System_Failure,3,62,62,1,0,1,0,0,1,0
15_classical_models,logistic_regression,System_Failure,3,63,63,1,1,1,1,1,0,0
15_classical_models,logistic_regression,System_Failure,3,64,64,1,1,1,1,1,0,0
15_classical_models,logistic_regression,System_Failure,3,65,65,1,1,1,1,1,0,0
15_classical_models,logistic_regression,System_Failure,3,66,66,1,0,1,0,0,1,0
15_classical_models,logistic_regression,System_Failure,3,67,67,1,1,1,1,1,0,0
15_classical_models,logistic_regression,System_Failure,3,68,68,1,0,1,0,0,1,0
15_classical_models,logistic_regression,System_Failure,3,69,69,1,1,1,1,1,0,0
15_classical_models,logistic_regression,System_Failure,3,70,70,1,0,0,0,0,1,0
15_classical_models,logistic_regression,System_Failure,3,71,71,1,0,1,0,0,1,0
15_classical_models,logistic_regression,System_Failure,3,72,72,1,0,1,0,0,1,0
15_classical_models,logistic_regression,System_Failure,3,73,73,1,0,1,0,0,1,0
15_classical_models,logistic_regression,System_Failure,3,75,74,1,0,1,0,0,1,0
15_classical_models,logistic_regression,System_Failure,4,76,75,1,1,1,1,1,0,0
15_classical_models,logistic_regression,System_Failure,4,85,84,1,0,1,0,0,1,0
15_classical_models,logistic_regression,System_Failure,4,86,85,1,1,1,1,1,0,0
15_classical_models,logistic_regression,System_Failure,4,87,86,1,1,1,1,1,0,0
15_classical_models,logistic_regression,System_Failure,4,88,87,1,0,0,0,0,1,0
15_classical_models,logistic_regression,System_Failure,4,89,88,1,0,0,0,0,1,0
15_classical_models,logistic_regression,System_Failure,4,90,89,1,0,1,0,0,1,0
15_classical_models,logistic_regression,System_Failure,4,91,90,1,1,1,1,1,0,0
15_classical_models,logistic_regression,System_Failure,4,92,91,1,1,1,1,1,0,0
15_classical_models,logistic_regression,System_Failure,4,93,92,1,0,0,0,0,1,0
15_classical_models,logistic_regression,System_Failure,4,94,93,1,0,0,0,0,1,0
15_classical_models,logistic_regression,System_Failure,4,95,94,1,1,1,1,1,0,0
15_classical_models,logistic_regression,System_Failure,4,96,95,1,1,1,1,1,0,0
15_classical_models,logistic_regression,System_Failure,4,97,96,1,1,1,1,1,0,0
15_classical_models,logistic_regression,System_Failure,4,98,97,1,0,0,0,0,1,0
15_classical_models,logistic_regression,System_Failure,4,99,98,1,1,1,1,1,0,0
15_classical_models,logistic_regression,System_Failure,4,100,99,1,0,0,0,0,1,0
15_classical_models,logistic_regression,System_Failure,5,101,100,1,0,0,0,0,1,0
15_classical_models,logistic_regression,System_Failure,5,102,101,1,0,1,0,0,1,0
15_classical_models,logistic_regression,System_Failure,5,103,102,1,1,1,1,1,0,0
15_classical_models,logistic_regression,System_Failure,5,104,103,1,0,0,0,0,1,0
15_classical_models,logistic_regression,System_Failure,5,105,104,1,1,1,1,1,0,0
15_classical_models,logistic_regression,System_Failure,5,106,105,1,0,0,0,0,1,0
15_classical_models,logistic_regression,System_Failure,5,107,106,1,0,0,0,0,1,0
15_classical_models,logistic_regression,System_Failure,5,108,107,1,1,1,1,1,0,0
15_classical_models,logistic_regression,System_Failure,5,109,108,1,0,0,0,0,1,0
15_classical_models,logistic_regression,System_Failure,5,110,109,1,0,0,0,0,1,0
15_classical_models,logistic_regression,System_Failure,5,111,110,1,0,0,0,0,1,0
15_classical_models,logistic_regression,System_Failure,5,112,111,1,0,0,0,0,1,0
15_classical_models,logistic_regression,System_Failure,5,113,112,1,0,0,0,0,1,0
15_classical_models,logistic_regression,System_Failure,5,114,113,1,0,0,0,0,1,0
15_classical_models,logistic_regression,System_Failure,5,115,114,1,1,1,1,1,0,0
15_classical_models,logistic_regression,System_Failure,5,116,115,1,0,0,0,0,1,0
15_classical_models,logistic_regression,System_Failure,5,117,116,1,1,1,1,1,0,0
15_classical_models,logistic_regression,System_Failure,5,118,117,1,1,1,1,1,0,0
15_classical_models,logistic_regression,System_Failure,5,119,118,1,0,1,0,0,1,0
15_classical_models,logistic_regression,System_Failure,5,120,119,1,0,0,0,0,1,0
15_classical_models,logistic_regression,System_Failure,5,121,120,1,0,1,0,0,1,0
15_classical_models,logistic_regression,System_Failure,5,122,121,1,0,0,0,0,1,0
15_classical_models,logistic_regression,System_Failure,5,123,122,1,0,0,0,0,1,0
15_classical_models,logistic_regression,System_Failure,5,124,123,1,0,1,0,0,1,0
15_classical_models,logistic_regression,System_Failure,5,125,124,1,0,0,0,0,1,0
15_classical_models,logistic_regression,System_Failure,7,151,129,1,0,0,0,0,1,0
15_classical_models,logistic_regression,System_Failure,7,152,130,1,1,1,1,1,0,0
15_classical_models,logistic_regression,System_Failure,7,153,131,1,0,0,0,0,1,0
15_classical_models,logistic_regression,System_Failure,7,154,132,1,0,1,0,0,1,0
15_classical_models,logistic_regression,System_Failure,7,155,133,1,0,0,0,0,1,0
15_classical_models,logistic_regression,System_Failure,7,156,134,1,0,1,0,0,1,0
15_classical_models,logistic_regression,System_Failure,7,157,135,1,0,1,0,0,1,0
15_classical_models,logistic_regression,System_Failure,7,159,137,1,1,1,1,1,0,0
15_classical_models,logistic_regression,System_Failure,7,160,138,1,1,1,1,1,0,0
15_classical_models,logistic_regression,System_Failure,7,161,139,1,0,0,0,0,1,0
15_classical_models,logistic_regression,System_Failure,7,162,140,1,0,1,0,0,1,0
15_classical_models,logistic_regression,System_Failure,7,163,141,1,1,1,1,1,0,0
15_classical_models,logistic_regression,System_Failure,7,164,142,1,1,1,1,1,0,0
15_classical_models,logistic_regression,System_Failure,7,165,143,1,0,1,0,0,1,0
15_classical_models,logistic_regression,System_Failure,7,166,144,1,0,1,0,0,1,0
15_classical_models,logistic_regression,System_Failure,7,167,145,1,0,1,0,0,1,0
15_classical_models,logistic_regression,System_Failure,7,168,146,1,0,1,0,0,1,0
15_classical_models,logistic_regression,System_Failure,7,169,147,1,0,0,0,0,1,0
15_classical_models,logistic_regression,System_Failure,7,170,148,1,1,1,1,1,0,0
15_classical_models,logistic_regression,System_Failure,7,171,149,1,0,1,0,0,1,0
15_classical_models,logistic_regression,System_Failure,7,172,150,1,0,0,0,0,1,0
15_classical_models,logistic_regression,System_Failure,7,173,151,1,1,1,1,1,0,0
15_classical_models,logistic_regression,System_Failure,7,174,152,1,1,1,1,1,0,0
15_classical_models,logistic_regression,System_Failure,7,175,153,1,1,1,1,1,0,0
15_classical_models,logistic_regression,System_Failure,8,176,154,1,0,1,0,0,1,0
15_classical_models,logistic_regression,System_Failure,8,177,155,1,0,0,0,0,1,0
15_classical_models,logistic_regression,System_Failure,8,178,156,1,0,1,0,0,1,0
15_classical_models,logistic_regression,System_Failure,8,179,157,1,0,1,0,0,1,0
15_classical_models,logistic_regression,System_Failure,8,180,158,1,1,1,1,1,0,0
15_classical_models,logistic_regression,System_Failure,8,181,159,1,0,1,0,0,1,0
15_classical_models,logistic_regression,System_Failure,8,182,160,1,1,1,1,1,0,0
15_classical_models,logistic_regression,System_Failure,8,183,161,1,1,1,1,1,0,0
15_classical_models,logistic_regression,System_Failure,8,184,162,1,0,1,0,0,1,0
15_classical_models,logistic_regression,System_Failure,8,185,163,1,1,1,1,1,0,0
15_classical_models,logistic_regression,System_Failure,8,199,176,1,0,1,0,0,1,0
15_classical_models,logistic_regression,System_Failure,8,200,177,1,1,1,1,1,0,0
15_classical_models,logistic_regression,System_Failure,9,201,178,1,1,1,1,1,0,0
15_classical_models,logistic_regression,System_Failure,9,202,179,1,1,1,1,1,0,0
15_classical_models,logistic_regression,System_Failure,9,203,180,1,0,0,0,0,1,0
15_classical_models,logistic_regression,System_Failure,9,204,181,1,1,1,1,1,0,0
15_classical_models,logistic_regression,System_Failure,9,205,182,1,0,1,0,0,1,0
15_classical_models,logistic_regression,System_Failure,9,206,183,1,1,1,1,1,0,0
15_classical_models,logistic_regression,System_Failure,9,207,184,1,0,1,0,0,1,0
15_classical_models,logistic_regression,System_Failure,9,208,185,1,1,1,1,1,0,0
15_classical_models,logistic_regression,System_Failure,9,209,186,1,0,0,0,0,1,0
15_classical_models,logistic_regression,System_Failure,9,210,187,1,1,1,1,1,0,0
15_classical_models,logistic_regression,System_Failure,9,211,188,1,0,0,0,0,1,0
15_classical_models,logistic_regression,System_Failure,9,212,189,1,1,1,1,1,0,0
15_classical_models,logistic_regression,System_Failure,9,213,190,1,0,0,0,0,1,0
15_classical_models,logistic_regression,System_Failure,9,214,191,1,1,1,1,1,0,0
15_classical_models,logistic_regression,System_Failure,9,215,192,1,1,1,1,1,0,0
15_classical_models,logistic_regression,System_Failure,9,216,193,1,1,1,1,1,0,0
15_classical_models,logistic_regression,System_Failure,9,217,194,1,1,1,1,1,0,0
15_classical_models,logistic_regression,System_Failure,9,218,195,1,1,1,1,1,0,0
15_classical_models,logistic_regression,System_Failure,9,219,196,1,1,1,1,1,0,0
15_classical_models,logistic_regression,System_Failure,9,220,197,1,1,1,1,1,0,0
15_classical_models,logistic_regression,System_Failure,9,221,198,1,1,1,1,1,0,0
15_classical_models,logistic_regression,System_Failure,9,222,199,1,1,1,0,1,0,0
15_classical_models,logistic_regression,System_Failure,9,223,200,1,1,1,1,1,0,0
15_classical_models,logistic_regression,System_Failure,9,224,201,1,1,1,1,1,0,0
15_classical_models,logistic_regression,System_Failure,9,225,202,1,1,1,1,1,0,0
15_classical_models,logistic_regression,System_Failure,9,224,210,2,1,1,1,1,0,0
15_classical_models,logistic_regression,System_Failure,10,226,203,1,1,1,1,1,0,0
15_classical_models,logistic_regression,System_Failure,10,227,204,1,1,1,1,1,0,0
15_classical_models,logistic_regression,System_Failure,10,229,205,1,1,1,1,1,0,0
15_classical_models,logistic_regression,System_Failure,10,230,206,1,1,1,1,1,0,0
15_classical_models,logistic_regression,System_Failure,10,231,207,1,1,1,1,1,0,0
15_classical_models,logistic_regression,System_Failure,10,232,208,1,0,1,0,0,1,0
15_classical_models,logistic_regression,System_Failure,10,233,209,1,1,1,1,1,0,0
15_classical_models,logistic_regression,System_Failure,10,230,216,2,1,1,1,1,0,0
15_classical_models,logistic_regression,System_Failure,10,231,217,2,1,1,1,1,0,0
15_classical_models,logistic_regression,System_Failure,10,232,218,2,1,1,1,1,0,0
15_classical_models,logistic_regression,System_Failure,10,233,219,2,1,1,1,1,0,0
15_classical_models,logistic_regression,System_Failure,10,234,220,1,1,1,1,1,0,0
15_classical_models,logistic_regression,System_Failure,10,235,221,1,1,1,1,1,0,0
15_classical_models,logistic_regression,System_Failure,10,236,222,1,0,1,0,0,1,0
15_classical_models,logistic_regression,System_Failure,10,237,223,1,1,1,1,1,0,0
15_classical_models,logistic_regression,System_Failure,10,238,224,1,0,0,0,0,1,0
15_classical_models,logistic_regression,System_Failure,10,239,225,1,1,1,1,1,0,0
15_classical_models,logistic_regression,System_Failure,10,240,226,1,1,1,1,1,0,0
15_classical_models,logistic_regression,System_Failure,10,241,227,1,0,1,0,0,1,0
15_classical_models,logistic_regression,System_Failure,10,242,228,1,1,1,1,1,0,0
15_classical_models,logistic_regression,System_Failure,10,243,229,1,0,1,0,0,1,0
15_classical_models,logistic_regression,System_Failure,10,245,230,1,0,1,0,0,1,0
15_classical_models,logistic_regression,System_Failure,10,246,231,1,1,1,1,1,0,0
15_classical_models,logistic_regression,System_Failure,10,247,232,1,1,1,1,1,0,0
15_classical_models,logistic_regression,System_Failure,10,248,233,1,0,1,0,0,1,0
15_classical_models,logistic_regression,System_Failure,10,249,234,1,1,1,1,1,0,0
15_classical_models,logistic_regression,System_Failure,10,250,235,1,1,1,1,1,0,0
15_classical_models,logistic_regression,ProtectiveStop,1,1,1,1,1,1,1,1,0,0
15_classical_models,logistic_regression,ProtectiveStop,1,2,2,1,0,1,0,1,0,1
15_classical_models,logistic_regression,ProtectiveStop,1,3,3,1,0,1,0,0,1,0
15_classical_models,logistic_regression,ProtectiveStop,1,4,4,1,0,0,0,0,1,0
15_classical_models,logistic_regression,ProtectiveStop,1,5,5,1,0,1,0,1,0,1
15_classical_models,logistic_regression,ProtectiveStop,1,6,6,1,0,1,0,1,0,1
15_classical_models,logistic_regression,ProtectiveStop,1,8,8,1,0,0,0,0,1,0
15_classical_models,logistic_regression,ProtectiveStop,1,9,9,1,0,0,0,0,1,0
15_classical_models,logistic_regression,ProtectiveStop,1,10,10,1,0,0,0,0,1,0
15_classical_models,logistic_regression,ProtectiveStop,1,11,11,1,0,1,0,0,1,0
15_classical_models,logistic_regression,ProtectiveStop,1,12,12,1,0,0,0,0,1,0
15_classical_models,logistic_regression,ProtectiveStop,1,13,13,1,0,1,0,0,1,0
15_classical_models,logistic_regression,ProtectiveStop,1,14,14,1,0,0,0,1,0,1
15_classical_models,logistic_regression,ProtectiveStop,1,15,15,1,0,0,0,1,0,1
15_classical_models,logistic_regression,ProtectiveStop,1,16,16,1,0,0,0,0,1,0
15_classical_models,logistic_regression,ProtectiveStop,1,17,17,1,0,0,0,0,1,0
15_classical_models,logistic_regression,ProtectiveStop,1,18,18,1,0,0,0,0,1,0
15_classical_models,logistic_regression,ProtectiveStop,1,19,19,1,0,0,0,0,1,0
15_classical_models,logistic_regression,ProtectiveStop,1,20,20,1,0,0,0,0,1,0
15_classical_models,logistic_regression,ProtectiveStop,1,21,21,1,0,0,0,0,1,0
15_classical_models,logistic_regression,ProtectiveStop,1,22,22,1,1,1,1,1,0,0
15_classical_models,logistic_regression,ProtectiveStop,1,23,23,1,0,0,0,0,1,0
15_classical_models,logistic_regression,ProtectiveStop,1,24,24,1,0,0,0,0,1,0
15_classical_models,logistic_regression,ProtectiveStop,1,25,25,1,0,0,0,0,1,0
15_classical_models,logistic_regression,ProtectiveStop,2,26,26,1,0,1,0,0,1,0
15_classical_models,logistic_regression,ProtectiveStop,2,27,27,1,0,1,0,0,1,0
15_classical_models,logistic_regression,ProtectiveStop,2,28,28,1,0,0,0,0,1,0
15_classical_models,logistic_regression,ProtectiveStop,2,29,29,1,0,0,0,0,1,0
15_classical_models,logistic_regression,ProtectiveStop,2,30,30,1,0,0,0,0,1,0
15_classical_models,logistic_regression,ProtectiveStop,2,31,31,1,0,0,0,0,1,0
15_classical_models,logistic_regression,ProtectiveStop,2,32,32,1,0,0,0,0,1,0
15_classical_models,logistic_regression,ProtectiveStop,2,33,33,1,0,1,0,0,1,0
15_classical_models,logistic_regression,ProtectiveStop,2,34,34,1,0,0,0,0,1,0
15_classical_models,logistic_regression,ProtectiveStop,2,35,35,1,1,1,1,1,0,0
15_classical_models,logistic_regression,ProtectiveStop,2,36,36,1,0,0,0,1,0,1
15_classical_models,logistic_regression,ProtectiveStop,2,37,37,1,0,0,0,0,1,0
15_classical_models,logistic_regression,ProtectiveStop,2,38,38,1,0,0,0,0,1,0
15_classical_models,logistic_regression,ProtectiveStop,2,39,39,1,0,0,0,1,0,1
15_classical_models,logistic_regression,ProtectiveStop,2,40,40,1,0,0,0,1,0,1
15_classical_models,logistic_regression,ProtectiveStop,2,41,41,1,0,0,0,0,1,0
15_classical_models,logistic_regression,ProtectiveStop,2,42,42,1,1,1,1,1,0,0
15_classical_models,logistic_regression,ProtectiveStop,2,43,43,1,0,0,0,0,1,0
15_classical_models,logistic_regression,ProtectiveStop,2,44,44,1,0,0,0,0,1,0
15_classical_models,logistic_regression,ProtectiveStop,2,45,45,1,0,0,0,0,1,0
15_classical_models,logistic_regression,ProtectiveStop,2,48,48,1,0,0,0,0,1,0
15_classical_models,logistic_regression,ProtectiveStop,2,49,49,1,0,0,0,0,1,0
15_classical_models,logistic_regression,ProtectiveStop,2,50,50,1,0,0,0,0,1,0
15_classical_models,logistic_regression,ProtectiveStop,3,51,51,1,0,0,0,0,1,0
15_classical_models,logistic_regression,ProtectiveStop,3,52,52,1,0,0,0,0,1,0
15_classical_models,logistic_regression,ProtectiveStop,3,53,53,1,1,1,1,1,0,0
15_classical_models,logistic_regression,ProtectiveStop,3,54,54,1,0,0,0,0,1,0
15_classical_models,logistic_regression,ProtectiveStop,3,55,55,1,0,1,0,0,1,0
15_classical_models,logistic_regression,ProtectiveStop,3,56,56,1,0,0,0,0,1,0
15_classical_models,logistic_regression,ProtectiveStop,3,57,57,1,0,1,0,0,1,0
15_classical_models,logistic_regression,ProtectiveStop,3,58,58,1,0,0,0,0,1,0
15_classical_models,logistic_regression,ProtectiveStop,3,59,59,1,0,0,0,0,1,0
15_classical_models,logistic_regression,ProtectiveStop,3,60,60,1,0,0,0,0,1,0
15_classical_models,logistic_regression,ProtectiveStop,3,61,61,1,0,0,0,0,1,0
15_classical_models,logistic_regression,ProtectiveStop,3,62,62,1,0,1,0,0,1,0
15_classical_models,logistic_regression,ProtectiveStop,3,63,63,1,1,1,1,1,0,0
15_classical_models,logistic_regression,ProtectiveStop,3,64,64,1,0,1,0,1,0,1
15_classical_models,logistic_regression,ProtectiveStop,3,65,65,1,0,0,0,1,0,1
15_classical_models,logistic_regression,ProtectiveStop,3,66,66,1,0,0,0,0,1,0
15_classical_models,logistic_regression,ProtectiveStop,3,67,67,1,0,0,0,1,0,1
15_classical_models,logistic_regression,ProtectiveStop,3,68,68,1,0,0,0,0,1,0
15_classical_models,logistic_regression,ProtectiveStop,3,69,69,1,1,1,1,1,0,0
15_classical_models,logistic_regression,ProtectiveStop,3,70,70,1,0,0,0,0,1,0
15_classical_models,logistic_regression,ProtectiveStop,3,71,71,1,0,1,0,0,1,0
15_classical_models,logistic_regression,ProtectiveStop,3,72,72,1,0,1,0,0,1,0
15_classical_models,logistic_regression,ProtectiveStop,3,73,73,1,0,0,0,0,1,0
15_classical_models,logistic_regression,ProtectiveStop,3,75,74,1,0,1,0,0,1,0
15_classical_models,logistic_regression,ProtectiveStop,4,76,75,1,0,0,0,1,0,1
15_classical_models,logistic_regression,ProtectiveStop,4,85,84,1,0,1,0,0,1,0
15_classical_models,logistic_regression,ProtectiveStop,4,86,85,1,1,1,1,1,0,0
15_classical_models,logistic_regression,ProtectiveStop,4,87,86,1,1,1,1,1,0,0
15_classical_models,logistic_regression,ProtectiveStop,4,88,87,1,0,1,0,0,1,0
15_classical_models,logistic_regression,ProtectiveStop,4,89,88,1,0,0,0,0,1,0
15_classical_models,logistic_regression,ProtectiveStop,4,90,89,1,0,0,0,0,1,0
15_classical_models,logistic_regression,ProtectiveStop,4,91,90,1,0,0,0,1,0,1
15_classical_models,logistic_regression,ProtectiveStop,4,92,91,1,0,0,0,1,0,1
15_classical_models,logistic_regression,ProtectiveStop,4,93,92,1,0,0,0,0,1,0
15_classical_models,logistic_regression,ProtectiveStop,4,94,93,1,0,0,0,0,1,0
15_classical_models,logistic_regression,ProtectiveStop,4,95,94,1,0,0,0,1,0,1
15_classical_models,logistic_regression,ProtectiveStop,4,96,95,1,0,0,0,1,0,1
15_classical_models,logistic_regression,ProtectiveStop,4,97,96,1,0,0,0,1,0,1
15_classical_models,logistic_regression,ProtectiveStop,4,98,97,1,0,0,0,0,1,0
15_classical_models,logistic_regression,ProtectiveStop,4,99,98,1,1,1,1,1,0,0
15_classical_models,logistic_regression,ProtectiveStop,4,100,99,1,0,0,0,0,1,0
15_classical_models,logistic_regression,ProtectiveStop,5,101,100,1,0,0,0,0,1,0
15_classical_models,logistic_regression,ProtectiveStop,5,102,101,1,0,0,0,0,1,0
15_classical_models,logistic_regression,ProtectiveStop,5,103,102,1,1,1,1,1,0,0
15_classical_models,logistic_regression,ProtectiveStop,5,104,103,1,0,0,0,0,1,0
15_classical_models,logistic_regression,ProtectiveStop,5,105,104,1,0,1,0,1,0,1
15_classical_models,logistic_regression,ProtectiveStop,5,106,105,1,0,1,0,0,1,0
15_classical_models,logistic_regression,ProtectiveStop,5,107,106,1,0,0,0,0,1,0
15_classical_models,logistic_regression,ProtectiveStop,5,108,107,1,1,1,1,1,0,0
15_classical_models,logistic_regression,ProtectiveStop,5,109,108,1,0,0,0,0,1,0
15_classical_models,logistic_regression,ProtectiveStop,5,110,109,1,0,0,0,0,1,0
15_classical_models,logistic_regression,ProtectiveStop,5,111,110,1,0,0,0,0,1,0
15_classical_models,logistic_regression,ProtectiveStop,5,112,111,1,0,0,0,0,1,0
15_classical_models,logistic_regression,ProtectiveStop,5,113,112,1,0,0,0,0,1,0
15_classical_models,logistic_regression,ProtectiveStop,5,114,113,1,0,1,0,0,1,0
15_classical_models,logistic_regression,ProtectiveStop,5,115,114,1,1,1,1,1,0,0
15_classical_models,logistic_regression,ProtectiveStop,5,116,115,1,0,0,0,0,1,0
15_classical_models,logistic_regression,ProtectiveStop,5,117,116,1,1,1,1,1,0,0
15_classical_models,logistic_regression,ProtectiveStop,5,118,117,1,1,1,1,1,0,0
15_classical_models,logistic_regression,ProtectiveStop,5,119,118,1,0,1,0,0,1,0
15_classical_models,logistic_regression,ProtectiveStop,5,120,119,1,0,0,0,0,1,0
15_classical_models,logistic_regression,ProtectiveStop,5,121,120,1,0,1,0,0,1,0
15_classical_models,logistic_regression,ProtectiveStop,5,122,121,1,0,0,0,0,1,0
15_classical_models,logistic_regression,ProtectiveStop,5,123,122,1,0,1,0,0,1,0
15_classical_models,logistic_regression,ProtectiveStop,5,124,123,1,0,1,0,0,1,0
15_classical_models,logistic_regression,ProtectiveStop,5,125,124,1,0,1,0,0,1,0
15_classical_models,logistic_regression,ProtectiveStop,7,151,129,1,0,0,0,0,1,0
15_classical_models,logistic_regression,ProtectiveStop,7,152,130,1,1,1,1,1,0,0
15_classical_models,logistic_regression,ProtectiveStop,7,153,131,1,0,0,0,0,1,0
15_classical_models,logistic_regression,ProtectiveStop,7,154,132,1,0,1,0,0,1,0
15_classical_models,logistic_regression,ProtectiveStop,7,155,133,1,0,0,0,0,1,0
15_classical_models,logistic_regression,ProtectiveStop,7,156,134,1,0,1,0,0,1,0
15_classical_models,logistic_regression,ProtectiveStop,7,157,135,1,0,1,0,0,1,0
15_classical_models,logistic_regression,ProtectiveStop,7,159,137,1,1,1,1,1,0,0
15_classical_models,logistic_regression,ProtectiveStop,7,160,138,1,0,0,0,1,0,1
15_classical_models,logistic_regression,ProtectiveStop,7,161,139,1,0,0,0,0,1,0
15_classical_models,logistic_regression,ProtectiveStop,7,162,140,1,0,1,0,0,1,0
15_classical_models,logistic_regression,ProtectiveStop,7,163,141,1,1,1,1,1,0,0
15_classical_models,logistic_regression,ProtectiveStop,7,164,142,1,1,1,1,1,0,0
15_classical_models,logistic_regression,ProtectiveStop,7,165,143,1,0,1,0,0,1,0
15_classical_models,logistic_regression,ProtectiveStop,7,166,144,1,0,0,0,0,1,0
15_classical_models,logistic_regression,ProtectiveStop,7,167,145,1,0,0,0,0,1,0
15_classical_models,logistic_regression,ProtectiveStop,7,168,146,1,0,0,0,0,1,0
15_classical_models,logistic_regression,ProtectiveStop,7,169,147,1,0,0,0,0,1,0
15_classical_models,logistic_regression,ProtectiveStop,7,170,148,1,1,1,1,1,0,0
15_classical_models,logistic_regression,ProtectiveStop,7,171,149,1,0,0,0,0,1,0
15_classical_models,logistic_regression,ProtectiveStop,7,172,150,1,0,0,0,0,1,0
15_classical_models,logistic_regression,ProtectiveStop,7,173,151,1,1,0,0,1,0,0
15_classical_models,logistic_regression,ProtectiveStop,7,174,152,1,1,1,1,1,0,0
15_classical_models,logistic_regression,ProtectiveStop,7,175,153,1,1,1,1,1,0,0
15_classical_models,logistic_regression,ProtectiveStop,8,176,154,1,0,1,0,0,1,0
15_classical_models,logistic_regression,ProtectiveStop,8,177,155,1,0,0,0,0,1,0
15_classical_models,logistic_regression,ProtectiveStop,8,178,156,1,0,0,0,0,1,0
15_classical_models,logistic_regression,ProtectiveStop,8,179,157,1,0,0,0,0,1,0
15_classical_models,logistic_regression,ProtectiveStop,8,180,158,1,0,0,0,1,0,1
15_classical_models,logistic_regression,ProtectiveStop,8,181,159,1,0,0,0,0,1,0
15_classical_models,logistic_regression,ProtectiveStop,8,182,160,1,1,1,1,1,0,0
15_classical_models,logistic_regression,ProtectiveStop,8,183,161,1,1,1,1,1,0,0
15_classical_models,logistic_regression,ProtectiveStop,8,184,162,1,0,0,0,0,1,0
15_classical_models,logistic_regression,ProtectiveStop,8,185,163,1,1,1,1,1,0,0
15_classical_models,logistic_regression,ProtectiveStop,8,199,176,1,0,1,0,0,1,0
15_classical_models,logistic_regression,ProtectiveStop,8,200,177,1,0,0,0,1,0,1
15_classical_models,logistic_regression,ProtectiveStop,9,201,178,1,1,1,1,1,0,0
15_classical_models,logistic_regression,ProtectiveStop,9,202,179,1,0,1,0,1,0,1
15_classical_models,logistic_regression,ProtectiveStop,9,203,180,1,0,0,0,0,1,0
15_classical_models,logistic_regression,ProtectiveStop,9,204,181,1,1,1,1,1,0,0
15_classical_models,logistic_regression,ProtectiveStop,9,205,182,1,0,0,0,0,1,0
15_classical_models,logistic_regression,ProtectiveStop,9,206,183,1,1,1,1,1,0,0
15_classical_models,logistic_regression,ProtectiveStop,9,207,184,1,0,0,0,0,1,0
15_classical_models,logistic_regression,ProtectiveStop,9,208,185,1,0,0,0,1,0,1
15_classical_models,logistic_regression,ProtectiveStop,9,209,186,1,0,0,0,0,1,0
15_classical_models,logistic_regression,ProtectiveStop,9,210,187,1,1,1,1,1,0,0
15_classical_models,logistic_regression,ProtectiveStop,9,211,188,1,0,0,0,0,1,0
15_classical_models,logistic_regression,ProtectiveStop,9,212,189,1,1,1,1,1,0,0
15_classical_models,logistic_regression,ProtectiveStop,9,213,190,1,0,0,0,0,1,0
15_classical_models,logistic_regression,ProtectiveStop,9,214,191,1,1,1,1,1,0,0
15_classical_models,logistic_regression,ProtectiveStop,9,215,192,1,1,1,1,1,0,0
15_classical_models,logistic_regression,ProtectiveStop,9,216,193,1,0,1,0,1,0,1
15_classical_models,logistic_regression,ProtectiveStop,9,217,194,1,1,1,1,1,0,0
15_classical_models,logistic_regression,ProtectiveStop,9,218,195,1,1,1,1,1,0,0
15_classical_models,logistic_regression,ProtectiveStop,9,219,196,1,1,1,1,1,0,0
15_classical_models,logistic_regression,ProtectiveStop,9,220,197,1,1,1,1,1,0,0
15_classical_models,logistic_regression,ProtectiveStop,9,221,198,1,1,0,0,1,0,0
15_classical_models,logistic_regression,ProtectiveStop,9,222,199,1,1,1,1,1,0,0
15_classical_models,logistic_regression,ProtectiveStop,9,223,200,1,1,1,1,1,0,0
15_classical_models,logistic_regression,ProtectiveStop,9,224,201,1,1,1,1,1,0,0
15_classical_models,logistic_regression,ProtectiveStop,9,225,202,1,1,1,1,1,0,0
15_classical_models,logistic_regression,ProtectiveStop,9,224,210,2,1,1,1,1,0,0
15_classical_models,logistic_regression,ProtectiveStop,10,226,203,1,1,1,1,1,0,0
15_classical_models,logistic_regression,ProtectiveStop,10,227,204,1,1,1,1,1,0,0
15_classical_models,logistic_regression,ProtectiveStop,10,229,205,1,1,1,1,1,0,0
15_classical_models,logistic_regression,ProtectiveStop,10,230,206,1,1,1,1,1,0,0
15_classical_models,logistic_regression,ProtectiveStop,10,231,207,1,1,1,1,1,0,0
15_classical_models,logistic_regression,ProtectiveStop,10,232,208,1,0,1,0,0,1,0
15_classical_models,logistic_regression,ProtectiveStop,10,233,209,1,1,1,1,1,0,0
15_classical_models,logistic_regression,ProtectiveStop,10,230,216,2,1,1,1,1,0,0
15_classical_models,logistic_regression,ProtectiveStop,10,231,217,2,1,1,1,1,0,0
15_classical_models,logistic_regression,ProtectiveStop,10,232,218,2,1,1,1,1,0,0
15_classical_models,logistic_regression,ProtectiveStop,10,233,219,2,0,0,0,1,0,1
15_classical_models,logistic_regression,ProtectiveStop,10,234,220,1,1,1,1,1,0,0
15_classical_models,logistic_regression,ProtectiveStop,10,235,221,1,1,1,1,1,0,0
15_classical_models,logistic_regression,ProtectiveStop,10,236,222,1,0,0,0,0,1,0
15_classical_models,logistic_regression,ProtectiveStop,10,237,223,1,1,1,1,1,0,0
15_classical_models,logistic_regression,ProtectiveStop,10,238,224,1,0,1,0,0,1,0
15_classical_models,logistic_regression,ProtectiveStop,10,239,225,1,1,1,1,1,0,0
15_classical_models,logistic_regression,ProtectiveStop,10,240,226,1,1,1,1,1,0,0
15_classical_models,logistic_regression,ProtectiveStop,10,241,227,1,0,0,0,0,1,0
15_classical_models,logistic_regression,ProtectiveStop,10,242,228,1,1,1,1,1,0,0
15_classical_models,logistic_regression,ProtectiveStop,10,243,229,1,0,0,0,0,1,0
15_classical_models,logistic_regression,ProtectiveStop,10,245,230,1,0,0,0,0,1,0
15_classical_models,logistic_regression,ProtectiveStop,10,246,231,1,1,1,1,1,0,0
15_classical_models,logistic_regression,ProtectiveStop,10,247,232,1,1,1,1,1,0,0
15_classical_models,logistic_regression,ProtectiveStop,10,248,233,1,0,1,0,0,1,0
15_classical_models,logistic_regression,ProtectiveStop,10,249,234,1,1,1,1,1,0,0
15_classical_models,logistic_regression,ProtectiveStop,10,250,235,1,1,1,1,1,0,0
15_classical_models,logistic_regression,GripLost,1,1,1,1,0,1,0,1,0,1
15_classical_models,logistic_regression,GripLost,1,2,2,1,1,1,1,1,0,0
15_classical_models,logistic_regression,GripLost,1,3,3,1,0,1,0,0,1,0
15_classical_models,logistic_regression,GripLost,1,4,4,1,0,0,0,0,1,0
15_classical_models,logistic_regression,GripLost,1,5,5,1,1,1,1,1,0,0
15_classical_models,logistic_regression,GripLost,1,6,6,1,1,1,1,1,0,0
15_classical_models,logistic_regression,GripLost,1,8,8,1,0,0,0,0,1,0
15_classical_models,logistic_regression,GripLost,1,9,9,1,0,0,0,0,1,0
15_classical_models,logistic_regression,GripLost,1,10,10,1,0,1,0,0,1,0
15_classical_models,logistic_regression,GripLost,1,11,11,1,0,1,0,0,1,0
15_classical_models,logistic_regression,GripLost,1,12,12,1,0,0,0,0,1,0
15_classical_models,logistic_regression,GripLost,1,13,13,1,0,1,0,0,1,0
15_classical_models,logistic_regression,GripLost,1,14,14,1,1,1,1,1,0,0
15_classical_models,logistic_regression,GripLost,1,15,15,1,1,1,1,1,0,0
15_classical_models,logistic_regression,GripLost,1,16,16,1,0,1,0,0,1,0
15_classical_models,logistic_regression,GripLost,1,17,17,1,0,0,0,0,1,0
15_classical_models,logistic_regression,GripLost,1,18,18,1,0,1,0,0,1,0
15_classical_models,logistic_regression,GripLost,1,19,19,1,0,1,0,0,1,0
15_classical_models,logistic_regression,GripLost,1,20,20,1,0,1,0,0,1,0
15_classical_models,logistic_regression,GripLost,1,21,21,1,0,1,0,0,1,0
15_classical_models,logistic_regression,GripLost,1,22,22,1,0,1,0,1,0,1
15_classical_models,logistic_regression,GripLost,1,23,23,1,0,1,0,0,1,0
15_classical_models,logistic_regression,GripLost,1,24,24,1,0,1,0,0,1,0
15_classical_models,logistic_regression,GripLost,1,25,25,1,0,0,0,0,1,0
15_classical_models,logistic_regression,GripLost,2,26,26,1,0,0,0,0,1,0
15_classical_models,logistic_regression,GripLost,2,27,27,1,0,0,0,0,1,0
15_classical_models,logistic_regression,GripLost,2,28,28,1,0,1,0,0,1,0
15_classical_models,logistic_regression,GripLost,2,29,29,1,0,1,0,0,1,0
15_classical_models,logistic_regression,GripLost,2,30,30,1,0,0,0,0,1,0
15_classical_models,logistic_regression,GripLost,2,31,31,1,0,0,0,0,1,0
15_classical_models,logistic_regression,GripLost,2,32,32,1,0,1,0,0,1,0
15_classical_models,logistic_regression,GripLost,2,33,33,1,0,1,0,0,1,0
15_classical_models,logistic_regression,GripLost,2,34,34,1,0,1,0,0,1,0
15_classical_models,logistic_regression,GripLost,2,35,35,1,0,0,0,1,0,1
15_classical_models,logistic_regression,GripLost,2,36,36,1,1,1,1,1,0,0
15_classical_models,logistic_regression,GripLost,2,37,37,1,0,0,0,0,1,0
15_classical_models,logistic_regression,GripLost,2,38,38,1,0,0,0,0,1,0
15_classical_models,logistic_regression,GripLost,2,39,39,1,1,1,1,1,0,0
15_classical_models,logistic_regression,GripLost,2,40,40,1,1,1,1,1,0,0
15_classical_models,logistic_regression,GripLost,2,41,41,1,0,1,0,0,1,0
15_classical_models,logistic_regression,GripLost,2,42,42,1,0,1,0,1,0,1
15_classical_models,logistic_regression,GripLost,2,43,43,1,0,0,0,0,1,0
15_classical_models,logistic_regression,GripLost,2,44,44,1,0,0,0,0,1,0
15_classical_models,logistic_regression,GripLost,2,45,45,1,0,0,0,0,1,0
15_classical_models,logistic_regression,GripLost,2,48,48,1,0,0,0,0,1,0
15_classical_models,logistic_regression,GripLost,2,49,49,1,0,0,0,0,1,0
15_classical_models,logistic_regression,GripLost,2,50,50,1,0,0,0,0,1,0
15_classical_models,logistic_regression,GripLost,3,51,51,1,0,0,0,0,1,0
15_classical_models,logistic_regression,GripLost,3,52,52,1,0,1,0,0,1,0
15_classical_models,logistic_regression,GripLost,3,53,53,1,0,1,0,1,0,1
15_classical_models,logistic_regression,GripLost,3,54,54,1,0,0,0,0,1,0
15_classical_models,logistic_regression,GripLost,3,55,55,1,0,0,0,0,1,0
15_classical_models,logistic_regression,GripLost,3,56,56,1,0,1,0,0,1,0
15_classical_models,logistic_regression,GripLost,3,57,57,1,0,1,0,0,1,0
15_classical_models,logistic_regression,GripLost,3,58,58,1,0,0,0,0,1,0
15_classical_models,logistic_regression,GripLost,3,59,59,1,0,0,0,0,1,0
15_classical_models,logistic_regression,GripLost,3,60,60,1,0,1,0,0,1,0
15_classical_models,logistic_regression,GripLost,3,61,61,1,0,0,0,0,1,0
15_classical_models,logistic_regression,GripLost,3,62,62,1,0,0,0,0,1,0
15_classical_models,logistic_regression,GripLost,3,63,63,1,1,1,1,1,0,0
15_classical_models,logistic_regression,GripLost,3,64,64,1,1,1,1,1,0,0
15_classical_models,logistic_regression,GripLost,3,65,65,1,1,1,1,1,0,0
15_classical_models,logistic_regression,GripLost,3,66,66,1,0,1,0,0,1,0
15_classical_models,logistic_regression,GripLost,3,67,67,1,1,1,1,1,0,0
15_classical_models,logistic_regression,GripLost,3,68,68,1,0,0,0,0,1,0
15_classical_models,logistic_regression,GripLost,3,69,69,1,1,1,1,1,0,0
15_classical_models,logistic_regression,GripLost,3,70,70,1,0,0,0,0,1,0
15_classical_models,logistic_regression,GripLost,3,71,71,1,0,1,0,0,1,0
15_classical_models,logistic_regression,GripLost,3,72,72,1,0,1,0,0,1,0
15_classical_models,logistic_regression,GripLost,3,73,73,1,0,1,0,0,1,0
15_classical_models,logistic_regression,GripLost,3,75,74,1,0,1,0,0,1,0
15_classical_models,logistic_regression,GripLost,4,76,75,1,1,1,1,1,0,0
15_classical_models,logistic_regression,GripLost,4,85,84,1,0,1,0,0,1,0
15_classical_models,logistic_regression,GripLost,4,86,85,1,1,1,1,1,0,0
15_classical_models,logistic_regression,GripLost,4,87,86,1,0,0,0,1,0,1
15_classical_models,logistic_regression,GripLost,4,88,87,1,0,0,0,0,1,0
15_classical_models,logistic_regression,GripLost,4,89,88,1,0,0,0,0,1,0
15_classical_models,logistic_regression,GripLost,4,90,89,1,0,1,0,0,1,0
15_classical_models,logistic_regression,GripLost,4,91,90,1,1,1,1,1,0,0
15_classical_models,logistic_regression,GripLost,4,92,91,1,1,1,1,1,0,0
15_classical_models,logistic_regression,GripLost,4,93,92,1,0,1,0,0,1,0
15_classical_models,logistic_regression,GripLost,4,94,93,1,0,1,0,0,1,0
15_classical_models,logistic_regression,GripLost,4,95,94,1,1,1,1,1,0,0
15_classical_models,logistic_regression,GripLost,4,96,95,1,1,1,1,1,0,0
15_classical_models,logistic_regression,GripLost,4,97,96,1,1,1,1,1,0,0
15_classical_models,logistic_regression,GripLost,4,98,97,1,0,1,0,0,1,0
15_classical_models,logistic_regression,GripLost,4,99,98,1,0,1,0,1,0,1
15_classical_models,logistic_regression,GripLost,4,100,99,1,0,0,0,0,1,0
15_classical_models,logistic_regression,GripLost,5,101,100,1,0,0,0,0,1,0
15_classical_models,logistic_regression,GripLost,5,102,101,1,0,1,0,0,1,0
15_classical_models,logistic_regression,GripLost,5,103,102,1,0,0,0,1,0,1
15_classical_models,logistic_regression,GripLost,5,104,103,1,0,1,0,0,1,0
15_classical_models,logistic_regression,GripLost,5,105,104,1,1,1,1,1,0,0
15_classical_models,logistic_regression,GripLost,5,106,105,1,0,0,0,0,1,0
15_classical_models,logistic_regression,GripLost,5,107,106,1,0,0,0,0,1,0
15_classical_models,logistic_regression,GripLost,5,108,107,1,0,0,0,1,0,1
15_classical_models,logistic_regression,GripLost,5,109,108,1,0,0,0,0,1,0
15_classical_models,logistic_regression,GripLost,5,110,109,1,0,0,0,0,1,0
15_classical_models,logistic_regression,GripLost,5,111,110,1,0,0,0,0,1,0
15_classical_models,logistic_regression,GripLost,5,112,111,1,0,0,0,0,1,0
15_classical_models,logistic_regression,GripLost,5,113,112,1,0,0,0,0,1,0
15_classical_models,logistic_regression,GripLost,5,114,113,1,0,0,0,0,1,0
15_classical_models,logistic_regression,GripLost,5,115,114,1,0,0,0,1,0,1
15_classical_models,logistic_regression,GripLost,5,116,115,1,0,1,0,0,1,0
15_classical_models,logistic_regression,GripLost,5,117,116,1,0,0,0,1,0,1
15_classical_models,logistic_regression,GripLost,5,118,117,1,0,0,0,1,0,1
15_classical_models,logistic_regression,GripLost,5,119,118,1,0,1,0,0,1,0
15_classical_models,logistic_regression,GripLost,5,120,119,1,0,0,0,0,1,0
15_classical_models,logistic_regression,GripLost,5,121,120,1,0,0,0,0,1,0
15_classical_models,logistic_regression,GripLost,5,122,121,1,0,0,0,0,1,0
15_classical_models,logistic_regression,GripLost,5,123,122,1,0,1,0,0,1,0
15_classical_models,logistic_regression,GripLost,5,124,123,1,0,0,0,0,1,0
15_classical_models,logistic_regression,GripLost,5,125,124,1,0,0,0,0,1,0
15_classical_models,logistic_regression,GripLost,7,151,129,1,0,1,0,0,1,0
15_classical_models,logistic_regression,GripLost,7,152,130,1,0,0,0,1,0,1
15_classical_models,logistic_regression,GripLost,7,153,131,1,0,0,0,0,1,0
15_classical_models,logistic_regression,GripLost,7,154,132,1,0,0,0,0,1,0
15_classical_models,logistic_regression,GripLost,7,155,133,1,0,0,0,0,1,0
15_classical_models,logistic_regression,GripLost,7,156,134,1,0,0,0,0,1,0
15_classical_models,logistic_regression,GripLost,7,157,135,1,0,1,0,0,1,0
15_classical_models,logistic_regression,GripLost,7,159,137,1,0,0,0,1,0,1
15_classical_models,logistic_regression,GripLost,7,160,138,1,1,1,1,1,0,0
15_classical_models,logistic_regression,GripLost,7,161,139,1,0,1,0,0,1,0
15_classical_models,logistic_regression,GripLost,7,162,140,1,0,1,0,0,1,0
15_classical_models,logistic_regression,GripLost,7,163,141,1,0,1,0,1,0,1
15_classical_models,logistic_regression,GripLost,7,164,142,1,1,1,1,1,0,0
15_classical_models,logistic_regression,GripLost,7,165,143,1,0,0,0,0,1,0
15_classical_models,logistic_regression,GripLost,7,166,144,1,0,0,0,0,1,0
15_classical_models,logistic_regression,GripLost,7,167,145,1,0,1,0,0,1,0
15_classical_models,logistic_regression,GripLost,7,168,146,1,0,1,0,0,1,0
15_classical_models,logistic_regression,GripLost,7,169,147,1,0,0,0,0,1,0
15_classical_models,logistic_regression,GripLost,7,170,148,1,0,1,0,1,0,1
15_classical_models,logistic_regression,GripLost,7,171,149,1,0,0,0,0,1,0
15_classical_models,logistic_regression,GripLost,7,172,150,1,0,0,0,0,1,0
15_classical_models,logistic_regression,GripLost,7,173,151,1,1,1,1,1,0,0
15_classical_models,logistic_regression,GripLost,7,174,152,1,1,1,1,1,0,0
15_classical_models,logistic_regression,GripLost,7,175,153,1,0,0,0,1,0,1
15_classical_models,logistic_regression,GripLost,8,176,154,1,0,1,0,0,1,0
15_classical_models,logistic_regression,GripLost,8,177,155,1,0,0,0,0,1,0
15_classical_models,logistic_regression,GripLost,8,178,156,1,0,1,0,0,1,0
15_classical_models,logistic_regression,GripLost,8,179,157,1,0,0,0,0,1,0
15_classical_models,logistic_regression,GripLost,8,180,158,1,1,1,1,1,0,0
15_classical_models,logistic_regression,GripLost,8,181,159,1,0,1,0,0,1,0
15_classical_models,logistic_regression,GripLost,8,182,160,1,0,1,0,1,0,1
15_classical_models,logistic_regression,GripLost,8,183,161,1,0,1,0,1,0,1
15_classical_models,logistic_regression,GripLost,8,184,162,1,0,1,0,0,1,0
15_classical_models,logistic_regression,GripLost,8,185,163,1,0,0,0,1,0,1
15_classical_models,logistic_regression,GripLost,8,199,176,1,0,0,0,0,1,0
15_classical_models,logistic_regression,GripLost,8,200,177,1,1,1,1,1,0,0
15_classical_models,logistic_regression,GripLost,9,201,178,1,0,0,0,1,0,1
15_classical_models,logistic_regression,GripLost,9,202,179,1,1,1,1,1,0,0
15_classical_models,logistic_regression,GripLost,9,203,180,1,0,1,0,0,1,0
15_classical_models,logistic_regression,GripLost,9,204,181,1,0,1,0,1,0,1
15_classical_models,logistic_regression,GripLost,9,205,182,1,0,0,0,0,1,0
15_classical_models,logistic_regression,GripLost,9,206,183,1,0,0,0,1,0,1
15_classical_models,logistic_regression,GripLost,9,207,184,1,0,0,0,0,1,0
15_classical_models,logistic_regression,GripLost,9,208,185,1,1,1,1,1,0,0
15_classical_models,logistic_regression,GripLost,9,209,186,1,0,0,0,0,1,0
15_classical_models,logistic_regression,GripLost,9,210,187,1,0,1,0,1,0,1
15_classical_models,logistic_regression,GripLost,9,211,188,1,0,0,0,0,1,0
15_classical_models,logistic_regression,GripLost,9,212,189,1,0,0,0,1,0,1
15_classical_models,logistic_regression,GripLost,9,213,190,1,0,0,0,0,1,0
15_classical_models,logistic_regression,GripLost,9,214,191,1,1,1,1,1,0,0
15_classical_models,logistic_regression,GripLost,9,215,192,1,0,0,0,1,0,1
15_classical_models,logistic_regression,GripLost,9,216,193,1,1,1,1,1,0,0
15_classical_models,logistic_regression,GripLost,9,217,194,1,0,0,0,1,0,1
15_classical_models,logistic_regression,GripLost,9,218,195,1,0,1,0,1,0,1
15_classical_models,logistic_regression,GripLost,9,219,196,1,1,1,1,1,0,0
15_classical_models,logistic_regression,GripLost,9,220,197,1,0,1,0,1,0,1
15_classical_models,logistic_regression,GripLost,9,221,198,1,1,1,1,1,0,0
15_classical_models,logistic_regression,GripLost,9,222,199,1,0,1,0,1,0,1
15_classical_models,logistic_regression,GripLost,9,223,200,1,0,0,0,1,0,1
15_classical_models,logistic_regression,GripLost,9,224,201,1,0,1,0,1,0,1
15_classical_models,logistic_regression,GripLost,9,225,202,1,0,0,0,1,0,1
15_classical_models,logistic_regression,GripLost,9,224,210,2,0,0,0,1,0,1
15_classical_models,logistic_regression,GripLost,10,226,203,1,0,1,0,1,0,1
15_classical_models,logistic_regression,GripLost,10,227,204,1,0,1,0,1,0,1
15_classical_models,logistic_regression,GripLost,10,229,205,1,0,1,0,1,0,1
15_classical_models,logistic_regression,GripLost,10,230,206,1,0,1,0,1,0,1
15_classical_models,logistic_regression,GripLost,10,231,207,1,0,1,0,1,0,1
15_classical_models,logistic_regression,GripLost,10,232,208,1,0,1,0,0,1,0
15_classical_models,logistic_regression,GripLost,10,233,209,1,0,1,0,1,0,1
15_classical_models,logistic_regression,GripLost,10,230,216,2,0,1,0,1,0,1
15_classical_models,logistic_regression,GripLost,10,231,217,2,0,1,0,1,0,1
15_classical_models,logistic_regression,GripLost,10,232,218,2,1,1,1,1,0,0
15_classical_models,logistic_regression,GripLost,10,233,219,2,1,1,1,1,0,0
15_classical_models,logistic_regression,GripLost,10,234,220,1,1,1,1,1,0,0
15_classical_models,logistic_regression,GripLost,10,235,221,1,0,1,0,1,0,1
15_classical_models,logistic_regression,GripLost,10,236,222,1,0,1,0,0,1,0
15_classical_models,logistic_regression,GripLost,10,237,223,1,1,1,1,1,0,0
15_classical_models,logistic_regression,GripLost,10,238,224,1,0,0,0,0,1,0
15_classical_models,logistic_regression,GripLost,10,239,225,1,0,1,0,1,0,1
15_classical_models,logistic_regression,GripLost,10,240,226,1,0,1,0,1,0,1
15_classical_models,logistic_regression,GripLost,10,241,227,1,0,1,0,0,1,0
15_classical_models,logistic_regression,GripLost,10,242,228,1,0,1,0,1,0,1
15_classical_models,logistic_regression,GripLost,10,243,229,1,0,1,0,0,1,0
15_classical_models,logistic_regression,GripLost,10,245,230,1,0,1,0,0,1,0
15_classical_models,logistic_regression,GripLost,10,246,231,1,0,1,0,1,0,1
15_classical_models,logistic_regression,GripLost,10,247,232,1,1,1,1,1,0,0
15_classical_models,logistic_regression,GripLost,10,248,233,1,0,0,0,0,1,0
15_classical_models,logistic_regression,GripLost,10,249,234,1,0,0,0,1,0,1
15_classical_models,logistic_regression,GripLost,10,250,235,1,1,1,1,1,0,0
15_classical_models,random_forest,System_Failure,1,1,1,1,1,1,1,1,0,0
15_classical_models,random_forest,System_Failure,1,2,2,1,1,1,1,1,0,0
15_classical_models,random_forest,System_Failure,1,3,3,1,0,0,0,0,1,0
15_classical_models,random_forest,System_Failure,1,4,4,1,0,0,0,0,1,0
15_classical_models,random_forest,System_Failure,1,5,5,1,1,1,1,1,0,0
15_classical_models,random_forest,System_Failure,1,6,6,1,1,1,1,1,0,0
15_classical_models,random_forest,System_Failure,1,8,8,1,0,0,0,0,1,0
15_classical_models,random_forest,System_Failure,1,9,9,1,0,0,0,0,1,0
15_classical_models,random_forest,System_Failure,1,10,10,1,0,0,0,0,1,0
15_classical_models,random_forest,System_Failure,1,11,11,1,0,0,0,0,1,0
15_classical_models,random_forest,System_Failure,1,12,12,1,0,0,0,0,1,0
15_classical_models,random_forest,System_Failure,1,13,13,1,0,0,0,0,1,0
15_classical_models,random_forest,System_Failure,1,14,14,1,1,1,1,1,0,0
15_classical_models,random_forest,System_Failure,1,15,15,1,1,1,1,1,0,0
15_classical_models,random_forest,System_Failure,1,16,16,1,0,0,0,0,1,0
15_classical_models,random_forest,System_Failure,1,17,17,1,0,0,0,0,1,0
15_classical_models,random_forest,System_Failure,1,18,18,1,0,0,0,0,1,0
15_classical_models,random_forest,System_Failure,1,19,19,1,0,0,0,0,1,0
15_classical_models,random_forest,System_Failure,1,20,20,1,0,0,0,0,1,0
15_classical_models,random_forest,System_Failure,1,21,21,1,0,0,0,0,1,0
15_classical_models,random_forest,System_Failure,1,22,22,1,1,1,1,1,0,0
15_classical_models,random_forest,System_Failure,1,23,23,1,0,0,0,0,1,0
15_classical_models,random_forest,System_Failure,1,24,24,1,0,0,0,0,1,0
15_classical_models,random_forest,System_Failure,1,25,25,1,0,0,0,0,1,0
15_classical_models,random_forest,System_Failure,2,26,26,1,0,0,0,0,1,0
15_classical_models,random_forest,System_Failure,2,27,27,1,0,0,0,0,1,0
15_classical_models,random_forest,System_Failure,2,28,28,1,0,0,0,0,1,0
15_classical_models,random_forest,System_Failure,2,29,29,1,0,0,0,0,1,0
15_classical_models,random_forest,System_Failure,2,30,30,1,0,0,0,0,1,0
15_classical_models,random_forest,System_Failure,2,31,31,1,0,0,0,0,1,0
15_classical_models,random_forest,System_Failure,2,32,32,1,0,0,0,0,1,0
15_classical_models,random_forest,System_Failure,2,33,33,1,0,0,0,0,1,0
15_classical_models,random_forest,System_Failure,2,34,34,1,0,0,0,0,1,0
15_classical_models,random_forest,System_Failure,2,35,35,1,1,1,1,1,0,0
15_classical_models,random_forest,System_Failure,2,36,36,1,1,1,1,1,0,0
15_classical_models,random_forest,System_Failure,2,37,37,1,0,0,0,0,1,0
15_classical_models,random_forest,System_Failure,2,38,38,1,0,0,0,0,1,0
15_classical_models,random_forest,System_Failure,2,39,39,1,1,1,1,1,0,0
15_classical_models,random_forest,System_Failure,2,40,40,1,1,1,1,1,0,0
15_classical_models,random_forest,System_Failure,2,41,41,1,0,0,0,0,1,0
15_classical_models,random_forest,System_Failure,2,42,42,1,1,1,1,1,0,0
15_classical_models,random_forest,System_Failure,2,43,43,1,0,0,0,0,1,0
15_classical_models,random_forest,System_Failure,2,44,44,1,0,0,0,0,1,0
15_classical_models,random_forest,System_Failure,2,45,45,1,0,0,0,0,1,0
15_classical_models,random_forest,System_Failure,2,48,48,1,0,0,0,0,1,0
15_classical_models,random_forest,System_Failure,2,49,49,1,0,0,0,0,1,0
15_classical_models,random_forest,System_Failure,2,50,50,1,0,0,0,0,1,0
15_classical_models,random_forest,System_Failure,3,51,51,1,0,0,0,0,1,0
15_classical_models,random_forest,System_Failure,3,52,52,1,0,0,0,0,1,0
15_classical_models,random_forest,System_Failure,3,53,53,1,1,1,1,1,0,0
15_classical_models,random_forest,System_Failure,3,54,54,1,0,0,0,0,1,0
15_classical_models,random_forest,System_Failure,3,55,55,1,0,0,0,0,1,0
15_classical_models,random_forest,System_Failure,3,56,56,1,0,0,0,0,1,0
15_classical_models,random_forest,System_Failure,3,57,57,1,0,1,0,0,1,0
15_classical_models,random_forest,System_Failure,3,58,58,1,0,0,0,0,1,0
15_classical_models,random_forest,System_Failure,3,59,59,1,0,0,0,0,1,0
15_classical_models,random_forest,System_Failure,3,60,60,1,0,0,0,0,1,0
15_classical_models,random_forest,System_Failure,3,61,61,1,0,0,0,0,1,0
15_classical_models,random_forest,System_Failure,3,62,62,1,0,1,0,0,1,0
15_classical_models,random_forest,System_Failure,3,63,63,1,1,1,1,1,0,0
15_classical_models,random_forest,System_Failure,3,64,64,1,1,1,1,1,0,0
15_classical_models,random_forest,System_Failure,3,65,65,1,1,1,1,1,0,0
15_classical_models,random_forest,System_Failure,3,66,66,1,0,0,0,0,1,0
15_classical_models,random_forest,System_Failure,3,67,67,1,1,1,1,1,0,0
15_classical_models,random_forest,System_Failure,3,68,68,1,0,0,0,0,1,0
15_classical_models,random_forest,System_Failure,3,69,69,1,1,1,1,1,0,0
15_classical_models,random_forest,System_Failure,3,70,70,1,0,0,0,0,1,0
15_classical_models,random_forest,System_Failure,3,71,71,1,0,1,0,0,1,0
15_classical_models,random_forest,System_Failure,3,72,72,1,0,0,0,0,1,0
15_classical_models,random_forest,System_Failure,3,73,73,1,0,0,0,0,1,0
15_classical_models,random_forest,System_Failure,3,75,74,1,0,0,0,0,1,0
15_classical_models,random_forest,System_Failure,4,76,75,1,1,1,1,1,0,0
15_classical_models,random_forest,System_Failure,4,85,84,1,0,1,0,0,1,0
15_classical_models,random_forest,System_Failure,4,86,85,1,1,1,1,1,0,0
15_classical_models,random_forest,System_Failure,4,87,86,1,1,1,1,1,0,0
15_classical_models,random_forest,System_Failure,4,88,87,1,0,0,0,0,1,0
15_classical_models,random_forest,System_Failure,4,89,88,1,0,0,0,0,1,0
15_classical_models,random_forest,System_Failure,4,90,89,1,0,0,0,0,1,0
15_classical_models,random_forest,System_Failure,4,91,90,1,1,1,1,1,0,0
15_classical_models,random_forest,System_Failure,4,92,91,1,1,1,1,1,0,0
15_classical_models,random_forest,System_Failure,4,93,92,1,0,0,0,0,1,0
15_classical_models,random_forest,System_Failure,4,94,93,1,0,0,0,0,1,0
15_classical_models,random_forest,System_Failure,4,95,94,1,1,1,1,1,0,0
15_classical_models,random_forest,System_Failure,4,96,95,1,1,1,1,1,0,0
15_classical_models,random_forest,System_Failure,4,97,96,1,1,1,1,1,0,0
15_classical_models,random_forest,System_Failure,4,98,97,1,0,0,0,0,1,0
15_classical_models,random_forest,System_Failure,4,99,98,1,1,1,1,1,0,0
15_classical_models,random_forest,System_Failure,4,100,99,1,0,0,0,0,1,0
15_classical_models,random_forest,System_Failure,5,101,100,1,0,0,0,0,1,0
15_classical_models,random_forest,System_Failure,5,102,101,1,0,0,0,0,1,0
15_classical_models,random_forest,System_Failure,5,103,102,1,1,1,1,1,0,0
15_classical_models,random_forest,System_Failure,5,104,103,1,0,0,0,0,1,0
15_classical_models,random_forest,System_Failure,5,105,104,1,1,1,1,1,0,0
15_classical_models,random_forest,System_Failure,5,106,105,1,0,0,0,0,1,0
15_classical_models,random_forest,System_Failure,5,107,106,1,0,0,0,0,1,0
15_classical_models,random_forest,System_Failure,5,108,107,1,1,1,1,1,0,0
15_classical_models,random_forest,System_Failure,5,109,108,1,0,0,0,0,1,0
15_classical_models,random_forest,System_Failure,5,110,109,1,0,0,0,0,1,0
15_classical_models,random_forest,System_Failure,5,111,110,1,0,0,0,0,1,0
15_classical_models,random_forest,System_Failure,5,112,111,1,0,0,0,0,1,0
15_classical_models,random_forest,System_Failure,5,113,112,1,0,0,0,0,1,0
15_classical_models,random_forest,System_Failure,5,114,113,1,0,0,0,0,1,0
15_classical_models,random_forest,System_Failure,5,115,114,1,1,1,1,1,0,0
15_classical_models,random_forest,System_Failure,5,116,115,1,0,0,0,0,1,0
15_classical_models,random_forest,System_Failure,5,117,116,1,1,1,1,1,0,0
15_classical_models,random_forest,System_Failure,5,118,117,1,1,1,1,1,0,0
15_classical_models,random_forest,System_Failure,5,119,118,1,0,0,0,0,1,0
15_classical_models,random_forest,System_Failure,5,120,119,1,0,0,0,0,1,0
15_classical_models,random_forest,System_Failure,5,121,120,1,0,0,0,0,1,0
15_classical_models,random_forest,System_Failure,5,122,121,1,0,0,0,0,1,0
15_classical_models,random_forest,System_Failure,5,123,122,1,0,1,0,0,1,0
15_classical_models,random_forest,System_Failure,5,124,123,1,0,0,0,0,1,0
15_classical_models,random_forest,System_Failure,5,125,124,1,0,0,0,0,1,0
15_classical_models,random_forest,System_Failure,7,151,129,1,0,0,0,0,1,0
15_classical_models,random_forest,System_Failure,7,152,130,1,1,1,1,1,0,0
15_classical_models,random_forest,System_Failure,7,153,131,1,0,0,0,0,1,0
15_classical_models,random_forest,System_Failure,7,154,132,1,0,0,0,0,1,0
15_classical_models,random_forest,System_Failure,7,155,133,1,0,0,0,0,1,0
15_classical_models,random_forest,System_Failure,7,156,134,1,0,0,0,0,1,0
15_classical_models,random_forest,System_Failure,7,157,135,1,0,0,0,0,1,0
15_classical_models,random_forest,System_Failure,7,159,137,1,1,1,1,1,0,0
15_classical_models,random_forest,System_Failure,7,160,138,1,1,1,1,1,0,0
15_classical_models,random_forest,System_Failure,7,161,139,1,0,0,0,0,1,0
15_classical_models,random_forest,System_Failure,7,162,140,1,0,0,0,0,1,0
15_classical_models,random_forest,System_Failure,7,163,141,1,1,1,1,1,0,0
15_classical_models,random_forest,System_Failure,7,164,142,1,1,1,1,1,0,0
15_classical_models,random_forest,System_Failure,7,165,143,1,0,0,0,0,1,0
15_classical_models,random_forest,System_Failure,7,166,144,1,0,0,0,0,1,0
15_classical_models,random_forest,System_Failure,7,167,145,1,0,0,0,0,1,0
15_classical_models,random_forest,System_Failure,7,168,146,1,0,0,0,0,1,0
15_classical_models,random_forest,System_Failure,7,169,147,1,0,0,0,0,1,0
15_classical_models,random_forest,System_Failure,7,170,148,1,1,1,1,1,0,0
15_classical_models,random_forest,System_Failure,7,171,149,1,0,0,0,0,1,0
15_classical_models,random_forest,System_Failure,7,172,150,1,0,0,0,0,1,0
15_classical_models,random_forest,System_Failure,7,173,151,1,1,1,1,1,0,0
15_classical_models,random_forest,System_Failure,7,174,152,1,1,1,1,1,0,0
15_classical_models,random_forest,System_Failure,7,175,153,1,1,1,1,1,0,0
15_classical_models,random_forest,System_Failure,8,176,154,1,0,0,0,0,1,0
15_classical_models,random_forest,System_Failure,8,177,155,1,0,0,0,0,1,0
15_classical_models,random_forest,System_Failure,8,178,156,1,0,0,0,0,1,0
15_classical_models,random_forest,System_Failure,8,179,157,1,0,0,0,0,1,0
15_classical_models,random_forest,System_Failure,8,180,158,1,1,1,1,1,0,0
15_classical_models,random_forest,System_Failure,8,181,159,1,0,0,0,0,1,0
15_classical_models,random_forest,System_Failure,8,182,160,1,1,1,1,1,0,0
15_classical_models,random_forest,System_Failure,8,183,161,1,1,1,1,1,0,0
15_classical_models,random_forest,System_Failure,8,184,162,1,0,0,0,0,1,0
15_classical_models,random_forest,System_Failure,8,185,163,1,1,1,1,1,0,0
15_classical_models,random_forest,System_Failure,8,199,176,1,0,0,0,0,1,0
15_classical_models,random_forest,System_Failure,8,200,177,1,1,1,1,1,0,0
15_classical_models,random_forest,System_Failure,9,201,178,1,1,1,1,1,0,0
15_classical_models,random_forest,System_Failure,9,202,179,1,1,1,1,1,0,0
15_classical_models,random_forest,System_Failure,9,203,180,1,0,0,0,0,1,0
15_classical_models,random_forest,System_Failure,9,204,181,1,1,1,1,1,0,0
15_classical_models,random_forest,System_Failure,9,205,182,1,0,0,0,0,1,0
15_classical_models,random_forest,System_Failure,9,206,183,1,1,1,1,1,0,0
15_classical_models,random_forest,System_Failure,9,207,184,1,0,0,0,0,1,0
15_classical_models,random_forest,System_Failure,9,208,185,1,1,1,1,1,0,0
15_classical_models,random_forest,System_Failure,9,209,186,1,0,0,0,0,1,0
15_classical_models,random_forest,System_Failure,9,210,187,1,1,1,1,1,0,0
15_classical_models,random_forest,System_Failure,9,211,188,1,0,0,0,0,1,0
15_classical_models,random_forest,System_Failure,9,212,189,1,1,1,1,1,0,0
15_classical_models,random_forest,System_Failure,9,213,190,1,0,0,0,0,1,0
15_classical_models,random_forest,System_Failure,9,214,191,1,1,1,1,1,0,0
15_classical_models,random_forest,System_Failure,9,215,192,1,1,1,1,1,0,0
15_classical_models,random_forest,System_Failure,9,216,193,1,1,0,0,1,0,0
15_classical_models,random_forest,System_Failure,9,217,194,1,1,1,1,1,0,0
15_classical_models,random_forest,System_Failure,9,218,195,1,1,1,1,1,0,0
15_classical_models,random_forest,System_Failure,9,219,196,1,1,1,1,1,0,0
15_classical_models,random_forest,System_Failure,9,220,197,1,1,1,1,1,0,0
15_classical_models,random_forest,System_Failure,9,221,198,1,1,1,1,1,0,0
15_classical_models,random_forest,System_Failure,9,222,199,1,1,1,1,1,0,0
15_classical_models,random_forest,System_Failure,9,223,200,1,1,1,1,1,0,0
15_classical_models,random_forest,System_Failure,9,224,201,1,1,1,1,1,0,0
15_classical_models,random_forest,System_Failure,9,225,202,1,1,1,1,1,0,0
15_classical_models,random_forest,System_Failure,9,224,210,2,1,1,1,1,0,0
15_classical_models,random_forest,System_Failure,10,226,203,1,1,1,1,1,0,0
15_classical_models,random_forest,System_Failure,10,227,204,1,1,0,0,1,0,0
15_classical_models,random_forest,System_Failure,10,229,205,1,1,1,1,1,0,0
15_classical_models,random_forest,System_Failure,10,230,206,1,1,1,1,1,0,0
15_classical_models,random_forest,System_Failure,10,231,207,1,1,1,1,1,0,0
15_classical_models,random_forest,System_Failure,10,232,208,1,0,0,0,0,1,0
15_classical_models,random_forest,System_Failure,10,233,209,1,1,1,1,1,0,0
15_classical_models,random_forest,System_Failure,10,230,216,2,1,1,1,1,0,0
15_classical_models,random_forest,System_Failure,10,231,217,2,1,1,1,1,0,0
15_classical_models,random_forest,System_Failure,10,232,218,2,1,1,1,1,0,0
15_classical_models,random_forest,System_Failure,10,233,219,2,1,1,1,1,0,0
15_classical_models,random_forest,System_Failure,10,234,220,1,1,1,1,1,0,0
15_classical_models,random_forest,System_Failure,10,235,221,1,1,1,1,1,0,0
15_classical_models,random_forest,System_Failure,10,236,222,1,0,0,0,0,1,0
15_classical_models,random_forest,System_Failure,10,237,223,1,1,1,1,1,0,0
15_classical_models,random_forest,System_Failure,10,238,224,1,0,0,0,0,1,0
15_classical_models,random_forest,System_Failure,10,239,225,1,1,1,1,1,0,0
15_classical_models,random_forest,System_Failure,10,240,226,1,1,1,1,1,0,0
15_classical_models,random_forest,System_Failure,10,241,227,1,0,0,0,0,1,0
15_classical_models,random_forest,System_Failure,10,242,228,1,1,1,1,1,0,0
15_classical_models,random_forest,System_Failure,10,243,229,1,0,0,0,0,1,0
15_classical_models,random_forest,System_Failure,10,245,230,1,0,0,0,0,1,0
15_classical_models,random_forest,System_Failure,10,246,231,1,1,1,1,1,0,0
15_classical_models,random_forest,System_Failure,10,247,232,1,1,1,1,1,0,0
15_classical_models,random_forest,System_Failure,10,248,233,1,0,0,0,0,1,0
15_classical_models,random_forest,System_Failure,10,249,234,1,1,1,1,1,0,0
15_classical_models,random_forest,System_Failure,10,250,235,1,1,1,1,1,0,0
15_classical_models,random_forest,ProtectiveStop,1,1,1,1,1,0,0,1,0,0
15_classical_models,random_forest,ProtectiveStop,1,2,2,1,0,0,0,1,0,1
15_classical_models,random_forest,ProtectiveStop,1,3,3,1,0,0,0,0,1,0
15_classical_models,random_forest,ProtectiveStop,1,4,4,1,0,0,0,0,1,0
15_classical_models,random_forest,ProtectiveStop,1,5,5,1,0,0,0,1,0,1
15_classical_models,random_forest,ProtectiveStop,1,6,6,1,0,0,0,1,0,1
15_classical_models,random_forest,ProtectiveStop,1,8,8,1,0,0,0,0,1,0
15_classical_models,random_forest,ProtectiveStop,1,9,9,1,0,0,0,0,1,0
15_classical_models,random_forest,ProtectiveStop,1,10,10,1,0,0,0,0,1,0
15_classical_models,random_forest,ProtectiveStop,1,11,11,1,0,0,0,0,1,0
15_classical_models,random_forest,ProtectiveStop,1,12,12,1,0,0,0,0,1,0
15_classical_models,random_forest,ProtectiveStop,1,13,13,1,0,0,0,0,1,0
15_classical_models,random_forest,ProtectiveStop,1,14,14,1,0,0,0,1,0,1
15_classical_models,random_forest,ProtectiveStop,1,15,15,1,0,0,0,1,0,1
15_classical_models,random_forest,ProtectiveStop,1,16,16,1,0,0,0,0,1,0
15_classical_models,random_forest,ProtectiveStop,1,17,17,1,0,0,0,0,1,0
15_classical_models,random_forest,ProtectiveStop,1,18,18,1,0,0,0,0,1,0
15_classical_models,random_forest,ProtectiveStop,1,19,19,1,0,0,0,0,1,0
15_classical_models,random_forest,ProtectiveStop,1,20,20,1,0,0,0,0,1,0
15_classical_models,random_forest,ProtectiveStop,1,21,21,1,0,0,0,0,1,0
15_classical_models,random_forest,ProtectiveStop,1,22,22,1,1,1,1,1,0,0
15_classical_models,random_forest,ProtectiveStop,1,23,23,1,0,0,0,0,1,0
15_classical_models,random_forest,ProtectiveStop,1,24,24,1,0,0,0,0,1,0
15_classical_models,random_forest,ProtectiveStop,1,25,25,1,0,0,0,0,1,0
15_classical_models,random_forest,ProtectiveStop,2,26,26,1,0,0,0,0,1,0
15_classical_models,random_forest,ProtectiveStop,2,27,27,1,0,0,0,0,1,0
15_classical_models,random_forest,ProtectiveStop,2,28,28,1,0,0,0,0,1,0
15_classical_models,random_forest,ProtectiveStop,2,29,29,1,0,0,0,0,1,0
15_classical_models,random_forest,ProtectiveStop,2,30,30,1,0,0,0,0,1,0
15_classical_models,random_forest,ProtectiveStop,2,31,31,1,0,0,0,0,1,0
15_classical_models,random_forest,ProtectiveStop,2,32,32,1,0,0,0,0,1,0
15_classical_models,random_forest,ProtectiveStop,2,33,33,1,0,0,0,0,1,0
15_classical_models,random_forest,ProtectiveStop,2,34,34,1,0,0,0,0,1,0
15_classical_models,random_forest,ProtectiveStop,2,35,35,1,1,1,1,1,0,0
15_classical_models,random_forest,ProtectiveStop,2,36,36,1,0,0,0,1,0,1
15_classical_models,random_forest,ProtectiveStop,2,37,37,1,0,0,0,0,1,0
15_classical_models,random_forest,ProtectiveStop,2,38,38,1,0,0,0,0,1,0
15_classical_models,random_forest,ProtectiveStop,2,39,39,1,0,0,0,1,0,1
15_classical_models,random_forest,ProtectiveStop,2,40,40,1,0,0,0,1,0,1
15_classical_models,random_forest,ProtectiveStop,2,41,41,1,0,0,0,0,1,0
15_classical_models,random_forest,ProtectiveStop,2,42,42,1,1,1,1,1,0,0
15_classical_models,random_forest,ProtectiveStop,2,43,43,1,0,0,0,0,1,0
15_classical_models,random_forest,ProtectiveStop,2,44,44,1,0,0,0,0,1,0
15_classical_models,random_forest,ProtectiveStop,2,45,45,1,0,0,0,0,1,0
15_classical_models,random_forest,ProtectiveStop,2,48,48,1,0,0,0,0,1,0
15_classical_models,random_forest,ProtectiveStop,2,49,49,1,0,0,0,0,1,0
15_classical_models,random_forest,ProtectiveStop,2,50,50,1,0,0,0,0,1,0
15_classical_models,random_forest,ProtectiveStop,3,51,51,1,0,0,0,0,1,0
15_classical_models,random_forest,ProtectiveStop,3,52,52,1,0,0,0,0,1,0
15_classical_models,random_forest,ProtectiveStop,3,53,53,1,1,1,1,1,0,0
15_classical_models,random_forest,ProtectiveStop,3,54,54,1,0,0,0,0,1,0
15_classical_models,random_forest,ProtectiveStop,3,55,55,1,0,0,0,0,1,0
15_classical_models,random_forest,ProtectiveStop,3,56,56,1,0,0,0,0,1,0
15_classical_models,random_forest,ProtectiveStop,3,57,57,1,0,1,0,0,1,0
15_classical_models,random_forest,ProtectiveStop,3,58,58,1,0,0,0,0,1,0
15_classical_models,random_forest,ProtectiveStop,3,59,59,1,0,0,0,0,1,0
15_classical_models,random_forest,ProtectiveStop,3,60,60,1,0,0,0,0,1,0
15_classical_models,random_forest,ProtectiveStop,3,61,61,1,0,0,0,0,1,0
15_classical_models,random_forest,ProtectiveStop,3,62,62,1,0,1,0,0,1,0
15_classical_models,random_forest,ProtectiveStop,3,63,63,1,1,1,1,1,0,0
15_classical_models,random_forest,ProtectiveStop,3,64,64,1,0,0,0,1,0,1
15_classical_models,random_forest,ProtectiveStop,3,65,65,1,0,0,0,1,0,1
15_classical_models,random_forest,ProtectiveStop,3,66,66,1,0,0,0,0,1,0
15_classical_models,random_forest,ProtectiveStop,3,67,67,1,0,0,0,1,0,1
15_classical_models,random_forest,ProtectiveStop,3,68,68,1,0,0,0,0,1,0
15_classical_models,random_forest,ProtectiveStop,3,69,69,1,1,1,1,1,0,0
15_classical_models,random_forest,ProtectiveStop,3,70,70,1,0,0,0,0,1,0
15_classical_models,random_forest,ProtectiveStop,3,71,71,1,0,1,0,0,1,0
15_classical_models,random_forest,ProtectiveStop,3,72,72,1,0,0,0,0,1,0
15_classical_models,random_forest,ProtectiveStop,3,73,73,1,0,0,0,0,1,0
15_classical_models,random_forest,ProtectiveStop,3,75,74,1,0,0,0,0,1,0
15_classical_models,random_forest,ProtectiveStop,4,76,75,1,0,0,0,1,0,1
15_classical_models,random_forest,ProtectiveStop,4,85,84,1,0,1,0,0,1,0
15_classical_models,random_forest,ProtectiveStop,4,86,85,1,1,1,1,1,0,0
15_classical_models,random_forest,ProtectiveStop,4,87,86,1,1,1,1,1,0,0
15_classical_models,random_forest,ProtectiveStop,4,88,87,1,0,0,0,0,1,0
15_classical_models,random_forest,ProtectiveStop,4,89,88,1,0,0,0,0,1,0
15_classical_models,random_forest,ProtectiveStop,4,90,89,1,0,0,0,0,1,0
15_classical_models,random_forest,ProtectiveStop,4,91,90,1,0,0,0,1,0,1
15_classical_models,random_forest,ProtectiveStop,4,92,91,1,0,0,0,1,0,1
15_classical_models,random_forest,ProtectiveStop,4,93,92,1,0,0,0,0,1,0
15_classical_models,random_forest,ProtectiveStop,4,94,93,1,0,0,0,0,1,0
15_classical_models,random_forest,ProtectiveStop,4,95,94,1,0,0,0,1,0,1
15_classical_models,random_forest,ProtectiveStop,4,96,95,1,0,0,0,1,0,1
15_classical_models,random_forest,ProtectiveStop,4,97,96,1,0,0,0,1,0,1
15_classical_models,random_forest,ProtectiveStop,4,98,97,1,0,0,0,0,1,0
15_classical_models,random_forest,ProtectiveStop,4,99,98,1,1,1,1,1,0,0
15_classical_models,random_forest,ProtectiveStop,4,100,99,1,0,0,0,0,1,0
15_classical_models,random_forest,ProtectiveStop,5,101,100,1,0,0,0,0,1,0
15_classical_models,random_forest,ProtectiveStop,5,102,101,1,0,0,0,0,1,0
15_classical_models,random_forest,ProtectiveStop,5,103,102,1,1,1,1,1,0,0
15_classical_models,random_forest,ProtectiveStop,5,104,103,1,0,0,0,0,1,0
15_classical_models,random_forest,ProtectiveStop,5,105,104,1,0,0,0,1,0,1
15_classical_models,random_forest,ProtectiveStop,5,106,105,1,0,0,0,0,1,0
15_classical_models,random_forest,ProtectiveStop,5,107,106,1,0,0,0,0,1,0
15_classical_models,random_forest,ProtectiveStop,5,108,107,1,1,1,1,1,0,0
15_classical_models,random_forest,ProtectiveStop,5,109,108,1,0,0,0,0,1,0
15_classical_models,random_forest,ProtectiveStop,5,110,109,1,0,0,0,0,1,0
15_classical_models,random_forest,ProtectiveStop,5,111,110,1,0,0,0,0,1,0
15_classical_models,random_forest,ProtectiveStop,5,112,111,1,0,0,0,0,1,0
15_classical_models,random_forest,ProtectiveStop,5,113,112,1,0,0,0,0,1,0
15_classical_models,random_forest,ProtectiveStop,5,114,113,1,0,0,0,0,1,0
15_classical_models,random_forest,ProtectiveStop,5,115,114,1,1,1,1,1,0,0
15_classical_models,random_forest,ProtectiveStop,5,116,115,1,0,0,0,0,1,0
15_classical_models,random_forest,ProtectiveStop,5,117,116,1,1,1,1,1,0,0
15_classical_models,random_forest,ProtectiveStop,5,118,117,1,1,1,1,1,0,0
15_classical_models,random_forest,ProtectiveStop,5,119,118,1,0,0,0,0,1,0
15_classical_models,random_forest,ProtectiveStop,5,120,119,1,0,0,0,0,1,0
15_classical_models,random_forest,ProtectiveStop,5,121,120,1,0,0,0,0,1,0
15_classical_models,random_forest,ProtectiveStop,5,122,121,1,0,0,0,0,1,0
15_classical_models,random_forest,ProtectiveStop,5,123,122,1,0,0,0,0,1,0
15_classical_models,random_forest,ProtectiveStop,5,124,123,1,0,0,0,0,1,0
15_classical_models,random_forest,ProtectiveStop,5,125,124,1,0,0,0,0,1,0
15_classical_models,random_forest,ProtectiveStop,7,151,129,1,0,0,0,0,1,0
15_classical_models,random_forest,ProtectiveStop,7,152,130,1,1,1,1,1,0,0
15_classical_models,random_forest,ProtectiveStop,7,153,131,1,0,0,0,0,1,0
15_classical_models,random_forest,ProtectiveStop,7,154,132,1,0,0,0,0,1,0
15_classical_models,random_forest,ProtectiveStop,7,155,133,1,0,0,0,0,1,0
15_classical_models,random_forest,ProtectiveStop,7,156,134,1,0,0,0,0,1,0
15_classical_models,random_forest,ProtectiveStop,7,157,135,1,0,0,0,0,1,0
15_classical_models,random_forest,ProtectiveStop,7,159,137,1,1,1,1,1,0,0
15_classical_models,random_forest,ProtectiveStop,7,160,138,1,0,0,0,1,0,1
15_classical_models,random_forest,ProtectiveStop,7,161,139,1,0,0,0,0,1,0
15_classical_models,random_forest,ProtectiveStop,7,162,140,1,0,0,0,0,1,0
15_classical_models,random_forest,ProtectiveStop,7,163,141,1,1,1,1,1,0,0
15_classical_models,random_forest,ProtectiveStop,7,164,142,1,1,1,1,1,0,0
15_classical_models,random_forest,ProtectiveStop,7,165,143,1,0,0,0,0,1,0
15_classical_models,random_forest,ProtectiveStop,7,166,144,1,0,0,0,0,1,0
15_classical_models,random_forest,ProtectiveStop,7,167,145,1,0,0,0,0,1,0
15_classical_models,random_forest,ProtectiveStop,7,168,146,1,0,0,0,0,1,0
15_classical_models,random_forest,ProtectiveStop,7,169,147,1,0,0,0,0,1,0
15_classical_models,random_forest,ProtectiveStop,7,170,148,1,1,1,1,1,0,0
15_classical_models,random_forest,ProtectiveStop,7,171,149,1,0,0,0,0,1,0
15_classical_models,random_forest,ProtectiveStop,7,172,150,1,0,0,0,0,1,0
15_classical_models,random_forest,ProtectiveStop,7,173,151,1,1,1,1,1,0,0
15_classical_models,random_forest,ProtectiveStop,7,174,152,1,1,1,1,1,0,0
15_classical_models,random_forest,ProtectiveStop,7,175,153,1,1,1,1,1,0,0
15_classical_models,random_forest,ProtectiveStop,8,176,154,1,0,0,0,0,1,0
15_classical_models,random_forest,ProtectiveStop,8,177,155,1,0,0,0,0,1,0
15_classical_models,random_forest,ProtectiveStop,8,178,156,1,0,0,0,0,1,0
15_classical_models,random_forest,ProtectiveStop,8,179,157,1,0,0,0,0,1,0
15_classical_models,random_forest,ProtectiveStop,8,180,158,1,0,0,0,1,0,1
15_classical_models,random_forest,ProtectiveStop,8,181,159,1,0,0,0,0,1,0
15_classical_models,random_forest,ProtectiveStop,8,182,160,1,1,1,1,1,0,0
15_classical_models,random_forest,ProtectiveStop,8,183,161,1,1,1,1,1,0,0
15_classical_models,random_forest,ProtectiveStop,8,184,162,1,0,0,0,0,1,0
15_classical_models,random_forest,ProtectiveStop,8,185,163,1,1,1,1,1,0,0
15_classical_models,random_forest,ProtectiveStop,8,199,176,1,0,0,0,0,1,0
15_classical_models,random_forest,ProtectiveStop,8,200,177,1,0,0,0,1,0,1
15_classical_models,random_forest,ProtectiveStop,9,201,178,1,1,1,1,1,0,0
15_classical_models,random_forest,ProtectiveStop,9,202,179,1,0,0,0,1,0,1
15_classical_models,random_forest,ProtectiveStop,9,203,180,1,0,0,0,0,1,0
15_classical_models,random_forest,ProtectiveStop,9,204,181,1,1,1,1,1,0,0
15_classical_models,random_forest,ProtectiveStop,9,205,182,1,0,0,0,0,1,0
15_classical_models,random_forest,ProtectiveStop,9,206,183,1,1,1,1,1,0,0
15_classical_models,random_forest,ProtectiveStop,9,207,184,1,0,0,0,0,1,0
15_classical_models,random_forest,ProtectiveStop,9,208,185,1,0,0,0,1,0,1
15_classical_models,random_forest,ProtectiveStop,9,209,186,1,0,0,0,0,1,0
15_classical_models,random_forest,ProtectiveStop,9,210,187,1,1,1,1,1,0,0
15_classical_models,random_forest,ProtectiveStop,9,211,188,1,0,0,0,0,1,0
15_classical_models,random_forest,ProtectiveStop,9,212,189,1,1,1,1,1,0,0
15_classical_models,random_forest,ProtectiveStop,9,213,190,1,0,0,0,0,1,0
15_classical_models,random_forest,ProtectiveStop,9,214,191,1,1,1,1,1,0,0
15_classical_models,random_forest,ProtectiveStop,9,215,192,1,1,1,1,1,0,0
15_classical_models,random_forest,ProtectiveStop,9,216,193,1,0,0,0,1,0,1
15_classical_models,random_forest,ProtectiveStop,9,217,194,1,1,1,1,1,0,0
15_classical_models,random_forest,ProtectiveStop,9,218,195,1,1,1,1,1,0,0
15_classical_models,random_forest,ProtectiveStop,9,219,196,1,1,1,1,1,0,0
15_classical_models,random_forest,ProtectiveStop,9,220,197,1,1,1,1,1,0,0
15_classical_models,random_forest,ProtectiveStop,9,221,198,1,1,0,0,1,0,0
15_classical_models,random_forest,ProtectiveStop,9,222,199,1,1,1,1,1,0,0
15_classical_models,random_forest,ProtectiveStop,9,223,200,1,1,1,1,1,0,0
15_classical_models,random_forest,ProtectiveStop,9,224,201,1,1,1,1,1,0,0
15_classical_models,random_forest,ProtectiveStop,9,225,202,1,1,1,1,1,0,0
15_classical_models,random_forest,ProtectiveStop,9,224,210,2,1,1,1,1,0,0
15_classical_models,random_forest,ProtectiveStop,10,226,203,1,1,1,1,1,0,0
15_classical_models,random_forest,ProtectiveStop,10,227,204,1,1,0,0,1,0,0
15_classical_models,random_forest,ProtectiveStop,10,229,205,1,1,1,1,1,0,0
15_classical_models,random_forest,ProtectiveStop,10,230,206,1,1,1,1,1,0,0
15_classical_models,random_forest,ProtectiveStop,10,231,207,1,1,1,1,1,0,0
15_classical_models,random_forest,ProtectiveStop,10,232,208,1,0,0,0,0,1,0
15_classical_models,random_forest,ProtectiveStop,10,233,209,1,1,1,1,1,0,0
15_classical_models,random_forest,ProtectiveStop,10,230,216,2,1,1,1,1,0,0
15_classical_models,random_forest,ProtectiveStop,10,231,217,2,1,1,1,1,0,0
15_classical_models,random_forest,ProtectiveStop,10,232,218,2,1,1,1,1,0,0
15_classical_models,random_forest,ProtectiveStop,10,233,219,2,0,0,0,1,0,1
15_classical_models,random_forest,ProtectiveStop,10,234,220,1,1,1,1,1,0,0
15_classical_models,random_forest,ProtectiveStop,10,235,221,1,1,1,1,1,0,0
15_classical_models,random_forest,ProtectiveStop,10,236,222,1,0,0,0,0,1,0
15_classical_models,random_forest,ProtectiveStop,10,237,223,1,1,1,1,1,0,0
15_classical_models,random_forest,ProtectiveStop,10,238,224,1,0,0,0,0,1,0
15_classical_models,random_forest,ProtectiveStop,10,239,225,1,1,1,1,1,0,0
15_classical_models,random_forest,ProtectiveStop,10,240,226,1,1,1,1,1,0,0
15_classical_models,random_forest,ProtectiveStop,10,241,227,1,0,0,0,0,1,0
15_classical_models,random_forest,ProtectiveStop,10,242,228,1,1,1,1,1,0,0
15_classical_models,random_forest,ProtectiveStop,10,243,229,1,0,0,0,0,1,0
15_classical_models,random_forest,ProtectiveStop,10,245,230,1,0,0,0,0,1,0
15_classical_models,random_forest,ProtectiveStop,10,246,231,1,1,1,1,1,0,0
15_classical_models,random_forest,ProtectiveStop,10,247,232,1,1,1,1,1,0,0
15_classical_models,random_forest,ProtectiveStop,10,248,233,1,0,0,0,0,1,0
15_classical_models,random_forest,ProtectiveStop,10,249,234,1,1,1,1,1,0,0
15_classical_models,random_forest,ProtectiveStop,10,250,235,1,1,1,1,1,0,0
15_classical_models,random_forest,GripLost,1,1,1,1,0,0,0,1,0,1
15_classical_models,random_forest,GripLost,1,2,2,1,1,1,1,1,0,0
15_classical_models,random_forest,GripLost,1,3,3,1,0,0,0,0,1,0
15_classical_models,random_forest,GripLost,1,4,4,1,0,0,0,0,1,0
15_classical_models,random_forest,GripLost,1,5,5,1,1,1,1,1,0,0
15_classical_models,random_forest,GripLost,1,6,6,1,1,0,0,1,0,0
15_classical_models,random_forest,GripLost,1,8,8,1,0,0,0,0,1,0
15_classical_models,random_forest,GripLost,1,9,9,1,0,0,0,0,1,0
15_classical_models,random_forest,GripLost,1,10,10,1,0,0,0,0,1,0
15_classical_models,random_forest,GripLost,1,11,11,1,0,0,0,0,1,0
15_classical_models,random_forest,GripLost,1,12,12,1,0,0,0,0,1,0
15_classical_models,random_forest,GripLost,1,13,13,1,0,0,0,0,1,0
15_classical_models,random_forest,GripLost,1,14,14,1,1,1,1,1,0,0
15_classical_models,random_forest,GripLost,1,15,15,1,1,1,1,1,0,0
15_classical_models,random_forest,GripLost,1,16,16,1,0,0,0,0,1,0
15_classical_models,random_forest,GripLost,1,17,17,1,0,0,0,0,1,0
15_classical_models,random_forest,GripLost,1,18,18,1,0,0,0,0,1,0
15_classical_models,random_forest,GripLost,1,19,19,1,0,0,0,0,1,0
15_classical_models,random_forest,GripLost,1,20,20,1,0,0,0,0,1,0
15_classical_models,random_forest,GripLost,1,21,21,1,0,0,0,0,1,0
15_classical_models,random_forest,GripLost,1,22,22,1,0,0,0,1,0,1
15_classical_models,random_forest,GripLost,1,23,23,1,0,0,0,0,1,0
15_classical_models,random_forest,GripLost,1,24,24,1,0,0,0,0,1,0
15_classical_models,random_forest,GripLost,1,25,25,1,0,0,0,0,1,0
15_classical_models,random_forest,GripLost,2,26,26,1,0,0,0,0,1,0
15_classical_models,random_forest,GripLost,2,27,27,1,0,0,0,0,1,0
15_classical_models,random_forest,GripLost,2,28,28,1,0,0,0,0,1,0
15_classical_models,random_forest,GripLost,2,29,29,1,0,0,0,0,1,0
15_classical_models,random_forest,GripLost,2,30,30,1,0,0,0,0,1,0
15_classical_models,random_forest,GripLost,2,31,31,1,0,0,0,0,1,0
15_classical_models,random_forest,GripLost,2,32,32,1,0,0,0,0,1,0
15_classical_models,random_forest,GripLost,2,33,33,1,0,0,0,0,1,0
15_classical_models,random_forest,GripLost,2,34,34,1,0,0,0,0,1,0
15_classical_models,random_forest,GripLost,2,35,35,1,0,0,0,1,0,1
15_classical_models,random_forest,GripLost,2,36,36,1,1,1,1,1,0,0
15_classical_models,random_forest,GripLost,2,37,37,1,0,0,0,0,1,0
15_classical_models,random_forest,GripLost,2,38,38,1,0,0,0,0,1,0
15_classical_models,random_forest,GripLost,2,39,39,1,1,1,1,1,0,0
15_classical_models,random_forest,GripLost,2,40,40,1,1,1,1,1,0,0
15_classical_models,random_forest,GripLost,2,41,41,1,0,0,0,0,1,0
15_classical_models,random_forest,GripLost,2,42,42,1,0,0,0,1,0,1
15_classical_models,random_forest,GripLost,2,43,43,1,0,0,0,0,1,0
15_classical_models,random_forest,GripLost,2,44,44,1,0,0,0,0,1,0
15_classical_models,random_forest,GripLost,2,45,45,1,0,0,0,0,1,0
15_classical_models,random_forest,GripLost,2,48,48,1,0,0,0,0,1,0
15_classical_models,random_forest,GripLost,2,49,49,1,0,0,0,0,1,0
15_classical_models,random_forest,GripLost,2,50,50,1,0,0,0,0,1,0
15_classical_models,random_forest,GripLost,3,51,51,1,0,0,0,0,1,0
15_classical_models,random_forest,GripLost,3,52,52,1,0,0,0,0,1,0
15_classical_models,random_forest,GripLost,3,53,53,1,0,0,0,1,0,1
15_classical_models,random_forest,GripLost,3,54,54,1,0,0,0,0,1,0
15_classical_models,random_forest,GripLost,3,55,55,1,0,0,0,0,1,0
15_classical_models,random_forest,GripLost,3,56,56,1,0,0,0,0,1,0
15_classical_models,random_forest,GripLost,3,57,57,1,0,1,0,0,1,0
15_classical_models,random_forest,GripLost,3,58,58,1,0,0,0,0,1,0
15_classical_models,random_forest,GripLost,3,59,59,1,0,0,0,0,1,0
15_classical_models,random_forest,GripLost,3,60,60,1,0,0,0,0,1,0
15_classical_models,random_forest,GripLost,3,61,61,1,0,0,0,0,1,0
15_classical_models,random_forest,GripLost,3,62,62,1,0,0,0,0,1,0
15_classical_models,random_forest,GripLost,3,63,63,1,1,1,1,1,0,0
15_classical_models,random_forest,GripLost,3,64,64,1,1,1,1,1,0,0
15_classical_models,random_forest,GripLost,3,65,65,1,1,1,1,1,0,0
15_classical_models,random_forest,GripLost,3,66,66,1,0,0,0,0,1,0
15_classical_models,random_forest,GripLost,3,67,67,1,1,1,1,1,0,0
15_classical_models,random_forest,GripLost,3,68,68,1,0,0,0,0,1,0
15_classical_models,random_forest,GripLost,3,69,69,1,1,1,1,1,0,0
15_classical_models,random_forest,GripLost,3,70,70,1,0,0,0,0,1,0
15_classical_models,random_forest,GripLost,3,71,71,1,0,0,0,0,1,0
15_classical_models,random_forest,GripLost,3,72,72,1,0,0,0,0,1,0
15_classical_models,random_forest,GripLost,3,73,73,1,0,0,0,0,1,0
15_classical_models,random_forest,GripLost,3,75,74,1,0,0,0,0,1,0
15_classical_models,random_forest,GripLost,4,76,75,1,1,1,1,1,0,0
15_classical_models,random_forest,GripLost,4,85,84,1,0,0,0,0,1,0
15_classical_models,random_forest,GripLost,4,86,85,1,1,1,1,1,0,0
15_classical_models,random_forest,GripLost,4,87,86,1,0,0,0,1,0,1
15_classical_models,random_forest,GripLost,4,88,87,1,0,0,0,0,1,0
15_classical_models,random_forest,GripLost,4,89,88,1,0,0,0,0,1,0
15_classical_models,random_forest,GripLost,4,90,89,1,0,0,0,0,1,0
15_classical_models,random_forest,GripLost,4,91,90,1,1,1,1,1,0,0
15_classical_models,random_forest,GripLost,4,92,91,1,1,1,1,1,0,0
15_classical_models,random_forest,GripLost,4,93,92,1,0,0,0,0,1,0
15_classical_models,random_forest,GripLost,4,94,93,1,0,0,0,0,1,0
15_classical_models,random_forest,GripLost,4,95,94,1,1,1,1,1,0,0
15_classical_models,random_forest,GripLost,4,96,95,1,1,1,1,1,0,0
15_classical_models,random_forest,GripLost,4,97,96,1,1,1,1,1,0,0
15_classical_models,random_forest,GripLost,4,98,97,1,0,0,0,0,1,0
15_classical_models,random_forest,GripLost,4,99,98,1,0,0,0,1,0,1
15_classical_models,random_forest,GripLost,4,100,99,1,0,0,0,0,1,0
15_classical_models,random_forest,GripLost,5,101,100,1,0,0,0,0,1,0
15_classical_models,random_forest,GripLost,5,102,101,1,0,0,0,0,1,0
15_classical_models,random_forest,GripLost,5,103,102,1,0,0,0,1,0,1
15_classical_models,random_forest,GripLost,5,104,103,1,0,0,0,0,1,0
15_classical_models,random_forest,GripLost,5,105,104,1,1,1,1,1,0,0
15_classical_models,random_forest,GripLost,5,106,105,1,0,0,0,0,1,0
15_classical_models,random_forest,GripLost,5,107,106,1,0,0,0,0,1,0
15_classical_models,random_forest,GripLost,5,108,107,1,0,0,0,1,0,1
15_classical_models,random_forest,GripLost,5,109,108,1,0,0,0,0,1,0
15_classical_models,random_forest,GripLost,5,110,109,1,0,0,0,0,1,0
15_classical_models,random_forest,GripLost,5,111,110,1,0,0,0,0,1,0
15_classical_models,random_forest,GripLost,5,112,111,1,0,0,0,0,1,0
15_classical_models,random_forest,GripLost,5,113,112,1,0,0,0,0,1,0
15_classical_models,random_forest,GripLost,5,114,113,1,0,0,0,0,1,0
15_classical_models,random_forest,GripLost,5,115,114,1,0,0,0,1,0,1
15_classical_models,random_forest,GripLost,5,116,115,1,0,0,0,0,1,0
15_classical_models,random_forest,GripLost,5,117,116,1,0,0,0,1,0,1
15_classical_models,random_forest,GripLost,5,118,117,1,0,0,0,1,0,1
15_classical_models,random_forest,GripLost,5,119,118,1,0,0,0,0,1,0
15_classical_models,random_forest,GripLost,5,120,119,1,0,0,0,0,1,0
15_classical_models,random_forest,GripLost,5,121,120,1,0,0,0,0,1,0
15_classical_models,random_forest,GripLost,5,122,121,1,0,0,0,0,1,0
15_classical_models,random_forest,GripLost,5,123,122,1,0,0,0,0,1,0
15_classical_models,random_forest,GripLost,5,124,123,1,0,0,0,0,1,0
15_classical_models,random_forest,GripLost,5,125,124,1,0,0,0,0,1,0
15_classical_models,random_forest,GripLost,7,151,129,1,0,0,0,0,1,0
15_classical_models,random_forest,GripLost,7,152,130,1,0,0,0,1,0,1
15_classical_models,random_forest,GripLost,7,153,131,1,0,0,0,0,1,0
15_classical_models,random_forest,GripLost,7,154,132,1,0,0,0,0,1,0
15_classical_models,random_forest,GripLost,7,155,133,1,0,0,0,0,1,0
15_classical_models,random_forest,GripLost,7,156,134,1,0,0,0,0,1,0
15_classical_models,random_forest,GripLost,7,157,135,1,0,0,0,0,1,0
15_classical_models,random_forest,GripLost,7,159,137,1,0,0,0,1,0,1
15_classical_models,random_forest,GripLost,7,160,138,1,1,1,1,1,0,0
15_classical_models,random_forest,GripLost,7,161,139,1,0,0,0,0,1,0
15_classical_models,random_forest,GripLost,7,162,140,1,0,0,0,0,1,0
15_classical_models,random_forest,GripLost,7,163,141,1,0,0,0,1,0,1
15_classical_models,random_forest,GripLost,7,164,142,1,1,1,1,1,0,0
15_classical_models,random_forest,GripLost,7,165,143,1,0,0,0,0,1,0
15_classical_models,random_forest,GripLost,7,166,144,1,0,0,0,0,1,0
15_classical_models,random_forest,GripLost,7,167,145,1,0,0,0,0,1,0
15_classical_models,random_forest,GripLost,7,168,146,1,0,0,0,0,1,0
15_classical_models,random_forest,GripLost,7,169,147,1,0,0,0,0,1,0
15_classical_models,random_forest,GripLost,7,170,148,1,0,0,0,1,0,1
15_classical_models,random_forest,GripLost,7,171,149,1,0,0,0,0,1,0
15_classical_models,random_forest,GripLost,7,172,150,1,0,0,0,0,1,0
15_classical_models,random_forest,GripLost,7,173,151,1,1,1,1,1,0,0
15_classical_models,random_forest,GripLost,7,174,152,1,1,1,1,1,0,0
15_classical_models,random_forest,GripLost,7,175,153,1,0,0,0,1,0,1
15_classical_models,random_forest,GripLost,8,176,154,1,0,0,0,0,1,0
15_classical_models,random_forest,GripLost,8,177,155,1,0,0,0,0,1,0
15_classical_models,random_forest,GripLost,8,178,156,1,0,0,0,0,1,0
15_classical_models,random_forest,GripLost,8,179,157,1,0,1,0,0,1,0
15_classical_models,random_forest,GripLost,8,180,158,1,1,1,1,1,0,0
15_classical_models,random_forest,GripLost,8,181,159,1,0,0,0,0,1,0
15_classical_models,random_forest,GripLost,8,182,160,1,0,0,0,1,0,1
15_classical_models,random_forest,GripLost,8,183,161,1,0,0,0,1,0,1
15_classical_models,random_forest,GripLost,8,184,162,1,0,0,0,0,1,0
15_classical_models,random_forest,GripLost,8,185,163,1,0,0,0,1,0,1
15_classical_models,random_forest,GripLost,8,199,176,1,0,0,0,0,1,0
15_classical_models,random_forest,GripLost,8,200,177,1,1,1,1,1,0,0
15_classical_models,random_forest,GripLost,9,201,178,1,0,0,0,1,0,1
15_classical_models,random_forest,GripLost,9,202,179,1,1,1,1,1,0,0
15_classical_models,random_forest,GripLost,9,203,180,1,0,0,0,0,1,0
15_classical_models,random_forest,GripLost,9,204,181,1,0,0,0,1,0,1
15_classical_models,random_forest,GripLost,9,205,182,1,0,0,0,0,1,0
15_classical_models,random_forest,GripLost,9,206,183,1,0,0,0,1,0,1
15_classical_models,random_forest,GripLost,9,207,184,1,0,0,0,0,1,0
15_classical_models,random_forest,GripLost,9,208,185,1,1,1,1,1,0,0
15_classical_models,random_forest,GripLost,9,209,186,1,0,0,0,0,1,0
15_classical_models,random_forest,GripLost,9,210,187,1,0,1,0,1,0,1
15_classical_models,random_forest,GripLost,9,211,188,1,0,0,0,0,1,0
15_classical_models,random_forest,GripLost,9,212,189,1,0,0,0,1,0,1
15_classical_models,random_forest,GripLost,9,213,190,1,0,0,0,0,1,0
15_classical_models,random_forest,GripLost,9,214,191,1,1,1,1,1,0,0
15_classical_models,random_forest,GripLost,9,215,192,1,0,0,0,1,0,1
15_classical_models,random_forest,GripLost,9,216,193,1,1,1,1,1,0,0
15_classical_models,random_forest,GripLost,9,217,194,1,0,0,0,1,0,1
15_classical_models,random_forest,GripLost,9,218,195,1,0,1,0,1,0,1
15_classical_models,random_forest,GripLost,9,219,196,1,1,1,1,1,0,0
15_classical_models,random_forest,GripLost,9,220,197,1,0,0,0,1,0,1
15_classical_models,random_forest,GripLost,9,221,198,1,1,1,1,1,0,0
15_classical_models,random_forest,GripLost,9,222,199,1,0,1,0,1,0,1
15_classical_models,random_forest,GripLost,9,223,200,1,0,0,0,1,0,1
15_classical_models,random_forest,GripLost,9,224,201,1,0,0,0,1,0,1
15_classical_models,random_forest,GripLost,9,225,202,1,0,0,0,1,0,1
15_classical_models,random_forest,GripLost,9,224,210,2,0,0,0,1,0,1
15_classical_models,random_forest,GripLost,10,226,203,1,0,0,0,1,0,1
15_classical_models,random_forest,GripLost,10,227,204,1,0,0,0,1,0,1
15_classical_models,random_forest,GripLost,10,229,205,1,0,0,0,1,0,1
15_classical_models,random_forest,GripLost,10,230,206,1,0,0,0,1,0,1
15_classical_models,random_forest,GripLost,10,231,207,1,0,0,0,1,0,1
15_classical_models,random_forest,GripLost,10,232,208,1,0,0,0,0,1,0
15_classical_models,random_forest,GripLost,10,233,209,1,0,0,0,1,0,1
15_classical_models,random_forest,GripLost,10,230,216,2,0,0,0,1,0,1
15_classical_models,random_forest,GripLost,10,231,217,2,0,0,0,1,0,1
15_classical_models,random_forest,GripLost,10,232,218,2,1,1,1,1,0,0
15_classical_models,random_forest,GripLost,10,233,219,2,1,1,1,1,0,0
15_classical_models,random_forest,GripLost,10,234,220,1,1,0,0,1,0,0
15_classical_models,random_forest,GripLost,10,235,221,1,0,0,0,1,0,1
15_classical_models,random_forest,GripLost,10,236,222,1,0,0,0,0,1,0
15_classical_models,random_forest,GripLost,10,237,223,1,1,1,1,1,0,0
15_classical_models,random_forest,GripLost,10,238,224,1,0,0,0,0,1,0
15_classical_models,random_forest,GripLost,10,239,225,1,0,1,0,1,0,1
15_classical_models,random_forest,GripLost,10,240,226,1,0,0,0,1,0,1
15_classical_models,random_forest,GripLost,10,241,227,1,0,0,0,0,1,0
15_classical_models,random_forest,GripLost,10,242,228,1,0,0,0,1,0,1
15_classical_models,random_forest,GripLost,10,243,229,1,0,0,0,0,1,0
15_classical_models,random_forest,GripLost,10,245,230,1,0,0,0,0,1,0
15_classical_models,random_forest,GripLost,10,246,231,1,0,0,0,1,0,1
15_classical_models,random_forest,GripLost,10,247,232,1,1,0,0,1,0,0
15_classical_models,random_forest,GripLost,10,248,233,1,0,0,0,0,1,0
15_classical_models,random_forest,GripLost,10,249,234,1,0,0,0,1,0,1
15_classical_models,random_forest,GripLost,10,250,235,1,1,1,1,1,0,0
15_classical_models,rbf_svm,System_Failure,1,1,1,1,1,0,0,1,0,0
15_classical_models,rbf_svm,System_Failure,1,2,2,1,1,0,0,1,0,0
15_classical_models,rbf_svm,System_Failure,1,3,3,1,0,0,0,0,1,0
15_classical_models,rbf_svm,System_Failure,1,4,4,1,0,0,0,0,1,0
15_classical_models,rbf_svm,System_Failure,1,5,5,1,1,0,0,1,0,0
15_classical_models,rbf_svm,System_Failure,1,6,6,1,1,1,0,1,0,0
15_classical_models,rbf_svm,System_Failure,1,8,8,1,0,0,0,0,1,0
15_classical_models,rbf_svm,System_Failure,1,9,9,1,0,0,0,0,1,0
15_classical_models,rbf_svm,System_Failure,1,10,10,1,0,0,0,0,1,0
15_classical_models,rbf_svm,System_Failure,1,11,11,1,0,0,0,0,1,0
15_classical_models,rbf_svm,System_Failure,1,12,12,1,0,0,0,0,1,0
15_classical_models,rbf_svm,System_Failure,1,13,13,1,0,0,0,0,1,0
15_classical_models,rbf_svm,System_Failure,1,14,14,1,1,1,1,1,0,0
15_classical_models,rbf_svm,System_Failure,1,15,15,1,1,1,1,1,0,0
15_classical_models,rbf_svm,System_Failure,1,16,16,1,0,0,0,0,1,0
15_classical_models,rbf_svm,System_Failure,1,17,17,1,0,0,0,0,1,0
15_classical_models,rbf_svm,System_Failure,1,18,18,1,0,0,0,0,1,0
15_classical_models,rbf_svm,System_Failure,1,19,19,1,0,0,0,0,1,0
15_classical_models,rbf_svm,System_Failure,1,20,20,1,0,0,0,0,1,0
15_classical_models,rbf_svm,System_Failure,1,21,21,1,0,0,0,0,1,0
15_classical_models,rbf_svm,System_Failure,1,22,22,1,1,1,1,1,0,0
15_classical_models,rbf_svm,System_Failure,1,23,23,1,0,0,0,0,1,0
15_classical_models,rbf_svm,System_Failure,1,24,24,1,0,0,0,0,1,0
15_classical_models,rbf_svm,System_Failure,1,25,25,1,0,0,0,0,1,0
15_classical_models,rbf_svm,System_Failure,2,26,26,1,0,0,0,0,1,0
15_classical_models,rbf_svm,System_Failure,2,27,27,1,0,0,0,0,1,0
15_classical_models,rbf_svm,System_Failure,2,28,28,1,0,1,0,0,1,0
15_classical_models,rbf_svm,System_Failure,2,29,29,1,0,0,0,0,1,0
15_classical_models,rbf_svm,System_Failure,2,30,30,1,0,0,0,0,1,0
15_classical_models,rbf_svm,System_Failure,2,31,31,1,0,0,0,0,1,0
15_classical_models,rbf_svm,System_Failure,2,32,32,1,0,0,0,0,1,0
15_classical_models,rbf_svm,System_Failure,2,33,33,1,0,0,0,0,1,0
15_classical_models,rbf_svm,System_Failure,2,34,34,1,0,0,0,0,1,0
15_classical_models,rbf_svm,System_Failure,2,35,35,1,1,1,1,1,0,0
15_classical_models,rbf_svm,System_Failure,2,36,36,1,1,1,1,1,0,0
15_classical_models,rbf_svm,System_Failure,2,37,37,1,0,0,0,0,1,0
15_classical_models,rbf_svm,System_Failure,2,38,38,1,0,0,0,0,1,0
15_classical_models,rbf_svm,System_Failure,2,39,39,1,1,1,1,1,0,0
15_classical_models,rbf_svm,System_Failure,2,40,40,1,1,1,1,1,0,0
15_classical_models,rbf_svm,System_Failure,2,41,41,1,0,0,0,0,1,0
15_classical_models,rbf_svm,System_Failure,2,42,42,1,1,1,1,1,0,0
15_classical_models,rbf_svm,System_Failure,2,43,43,1,0,0,0,0,1,0
15_classical_models,rbf_svm,System_Failure,2,44,44,1,0,0,0,0,1,0
15_classical_models,rbf_svm,System_Failure,2,45,45,1,0,0,0,0,1,0
15_classical_models,rbf_svm,System_Failure,2,48,48,1,0,0,0,0,1,0
15_classical_models,rbf_svm,System_Failure,2,49,49,1,0,0,0,0,1,0
15_classical_models,rbf_svm,System_Failure,2,50,50,1,0,0,0,0,1,0
15_classical_models,rbf_svm,System_Failure,3,51,51,1,0,0,0,0,1,0
15_classical_models,rbf_svm,System_Failure,3,52,52,1,0,0,0,0,1,0
15_classical_models,rbf_svm,System_Failure,3,53,53,1,1,1,1,1,0,0
15_classical_models,rbf_svm,System_Failure,3,54,54,1,0,0,0,0,1,0
15_classical_models,rbf_svm,System_Failure,3,55,55,1,0,0,0,0,1,0
15_classical_models,rbf_svm,System_Failure,3,56,56,1,0,0,0,0,1,0
15_classical_models,rbf_svm,System_Failure,3,57,57,1,0,0,0,0,1,0
15_classical_models,rbf_svm,System_Failure,3,58,58,1,0,0,0,0,1,0
15_classical_models,rbf_svm,System_Failure,3,59,59,1,0,0,0,0,1,0
15_classical_models,rbf_svm,System_Failure,3,60,60,1,0,0,0,0,1,0
15_classical_models,rbf_svm,System_Failure,3,61,61,1,0,0,0,0,1,0
15_classical_models,rbf_svm,System_Failure,3,62,62,1,0,0,0,0,1,0
15_classical_models,rbf_svm,System_Failure,3,63,63,1,1,1,1,1,0,0
15_classical_models,rbf_svm,System_Failure,3,64,64,1,1,1,1,1,0,0
15_classical_models,rbf_svm,System_Failure,3,65,65,1,1,1,1,1,0,0
15_classical_models,rbf_svm,System_Failure,3,66,66,1,0,0,0,0,1,0
15_classical_models,rbf_svm,System_Failure,3,67,67,1,1,1,1,1,0,0
15_classical_models,rbf_svm,System_Failure,3,68,68,1,0,0,0,0,1,0
15_classical_models,rbf_svm,System_Failure,3,69,69,1,1,1,1,1,0,0
15_classical_models,rbf_svm,System_Failure,3,70,70,1,0,0,0,0,1,0
15_classical_models,rbf_svm,System_Failure,3,71,71,1,0,1,0,0,1,0
15_classical_models,rbf_svm,System_Failure,3,72,72,1,0,0,0,0,1,0
15_classical_models,rbf_svm,System_Failure,3,73,73,1,0,0,0,0,1,0
15_classical_models,rbf_svm,System_Failure,3,75,74,1,0,0,0,0,1,0
15_classical_models,rbf_svm,System_Failure,4,76,75,1,1,1,1,1,0,0
15_classical_models,rbf_svm,System_Failure,4,85,84,1,0,1,0,0,1,0
15_classical_models,rbf_svm,System_Failure,4,86,85,1,1,1,1,1,0,0
15_classical_models,rbf_svm,System_Failure,4,87,86,1,1,1,1,1,0,0
15_classical_models,rbf_svm,System_Failure,4,88,87,1,0,0,0,0,1,0
15_classical_models,rbf_svm,System_Failure,4,89,88,1,0,0,0,0,1,0
15_classical_models,rbf_svm,System_Failure,4,90,89,1,0,0,0,0,1,0
15_classical_models,rbf_svm,System_Failure,4,91,90,1,1,1,1,1,0,0
15_classical_models,rbf_svm,System_Failure,4,92,91,1,1,1,1,1,0,0
15_classical_models,rbf_svm,System_Failure,4,93,92,1,0,0,0,0,1,0
15_classical_models,rbf_svm,System_Failure,4,94,93,1,0,0,0,0,1,0
15_classical_models,rbf_svm,System_Failure,4,95,94,1,1,1,1,1,0,0
15_classical_models,rbf_svm,System_Failure,4,96,95,1,1,1,1,1,0,0
15_classical_models,rbf_svm,System_Failure,4,97,96,1,1,1,1,1,0,0
15_classical_models,rbf_svm,System_Failure,4,98,97,1,0,0,0,0,1,0
15_classical_models,rbf_svm,System_Failure,4,99,98,1,1,1,1,1,0,0
15_classical_models,rbf_svm,System_Failure,4,100,99,1,0,0,0,0,1,0
15_classical_models,rbf_svm,System_Failure,5,101,100,1,0,0,0,0,1,0
15_classical_models,rbf_svm,System_Failure,5,102,101,1,0,0,0,0,1,0
15_classical_models,rbf_svm,System_Failure,5,103,102,1,1,1,1,1,0,0
15_classical_models,rbf_svm,System_Failure,5,104,103,1,0,0,0,0,1,0
15_classical_models,rbf_svm,System_Failure,5,105,104,1,1,1,1,1,0,0
15_classical_models,rbf_svm,System_Failure,5,106,105,1,0,0,0,0,1,0
15_classical_models,rbf_svm,System_Failure,5,107,106,1,0,0,0,0,1,0
15_classical_models,rbf_svm,System_Failure,5,108,107,1,1,1,1,1,0,0
15_classical_models,rbf_svm,System_Failure,5,109,108,1,0,0,0,0,1,0
15_classical_models,rbf_svm,System_Failure,5,110,109,1,0,0,0,0,1,0
15_classical_models,rbf_svm,System_Failure,5,111,110,1,0,0,0,0,1,0
15_classical_models,rbf_svm,System_Failure,5,112,111,1,0,0,0,0,1,0
15_classical_models,rbf_svm,System_Failure,5,113,112,1,0,0,0,0,1,0
15_classical_models,rbf_svm,System_Failure,5,114,113,1,0,0,0,0,1,0
15_classical_models,rbf_svm,System_Failure,5,115,114,1,1,1,1,1,0,0
15_classical_models,rbf_svm,System_Failure,5,116,115,1,0,0,0,0,1,0
15_classical_models,rbf_svm,System_Failure,5,117,116,1,1,1,1,1,0,0
15_classical_models,rbf_svm,System_Failure,5,118,117,1,1,1,1,1,0,0
15_classical_models,rbf_svm,System_Failure,5,119,118,1,0,0,0,0,1,0
15_classical_models,rbf_svm,System_Failure,5,120,119,1,0,0,0,0,1,0
15_classical_models,rbf_svm,System_Failure,5,121,120,1,0,0,0,0,1,0
15_classical_models,rbf_svm,System_Failure,5,122,121,1,0,0,0,0,1,0
15_classical_models,rbf_svm,System_Failure,5,123,122,1,0,1,0,0,1,0
15_classical_models,rbf_svm,System_Failure,5,124,123,1,0,0,0,0,1,0
15_classical_models,rbf_svm,System_Failure,5,125,124,1,0,0,0,0,1,0
15_classical_models,rbf_svm,System_Failure,7,151,129,1,0,0,0,0,1,0
15_classical_models,rbf_svm,System_Failure,7,152,130,1,1,1,1,1,0,0
15_classical_models,rbf_svm,System_Failure,7,153,131,1,0,0,0,0,1,0
15_classical_models,rbf_svm,System_Failure,7,154,132,1,0,1,0,0,1,0
15_classical_models,rbf_svm,System_Failure,7,155,133,1,0,0,0,0,1,0
15_classical_models,rbf_svm,System_Failure,7,156,134,1,0,1,0,0,1,0
15_classical_models,rbf_svm,System_Failure,7,157,135,1,0,0,0,0,1,0
15_classical_models,rbf_svm,System_Failure,7,159,137,1,1,1,1,1,0,0
15_classical_models,rbf_svm,System_Failure,7,160,138,1,1,1,1,1,0,0
15_classical_models,rbf_svm,System_Failure,7,161,139,1,0,0,0,0,1,0
15_classical_models,rbf_svm,System_Failure,7,162,140,1,0,1,0,0,1,0
15_classical_models,rbf_svm,System_Failure,7,163,141,1,1,1,1,1,0,0
15_classical_models,rbf_svm,System_Failure,7,164,142,1,1,1,1,1,0,0
15_classical_models,rbf_svm,System_Failure,7,165,143,1,0,0,0,0,1,0
15_classical_models,rbf_svm,System_Failure,7,166,144,1,0,0,0,0,1,0
15_classical_models,rbf_svm,System_Failure,7,167,145,1,0,1,0,0,1,0
15_classical_models,rbf_svm,System_Failure,7,168,146,1,0,1,0,0,1,0
15_classical_models,rbf_svm,System_Failure,7,169,147,1,0,0,0,0,1,0
15_classical_models,rbf_svm,System_Failure,7,170,148,1,1,1,1,1,0,0
15_classical_models,rbf_svm,System_Failure,7,171,149,1,0,0,0,0,1,0
15_classical_models,rbf_svm,System_Failure,7,172,150,1,0,0,0,0,1,0
15_classical_models,rbf_svm,System_Failure,7,173,151,1,1,1,1,1,0,0
15_classical_models,rbf_svm,System_Failure,7,174,152,1,1,1,1,1,0,0
15_classical_models,rbf_svm,System_Failure,7,175,153,1,1,1,1,1,0,0
15_classical_models,rbf_svm,System_Failure,8,176,154,1,0,0,0,0,1,0
15_classical_models,rbf_svm,System_Failure,8,177,155,1,0,0,0,0,1,0
15_classical_models,rbf_svm,System_Failure,8,178,156,1,0,0,0,0,1,0
15_classical_models,rbf_svm,System_Failure,8,179,157,1,0,0,0,0,1,0
15_classical_models,rbf_svm,System_Failure,8,180,158,1,1,1,1,1,0,0
15_classical_models,rbf_svm,System_Failure,8,181,159,1,0,0,0,0,1,0
15_classical_models,rbf_svm,System_Failure,8,182,160,1,1,1,1,1,0,0
15_classical_models,rbf_svm,System_Failure,8,183,161,1,1,1,1,1,0,0
15_classical_models,rbf_svm,System_Failure,8,184,162,1,0,0,0,0,1,0
15_classical_models,rbf_svm,System_Failure,8,185,163,1,1,1,1,1,0,0
15_classical_models,rbf_svm,System_Failure,8,199,176,1,0,1,0,0,1,0
15_classical_models,rbf_svm,System_Failure,8,200,177,1,1,1,1,1,0,0
15_classical_models,rbf_svm,System_Failure,9,201,178,1,1,1,1,1,0,0
15_classical_models,rbf_svm,System_Failure,9,202,179,1,1,1,1,1,0,0
15_classical_models,rbf_svm,System_Failure,9,203,180,1,0,0,0,0,1,0
15_classical_models,rbf_svm,System_Failure,9,204,181,1,1,1,1,1,0,0
15_classical_models,rbf_svm,System_Failure,9,205,182,1,0,0,0,0,1,0
15_classical_models,rbf_svm,System_Failure,9,206,183,1,1,1,1,1,0,0
15_classical_models,rbf_svm,System_Failure,9,207,184,1,0,1,0,0,1,0
15_classical_models,rbf_svm,System_Failure,9,208,185,1,1,1,1,1,0,0
15_classical_models,rbf_svm,System_Failure,9,209,186,1,0,0,0,0,1,0
15_classical_models,rbf_svm,System_Failure,9,210,187,1,1,1,1,1,0,0
15_classical_models,rbf_svm,System_Failure,9,211,188,1,0,0,0,0,1,0
15_classical_models,rbf_svm,System_Failure,9,212,189,1,1,1,1,1,0,0
15_classical_models,rbf_svm,System_Failure,9,213,190,1,0,0,0,0,1,0
15_classical_models,rbf_svm,System_Failure,9,214,191,1,1,1,1,1,0,0
15_classical_models,rbf_svm,System_Failure,9,215,192,1,1,1,1,1,0,0
15_classical_models,rbf_svm,System_Failure,9,216,193,1,1,1,1,1,0,0
15_classical_models,rbf_svm,System_Failure,9,217,194,1,1,1,1,1,0,0
15_classical_models,rbf_svm,System_Failure,9,218,195,1,1,1,1,1,0,0
15_classical_models,rbf_svm,System_Failure,9,219,196,1,1,1,1,1,0,0
15_classical_models,rbf_svm,System_Failure,9,220,197,1,1,1,1,1,0,0
15_classical_models,rbf_svm,System_Failure,9,221,198,1,1,1,1,1,0,0
15_classical_models,rbf_svm,System_Failure,9,222,199,1,1,1,1,1,0,0
15_classical_models,rbf_svm,System_Failure,9,223,200,1,1,1,1,1,0,0
15_classical_models,rbf_svm,System_Failure,9,224,201,1,1,1,1,1,0,0
15_classical_models,rbf_svm,System_Failure,9,225,202,1,1,1,1,1,0,0
15_classical_models,rbf_svm,System_Failure,9,224,210,2,1,1,1,1,0,0
15_classical_models,rbf_svm,System_Failure,10,226,203,1,1,1,1,1,0,0
15_classical_models,rbf_svm,System_Failure,10,227,204,1,1,1,1,1,0,0
15_classical_models,rbf_svm,System_Failure,10,229,205,1,1,1,1,1,0,0
15_classical_models,rbf_svm,System_Failure,10,230,206,1,1,1,1,1,0,0
15_classical_models,rbf_svm,System_Failure,10,231,207,1,1,1,1,1,0,0
15_classical_models,rbf_svm,System_Failure,10,232,208,1,0,0,0,0,1,0
15_classical_models,rbf_svm,System_Failure,10,233,209,1,1,1,1,1,0,0
15_classical_models,rbf_svm,System_Failure,10,230,216,2,1,1,1,1,0,0
15_classical_models,rbf_svm,System_Failure,10,231,217,2,1,1,1,1,0,0
15_classical_models,rbf_svm,System_Failure,10,232,218,2,1,1,1,1,0,0
15_classical_models,rbf_svm,System_Failure,10,233,219,2,1,1,1,1,0,0
15_classical_models,rbf_svm,System_Failure,10,234,220,1,1,1,1,1,0,0
15_classical_models,rbf_svm,System_Failure,10,235,221,1,1,1,1,1,0,0
15_classical_models,rbf_svm,System_Failure,10,236,222,1,0,0,0,0,1,0
15_classical_models,rbf_svm,System_Failure,10,237,223,1,1,1,1,1,0,0
15_classical_models,rbf_svm,System_Failure,10,238,224,1,0,0,0,0,1,0
15_classical_models,rbf_svm,System_Failure,10,239,225,1,1,1,1,1,0,0
15_classical_models,rbf_svm,System_Failure,10,240,226,1,1,1,1,1,0,0
15_classical_models,rbf_svm,System_Failure,10,241,227,1,0,0,0,0,1,0
15_classical_models,rbf_svm,System_Failure,10,242,228,1,1,1,1,1,0,0
15_classical_models,rbf_svm,System_Failure,10,243,229,1,0,0,0,0,1,0
15_classical_models,rbf_svm,System_Failure,10,245,230,1,0,0,0,0,1,0
15_classical_models,rbf_svm,System_Failure,10,246,231,1,1,1,1,1,0,0
15_classical_models,rbf_svm,System_Failure,10,247,232,1,1,1,1,1,0,0
15_classical_models,rbf_svm,System_Failure,10,248,233,1,0,0,0,0,1,0
15_classical_models,rbf_svm,System_Failure,10,249,234,1,1,1,1,1,0,0
15_classical_models,rbf_svm,System_Failure,10,250,235,1,1,1,1,1,0,0
15_classical_models,rbf_svm,ProtectiveStop,1,1,1,1,1,0,0,1,0,0
15_classical_models,rbf_svm,ProtectiveStop,1,2,2,1,0,0,0,1,0,1
15_classical_models,rbf_svm,ProtectiveStop,1,3,3,1,0,0,0,0,1,0
15_classical_models,rbf_svm,ProtectiveStop,1,4,4,1,0,0,0,0,1,0
15_classical_models,rbf_svm,ProtectiveStop,1,5,5,1,0,0,0,1,0,1
15_classical_models,rbf_svm,ProtectiveStop,1,6,6,1,0,0,0,1,0,1
15_classical_models,rbf_svm,ProtectiveStop,1,8,8,1,0,0,0,0,1,0
15_classical_models,rbf_svm,ProtectiveStop,1,9,9,1,0,0,0,0,1,0
15_classical_models,rbf_svm,ProtectiveStop,1,10,10,1,0,0,0,0,1,0
15_classical_models,rbf_svm,ProtectiveStop,1,11,11,1,0,0,0,0,1,0
15_classical_models,rbf_svm,ProtectiveStop,1,12,12,1,0,0,0,0,1,0
15_classical_models,rbf_svm,ProtectiveStop,1,13,13,1,0,0,0,0,1,0
15_classical_models,rbf_svm,ProtectiveStop,1,14,14,1,0,0,0,1,0,1
15_classical_models,rbf_svm,ProtectiveStop,1,15,15,1,0,0,0,1,0,1
15_classical_models,rbf_svm,ProtectiveStop,1,16,16,1,0,0,0,0,1,0
15_classical_models,rbf_svm,ProtectiveStop,1,17,17,1,0,0,0,0,1,0
15_classical_models,rbf_svm,ProtectiveStop,1,18,18,1,0,0,0,0,1,0
15_classical_models,rbf_svm,ProtectiveStop,1,19,19,1,0,0,0,0,1,0
15_classical_models,rbf_svm,ProtectiveStop,1,20,20,1,0,0,0,0,1,0
15_classical_models,rbf_svm,ProtectiveStop,1,21,21,1,0,0,0,0,1,0
15_classical_models,rbf_svm,ProtectiveStop,1,22,22,1,1,1,1,1,0,0
15_classical_models,rbf_svm,ProtectiveStop,1,23,23,1,0,0,0,0,1,0
15_classical_models,rbf_svm,ProtectiveStop,1,24,24,1,0,0,0,0,1,0
15_classical_models,rbf_svm,ProtectiveStop,1,25,25,1,0,0,0,0,1,0
15_classical_models,rbf_svm,ProtectiveStop,2,26,26,1,0,0,0,0,1,0
15_classical_models,rbf_svm,ProtectiveStop,2,27,27,1,0,0,0,0,1,0
15_classical_models,rbf_svm,ProtectiveStop,2,28,28,1,0,0,0,0,1,0
15_classical_models,rbf_svm,ProtectiveStop,2,29,29,1,0,0,0,0,1,0
15_classical_models,rbf_svm,ProtectiveStop,2,30,30,1,0,0,0,0,1,0
15_classical_models,rbf_svm,ProtectiveStop,2,31,31,1,0,0,0,0,1,0
15_classical_models,rbf_svm,ProtectiveStop,2,32,32,1,0,0,0,0,1,0
15_classical_models,rbf_svm,ProtectiveStop,2,33,33,1,0,0,0,0,1,0
15_classical_models,rbf_svm,ProtectiveStop,2,34,34,1,0,0,0,0,1,0
15_classical_models,rbf_svm,ProtectiveStop,2,35,35,1,1,1,1,1,0,0
15_classical_models,rbf_svm,ProtectiveStop,2,36,36,1,0,0,0,1,0,1
15_classical_models,rbf_svm,ProtectiveStop,2,37,37,1,0,0,0,0,1,0
15_classical_models,rbf_svm,ProtectiveStop,2,38,38,1,0,0,0,0,1,0
15_classical_models,rbf_svm,ProtectiveStop,2,39,39,1,0,0,0,1,0,1
15_classical_models,rbf_svm,ProtectiveStop,2,40,40,1,0,0,0,1,0,1
15_classical_models,rbf_svm,ProtectiveStop,2,41,41,1,0,0,0,0,1,0
15_classical_models,rbf_svm,ProtectiveStop,2,42,42,1,1,1,1,1,0,0
15_classical_models,rbf_svm,ProtectiveStop,2,43,43,1,0,0,0,0,1,0
15_classical_models,rbf_svm,ProtectiveStop,2,44,44,1,0,0,0,0,1,0
15_classical_models,rbf_svm,ProtectiveStop,2,45,45,1,0,0,0,0,1,0
15_classical_models,rbf_svm,ProtectiveStop,2,48,48,1,0,0,0,0,1,0
15_classical_models,rbf_svm,ProtectiveStop,2,49,49,1,0,0,0,0,1,0
15_classical_models,rbf_svm,ProtectiveStop,2,50,50,1,0,0,0,0,1,0
15_classical_models,rbf_svm,ProtectiveStop,3,51,51,1,0,0,0,0,1,0
15_classical_models,rbf_svm,ProtectiveStop,3,52,52,1,0,0,0,0,1,0
15_classical_models,rbf_svm,ProtectiveStop,3,53,53,1,1,1,1,1,0,0
15_classical_models,rbf_svm,ProtectiveStop,3,54,54,1,0,0,0,0,1,0
15_classical_models,rbf_svm,ProtectiveStop,3,55,55,1,0,0,0,0,1,0
15_classical_models,rbf_svm,ProtectiveStop,3,56,56,1,0,0,0,0,1,0
15_classical_models,rbf_svm,ProtectiveStop,3,57,57,1,0,0,0,0,1,0
15_classical_models,rbf_svm,ProtectiveStop,3,58,58,1,0,0,0,0,1,0
15_classical_models,rbf_svm,ProtectiveStop,3,59,59,1,0,0,0,0,1,0
15_classical_models,rbf_svm,ProtectiveStop,3,60,60,1,0,0,0,0,1,0
15_classical_models,rbf_svm,ProtectiveStop,3,61,61,1,0,0,0,0,1,0
15_classical_models,rbf_svm,ProtectiveStop,3,62,62,1,0,0,0,0,1,0
15_classical_models,rbf_svm,ProtectiveStop,3,63,63,1,1,1,1,1,0,0
15_classical_models,rbf_svm,ProtectiveStop,3,64,64,1,0,0,0,1,0,1
15_classical_models,rbf_svm,ProtectiveStop,3,65,65,1,0,0,0,1,0,1
15_classical_models,rbf_svm,ProtectiveStop,3,66,66,1,0,0,0,0,1,0
15_classical_models,rbf_svm,ProtectiveStop,3,67,67,1,0,0,0,1,0,1
15_classical_models,rbf_svm,ProtectiveStop,3,68,68,1,0,0,0,0,1,0
15_classical_models,rbf_svm,ProtectiveStop,3,69,69,1,1,0,0,1,0,0
15_classical_models,rbf_svm,ProtectiveStop,3,70,70,1,0,0,0,0,1,0
15_classical_models,rbf_svm,ProtectiveStop,3,71,71,1,0,1,0,0,1,0
15_classical_models,rbf_svm,ProtectiveStop,3,72,72,1,0,0,0,0,1,0
15_classical_models,rbf_svm,ProtectiveStop,3,73,73,1,0,0,0,0,1,0
15_classical_models,rbf_svm,ProtectiveStop,3,75,74,1,0,0,0,0,1,0
15_classical_models,rbf_svm,ProtectiveStop,4,76,75,1,0,0,0,1,0,1
15_classical_models,rbf_svm,ProtectiveStop,4,85,84,1,0,1,0,0,1,0
15_classical_models,rbf_svm,ProtectiveStop,4,86,85,1,1,1,1,1,0,0
15_classical_models,rbf_svm,ProtectiveStop,4,87,86,1,1,1,1,1,0,0
15_classical_models,rbf_svm,ProtectiveStop,4,88,87,1,0,0,0,0,1,0
15_classical_models,rbf_svm,ProtectiveStop,4,89,88,1,0,0,0,0,1,0
15_classical_models,rbf_svm,ProtectiveStop,4,90,89,1,0,0,0,0,1,0
15_classical_models,rbf_svm,ProtectiveStop,4,91,90,1,0,0,0,1,0,1
15_classical_models,rbf_svm,ProtectiveStop,4,92,91,1,0,0,0,1,0,1
15_classical_models,rbf_svm,ProtectiveStop,4,93,92,1,0,0,0,0,1,0
15_classical_models,rbf_svm,ProtectiveStop,4,94,93,1,0,0,0,0,1,0
15_classical_models,rbf_svm,ProtectiveStop,4,95,94,1,0,0,0,1,0,1
15_classical_models,rbf_svm,ProtectiveStop,4,96,95,1,0,0,0,1,0,1
15_classical_models,rbf_svm,ProtectiveStop,4,97,96,1,0,1,0,1,0,1
15_classical_models,rbf_svm,ProtectiveStop,4,98,97,1,0,0,0,0,1,0
15_classical_models,rbf_svm,ProtectiveStop,4,99,98,1,1,1,1,1,0,0
15_classical_models,rbf_svm,ProtectiveStop,4,100,99,1,0,0,0,0,1,0
15_classical_models,rbf_svm,ProtectiveStop,5,101,100,1,0,0,0,0,1,0
15_classical_models,rbf_svm,ProtectiveStop,5,102,101,1,0,0,0,0,1,0
15_classical_models,rbf_svm,ProtectiveStop,5,103,102,1,1,1,1,1,0,0
15_classical_models,rbf_svm,ProtectiveStop,5,104,103,1,0,0,0,0,1,0
15_classical_models,rbf_svm,ProtectiveStop,5,105,104,1,0,0,0,1,0,1
15_classical_models,rbf_svm,ProtectiveStop,5,106,105,1,0,0,0,0,1,0
15_classical_models,rbf_svm,ProtectiveStop,5,107,106,1,0,0,0,0,1,0
15_classical_models,rbf_svm,ProtectiveStop,5,108,107,1,1,1,1,1,0,0
15_classical_models,rbf_svm,ProtectiveStop,5,109,108,1,0,0,0,0,1,0
15_classical_models,rbf_svm,ProtectiveStop,5,110,109,1,0,0,0,0,1,0
15_classical_models,rbf_svm,ProtectiveStop,5,111,110,1,0,0,0,0,1,0
15_classical_models,rbf_svm,ProtectiveStop,5,112,111,1,0,0,0,0,1,0
15_classical_models,rbf_svm,ProtectiveStop,5,113,112,1,0,0,0,0,1,0
15_classical_models,rbf_svm,ProtectiveStop,5,114,113,1,0,0,0,0,1,0
15_classical_models,rbf_svm,ProtectiveStop,5,115,114,1,1,1,1,1,0,0
15_classical_models,rbf_svm,ProtectiveStop,5,116,115,1,0,0,0,0,1,0
15_classical_models,rbf_svm,ProtectiveStop,5,117,116,1,1,1,1,1,0,0
15_classical_models,rbf_svm,ProtectiveStop,5,118,117,1,1,1,1,1,0,0
15_classical_models,rbf_svm,ProtectiveStop,5,119,118,1,0,0,0,0,1,0
15_classical_models,rbf_svm,ProtectiveStop,5,120,119,1,0,0,0,0,1,0
15_classical_models,rbf_svm,ProtectiveStop,5,121,120,1,0,0,0,0,1,0
15_classical_models,rbf_svm,ProtectiveStop,5,122,121,1,0,0,0,0,1,0
15_classical_models,rbf_svm,ProtectiveStop,5,123,122,1,0,0,0,0,1,0
15_classical_models,rbf_svm,ProtectiveStop,5,124,123,1,0,0,0,0,1,0
15_classical_models,rbf_svm,ProtectiveStop,5,125,124,1,0,0,0,0,1,0
15_classical_models,rbf_svm,ProtectiveStop,7,151,129,1,0,0,0,0,1,0
15_classical_models,rbf_svm,ProtectiveStop,7,152,130,1,1,1,1,1,0,0
15_classical_models,rbf_svm,ProtectiveStop,7,153,131,1,0,0,0,0,1,0
15_classical_models,rbf_svm,ProtectiveStop,7,154,132,1,0,0,0,0,1,0
15_classical_models,rbf_svm,ProtectiveStop,7,155,133,1,0,0,0,0,1,0
15_classical_models,rbf_svm,ProtectiveStop,7,156,134,1,0,0,0,0,1,0
15_classical_models,rbf_svm,ProtectiveStop,7,157,135,1,0,0,0,0,1,0
15_classical_models,rbf_svm,ProtectiveStop,7,159,137,1,1,1,1,1,0,0
15_classical_models,rbf_svm,ProtectiveStop,7,160,138,1,0,0,0,1,0,1
15_classical_models,rbf_svm,ProtectiveStop,7,161,139,1,0,0,0,0,1,0
15_classical_models,rbf_svm,ProtectiveStop,7,162,140,1,0,0,0,0,1,0
15_classical_models,rbf_svm,ProtectiveStop,7,163,141,1,1,1,1,1,0,0
15_classical_models,rbf_svm,ProtectiveStop,7,164,142,1,1,1,1,1,0,0
15_classical_models,rbf_svm,ProtectiveStop,7,165,143,1,0,0,0,0,1,0
15_classical_models,rbf_svm,ProtectiveStop,7,166,144,1,0,0,0,0,1,0
15_classical_models,rbf_svm,ProtectiveStop,7,167,145,1,0,0,0,0,1,0
15_classical_models,rbf_svm,ProtectiveStop,7,168,146,1,0,0,0,0,1,0
15_classical_models,rbf_svm,ProtectiveStop,7,169,147,1,0,0,0,0,1,0
15_classical_models,rbf_svm,ProtectiveStop,7,170,148,1,1,1,1,1,0,0
15_classical_models,rbf_svm,ProtectiveStop,7,171,149,1,0,0,0,0,1,0
15_classical_models,rbf_svm,ProtectiveStop,7,172,150,1,0,0,0,0,1,0
15_classical_models,rbf_svm,ProtectiveStop,7,173,151,1,1,1,1,1,0,0
15_classical_models,rbf_svm,ProtectiveStop,7,174,152,1,1,0,0,1,0,0
15_classical_models,rbf_svm,ProtectiveStop,7,175,153,1,1,1,1,1,0,0
15_classical_models,rbf_svm,ProtectiveStop,8,176,154,1,0,0,0,0,1,0
15_classical_models,rbf_svm,ProtectiveStop,8,177,155,1,0,0,0,0,1,0
15_classical_models,rbf_svm,ProtectiveStop,8,178,156,1,0,0,0,0,1,0
15_classical_models,rbf_svm,ProtectiveStop,8,179,157,1,0,0,0,0,1,0
15_classical_models,rbf_svm,ProtectiveStop,8,180,158,1,0,0,0,1,0,1
15_classical_models,rbf_svm,ProtectiveStop,8,181,159,1,0,0,0,0,1,0
15_classical_models,rbf_svm,ProtectiveStop,8,182,160,1,1,1,1,1,0,0
15_classical_models,rbf_svm,ProtectiveStop,8,183,161,1,1,1,1,1,0,0
15_classical_models,rbf_svm,ProtectiveStop,8,184,162,1,0,0,0,0,1,0
15_classical_models,rbf_svm,ProtectiveStop,8,185,163,1,1,1,1,1,0,0
15_classical_models,rbf_svm,ProtectiveStop,8,199,176,1,0,0,0,0,1,0
15_classical_models,rbf_svm,ProtectiveStop,8,200,177,1,0,0,0,1,0,1
15_classical_models,rbf_svm,ProtectiveStop,9,201,178,1,1,1,1,1,0,0
15_classical_models,rbf_svm,ProtectiveStop,9,202,179,1,0,0,0,1,0,1
15_classical_models,rbf_svm,ProtectiveStop,9,203,180,1,0,0,0,0,1,0
15_classical_models,rbf_svm,ProtectiveStop,9,204,181,1,1,1,1,1,0,0
15_classical_models,rbf_svm,ProtectiveStop,9,205,182,1,0,0,0,0,1,0
15_classical_models,rbf_svm,ProtectiveStop,9,206,183,1,1,1,1,1,0,0
15_classical_models,rbf_svm,ProtectiveStop,9,207,184,1,0,0,0,0,1,0
15_classical_models,rbf_svm,ProtectiveStop,9,208,185,1,0,0,0,1,0,1
15_classical_models,rbf_svm,ProtectiveStop,9,209,186,1,0,0,0,0,1,0
15_classical_models,rbf_svm,ProtectiveStop,9,210,187,1,1,1,1,1,0,0
15_classical_models,rbf_svm,ProtectiveStop,9,211,188,1,0,0,0,0,1,0
15_classical_models,rbf_svm,ProtectiveStop,9,212,189,1,1,1,1,1,0,0
15_classical_models,rbf_svm,ProtectiveStop,9,213,190,1,0,0,0,0,1,0
15_classical_models,rbf_svm,ProtectiveStop,9,214,191,1,1,1,1,1,0,0
15_classical_models,rbf_svm,ProtectiveStop,9,215,192,1,1,1,1,1,0,0
15_classical_models,rbf_svm,ProtectiveStop,9,216,193,1,0,0,0,1,0,1
15_classical_models,rbf_svm,ProtectiveStop,9,217,194,1,1,1,1,1,0,0
15_classical_models,rbf_svm,ProtectiveStop,9,218,195,1,1,1,1,1,0,0
15_classical_models,rbf_svm,ProtectiveStop,9,219,196,1,1,1,1,1,0,0
15_classical_models,rbf_svm,ProtectiveStop,9,220,197,1,1,0,0,1,0,0
15_classical_models,rbf_svm,ProtectiveStop,9,221,198,1,1,0,0,1,0,0
15_classical_models,rbf_svm,ProtectiveStop,9,222,199,1,1,1,1,1,0,0
15_classical_models,rbf_svm,ProtectiveStop,9,223,200,1,1,1,1,1,0,0
15_classical_models,rbf_svm,ProtectiveStop,9,224,201,1,1,1,1,1,0,0
15_classical_models,rbf_svm,ProtectiveStop,9,225,202,1,1,1,1,1,0,0
15_classical_models,rbf_svm,ProtectiveStop,9,224,210,2,1,1,1,1,0,0
15_classical_models,rbf_svm,ProtectiveStop,10,226,203,1,1,1,1,1,0,0
15_classical_models,rbf_svm,ProtectiveStop,10,227,204,1,1,0,0,1,0,0
15_classical_models,rbf_svm,ProtectiveStop,10,229,205,1,1,1,1,1,0,0
15_classical_models,rbf_svm,ProtectiveStop,10,230,206,1,1,1,1,1,0,0
15_classical_models,rbf_svm,ProtectiveStop,10,231,207,1,1,1,1,1,0,0
15_classical_models,rbf_svm,ProtectiveStop,10,232,208,1,0,0,0,0,1,0
15_classical_models,rbf_svm,ProtectiveStop,10,233,209,1,1,1,1,1,0,0
15_classical_models,rbf_svm,ProtectiveStop,10,230,216,2,1,1,1,1,0,0
15_classical_models,rbf_svm,ProtectiveStop,10,231,217,2,1,1,1,1,0,0
15_classical_models,rbf_svm,ProtectiveStop,10,232,218,2,1,1,1,1,0,0
15_classical_models,rbf_svm,ProtectiveStop,10,233,219,2,0,0,0,1,0,1
15_classical_models,rbf_svm,ProtectiveStop,10,234,220,1,1,1,1,1,0,0
15_classical_models,rbf_svm,ProtectiveStop,10,235,221,1,1,1,1,1,0,0
15_classical_models,rbf_svm,ProtectiveStop,10,236,222,1,0,0,0,0,1,0
15_classical_models,rbf_svm,ProtectiveStop,10,237,223,1,1,1,1,1,0,0
15_classical_models,rbf_svm,ProtectiveStop,10,238,224,1,0,0,0,0,1,0
15_classical_models,rbf_svm,ProtectiveStop,10,239,225,1,1,1,1,1,0,0
15_classical_models,rbf_svm,ProtectiveStop,10,240,226,1,1,1,1,1,0,0
15_classical_models,rbf_svm,ProtectiveStop,10,241,227,1,0,0,0,0,1,0
15_classical_models,rbf_svm,ProtectiveStop,10,242,228,1,1,1,1,1,0,0
15_classical_models,rbf_svm,ProtectiveStop,10,243,229,1,0,0,0,0,1,0
15_classical_models,rbf_svm,ProtectiveStop,10,245,230,1,0,0,0,0,1,0
15_classical_models,rbf_svm,ProtectiveStop,10,246,231,1,1,1,1,1,0,0
15_classical_models,rbf_svm,ProtectiveStop,10,247,232,1,1,1,1,1,0,0
15_classical_models,rbf_svm,ProtectiveStop,10,248,233,1,0,0,0,0,1,0
15_classical_models,rbf_svm,ProtectiveStop,10,249,234,1,1,1,1,1,0,0
15_classical_models,rbf_svm,ProtectiveStop,10,250,235,1,1,1,1,1,0,0
15_classical_models,rbf_svm,GripLost,1,1,1,1,0,1,0,1,0,1
15_classical_models,rbf_svm,GripLost,1,2,2,1,1,1,1,1,0,0
15_classical_models,rbf_svm,GripLost,1,3,3,1,0,0,0,0,1,0
15_classical_models,rbf_svm,GripLost,1,4,4,1,0,0,0,0,1,0
15_classical_models,rbf_svm,GripLost,1,5,5,1,1,1,1,1,0,0
15_classical_models,rbf_svm,GripLost,1,6,6,1,1,1,1,1,0,0
15_classical_models,rbf_svm,GripLost,1,8,8,1,0,0,0,0,1,0
15_classical_models,rbf_svm,GripLost,1,9,9,1,0,0,0,0,1,0
15_classical_models,rbf_svm,GripLost,1,10,10,1,0,0,0,0,1,0
15_classical_models,rbf_svm,GripLost,1,11,11,1,0,0,0,0,1,0
15_classical_models,rbf_svm,GripLost,1,12,12,1,0,0,0,0,1,0
15_classical_models,rbf_svm,GripLost,1,13,13,1,0,0,0,0,1,0
15_classical_models,rbf_svm,GripLost,1,14,14,1,1,1,1,1,0,0
15_classical_models,rbf_svm,GripLost,1,15,15,1,1,1,1,1,0,0
15_classical_models,rbf_svm,GripLost,1,16,16,1,0,0,0,0,1,0
15_classical_models,rbf_svm,GripLost,1,17,17,1,0,0,0,0,1,0
15_classical_models,rbf_svm,GripLost,1,18,18,1,0,0,0,0,1,0
15_classical_models,rbf_svm,GripLost,1,19,19,1,0,1,0,0,1,0
15_classical_models,rbf_svm,GripLost,1,20,20,1,0,0,0,0,1,0
15_classical_models,rbf_svm,GripLost,1,21,21,1,0,0,0,0,1,0
15_classical_models,rbf_svm,GripLost,1,22,22,1,0,0,0,1,0,1
15_classical_models,rbf_svm,GripLost,1,23,23,1,0,0,0,0,1,0
15_classical_models,rbf_svm,GripLost,1,24,24,1,0,0,0,0,1,0
15_classical_models,rbf_svm,GripLost,1,25,25,1,0,0,0,0,1,0
15_classical_models,rbf_svm,GripLost,2,26,26,1,0,0,0,0,1,0
15_classical_models,rbf_svm,GripLost,2,27,27,1,0,0,0,0,1,0
15_classical_models,rbf_svm,GripLost,2,28,28,1,0,1,0,0,1,0
15_classical_models,rbf_svm,GripLost,2,29,29,1,0,0,0,0,1,0
15_classical_models,rbf_svm,GripLost,2,30,30,1,0,0,0,0,1,0
15_classical_models,rbf_svm,GripLost,2,31,31,1,0,0,0,0,1,0
15_classical_models,rbf_svm,GripLost,2,32,32,1,0,0,0,0,1,0
15_classical_models,rbf_svm,GripLost,2,33,33,1,0,0,0,0,1,0
15_classical_models,rbf_svm,GripLost,2,34,34,1,0,0,0,0,1,0
15_classical_models,rbf_svm,GripLost,2,35,35,1,0,0,0,1,0,1
15_classical_models,rbf_svm,GripLost,2,36,36,1,1,1,1,1,0,0
15_classical_models,rbf_svm,GripLost,2,37,37,1,0,1,0,0,1,0
15_classical_models,rbf_svm,GripLost,2,38,38,1,0,0,0,0,1,0
15_classical_models,rbf_svm,GripLost,2,39,39,1,1,1,1,1,0,0
15_classical_models,rbf_svm,GripLost,2,40,40,1,1,1,1,1,0,0
15_classical_models,rbf_svm,GripLost,2,41,41,1,0,0,0,0,1,0
15_classical_models,rbf_svm,GripLost,2,42,42,1,0,1,0,1,0,1
15_classical_models,rbf_svm,GripLost,2,43,43,1,0,0,0,0,1,0
15_classical_models,rbf_svm,GripLost,2,44,44,1,0,0,0,0,1,0
15_classical_models,rbf_svm,GripLost,2,45,45,1,0,0,0,0,1,0
15_classical_models,rbf_svm,GripLost,2,48,48,1,0,0,0,0,1,0
15_classical_models,rbf_svm,GripLost,2,49,49,1,0,0,0,0,1,0
15_classical_models,rbf_svm,GripLost,2,50,50,1,0,0,0,0,1,0
15_classical_models,rbf_svm,GripLost,3,51,51,1,0,0,0,0,1,0
15_classical_models,rbf_svm,GripLost,3,52,52,1,0,0,0,0,1,0
15_classical_models,rbf_svm,GripLost,3,53,53,1,0,0,0,1,0,1
15_classical_models,rbf_svm,GripLost,3,54,54,1,0,0,0,0,1,0
15_classical_models,rbf_svm,GripLost,3,55,55,1,0,0,0,0,1,0
15_classical_models,rbf_svm,GripLost,3,56,56,1,0,0,0,0,1,0
15_classical_models,rbf_svm,GripLost,3,57,57,1,0,0,0,0,1,0
15_classical_models,rbf_svm,GripLost,3,58,58,1,0,0,0,0,1,0
15_classical_models,rbf_svm,GripLost,3,59,59,1,0,0,0,0,1,0
15_classical_models,rbf_svm,GripLost,3,60,60,1,0,0,0,0,1,0
15_classical_models,rbf_svm,GripLost,3,61,61,1,0,0,0,0,1,0
15_classical_models,rbf_svm,GripLost,3,62,62,1,0,0,0,0,1,0
15_classical_models,rbf_svm,GripLost,3,63,63,1,1,1,1,1,0,0
15_classical_models,rbf_svm,GripLost,3,64,64,1,1,1,1,1,0,0
15_classical_models,rbf_svm,GripLost,3,65,65,1,1,1,1,1,0,0
15_classical_models,rbf_svm,GripLost,3,66,66,1,0,0,0,0,1,0
15_classical_models,rbf_svm,GripLost,3,67,67,1,1,1,1,1,0,0
15_classical_models,rbf_svm,GripLost,3,68,68,1,0,0,0,0,1,0
15_classical_models,rbf_svm,GripLost,3,69,69,1,1,1,1,1,0,0
15_classical_models,rbf_svm,GripLost,3,70,70,1,0,0,0,0,1,0
15_classical_models,rbf_svm,GripLost,3,71,71,1,0,0,0,0,1,0
15_classical_models,rbf_svm,GripLost,3,72,72,1,0,0,0,0,1,0
15_classical_models,rbf_svm,GripLost,3,73,73,1,0,0,0,0,1,0
15_classical_models,rbf_svm,GripLost,3,75,74,1,0,0,0,0,1,0
15_classical_models,rbf_svm,GripLost,4,76,75,1,1,1,1,1,0,0
15_classical_models,rbf_svm,GripLost,4,85,84,1,0,0,0,0,1,0
15_classical_models,rbf_svm,GripLost,4,86,85,1,1,1,1,1,0,0
15_classical_models,rbf_svm,GripLost,4,87,86,1,0,0,0,1,0,1
15_classical_models,rbf_svm,GripLost,4,88,87,1,0,0,0,0,1,0
15_classical_models,rbf_svm,GripLost,4,89,88,1,0,0,0,0,1,0
15_classical_models,rbf_svm,GripLost,4,90,89,1,0,0,0,0,1,0
15_classical_models,rbf_svm,GripLost,4,91,90,1,1,1,1,1,0,0
15_classical_models,rbf_svm,GripLost,4,92,91,1,1,1,1,1,0,0
15_classical_models,rbf_svm,GripLost,4,93,92,1,0,0,0,0,1,0
15_classical_models,rbf_svm,GripLost,4,94,93,1,0,0,0,0,1,0
15_classical_models,rbf_svm,GripLost,4,95,94,1,1,1,1,1,0,0
15_classical_models,rbf_svm,GripLost,4,96,95,1,1,1,1,1,0,0
15_classical_models,rbf_svm,GripLost,4,97,96,1,1,1,1,1,0,0
15_classical_models,rbf_svm,GripLost,4,98,97,1,0,0,0,0,1,0
15_classical_models,rbf_svm,GripLost,4,99,98,1,0,0,0,1,0,1
15_classical_models,rbf_svm,GripLost,4,100,99,1,0,0,0,0,1,0
15_classical_models,rbf_svm,GripLost,5,101,100,1,0,0,0,0,1,0
15_classical_models,rbf_svm,GripLost,5,102,101,1,0,0,0,0,1,0
15_classical_models,rbf_svm,GripLost,5,103,102,1,0,0,0,1,0,1
15_classical_models,rbf_svm,GripLost,5,104,103,1,0,0,0,0,1,0
15_classical_models,rbf_svm,GripLost,5,105,104,1,1,1,1,1,0,0
15_classical_models,rbf_svm,GripLost,5,106,105,1,0,0,0,0,1,0
15_classical_models,rbf_svm,GripLost,5,107,106,1,0,0,0,0,1,0
15_classical_models,rbf_svm,GripLost,5,108,107,1,0,0,0,1,0,1
15_classical_models,rbf_svm,GripLost,5,109,108,1,0,0,0,0,1,0
15_classical_models,rbf_svm,GripLost,5,110,109,1,0,0,0,0,1,0
15_classical_models,rbf_svm,GripLost,5,111,110,1,0,0,0,0,1,0
15_classical_models,rbf_svm,GripLost,5,112,111,1,0,0,0,0,1,0
15_classical_models,rbf_svm,GripLost,5,113,112,1,0,0,0,0,1,0
15_classical_models,rbf_svm,GripLost,5,114,113,1,0,0,0,0,1,0
15_classical_models,rbf_svm,GripLost,5,115,114,1,0,0,0,1,0,1
15_classical_models,rbf_svm,GripLost,5,116,115,1,0,0,0,0,1,0
15_classical_models,rbf_svm,GripLost,5,117,116,1,0,0,0,1,0,1
15_classical_models,rbf_svm,GripLost,5,118,117,1,0,0,0,1,0,1
15_classical_models,rbf_svm,GripLost,5,119,118,1,0,0,0,0,1,0
15_classical_models,rbf_svm,GripLost,5,120,119,1,0,0,0,0,1,0
15_classical_models,rbf_svm,GripLost,5,121,120,1,0,0,0,0,1,0
15_classical_models,rbf_svm,GripLost,5,122,121,1,0,0,0,0,1,0
15_classical_models,rbf_svm,GripLost,5,123,122,1,0,0,0,0,1,0
15_classical_models,rbf_svm,GripLost,5,124,123,1,0,0,0,0,1,0
15_classical_models,rbf_svm,GripLost,5,125,124,1,0,0,0,0,1,0
15_classical_models,rbf_svm,GripLost,7,151,129,1,0,0,0,0,1,0
15_classical_models,rbf_svm,GripLost,7,152,130,1,0,0,0,1,0,1
15_classical_models,rbf_svm,GripLost,7,153,131,1,0,0,0,0,1,0
15_classical_models,rbf_svm,GripLost,7,154,132,1,0,0,0,0,1,0
15_classical_models,rbf_svm,GripLost,7,155,133,1,0,0,0,0,1,0
15_classical_models,rbf_svm,GripLost,7,156,134,1,0,0,0,0,1,0
15_classical_models,rbf_svm,GripLost,7,157,135,1,0,0,0,0,1,0
15_classical_models,rbf_svm,GripLost,7,159,137,1,0,0,0,1,0,1
15_classical_models,rbf_svm,GripLost,7,160,138,1,1,1,1,1,0,0
15_classical_models,rbf_svm,GripLost,7,161,139,1,0,0,0,0,1,0
15_classical_models,rbf_svm,GripLost,7,162,140,1,0,0,0,0,1,0
15_classical_models,rbf_svm,GripLost,7,163,141,1,0,1,0,1,0,1
15_classical_models,rbf_svm,GripLost,7,164,142,1,1,1,1,1,0,0
15_classical_models,rbf_svm,GripLost,7,165,143,1,0,0,0,0,1,0
15_classical_models,rbf_svm,GripLost,7,166,144,1,0,0,0,0,1,0
15_classical_models,rbf_svm,GripLost,7,167,145,1,0,0,0,0,1,0
15_classical_models,rbf_svm,GripLost,7,168,146,1,0,1,0,0,1,0
15_classical_models,rbf_svm,GripLost,7,169,147,1,0,0,0,0,1,0
15_classical_models,rbf_svm,GripLost,7,170,148,1,0,1,0,1,0,1
15_classical_models,rbf_svm,GripLost,7,171,149,1,0,0,0,0,1,0
15_classical_models,rbf_svm,GripLost,7,172,150,1,0,0,0,0,1,0
15_classical_models,rbf_svm,GripLost,7,173,151,1,1,1,1,1,0,0
15_classical_models,rbf_svm,GripLost,7,174,152,1,1,1,1,1,0,0
15_classical_models,rbf_svm,GripLost,7,175,153,1,0,0,0,1,0,1
15_classical_models,rbf_svm,GripLost,8,176,154,1,0,1,0,0,1,0
15_classical_models,rbf_svm,GripLost,8,177,155,1,0,0,0,0,1,0
15_classical_models,rbf_svm,GripLost,8,178,156,1,0,0,0,0,1,0
15_classical_models,rbf_svm,GripLost,8,179,157,1,0,1,0,0,1,0
15_classical_models,rbf_svm,GripLost,8,180,158,1,1,1,1,1,0,0
15_classical_models,rbf_svm,GripLost,8,181,159,1,0,0,0,0,1,0
15_classical_models,rbf_svm,GripLost,8,182,160,1,0,1,0,1,0,1
15_classical_models,rbf_svm,GripLost,8,183,161,1,0,1,0,1,0,1
15_classical_models,rbf_svm,GripLost,8,184,162,1,0,1,0,0,1,0
15_classical_models,rbf_svm,GripLost,8,185,163,1,0,0,0,1,0,1
15_classical_models,rbf_svm,GripLost,8,199,176,1,0,0,0,0,1,0
15_classical_models,rbf_svm,GripLost,8,200,177,1,1,1,1,1,0,0
15_classical_models,rbf_svm,GripLost,9,201,178,1,0,0,0,1,0,1
15_classical_models,rbf_svm,GripLost,9,202,179,1,1,1,1,1,0,0
15_classical_models,rbf_svm,GripLost,9,203,180,1,0,0,0,0,1,0
15_classical_models,rbf_svm,GripLost,9,204,181,1,0,1,0,1,0,1
15_classical_models,rbf_svm,GripLost,9,205,182,1,0,0,0,0,1,0
15_classical_models,rbf_svm,GripLost,9,206,183,1,0,0,0,1,0,1
15_classical_models,rbf_svm,GripLost,9,207,184,1,0,0,0,0,1,0
15_classical_models,rbf_svm,GripLost,9,208,185,1,1,1,1,1,0,0
15_classical_models,rbf_svm,GripLost,9,209,186,1,0,0,0,0,1,0
15_classical_models,rbf_svm,GripLost,9,210,187,1,0,1,0,1,0,1
15_classical_models,rbf_svm,GripLost,9,211,188,1,0,0,0,0,1,0
15_classical_models,rbf_svm,GripLost,9,212,189,1,0,1,0,1,0,1
15_classical_models,rbf_svm,GripLost,9,213,190,1,0,0,0,0,1,0
15_classical_models,rbf_svm,GripLost,9,214,191,1,1,1,1,1,0,0
15_classical_models,rbf_svm,GripLost,9,215,192,1,0,0,0,1,0,1
15_classical_models,rbf_svm,GripLost,9,216,193,1,1,1,1,1,0,0
15_classical_models,rbf_svm,GripLost,9,217,194,1,0,0,0,1,0,1
15_classical_models,rbf_svm,GripLost,9,218,195,1,0,0,0,1,0,1
15_classical_models,rbf_svm,GripLost,9,219,196,1,1,1,1,1,0,0
15_classical_models,rbf_svm,GripLost,9,220,197,1,0,1,0,1,0,1
15_classical_models,rbf_svm,GripLost,9,221,198,1,1,1,1,1,0,0
15_classical_models,rbf_svm,GripLost,9,222,199,1,0,1,0,1,0,1
15_classical_models,rbf_svm,GripLost,9,223,200,1,0,0,0,1,0,1
15_classical_models,rbf_svm,GripLost,9,224,201,1,0,1,0,1,0,1
15_classical_models,rbf_svm,GripLost,9,225,202,1,0,1,0,1,0,1
15_classical_models,rbf_svm,GripLost,9,224,210,2,0,0,0,1,0,1
15_classical_models,rbf_svm,GripLost,10,226,203,1,0,1,0,1,0,1
15_classical_models,rbf_svm,GripLost,10,227,204,1,0,0,0,1,0,1
15_classical_models,rbf_svm,GripLost,10,229,205,1,0,0,0,1,0,1
15_classical_models,rbf_svm,GripLost,10,230,206,1,0,0,0,1,0,1
15_classical_models,rbf_svm,GripLost,10,231,207,1,0,0,0,1,0,1
15_classical_models,rbf_svm,GripLost,10,232,208,1,0,1,0,0,1,0
15_classical_models,rbf_svm,GripLost,10,233,209,1,0,0,0,1,0,1
15_classical_models,rbf_svm,GripLost,10,230,216,2,0,0,0,1,0,1
15_classical_models,rbf_svm,GripLost,10,231,217,2,0,0,0,1,0,1
15_classical_models,rbf_svm,GripLost,10,232,218,2,1,1,1,1,0,0
15_classical_models,rbf_svm,GripLost,10,233,219,2,1,1,1,1,0,0
15_classical_models,rbf_svm,GripLost,10,234,220,1,1,1,0,1,0,0
15_classical_models,rbf_svm,GripLost,10,235,221,1,0,0,0,1,0,1
15_classical_models,rbf_svm,GripLost,10,236,222,1,0,1,0,0,1,0
15_classical_models,rbf_svm,GripLost,10,237,223,1,1,1,1,1,0,0
15_classical_models,rbf_svm,GripLost,10,238,224,1,0,0,0,0,1,0
15_classical_models,rbf_svm,GripLost,10,239,225,1,0,1,0,1,0,1
15_classical_models,rbf_svm,GripLost,10,240,226,1,0,1,0,1,0,1
15_classical_models,rbf_svm,GripLost,10,241,227,1,0,1,0,0,1,0
15_classical_models,rbf_svm,GripLost,10,242,228,1,0,1,0,1,0,1
15_classical_models,rbf_svm,GripLost,10,243,229,1,0,1,0,0,1,0
15_classical_models,rbf_svm,GripLost,10,245,230,1,0,0,0,0,1,0
15_classical_models,rbf_svm,GripLost,10,246,231,1,0,1,0,1,0,1
15_classical_models,rbf_svm,GripLost,10,247,232,1,1,1,0,1,0,0
15_classical_models,rbf_svm,GripLost,10,248,233,1,0,0,0,0,1,0
15_classical_models,rbf_svm,GripLost,10,249,234,1,0,0,0,1,0,1
15_classical_models,rbf_svm,GripLost,10,250,235,1,1,1,1,1,0,0
